/**
 Copyright (c) 2026 Xenolith Team <admin@xenolith.studio>

 Permission is hereby granted, free of charge, to any person obtaining a copy
 of this software and associated documentation files (the "Software"), to deal
 in the Software without restriction, including without limitation the rights
 to use, copy, modify, merge, publish, distribute, sublicense, and/or sell
 copies of the Software, and to permit persons to whom the Software is
 furnished to do so, subject to the following conditions:

 The above copyright notice and this permission notice shall be included in
 all copies or substantial portions of the Software.

 THE SOFTWARE IS PROVIDED "AS IS", WITHOUT WARRANTY OF ANY KIND, EXPRESS OR
 IMPLIED, INCLUDING BUT NOT LIMITED TO THE WARRANTIES OF MERCHANTABILITY,
 FITNESS FOR A PARTICULAR PURPOSE AND NONINFRINGEMENT. IN NO EVENT SHALL THE
 AUTHORS OR COPYRIGHT HOLDERS BE LIABLE FOR ANY CLAIM, DAMAGES OR OTHER
 LIABILITY, WHETHER IN AN ACTION OF CONTRACT, TORT OR OTHERWISE, ARISING FROM,
 OUT OF OR IN CONNECTION WITH THE SOFTWARE OR THE USE OR OTHER DEALINGS IN
 THE SOFTWARE.
 **/

// © 2016 and later: Unicode, Inc. and others.
// License & terms of use: http://www.unicode.org/copyright.html
// Copyright (C) 1999-2016, International Business Machines Corporation and others.
// All Rights Reserved.
//
// GENERATED FILE - do not edit.  Produced by runtime/src/idn/data/gen-tables.py
// from https://github.com/SBKarr/libuidna, which carries the tables ICU builds
// from the Unicode Character Database.  See data/README.adoc to regenerate.

//
// Source: ICU `uprops.icu`, the General_Category column.  UTS-46 tests exactly
// one thing against it - whether a label starts with a combining mark - but the
// trie is shared with nothing else, so it is carried whole.

///@ SP_EXCLUDE

#pragma once

namespace sprt::idn::detail {

// UTrie2: index and 16-bit data live in one array, data starting at this offset.
static constexpr int32_t s_charTypeTrieIndexLength = 4656;
static constexpr int32_t s_charTypeTrieDataLength = 18032;
static constexpr char32_t s_charTypeTrieHighStart = 0x110000;
static constexpr int32_t s_charTypeTrieHighValueIndex = 0x589c;

static constexpr uint16_t s_charTypeTrieIndex[22688] = {
	0x48c, 0x494, 0x49c, 0x4a4, 0x4bc, 0x4c4, 0x4cc, 0x4d4, 0x4dc, 0x4e4, 0x4ea, 0x4f2, 0x4fa, 0x502, 0x50a, 0x512,
	0x518, 0x520, 0x528, 0x530, 0x533, 0x53b, 0x543, 0x54b, 0x553, 0x55b, 0x557, 0x55f, 0x567, 0x56f, 0x574, 0x57c,
	0x584, 0x58c, 0x590, 0x598, 0x5a0, 0x5a8, 0x5b0, 0x5b8, 0x5b4, 0x5bc, 0x5c1, 0x5c9, 0x5cf, 0x5d7, 0x5df, 0x5e7,
	0x5ef, 0x5f7, 0x5ff, 0x607, 0x60c, 0x614, 0x617, 0x61f, 0x627, 0x62f, 0x635, 0x63d, 0x63c, 0x644, 0x64c, 0x654,
	0x664, 0x65c, 0x66c, 0x674, 0x67a, 0x5f7, 0x68a, 0x682, 0x69a, 0x69c, 0x6a4, 0x692, 0x6b4, 0x6ba, 0x6c2, 0x6ac,
	0x6d2, 0x6d8, 0x6e0, 0x6ca, 0x6f0, 0x6f6, 0x6fe, 0x6e8, 0x70e, 0x714, 0x71c, 0x706, 0x72c, 0x734, 0x73c, 0x724,
	0x74c, 0x752, 0x75a, 0x744, 0x76a, 0x770, 0x778, 0x762, 0x788, 0x78d, 0x795, 0x780, 0x7a5, 0x7ac, 0x7b4, 0x79d,
	0x638, 0x7bc, 0x7c4, 0x4ac, 0x7cc, 0x7d3, 0x7db, 0x4ac, 0x7e3, 0x7eb, 0x7f3, 0x7f8, 0x800, 0x807, 0x80f, 0x4ac,
	0x5f7, 0x817, 0x81f, 0x827, 0x82f, 0x584, 0x83f, 0x837, 0x5f7, 0x5f7, 0x5f7, 0x5f7, 0x5f7, 0x5f7, 0x5f7, 0x5f7,
	0x5f7, 0x5f7, 0x847, 0x5f7, 0x84f, 0x853, 0x85b, 0x5f7, 0x861, 0x5f7, 0x867, 0x86f, 0x877, 0x584, 0x584, 0x87f,
	0x887, 0x5f7, 0x5f7, 0x5f7, 0x5f7, 0x5f7, 0x5f7, 0x5f7, 0x5f7, 0x5f7, 0x5f7, 0x5f7, 0x5f7, 0x5f7, 0x5f7, 0x5f7,
	0x5f7, 0x5f7, 0x5f7, 0x88c, 0x894, 0x5f7, 0x5f7, 0x89c, 0x8a4, 0x8ac, 0x8b4, 0x8bc, 0x5f7, 0x8c4, 0x8cc, 0x8d4,
	0x8e4, 0x5f7, 0x8ec, 0x8ee, 0x8f6, 0x8dc, 0x5f7, 0x8f9, 0x90d, 0x901, 0x909, 0x915, 0x5f7, 0x91d, 0x923, 0x92b,
	0x933, 0x5f7, 0x943, 0x94b, 0x953, 0x93b, 0x963, 0x4ac, 0x96b, 0x96e, 0x976, 0x95b, 0x986, 0x97e, 0x5f7, 0x98d,
	0x5f7, 0x99c, 0x995, 0x9a4, 0x9ac, 0x9b0, 0x9b8, 0x9c0, 0x52c, 0x9c8, 0x9cb, 0x9d1, 0x9d8, 0x9cb, 0x553, 0x553,
	0x4dc, 0x4dc, 0x4dc, 0x4dc, 0x9e0, 0x4dc, 0x4dc, 0x4dc, 0x9f0, 0x9f8, 0xa00, 0xa08, 0xa10, 0xa14, 0xa1c, 0x9e8,
	0xa34, 0xa3c, 0xa24, 0xa2c, 0xa44, 0xa4c, 0xa54, 0xa5c, 0xa74, 0xa64, 0xa6c, 0xa7c, 0xa84, 0xa93, 0xa98, 0xa8b,
	0xaa0, 0xaa0, 0xaa0, 0xaa0, 0xaa0, 0xaa0, 0xaa0, 0xaa0, 0xaa8, 0xab0, 0x92b, 0xab3, 0xabb, 0xac2, 0xac7, 0xacf,
	0x92b, 0xad6, 0xad5, 0xae6, 0xae9, 0x92b, 0x92b, 0xade, 0x92b, 0x92b, 0x92b, 0x92b, 0x92b, 0xaf8, 0xb00, 0xaf0,
	0x92b, 0x92b, 0x92b, 0xb05, 0x92b, 0x92b, 0x92b, 0x92b, 0x92b, 0x92b, 0x92b, 0xb0b, 0xb13, 0x92b, 0xb1b, 0xb22,
	0x92b, 0x92b, 0x92b, 0x92b, 0x92b, 0x92b, 0x92b, 0x92b, 0xaa0, 0xaa0, 0xaa0, 0xaa0, 0xb2a, 0xaa0, 0xb31, 0xb38,
	0xaa0, 0xaa0, 0xaa0, 0xaa0, 0xaa0, 0xaa0, 0xaa0, 0xaa0, 0x92b, 0xb40, 0xb47, 0xb4b, 0xb51, 0x92b, 0x92b, 0x92b,
	0x584, 0x58c, 0x52c, 0xb59, 0x4dc, 0x4dc, 0x4dc, 0xb61, 0x52c, 0xb69, 0x5f7, 0xb6f, 0xb7f, 0xb77, 0xb77, 0x553,
	0xb87, 0xb8f, 0xb97, 0x4ac, 0xb9f, 0x92b, 0x92b, 0xba6, 0x92b, 0x92b, 0x92b, 0x92b, 0x92b, 0x92b, 0xbae, 0xbb4,
	0xbc4, 0xbbc, 0x638, 0x5f7, 0xbcc, 0x887, 0x5f7, 0xbd4, 0xbdc, 0xbe0, 0x5f7, 0x5f7, 0xbe5, 0x5f7, 0x92b, 0xbec,
	0xad0, 0xbf4, 0xbfa, 0x92b, 0xbf4, 0xc02, 0x92b, 0x92b, 0x92b, 0x92b, 0x92b, 0x92b, 0x92b, 0x92b, 0x92b, 0x92b,
	0xc0a, 0x5f7, 0x5f7, 0x5f7, 0xc12, 0x5f7, 0x5f7, 0x5f7, 0x5f7, 0x5f7, 0x5f7, 0x5f7, 0x5f7, 0x5f7, 0x5f7, 0x5f7,
	0x5f7, 0x5f7, 0x5f7, 0x5f7, 0x5f7, 0x5f7, 0x5f7, 0x5f7, 0x5f7, 0x5f7, 0x5f7, 0x5f7, 0x5f7, 0x5f7, 0x5f7, 0x5f7,
	0x5f7, 0xc18, 0x5f7, 0x5f7, 0x5f7, 0x5f7, 0x5f7, 0x5f7, 0x5f7, 0x5f7, 0x5f7, 0x5f7, 0x5f7, 0x5f7, 0x5f7, 0x5f7,
	0x5f7, 0x5f7, 0x5f7, 0x5f7, 0x5f7, 0x5f7, 0x5f7, 0x5f7, 0x5f7, 0x5f7, 0xc1d, 0x5f7, 0x5f7, 0x5f7, 0x5f7, 0x5f7,
	0x5f7, 0x5f7, 0x5f7, 0x5f7, 0x5f7, 0x5f7, 0x5f7, 0x5f7, 0x5f7, 0x5f7, 0x5f7, 0x5f7, 0x5f7, 0x5f7, 0x5f7, 0x5f7,
	0x5f7, 0x5f7, 0x5f7, 0x5f7, 0x5f7, 0x5f7, 0x5f7, 0x5f7, 0x5f7, 0x5f7, 0x5f7, 0x5f7, 0x5f7, 0x5f7, 0x5f7, 0x5f7,
	0x5f7, 0x5f7, 0x5f7, 0x5f7, 0x5f7, 0x5f7, 0x5f7, 0x5f7, 0x5f7, 0x5f7, 0x5f7, 0x5f7, 0x5f7, 0x5f7, 0x5f7, 0x5f7,
	0x5f7, 0x5f7, 0x5f7, 0x5f7, 0x5f7, 0x5f7, 0x5f7, 0x5f7, 0x5f7, 0x5f7, 0x5f7, 0x5f7, 0x5f7, 0x5f7, 0x5f7, 0x5f7,
	0x5f7, 0x5f7, 0x5f7, 0x5f7, 0x5f7, 0x5f7, 0x5f7, 0x5f7, 0x5f7, 0x5f7, 0x5f7, 0x5f7, 0x5f7, 0x5f7, 0x5f7, 0x5f7,
	0x5f7, 0x5f7, 0x5f7, 0x5f7, 0x5f7, 0x5f7, 0x5f7, 0x5f7, 0x5f7, 0x5f7, 0x5f7, 0x5f7, 0x5f7, 0x5f7, 0x5f7, 0x5f7,
	0x5f7, 0x5f7, 0x5f7, 0x5f7, 0x5f7, 0x5f7, 0x5f7, 0x5f7, 0x5f7, 0x5f7, 0x5f7, 0x5f7, 0x5f7, 0x5f7, 0x5f7, 0x5f7,
	0x5f7, 0x5f7, 0x5f7, 0x5f7, 0x5f7, 0x5f7, 0x5f7, 0x5f7, 0x5f7, 0x5f7, 0x5f7, 0x5f7, 0x5f7, 0x5f7, 0x5f7, 0x5f7,
	0x5f7, 0x5f7, 0x5f7, 0x5f7, 0x5f7, 0x5f7, 0x5f7, 0x5f7, 0x5f7, 0x5f7, 0x5f7, 0x5f7, 0x5f7, 0x5f7, 0x92b, 0x92b,
	0xc25, 0x5f7, 0xc28, 0x5f7, 0xc30, 0xc36, 0xc3e, 0xc46, 0xc4b, 0x5f7, 0x5f7, 0xc4f, 0x5f7, 0x5f7, 0x5f7, 0x5f7,
	0x5f7, 0x5f7, 0x5f7, 0x5f7, 0x5f7, 0x5f7, 0x5f7, 0x5f7, 0xc56, 0x5f7, 0xc5d, 0xc63, 0x5f7, 0x5f7, 0x5f7, 0x5f7,
	0x5f7, 0x5f7, 0x5f7, 0x5f7, 0x5f7, 0x5f7, 0x5f7, 0x5f7, 0x5f7, 0x5f7, 0xc6b, 0x5f7, 0x5f7, 0x5f7, 0xc73, 0x5f7,
	0x5f7, 0x5f7, 0x5f7, 0x5f7, 0x5f7, 0x5f7, 0x5f7, 0x5f7, 0x5f7, 0x5f7, 0x5f7, 0x5f7, 0x5f7, 0x5f7, 0x5f7, 0x5f7,
	0x5f7, 0x5f7, 0x5f7, 0x5f7, 0x5f7, 0x5f7, 0xc75, 0x5f7, 0x5f7, 0x5f7, 0x5f7, 0x5f7, 0x5f7, 0x5f7, 0x5f7, 0x5f7,
	0x5f7, 0x5f7, 0x5f7, 0x5f7, 0x5f7, 0x5f7, 0x5f7, 0xc7c, 0x5f7, 0x5f7, 0x5f7, 0x5f7, 0x5f7, 0x5f7, 0x5f7, 0x5f7,
	0x5f7, 0x5f7, 0x5f7, 0x5f7, 0x5f7, 0x5f7, 0x5f7, 0x5f7, 0x5f7, 0x5f7, 0x5f7, 0x5f7, 0x5f7, 0x5f7, 0x5f7, 0x5f7,
	0x5f7, 0x5f7, 0x5f7, 0x5f7, 0x5f7, 0x5f7, 0x5f7, 0x5f7, 0x5f7, 0x5f7, 0x5f7, 0x5f7, 0x5f7, 0x5f7, 0x5f7, 0x5f7,
	0x5f7, 0x5f7, 0x5f7, 0xc83, 0x5f7, 0x5f7, 0x5f7, 0xc8a, 0xc92, 0x5f7, 0x5f7, 0x5f7, 0x5f7, 0x5f7, 0x5f7, 0x5f7,
	0x5f7, 0x5f7, 0x5f7, 0x5f7, 0x5f7, 0x5f7, 0x5f7, 0x5f7, 0x5f7, 0x5f7, 0x5f7, 0x5f7, 0x5f7, 0x5f7, 0x5f7, 0x5f7,
	0x5f7, 0x5f7, 0x5f7, 0x5f7, 0x5f7, 0x5f7, 0x5f7, 0xc97, 0x5f7, 0x5f7, 0xc9f, 0x5f7, 0x5f7, 0x5f7, 0x5f7, 0x5f7,
	0x5f7, 0x5f7, 0x5f7, 0x5f7, 0x5f7, 0x5f7, 0x5f7, 0x5f7, 0x5f7, 0x5f7, 0x5f7, 0x5f7, 0x5f7, 0x5f7, 0x5f7, 0x5f7,
	0x5f7, 0x5f7, 0x5f7, 0x5f7, 0x5f7, 0x5f7, 0x5f7, 0x5f7, 0x5f7, 0x5f7, 0x5f7, 0x5f7, 0x5f7, 0x5f7, 0xca3, 0x5f7,
	0x5f7, 0x5f7, 0x5f7, 0x5f7, 0x5f7, 0x5f7, 0x5f7, 0x5f7, 0x5f7, 0x5f7, 0x5f7, 0x5f7, 0x5f7, 0x5f7, 0x5f7, 0x5f7,
	0x5f7, 0x5f7, 0x5f7, 0x5f7, 0x5f7, 0x5f7, 0x5f7, 0x5f7, 0x5f7, 0x5f7, 0x5f7, 0x5f7, 0x5f7, 0x5f7, 0x5f7, 0x5f7,
	0x5f7, 0x5f7, 0x5f7, 0x5f7, 0x5f7, 0x5f7, 0x5f7, 0x5f7, 0x5f7, 0x5f7, 0x5f7, 0x5f7, 0x5f7, 0x5f7, 0x5f7, 0x5f7,
	0x5f7, 0x5f7, 0x5f7, 0x5f7, 0x5f7, 0x5f7, 0x5f7, 0x5f7, 0xca6, 0x5f7, 0x5f7, 0x5f7, 0x5f7, 0x5f7, 0x5f7, 0x5f7,
	0x5f7, 0x5f7, 0x5f7, 0x5f7, 0x5f7, 0x5f7, 0x5f7, 0x5f7, 0x5f7, 0x5f7, 0x5f7, 0x5f7, 0x5f7, 0x5f7, 0x5f7, 0x5f7,
	0x5f7, 0x5f7, 0x5f7, 0x5f7, 0x5f7, 0x5f7, 0x5f7, 0x5f7, 0x5f7, 0x5f7, 0x5f7, 0x5f7, 0xca9, 0x5f7, 0x5f7, 0x5f7,
	0x5f7, 0x5f7, 0x5f7, 0x5f7, 0x5f7, 0x5f7, 0x5f7, 0x5f7, 0x5f7, 0x5f7, 0x5f7, 0x5f7, 0x5f7, 0x5f7, 0x5f7, 0x5f7,
	0x5f7, 0x5f7, 0x5f7, 0xcaf, 0x5f7, 0x5f7, 0x5f7, 0x5f7, 0x5f7, 0x5f7, 0x5f7, 0x5f7, 0x5f7, 0x5f7, 0x5f7, 0x5f7,
	0x5f7, 0x5f7, 0x5f7, 0x5f7, 0x5f7, 0x5f7, 0x5f7, 0x5f7, 0x5f7, 0x5f7, 0x5f7, 0x5f7, 0x5f7, 0x5f7, 0x5f7, 0x5f7,
	0x5f7, 0x5f7, 0x5f7, 0x5f7, 0x5f7, 0x5f7, 0x5f7, 0x5f7, 0x5f7, 0x5f7, 0x5f7, 0x5f7, 0x5f7, 0x5f7, 0x5f7, 0x5f7,
	0x5f7, 0x5f7, 0x5f7, 0x5f7, 0x5f7, 0x5f7, 0x5f7, 0x5f7, 0x5f7, 0x5f7, 0x5f7, 0x5f7, 0x5f7, 0x5f7, 0x5f7, 0x5f7,
	0x5f7, 0x5f7, 0x5f7, 0x5f7, 0x5f7, 0x5f7, 0x5f7, 0x5f7, 0x5f7, 0x5f7, 0x5f7, 0x5f7, 0x5f7, 0x5f7, 0x5f7, 0x5f7,
	0x5f7, 0x5f7, 0x5f7, 0x5f7, 0xcb7, 0x5f7, 0x5f7, 0x5f7, 0x5f7, 0x5f7, 0x5f7, 0x5f7, 0x5f7, 0x5f7, 0x5f7, 0x5f7,
	0x5f7, 0x5f7, 0x5f7, 0x5f7, 0x5f7, 0x5f7, 0x5f7, 0x5f7, 0x5f7, 0x5f7, 0x5f7, 0x5f7, 0x5f7, 0x5f7, 0x5f7, 0x5f7,
	0x5f7, 0xcbc, 0x5f7, 0x5f7, 0x5f7, 0x5f7, 0x5f7, 0x5f7, 0x5f7, 0x5f7, 0x5f7, 0x5f7, 0x5f7, 0x5f7, 0x5f7, 0x5f7,
	0x5f7, 0x5f7, 0x5f7, 0x5f7, 0x5f7, 0x5f7, 0x5f7, 0x5f7, 0x5f7, 0x5f7, 0x5f7, 0x5f7, 0x5f7, 0x5f7, 0x5f7, 0x5f7,
	0x5f7, 0x5f7, 0x5f7, 0x5f7, 0x5f7, 0x5f7, 0x5f7, 0x5f7, 0x5f7, 0x5f7, 0x5f7, 0x5f7, 0x5f7, 0x5f7, 0x5f7, 0x5f7,
	0x5f7, 0x5f7, 0x5f7, 0x5f7, 0x5f7, 0x5f7, 0x5f7, 0x5f7, 0x5f7, 0x5f7, 0x5f7, 0x5f7, 0x5f7, 0x5f7, 0x5f7, 0x5f7,
	0x5f7, 0x5f7, 0x5f7, 0x5f7, 0x5f7, 0xcc1, 0x5f7, 0x5f7, 0x5f7, 0xcc6, 0x5f7, 0x5f7, 0x5f7, 0x5f7, 0x5f7, 0x5f7,
	0x5f7, 0x5f7, 0x5f7, 0x5f7, 0x5f7, 0x5f7, 0x5f7, 0x5f7, 0x5f7, 0x5f7, 0x5f7, 0x5f7, 0x5f7, 0x5f7, 0x5f7, 0x5f7,
	0x5f7, 0x5f7, 0x5f7, 0x5f7, 0x5f7, 0x5f7, 0x5f7, 0x5f7, 0x5f7, 0x5f7, 0x5f7, 0x5f7, 0x5f7, 0x5f7, 0x5f7, 0x5f7,
	0x5f7, 0x5f7, 0x5f7, 0x5f7, 0x5f7, 0x5f7, 0x5f7, 0x5f7, 0x5f7, 0x5f7, 0x5f7, 0x5f7, 0x5f7, 0x5f7, 0x5f7, 0x5f7,
	0x5f7, 0x5f7, 0x5f7, 0x5f7, 0x5f7, 0x5f7, 0x5f7, 0x5f7, 0x5f7, 0x5f7, 0x5f7, 0x5f7, 0x5f7, 0x5f7, 0x5f7, 0x5f7,
	0x5f7, 0xcce, 0xcd5, 0xcd9, 0x5f7, 0x5f7, 0x5f7, 0xce0, 0x5f7, 0x5f7, 0x5f7, 0x5f7, 0x5f7, 0x5f7, 0x5f7, 0x5f7,
	0x5f7, 0x5f7, 0x5f7, 0x5f7, 0x5f7, 0x5f7, 0x5f7, 0x5f7, 0x5f7, 0x5f7, 0x5f7, 0x5f7, 0x5f7, 0x5f7, 0x5f7, 0x5f7,
	0x5f7, 0x5f7, 0x5f7, 0x5f7, 0x5f7, 0x5f7, 0x5f7, 0x5f7, 0x5f7, 0x5f7, 0x5f7, 0x5f7, 0x5f7, 0x5f7, 0x5f7, 0x5f7,
	0x5f7, 0x5f7, 0x5f7, 0x5f7, 0x5f7, 0x5f7, 0x5f7, 0x5f7, 0x5f7, 0x5f7, 0x5f7, 0x5f7, 0x5f7, 0x5f7, 0x5f7, 0x5f7,
	0x5f7, 0x5f7, 0x5f7, 0x5f7, 0x5f7, 0x5f7, 0x5f7, 0x5f7, 0x5f7, 0x5f7, 0x5f7, 0x5f7, 0x5f7, 0x5f7, 0x5f7, 0x5f7,
	0xcee, 0x5f7, 0x5f7, 0x5f7, 0x5f7, 0x5f7, 0x5f7, 0x5f7, 0x5f7, 0x5f7, 0x5f7, 0x5f7, 0x5f7, 0x5f7, 0x5f7, 0x5f7,
	0x5f7, 0x5f7, 0x5f7, 0x5f7, 0x5f7, 0x5f7, 0x5f7, 0x5f7, 0x5f7, 0x5f7, 0x5f7, 0x5f7, 0x5f7, 0x5f7, 0x5f7, 0x5f7,
	0x5f7, 0x5f7, 0x5f7, 0x5f7, 0xce6, 0x92b, 0xcf6, 0x9a4, 0x5f7, 0x5f7, 0x5f7, 0x5f7, 0x5f7, 0x5f7, 0x5f7, 0x5f7,
	0xcfb, 0xd03, 0x4dc, 0xd13, 0xd0b, 0x5f7, 0x5f7, 0xd1b, 0xd23, 0xd33, 0x4dc, 0xd38, 0xd40, 0xd46, 0xd4d, 0xd2b,
	0xd55, 0xd5d, 0x5f7, 0xd65, 0xd75, 0xd78, 0xd6d, 0xd80, 0x64c, 0xd88, 0xd8f, 0x8ed, 0x69a, 0xd9f, 0xd97, 0xda7,
	0x5f7, 0xdaf, 0xdb7, 0xdbf, 0x5f7, 0xdc7, 0xdcf, 0xdd7, 0xddf, 0xde7, 0xdeb, 0xdf3, 0x52c, 0x52c, 0x5f7, 0xdfb,
	0x5f7, 0x5f7, 0x5f7, 0x5f7, 0x5f7, 0x5f7, 0x5f7, 0x5f7, 0x5f7, 0x5f7, 0x5f7, 0x5f7, 0x5f7, 0x5f7, 0x5f7, 0x5f7,
	0x5f7, 0x5f7, 0x5f7, 0x5f7, 0x5f7, 0x5f7, 0x5f7, 0x5f7, 0x5f7, 0x5f7, 0x5f7, 0x5f7, 0x5f7, 0x5f7, 0x5f7, 0x5f7,
	0x5f7, 0x5f7, 0x5f7, 0x5f7, 0x5f7, 0x5f7, 0x5f7, 0x5f7, 0x5f7, 0x5f7, 0x5f7, 0x5f7, 0x5f7, 0x5f7, 0x5f7, 0x5f7,
	0x5f7, 0x5f7, 0x5f7, 0x5f7, 0x5f7, 0x5f7, 0x5f7, 0x5f7, 0x5f7, 0x5f7, 0x5f7, 0x5f7, 0x5f7, 0x5f7, 0x5f7, 0x5f7,
	0x5f7, 0x5f7, 0x5f7, 0x5f7, 0x5f7, 0x5f7, 0x5f7, 0x5f7, 0x5f7, 0x5f7, 0x5f7, 0x5f7, 0x5f7, 0x5f7, 0x5f7, 0x5f7,
	0x5f7, 0x5f7, 0x5f7, 0x5f7, 0x5f7, 0x5f7, 0x5f7, 0x5f7, 0x5f7, 0x5f7, 0x5f7, 0x5f7, 0x5f7, 0x5f7, 0x5f7, 0x5f7,
	0x5f7, 0x5f7, 0x5f7, 0x5f7, 0x5f7, 0x5f7, 0x5f7, 0x5f7, 0x5f7, 0x5f7, 0x5f7, 0x5f7, 0x5f7, 0x5f7, 0x5f7, 0x5f7,
	0x5f7, 0x5f7, 0x5f7, 0x5f7, 0x5f7, 0x5f7, 0x5f7, 0x5f7, 0x5f7, 0x5f7, 0x5f7, 0x5f7, 0x5f7, 0x5f7, 0x5f7, 0x5f7,
	0x5f7, 0x5f7, 0x5f7, 0x5f7, 0x5f7, 0x5f7, 0x5f7, 0x5f7, 0x5f7, 0x5f7, 0x5f7, 0x5f7, 0x5f7, 0x5f7, 0x5f7, 0x5f7,
	0x5f7, 0x5f7, 0x5f7, 0x5f7, 0x5f7, 0x5f7, 0x5f7, 0x5f7, 0x5f7, 0x5f7, 0x5f7, 0x5f7, 0x5f7, 0x5f7, 0x5f7, 0x5f7,
	0x5f7, 0x5f7, 0x5f7, 0x5f7, 0x5f7, 0x5f7, 0x5f7, 0x5f7, 0x5f7, 0x5f7, 0x5f7, 0x5f7, 0x5f7, 0x5f7, 0x5f7, 0x5f7,
	0x5f7, 0x5f7, 0x5f7, 0x5f7, 0x5f7, 0x5f7, 0x5f7, 0x5f7, 0x5f7, 0x5f7, 0x5f7, 0x5f7, 0x5f7, 0x5f7, 0x5f7, 0x5f7,
	0x5f7, 0x5f7, 0x5f7, 0x5f7, 0x5f7, 0x5f7, 0x5f7, 0x5f7, 0x5f7, 0x5f7, 0x5f7, 0x5f7, 0x5f7, 0x5f7, 0x5f7, 0x5f7,
	0x5f7, 0x5f7, 0x5f7, 0x5f7, 0x5f7, 0x5f7, 0x5f7, 0x5f7, 0x5f7, 0x5f7, 0x5f7, 0x5f7, 0x5f7, 0x5f7, 0x5f7, 0x5f7,
	0x5f7, 0x5f7, 0x5f7, 0x5f7, 0x5f7, 0x5f7, 0x5f7, 0x5f7, 0x5f7, 0x5f7, 0x5f7, 0x5f7, 0x5f7, 0x5f7, 0x5f7, 0x5f7,
	0x5f7, 0x5f7, 0x5f7, 0x5f7, 0x5f7, 0x5f7, 0x5f7, 0x5f7, 0x5f7, 0x5f7, 0x5f7, 0x5f7, 0x5f7, 0x5f7, 0x5f7, 0x5f7,
	0x5f7, 0x5f7, 0x5f7, 0x5f7, 0x5f7, 0x5f7, 0x5f7, 0x5f7, 0x5f7, 0x5f7, 0x5f7, 0x5f7, 0x5f7, 0x5f7, 0x5f7, 0x5f7,
	0x5f7, 0x5f7, 0x5f7, 0x5f7, 0x5f7, 0x5f7, 0x5f7, 0x5f7, 0x5f7, 0x5f7, 0x5f7, 0x5f7, 0x5f7, 0x5f7, 0x5f7, 0x5f7,
	0x5f7, 0x5f7, 0x5f7, 0x5f7, 0x5f7, 0x5f7, 0x5f7, 0x5f7, 0x5f7, 0x5f7, 0x5f7, 0x5f7, 0x5f7, 0x5f7, 0x5f7, 0x5f7,
	0x5f7, 0x5f7, 0x5f7, 0x5f7, 0x5f7, 0x5f7, 0x5f7, 0x5f7, 0x5f7, 0x5f7, 0x5f7, 0x5f7, 0x5f7, 0x5f7, 0x5f7, 0x5f7,
	0x5f7, 0x5f7, 0x5f7, 0x5f7, 0x5f7, 0x5f7, 0x5f7, 0x5f7, 0x5f7, 0x5f7, 0x5f7, 0x5f7, 0x5f7, 0x5f7, 0x5f7, 0x5f7,
	0x5f7, 0x5f7, 0x5f7, 0x5f7, 0x5f7, 0x5f7, 0x5f7, 0x5f7, 0x5f7, 0x5f7, 0x5f7, 0x5f7, 0x5f7, 0xe03, 0xe0f, 0xe07,
	0x4ac, 0x4ac, 0x4ac, 0x4ac, 0x4ac, 0x4ac, 0x4ac, 0x4ac, 0x4ac, 0x4ac, 0x4ac, 0x4ac, 0x4ac, 0x4ac, 0x4ac, 0x4ac,
	0x4ac, 0x4ac, 0x4ac, 0x4ac, 0x4ac, 0x4ac, 0x4ac, 0x4ac, 0x4ac, 0x4ac, 0x4ac, 0x4ac, 0x4ac, 0x4ac, 0x4ac, 0x4ac,
	0xe17, 0xe17, 0xe17, 0xe17, 0xe17, 0xe17, 0xe17, 0xe17, 0xe17, 0xe17, 0xe17, 0xe17, 0xe17, 0xe17, 0xe17, 0xe17,
	0xe17, 0xe17, 0xe17, 0xe17, 0xe17, 0xe17, 0xe17, 0xe17, 0xe17, 0xe17, 0xe17, 0xe17, 0xe17, 0xe17, 0xe17, 0xe17,
	0xe1f, 0xe1f, 0xe1f, 0xe1f, 0xe1f, 0xe1f, 0xe1f, 0xe1f, 0xe1f, 0xe1f, 0xe1f, 0xe1f, 0xe1f, 0xe1f, 0xe1f, 0xe1f,
	0xe1f, 0xe1f, 0xe1f, 0xe1f, 0xe1f, 0xe1f, 0xe1f, 0xe1f, 0xe1f, 0xe1f, 0xe1f, 0xe1f, 0xe1f, 0xe1f, 0xe1f, 0xe1f,
	0xe1f, 0xe1f, 0xe1f, 0xe1f, 0xe1f, 0xe1f, 0xe1f, 0xe1f, 0xe1f, 0xe1f, 0xe1f, 0xe1f, 0xe1f, 0xe1f, 0xe1f, 0xe1f,
	0xe1f, 0xe1f, 0xe1f, 0xe1f, 0xe1f, 0xe1f, 0xe1f, 0xe1f, 0xe1f, 0xe1f, 0xe1f, 0xe1f, 0xe1f, 0xe1f, 0xe1f, 0xe1f,
	0xe1f, 0xe1f, 0xe1f, 0xe1f, 0xe1f, 0xe1f, 0xe1f, 0xe1f, 0xe1f, 0xe1f, 0xe1f, 0xe1f, 0xe1f, 0xe1f, 0xe1f, 0xe1f,
	0xe1f, 0xe1f, 0xe1f, 0xe1f, 0xe1f, 0xe1f, 0xe1f, 0xe1f, 0xe1f, 0xe1f, 0xe1f, 0xe1f, 0xe1f, 0xe1f, 0xe1f, 0xe1f,
	0xe1f, 0xe1f, 0xe1f, 0xe1f, 0xe1f, 0xe1f, 0xe1f, 0xe1f, 0xe1f, 0xe1f, 0xe1f, 0xe1f, 0xe1f, 0xe1f, 0xe1f, 0xe1f,
	0xe1f, 0xe1f, 0xe1f, 0xe1f, 0xe1f, 0xe1f, 0xe1f, 0xe1f, 0xe1f, 0xe1f, 0xe1f, 0xe1f, 0xe1f, 0xe1f, 0xe1f, 0xe1f,
	0xe1f, 0xe1f, 0xe1f, 0xe1f, 0xe1f, 0xe1f, 0xe1f, 0xe1f, 0xe1f, 0xe1f, 0xe1f, 0xe1f, 0xe1f, 0xe1f, 0xe1f, 0xe1f,
	0xe1f, 0xe1f, 0xe1f, 0xe1f, 0xe1f, 0xe1f, 0xe1f, 0xe1f, 0xe1f, 0xe1f, 0xe1f, 0xe1f, 0xe1f, 0xe1f, 0xe1f, 0xe1f,
	0xe1f, 0xe1f, 0xe1f, 0xe1f, 0xe1f, 0xe1f, 0xe1f, 0xe1f, 0xe1f, 0xe1f, 0xe1f, 0xe1f, 0xe1f, 0xe1f, 0xe1f, 0xe1f,
	0xe1f, 0xe1f, 0xe1f, 0xe1f, 0xe1f, 0xe1f, 0xe1f, 0xe1f, 0xe1f, 0xe1f, 0xe1f, 0xe1f, 0xe1f, 0xe1f, 0xe1f, 0xe1f,
	0xe1f, 0xe1f, 0xe1f, 0xe1f, 0xe1f, 0xe1f, 0xe1f, 0xe1f, 0x5f7, 0x5f7, 0x5f7, 0xe27, 0x5f7, 0xce1, 0xe2e, 0xe33,
	0x5f7, 0x5f7, 0x5f7, 0xe3b, 0x5f7, 0x5f7, 0x8f8, 0x4ac, 0xe51, 0xe41, 0xe49, 0x5f7, 0x5f7, 0xe59, 0xe61, 0x5f7,
	0x5f7, 0x5f7, 0x5f7, 0x5f7, 0x5f7, 0x5f7, 0x5f7, 0x5f7, 0x5f7, 0xe66, 0x92f, 0x5f7, 0xe6e, 0x5f7, 0xe74, 0xe78,
	0xe80, 0xe88, 0xe8f, 0xe97, 0x5f7, 0x5f7, 0x5f7, 0xe9d, 0xeb5, 0x49c, 0xebd, 0xec5, 0xeca, 0x90d, 0xea5, 0xead,
	0xe17, 0xe17, 0xe17, 0xe17, 0xe17, 0xe17, 0xe17, 0xe17, 0xe17, 0xe17, 0xe17, 0xe17, 0xe17, 0xe17, 0xe17, 0xe17,
	0xe17, 0xe17, 0xe17, 0xe17, 0xe17, 0xe17, 0xe17, 0xe17, 0xe17, 0xe17, 0xe17, 0xe17, 0xe17, 0xe17, 0xe17, 0xe17,
	0x12b0, 0x12b0, 0x12f0, 0x1330, 0x1370, 0x13a8, 0x13e8, 0x1428, 0x1460, 0x14a0, 0x14cc, 0x150c, 0x154c, 0x155c, 0x159c, 0x15d0,
	0x1610, 0x1640, 0x1680, 0x16c0, 0x16d0, 0x1704, 0x173c, 0x177c, 0x17bc, 0x17fc, 0x1830, 0x185c, 0x189c, 0x18d4, 0x18f0, 0x1930,
	0xa80, 0xac0, 0xb00, 0xb40, 0xb80, 0xbab, 0xbeb, 0xa40, 0xc0d, 0xa40, 0xa40, 0xa40, 0xa40, 0xc4d, 0x1db, 0x1db,
	0xc8d, 0xccd, 0xa40, 0xa40, 0xa40, 0xcf6, 0xd36, 0xd56, 0xa40, 0xd7c, 0xdbc, 0xdfc, 0xe3c, 0xe7c, 0xebc, 0xefc,
	0xf3c, 0xf73, 0x1db, 0x1db, 0xf97, 0xfcb, 0x1db, 0xff3, 0x1db, 0x1db, 0x1db, 0x1db, 0x1020, 0x1db, 0x1db, 0x1db,
	0x1db, 0x1db, 0x1db, 0x1db, 0x1034, 0x1db, 0x106c, 0x10ac, 0x1db, 0x10b7, 0x1db, 0x1db, 0x1db, 0x10ed, 0xa40, 0x112d,
	0x1db, 0x1db, 0x116d, 0xa40, 0xa40, 0xa40, 0xa40, 0xa40, 0xa40, 0xa40, 0xa40, 0xa40, 0xa40, 0xa40, 0xa40, 0xa40,
	0xa40, 0xa40, 0xa40, 0xa40, 0xa40, 0xa40, 0xa40, 0xa40, 0xa40, 0xa40, 0xa40, 0xa40, 0xa40, 0xa40, 0xa40, 0xa40,
	0xa40, 0xa40, 0xa40, 0xa40, 0xa40, 0xa40, 0xa40, 0xa40, 0xa40, 0xa40, 0xa40, 0xa40, 0xa40, 0xa40, 0xa40, 0xa40,
	0xa40, 0xa40, 0xa40, 0xa40, 0xa40, 0xa40, 0xa40, 0xa40, 0xa40, 0xa40, 0xa40, 0xa40, 0xa40, 0xa40, 0xa40, 0xa40,
	0xa40, 0xa40, 0xa40, 0xa40, 0xa40, 0xa40, 0xa40, 0xa40, 0xa40, 0xa40, 0xa40, 0xa40, 0xa40, 0xa40, 0xa40, 0xa40,
	0xa40, 0xa40, 0xa40, 0xa40, 0xa40, 0xa40, 0xa40, 0xa40, 0xa40, 0xa40, 0xa40, 0xa40, 0xa40, 0xa40, 0xa40, 0xa40,
	0xa40, 0xa40, 0xa40, 0xa40, 0xa40, 0xa40, 0xa40, 0xa40, 0xa40, 0xa40, 0xa40, 0xa40, 0xa40, 0xa40, 0xa40, 0xa40,
	0xa40, 0xa40, 0xa40, 0xa40, 0xa40, 0xa40, 0xa40, 0xa40, 0xa40, 0xa40, 0xa40, 0xa40, 0xa40, 0xa40, 0xa40, 0xa40,
	0xa40, 0xa40, 0xa40, 0xa40, 0xa40, 0xa40, 0xa40, 0xa40, 0xa40, 0xa40, 0xa40, 0xa40, 0xa40, 0xa40, 0xa40, 0xa40,
	0xa40, 0xa40, 0xa40, 0xa40, 0xa40, 0xa40, 0xa40, 0xa40, 0xa40, 0xa40, 0xa40, 0xa40, 0xa40, 0xa40, 0xa40, 0xa40,
	0xa40, 0xa40, 0xa40, 0xa40, 0xa40, 0xa40, 0xa40, 0xa40, 0xa40, 0xa40, 0xa40, 0xa40, 0xa40, 0xa40, 0xa40, 0xa40,
	0xa40, 0xa40, 0xa40, 0xa40, 0xa40, 0xa40, 0xa40, 0xa40, 0xa40, 0xa40, 0xa40, 0xa40, 0xa40, 0xa40, 0xa40, 0xa40,
	0xa40, 0xa40, 0xa40, 0xa40, 0xa40, 0xa40, 0xa40, 0xa40, 0xa40, 0xa40, 0xa40, 0xa40, 0xa40, 0xa40, 0xa40, 0xa40,
	0xa40, 0xa40, 0xa40, 0xa40, 0xa40, 0xa40, 0xa40, 0xa40, 0xa40, 0xa40, 0xa40, 0xa40, 0xa40, 0xa40, 0xa40, 0xa40,
	0xa40, 0xa40, 0xa40, 0xa40, 0xa40, 0xa40, 0xa40, 0xa40, 0xa40, 0xa40, 0xa40, 0xa40, 0xa40, 0xa40, 0xa40, 0xa40,
	0xa40, 0xa40, 0xa40, 0xa40, 0xa40, 0xa40, 0xa40, 0xa40, 0xa40, 0xa40, 0xa40, 0xa40, 0xa40, 0xa40, 0xa40, 0xa40,
	0xa40, 0xa40, 0xa40, 0xa40, 0xa40, 0xa40, 0xa40, 0xa40, 0xa40, 0xa40, 0xa40, 0xa40, 0xa40, 0xa40, 0xa40, 0xa40,
	0xa40, 0xa40, 0xa40, 0xa40, 0xa40, 0xa40, 0xa40, 0xa40, 0xa40, 0xa40, 0xa40, 0xa40, 0xa40, 0xa40, 0xa40, 0xa40,
	0xa40, 0xa40, 0xa40, 0xa40, 0xa40, 0xa40, 0xa40, 0xa40, 0xa40, 0xa40, 0xa40, 0xa40, 0xa40, 0xa40, 0xa40, 0xa40,
	0xa40, 0xa40, 0xa40, 0xa40, 0xa40, 0xa40, 0xa40, 0xa40, 0xa40, 0xa40, 0xa40, 0xa40, 0xa40, 0xa40, 0xa40, 0xa40,
	0xa40, 0xa40, 0xa40, 0xa40, 0xa40, 0xa40, 0xa40, 0xa40, 0xa40, 0xa40, 0xa40, 0xa40, 0xa40, 0xa40, 0xa40, 0xa40,
	0xa40, 0xa40, 0xa40, 0xa40, 0xa40, 0xa40, 0xa40, 0xa40, 0xa40, 0xa40, 0xa40, 0xa40, 0xa40, 0xa40, 0xa40, 0xa40,
	0x11ad, 0xa40, 0xa40, 0xa40, 0xa40, 0xa40, 0xa40, 0xa40, 0xa40, 0xa40, 0xa40, 0xa40, 0xa40, 0xa40, 0xa40, 0xa40,
	0xa40, 0xa40, 0xa40, 0xa40, 0xa40, 0xa40, 0xa40, 0xa40, 0xa40, 0xa40, 0xa40, 0xa40, 0xa40, 0xa40, 0xa40, 0xa40,
	0x700, 0x700, 0x700, 0x700, 0x700, 0x700, 0x700, 0x700, 0x700, 0x700, 0x700, 0x700, 0x700, 0x700, 0x700, 0x700,
	0x700, 0x700, 0x700, 0x700, 0x700, 0x700, 0x700, 0x700, 0x700, 0x700, 0x700, 0x700, 0x700, 0x700, 0x700, 0x11ed,
	0x700, 0x700, 0x700, 0x700, 0x700, 0x700, 0x700, 0x700, 0x700, 0x700, 0x700, 0x700, 0x700, 0x700, 0x700, 0x700,
	0x700, 0x700, 0x700, 0x700, 0x700, 0x700, 0x700, 0x700, 0x700, 0x700, 0x700, 0x700, 0x700, 0x700, 0x700, 0x11ed,
	0x4ac, 0x4ac, 0x4ac, 0x4ac, 0x4ac, 0x4ac, 0x4ac, 0x4ac, 0x4ac, 0x4ac, 0x4ac, 0x4ac, 0x4ac, 0x4ac, 0x4ac, 0x4ac,
	0x4ac, 0x4ac, 0x4ac, 0x4ac, 0x4ac, 0x4ac, 0x4ac, 0x4ac, 0x4ac, 0x4ac, 0x4ac, 0x4ac, 0x4ac, 0x4ac, 0x4ac, 0x4ac,
	0x4ac, 0x4ac, 0x4ac, 0x4ac, 0x4ac, 0x4ac, 0x4ac, 0x4ac, 0x4ac, 0x4ac, 0x4ac, 0x4ac, 0x4ac, 0x4ac, 0x4ac, 0x4ac,
	0x4ac, 0x4ac, 0x4ac, 0x4ac, 0x4ac, 0x4ac, 0x4ac, 0x4ac, 0x4ac, 0x4ac, 0x4ac, 0x4ac, 0x4ac, 0x4ac, 0x4ac, 0x4ac,
	0xed2, 0xed9, 0xee1, 0x4ac, 0x5f7, 0x5f7, 0x5f7, 0xee9, 0xef9, 0xef1, 0xf10, 0xf01, 0xf08, 0xf18, 0xf1c, 0xf20,
	0x4ac, 0x4ac, 0x4ac, 0x4ac, 0x8ed, 0x5f7, 0xf28, 0xf30, 0x5f7, 0xf38, 0xf40, 0xf44, 0xf4c, 0x5f7, 0xf54, 0x4ac,
	0x584, 0x58e, 0xf5c, 0x5f7, 0xf60, 0xf68, 0xf78, 0xf70, 0x5f7, 0xf80, 0x5f7, 0xf87, 0xf97, 0xf8f, 0x4ac, 0x4ac,
	0x5f7, 0x5f7, 0x5f7, 0x5f7, 0x5f7, 0x5f7, 0x5f7, 0x5f7, 0x5f7, 0xb7f, 0x8f9, 0xf9f, 0xfaf, 0xfa7, 0x4ac, 0x4ac,
	0xfbf, 0xfb7, 0xfc2, 0xfca, 0x90d, 0xfd2, 0x4ac, 0xfda, 0xfe2, 0xfea, 0x4ac, 0x4ac, 0x5f7, 0xffa, 0x1002, 0xff2,
	0x1012, 0x1019, 0x100a, 0x1021, 0x1029, 0x4ac, 0x1039, 0x1031, 0x5f7, 0x103c, 0x1044, 0x104c, 0x1054, 0x105c, 0x4ac, 0x4ac,
	0x5f7, 0x5f7, 0x1064, 0x4ac, 0x584, 0x106c, 0x52c, 0x1074, 0x5f7, 0x107c, 0x4ac, 0x4ac, 0x4ac, 0x4ac, 0x4ac, 0x4ac,
	0x4ac, 0x4ac, 0x4ac, 0x1084, 0x5f7, 0x108c, 0x4ac, 0x4ac, 0x1094, 0x109c, 0x10a3, 0xfd6, 0x10ab, 0xfd6, 0x10b3, 0xb7f,
	0x10c3, 0x62d, 0x10cb, 0x10bb, 0x986, 0x10d3, 0x10db, 0x10e1, 0x10f9, 0x10e9, 0x10f1, 0x10fd, 0x986, 0x110d, 0x1105, 0x1115,
	0x1125, 0x111d, 0x4ac, 0x4ac, 0x112c, 0x1134, 0x64f, 0x113c, 0x114c, 0x1152, 0x115a, 0x1144, 0x4ac, 0x4ac, 0x4ac, 0x4ac,
	0x5f7, 0x1162, 0x116a, 0x1172, 0x5f7, 0x117a, 0x1182, 0x4ac, 0x4ac, 0x4ac, 0x4ac, 0x4ac, 0x5f7, 0x118a, 0x1192, 0x4ac,
	0x5f7, 0x119a, 0x11a2, 0x11aa, 0x5f7, 0x11ba, 0x11b2, 0x4ac, 0x867, 0x11c2, 0x11ca, 0x4ac, 0x4ac, 0x4ac, 0x4ac, 0x4ac,
	0x5f7, 0x11d2, 0x4ac, 0x4ac, 0x4ac, 0x584, 0x52c, 0x11da, 0x11ea, 0x11f0, 0x11e2, 0x4ac, 0x4ac, 0x1200, 0x1204, 0x11f8,
	0x121c, 0x120c, 0x1214, 0x5f7, 0x122a, 0x1224, 0x5f7, 0x8ee, 0x4ac, 0x4ac, 0x4ac, 0x4ac, 0x4ac, 0x4ac, 0x4ac, 0x4ac,
	0x1240, 0x1245, 0x1232, 0x123a, 0x1255, 0x124d, 0x4ac, 0x4ac, 0x1264, 0x1268, 0x125c, 0x1278, 0x1270, 0x11b2, 0x4ac, 0x4ac,
	0x4ac, 0x4ac, 0x4ac, 0x4ac, 0x4ac, 0x4ac, 0x4ac, 0x127c, 0x4ac, 0x4ac, 0x4ac, 0x4ac, 0x4ac, 0x1283, 0x1293, 0x128b,
	0x5f7, 0x5f7, 0x5f7, 0x5f7, 0x5f7, 0x5f7, 0x5f7, 0x5f7, 0x5f7, 0x5f7, 0x5f7, 0x5f7, 0x5f7, 0x5f7, 0x5f7, 0x5f7,
	0x5f7, 0x5f7, 0x5f7, 0x5f7, 0x5f7, 0x5f7, 0x5f7, 0x5f7, 0x5f7, 0x5f7, 0x5f7, 0x5f7, 0x8f8, 0x4ac, 0x4ac, 0x4ac,
	0x12a3, 0x12ab, 0x12b3, 0x129b, 0x5f7, 0x5f7, 0x5f7, 0x5f7, 0x5f7, 0x5f7, 0x12bb, 0x4ac, 0x4ac, 0x4ac, 0x4ac, 0x4ac,
	0x4ac, 0x4ac, 0x4ac, 0x4ac, 0x4ac, 0x4ac, 0x4ac, 0x4ac, 0x4ac, 0x4ac, 0x4ac, 0x4ac, 0x4ac, 0x4ac, 0x4ac, 0x4ac,
	0x4ac, 0x4ac, 0x4ac, 0x4ac, 0x4ac, 0x4ac, 0x4ac, 0x4ac, 0x4ac, 0x4ac, 0x4ac, 0x4ac, 0x4ac, 0x4ac, 0x4ac, 0x4ac,
	0x4ac, 0x4ac, 0x4ac, 0x4ac, 0x4ac, 0x4ac, 0x4ac, 0x4ac, 0x4ac, 0x4ac, 0x4ac, 0x4ac, 0x4ac, 0x4ac, 0x4ac, 0x4ac,
	0x4ac, 0x4ac, 0x4ac, 0x4ac, 0x4ac, 0x4ac, 0x4ac, 0xfd6, 0x5f7, 0x5f7, 0x12c3, 0x5f7, 0x5f7, 0x5f7, 0x5f7, 0x5f7,
	0x5f7, 0x5f7, 0x5f7, 0x5f7, 0x5f7, 0x5f7, 0x5f7, 0x5f7, 0x5f7, 0x5f7, 0x5f7, 0x5f7, 0x5f7, 0x5f7, 0x5f7, 0x5f7,
	0x5f7, 0x5f7, 0x5f7, 0x5f7, 0x5f7, 0x5f7, 0x5f7, 0x5f7, 0x5f7, 0x5f7, 0x5f7, 0x5f7, 0x12cb, 0x4ac, 0x4ac, 0x4ac,
	0x4ac, 0x4ac, 0x4ac, 0x4ac, 0x4ac, 0x4ac, 0x4ac, 0x4ac, 0x4ac, 0x4ac, 0x4ac, 0x4ac, 0x4ac, 0x4ac, 0x4ac, 0x4ac,
	0x4ac, 0x4ac, 0x4ac, 0x4ac, 0x4ac, 0x4ac, 0x4ac, 0x4ac, 0x4ac, 0x4ac, 0x4ac, 0x4ac, 0x4ac, 0x5f7, 0x5f7, 0x5f7,
	0x5f7, 0x5f7, 0x5f7, 0x5f7, 0x5f7, 0x5f7, 0x5f7, 0x5f7, 0x5f7, 0x5f7, 0x5f7, 0x5f7, 0x5f7, 0x5f7, 0x5f7, 0x11ca,
	0x4ac, 0x4ac, 0x4ac, 0x4ac, 0x4ac, 0x4ac, 0x4ac, 0x4ac, 0x4ac, 0x4ac, 0x4ac, 0x4ac, 0x4ac, 0x5f7, 0x5f7, 0x5f7,
	0x5f7, 0x5f7, 0x5f7, 0x5f7, 0x5f7, 0x5f7, 0x5f7, 0x5f7, 0x5f7, 0x5f7, 0x5f7, 0x5f7, 0x5f7, 0x5f7, 0x8ee, 0x90d,
	0xd9b, 0x5f7, 0x90d, 0x12d3, 0x12d8, 0x5f7, 0x12e8, 0x12f0, 0x12f8, 0x12e0, 0x4ac, 0x4ac, 0x4ac, 0x4ac, 0x4ac, 0x4ac,
	0x4ac, 0x4ac, 0x4ac, 0x4ac, 0x4ac, 0x4ac, 0x4ac, 0x4ac, 0x4ac, 0x4ac, 0x4ac, 0x4ac, 0x4ac, 0x4ac, 0x4ac, 0x584,
	0x52c, 0x1300, 0x4ac, 0x4ac, 0x4ac, 0x5f7, 0x5f7, 0x1308, 0x130d, 0x1313, 0x4ac, 0x4ac, 0x131b, 0x5f7, 0x5f7, 0x5f7,
	0x5f7, 0x5f7, 0x5f7, 0x5f7, 0x5f7, 0x5f7, 0x5f7, 0x5f7, 0x5f7, 0x5f7, 0x5f7, 0x5f7, 0x5f7, 0x5f7, 0x5f7, 0x5f7,
	0x5f7, 0x5f7, 0x5f7, 0x5f7, 0x5f7, 0x5f7, 0x5f7, 0x5f7, 0x5f7, 0x5f7, 0x5f7, 0x5f7, 0x5f7, 0x5f7, 0x5f7, 0x5f7,
	0x5f7, 0x5f7, 0x5f7, 0x5f7, 0x5f7, 0x5f7, 0x5f7, 0x5f7, 0x5f7, 0x5f7, 0x5f7, 0x5f7, 0x5f7, 0x5f7, 0x5f7, 0x5f7,
	0x5f7, 0x5f7, 0x5f7, 0x5f7, 0x5f7, 0x5f7, 0x5f7, 0x5f7, 0x5f7, 0x5f7, 0x5f7, 0x5f7, 0x1323, 0x5f7, 0x5f7, 0x5f7,
	0x5f7, 0x5f7, 0x5f7, 0x5f7, 0x5f7, 0x5f7, 0x5f7, 0x5f7, 0x5f7, 0x5f7, 0x5f7, 0x5f7, 0x5f7, 0x5f7, 0x5f7, 0x5f7,
	0x5f7, 0x5f7, 0x5f7, 0x5f7, 0x5f7, 0x5f7, 0x5f7, 0x5f7, 0x5f7, 0x5f7, 0x5f7, 0x5f7, 0x5f7, 0x5f7, 0x5f7, 0x5f7,
	0x5f7, 0x5f7, 0x5f7, 0x8f9, 0x4ac, 0x1064, 0x4ac, 0x4ac, 0x4ac, 0x4ac, 0x4ac, 0x4ac, 0x4ac, 0x4ac, 0x4ac, 0x4ac,
	0x4ac, 0x4ac, 0x4ac, 0x4ac, 0x4ac, 0x4ac, 0x4ac, 0x4ac, 0x4ac, 0x4ac, 0x4ac, 0x4ac, 0x4ac, 0x4ac, 0x4ac, 0x4ac,
	0x4ac, 0x4ac, 0x4ac, 0x4ac, 0x4ac, 0x4ac, 0x4ac, 0x4ac, 0x4ac, 0x4ac, 0x4ac, 0x4ac, 0x4ac, 0x4ac, 0x4ac, 0x4ac,
	0x4ac, 0x4ac, 0x4ac, 0x4ac, 0x4ac, 0x4ac, 0x4ac, 0x4ac, 0x4ac, 0x4ac, 0x4ac, 0x4ac, 0x4ac, 0x4ac, 0x4ac, 0x4ac,
	0x4ac, 0x4ac, 0x4ac, 0x4ac, 0x4ac, 0x1329, 0x5f7, 0x5f7, 0x5f7, 0x5f7, 0x5f7, 0x5f7, 0x5f7, 0x5f7, 0x5f7, 0x1331,
	0x1335, 0x133c, 0x5f7, 0x5f7, 0x5f7, 0x5f7, 0x5f7, 0x5f7, 0x5f7, 0x5f7, 0x5f7, 0x5f7, 0x5f7, 0xe07, 0x4ac, 0x4ac,
	0x4ac, 0x4ac, 0x4ac, 0x4ac, 0x4ac, 0x4ac, 0x4ac, 0x4ac, 0x4ac, 0x4ac, 0x4ac, 0x4ac, 0x4ac, 0x4ac, 0x4ac, 0x4ac,
	0x4ac, 0x4ac, 0x4ac, 0x4ac, 0x4ac, 0x4ac, 0x4ac, 0x4ac, 0x4ac, 0x4ac, 0x4ac, 0x4ac, 0x4ac, 0x4ac, 0x4ac, 0x4ac,
	0x4ac, 0x4ac, 0x4ac, 0x4ac, 0x4ac, 0x4ac, 0x5f7, 0x5f7, 0x5f7, 0x1342, 0x1347, 0x134f, 0x4ac, 0x4ac, 0x4ac, 0x4ac,
	0x4ac, 0x4ac, 0x4ac, 0x4ac, 0x4ac, 0x4ac, 0x4ac, 0x4ac, 0x4ac, 0x4ac, 0x4ac, 0x4ac, 0x4ac, 0x4ac, 0x4ac, 0x4ac,
	0x4ac, 0x4ac, 0x4ac, 0x4ac, 0x4ac, 0x4ac, 0x4ac, 0x4ac, 0x4ac, 0x4ac, 0x4ac, 0x4ac, 0x4ac, 0x4ac, 0x4ac, 0x4ac,
	0x4ac, 0x4ac, 0x4ac, 0x4ac, 0x4ac, 0x4ac, 0x4ac, 0x4ac, 0x4ac, 0x4ac, 0x4ac, 0x4ac, 0x4ac, 0x4ac, 0x4ac, 0x4ac,
	0x4ac, 0x4ac, 0x4ac, 0x4ac, 0x553, 0x135f, 0x1366, 0x92b, 0x92b, 0x92b, 0x1357, 0x4ac, 0x92b, 0x92b, 0x92b, 0x92b,
	0x92b, 0x92b, 0x92b, 0xbae, 0x92b, 0x136d, 0x92b, 0x1374, 0x137c, 0x1382, 0x92b, 0xad5, 0x92b, 0x92b, 0x138a, 0x4ac,
	0x4ac, 0x4ac, 0x4ac, 0x1392, 0x92b, 0x92b, 0xad2, 0x139a, 0x4ac, 0x4ac, 0x4ac, 0x4ac, 0x13aa, 0x13b1, 0x13b6, 0x13bc,
	0x13c4, 0x13cc, 0x13d4, 0x13ae, 0x13dc, 0x13e4, 0x13ec, 0x13f1, 0x13c3, 0x13aa, 0x13b1, 0x13ad, 0x13bc, 0x13f9, 0x13ab, 0x13fc,
	0x13ae, 0x1404, 0x140c, 0x1414, 0x141b, 0x1407, 0x140f, 0x1417, 0x141e, 0x140a, 0x1426, 0x13a2, 0x92b, 0x92b, 0x92b, 0x92b,
	0x92b, 0x92b, 0x92b, 0x92b, 0x92b, 0x92b, 0x92b, 0x92b, 0x92b, 0x92b, 0x92b, 0x92b, 0x553, 0x1436, 0x553, 0x143d,
	0x1444, 0x142e, 0x4ac, 0x4ac, 0x4ac, 0x4ac, 0x4ac, 0x4ac, 0x4ac, 0x4ac, 0x4ac, 0x4ac, 0x4ac, 0x4ac, 0x4ac, 0x4ac,
	0x4ac, 0x4ac, 0x4ac, 0x4ac, 0x4ac, 0x4ac, 0x4ac, 0x4ac, 0x4ac, 0x4ac, 0x4ac, 0x4ac, 0x4ac, 0x4ac, 0x4ac, 0x4ac,
	0x4ac, 0x4ac, 0x4ac, 0x4ac, 0x1453, 0x4ac, 0x4ac, 0x4ac, 0x4ac, 0x4ac, 0x4ac, 0x4ac, 0x144b, 0x145b, 0x4ac, 0x4ac,
	0x4ac, 0x4ac, 0x4ac, 0x4ac, 0x5f7, 0x146b, 0x1463, 0x4ac, 0x4ac, 0x4ac, 0x4ac, 0x4ac, 0x4ac, 0x4ac, 0x4ac, 0x4ac,
	0xfd6, 0x1473, 0x5f7, 0x147b, 0x4ac, 0x4ac, 0x4ac, 0x4ac, 0x4ac, 0x4ac, 0x4ac, 0x4ac, 0x4ac, 0x4ac, 0x4ac, 0x4ac,
	0x4ac, 0x4ac, 0x4ac, 0x4ac, 0x4ac, 0x4ac, 0x4ac, 0x4ac, 0x4ac, 0x4ac, 0x4ac, 0x4ac, 0x4ac, 0x4ac, 0x4ac, 0x4ac,
	0x4ac, 0x4ac, 0x4ac, 0x4ac, 0x4ac, 0x4ac, 0x4ac, 0x4ac, 0x4ac, 0x4ac, 0x4ac, 0x1483, 0x5f7, 0x5f7, 0x5f7, 0x5f7,
	0x5f7, 0x5f7, 0x148b, 0x4ac, 0x584, 0x149b, 0x1493, 0x4ac, 0x4ac, 0x4ac, 0x4ac, 0x4ac, 0x4ac, 0x4ac, 0x4ac, 0x4ac,
	0x4ac, 0x4ac, 0x4ac, 0x4ac, 0x4ac, 0x4ac, 0x4ac, 0x4ac, 0x4ac, 0x4ac, 0x4ac, 0x4ac, 0x4ac, 0x4ac, 0x4ac, 0x14a3,
	0x14b3, 0x14ab, 0x4ac, 0x4ac, 0x14c3, 0x14bb, 0x4ac, 0x4ac, 0x4ac, 0x4ac, 0x4ac, 0x4ac, 0x14d3, 0x14db, 0x14e3, 0x14eb,
	0x14f3, 0x14fb, 0x4ac, 0x14cb, 0x4ac, 0x4ac, 0x4ac, 0x4ac, 0x4ac, 0x4ac, 0x4ac, 0x4ac, 0x92b, 0x1503, 0x92b, 0x92b,
	0xba6, 0x136b, 0x150b, 0xbae, 0x1513, 0x92b, 0x92b, 0x92b, 0x92b, 0xbb0, 0x4ac, 0x151b, 0x1523, 0x1527, 0x152f, 0x1537,
	0x4ac, 0x4ac, 0x4ac, 0x4ac, 0x92b, 0x92b, 0x92b, 0x92b, 0x92b, 0x92b, 0x92b, 0x153f, 0x92b, 0x92b, 0x92b, 0x92b,
	0x92b, 0x92b, 0x92b, 0x92b, 0x92b, 0x92b, 0x92b, 0x92b, 0x92b, 0x92b, 0x92b, 0x92b, 0x92b, 0x92b, 0x92b, 0x92b,
	0x92b, 0x92b, 0x1547, 0x154f, 0x92b, 0x92b, 0x92b, 0xba6, 0x92b, 0x92b, 0x1557, 0x155f, 0x1503, 0x92b, 0x1567, 0x92b,
	0x156f, 0x1574, 0x4ac, 0x4ac, 0x92b, 0x92b, 0x92b, 0x92b, 0x92b, 0x92b, 0x92b, 0x92b, 0x92b, 0x92b, 0xba6, 0x157c,
	0x1588, 0x158d, 0x1595, 0x1584, 0x92b, 0x92b, 0x92b, 0x92b, 0x159d, 0x92b, 0xad5, 0x11ae, 0x4ac, 0x4ac, 0x4ac, 0x4ac,
	0x4ac, 0x4ac, 0x4ac, 0x4ac, 0x4ac, 0x4ac, 0x4ac, 0x4ac, 0x4ac, 0x4ac, 0x4ac, 0x4ac, 0x4ac, 0x4ac, 0x4ac, 0x4ac,
	0x4ac, 0x4ac, 0x4ac, 0x4ac, 0x4ac, 0x4ac, 0x4ac, 0x4ac, 0x4ac, 0x4ac, 0x4ac, 0x4ac, 0x15a5, 0x5f7, 0x5f7, 0x15ac,
	0x5f7, 0x5f7, 0x5f7, 0x15b4, 0x5f7, 0x15bc, 0x5f7, 0x5f7, 0x5f7, 0x5f7, 0x5f7, 0x5f7, 0x5f7, 0x5f7, 0x5f7, 0x5f7,
	0x5f7, 0x5f7, 0x5f7, 0x5f7, 0x5f7, 0x5f7, 0x5f7, 0x5f7, 0x5f7, 0x5f7, 0x5f7, 0x5f7, 0x5f7, 0x5f7, 0x5f7, 0x5f7,
	0x5f7, 0x5f7, 0x5f7, 0x5f7, 0x5f7, 0x5f7, 0x5f7, 0x5f7, 0x5f7, 0x5f7, 0x5f7, 0x5f7, 0x5f7, 0x5f7, 0x5f7, 0x5f7,
	0x5f7, 0x5f7, 0x5f7, 0x5f7, 0x5f7, 0x5f7, 0x5f7, 0x5f7, 0x5f7, 0x5f7, 0x5f7, 0x5f7, 0xc87, 0x5f7, 0x5f7, 0x15c4,
	0x5f7, 0x5f7, 0x5f7, 0x5f7, 0x5f7, 0x5f7, 0x5f7, 0x5f7, 0x5f7, 0x5f7, 0x15cc, 0x15d4, 0x5f7, 0x5f7, 0x5f7, 0x5f7,
	0x5f7, 0x5f7, 0x5f7, 0x5f7, 0x5f7, 0x5f7, 0x5f7, 0x5f7, 0x5f7, 0x5f7, 0x5f7, 0x5f7, 0x5f7, 0x5f7, 0x5f7, 0x5f7,
	0x5f7, 0x5f7, 0x5f7, 0x5f7, 0x5f7, 0x5f7, 0x5f7, 0x5f7, 0x5f7, 0x5f7, 0x5f7, 0x5f7, 0x5f7, 0x5f7, 0x5f7, 0x5f7,
	0x5f7, 0x5f7, 0x5f7, 0xcc6, 0x5f7, 0x5f7, 0x5f7, 0x5f7, 0x5f7, 0x5f7, 0x5f7, 0x5f7, 0x5f7, 0x5f7, 0x5f7, 0x5f7,
	0x5f7, 0x5f7, 0x5f7, 0x5f7, 0x5f7, 0x5f7, 0x5f7, 0x5f7, 0x5f7, 0x5f7, 0x5f7, 0x5f7, 0x5f7, 0x5f7, 0x5f7, 0x5f7,
	0x5f7, 0x5f7, 0x5f7, 0x5f7, 0x5f7, 0x5f7, 0x5f7, 0x15db, 0x5f7, 0x5f7, 0x5f7, 0x5f7, 0x5f7, 0x5f7, 0x5f7, 0x5f7,
	0x5f7, 0x5f7, 0x5f7, 0x5f7, 0x5f7, 0x5f7, 0x5f7, 0x5f7, 0x5f7, 0x5f7, 0x5f7, 0x5f7, 0x5f7, 0x5f7, 0x5f7, 0x5f7,
	0x5f7, 0x5f7, 0x5f7, 0x5f7, 0x5f7, 0x5f7, 0x5f7, 0x5f7, 0x5f7, 0x5f7, 0x5f7, 0x5f7, 0x5f7, 0x5f7, 0x5f7, 0x5f7,
	0x5f7, 0x5f7, 0x5f7, 0x5f7, 0x5f7, 0x5f7, 0x5f7, 0x5f7, 0x5f7, 0x5f7, 0x5f7, 0x15e2, 0x5f7, 0x5f7, 0x5f7, 0x5f7,
	0x5f7, 0x5f7, 0x5f7, 0x5f7, 0x5f7, 0x5f7, 0x5f7, 0x5f7, 0x5f7, 0x5f7, 0x5f7, 0x5f7, 0x5f7, 0x5f7, 0x5f7, 0x5f7,
	0x5f7, 0x5f7, 0x5f7, 0x5f7, 0x5f7, 0x5f7, 0x5f7, 0x5f7, 0x5f7, 0x5f7, 0x5f7, 0x5f7, 0x5f7, 0x5f7, 0x5f7, 0x5f7,
	0x5f7, 0x5f7, 0x5f7, 0x15e9, 0x5f7, 0x5f7, 0x5f7, 0x5f7, 0x5f7, 0x5f7, 0x5f7, 0x5f7, 0x5f7, 0x5f7, 0x5f7, 0x5f7,
	0x5f7, 0x5f7, 0x5f7, 0x5f7, 0x5f7, 0x5f7, 0x5f7, 0x5f7, 0x5f7, 0x5f7, 0x5f7, 0x5f7, 0x5f7, 0x5f7, 0x5f7, 0x5f7,
	0x5f7, 0x5f7, 0x5f7, 0x5f7, 0x5f7, 0x5f7, 0x5f7, 0x5f7, 0x5f7, 0x5f7, 0x5f7, 0x5f7, 0x5f7, 0x5f7, 0x5f7, 0x5f7,
	0x5f7, 0x5f7, 0x5f7, 0x5f7, 0x5f7, 0x5f7, 0x5f7, 0x5f7, 0x5f7, 0x5f7, 0x5f7, 0x4ac, 0x5f7, 0x5f7, 0x5f7, 0x5f7,
	0x5f7, 0x5f7, 0x5f7, 0x5f7, 0x5f7, 0x5f7, 0x5f7, 0x5f7, 0x5f7, 0x5f7, 0x5f7, 0x5f7, 0x5f7, 0x5f7, 0x5f7, 0x5f7,
	0x5f7, 0x5f7, 0x5f7, 0x5f7, 0x5f7, 0x5f7, 0x5f7, 0x5f7, 0x5f7, 0x5f7, 0x5f7, 0x5f7, 0x5f7, 0x5f7, 0x5f7, 0x5f7,
	0x5f7, 0x5f7, 0x5f7, 0x5f7, 0x5f7, 0x5f7, 0x5f7, 0x5f7, 0x5f7, 0x5f7, 0x5f7, 0x5f7, 0x5f7, 0x5f7, 0x5f7, 0x5f7,
	0x5f7, 0x5f7, 0x5f7, 0x5f7, 0x5f7, 0x8ee, 0x5f7, 0x5f7, 0x5f7, 0x5f7, 0x5f7, 0x5f7, 0xf60, 0x5f7, 0x5f7, 0x5f7,
	0x5f7, 0x5f7, 0x5f7, 0x5f7, 0x5f7, 0x5f7, 0x5f7, 0x5f7, 0x5f7, 0x5f7, 0x5f7, 0x5f7, 0x5f7, 0x5f7, 0x5f7, 0x5f7,
	0x5f7, 0x5f7, 0x5f7, 0x5f7, 0x5f7, 0x5f7, 0x5f7, 0x5f7, 0x5f7, 0x5f7, 0x5f7, 0x5f7, 0x5f7, 0x5f7, 0x5f7, 0x5f7,
	0x5f7, 0x5f7, 0x5f7, 0x5f7, 0x5f7, 0x5f7, 0x5f7, 0x5f7, 0x5f7, 0x5f7, 0x5f7, 0x5f7, 0x5f7, 0x5f7, 0x5f7, 0x5f7,
	0x5f7, 0x5f7, 0x5f7, 0x5f7, 0x5f7, 0x5f7, 0x5f7, 0x5f7, 0x5f7, 0x5f7, 0x5f7, 0x5f7, 0x1090, 0x5f7, 0x5f7, 0x5f7,
	0x5f7, 0x5f7, 0x5f7, 0x5f7, 0x5f7, 0x5f7, 0x5f7, 0x5f7, 0x5f7, 0x5f7, 0x5f7, 0x5f7, 0x5f7, 0x5f7, 0x5f7, 0x5f7,
	0x5f7, 0x5f7, 0x5f7, 0x5f7, 0x5f7, 0x5f7, 0x5f7, 0x5f7, 0x5f7, 0x5f7, 0x5f7, 0x5f7, 0x15f1, 0x4ac, 0x4ac, 0x4ac,
	0x4ac, 0x4ac, 0x4ac, 0x4ac, 0x4ac, 0x4ac, 0x4ac, 0x4ac, 0x4ac, 0x4ac, 0x4ac, 0x4ac, 0x4ac, 0x4ac, 0x4ac, 0x4ac,
	0x4ac, 0x4ac, 0x4ac, 0x4ac, 0x4ac, 0x4ac, 0x4ac, 0x4ac, 0x4ac, 0x4ac, 0x4ac, 0x4ac, 0x4ac, 0x5f7, 0x5f7, 0x5f7,
	0x5f7, 0x15f9, 0x5f7, 0x5f7, 0x5f7, 0x5f7, 0x5f7, 0x5f7, 0x5f7, 0x5f7, 0x5f7, 0x5f7, 0x5f7, 0xf60, 0x4ac, 0x4ac,
	0x4ac, 0x4ac, 0x4ac, 0x4ac, 0x4ac, 0x4ac, 0x4ac, 0x4ac, 0x4ac, 0x4ac, 0x4ac, 0x4ac, 0x4ac, 0x4ac, 0x4ac, 0x4ac,
	0x4ac, 0x4ac, 0x4ac, 0x4ac, 0x4ac, 0x4ac, 0x4ac, 0x4ac, 0x4ac, 0x4ac, 0x4ac, 0x4ac, 0x4ac, 0x4ac, 0x4ac, 0x4ac,
	0x4ac, 0x4ac, 0x4ac, 0x4ac, 0x4ac, 0x4ac, 0x4ac, 0x4ac, 0x4ac, 0x4ac, 0x4ac, 0x4ac, 0x4ac, 0x5f7, 0x5f7, 0x5f7,
	0x5f7, 0x5f7, 0x5f7, 0x5f7, 0x5f7, 0x5f7, 0x5f7, 0x5f7, 0x5f7, 0x5f7, 0x5f7, 0x5f7, 0x5f7, 0x5f7, 0x5f7, 0x5f7,
	0x5f7, 0x5f7, 0x5f7, 0x5f7, 0x5f7, 0x5f7, 0x5f7, 0x15ff, 0x4ac, 0x4ac, 0x4ac, 0x4ac, 0x4ac, 0x4ac, 0x4ac, 0x4ac,
	0x4ac, 0x4ac, 0x4ac, 0x4ac, 0x4ac, 0x4ac, 0x4ac, 0x4ac, 0x4ac, 0x4ac, 0x4ac, 0x4ac, 0x4ac, 0x4ac, 0x4ac, 0x4ac,
	0x4ac, 0x4ac, 0x4ac, 0x4ac, 0x4ac, 0x4ac, 0x4ac, 0x4ac, 0x4ac, 0x4ac, 0x4ac, 0x4ac, 0x4ac, 0x160f, 0x1607, 0x1607,
	0x1607, 0x4ac, 0x4ac, 0x4ac, 0x4ac, 0x553, 0x553, 0x553, 0x553, 0x553, 0x553, 0x553, 0x1617, 0x4ac, 0x4ac, 0x4ac,
	0x4ac, 0x4ac, 0x4ac, 0x4ac, 0x4ac, 0x4ac, 0x4ac, 0x4ac, 0x4ac, 0x4ac, 0x4ac, 0x4ac, 0x4ac, 0x4ac, 0x4ac, 0x4ac,
	0x4ac, 0x4ac, 0x4ac, 0x4ac, 0x4ac, 0x4ac, 0x4ac, 0x4ac, 0x4ac, 0x4ac, 0x4ac, 0x4ac, 0x4ac, 0x4ac, 0x4ac, 0x4ac,
	0x4ac, 0x4ac, 0x4ac, 0x4ac, 0x4ac, 0x4ac, 0x4ac, 0x4ac, 0x4ac, 0x4ac, 0x4ac, 0x4ac, 0x4ac, 0xe1f, 0xe1f, 0xe1f,
	0xe1f, 0xe1f, 0xe1f, 0xe1f, 0xe1f, 0xe1f, 0xe1f, 0xe1f, 0xe1f, 0xe1f, 0xe1f, 0xe1f, 0xe1f, 0xe1f, 0xe1f, 0xe1f,
	0xe1f, 0xe1f, 0xe1f, 0xe1f, 0xe1f, 0xe1f, 0xe1f, 0xe1f, 0xe1f, 0xe1f, 0xe1f, 0xe1f, 0xe1f, 0xe1f, 0xe1f, 0xe1f,
	0xe1f, 0xe1f, 0xe1f, 0xe1f, 0xe1f, 0xe1f, 0xe1f, 0xe1f, 0xe1f, 0xe1f, 0xe1f, 0xe1f, 0xe1f, 0xe1f, 0xe1f, 0xe1f,
	0xe1f, 0xe1f, 0xe1f, 0xe1f, 0xe1f, 0xe1f, 0xe1f, 0xe1f, 0xe1f, 0xe1f, 0xe1f, 0xe1f, 0x161f, 0x48b, 0x48b, 0x48b,
	0xf, 0xf, 0xf, 0xf, 0xf, 0xf, 0xf, 0xf, 0xf, 0xf, 0xf, 0xf, 0xf, 0xf, 0xf, 0xf,
	0xf, 0xf, 0xf, 0xf, 0xf, 0xf, 0xf, 0xf, 0xf, 0xf, 0xf, 0xf, 0xf, 0xf, 0xf, 0xf,
	0xc, 0x17, 0x17, 0x17, 0x19, 0x17, 0x17, 0x17, 0x14, 0x15, 0x17, 0x18, 0x17, 0x13, 0x17, 0x17,
	0x49, 0x89, 0xc9, 0x109, 0x149, 0x189, 0x1c9, 0x209, 0x249, 0x289, 0x17, 0x17, 0x18, 0x18, 0x18, 0x17,
	0x17, 0x1, 0x1, 0x1, 0x1, 0x1, 0x1, 0x1, 0x1, 0x1, 0x1, 0x1, 0x1, 0x1, 0x1, 0x1,
	0x1, 0x1, 0x1, 0x1, 0x1, 0x1, 0x1, 0x1, 0x1, 0x1, 0x1, 0x14, 0x17, 0x15, 0x1a, 0x16,
	0x1a, 0x2, 0x2, 0x2, 0x2, 0x2, 0x2, 0x2, 0x2, 0x2, 0x2, 0x2, 0x2, 0x2, 0x2, 0x2,
	0x2, 0x2, 0x2, 0x2, 0x2, 0x2, 0x2, 0x2, 0x2, 0x2, 0x2, 0x14, 0x18, 0x15, 0x18, 0xf,
	0x0, 0x0, 0x0, 0x0, 0x0, 0x0, 0x0, 0x0, 0x0, 0x0, 0x0, 0x0, 0x0, 0x0, 0x0, 0x0,
	0x0, 0x0, 0x0, 0x0, 0x0, 0x0, 0x0, 0x0, 0x0, 0x0, 0x0, 0x0, 0x0, 0x0, 0x0, 0x0,
	0x0, 0x0, 0x0, 0x0, 0x0, 0x0, 0x0, 0x0, 0x0, 0x0, 0x0, 0x0, 0x0, 0x0, 0x0, 0x0,
	0x0, 0x0, 0x0, 0x0, 0x0, 0x0, 0x0, 0x0, 0x0, 0x0, 0x0, 0x0, 0x0, 0x0, 0x0, 0x0,
	0xf, 0xf, 0xf, 0xf, 0xf, 0xf, 0xf, 0xf, 0xf, 0xf, 0xf, 0xf, 0xf, 0xf, 0xf, 0xf,
	0xf, 0xf, 0xf, 0xf, 0xf, 0xf, 0xf, 0xf, 0xf, 0xf, 0xf, 0xf, 0xf, 0xf, 0xf, 0xf,
	0xc, 0x17, 0x19, 0x19, 0x19, 0x19, 0x1b, 0x17, 0x1a, 0x1b, 0x5, 0x1c, 0x18, 0x10, 0x1b, 0x1a,
	0x1b, 0x18, 0x34b, 0x38b, 0x1a, 0x2, 0x17, 0x17, 0x1a, 0x30b, 0x5, 0x1d, 0x34cb, 0x344b, 0x3ccb, 0x17,
	0x1, 0x1, 0x1, 0x1, 0x1, 0x1, 0x1, 0x1, 0x1, 0x1, 0x1, 0x1, 0x1, 0x1, 0x1, 0x1,
	0x1, 0x1, 0x1, 0x1, 0x1, 0x1, 0x1, 0x18, 0x1, 0x1, 0x1, 0x1, 0x1, 0x1, 0x1, 0x2,
	0x2, 0x2, 0x2, 0x2, 0x2, 0x2, 0x2, 0x2, 0x2, 0x2, 0x2, 0x2, 0x2, 0x2, 0x2, 0x2,
	0x2, 0x2, 0x2, 0x2, 0x2, 0x2, 0x2, 0x18, 0x2, 0x2, 0x2, 0x2, 0x2, 0x2, 0x2, 0x2,
	0x1, 0x2, 0x1, 0x2, 0x1, 0x2, 0x1, 0x2, 0x1, 0x2, 0x1, 0x2, 0x1, 0x2, 0x1, 0x2,
	0x1, 0x2, 0x1, 0x2, 0x1, 0x2, 0x1, 0x2, 0x1, 0x2, 0x1, 0x2, 0x1, 0x2, 0x1, 0x2,
	0x1, 0x2, 0x1, 0x2, 0x1, 0x2, 0x1, 0x2, 0x1, 0x2, 0x1, 0x2, 0x1, 0x2, 0x1, 0x2,
	0x1, 0x2, 0x1, 0x2, 0x1, 0x2, 0x1, 0x2, 0x2, 0x1, 0x2, 0x1, 0x2, 0x1, 0x2, 0x1,
	0x2, 0x2, 0x1, 0x2, 0x1, 0x2, 0x1, 0x2, 0x1, 0x2, 0x1, 0x2, 0x1, 0x2, 0x1, 0x2,
	0x1, 0x2, 0x1, 0x2, 0x1, 0x2, 0x1, 0x2, 0x1, 0x2, 0x1, 0x2, 0x1, 0x2, 0x1, 0x2,
	0x1, 0x2, 0x1, 0x2, 0x1, 0x2, 0x1, 0x2, 0x1, 0x2, 0x1, 0x2, 0x1, 0x2, 0x1, 0x2,
	0x1, 0x1, 0x2, 0x1, 0x2, 0x1, 0x2, 0x2, 0x2, 0x1, 0x1, 0x2, 0x1, 0x2, 0x1, 0x1,
	0x2, 0x1, 0x1, 0x1, 0x2, 0x2, 0x1, 0x1, 0x1, 0x1, 0x2, 0x1, 0x1, 0x2, 0x1, 0x1,
	0x1, 0x2, 0x2, 0x2, 0x1, 0x1, 0x2, 0x1, 0x1, 0x2, 0x1, 0x2, 0x1, 0x2, 0x1, 0x1,
	0x2, 0x1, 0x2, 0x2, 0x1, 0x2, 0x1, 0x1, 0x2, 0x1, 0x1, 0x1, 0x2, 0x1, 0x2, 0x1,
	0x1, 0x2, 0x2, 0x5, 0x1, 0x2, 0x2, 0x2, 0x5, 0x5, 0x5, 0x5, 0x1, 0x3, 0x2, 0x1,
	0x3, 0x2, 0x1, 0x3, 0x2, 0x1, 0x2, 0x1, 0x2, 0x1, 0x2, 0x1, 0x2, 0x1, 0x2, 0x1,
	0x2, 0x1, 0x2, 0x1, 0x2, 0x2, 0x1, 0x2, 0x1, 0x2, 0x1, 0x2, 0x1, 0x2, 0x1, 0x2,
	0x1, 0x2, 0x1, 0x2, 0x1, 0x2, 0x1, 0x2, 0x2, 0x1, 0x3, 0x2, 0x1, 0x2, 0x1, 0x1,
	0x1, 0x2, 0x1, 0x2, 0x1, 0x2, 0x1, 0x2, 0x1, 0x2, 0x1, 0x2, 0x1, 0x2, 0x1, 0x2,
	0x1, 0x2, 0x1, 0x2, 0x1, 0x2, 0x1, 0x2, 0x1, 0x2, 0x1, 0x2, 0x1, 0x2, 0x1, 0x2,
	0x1, 0x2, 0x1, 0x2, 0x1, 0x2, 0x1, 0x2, 0x1, 0x2, 0x1, 0x2, 0x1, 0x2, 0x1, 0x2,
	0x1, 0x2, 0x1, 0x2, 0x2, 0x2, 0x2, 0x2, 0x2, 0x2, 0x1, 0x1, 0x2, 0x1, 0x1, 0x2,
	0x2, 0x1, 0x2, 0x1, 0x1, 0x1, 0x1, 0x2, 0x1, 0x2, 0x1, 0x2, 0x1, 0x2, 0x1, 0x2,
	0x2, 0x2, 0x2, 0x2, 0x2, 0x2, 0x2, 0x2, 0x2, 0x2, 0x2, 0x2, 0x2, 0x2, 0x2, 0x2,
	0x2, 0x2, 0x2, 0x2, 0x2, 0x2, 0x2, 0x2, 0x2, 0x2, 0x2, 0x2, 0x2, 0x2, 0x2, 0x2,
	0x2, 0x2, 0x2, 0x2, 0x2, 0x2, 0x2, 0x2, 0x2, 0x2, 0x2, 0x2, 0x2, 0x2, 0x2, 0x2,
	0x5, 0x2, 0x2, 0x2, 0x2, 0x2, 0x2, 0x2, 0x2, 0x2, 0x2, 0x2, 0x2, 0x2, 0x2, 0x2,
	0x2, 0x2, 0x2, 0x2, 0x2, 0x2, 0x2, 0x2, 0x2, 0x2, 0x2, 0x2, 0x4, 0x4, 0x4, 0x4,
	0x4, 0x4, 0x4, 0x4, 0x4, 0x4, 0x4, 0x4, 0x4, 0x4, 0x4, 0x4, 0x4, 0x4, 0x1a, 0x1a,
	0x1a, 0x1a, 0x4, 0x4, 0x4, 0x4, 0x4, 0x4, 0x4, 0x4, 0x4, 0x4, 0x4, 0x4, 0x1a, 0x1a,
	0x1a, 0x1a, 0x1a, 0x1a, 0x1a, 0x1a, 0x1a, 0x1a, 0x1a, 0x1a, 0x1a, 0x1a, 0x4, 0x4, 0x4, 0x4,
	0x4, 0x1a, 0x1a, 0x1a, 0x1a, 0x1a, 0x1a, 0x1a, 0x4, 0x1a, 0x4, 0x1a, 0x1a, 0x1a, 0x1a, 0x1a,
	0x1a, 0x1a, 0x1a, 0x1a, 0x1a, 0x1a, 0x1a, 0x1a, 0x1a, 0x1a, 0x1a, 0x1a, 0x6, 0x6, 0x6, 0x6,
	0x6, 0x6, 0x6, 0x6, 0x6, 0x6, 0x6, 0x6, 0x6, 0x6, 0x6, 0x6, 0x6, 0x6, 0x6, 0x6,
	0x6, 0x6, 0x6, 0x6, 0x6, 0x6, 0x6, 0x6, 0x6, 0x6, 0x6, 0x6, 0x6, 0x6, 0x6, 0x6,
	0x6, 0x6, 0x6, 0x6, 0x6, 0x6, 0x6, 0x6, 0x6, 0x6, 0x6, 0x6, 0x6, 0x6, 0x6, 0x6,
	0x6, 0x6, 0x6, 0x6, 0x6, 0x6, 0x6, 0x6, 0x6, 0x6, 0x6, 0x6, 0x1, 0x2, 0x1, 0x2,
	0x4, 0x1a, 0x1, 0x2, 0x0, 0x0, 0x4, 0x2, 0x2, 0x2, 0x17, 0x1, 0x0, 0x0, 0x0, 0x0,
	0x1a, 0x1a, 0x1, 0x17, 0x1, 0x1, 0x1, 0x0, 0x1, 0x0, 0x1, 0x1, 0x2, 0x1, 0x1, 0x1,
	0x1, 0x1, 0x1, 0x1, 0x1, 0x1, 0x1, 0x1, 0x1, 0x1, 0x1, 0x1, 0x1, 0x1, 0x0, 0x1,
	0x1, 0x1, 0x1, 0x1, 0x1, 0x1, 0x1, 0x1, 0x2, 0x2, 0x2, 0x2, 0x2, 0x2, 0x2, 0x2,
	0x2, 0x2, 0x2, 0x2, 0x2, 0x2, 0x2, 0x2, 0x2, 0x2, 0x2, 0x2, 0x2, 0x2, 0x2, 0x1,
	0x2, 0x2, 0x1, 0x1, 0x1, 0x2, 0x2, 0x2, 0x1, 0x2, 0x1, 0x2, 0x1, 0x2, 0x1, 0x2,
	0x1, 0x2, 0x1, 0x2, 0x1, 0x2, 0x1, 0x2, 0x1, 0x2, 0x1, 0x2, 0x1, 0x2, 0x1, 0x2,
	0x2, 0x2, 0x2, 0x2, 0x1, 0x2, 0x18, 0x1, 0x2, 0x1, 0x1, 0x2, 0x2, 0x1, 0x1, 0x1,
	0x1, 0x1, 0x1, 0x1, 0x1, 0x1, 0x1, 0x1, 0x1, 0x1, 0x1, 0x1, 0x1, 0x1, 0x1, 0x1,
	0x1, 0x1, 0x1, 0x1, 0x1, 0x1, 0x1, 0x1, 0x1, 0x1, 0x1, 0x1, 0x1, 0x1, 0x1, 0x1,
	0x1, 0x1, 0x1, 0x1, 0x1, 0x1, 0x1, 0x1, 0x1, 0x1, 0x1, 0x1, 0x1, 0x1, 0x1, 0x1,
	0x2, 0x2, 0x2, 0x2, 0x2, 0x2, 0x2, 0x2, 0x2, 0x2, 0x2, 0x2, 0x2, 0x2, 0x2, 0x2,
	0x2, 0x2, 0x2, 0x2, 0x2, 0x2, 0x2, 0x2, 0x2, 0x2, 0x2, 0x2, 0x2, 0x2, 0x2, 0x2,
	0x1, 0x2, 0x1, 0x2, 0x1, 0x2, 0x1, 0x2, 0x1, 0x2, 0x1, 0x2, 0x1, 0x2, 0x1, 0x2,
	0x1, 0x2, 0x1, 0x2, 0x1, 0x2, 0x1, 0x2, 0x1, 0x2, 0x1, 0x2, 0x1, 0x2, 0x1, 0x2,
	0x1, 0x2, 0x1b, 0x6, 0x6, 0x6, 0x6, 0x6, 0x7, 0x7, 0x1, 0x2, 0x1, 0x2, 0x1, 0x2,
	0x1, 0x2, 0x1, 0x2, 0x1, 0x2, 0x1, 0x2, 0x1, 0x2, 0x1, 0x2, 0x1, 0x2, 0x1, 0x2,
	0x1, 0x2, 0x1, 0x2, 0x1, 0x2, 0x1, 0x2, 0x1, 0x2, 0x1, 0x2, 0x1, 0x2, 0x1, 0x2,
	0x1, 0x2, 0x1, 0x2, 0x1, 0x2, 0x1, 0x2, 0x1, 0x2, 0x1, 0x2, 0x1, 0x2, 0x1, 0x2,
	0x1, 0x1, 0x2, 0x1, 0x2, 0x1, 0x2, 0x1, 0x2, 0x1, 0x2, 0x1, 0x2, 0x1, 0x2, 0x2,
	0x1, 0x2, 0x1, 0x2, 0x1, 0x2, 0x1, 0x2, 0x1, 0x2, 0x1, 0x2, 0x1, 0x2, 0x1, 0x2,
	0x1, 0x2, 0x1, 0x2, 0x1, 0x2, 0x1, 0x2, 0x1, 0x2, 0x1, 0x2, 0x1, 0x2, 0x1, 0x2,
	0x1, 0x2, 0x1, 0x2, 0x1, 0x2, 0x1, 0x2, 0x1, 0x2, 0x1, 0x2, 0x1, 0x2, 0x1, 0x2,
	0x0, 0x1, 0x1, 0x1, 0x1, 0x1, 0x1, 0x1, 0x1, 0x1, 0x1, 0x1, 0x1, 0x1, 0x1, 0x1,
	0x1, 0x1, 0x1, 0x1, 0x1, 0x1, 0x1, 0x1, 0x1, 0x1, 0x1, 0x0, 0x0, 0x4, 0x17, 0x17,
	0x17, 0x17, 0x17, 0x17, 0x2, 0x2, 0x2, 0x2, 0x2, 0x2, 0x2, 0x2, 0x2, 0x2, 0x2, 0x2,
	0x2, 0x2, 0x2, 0x2, 0x2, 0x2, 0x2, 0x2, 0x2, 0x2, 0x2, 0x2, 0x2, 0x2, 0x2, 0x2,
	0x2, 0x2, 0x2, 0x2, 0x2, 0x17, 0x13, 0x0, 0x0, 0x1b, 0x1b, 0x19, 0x0, 0x6, 0x6, 0x6,
	0x6, 0x6, 0x6, 0x6, 0x6, 0x6, 0x6, 0x6, 0x6, 0x6, 0x6, 0x6, 0x6, 0x6, 0x6, 0x6,
	0x6, 0x6, 0x6, 0x6, 0x6, 0x6, 0x6, 0x6, 0x6, 0x6, 0x6, 0x6, 0x6, 0x6, 0x6, 0x6,
	0x6, 0x6, 0x6, 0x6, 0x6, 0x6, 0x6, 0x6, 0x6, 0x6, 0x13, 0x6, 0x17, 0x6, 0x6, 0x17,
	0x6, 0x6, 0x17, 0x6, 0x0, 0x0, 0x0, 0x0, 0x0, 0x0, 0x0, 0x0, 0x5, 0x5, 0x5, 0x5,
	0x5, 0x5, 0x5, 0x5, 0x5, 0x5, 0x5, 0x5, 0x5, 0x5, 0x5, 0x5, 0x5, 0x5, 0x5, 0x5,
	0x5, 0x5, 0x5, 0x5, 0x5, 0x5, 0x5, 0x0, 0x0, 0x0, 0x0, 0x5, 0x5, 0x5, 0x5, 0x17,
	0x17, 0x0, 0x0, 0x0, 0x0, 0x0, 0x0, 0x0, 0x0, 0x0, 0x0, 0x0, 0x10, 0x10, 0x10, 0x10,
	0x10, 0x10, 0x18, 0x18, 0x18, 0x17, 0x17, 0x19, 0x17, 0x17, 0x1b, 0x1b, 0x6, 0x6, 0x6, 0x6,
	0x6, 0x6, 0x6, 0x6, 0x6, 0x6, 0x6, 0x17, 0x10, 0x17, 0x17, 0x17, 0x5, 0x5, 0x5, 0x5,
	0x5, 0x5, 0x5, 0x5, 0x5, 0x5, 0x5, 0x5, 0x5, 0x5, 0x5, 0x5, 0x5, 0x5, 0x5, 0x5,
	0x5, 0x5, 0x5, 0x5, 0x5, 0x5, 0x5, 0x5, 0x5, 0x5, 0x5, 0x5, 0x4, 0x5, 0x5, 0x5,
	0x5, 0x5, 0x5, 0x5, 0x5, 0x5, 0x5, 0x6, 0x6, 0x6, 0x6, 0x6, 0x6, 0x6, 0x6, 0x6,
	0x6, 0x6, 0x6, 0x6, 0x6, 0x6, 0x6, 0x6, 0x6, 0x6, 0x6, 0x6, 0x49, 0x89, 0xc9, 0x109,
	0x149, 0x189, 0x1c9, 0x209, 0x249, 0x289, 0x17, 0x17, 0x17, 0x17, 0x5, 0x5, 0x6, 0x5, 0x5, 0x5,
	0x5, 0x5, 0x5, 0x5, 0x5, 0x5, 0x5, 0x5, 0x5, 0x5, 0x5, 0x5, 0x5, 0x5, 0x5, 0x5,
	0x5, 0x5, 0x5, 0x5, 0x5, 0x5, 0x5, 0x5, 0x5, 0x5, 0x5, 0x5, 0x5, 0x5, 0x5, 0x5,
	0x5, 0x5, 0x5, 0x5, 0x5, 0x5, 0x5, 0x5, 0x5, 0x5, 0x5, 0x5, 0x5, 0x5, 0x5, 0x5,
	0x5, 0x5, 0x5, 0x5, 0x5, 0x5, 0x5, 0x5, 0x5, 0x5, 0x5, 0x5, 0x5, 0x5, 0x5, 0x5,
	0x17, 0x5, 0x6, 0x6, 0x6, 0x6, 0x6, 0x6, 0x6, 0x10, 0x1b, 0x6, 0x6, 0x6, 0x6, 0x6,
	0x6, 0x4, 0x4, 0x6, 0x6, 0x1b, 0x6, 0x6, 0x6, 0x6, 0x5, 0x5, 0x49, 0x89, 0xc9, 0x109,
	0x149, 0x189, 0x1c9, 0x209, 0x249, 0x289, 0x5, 0x5, 0x5, 0x1b, 0x1b, 0x5, 0x17, 0x17, 0x17, 0x17,
	0x17, 0x17, 0x17, 0x17, 0x17, 0x17, 0x17, 0x17, 0x17, 0x17, 0x0, 0x10, 0x5, 0x6, 0x5, 0x5,
	0x5, 0x5, 0x5, 0x5, 0x5, 0x5, 0x5, 0x5, 0x5, 0x5, 0x5, 0x5, 0x5, 0x5, 0x5, 0x5,
	0x5, 0x5, 0x5, 0x5, 0x5, 0x5, 0x5, 0x5, 0x5, 0x5, 0x5, 0x5, 0x6, 0x6, 0x6, 0x6,
	0x6, 0x6, 0x6, 0x6, 0x6, 0x6, 0x6, 0x6, 0x6, 0x6, 0x6, 0x6, 0x6, 0x6, 0x6, 0x0,
	0x0, 0x5, 0x5, 0x5, 0x5, 0x5, 0x5, 0x5, 0x5, 0x5, 0x5, 0x5, 0x5, 0x5, 0x5, 0x5,
	0x5, 0x5, 0x5, 0x5, 0x5, 0x5, 0x5, 0x5, 0x5, 0x5, 0x5, 0x5, 0x5, 0x5, 0x5, 0x5,
	0x5, 0x5, 0x5, 0x5, 0x5, 0x5, 0x5, 0x5, 0x5, 0x5, 0x5, 0x5, 0x5, 0x5, 0x5, 0x5,
	0x5, 0x5, 0x5, 0x5, 0x5, 0x5, 0x6, 0x6, 0x6, 0x6, 0x6, 0x6, 0x6, 0x6, 0x6, 0x6,
	0x6, 0x5, 0x0, 0x0, 0x0, 0x0, 0x0, 0x0, 0x0, 0x0, 0x0, 0x0, 0x0, 0x0, 0x0, 0x0,
	0x49, 0x89, 0xc9, 0x109, 0x149, 0x189, 0x1c9, 0x209, 0x249, 0x289, 0x5, 0x5, 0x5, 0x5, 0x5, 0x5,
	0x5, 0x5, 0x5, 0x5, 0x5, 0x5, 0x5, 0x5, 0x5, 0x5, 0x5, 0x5, 0x5, 0x5, 0x5, 0x5,
	0x5, 0x5, 0x5, 0x5, 0x5, 0x5, 0x5, 0x5, 0x5, 0x5, 0x5, 0x6, 0x6, 0x6, 0x6, 0x6,
	0x6, 0x6, 0x6, 0x6, 0x4, 0x4, 0x1b, 0x17, 0x17, 0x17, 0x4, 0x0, 0x0, 0x6, 0x19, 0x19,
	0x6, 0x6, 0x6, 0x6, 0x4, 0x6, 0x6, 0x6, 0x4, 0x6, 0x6, 0x6, 0x6, 0x6, 0x0, 0x0,
	0x17, 0x17, 0x17, 0x17, 0x17, 0x17, 0x17, 0x17, 0x17, 0x17, 0x17, 0x17, 0x17, 0x17, 0x17, 0x0,
	0x5, 0x5, 0x5, 0x5, 0x5, 0x5, 0x5, 0x5, 0x5, 0x5, 0x5, 0x5, 0x5, 0x5, 0x5, 0x5,
	0x5, 0x5, 0x5, 0x5, 0x5, 0x5, 0x6, 0x6, 0x6, 0x6, 0x4, 0x6, 0x6, 0x6, 0x6, 0x6,
	0x5, 0x5, 0x5, 0x5, 0x5, 0x5, 0x5, 0x5, 0x5, 0x5, 0x5, 0x5, 0x5, 0x5, 0x5, 0x5,
	0x5, 0x5, 0x5, 0x5, 0x5, 0x5, 0x5, 0x5, 0x5, 0x6, 0x6, 0x6, 0x0, 0x0, 0x17, 0x0,
	0x5, 0x5, 0x5, 0x5, 0x5, 0x5, 0x5, 0x5, 0x5, 0x5, 0x5, 0x0, 0x0, 0x0, 0x0, 0x0,
	0x5, 0x5, 0x5, 0x5, 0x5, 0x5, 0x5, 0x5, 0x5, 0x5, 0x5, 0x5, 0x5, 0x5, 0x5, 0x5,
	0x1a, 0x5, 0x5, 0x5, 0x5, 0x5, 0x5, 0x0, 0x10, 0x10, 0x0, 0x0, 0x0, 0x0, 0x0, 0x0,
	0x6, 0x6, 0x6, 0x6, 0x6, 0x6, 0x6, 0x6, 0x6, 0x6, 0x10, 0x6, 0x6, 0x6, 0x6, 0x6,
	0x6, 0x6, 0x6, 0x6, 0x6, 0x6, 0x6, 0x6, 0x6, 0x6, 0x6, 0x6, 0x6, 0x6, 0x6, 0x6,
	0x6, 0x6, 0x6, 0x6, 0x6, 0x6, 0x6, 0x6, 0x5, 0x5, 0x5, 0x5, 0x5, 0x5, 0x5, 0x5,
	0x5, 0x4, 0x6, 0x6, 0x6, 0x6, 0x6, 0x6, 0x6, 0x6, 0x6, 0x6, 0x6, 0x6, 0x6, 0x6,
	0x6, 0x6, 0x6, 0x6, 0x6, 0x6, 0x6, 0x6, 0x5, 0x5, 0x6, 0x6, 0x17, 0x17, 0x49, 0x89,
	0xc9, 0x109, 0x149, 0x189, 0x1c9, 0x209, 0x249, 0x289, 0x17, 0x4, 0x5, 0x5, 0x5, 0x5, 0x5, 0x5,
	0x5, 0x5, 0x5, 0x5, 0x5, 0x5, 0x5, 0x5, 0x6, 0x6, 0x6, 0x8, 0x5, 0x5, 0x5, 0x5,
	0x5, 0x5, 0x5, 0x5, 0x5, 0x5, 0x5, 0x5, 0x5, 0x5, 0x5, 0x5, 0x5, 0x5, 0x5, 0x5,
	0x5, 0x5, 0x5, 0x5, 0x5, 0x5, 0x5, 0x5, 0x5, 0x5, 0x6, 0x8, 0x6, 0x5, 0x8, 0x8,
	0x8, 0x6, 0x6, 0x6, 0x6, 0x6, 0x6, 0x6, 0x6, 0x8, 0x8, 0x8, 0x8, 0x6, 0x8, 0x8,
	0x5, 0x6, 0x6, 0x6, 0x6, 0x6, 0x6, 0x6, 0x5, 0x5, 0x5, 0x5, 0x5, 0x5, 0x5, 0x5,
	0x5, 0x5, 0x6, 0x6, 0x0, 0x0, 0x49, 0x89, 0xc9, 0x109, 0x149, 0x189, 0x1c9, 0x209, 0x249, 0x289,
	0x5, 0x5, 0x19, 0x19, 0x37cb, 0x35cb, 0x3fcb, 0x34cb, 0x3ccb, 0x94b, 0x1b, 0x19, 0x5, 0x17, 0x6, 0x0,
	0x5, 0x6, 0x8, 0x8, 0x0, 0x5, 0x5, 0x5, 0x5, 0x5, 0x5, 0x5, 0x5, 0x0, 0x0, 0x5,
	0x5, 0x0, 0x0, 0x5, 0x5, 0x5, 0x5, 0x5, 0x5, 0x5, 0x5, 0x5, 0x5, 0x5, 0x5, 0x5,
	0x5, 0x0, 0x5, 0x5, 0x5, 0x5, 0x5, 0x5, 0x5, 0x0, 0x5, 0x0, 0x0, 0x0, 0x5, 0x5,
	0x5, 0x5, 0x0, 0x0, 0x6, 0x5, 0x8, 0x8, 0x8, 0x6, 0x6, 0x6, 0x6, 0x0, 0x0, 0x8,
	0x8, 0x0, 0x0, 0x8, 0x8, 0x6, 0x5, 0x0, 0x0, 0x0, 0x0, 0x0, 0x0, 0x0, 0x0, 0x8,
	0x0, 0x0, 0x0, 0x0, 0x5, 0x5, 0x0, 0x5, 0x0, 0x0, 0x0, 0x0, 0x0, 0x0, 0x49, 0x89,
	0xc9, 0x109, 0x149, 0x189, 0x1c9, 0x209, 0x249, 0x289, 0x6, 0x6, 0x5, 0x5, 0x5, 0x6, 0x17, 0x0,
	0x0, 0x0, 0x0, 0x0, 0x0, 0x0, 0x0, 0x0, 0x0, 0x6, 0x6, 0x8, 0x0, 0x5, 0x5, 0x5,
	0x5, 0x5, 0x5, 0x0, 0x0, 0x0, 0x0, 0x5, 0x5, 0x0, 0x0, 0x5, 0x5, 0x5, 0x5, 0x5,
	0x5, 0x5, 0x5, 0x5, 0x5, 0x5, 0x5, 0x5, 0x5, 0x0, 0x5, 0x5, 0x5, 0x5, 0x5, 0x5,
	0x5, 0x0, 0x5, 0x5, 0x0, 0x5, 0x5, 0x0, 0x5, 0x5, 0x0, 0x0, 0x6, 0x0, 0x8, 0x8,
	0x8, 0x6, 0x6, 0x0, 0x0, 0x0, 0x0, 0x6, 0x6, 0x0, 0x0, 0x6, 0x6, 0x6, 0x0, 0x0,
	0x0, 0x6, 0x0, 0x0, 0x0, 0x0, 0x0, 0x0, 0x0, 0x5, 0x5, 0x5, 0x5, 0x0, 0x5, 0x0,
	0x5, 0x5, 0x6, 0x6, 0x0, 0x0, 0x49, 0x89, 0xc9, 0x109, 0x149, 0x189, 0x1c9, 0x209, 0x249, 0x289,
	0x17, 0x19, 0x0, 0x0, 0x0, 0x0, 0x0, 0x0, 0x0, 0x5, 0x6, 0x6, 0x6, 0x6, 0x6, 0x6,
	0x0, 0x6, 0x6, 0x8, 0x0, 0x5, 0x5, 0x5, 0x5, 0x5, 0x5, 0x5, 0x5, 0x5, 0x0, 0x5,
	0x5, 0x5, 0x0, 0x5, 0x5, 0x5, 0x5, 0x5, 0x5, 0x5, 0x5, 0x5, 0x5, 0x5, 0x5, 0x5,
	0x5, 0x0, 0x5, 0x5, 0x5, 0x5, 0x5, 0x5, 0x5, 0x0, 0x5, 0x5, 0x0, 0x5, 0x5, 0x5,
	0x5, 0x5, 0x0, 0x0, 0x6, 0x5, 0x8, 0x8, 0x8, 0x6, 0x6, 0x6, 0x6, 0x6, 0x0, 0x6,
	0x6, 0x8, 0x0, 0x8, 0x8, 0x6, 0x0, 0x0, 0x5, 0x0, 0x0, 0x0, 0x0, 0x0, 0x0, 0x0,
	0x0, 0x0, 0x0, 0x0, 0x0, 0x0, 0x0, 0x0, 0x5, 0x5, 0x6, 0x6, 0x0, 0x0, 0x49, 0x89,
	0xc9, 0x109, 0x149, 0x189, 0x1c9, 0x209, 0x249, 0x289, 0x1b, 0x5, 0x34cb, 0x344b, 0x3ccb, 0x37cb, 0x35cb, 0x3fcb,
	0x0, 0x0, 0x0, 0x0, 0x0, 0x0, 0x0, 0x0, 0x0, 0x6, 0x8, 0x8, 0x0, 0x5, 0x5, 0x5,
	0x5, 0x5, 0x5, 0x5, 0x5, 0x0, 0x0, 0x5, 0x5, 0x0, 0x0, 0x5, 0x5, 0x5, 0x5, 0x5,
	0x5, 0x5, 0x5, 0x5, 0x5, 0x5, 0x5, 0x5, 0x5, 0x0, 0x5, 0x5, 0x5, 0x5, 0x5, 0x5,
	0x5, 0x0, 0x5, 0x5, 0x0, 0x5, 0x5, 0x5, 0x5, 0x5, 0x0, 0x0, 0x6, 0x5, 0x8, 0x6,
	0x8, 0x6, 0x6, 0x6, 0x6, 0x0, 0x0, 0x8, 0x8, 0x0, 0x0, 0x8, 0x8, 0x6, 0x0, 0x0,
	0x0, 0x0, 0x0, 0x0, 0x0, 0x6, 0x6, 0x8, 0x0, 0x0, 0x0, 0x0, 0x5, 0x5, 0x0, 0x5,
	0x0, 0x0, 0x0, 0x0, 0x0, 0x0, 0x49, 0x89, 0xc9, 0x109, 0x149, 0x189, 0x1c9, 0x209, 0x249, 0x289,
	0x7cb, 0x1e4b, 0x784b, 0x1b, 0x1b, 0x1b, 0x1b, 0x1b, 0x1b, 0x19, 0x1b, 0x0, 0x0, 0x0, 0x0, 0x0,
	0x0, 0x0, 0x6, 0x5, 0x0, 0x5, 0x5, 0x5, 0x5, 0x5, 0x5, 0x0, 0x0, 0x0, 0x5, 0x5,
	0x5, 0x0, 0x5, 0x5, 0x5, 0x5, 0x0, 0x0, 0x0, 0x5, 0x5, 0x0, 0x5, 0x0, 0x5, 0x5,
	0x0, 0x0, 0x0, 0x5, 0x5, 0x0, 0x0, 0x0, 0x5, 0x5, 0x5, 0x0, 0x0, 0x0, 0x5, 0x5,
	0x5, 0x5, 0x5, 0x5, 0x5, 0x5, 0x5, 0x5, 0x5, 0x5, 0x0, 0x0, 0x0, 0x0, 0x8, 0x8,
	0x6, 0x8, 0x8, 0x0, 0x0, 0x0, 0x8, 0x8, 0x8, 0x0, 0x8, 0x8, 0x8, 0x6, 0x0, 0x0,
	0x5, 0x0, 0x0, 0x0, 0x0, 0x0, 0x0, 0x8, 0x0, 0x0, 0x0, 0x0, 0x0, 0x0, 0x0, 0x0,
	0x5, 0x5, 0x6, 0x6, 0x0, 0x0, 0x49, 0x89, 0xc9, 0x109, 0x149, 0x189, 0x1c9, 0x209, 0x249, 0x289,
	0x0, 0x0, 0x0, 0x0, 0x0, 0x0, 0x0, 0x17, 0x54b, 0x58b, 0x5cb, 0x60b, 0x58b, 0x5cb, 0x60b, 0x1b,
	0x6, 0x8, 0x8, 0x8, 0x6, 0x5, 0x5, 0x5, 0x5, 0x5, 0x5, 0x5, 0x5, 0x0, 0x5, 0x5,
	0x5, 0x0, 0x5, 0x5, 0x5, 0x5, 0x5, 0x5, 0x5, 0x5, 0x5, 0x5, 0x5, 0x5, 0x5, 0x5,
	0x5, 0x0, 0x5, 0x5, 0x5, 0x5, 0x5, 0x5, 0x5, 0x5, 0x5, 0x5, 0x5, 0x5, 0x5, 0x5,
	0x5, 0x5, 0x0, 0x0, 0x6, 0x5, 0x6, 0x6, 0x6, 0x8, 0x8, 0x8, 0x8, 0x0, 0x6, 0x6,
	0x6, 0x0, 0x6, 0x6, 0x6, 0x6, 0x0, 0x0, 0x0, 0x0, 0x0, 0x0, 0x0, 0x6, 0x6, 0x0,
	0x5, 0x5, 0x5, 0x0, 0x0, 0x5, 0x0, 0x0, 0x5, 0x5, 0x6, 0x6, 0x0, 0x0, 0x49, 0x89,
	0xc9, 0x109, 0x149, 0x189, 0x1c9, 0x209, 0x249, 0x289, 0x0, 0x5, 0x5, 0x0, 0x0, 0x0, 0x0, 0x0,
	0x0, 0x0, 0x0, 0x0, 0x0, 0x0, 0x0, 0x0, 0x5, 0x6, 0x8, 0x8, 0x17, 0x5, 0x5, 0x5,
	0x5, 0x5, 0x5, 0x5, 0x5, 0x0, 0x5, 0x5, 0x5, 0x0, 0x5, 0x5, 0x5, 0x5, 0x5, 0x5,
	0x5, 0x5, 0x5, 0x5, 0x5, 0x5, 0x5, 0x5, 0x5, 0x0, 0x5, 0x5, 0x5, 0x5, 0x5, 0x5,
	0x5, 0x5, 0x5, 0x5, 0x0, 0x5, 0x5, 0x5, 0x5, 0x5, 0x0, 0x0, 0x6, 0x5, 0x8, 0x6,
	0x8, 0x8, 0x8, 0x8, 0x8, 0x0, 0x6, 0x8, 0x8, 0x0, 0x8, 0x8, 0x6, 0x6, 0x0, 0x0,
	0x0, 0x0, 0x0, 0x0, 0x0, 0x8, 0x8, 0x0, 0x0, 0x0, 0x0, 0x0, 0x0, 0x5, 0x5, 0x0,
	0x5, 0x5, 0x6, 0x6, 0x0, 0x0, 0x49, 0x89, 0xc9, 0x109, 0x149, 0x189, 0x1c9, 0x209, 0x249, 0x289,
	0x7cb, 0x1e4b, 0x784b, 0x34cb, 0x344b, 0x3ccb, 0x37cb, 0x35cb, 0x3fcb, 0x1b, 0x5, 0x5, 0x5, 0x5, 0x5, 0x5,
	0x6, 0x6, 0x8, 0x8, 0x5, 0x5, 0x5, 0x5, 0x5, 0x5, 0x5, 0x5, 0x5, 0x0, 0x5, 0x5,
	0x5, 0x0, 0x5, 0x5, 0x5, 0x5, 0x5, 0x5, 0x5, 0x5, 0x5, 0x5, 0x5, 0x5, 0x5, 0x5,
	0x5, 0x5, 0x5, 0x5, 0x5, 0x5, 0x5, 0x5, 0x5, 0x5, 0x5, 0x5, 0x5, 0x5, 0x5, 0x6,
	0x6, 0x5, 0x8, 0x8, 0x8, 0x6, 0x6, 0x6, 0x6, 0x0, 0x8, 0x8, 0x8, 0x0, 0x8, 0x8,
	0x8, 0x6, 0x5, 0x1b, 0x0, 0x0, 0x0, 0x0, 0x5, 0x5, 0x5, 0x8, 0xcc0b, 0xca0b, 0xcb4b, 0xc90b,
	0x364b, 0xc94b, 0x350b, 0x5, 0x0, 0x0, 0x0, 0x0, 0x0, 0x0, 0x49, 0x89, 0xc9, 0x109, 0x149, 0x189,
	0x1c9, 0x209, 0x249, 0x289, 0x0, 0x0, 0x8, 0x8, 0x17, 0x0, 0x0, 0x0, 0x0, 0x0, 0x0, 0x0,
	0x0, 0x0, 0x0, 0x0, 0x0, 0x6, 0x8, 0x8, 0x0, 0x5, 0x5, 0x5, 0x5, 0x5, 0x5, 0x5,
	0x5, 0x5, 0x5, 0x5, 0x5, 0x5, 0x5, 0x5, 0x5, 0x5, 0x5, 0x0, 0x0, 0x0, 0x5, 0x5,
	0x5, 0x5, 0x5, 0x5, 0x5, 0x5, 0x5, 0x5, 0x5, 0x5, 0x5, 0x5, 0x5, 0x5, 0x5, 0x5,
	0x5, 0x5, 0x0, 0x5, 0x5, 0x5, 0x5, 0x5, 0x5, 0x5, 0x5, 0x5, 0x0, 0x5, 0x0, 0x0,
	0x5, 0x5, 0x5, 0x5, 0x5, 0x5, 0x5, 0x0, 0x0, 0x0, 0x6, 0x0, 0x0, 0x0, 0x0, 0x8,
	0x8, 0x8, 0x6, 0x6, 0x6, 0x0, 0x6, 0x0, 0x8, 0x8, 0x8, 0x8, 0x8, 0x8, 0x8, 0x8,
	0x5, 0x5, 0x5, 0x5, 0x5, 0x5, 0x5, 0x5, 0x5, 0x5, 0x5, 0x5, 0x5, 0x5, 0x5, 0x5,
	0x5, 0x6, 0x5, 0x5, 0x6, 0x6, 0x6, 0x6, 0x6, 0x6, 0x6, 0x0, 0x0, 0x0, 0x0, 0x19,
	0x5, 0x5, 0x5, 0x5, 0x5, 0x5, 0x4, 0x6, 0x6, 0x6, 0x6, 0x6, 0x6, 0x6, 0x6, 0x17,
	0x49, 0x89, 0xc9, 0x109, 0x149, 0x189, 0x1c9, 0x209, 0x249, 0x289, 0x17, 0x17, 0x0, 0x0, 0x0, 0x0,
	0x0, 0x5, 0x5, 0x0, 0x5, 0x0, 0x5, 0x5, 0x5, 0x5, 0x5, 0x0, 0x5, 0x5, 0x5, 0x5,
	0x5, 0x5, 0x5, 0x5, 0x5, 0x5, 0x5, 0x5, 0x5, 0x5, 0x5, 0x5, 0x5, 0x5, 0x5, 0x5,
	0x0, 0x5, 0x0, 0x5, 0x5, 0x5, 0x5, 0x5, 0x5, 0x5, 0x5, 0x5, 0x5, 0x6, 0x5, 0x5,
	0x6, 0x6, 0x6, 0x6, 0x6, 0x6, 0x6, 0x6, 0x6, 0x5, 0x0, 0x0, 0x5, 0x5, 0x5, 0x5,
	0x5, 0x0, 0x4, 0x0, 0x6, 0x6, 0x6, 0x6, 0x6, 0x6, 0x0, 0x0, 0x49, 0x89, 0xc9, 0x109,
	0x149, 0x189, 0x1c9, 0x209, 0x249, 0x289, 0x0, 0x0, 0x5, 0x5, 0x5, 0x5, 0x5, 0x1b, 0x1b, 0x1b,
	0x17, 0x17, 0x17, 0x17, 0x17, 0x17, 0x17, 0x17, 0x17, 0x17, 0x17, 0x17, 0x17, 0x17, 0x17, 0x1b,
	0x17, 0x1b, 0x1b, 0x1b, 0x6, 0x6, 0x1b, 0x1b, 0x1b, 0x1b, 0x1b, 0x1b, 0x49, 0x89, 0xc9, 0x109,
	0x149, 0x189, 0x1c9, 0x209, 0x249, 0x289, 0x344b, 0x3c4b, 0x444b, 0x4c4b, 0x544b, 0x5c4b, 0x644b, 0x6c4b, 0x744b, 0x2c4b,
	0x1b, 0x6, 0x1b, 0x6, 0x1b, 0x6, 0x14, 0x15, 0x14, 0x15, 0x8, 0x8, 0x5, 0x5, 0x5, 0x5,
	0x5, 0x5, 0x5, 0x5, 0x0, 0x5, 0x5, 0x5, 0x5, 0x5, 0x5, 0x5, 0x5, 0x5, 0x5, 0x5,
	0x5, 0x5, 0x5, 0x5, 0x5, 0x5, 0x5, 0x5, 0x5, 0x5, 0x5, 0x5, 0x5, 0x0, 0x0, 0x0,
	0x0, 0x6, 0x6, 0x6, 0x6, 0x6, 0x6, 0x6, 0x6, 0x6, 0x6, 0x6, 0x6, 0x6, 0x6, 0x8,
	0x6, 0x6, 0x6, 0x6, 0x6, 0x17, 0x6, 0x6, 0x5, 0x5, 0x5, 0x5, 0x5, 0x6, 0x6, 0x6,
	0x6, 0x6, 0x6, 0x6, 0x6, 0x6, 0x6, 0x6, 0x0, 0x6, 0x6, 0x6, 0x6, 0x6, 0x6, 0x6,
	0x6, 0x6, 0x6, 0x6, 0x6, 0x6, 0x6, 0x6, 0x6, 0x6, 0x6, 0x6, 0x6, 0x6, 0x6, 0x6,
	0x6, 0x6, 0x6, 0x6, 0x6, 0x6, 0x6, 0x6, 0x6, 0x0, 0x1b, 0x1b, 0x1b, 0x1b, 0x1b, 0x1b,
	0x1b, 0x1b, 0x6, 0x1b, 0x1b, 0x1b, 0x1b, 0x1b, 0x1b, 0x0, 0x1b, 0x1b, 0x17, 0x17, 0x17, 0x17,
	0x17, 0x1b, 0x1b, 0x1b, 0x1b, 0x17, 0x17, 0x0, 0x0, 0x0, 0x0, 0x0, 0x5, 0x5, 0x5, 0x5,
	0x5, 0x5, 0x5, 0x5, 0x5, 0x5, 0x5, 0x8, 0x8, 0x6, 0x6, 0x6, 0x6, 0x8, 0x6, 0x6,
	0x6, 0x6, 0x6, 0x6, 0x8, 0x6, 0x6, 0x8, 0x8, 0x6, 0x6, 0x5, 0x49, 0x89, 0xc9, 0x109,
	0x149, 0x189, 0x1c9, 0x209, 0x249, 0x289, 0x17, 0x17, 0x17, 0x17, 0x17, 0x17, 0x5, 0x5, 0x5, 0x5,
	0x5, 0x5, 0x8, 0x8, 0x6, 0x6, 0x5, 0x5, 0x5, 0x5, 0x6, 0x6, 0x6, 0x5, 0x8, 0x8,
	0x8, 0x5, 0x5, 0x8, 0x8, 0x8, 0x8, 0x8, 0x8, 0x8, 0x5, 0x5, 0x5, 0x6, 0x6, 0x6,
	0x6, 0x5, 0x5, 0x5, 0x5, 0x5, 0x5, 0x5, 0x5, 0x5, 0x5, 0x5, 0x5, 0x5, 0x6, 0x8,
	0x8, 0x6, 0x6, 0x8, 0x8, 0x8, 0x8, 0x8, 0x8, 0x6, 0x5, 0x8, 0x49, 0x89, 0xc9, 0x109,
	0x149, 0x189, 0x1c9, 0x209, 0x249, 0x289, 0x8, 0x8, 0x8, 0x6, 0x1b, 0x1b, 0x2, 0x2, 0x2, 0x2,
	0x2, 0x2, 0x2, 0x2, 0x2, 0x2, 0x2, 0x2, 0x2, 0x2, 0x2, 0x2, 0x2, 0x2, 0x2, 0x2,
	0x2, 0x2, 0x2, 0x2, 0x2, 0x2, 0x2, 0x17, 0x4, 0x2, 0x2, 0x2, 0x1, 0x1, 0x1, 0x1,
	0x1, 0x1, 0x0, 0x1, 0x0, 0x0, 0x0, 0x0, 0x0, 0x1, 0x0, 0x0, 0x2, 0x2, 0x2, 0x2,
	0x2, 0x2, 0x2, 0x2, 0x2, 0x2, 0x2, 0x2, 0x2, 0x2, 0x2, 0x2, 0x5, 0x5, 0x5, 0x5,
	0x5, 0x5, 0x5, 0x5, 0x5, 0x0, 0x5, 0x5, 0x5, 0x5, 0x0, 0x0, 0x5, 0x5, 0x5, 0x5,
	0x5, 0x5, 0x5, 0x0, 0x5, 0x0, 0x5, 0x5, 0x5, 0x5, 0x0, 0x0, 0x5, 0x5, 0x5, 0x5,
	0x5, 0x5, 0x5, 0x5, 0x5, 0x0, 0x5, 0x5, 0x5, 0x5, 0x0, 0x0, 0x5, 0x5, 0x5, 0x5,
	0x5, 0x5, 0x5, 0x5, 0x5, 0x5, 0x5, 0x5, 0x5, 0x5, 0x5, 0x5, 0x5, 0x0, 0x5, 0x5,
	0x5, 0x5, 0x0, 0x0, 0x5, 0x5, 0x5, 0x5, 0x5, 0x5, 0x5, 0x0, 0x5, 0x0, 0x5, 0x5,
	0x5, 0x5, 0x0, 0x0, 0x5, 0x5, 0x5, 0x5, 0x5, 0x5, 0x5, 0x5, 0x5, 0x5, 0x5, 0x5,
	0x5, 0x5, 0x5, 0x0, 0x5, 0x5, 0x5, 0x5, 0x5, 0x5, 0x5, 0x5, 0x5, 0x5, 0x5, 0x5,
	0x5, 0x5, 0x5, 0x5, 0x5, 0x0, 0x5, 0x5, 0x5, 0x5, 0x0, 0x0, 0x5, 0x5, 0x5, 0x5,
	0x5, 0x5, 0x5, 0x5, 0x5, 0x5, 0x5, 0x5, 0x5, 0x5, 0x5, 0x5, 0x5, 0x5, 0x5, 0x5,
	0x5, 0x5, 0x5, 0x5, 0x5, 0x5, 0x5, 0x0, 0x0, 0x6, 0x6, 0x6, 0x17, 0x17, 0x17, 0x17,
	0x17, 0x17, 0x17, 0x17, 0x17, 0x30b, 0x34b, 0x38b, 0x3cb, 0x40b, 0x44b, 0x48b, 0x4cb, 0x50b, 0x7cb, 0xa4b,
	0xccb, 0xf4b, 0x11cb, 0x144b, 0x16cb, 0x194b, 0x1bcb, 0x1e4b, 0x788b, 0x0, 0x0, 0x0, 0x5, 0x5, 0x5, 0x5,
	0x5, 0x5, 0x5, 0x5, 0x5, 0x5, 0x5, 0x5, 0x5, 0x5, 0x5, 0x5, 0x1b, 0x1b, 0x1b, 0x1b,
	0x1b, 0x1b, 0x1b, 0x1b, 0x1b, 0x1b, 0x0, 0x0, 0x0, 0x0, 0x0, 0x0, 0x1, 0x1, 0x1, 0x1,
	0x1, 0x1, 0x1, 0x1, 0x1, 0x1, 0x1, 0x1, 0x1, 0x1, 0x1, 0x1, 0x1, 0x1, 0x1, 0x1,
	0x1, 0x1, 0x0, 0x0, 0x2, 0x2, 0x2, 0x2, 0x2, 0x2, 0x0, 0x0, 0x13, 0x5, 0x5, 0x5,
	0x5, 0x5, 0x5, 0x5, 0x5, 0x5, 0x5, 0x5, 0x5, 0x5, 0x5, 0x5, 0x5, 0x5, 0x5, 0x5,
	0x5, 0x5, 0x5, 0x5, 0x5, 0x5, 0x5, 0x5, 0x5, 0x5, 0x5, 0x5, 0x5, 0x1b, 0x17, 0x5,
	0x5, 0x5, 0x5, 0x5, 0x5, 0x5, 0x5, 0x5, 0x5, 0x5, 0x5, 0x5, 0x5, 0x5, 0x5, 0x5,
	0xc, 0x5, 0x5, 0x5, 0x5, 0x5, 0x5, 0x5, 0x5, 0x5, 0x5, 0x5, 0x5, 0x5, 0x5, 0x5,
	0x5, 0x5, 0x5, 0x5, 0x5, 0x5, 0x5, 0x5, 0x5, 0x5, 0x5, 0x14, 0x15, 0x0, 0x0, 0x0,
	0x5, 0x5, 0x5, 0x5, 0x5, 0x5, 0x5, 0x5, 0x5, 0x5, 0x5, 0x17, 0x17, 0x17, 0x98a, 0x9ca,
	0xa0a, 0x5, 0x5, 0x5, 0x5, 0x5, 0x5, 0x5, 0x5, 0x0, 0x0, 0x0, 0x0, 0x0, 0x0, 0x0,
	0x5, 0x5, 0x5, 0x5, 0x5, 0x5, 0x5, 0x5, 0x5, 0x5, 0x5, 0x5, 0x5, 0x5, 0x5, 0x5,
	0x5, 0x5, 0x6, 0x6, 0x6, 0x8, 0x0, 0x0, 0x0, 0x0, 0x0, 0x0, 0x0, 0x0, 0x0, 0x5,
	0x5, 0x5, 0x5, 0x5, 0x5, 0x5, 0x5, 0x5, 0x5, 0x5, 0x5, 0x5, 0x5, 0x5, 0x5, 0x5,
	0x5, 0x5, 0x6, 0x6, 0x8, 0x17, 0x17, 0x0, 0x0, 0x0, 0x0, 0x0, 0x0, 0x0, 0x0, 0x0,
	0x5, 0x5, 0x5, 0x5, 0x5, 0x5, 0x5, 0x5, 0x5, 0x5, 0x5, 0x5, 0x5, 0x5, 0x5, 0x5,
	0x5, 0x5, 0x6, 0x6, 0x0, 0x0, 0x0, 0x0, 0x0, 0x0, 0x0, 0x0, 0x0, 0x0, 0x0, 0x0,
	0x5, 0x5, 0x5, 0x5, 0x5, 0x5, 0x5, 0x5, 0x5, 0x5, 0x5, 0x5, 0x5, 0x0, 0x5, 0x5,
	0x5, 0x0, 0x6, 0x6, 0x0, 0x0, 0x0, 0x0, 0x0, 0x0, 0x0, 0x0, 0x0, 0x0, 0x0, 0x0,
	0x5, 0x5, 0x5, 0x5, 0x5, 0x5, 0x5, 0x5, 0x5, 0x5, 0x5, 0x5, 0x5, 0x5, 0x5, 0x5,
	0x5, 0x5, 0x5, 0x5, 0x6, 0x6, 0x8, 0x6, 0x6, 0x6, 0x6, 0x6, 0x6, 0x6, 0x8, 0x8,
	0x8, 0x8, 0x8, 0x8, 0x8, 0x8, 0x6, 0x8, 0x8, 0x6, 0x6, 0x6, 0x6, 0x6, 0x6, 0x6,
	0x6, 0x6, 0x6, 0x6, 0x17, 0x17, 0x17, 0x4, 0x17, 0x17, 0x17, 0x19, 0x5, 0x6, 0x0, 0x0,
	0x49, 0x89, 0xc9, 0x109, 0x149, 0x189, 0x1c9, 0x209, 0x249, 0x289, 0x0, 0x0, 0x0, 0x0, 0x0, 0x0,
	0x54b, 0x58b, 0x5cb, 0x60b, 0x64b, 0x68b, 0x6cb, 0x70b, 0x74b, 0x78b, 0x0, 0x0, 0x0, 0x0, 0x0, 0x0,
	0x5, 0x5, 0x5, 0x5, 0x5, 0x5, 0x5, 0x5, 0x5, 0x6, 0x5, 0x0, 0x0, 0x0, 0x0, 0x0,
	0x5, 0x5, 0x5, 0x5, 0x5, 0x5, 0x5, 0x5, 0x5, 0x5, 0x5, 0x5, 0x5, 0x5, 0x5, 0x5,
	0x17, 0x17, 0x17, 0x17, 0x17, 0x17, 0x13, 0x17, 0x17, 0x17, 0x17, 0x6, 0x6, 0x6, 0x10, 0x6,
	0x49, 0x89, 0xc9, 0x109, 0x149, 0x189, 0x1c9, 0x209, 0x249, 0x289, 0x0, 0x0, 0x0, 0x0, 0x0, 0x0,
	0x5, 0x5, 0x5, 0x4, 0x5, 0x5, 0x5, 0x5, 0x5, 0x5, 0x5, 0x5, 0x5, 0x5, 0x5, 0x5,
	0x5, 0x5, 0x5, 0x5, 0x5, 0x5, 0x5, 0x5, 0x5, 0x5, 0x5, 0x5, 0x5, 0x5, 0x5, 0x5,
	0x5, 0x0, 0x0, 0x0, 0x0, 0x0, 0x0, 0x0, 0x5, 0x5, 0x5, 0x5, 0x5, 0x6, 0x6, 0x5,
	0x5, 0x5, 0x5, 0x5, 0x5, 0x5, 0x5, 0x5, 0x5, 0x5, 0x5, 0x5, 0x5, 0x5, 0x5, 0x5,
	0x5, 0x5, 0x5, 0x5, 0x5, 0x5, 0x5, 0x5, 0x5, 0x5, 0x0, 0x0, 0x0, 0x0, 0x0, 0x0,
	0x0, 0x0, 0x0, 0x0, 0x6, 0x6, 0x6, 0x8, 0x8, 0x8, 0x8, 0x6, 0x6, 0x8, 0x8, 0x8,
	0x0, 0x0, 0x0, 0x0, 0x8, 0x8, 0x6, 0x8, 0x8, 0x8, 0x8, 0x8, 0x8, 0x6, 0x6, 0x6,
	0x0, 0x0, 0x0, 0x0, 0x1b, 0x0, 0x0, 0x0, 0x17, 0x17, 0x49, 0x89, 0xc9, 0x109, 0x149, 0x189,
	0x1c9, 0x209, 0x249, 0x289, 0x5, 0x5, 0x5, 0x5, 0x5, 0x5, 0x5, 0x5, 0x5, 0x5, 0x5, 0x5,
	0x5, 0x5, 0x5, 0x5, 0x5, 0x5, 0x5, 0x5, 0x5, 0x5, 0x5, 0x5, 0x5, 0x5, 0x5, 0x5,
	0x5, 0x5, 0x5, 0x0, 0x5, 0x5, 0x5, 0x5, 0x5, 0x5, 0x5, 0x5, 0x5, 0x5, 0x5, 0x5,
	0x5, 0x5, 0x0, 0x0, 0x5, 0x5, 0x5, 0x5, 0x5, 0x0, 0x0, 0x0, 0x0, 0x0, 0x0, 0x0,
	0x0, 0x0, 0x0, 0x0, 0x5, 0x5, 0x5, 0x5, 0x5, 0x5, 0x5, 0x5, 0x5, 0x5, 0x5, 0x5,
	0x0, 0x0, 0x0, 0x0, 0x5, 0x5, 0x5, 0x5, 0x5, 0x5, 0x5, 0x5, 0x5, 0x5, 0x5, 0x5,
	0x5, 0x5, 0x5, 0x5, 0x5, 0x5, 0x0, 0x0, 0x0, 0x0, 0x0, 0x0, 0x49, 0x89, 0xc9, 0x109,
	0x149, 0x189, 0x1c9, 0x209, 0x249, 0x289, 0x30b, 0x0, 0x0, 0x0, 0x1b, 0x1b, 0x1b, 0x1b, 0x1b, 0x1b,
	0x1b, 0x1b, 0x1b, 0x1b, 0x1b, 0x1b, 0x1b, 0x1b, 0x1b, 0x1b, 0x1b, 0x1b, 0x1b, 0x1b, 0x1b, 0x1b,
	0x1b, 0x1b, 0x1b, 0x1b, 0x1b, 0x1b, 0x1b, 0x1b, 0x1b, 0x1b, 0x1b, 0x1b, 0x5, 0x5, 0x5, 0x5,
	0x5, 0x5, 0x5, 0x5, 0x5, 0x5, 0x5, 0x5, 0x5, 0x5, 0x5, 0x5, 0x5, 0x5, 0x5, 0x5,
	0x5, 0x5, 0x5, 0x6, 0x6, 0x8, 0x8, 0x6, 0x0, 0x0, 0x17, 0x17, 0x17, 0x17, 0x17, 0x17,
	0x17, 0x17, 0x17, 0x4, 0x17, 0x17, 0x17, 0x17, 0x17, 0x17, 0x0, 0x0, 0x6, 0x6, 0x6, 0x6,
	0x6, 0x6, 0x6, 0x6, 0x6, 0x6, 0x6, 0x6, 0x6, 0x6, 0x7, 0x6, 0x5, 0x5, 0x5, 0x5,
	0x5, 0x5, 0x5, 0x5, 0x5, 0x5, 0x5, 0x5, 0x5, 0x5, 0x5, 0x5, 0x5, 0x5, 0x5, 0x5,
	0x5, 0x8, 0x6, 0x8, 0x6, 0x6, 0x6, 0x6, 0x6, 0x6, 0x6, 0x0, 0x6, 0x8, 0x6, 0x8,
	0x8, 0x6, 0x6, 0x6, 0x6, 0x6, 0x6, 0x6, 0x6, 0x8, 0x8, 0x8, 0x8, 0x8, 0x8, 0x6,
	0x6, 0x6, 0x6, 0x6, 0x6, 0x6, 0x6, 0x6, 0x6, 0x0, 0x0, 0x6, 0x49, 0x89, 0xc9, 0x109,
	0x149, 0x189, 0x1c9, 0x209, 0x249, 0x289, 0x0, 0x0, 0x0, 0x0, 0x0, 0x0, 0x49, 0x89, 0xc9, 0x109,
	0x149, 0x189, 0x1c9, 0x209, 0x249, 0x289, 0x0, 0x0, 0x0, 0x0, 0x0, 0x0, 0x17, 0x1b, 0x1b, 0x1b,
	0x1b, 0x1b, 0x1b, 0x1b, 0x1b, 0x1b, 0x1b, 0x6, 0x6, 0x6, 0x6, 0x6, 0x6, 0x6, 0x6, 0x6,
	0x1b, 0x1b, 0x1b, 0x1b, 0x1b, 0x1b, 0x1b, 0x1b, 0x1b, 0x17, 0x17, 0x0, 0x6, 0x6, 0x6, 0x6,
	0x6, 0x6, 0x6, 0x6, 0x6, 0x6, 0x6, 0x6, 0x6, 0x6, 0x6, 0x0, 0x0, 0x0, 0x0, 0x0,
	0x0, 0x0, 0x0, 0x0, 0x0, 0x0, 0x0, 0x0, 0x0, 0x0, 0x0, 0x0, 0x6, 0x6, 0x6, 0x6,
	0x8, 0x5, 0x5, 0x5, 0x5, 0x5, 0x5, 0x5, 0x5, 0x5, 0x5, 0x5, 0x5, 0x5, 0x5, 0x5,
	0x5, 0x5, 0x5, 0x5, 0x5, 0x5, 0x5, 0x5, 0x5, 0x5, 0x5, 0x5, 0x6, 0x8, 0x6, 0x6,
	0x6, 0x6, 0x6, 0x8, 0x6, 0x8, 0x8, 0x8, 0x8, 0x8, 0x6, 0x8, 0x8, 0x5, 0x5, 0x5,
	0x5, 0x5, 0x5, 0x5, 0x5, 0x0, 0x0, 0x0, 0x49, 0x89, 0xc9, 0x109, 0x149, 0x189, 0x1c9, 0x209,
	0x249, 0x289, 0x17, 0x17, 0x17, 0x17, 0x17, 0x17, 0x5, 0x8, 0x6, 0x6, 0x6, 0x6, 0x8, 0x8,
	0x6, 0x6, 0x8, 0x6, 0x6, 0x6, 0x5, 0x5, 0x49, 0x89, 0xc9, 0x109, 0x149, 0x189, 0x1c9, 0x209,
	0x249, 0x289, 0x5, 0x5, 0x5, 0x5, 0x5, 0x5, 0x6, 0x6, 0x8, 0x5, 0x5, 0x5, 0x5, 0x5,
	0x5, 0x5, 0x5, 0x5, 0x5, 0x5, 0x5, 0x5, 0x5, 0x5, 0x5, 0x5, 0x5, 0x5, 0x5, 0x5,
	0x5, 0x5, 0x5, 0x5, 0x5, 0x5, 0x5, 0x5, 0x5, 0x5, 0x6, 0x8, 0x6, 0x6, 0x8, 0x8,
	0x8, 0x6, 0x8, 0x6, 0x6, 0x6, 0x8, 0x8, 0x0, 0x0, 0x0, 0x0, 0x0, 0x0, 0x0, 0x0,
	0x17, 0x17, 0x17, 0x17, 0x49, 0x89, 0xc9, 0x109, 0x149, 0x189, 0x1c9, 0x209, 0x249, 0x289, 0x0, 0x0,
	0x0, 0x5, 0x5, 0x5, 0x49, 0x89, 0xc9, 0x109, 0x149, 0x189, 0x1c9, 0x209, 0x249, 0x289, 0x5, 0x5,
	0x5, 0x5, 0x5, 0x5, 0x8, 0x8, 0x8, 0x8, 0x8, 0x8, 0x8, 0x8, 0x6, 0x6, 0x6, 0x6,
	0x6, 0x6, 0x6, 0x6, 0x8, 0x8, 0x6, 0x6, 0x0, 0x0, 0x0, 0x17, 0x17, 0x17, 0x17, 0x17,
	0x5, 0x5, 0x5, 0x5, 0x5, 0x5, 0x5, 0x5, 0x5, 0x5, 0x5, 0x5, 0x5, 0x5, 0x5, 0x5,
	0x5, 0x5, 0x5, 0x5, 0x5, 0x5, 0x5, 0x5, 0x4, 0x4, 0x4, 0x4, 0x4, 0x4, 0x17, 0x17,
	0x2, 0x2, 0x2, 0x2, 0x2, 0x2, 0x2, 0x2, 0x2, 0x0, 0x0, 0x0, 0x0, 0x0, 0x0, 0x0,
	0x1, 0x1, 0x1, 0x1, 0x1, 0x1, 0x1, 0x1, 0x1, 0x1, 0x1, 0x1, 0x1, 0x1, 0x1, 0x1,
	0x1, 0x1, 0x1, 0x1, 0x1, 0x1, 0x1, 0x1, 0x1, 0x1, 0x1, 0x0, 0x0, 0x1, 0x1, 0x1,
	0x17, 0x17, 0x17, 0x17, 0x17, 0x17, 0x17, 0x17, 0x0, 0x0, 0x0, 0x0, 0x0, 0x0, 0x0, 0x0,
	0x6, 0x6, 0x6, 0x17, 0x6, 0x6, 0x6, 0x6, 0x6, 0x6, 0x6, 0x6, 0x6, 0x6, 0x6, 0x6,
	0x6, 0x8, 0x6, 0x6, 0x6, 0x6, 0x6, 0x6, 0x6, 0x5, 0x5, 0x5, 0x5, 0x6, 0x5, 0x5,
	0x5, 0x5, 0x5, 0x5, 0x6, 0x5, 0x5, 0x8, 0x6, 0x6, 0x5, 0x0, 0x0, 0x0, 0x0, 0x0,
	0x2, 0x2, 0x2, 0x2, 0x2, 0x2, 0x2, 0x2, 0x2, 0x2, 0x2, 0x2, 0x4, 0x4, 0x4, 0x4,
	0x4, 0x4, 0x4, 0x4, 0x4, 0x4, 0x4, 0x4, 0x4, 0x4, 0x4, 0x4, 0x4, 0x4, 0x4, 0x4,
	0x4, 0x4, 0x4, 0x4, 0x4, 0x4, 0x4, 0x4, 0x4, 0x4, 0x4, 0x4, 0x4, 0x4, 0x4, 0x2,
	0x2, 0x2, 0x2, 0x2, 0x2, 0x2, 0x2, 0x2, 0x2, 0x2, 0x2, 0x2, 0x4, 0x2, 0x2, 0x2,
	0x2, 0x2, 0x2, 0x2, 0x2, 0x2, 0x2, 0x2, 0x2, 0x2, 0x2, 0x2, 0x2, 0x2, 0x2, 0x2,
	0x2, 0x2, 0x2, 0x2, 0x2, 0x2, 0x2, 0x2, 0x2, 0x2, 0x2, 0x4, 0x4, 0x4, 0x4, 0x4,
	0x1, 0x2, 0x1, 0x2, 0x1, 0x2, 0x1, 0x2, 0x1, 0x2, 0x1, 0x2, 0x1, 0x2, 0x1, 0x2,
	0x1, 0x2, 0x1, 0x2, 0x1, 0x2, 0x2, 0x2, 0x2, 0x2, 0x2, 0x2, 0x2, 0x2, 0x1, 0x2,
	0x2, 0x2, 0x2, 0x2, 0x2, 0x2, 0x2, 0x2, 0x1, 0x1, 0x1, 0x1, 0x1, 0x1a, 0x1a, 0x1a,
	0x0, 0x0, 0x2, 0x2, 0x2, 0x0, 0x2, 0x2, 0x1, 0x1, 0x1, 0x1, 0x3, 0x1a, 0x1a, 0x0,
	0x2, 0x2, 0x2, 0x2, 0x2, 0x2, 0x2, 0x2, 0x1, 0x1, 0x1, 0x1, 0x1, 0x1, 0x1, 0x1,
	0x2, 0x2, 0x2, 0x2, 0x2, 0x2, 0x0, 0x0, 0x1, 0x1, 0x1, 0x1, 0x1, 0x1, 0x0, 0x0,
	0x2, 0x2, 0x2, 0x2, 0x2, 0x2, 0x2, 0x2, 0x1, 0x1, 0x1, 0x1, 0x1, 0x1, 0x1, 0x1,
	0x2, 0x2, 0x2, 0x2, 0x2, 0x2, 0x2, 0x2, 0x1, 0x1, 0x1, 0x1, 0x1, 0x1, 0x1, 0x1,
	0x2, 0x2, 0x2, 0x2, 0x2, 0x2, 0x0, 0x0, 0x1, 0x1, 0x1, 0x1, 0x1, 0x1, 0x0, 0x0,
	0x2, 0x2, 0x2, 0x2, 0x2, 0x2, 0x2, 0x2, 0x0, 0x1, 0x0, 0x1, 0x0, 0x1, 0x0, 0x1,
	0x2, 0x2, 0x2, 0x2, 0x2, 0x2, 0x2, 0x2, 0x1, 0x1, 0x1, 0x1, 0x1, 0x1, 0x1, 0x1,
	0x2, 0x2, 0x2, 0x2, 0x2, 0x2, 0x2, 0x2, 0x2, 0x2, 0x2, 0x2, 0x2, 0x2, 0x0, 0x0,
	0x2, 0x2, 0x2, 0x2, 0x2, 0x2, 0x2, 0x2, 0x3, 0x3, 0x3, 0x3, 0x3, 0x3, 0x3, 0x3,
	0x2, 0x2, 0x2, 0x2, 0x2, 0x2, 0x2, 0x2, 0x3, 0x3, 0x3, 0x3, 0x3, 0x3, 0x3, 0x3,
	0x2, 0x2, 0x2, 0x2, 0x2, 0x0, 0x2, 0x2, 0x1, 0x1, 0x1, 0x1, 0x3, 0x1a, 0x2, 0x1a,
	0x1a, 0x1a, 0x2, 0x2, 0x2, 0x0, 0x2, 0x2, 0x1, 0x1, 0x1, 0x1, 0x3, 0x1a, 0x1a, 0x1a,
	0x2, 0x2, 0x2, 0x2, 0x0, 0x0, 0x2, 0x2, 0x1, 0x1, 0x1, 0x1, 0x0, 0x1a, 0x1a, 0x1a,
	0x16, 0x17, 0x17, 0x17, 0x18, 0x14, 0x15, 0x17, 0x17, 0x17, 0x17, 0x17, 0x17, 0x17, 0x17, 0x17,
	0x17, 0x17, 0x18, 0x17, 0x16, 0x17, 0x17, 0x17, 0x17, 0x17, 0x17, 0x17, 0x17, 0x17, 0x17, 0xc,
	0x10, 0x10, 0x10, 0x10, 0x10, 0x0, 0x10, 0x10, 0x10, 0x10, 0x10, 0x10, 0x10, 0x10, 0x10, 0x10,
	0x2cb, 0x4, 0x0, 0x0, 0x3cb, 0x40b, 0x44b, 0x48b, 0x4cb, 0x50b, 0x18, 0x18, 0x18, 0x14, 0x15, 0x4,
	0xc, 0xc, 0xc, 0xc, 0xc, 0xc, 0xc, 0xc, 0xc, 0xc, 0xc, 0x10, 0x10, 0x10, 0x10, 0x10,
	0x13, 0x13, 0x13, 0x13, 0x13, 0x13, 0x17, 0x17, 0x1c, 0x1d, 0x14, 0x1c, 0x1c, 0x1d, 0x14, 0x1c,
	0x17, 0x17, 0x17, 0x17, 0x17, 0x17, 0x17, 0x17, 0xd, 0xe, 0x10, 0x10, 0x10, 0x10, 0x10, 0xc,
	0x17, 0x17, 0x17, 0x17, 0x17, 0x17, 0x17, 0x17, 0x17, 0x1c, 0x1d, 0x17, 0x17, 0x17, 0x17, 0x16,
	0x2cb, 0x30b, 0x34b, 0x38b, 0x3cb, 0x40b, 0x44b, 0x48b, 0x4cb, 0x50b, 0x18, 0x18, 0x18, 0x14, 0x15, 0x0,
	0x4, 0x4, 0x4, 0x4, 0x4, 0x4, 0x4, 0x4, 0x4, 0x4, 0x4, 0x4, 0x4, 0x0, 0x0, 0x0,
	0x19, 0x19, 0x19, 0x19, 0x19, 0x19, 0x19, 0x19, 0x19, 0x19, 0x19, 0x19, 0x19, 0x19, 0x19, 0x19,
	0x19, 0x19, 0x19, 0x19, 0x19, 0x19, 0x19, 0x19, 0x19, 0x19, 0x19, 0x19, 0x19, 0x19, 0x19, 0x19,
	0x19, 0x0, 0x0, 0x0, 0x0, 0x0, 0x0, 0x0, 0x0, 0x0, 0x0, 0x0, 0x0, 0x0, 0x0, 0x0,
	0x6, 0x6, 0x6, 0x6, 0x6, 0x6, 0x6, 0x6, 0x6, 0x6, 0x6, 0x6, 0x6, 0x7, 0x7, 0x7,
	0x7, 0x6, 0x7, 0x7, 0x7, 0x6, 0x6, 0x6, 0x6, 0x6, 0x6, 0x6, 0x6, 0x6, 0x6, 0x6,
	0x6, 0x0, 0x0, 0x0, 0x0, 0x0, 0x0, 0x0, 0x0, 0x0, 0x0, 0x0, 0x0, 0x0, 0x0, 0x0,
	0x1b, 0x1b, 0x1b, 0x1b, 0x1, 0x1b, 0x1, 0x1b, 0x1, 0x1b, 0x1, 0x1, 0x1, 0x1, 0x1b, 0x2,
	0x1, 0x1, 0x1, 0x1, 0x2, 0x5, 0x5, 0x5, 0x5, 0x2, 0x1b, 0x1b, 0x2, 0x2, 0x1, 0x1,
	0x18, 0x18, 0x18, 0x18, 0x18, 0x1, 0x2, 0x2, 0x2, 0x2, 0x1b, 0x18, 0x1b, 0x1b, 0x2, 0x1b,
	0x358b, 0x360b, 0x364b, 0x348b, 0x388b, 0x350b, 0x390b, 0x3d0b, 0x410b, 0x354b, 0x454b, 0x35cb, 0x3dcb, 0x45cb, 0x4dcb, 0x58b,
	0x1b, 0x1b, 0x1, 0x1b, 0x1b, 0x1b, 0x1b, 0x1, 0x1b, 0x1b, 0x2, 0x1, 0x1, 0x1, 0x2, 0x2,
	0x1, 0x1, 0x1, 0x2, 0x1b, 0x1, 0x1b, 0x1b, 0x18, 0x1, 0x1, 0x1, 0x1, 0x1, 0x1b, 0x1b,
	0x58a, 0x5ca, 0x60a, 0x64a, 0x68a, 0x6ca, 0x70a, 0x74a, 0x78a, 0x7ca, 0x80a, 0x84a, 0x11ca, 0x1e4a, 0x980a, 0x784a,
	0x58a, 0x5ca, 0x60a, 0x64a, 0x68a, 0x6ca, 0x70a, 0x74a, 0x78a, 0x7ca, 0x80a, 0x84a, 0x11ca, 0x1e4a, 0x980a, 0x784a,
	0x784a, 0x984a, 0x788a, 0x1, 0x2, 0x6ca, 0x11ca, 0x988a, 0x78ca, 0x54b, 0x1b, 0x1b, 0x0, 0x0, 0x0, 0x0,
	0x18, 0x18, 0x18, 0x18, 0x18, 0x1b, 0x1b, 0x1b, 0x1b, 0x1b, 0x18, 0x18, 0x1b, 0x1b, 0x1b, 0x1b,
	0x1b, 0x1b, 0x1b, 0x1b, 0x1b, 0x1b, 0x1b, 0x1b, 0x1b, 0x1b, 0x1b, 0x1b, 0x1b, 0x1b, 0x1b, 0x1b,
	0x18, 0x18, 0x18, 0x18, 0x18, 0x18, 0x18, 0x18, 0x18, 0x18, 0x18, 0x18, 0x18, 0x1b, 0x1b, 0x18,
	0x1b, 0x1b, 0x18, 0x1b, 0x1b, 0x1b, 0x1b, 0x1b, 0x1b, 0x1b, 0x18, 0x1b, 0x1b, 0x1b, 0x1b, 0x1b,
	0x1b, 0x1b, 0x1b, 0x1b, 0x1b, 0x1b, 0x1b, 0x1b, 0x1b, 0x1b, 0x1b, 0x1b, 0x1b, 0x1b, 0x18, 0x18,
	0x1b, 0x1b, 0x18, 0x1b, 0x18, 0x1b, 0x1b, 0x1b, 0x1b, 0x1b, 0x1b, 0x1b, 0x1b, 0x1b, 0x1b, 0x1b,
	0x18, 0x18, 0x18, 0x18, 0x18, 0x18, 0x18, 0x18, 0x18, 0x18, 0x18, 0x18, 0x18, 0x18, 0x18, 0x18,
	0x18, 0x18, 0x18, 0x18, 0x18, 0x18, 0x18, 0x18, 0x18, 0x18, 0x18, 0x18, 0x18, 0x18, 0x18, 0x18,
	0x1b, 0x1b, 0x1b, 0x1b, 0x1b, 0x1b, 0x1b, 0x1b, 0x14, 0x15, 0x14, 0x15, 0x1b, 0x1b, 0x1b, 0x1b,
	0x1b, 0x1b, 0x1b, 0x1b, 0x1b, 0x1b, 0x1b, 0x1b, 0x1b, 0x1b, 0x1b, 0x1b, 0x1b, 0x1b, 0x1b, 0x1b,
	0x18, 0x18, 0x1b, 0x1b, 0x1b, 0x1b, 0x1b, 0x1b, 0x1b, 0x14, 0x15, 0x1b, 0x1b, 0x1b, 0x1b, 0x1b,
	0x1b, 0x1b, 0x1b, 0x1b, 0x1b, 0x1b, 0x1b, 0x1b, 0x1b, 0x1b, 0x1b, 0x1b, 0x1b, 0x1b, 0x1b, 0x1b,
	0x1b, 0x1b, 0x1b, 0x1b, 0x1b, 0x1b, 0x1b, 0x1b, 0x18, 0x1b, 0x1b, 0x1b, 0x1b, 0x1b, 0x1b, 0x1b,
	0x1b, 0x1b, 0x1b, 0x1b, 0x1b, 0x1b, 0x1b, 0x1b, 0x1b, 0x1b, 0x1b, 0x1b, 0x1b, 0x1b, 0x1b, 0x1b,
	0x1b, 0x1b, 0x1b, 0x1b, 0x1b, 0x1b, 0x1b, 0x18, 0x18, 0x18, 0x18, 0x18, 0x18, 0x18, 0x18, 0x18,
	0x18, 0x18, 0x18, 0x18, 0x18, 0x18, 0x18, 0x18, 0x18, 0x18, 0x18, 0x18, 0x1b, 0x1b, 0x1b, 0x1b,
	0x1b, 0x1b, 0x1b, 0x1b, 0x1b, 0x1b, 0x1b, 0x1b, 0x1b, 0x1b, 0x1b, 0x1b, 0x1b, 0x1b, 0x1b, 0x1b,
	0x1b, 0x1b, 0x1b, 0x1b, 0x1b, 0x1b, 0x1b, 0x1b, 0x18, 0x18, 0x18, 0x18, 0x18, 0x18, 0x1b, 0x1b,
	0x1b, 0x1b, 0x1b, 0x1b, 0x1b, 0x1b, 0x1b, 0x1b, 0x1b, 0x1b, 0x1b, 0x1b, 0x1b, 0x1b, 0x1b, 0x1b,
	0x1b, 0x1b, 0x1b, 0x1b, 0x1b, 0x1b, 0x1b, 0x1b, 0x1b, 0x1b, 0x1b, 0x1b, 0x1b, 0x1b, 0x1b, 0x0,
	0x0, 0x0, 0x0, 0x0, 0x0, 0x0, 0x0, 0x0, 0x0, 0x0, 0x0, 0x0, 0x0, 0x0, 0x0, 0x0,
	0x0, 0x0, 0x0, 0x0, 0x0, 0x0, 0x0, 0x0, 0x1b, 0x1b, 0x1b, 0x1b, 0x1b, 0x1b, 0x1b, 0x1b,
	0x1b, 0x1b, 0x2cb, 0x80b, 0x84b, 0x88b, 0x8cb, 0x90b, 0x94b, 0x98b, 0x9cb, 0xa0b, 0xa4b, 0x30b, 0x34b, 0x38b,
	0x3cb, 0x40b, 0x44b, 0x48b, 0x4cb, 0x50b, 0x7cb, 0x2cb, 0x30b, 0x34b, 0x38b, 0x3cb, 0x40b, 0x44b, 0x48b, 0x4cb,
	0x50b, 0x7cb, 0x80b, 0x84b, 0x88b, 0x8cb, 0x90b, 0x94b, 0x98b, 0x9cb, 0xa0b, 0xa4b, 0x30b, 0x34b, 0x38b, 0x3cb,
	0x40b, 0x44b, 0x48b, 0x4cb, 0x50b, 0x7cb, 0x80b, 0x84b, 0x88b, 0x8cb, 0x90b, 0x94b, 0x98b, 0x9cb, 0xa0b, 0xa4b,
	0x1b, 0x1b, 0x1b, 0x1b, 0x1b, 0x1b, 0x1b, 0x1b, 0x1b, 0x1b, 0x1b, 0x1b, 0x1b, 0x1b, 0x1b, 0x1b,
	0x1b, 0x1b, 0x1b, 0x1b, 0x1b, 0x1b, 0x1b, 0x1b, 0x18, 0x18, 0x18, 0x18, 0x18, 0x18, 0x18, 0x18,
	0x1b, 0x1b, 0x1b, 0x1b, 0x1b, 0x1b, 0x1b, 0x1b, 0x1b, 0x1b, 0x1b, 0x1b, 0x1b, 0x1b, 0x1b, 0x1b,
	0x1b, 0x1b, 0x1b, 0x1b, 0x1b, 0x1b, 0x1b, 0x18, 0x1b, 0x1b, 0x1b, 0x1b, 0x1b, 0x1b, 0x1b, 0x1b,
	0x1b, 0x18, 0x1b, 0x1b, 0x1b, 0x1b, 0x1b, 0x1b, 0x1b, 0x1b, 0x1b, 0x1b, 0x1b, 0x1b, 0x1b, 0x1b,
	0x1b, 0x1b, 0x1b, 0x1b, 0x1b, 0x1b, 0x1b, 0x1b, 0x1b, 0x1b, 0x1b, 0x1b, 0x1b, 0x1b, 0x1b, 0x1b,
	0x1b, 0x1b, 0x1b, 0x18, 0x1b, 0x1b, 0x1b, 0x1b, 0x1b, 0x1b, 0x1b, 0x1b, 0x1b, 0x1b, 0x1b, 0x1b,
	0x1b, 0x1b, 0x1b, 0x1b, 0x14, 0x15, 0x14, 0x15, 0x14, 0x15, 0x14, 0x15, 0x14, 0x15, 0x14, 0x15,
	0x14, 0x15, 0x30b, 0x34b, 0x38b, 0x3cb, 0x40b, 0x44b, 0x48b, 0x4cb, 0x50b, 0x7cb, 0x30b, 0x34b, 0x38b, 0x3cb,
	0x40b, 0x44b, 0x48b, 0x4cb, 0x50b, 0x7cb, 0x30b, 0x34b, 0x38b, 0x3cb, 0x40b, 0x44b, 0x48b, 0x4cb, 0x50b, 0x7cb,
	0x1b, 0x1b, 0x1b, 0x1b, 0x1b, 0x1b, 0x1b, 0x1b, 0x1b, 0x1b, 0x1b, 0x1b, 0x18, 0x18, 0x18, 0x18,
	0x18, 0x14, 0x15, 0x18, 0x18, 0x18, 0x18, 0x18, 0x18, 0x18, 0x18, 0x18, 0x18, 0x18, 0x18, 0x18,
	0x18, 0x18, 0x18, 0x18, 0x18, 0x18, 0x18, 0x18, 0x18, 0x18, 0x18, 0x18, 0x18, 0x18, 0x14, 0x15,
	0x14, 0x15, 0x14, 0x15, 0x14, 0x15, 0x14, 0x15, 0x18, 0x18, 0x18, 0x18, 0x18, 0x18, 0x18, 0x18,
	0x18, 0x18, 0x18, 0x18, 0x18, 0x18, 0x18, 0x18, 0x18, 0x18, 0x18, 0x14, 0x15, 0x14, 0x15, 0x14,
	0x15, 0x14, 0x15, 0x14, 0x15, 0x14, 0x15, 0x14, 0x15, 0x14, 0x15, 0x14, 0x15, 0x14, 0x15, 0x14,
	0x15, 0x18, 0x18, 0x18, 0x18, 0x18, 0x18, 0x18, 0x18, 0x18, 0x18, 0x18, 0x18, 0x18, 0x18, 0x18,
	0x18, 0x18, 0x18, 0x18, 0x18, 0x18, 0x18, 0x18, 0x18, 0x18, 0x18, 0x18, 0x14, 0x15, 0x14, 0x15,
	0x18, 0x18, 0x18, 0x18, 0x18, 0x18, 0x18, 0x18, 0x18, 0x18, 0x18, 0x18, 0x18, 0x18, 0x18, 0x18,
	0x18, 0x18, 0x18, 0x18, 0x18, 0x18, 0x18, 0x18, 0x18, 0x18, 0x18, 0x18, 0x14, 0x15, 0x18, 0x18,
	0x1b, 0x1b, 0x1b, 0x1b, 0x1b, 0x1b, 0x1b, 0x1b, 0x1b, 0x1b, 0x1b, 0x1b, 0x1b, 0x1b, 0x1b, 0x1b,
	0x18, 0x18, 0x18, 0x18, 0x18, 0x18, 0x18, 0x18, 0x18, 0x18, 0x18, 0x18, 0x18, 0x18, 0x18, 0x18,
	0x18, 0x1b, 0x1b, 0x18, 0x18, 0x18, 0x18, 0x18, 0x18, 0x1b, 0x1b, 0x1b, 0x1b, 0x1b, 0x1b, 0x1b,
	0x1b, 0x1b, 0x1b, 0x1b, 0x1b, 0x1b, 0x1b, 0x1b, 0x1b, 0x1b, 0x1b, 0x1b, 0x1b, 0x1b, 0x1b, 0x1b,
	0x0, 0x0, 0x1b, 0x1b, 0x1b, 0x1b, 0x1b, 0x1b, 0x1b, 0x1b, 0x1b, 0x1b, 0x1b, 0x1b, 0x1b, 0x1b,
	0x1b, 0x1b, 0x1b, 0x1b, 0x1b, 0x1b, 0x1b, 0x1b, 0x1b, 0x1b, 0x0, 0x1b, 0x1b, 0x1b, 0x1b, 0x1b,
	0x1b, 0x1b, 0x1b, 0x1b, 0x1, 0x2, 0x1, 0x1, 0x1, 0x2, 0x2, 0x1, 0x2, 0x1, 0x2, 0x1,
	0x2, 0x1, 0x1, 0x1, 0x1, 0x2, 0x1, 0x2, 0x2, 0x1, 0x2, 0x2, 0x2, 0x2, 0x2, 0x2,
	0x4, 0x4, 0x1, 0x1, 0x1, 0x2, 0x1, 0x2, 0x2, 0x1b, 0x1b, 0x1b, 0x1b, 0x1b, 0x1b, 0x1,
	0x2, 0x1, 0x2, 0x6, 0x6, 0x6, 0x1, 0x2, 0x0, 0x0, 0x0, 0x0, 0x0, 0x17, 0x17, 0x17,
	0x17, 0x344b, 0x17, 0x17, 0x2, 0x2, 0x2, 0x2, 0x2, 0x2, 0x0, 0x2, 0x0, 0x0, 0x0, 0x0,
	0x0, 0x2, 0x0, 0x0, 0x5, 0x5, 0x5, 0x5, 0x5, 0x5, 0x5, 0x5, 0x5, 0x5, 0x5, 0x5,
	0x5, 0x5, 0x5, 0x5, 0x0, 0x0, 0x0, 0x0, 0x0, 0x0, 0x0, 0x4, 0x17, 0x0, 0x0, 0x0,
	0x0, 0x0, 0x0, 0x0, 0x0, 0x0, 0x0, 0x0, 0x0, 0x0, 0x0, 0x6, 0x5, 0x5, 0x5, 0x5,
	0x5, 0x5, 0x5, 0x0, 0x5, 0x5, 0x5, 0x5, 0x5, 0x5, 0x5, 0x0, 0x5, 0x5, 0x5, 0x5,
	0x5, 0x5, 0x5, 0x0, 0x5, 0x5, 0x5, 0x5, 0x5, 0x5, 0x5, 0x0, 0x5, 0x5, 0x5, 0x5,
	0x5, 0x5, 0x5, 0x5, 0x5, 0x5, 0x5, 0x5, 0x5, 0x5, 0x5, 0x5, 0x5, 0x5, 0x5, 0x5,
	0x5, 0x5, 0x5, 0x0, 0x0, 0x0, 0x0, 0x0, 0x0, 0x0, 0x0, 0x0, 0x17, 0x17, 0x1c, 0x1d,
	0x1c, 0x1d, 0x17, 0x17, 0x17, 0x1c, 0x1d, 0x17, 0x1c, 0x1d, 0x17, 0x17, 0x17, 0x17, 0x17, 0x17,
	0x17, 0x17, 0x17, 0x13, 0x17, 0x17, 0x13, 0x17, 0x1c, 0x1d, 0x17, 0x17, 0x1c, 0x1d, 0x14, 0x15,
	0x14, 0x15, 0x14, 0x15, 0x14, 0x15, 0x17, 0x17, 0x17, 0x17, 0x17, 0x4, 0x17, 0x17, 0x17, 0x17,
	0x17, 0x17, 0x17, 0x17, 0x17, 0x17, 0x13, 0x13, 0x17, 0x17, 0x17, 0x17, 0x13, 0x17, 0x14, 0x17,
	0x17, 0x17, 0x17, 0x17, 0x17, 0x17, 0x17, 0x17, 0x17, 0x17, 0x17, 0x17, 0x1b, 0x1b, 0x17, 0x17,
	0x17, 0x14, 0x15, 0x14, 0x15, 0x14, 0x15, 0x14, 0x15, 0x13, 0x0, 0x0, 0x1b, 0x1b, 0x1b, 0x1b,
	0x1b, 0x1b, 0x1b, 0x1b, 0x1b, 0x1b, 0x1b, 0x1b, 0x1b, 0x1b, 0x1b, 0x1b, 0x1b, 0x1b, 0x1b, 0x1b,
	0x1b, 0x1b, 0x1b, 0x1b, 0x1b, 0x1b, 0x0, 0x1b, 0x1b, 0x1b, 0x1b, 0x1b, 0x1b, 0x1b, 0x1b, 0x1b,
	0x1b, 0x1b, 0x1b, 0x1b, 0x1b, 0x1b, 0x1b, 0x1b, 0x1b, 0x1b, 0x1b, 0x1b, 0x0, 0x0, 0x0, 0x0,
	0x0, 0x0, 0x0, 0x0, 0x0, 0x0, 0x0, 0x0, 0x1b, 0x1b, 0x1b, 0x1b, 0x1b, 0x1b, 0x1b, 0x1b,
	0x1b, 0x1b, 0x1b, 0x1b, 0x1b, 0x1b, 0x1b, 0x1b, 0x1b, 0x1b, 0x1b, 0x1b, 0x1b, 0x1b, 0x0, 0x0,
	0x0, 0x0, 0x0, 0x0, 0x0, 0x0, 0x0, 0x0, 0x0, 0x0, 0x0, 0x0, 0x0, 0x0, 0x0, 0x0,
	0x1b, 0x1b, 0x1b, 0x1b, 0x1b, 0x1b, 0x1b, 0x1b, 0x1b, 0x1b, 0x1b, 0x1b, 0x0, 0x0, 0x0, 0x0,
	0x1b, 0x58a, 0x5ca, 0x60a, 0x64a, 0x68a, 0x6ca, 0x70a, 0x74a, 0x78a, 0x6, 0x6, 0x6, 0x6, 0x8, 0x8,
	0x13, 0x4, 0x4, 0x4, 0x4, 0x4, 0x1b, 0x1b, 0x7ca, 0xa4a, 0xcca, 0x4, 0x5, 0x17, 0x1b, 0x1b,
	0xc, 0x17, 0x17, 0x17, 0x1b, 0x4, 0x5, 0x54a, 0x14, 0x15, 0x14, 0x15, 0x14, 0x15, 0x14, 0x15,
	0x14, 0x15, 0x1b, 0x1b, 0x14, 0x15, 0x14, 0x15, 0x14, 0x15, 0x14, 0x15, 0x13, 0x14, 0x15, 0x15,
	0x5, 0x5, 0x5, 0x5, 0x5, 0x5, 0x5, 0x5, 0x5, 0x5, 0x5, 0x5, 0x5, 0x5, 0x5, 0x5,
	0x5, 0x5, 0x5, 0x5, 0x5, 0x5, 0x5, 0x0, 0x0, 0x6, 0x6, 0x1a, 0x1a, 0x4, 0x4, 0x5,
	0x5, 0x5, 0x5, 0x5, 0x5, 0x5, 0x5, 0x5, 0x5, 0x5, 0x5, 0x5, 0x5, 0x5, 0x5, 0x5,
	0x5, 0x5, 0x5, 0x5, 0x5, 0x5, 0x5, 0x5, 0x5, 0x5, 0x5, 0x17, 0x4, 0x4, 0x4, 0x5,
	0x0, 0x0, 0x0, 0x0, 0x0, 0x5, 0x5, 0x5, 0x5, 0x5, 0x5, 0x5, 0x5, 0x5, 0x5, 0x5,
	0x5, 0x5, 0x5, 0x5, 0x5, 0x5, 0x5, 0x5, 0x5, 0x5, 0x5, 0x5, 0x5, 0x5, 0x5, 0x5,
	0x0, 0x5, 0x5, 0x5, 0x5, 0x5, 0x5, 0x5, 0x5, 0x5, 0x5, 0x5, 0x5, 0x5, 0x5, 0x5,
	0x5, 0x5, 0x5, 0x0, 0x1b, 0x1b, 0x58b, 0x5cb, 0x60b, 0x64b, 0x1b, 0x1b, 0x1b, 0x1b, 0x1b, 0x1b,
	0x1b, 0x1b, 0x1b, 0x1b, 0x0, 0x0, 0x0, 0x0, 0x0, 0x0, 0x0, 0x0, 0x0, 0x0, 0x0, 0x0,
	0x5, 0x5, 0x5, 0x5, 0x5, 0x5, 0x5, 0x5, 0x5, 0x5, 0x5, 0x5, 0x5, 0x5, 0x5, 0x5,
	0x58b, 0x5cb, 0x60b, 0x64b, 0x68b, 0x6cb, 0x70b, 0x74b, 0x78b, 0x7cb, 0x1b, 0x1b, 0x1b, 0x1b, 0x1b, 0x1b,
	0x1b, 0x1b, 0x1b, 0x1b, 0x1b, 0x1b, 0x1b, 0x1b, 0x1b, 0x1b, 0x1b, 0x1b, 0x1b, 0x1b, 0x1b, 0x1b,
	0x7cb, 0xa4b, 0xccb, 0xf4b, 0x11cb, 0x144b, 0x16cb, 0x194b, 0x1b, 0xa8b, 0xacb, 0xb0b, 0xb4b, 0xb8b, 0xbcb, 0xc0b,
	0xc4b, 0xc8b, 0xccb, 0xd0b, 0xd4b, 0xd8b, 0xdcb, 0xe0b, 0x1b, 0x1b, 0x1b, 0x1b, 0x1b, 0x1b, 0x1b, 0x1b,
	0x1b, 0x1b, 0x1b, 0x1b, 0x1b, 0x1b, 0x1b, 0x1b, 0x1b, 0xe4b, 0xe8b, 0xecb, 0xf0b, 0xf4b, 0xf8b, 0xfcb,
	0x100b, 0x104b, 0x108b, 0x10cb, 0x110b, 0x114b, 0x118b, 0x11cb, 0x5, 0x5, 0x5, 0x5, 0x5, 0x685, 0x5, 0x5,
	0x5, 0x5, 0x5, 0x5, 0x5, 0x5, 0x5, 0x5, 0x5, 0x5, 0x5, 0x5, 0x5, 0x5, 0x5, 0x5,
	0x5, 0x5, 0x5, 0x5, 0x5, 0x5, 0x5, 0x5, 0x5, 0x5, 0x5, 0x5c5, 0x5, 0x5, 0x5, 0x5,
	0x5, 0x5, 0x5, 0x5, 0x5, 0x5, 0x5, 0x5, 0x5, 0x5, 0x5, 0x5, 0x5, 0x5, 0x5, 0x5,
	0x5, 0x5, 0x5, 0x5, 0x5, 0x5, 0x5, 0x5, 0x5, 0x5, 0x685, 0x5, 0x5, 0x5, 0x5, 0x5,
	0x5, 0x5, 0x5, 0x5, 0x5, 0x5, 0x5, 0x5, 0x5, 0x5, 0x5, 0x5, 0x5, 0x5, 0x5, 0x5,
	0x5, 0x705, 0x5, 0x5, 0x5, 0x5, 0x5, 0x5, 0x5, 0x5, 0x5, 0x5, 0x5, 0x5, 0x5, 0x5,
	0x5, 0x5, 0x5, 0x5, 0x585, 0x5, 0x5, 0x705, 0x5, 0x5, 0x5, 0x7885, 0x5, 0x605, 0x5, 0x5,
	0x5, 0x5, 0x5, 0x5, 0x5, 0x5, 0x5, 0x5, 0x5, 0x5, 0x5, 0x5, 0x5, 0x5, 0x5, 0x5,
	0x5, 0x5, 0x5, 0x5, 0x5, 0x5, 0x5, 0x5, 0x5, 0x5, 0x5, 0x5, 0x5, 0x785, 0x5, 0x5,
	0x5, 0x5, 0x5, 0x5, 0x5, 0x5, 0x5, 0x5, 0x5, 0x5, 0x5, 0x5, 0x5c5, 0x5, 0x5, 0x5,
	0x5, 0x5, 0x5, 0x5, 0x685, 0x5, 0x645, 0x5, 0x5, 0x5, 0x5, 0x5, 0x5, 0x5, 0x5, 0x5,
	0x5, 0x5, 0x5, 0x5, 0x5, 0x5, 0x5, 0x5, 0x5, 0x5, 0x5, 0x5, 0x5, 0x5, 0x5, 0x5,
	0x5, 0x5, 0x5, 0x5, 0x5, 0x5, 0x5, 0x7985, 0x7c5, 0x5, 0x5, 0x5, 0x5, 0x5, 0x5, 0x5,
	0x5, 0x5, 0x5, 0x5, 0x5, 0x5, 0x5, 0x5, 0x5, 0x5, 0x5, 0x5, 0x5, 0x5, 0x5, 0x5,
	0x5, 0x5, 0x5, 0x5, 0x5, 0x5, 0x5, 0x7845, 0x5, 0x5, 0x5, 0x5, 0x5, 0x5, 0x5, 0x5,
	0x605, 0x5, 0x5, 0x5, 0x5, 0x5, 0x5, 0x5, 0x5, 0x5, 0x5, 0x5, 0x5, 0x5, 0x5, 0x5,
	0x5, 0x5, 0x5, 0x5, 0x5, 0x5, 0x5, 0x5, 0x5, 0x685, 0x5, 0x5, 0x5, 0x5, 0x5, 0x5,
	0x5, 0x5, 0x5, 0x5, 0x5, 0x5, 0x5, 0x5, 0x5, 0x5, 0x5, 0x5, 0x1e45, 0x5, 0x5, 0x5,
	0x5, 0x5, 0x5, 0x5, 0x5, 0x5, 0x5, 0x5, 0x5, 0x5, 0x5, 0x5, 0x7985, 0x5, 0x5, 0x5,
	0x5, 0x5, 0x5, 0x5, 0x5, 0x5, 0x5, 0x5, 0x5, 0x5, 0x5, 0x5, 0x5, 0x5, 0x5, 0x5,
	0x5, 0x5, 0x5, 0x5, 0x5, 0x5, 0x5, 0x5, 0x5, 0x5, 0x7a85, 0x5, 0x5, 0x5, 0x5, 0x5,
	0x5, 0x5, 0x5, 0x5, 0x5, 0x5, 0x5, 0x5, 0x5, 0x5, 0x5, 0x5, 0x5, 0x5, 0x5, 0x5,
	0x5, 0x5, 0x5, 0x5, 0x5, 0x5c5, 0x5, 0x745, 0x5, 0x6c5, 0x5, 0x5, 0x5, 0x5, 0x5, 0x5,
	0x5, 0x5, 0x5, 0x5, 0x5, 0x5, 0x5, 0x5, 0x5, 0x5, 0x5, 0x5, 0x5, 0x7c5, 0x5, 0x7845,
	0xa45, 0xcc5, 0x5, 0x5, 0x5, 0x5, 0x5, 0x5, 0xf45, 0x5, 0x5, 0x5, 0x5, 0x5, 0x5, 0x5,
	0x5, 0x5, 0x5, 0x5, 0x5, 0x5, 0x5, 0x5, 0x5, 0x5, 0x5, 0x5, 0x5, 0x605, 0x605, 0x605,
	0x605, 0x5, 0x5, 0x5, 0x5, 0x5, 0x5, 0x5, 0x5, 0x5, 0x5, 0x5, 0x5, 0x5, 0x5, 0x5,
	0x5, 0x5, 0x5, 0x5, 0x5, 0x5, 0x5, 0x5, 0x5, 0x5, 0x5, 0x5, 0x5, 0x5, 0x5, 0x645,
	0x5, 0x5, 0x5, 0x5, 0x5, 0x5, 0x5, 0x5, 0x5, 0x5, 0x5, 0x5, 0x5, 0x5, 0x5, 0x5,
	0x5, 0x585, 0x5, 0x5, 0x5, 0x5, 0x5, 0x5, 0x5, 0x585, 0x5, 0x5, 0x5, 0x5, 0x5, 0x5,
	0x5, 0x5, 0x5, 0x5, 0x5, 0x5, 0x5, 0x5, 0x5, 0x5, 0x5, 0x5, 0x5, 0x5, 0x5, 0x5,
	0x5, 0x5, 0x5, 0x5, 0x5, 0x5, 0x585, 0x5, 0x5, 0x5, 0x5, 0x5, 0x5, 0x5, 0x5, 0x5,
	0x5, 0x5, 0x5, 0x5, 0x5, 0x5, 0x5, 0x5, 0x5, 0x5, 0x5, 0x5, 0x5, 0x5, 0x5, 0x5,
	0x5, 0x5, 0x5, 0x5, 0x5, 0x5, 0x785, 0xa45, 0x5, 0x5, 0x5, 0x5, 0x5, 0x5, 0x5, 0x5,
	0x5, 0x5, 0x5, 0x5, 0x585, 0x5c5, 0x605, 0x5, 0x5c5, 0x5, 0x5, 0x5, 0x5, 0x5, 0x5, 0x5,
	0x5, 0x5, 0x5, 0x5, 0x5, 0x5, 0x5, 0x5, 0x5, 0x5, 0x5, 0x5, 0x5, 0x5, 0x5, 0x5,
	0x5, 0x5, 0x5, 0x5, 0x5, 0x5, 0x5, 0x5, 0x5, 0x5, 0x7c5, 0x5, 0x5, 0x5, 0x5, 0x5,
	0x5, 0x5, 0x5, 0x5, 0x5, 0x5, 0x5, 0x5, 0x745, 0x5, 0x5, 0x5, 0x5, 0x5, 0x5, 0x5,
	0x5, 0x5, 0x5, 0x5, 0x5, 0x5, 0x5, 0x5, 0x5, 0x5, 0x5, 0x5, 0x5, 0x5, 0x705, 0x5,
	0x5, 0x5, 0x5, 0x5, 0x5, 0x5, 0x5, 0x5, 0x5, 0x5, 0x5, 0x5, 0x5, 0x5, 0x5, 0x5,
	0x5, 0x5, 0x5, 0x5, 0x5, 0x5, 0x5, 0x5, 0x5, 0x5, 0x785, 0x5, 0x5, 0x5, 0x5, 0x5,
	0x5, 0x5, 0x5, 0x5, 0x5, 0x5, 0x5, 0x5, 0x5, 0x5, 0x5, 0x5, 0x5, 0x5, 0x5, 0x5,
	0x5, 0x5, 0x5, 0x5, 0x5, 0x5, 0x5, 0x5, 0x5, 0x5, 0x1e45, 0x5, 0x5, 0x5, 0x5, 0x5,
	0x5, 0x5, 0x645, 0x5, 0x5, 0x5, 0x5, 0x5, 0x5, 0x5, 0x5, 0x5, 0x5, 0x5, 0x5, 0x5,
	0x5, 0x5, 0x5, 0x5, 0x5, 0x5, 0x5, 0x5, 0x5, 0x5, 0x5, 0x5, 0x7885, 0x5, 0x5, 0x5,
	0x5, 0x5, 0x5, 0x5, 0x5, 0x5, 0x5, 0x5, 0x5, 0x5, 0x5, 0x5, 0x5, 0x5, 0x5, 0x5,
	0x5, 0x5, 0x5c5, 0x5, 0x5, 0x5, 0x5, 0x5c5, 0x5, 0x5, 0x5, 0x5, 0x5, 0x5, 0x5, 0x5,
	0x5, 0x5, 0x5, 0x5, 0x5, 0x5, 0x5, 0x5, 0x5c5, 0x5, 0x5, 0x5, 0x5, 0x5, 0x5, 0x5,
	0x5, 0x5, 0x5, 0x5, 0x5, 0x5, 0x5, 0x5, 0x5, 0x7845, 0x5, 0x5, 0x5, 0x5, 0x5, 0x5,
	0x5, 0x5, 0x5, 0x5, 0x5, 0x5, 0x5, 0x5, 0x5, 0x5, 0x5, 0x5, 0x5, 0x5, 0x5, 0x5,
	0x5, 0x5, 0x5, 0x5, 0x5, 0x5, 0x5, 0x5, 0x5, 0x5, 0x6c5, 0x5, 0x5, 0x5, 0x5, 0x5,
	0x1e45, 0x5, 0x5, 0x5, 0x5, 0x5, 0x5, 0x5, 0x5, 0x5, 0x5, 0x5, 0x5, 0x5, 0x5, 0x5,
	0x5, 0x5, 0x5, 0x5, 0x5, 0x5, 0x5, 0x5, 0x5, 0x5, 0x5, 0x5, 0x6c5, 0x5, 0x5, 0x5,
	0x5, 0x5, 0x5, 0x5, 0x5, 0x5, 0x5, 0x5, 0x5, 0x5, 0x5, 0x5, 0x5, 0x5, 0x5, 0x5,
	0x5, 0x5, 0x5, 0x5, 0x5, 0x5, 0x545, 0x5, 0x5, 0x5, 0x5, 0x5, 0x5, 0x5, 0x5, 0x5,
	0x5, 0x5, 0x5, 0x5, 0x5, 0x0, 0x0, 0x0, 0x1b, 0x1b, 0x1b, 0x1b, 0x1b, 0x1b, 0x1b, 0x1b,
	0x1b, 0x1b, 0x1b, 0x1b, 0x1b, 0x1b, 0x1b, 0x1b, 0x5, 0x5, 0x5, 0x5, 0x5, 0x5, 0x5, 0x5,
	0x5, 0x5, 0x5, 0x5, 0x5, 0x5, 0x5, 0x5, 0x5, 0x5, 0x5, 0x5, 0x5, 0x4, 0x5, 0x5,
	0x5, 0x5, 0x5, 0x5, 0x5, 0x5, 0x5, 0x5, 0x1b, 0x1b, 0x1b, 0x1b, 0x1b, 0x1b, 0x1b, 0x0,
	0x0, 0x0, 0x0, 0x0, 0x0, 0x0, 0x0, 0x0, 0x5, 0x5, 0x5, 0x5, 0x5, 0x5, 0x5, 0x5,
	0x5, 0x5, 0x5, 0x5, 0x5, 0x5, 0x5, 0x5, 0x4, 0x17, 0x17, 0x17, 0x5, 0x5, 0x5, 0x5,
	0x5, 0x5, 0x5, 0x5, 0x5, 0x5, 0x5, 0x5, 0x5, 0x5, 0x5, 0x5, 0x49, 0x89, 0xc9, 0x109,
	0x149, 0x189, 0x1c9, 0x209, 0x249, 0x289, 0x5, 0x5, 0x0, 0x0, 0x0, 0x0, 0x0, 0x0, 0x0, 0x0,
	0x0, 0x0, 0x0, 0x0, 0x0, 0x0, 0x0, 0x0, 0x0, 0x0, 0x0, 0x0, 0x1, 0x2, 0x1, 0x2,
	0x1, 0x2, 0x1, 0x2, 0x1, 0x2, 0x1, 0x2, 0x1, 0x2, 0x1, 0x2, 0x1, 0x2, 0x1, 0x2,
	0x1, 0x2, 0x1, 0x2, 0x1, 0x2, 0x1, 0x2, 0x4, 0x4, 0x6, 0x6, 0x1, 0x2, 0x1, 0x2,
	0x1, 0x2, 0x1, 0x2, 0x1, 0x2, 0x1, 0x2, 0x1, 0x2, 0x5, 0x6, 0x7, 0x7, 0x7, 0x17,
	0x6, 0x6, 0x6, 0x6, 0x6, 0x6, 0x6, 0x6, 0x6, 0x6, 0x17, 0x4, 0x5, 0x5, 0x5, 0x5,
	0x5, 0x5, 0x58a, 0x5ca, 0x60a, 0x64a, 0x68a, 0x6ca, 0x70a, 0x74a, 0x78a, 0x54a, 0x6, 0x6, 0x17, 0x17,
	0x17, 0x17, 0x17, 0x17, 0x0, 0x0, 0x0, 0x0, 0x0, 0x0, 0x0, 0x0, 0x1a, 0x1a, 0x1a, 0x1a,
	0x1a, 0x1a, 0x1a, 0x1a, 0x1a, 0x1a, 0x1a, 0x1a, 0x1a, 0x1a, 0x1a, 0x1a, 0x1a, 0x1a, 0x1a, 0x1a,
	0x1a, 0x1a, 0x1a, 0x4, 0x4, 0x4, 0x4, 0x4, 0x4, 0x4, 0x4, 0x4, 0x0, 0x0, 0x0, 0x0,
	0x0, 0x0, 0x0, 0x0, 0x0, 0x0, 0x0, 0x0, 0x0, 0x0, 0x0, 0x0, 0x0, 0x0, 0x4, 0x4,
	0x4, 0x1, 0x2, 0x5, 0x4, 0x4, 0x2, 0x5, 0x5, 0x5, 0x5, 0x5, 0x1a, 0x1a, 0x1, 0x2,
	0x1, 0x2, 0x1, 0x2, 0x1, 0x2, 0x1, 0x2, 0x1, 0x2, 0x1, 0x2, 0x2, 0x2, 0x1, 0x2,
	0x1, 0x2, 0x1, 0x2, 0x1, 0x2, 0x1, 0x2, 0x1, 0x2, 0x1, 0x2, 0x1, 0x2, 0x1, 0x2,
	0x4, 0x2, 0x2, 0x2, 0x2, 0x2, 0x2, 0x2, 0x2, 0x1, 0x2, 0x1, 0x2, 0x1, 0x1, 0x2,
	0x1, 0x2, 0x1, 0x2, 0x1, 0x2, 0x1, 0x2, 0x4, 0x1a, 0x1a, 0x1, 0x2, 0x1, 0x2, 0x5,
	0x1, 0x2, 0x1, 0x2, 0x2, 0x2, 0x1, 0x2, 0x1, 0x2, 0x1, 0x2, 0x1, 0x2, 0x1, 0x2,
	0x1, 0x2, 0x1, 0x1, 0x1, 0x1, 0x1, 0x2, 0x1, 0x1, 0x1, 0x1, 0x1, 0x2, 0x1, 0x2,
	0x1, 0x2, 0x1, 0x2, 0x1, 0x2, 0x1, 0x2, 0x1, 0x1, 0x1, 0x1, 0x2, 0x1, 0x2, 0x0,
	0x0, 0x0, 0x0, 0x0, 0x1, 0x2, 0x0, 0x2, 0x0, 0x2, 0x1, 0x2, 0x1, 0x2, 0x0, 0x0,
	0x0, 0x0, 0x0, 0x0, 0x5, 0x5, 0x6, 0x5, 0x5, 0x5, 0x6, 0x5, 0x5, 0x5, 0x5, 0x6,
	0x5, 0x5, 0x5, 0x5, 0x5, 0x5, 0x5, 0x5, 0x5, 0x5, 0x5, 0x5, 0x5, 0x5, 0x5, 0x5,
	0x5, 0x5, 0x5, 0x5, 0x5, 0x5, 0x5, 0x8, 0x8, 0x6, 0x6, 0x8, 0x1b, 0x1b, 0x1b, 0x1b,
	0x6, 0x0, 0x0, 0x0, 0x34cb, 0x344b, 0x3ccb, 0x37cb, 0x35cb, 0x3fcb, 0x1b, 0x1b, 0x19, 0x1b, 0x0, 0x0,
	0x0, 0x0, 0x0, 0x0, 0x5, 0x5, 0x5, 0x5, 0x5, 0x5, 0x5, 0x5, 0x5, 0x5, 0x5, 0x5,
	0x5, 0x5, 0x5, 0x5, 0x5, 0x5, 0x5, 0x5, 0x17, 0x17, 0x17, 0x17, 0x0, 0x0, 0x0, 0x0,
	0x0, 0x0, 0x0, 0x0, 0x8, 0x8, 0x8, 0x8, 0x6, 0x6, 0x0, 0x0, 0x0, 0x0, 0x0, 0x0,
	0x0, 0x0, 0x17, 0x17, 0x49, 0x89, 0xc9, 0x109, 0x149, 0x189, 0x1c9, 0x209, 0x249, 0x289, 0x0, 0x0,
	0x0, 0x0, 0x0, 0x0, 0x8, 0x8, 0x5, 0x5, 0x5, 0x5, 0x5, 0x5, 0x5, 0x5, 0x5, 0x5,
	0x5, 0x5, 0x5, 0x5, 0x5, 0x5, 0x5, 0x5, 0x5, 0x5, 0x5, 0x5, 0x5, 0x5, 0x5, 0x5,
	0x5, 0x5, 0x5, 0x5, 0x8, 0x8, 0x8, 0x8, 0x8, 0x8, 0x8, 0x8, 0x8, 0x8, 0x8, 0x8,
	0x6, 0x6, 0x6, 0x6, 0x6, 0x6, 0x6, 0x6, 0x6, 0x6, 0x6, 0x6, 0x6, 0x6, 0x6, 0x6,
	0x6, 0x6, 0x5, 0x5, 0x5, 0x5, 0x5, 0x5, 0x17, 0x17, 0x17, 0x5, 0x17, 0x5, 0x5, 0x6,
	0x5, 0x5, 0x5, 0x5, 0x5, 0x5, 0x6, 0x6, 0x6, 0x6, 0x6, 0x6, 0x6, 0x6, 0x17, 0x17,
	0x5, 0x5, 0x5, 0x5, 0x5, 0x5, 0x5, 0x5, 0x5, 0x5, 0x5, 0x5, 0x5, 0x5, 0x5, 0x5,
	0x5, 0x5, 0x5, 0x6, 0x6, 0x6, 0x6, 0x6, 0x6, 0x6, 0x6, 0x6, 0x6, 0x6, 0x8, 0x8,
	0x0, 0x0, 0x0, 0x0, 0x0, 0x0, 0x0, 0x0, 0x0, 0x0, 0x0, 0x17, 0x8, 0x17, 0x17, 0x17,
	0x17, 0x17, 0x17, 0x17, 0x17, 0x17, 0x17, 0x17, 0x17, 0x17, 0x0, 0x4, 0x49, 0x89, 0xc9, 0x109,
	0x149, 0x189, 0x1c9, 0x209, 0x249, 0x289, 0x0, 0x0, 0x0, 0x0, 0x17, 0x17, 0x5, 0x5, 0x5, 0x5,
	0x5, 0x5, 0x5, 0x5, 0x5, 0x5, 0x5, 0x5, 0x5, 0x5, 0x5, 0x5, 0x5, 0x5, 0x5, 0x6,
	0x8, 0x8, 0x6, 0x6, 0x6, 0x6, 0x8, 0x8, 0x6, 0x6, 0x8, 0x8, 0x5, 0x5, 0x5, 0x5,
	0x5, 0x6, 0x4, 0x5, 0x5, 0x5, 0x5, 0x5, 0x5, 0x5, 0x5, 0x5, 0x49, 0x89, 0xc9, 0x109,
	0x149, 0x189, 0x1c9, 0x209, 0x249, 0x289, 0x5, 0x5, 0x5, 0x5, 0x5, 0x0, 0x5, 0x5, 0x5, 0x5,
	0x5, 0x5, 0x5, 0x5, 0x5, 0x6, 0x6, 0x6, 0x6, 0x6, 0x6, 0x8, 0x8, 0x6, 0x6, 0x8,
	0x8, 0x6, 0x6, 0x0, 0x0, 0x0, 0x0, 0x0, 0x0, 0x0, 0x0, 0x0, 0x5, 0x5, 0x5, 0x6,
	0x5, 0x5, 0x5, 0x5, 0x5, 0x5, 0x5, 0x5, 0x6, 0x8, 0x0, 0x0, 0x49, 0x89, 0xc9, 0x109,
	0x149, 0x189, 0x1c9, 0x209, 0x249, 0x289, 0x0, 0x0, 0x17, 0x17, 0x17, 0x17, 0x5, 0x5, 0x5, 0x5,
	0x5, 0x5, 0x5, 0x5, 0x5, 0x5, 0x5, 0x5, 0x5, 0x5, 0x5, 0x5, 0x4, 0x5, 0x5, 0x5,
	0x5, 0x5, 0x5, 0x1b, 0x1b, 0x1b, 0x5, 0x8, 0x6, 0x8, 0x5, 0x5, 0x5, 0x5, 0x5, 0x5,
	0x5, 0x5, 0x5, 0x5, 0x5, 0x5, 0x5, 0x5, 0x5, 0x5, 0x5, 0x5, 0x6, 0x5, 0x6, 0x6,
	0x6, 0x5, 0x5, 0x6, 0x6, 0x5, 0x5, 0x5, 0x5, 0x5, 0x6, 0x6, 0x5, 0x6, 0x5, 0x0,
	0x0, 0x0, 0x0, 0x0, 0x0, 0x0, 0x0, 0x0, 0x0, 0x0, 0x0, 0x0, 0x0, 0x0, 0x0, 0x0,
	0x0, 0x0, 0x0, 0x0, 0x0, 0x0, 0x0, 0x5, 0x5, 0x4, 0x17, 0x17, 0x5, 0x5, 0x5, 0x5,
	0x5, 0x5, 0x5, 0x5, 0x5, 0x5, 0x5, 0x8, 0x6, 0x6, 0x8, 0x8, 0x17, 0x17, 0x5, 0x4,
	0x4, 0x8, 0x6, 0x0, 0x0, 0x0, 0x0, 0x0, 0x0, 0x0, 0x0, 0x0, 0x0, 0x5, 0x5, 0x5,
	0x5, 0x5, 0x5, 0x0, 0x0, 0x5, 0x5, 0x5, 0x5, 0x5, 0x5, 0x0, 0x0, 0x5, 0x5, 0x5,
	0x5, 0x5, 0x5, 0x0, 0x0, 0x0, 0x0, 0x0, 0x0, 0x0, 0x0, 0x0, 0x5, 0x5, 0x5, 0x5,
	0x5, 0x5, 0x5, 0x0, 0x5, 0x5, 0x5, 0x5, 0x5, 0x5, 0x5, 0x0, 0x2, 0x2, 0x2, 0x2,
	0x2, 0x2, 0x2, 0x2, 0x2, 0x2, 0x2, 0x2, 0x2, 0x2, 0x2, 0x2, 0x2, 0x2, 0x2, 0x2,
	0x2, 0x2, 0x2, 0x2, 0x2, 0x2, 0x2, 0x1a, 0x4, 0x4, 0x4, 0x4, 0x2, 0x2, 0x2, 0x2,
	0x2, 0x2, 0x2, 0x2, 0x2, 0x4, 0x1a, 0x1a, 0x0, 0x0, 0x0, 0x0, 0x2, 0x2, 0x2, 0x2,
	0x2, 0x2, 0x2, 0x2, 0x2, 0x2, 0x2, 0x2, 0x2, 0x2, 0x2, 0x2, 0x5, 0x5, 0x5, 0x8,
	0x8, 0x6, 0x8, 0x8, 0x6, 0x8, 0x8, 0x17, 0x8, 0x6, 0x0, 0x0, 0x49, 0x89, 0xc9, 0x109,
	0x149, 0x189, 0x1c9, 0x209, 0x249, 0x289, 0x0, 0x0, 0x0, 0x0, 0x0, 0x0, 0x5, 0x5, 0x5, 0x5,
	0x0, 0x0, 0x0, 0x0, 0x0, 0x0, 0x0, 0x0, 0x0, 0x0, 0x0, 0x0, 0x5, 0x5, 0x5, 0x5,
	0x5, 0x5, 0x5, 0x5, 0x5, 0x5, 0x5, 0x5, 0x5, 0x5, 0x5, 0x5, 0x5, 0x5, 0x5, 0x5,
	0x5, 0x5, 0x5, 0x5, 0x5, 0x5, 0x5, 0x5, 0x0, 0x0, 0x0, 0x0, 0x5, 0x5, 0x5, 0x5,
	0x5, 0x5, 0x5, 0x0, 0x0, 0x0, 0x0, 0x5, 0x5, 0x5, 0x5, 0x5, 0x5, 0x5, 0x5, 0x5,
	0x5, 0x5, 0x5, 0x5, 0x5, 0x5, 0x5, 0x5, 0x5, 0x5, 0x5, 0x5, 0x12, 0x12, 0x12, 0x12,
	0x12, 0x12, 0x12, 0x12, 0x12, 0x12, 0x12, 0x12, 0x12, 0x12, 0x12, 0x12, 0x12, 0x12, 0x12, 0x12,
	0x12, 0x12, 0x12, 0x12, 0x12, 0x12, 0x12, 0x12, 0x12, 0x12, 0x12, 0x12, 0x11, 0x11, 0x11, 0x11,
	0x11, 0x11, 0x11, 0x11, 0x11, 0x11, 0x11, 0x11, 0x11, 0x11, 0x11, 0x11, 0x11, 0x11, 0x11, 0x11,
	0x11, 0x11, 0x11, 0x11, 0x11, 0x11, 0x11, 0x11, 0x11, 0x11, 0x11, 0x11, 0x5, 0x5, 0x5, 0x5,
	0x5, 0x5, 0x5, 0x5, 0x5, 0x5, 0x5, 0x605, 0x5, 0x5, 0x5, 0x5, 0x5, 0x5, 0x5, 0x7c5,
	0x5, 0x5, 0x5, 0x5, 0x5c5, 0x5, 0x5, 0x5, 0x5, 0x5, 0x5, 0x5, 0x5, 0x5, 0x5, 0x5,
	0x5, 0x5, 0x5, 0x5, 0x5, 0x5, 0x5, 0x5, 0x5, 0x6c5, 0x5, 0x6c5, 0x5, 0x5, 0x5, 0x5,
	0x5, 0x5, 0x5, 0x5, 0x5, 0x5, 0x5, 0x5, 0x5, 0x5, 0x5, 0x5, 0x5, 0x5, 0x5, 0x5,
	0x5, 0x5, 0x5, 0x5, 0x5, 0x5, 0x5, 0x5, 0x5, 0x7c5, 0x5, 0x5, 0x5, 0x5, 0x5, 0x5,
	0x5, 0x5, 0x5, 0x5, 0x5, 0x5, 0x5, 0x5, 0x5, 0x5, 0x0, 0x0, 0x5, 0x5, 0x5, 0x5,
	0x5, 0x5, 0x5, 0x5, 0x5, 0x5, 0x5, 0x5, 0x5, 0x5, 0x5, 0x5, 0x5, 0x18, 0x5, 0x5,
	0x5, 0x5, 0x5, 0x5, 0x5, 0x5, 0x5, 0x5, 0x5, 0x5, 0x5, 0x0, 0x5, 0x5, 0x5, 0x5,
	0x5, 0x0, 0x5, 0x0, 0x5, 0x5, 0x0, 0x5, 0x5, 0x0, 0x5, 0x5, 0x5, 0x5, 0x5, 0x5,
	0x5, 0x5, 0x5, 0x5, 0x5, 0x5, 0x5, 0x5, 0x5, 0x5, 0x5, 0x5, 0x5, 0x5, 0x5, 0x5,
	0x5, 0x5, 0x5, 0x5, 0x2, 0x2, 0x2, 0x2, 0x2, 0x2, 0x2, 0x0, 0x0, 0x0, 0x0, 0x0,
	0x0, 0x0, 0x0, 0x0, 0x0, 0x0, 0x0, 0x2, 0x2, 0x2, 0x2, 0x2, 0x0, 0x0, 0x0, 0x0,
	0x0, 0x5, 0x6, 0x5, 0x5, 0x5, 0x5, 0x5, 0x5, 0x5, 0x5, 0x5, 0x5, 0x5, 0x5, 0x5,
	0x5, 0x5, 0x5, 0x5, 0x5, 0x5, 0x1a, 0x1a, 0x1a, 0x1a, 0x1a, 0x1a, 0x1a, 0x1a, 0x1a, 0x1a,
	0x1a, 0x1a, 0x1a, 0x1a, 0x1a, 0x1a, 0x1a, 0x0, 0x0, 0x0, 0x0, 0x0, 0x0, 0x0, 0x0, 0x0,
	0x0, 0x0, 0x0, 0x0, 0x0, 0x0, 0x0, 0x5, 0x5, 0x5, 0x5, 0x5, 0x5, 0x5, 0x5, 0x5,
	0x5, 0x5, 0x5, 0x5, 0x5, 0x5, 0x5, 0x5, 0x5, 0x5, 0x5, 0x5, 0x5, 0x5, 0x5, 0x5,
	0x5, 0x5, 0x5, 0x5, 0x5, 0x5, 0x15, 0x14, 0x5, 0x5, 0x5, 0x5, 0x5, 0x5, 0x5, 0x5,
	0x5, 0x5, 0x5, 0x5, 0x5, 0x5, 0x5, 0x5, 0x0, 0x0, 0x5, 0x5, 0x5, 0x5, 0x5, 0x5,
	0x5, 0x5, 0x5, 0x5, 0x5, 0x5, 0x5, 0x5, 0x0, 0x0, 0x0, 0x0, 0x0, 0x0, 0x0, 0x1b,
	0x0, 0x0, 0x0, 0x0, 0x0, 0x0, 0x0, 0x0, 0x0, 0x0, 0x0, 0x0, 0x0, 0x0, 0x0, 0x0,
	0x5, 0x5, 0x5, 0x5, 0x5, 0x5, 0x5, 0x5, 0x5, 0x5, 0x5, 0x5, 0x19, 0x1b, 0x1b, 0x1b,
	0x6, 0x6, 0x6, 0x6, 0x6, 0x6, 0x6, 0x6, 0x6, 0x6, 0x6, 0x6, 0x6, 0x6, 0x6, 0x6,
	0x17, 0x17, 0x17, 0x17, 0x17, 0x17, 0x17, 0x14, 0x15, 0x17, 0x0, 0x0, 0x0, 0x0, 0x0, 0x0,
	0x6, 0x6, 0x6, 0x6, 0x6, 0x6, 0x6, 0x6, 0x6, 0x6, 0x6, 0x6, 0x6, 0x6, 0x6, 0x6,
	0x17, 0x13, 0x13, 0x16, 0x16, 0x14, 0x15, 0x14, 0x15, 0x14, 0x15, 0x14, 0x15, 0x14, 0x15, 0x14,
	0x15, 0x17, 0x17, 0x14, 0x15, 0x17, 0x17, 0x17, 0x17, 0x16, 0x16, 0x16, 0x17, 0x17, 0x17, 0x0,
	0x17, 0x17, 0x17, 0x17, 0x13, 0x14, 0x15, 0x14, 0x15, 0x14, 0x15, 0x17, 0x17, 0x17, 0x18, 0x13,
	0x18, 0x18, 0x18, 0x0, 0x17, 0x19, 0x17, 0x17, 0x0, 0x0, 0x0, 0x0, 0x5, 0x5, 0x5, 0x5,
	0x5, 0x0, 0x5, 0x5, 0x5, 0x5, 0x5, 0x5, 0x5, 0x5, 0x5, 0x5, 0x5, 0x5, 0x5, 0x5,
	0x5, 0x5, 0x5, 0x5, 0x5, 0x5, 0x5, 0x5, 0x5, 0x5, 0x5, 0x5, 0x5, 0x5, 0x5, 0x5,
	0x5, 0x0, 0x0, 0x10, 0x0, 0x0, 0x5, 0x5, 0x5, 0x5, 0x5, 0x5, 0x0, 0x0, 0x5, 0x5,
	0x5, 0x5, 0x5, 0x5, 0x0, 0x0, 0x5, 0x5, 0x5, 0x5, 0x5, 0x5, 0x0, 0x0, 0x5, 0x5,
	0x5, 0x0, 0x0, 0x0, 0x19, 0x19, 0x18, 0x1a, 0x1b, 0x19, 0x19, 0x0, 0x1b, 0x18, 0x18, 0x18,
	0x18, 0x1b, 0x1b, 0x0, 0x0, 0x0, 0x0, 0x0, 0x0, 0x0, 0x0, 0x0, 0x0, 0x10, 0x10, 0x10,
	0x1b, 0x1b, 0x0, 0x0, 0x0, 0x17, 0x17, 0x17, 0x19, 0x17, 0x17, 0x17, 0x14, 0x15, 0x17, 0x18,
	0x17, 0x13, 0x17, 0x17, 0x49, 0x89, 0xc9, 0x109, 0x149, 0x189, 0x1c9, 0x209, 0x249, 0x289, 0x17, 0x17,
	0x18, 0x18, 0x18, 0x17, 0x1a, 0x2, 0x2, 0x2, 0x2, 0x2, 0x2, 0x2, 0x2, 0x2, 0x2, 0x2,
	0x2, 0x2, 0x2, 0x2, 0x2, 0x2, 0x2, 0x2, 0x2, 0x2, 0x2, 0x2, 0x2, 0x2, 0x2, 0x14,
	0x18, 0x15, 0x18, 0x14, 0x15, 0x17, 0x14, 0x15, 0x17, 0x17, 0x5, 0x5, 0x5, 0x5, 0x5, 0x5,
	0x5, 0x5, 0x5, 0x5, 0x4, 0x5, 0x5, 0x5, 0x5, 0x5, 0x5, 0x5, 0x5, 0x5, 0x5, 0x5,
	0x5, 0x5, 0x5, 0x5, 0x5, 0x5, 0x5, 0x5, 0x5, 0x5, 0x5, 0x5, 0x5, 0x5, 0x5, 0x5,
	0x5, 0x5, 0x5, 0x5, 0x5, 0x5, 0x4, 0x4, 0x5, 0x5, 0x5, 0x5, 0x5, 0x5, 0x5, 0x5,
	0x5, 0x5, 0x5, 0x5, 0x0, 0x5, 0x5, 0x5, 0x5, 0x5, 0x5, 0x5, 0x5, 0x5, 0x5, 0x5,
	0x5, 0x5, 0x5, 0x5, 0x5, 0x5, 0x5, 0x5, 0x5, 0x5, 0x5, 0x0, 0x5, 0x5, 0x5, 0x5,
	0x5, 0x5, 0x5, 0x5, 0x5, 0x5, 0x5, 0x5, 0x5, 0x5, 0x5, 0x5, 0x5, 0x5, 0x5, 0x0,
	0x5, 0x5, 0x0, 0x5, 0x5, 0x5, 0x5, 0x5, 0x5, 0x5, 0x5, 0x5, 0x5, 0x5, 0x5, 0x5,
	0x5, 0x5, 0x0, 0x0, 0x5, 0x5, 0x5, 0x5, 0x5, 0x5, 0x5, 0x5, 0x5, 0x5, 0x5, 0x5,
	0x5, 0x5, 0x0, 0x0, 0x5, 0x5, 0x5, 0x5, 0x5, 0x5, 0x5, 0x5, 0x5, 0x5, 0x5, 0x5,
	0x5, 0x5, 0x5, 0x5, 0x5, 0x5, 0x5, 0x5, 0x5, 0x5, 0x5, 0x5, 0x5, 0x5, 0x5, 0x0,
	0x0, 0x0, 0x0, 0x0, 0xb00b, 0xb80b, 0x784b, 0x804b, 0x884b, 0x904b, 0x984b, 0xa04b, 0xa84b, 0xb04b, 0xb84b, 0x788b,
	0x808b, 0x888b, 0x908b, 0x988b, 0xa08b, 0xa88b, 0xb08b, 0xb88b, 0x0, 0x0, 0x0, 0x1b, 0x1b, 0x1b, 0x1b, 0x1b,
	0x1b, 0x1b, 0x1b, 0x1b, 0x17, 0x17, 0x17, 0x0, 0x0, 0x0, 0x0, 0x58b, 0x5cb, 0x60b, 0x64b, 0x68b,
	0x6cb, 0x70b, 0x74b, 0x78b, 0x7cb, 0xa4b, 0xccb, 0xf4b, 0x11cb, 0x144b, 0x16cb, 0x194b, 0x1bcb, 0x1e4b, 0x800b, 0x880b,
	0x900b, 0x980b, 0xa00b, 0xa80b, 0x7ca, 0x7ca, 0x7ca, 0x7ca, 0x7ca, 0xcca, 0x11ca, 0x11ca, 0x11ca, 0x11ca, 0x1e4a, 0x880a,
	0x980a, 0x980a, 0x980a, 0x980a, 0x980a, 0x784a, 0x984a, 0x68a, 0x11ca, 0x344b, 0x344b, 0x388b, 0x3ccb, 0x1b, 0x1b, 0x1b,
	0x1b, 0x1b, 0x1b, 0x1b, 0x1b, 0x1b, 0x1b, 0x1b, 0x1b, 0x1b, 0x54b, 0x34cb, 0x1b, 0x1b, 0x1b, 0x0,
	0x1b, 0x1b, 0x1b, 0x1b, 0x1b, 0x1b, 0x1b, 0x1b, 0x1b, 0x1b, 0x1b, 0x1b, 0x1b, 0x0, 0x0, 0x0,
	0x34ca, 0x344a, 0x58a, 0x68a, 0x11ca, 0x980a, 0x984a, 0x988a, 0x68a, 0x7ca, 0x11ca, 0x1e4a, 0x980a, 0x784a, 0x984a, 0x68a,
	0x7ca, 0x11ca, 0x1e4a, 0x980a, 0x784a, 0x788a, 0x988a, 0x7ca, 0x58a, 0x58a, 0x58a, 0x5ca, 0x5ca, 0x5ca, 0x5ca, 0x68a,
	0x1b, 0x0, 0x0, 0x0, 0x0, 0x0, 0x0, 0x0, 0x0, 0x0, 0x0, 0x0, 0x0, 0x0, 0x0, 0x0,
	0x0, 0x0, 0x0, 0x0, 0x0, 0x0, 0x0, 0x0, 0x0, 0x0, 0x0, 0x0, 0x0, 0x0, 0x0, 0x0,
	0x1b, 0x1b, 0x1b, 0x1b, 0x1b, 0x1b, 0x1b, 0x1b, 0x1b, 0x1b, 0x1b, 0x1b, 0x1b, 0x1b, 0x1b, 0x1b,
	0x1b, 0x1b, 0x1b, 0x1b, 0x1b, 0x1b, 0x1b, 0x1b, 0x1b, 0x1b, 0x1b, 0x1b, 0x1b, 0x6, 0x0, 0x0,
	0x5, 0x5, 0x5, 0x5, 0x5, 0x5, 0x5, 0x5, 0x5, 0x5, 0x5, 0x5, 0x5, 0x5, 0x5, 0x5,
	0x5, 0x0, 0x0, 0x0, 0x0, 0x0, 0x0, 0x0, 0x0, 0x0, 0x0, 0x0, 0x0, 0x0, 0x0, 0x0,
	0x6, 0x58b, 0x5cb, 0x60b, 0x64b, 0x68b, 0x6cb, 0x70b, 0x74b, 0x78b, 0x7cb, 0xa4b, 0xccb, 0xf4b, 0x11cb, 0x144b,
	0x16cb, 0x194b, 0x1bcb, 0x1e4b, 0x800b, 0x880b, 0x900b, 0x980b, 0xa00b, 0xa80b, 0xb00b, 0xb80b, 0x0, 0x0, 0x0, 0x0,
	0x58b, 0x68b, 0x7cb, 0x11cb, 0x0, 0x0, 0x0, 0x0, 0x0, 0x0, 0x0, 0x0, 0x0, 0x5, 0x5, 0x5,
	0x5, 0x5, 0x5, 0x5, 0x5, 0x5, 0x5, 0x5, 0x5, 0x5, 0x5, 0x5, 0x5, 0x5, 0x5, 0x5,
	0x5, 0x1bca, 0x5, 0x5, 0x5, 0x5, 0x5, 0x5, 0x5, 0x5, 0xb80a, 0x0, 0x0, 0x0, 0x0, 0x0,
	0x5, 0x5, 0x5, 0x5, 0x5, 0x5, 0x5, 0x5, 0x5, 0x5, 0x5, 0x5, 0x5, 0x5, 0x5, 0x5,
	0x5, 0x5, 0x5, 0x5, 0x5, 0x5, 0x6, 0x6, 0x6, 0x6, 0x6, 0x0, 0x0, 0x0, 0x0, 0x0,
	0x5, 0x5, 0x5, 0x5, 0x5, 0x5, 0x5, 0x5, 0x5, 0x5, 0x5, 0x5, 0x5, 0x5, 0x5, 0x5,
	0x5, 0x5, 0x5, 0x5, 0x5, 0x5, 0x5, 0x5, 0x5, 0x5, 0x5, 0x5, 0x5, 0x5, 0x0, 0x17,
	0x5, 0x5, 0x5, 0x5, 0x0, 0x0, 0x0, 0x0, 0x5, 0x5, 0x5, 0x5, 0x5, 0x5, 0x5, 0x5,
	0x17, 0x58a, 0x5ca, 0x7ca, 0xa4a, 0x1e4a, 0x0, 0x0, 0x0, 0x0, 0x0, 0x0, 0x0, 0x0, 0x0, 0x0,
	0x2, 0x2, 0x2, 0x2, 0x2, 0x2, 0x2, 0x2, 0x2, 0x2, 0x2, 0x2, 0x2, 0x2, 0x2, 0x2,
	0x5, 0x5, 0x5, 0x5, 0x5, 0x5, 0x5, 0x5, 0x5, 0x5, 0x5, 0x5, 0x5, 0x5, 0x5, 0x5,
	0x5, 0x5, 0x5, 0x5, 0x5, 0x5, 0x5, 0x5, 0x5, 0x5, 0x5, 0x5, 0x5, 0x5, 0x0, 0x0,
	0x49, 0x89, 0xc9, 0x109, 0x149, 0x189, 0x1c9, 0x209, 0x249, 0x289, 0x0, 0x0, 0x0, 0x0, 0x0, 0x0,
	0x1, 0x1, 0x1, 0x1, 0x1, 0x1, 0x1, 0x1, 0x1, 0x1, 0x1, 0x1, 0x1, 0x1, 0x1, 0x1,
	0x2, 0x2, 0x2, 0x2, 0x2, 0x2, 0x2, 0x2, 0x2, 0x2, 0x2, 0x2, 0x2, 0x2, 0x2, 0x2,
	0x2, 0x2, 0x2, 0x2, 0x2, 0x2, 0x2, 0x2, 0x2, 0x2, 0x2, 0x2, 0x0, 0x0, 0x0, 0x0,
	0x1, 0x1, 0x1, 0x1, 0x1, 0x1, 0x1, 0x1, 0x1, 0x1, 0x1, 0x1, 0x1, 0x1, 0x1, 0x1,
	0x1, 0x1, 0x1, 0x1, 0x0, 0x0, 0x0, 0x0, 0x2, 0x2, 0x2, 0x2, 0x2, 0x2, 0x2, 0x2,
	0x5, 0x5, 0x5, 0x5, 0x5, 0x5, 0x5, 0x5, 0x0, 0x0, 0x0, 0x0, 0x0, 0x0, 0x0, 0x0,
	0x5, 0x5, 0x5, 0x5, 0x5, 0x5, 0x5, 0x5, 0x5, 0x5, 0x5, 0x5, 0x5, 0x5, 0x5, 0x5,
	0x0, 0x0, 0x0, 0x0, 0x0, 0x0, 0x0, 0x0, 0x0, 0x0, 0x0, 0x17, 0x1, 0x1, 0x1, 0x1,
	0x1, 0x1, 0x1, 0x1, 0x1, 0x1, 0x1, 0x0, 0x1, 0x1, 0x1, 0x1, 0x2, 0x2, 0x0, 0x2,
	0x2, 0x2, 0x2, 0x2, 0x2, 0x2, 0x2, 0x2, 0x2, 0x2, 0x2, 0x2, 0x2, 0x2, 0x0, 0x2,
	0x2, 0x2, 0x2, 0x2, 0x2, 0x2, 0x0, 0x2, 0x2, 0x0, 0x0, 0x0, 0x1, 0x1, 0x1, 0x1,
	0x1, 0x1, 0x1, 0x1, 0x1, 0x1, 0x1, 0x0, 0x1, 0x1, 0x1, 0x1, 0x1, 0x1, 0x1, 0x0,
	0x1, 0x1, 0x0, 0x2, 0x2, 0x2, 0x2, 0x2, 0x2, 0x2, 0x2, 0x2, 0x5, 0x5, 0x5, 0x5,
	0x5, 0x5, 0x5, 0x5, 0x0, 0x0, 0x0, 0x0, 0x0, 0x0, 0x0, 0x0, 0x0, 0x0, 0x0, 0x0,
	0x0, 0x0, 0x0, 0x0, 0x0, 0x0, 0x0, 0x0, 0x0, 0x0, 0x0, 0x0, 0x4, 0x4, 0x4, 0x4,
	0x4, 0x4, 0x4, 0x4, 0x4, 0x4, 0x4, 0x4, 0x4, 0x4, 0x4, 0x4, 0x4, 0x0, 0x4, 0x4,
	0x4, 0x4, 0x4, 0x4, 0x4, 0x4, 0x4, 0x0, 0x0, 0x0, 0x0, 0x0, 0x4, 0x4, 0x4, 0x4,
	0x4, 0x4, 0x0, 0x4, 0x4, 0x4, 0x4, 0x4, 0x4, 0x4, 0x4, 0x4, 0x4, 0x4, 0x4, 0x4,
	0x4, 0x4, 0x4, 0x4, 0x4, 0x4, 0x4, 0x4, 0x4, 0x4, 0x4, 0x4, 0x5, 0x5, 0x5, 0x5,
	0x5, 0x5, 0x5, 0x5, 0x5, 0x5, 0x5, 0x5, 0x5, 0x5, 0x5, 0x5, 0x5, 0x5, 0x5, 0x5,
	0x5, 0x5, 0x0, 0x5, 0x5, 0x0, 0x0, 0x0, 0x5, 0x0, 0x0, 0x5, 0x5, 0x5, 0x5, 0x5,
	0x5, 0x5, 0x0, 0x0, 0x5, 0x0, 0x5, 0x5, 0x5, 0x5, 0x5, 0x5, 0x5, 0x5, 0x5, 0x5,
	0x5, 0x5, 0x5, 0x5, 0x5, 0x5, 0x5, 0x5, 0x5, 0x5, 0x5, 0x5, 0x5, 0x5, 0x0, 0x17,
	0x58b, 0x5cb, 0x60b, 0x7cb, 0xa4b, 0x1e4b, 0x784b, 0x788b, 0x5, 0x5, 0x5, 0x5, 0x5, 0x5, 0x5, 0x5,
	0x5, 0x5, 0x5, 0x5, 0x5, 0x5, 0x5, 0x5, 0x5, 0x5, 0x5, 0x5, 0x5, 0x5, 0x5, 0x1b,
	0x1b, 0x58b, 0x5cb, 0x60b, 0x64b, 0x68b, 0x7cb, 0xa4b, 0x0, 0x0, 0x0, 0x0, 0x0, 0x0, 0x0, 0x58b,
	0x5cb, 0x60b, 0x64b, 0x64b, 0x68b, 0x7cb, 0xa4b, 0x1e4b, 0x0, 0x0, 0x0, 0x0, 0x0, 0x0, 0x0, 0x0,
	0x0, 0x0, 0x0, 0x0, 0x0, 0x0, 0x0, 0x0, 0x5, 0x5, 0x5, 0x5, 0x5, 0x5, 0x5, 0x5,
	0x5, 0x5, 0x5, 0x5, 0x5, 0x5, 0x5, 0x5, 0x5, 0x5, 0x5, 0x0, 0x5, 0x5, 0x0, 0x0,
	0x0, 0x0, 0x0, 0x58b, 0x68b, 0x7cb, 0xa4b, 0x1e4b, 0x5, 0x5, 0x5, 0x5, 0x5, 0x5, 0x5, 0x5,
	0x5, 0x5, 0x5, 0x5, 0x5, 0x5, 0x5, 0x5, 0x5, 0x5, 0x5, 0x5, 0x5, 0x5, 0x58b, 0x7cb,
	0xa4b, 0x1e4b, 0x5cb, 0x60b, 0x0, 0x0, 0x0, 0x17, 0x5, 0x5, 0x5, 0x5, 0x5, 0x5, 0x5, 0x5,
	0x5, 0x5, 0x5, 0x5, 0x5, 0x5, 0x5, 0x5, 0x5, 0x5, 0x5, 0x5, 0x5, 0x5, 0x5, 0x5,
	0x5, 0x5, 0x0, 0x0, 0x0, 0x0, 0x0, 0x17, 0xa04b, 0xa84b, 0xb04b, 0xb84b, 0x788b, 0x808b, 0x888b, 0x908b,
	0x988b, 0xa08b, 0xa88b, 0xb08b, 0xb88b, 0x78cb, 0x80cb, 0x88cb, 0x90cb, 0x98cb, 0xa0cb, 0xa8cb, 0xb0cb, 0xb8cb, 0x36cb, 0x354b,
	0x34cb, 0x348b, 0x46cb, 0x344b, 0x4ecb, 0x388b, 0x3ccb, 0x454b, 0x5, 0x5, 0x5, 0x5, 0x5, 0x5, 0x5, 0x5,
	0x5, 0x5, 0x5, 0x5, 0x5, 0x5, 0x5, 0x5, 0x5, 0x5, 0x5, 0x5, 0x5, 0x5, 0x5, 0x5,
	0x0, 0x0, 0x0, 0x0, 0x5ecb, 0x344b, 0x5, 0x5, 0x58b, 0x5cb, 0x60b, 0x64b, 0x68b, 0x6cb, 0x70b, 0x74b,
	0x78b, 0x7cb, 0xa4b, 0xccb, 0xf4b, 0x11cb, 0x144b, 0x16cb, 0x0, 0x0, 0x1e4b, 0x800b, 0x880b, 0x900b, 0x980b, 0xa00b,
	0xa80b, 0xb00b, 0xb80b, 0x784b, 0x804b, 0x884b, 0x904b, 0x984b, 0x30b, 0x34b, 0x38b, 0x3cb, 0x7cb, 0xa4b, 0x1e4b, 0x784b,
	0x344b, 0x0, 0x0, 0x0, 0x0, 0x0, 0x0, 0x0, 0x17, 0x17, 0x17, 0x17, 0x17, 0x17, 0x17, 0x17,
	0x17, 0x0, 0x0, 0x0, 0x0, 0x0, 0x0, 0x0, 0x5, 0x6, 0x6, 0x6, 0x0, 0x6, 0x6, 0x0,
	0x0, 0x0, 0x0, 0x0, 0x6, 0x6, 0x6, 0x6, 0x5, 0x5, 0x5, 0x5, 0x0, 0x5, 0x5, 0x5,
	0x0, 0x5, 0x5, 0x5, 0x5, 0x5, 0x5, 0x5, 0x5, 0x5, 0x5, 0x5, 0x5, 0x5, 0x5, 0x5,
	0x5, 0x5, 0x5, 0x5, 0x5, 0x5, 0x5, 0x5, 0x5, 0x5, 0x0, 0x0, 0x6, 0x6, 0x6, 0x0,
	0x0, 0x0, 0x0, 0x6, 0x5, 0x5, 0x5, 0x5, 0x5, 0x5, 0x5, 0x5, 0x5, 0x5, 0x5, 0x5,
	0x5, 0x5, 0x5, 0x5, 0x5, 0x5, 0x5, 0x5, 0x5, 0x5, 0x5, 0x5, 0x5, 0x5, 0x5, 0x5,
	0x5, 0x58b, 0x11cb, 0x17, 0x5, 0x5, 0x5, 0x5, 0x5, 0x5, 0x5, 0x5, 0x5, 0x5, 0x5, 0x5,
	0x5, 0x5, 0x5, 0x5, 0x5, 0x5, 0x5, 0x5, 0x5, 0x5, 0x5, 0x5, 0x5, 0x5, 0x5, 0x5,
	0x5, 0x58b, 0x7cb, 0xa4b, 0x5, 0x5, 0x5, 0x5, 0x5, 0x6, 0x6, 0x0, 0x0, 0x0, 0x0, 0x58b,
	0x68b, 0x7cb, 0xa4b, 0x1e4b, 0x17, 0x17, 0x17, 0x17, 0x17, 0x17, 0x17, 0x0, 0x0, 0x0, 0x0, 0x0,
	0x0, 0x0, 0x0, 0x0, 0x5, 0x5, 0x5, 0x5, 0x5, 0x5, 0x5, 0x5, 0x1b, 0x5, 0x5, 0x5,
	0x5, 0x5, 0x5, 0x5, 0x5, 0x5, 0x5, 0x5, 0x5, 0x5, 0x5, 0x5, 0x5, 0x5, 0x5, 0x5,
	0x5, 0x5, 0x5, 0x5, 0x5, 0x5, 0x0, 0x0, 0x0, 0x17, 0x17, 0x17, 0x17, 0x17, 0x17, 0x17,
	0x5, 0x5, 0x5, 0x5, 0x5, 0x5, 0x5, 0x5, 0x5, 0x5, 0x5, 0x5, 0x5, 0x5, 0x5, 0x5,
	0x5, 0x5, 0x5, 0x5, 0x5, 0x5, 0x0, 0x0, 0x58b, 0x5cb, 0x60b, 0x64b, 0x7cb, 0xa4b, 0x1e4b, 0x784b,
	0x5, 0x5, 0x5, 0x5, 0x5, 0x5, 0x5, 0x5, 0x5, 0x5, 0x5, 0x5, 0x5, 0x5, 0x5, 0x5,
	0x5, 0x5, 0x5, 0x0, 0x0, 0x0, 0x0, 0x0, 0x58b, 0x5cb, 0x60b, 0x64b, 0x7cb, 0xa4b, 0x1e4b, 0x784b,
	0x5, 0x5, 0x5, 0x5, 0x5, 0x5, 0x5, 0x5, 0x5, 0x5, 0x5, 0x5, 0x5, 0x5, 0x5, 0x5,
	0x5, 0x5, 0x0, 0x0, 0x0, 0x0, 0x0, 0x0, 0x0, 0x17, 0x17, 0x17, 0x17, 0x0, 0x0, 0x0,
	0x0, 0x0, 0x0, 0x0, 0x0, 0x0, 0x0, 0x0, 0x0, 0x58b, 0x5cb, 0x60b, 0x64b, 0x7cb, 0xa4b, 0x1e4b,
	0x0, 0x0, 0x0, 0x0, 0x0, 0x0, 0x0, 0x0, 0x0, 0x0, 0x0, 0x0, 0x0, 0x0, 0x0, 0x0,
	0x5, 0x5, 0x5, 0x5, 0x5, 0x5, 0x5, 0x5, 0x5, 0x0, 0x0, 0x0, 0x0, 0x0, 0x0, 0x0,
	0x0, 0x0, 0x0, 0x0, 0x0, 0x0, 0x0, 0x0, 0x0, 0x0, 0x0, 0x0, 0x0, 0x0, 0x0, 0x0,
	0x1, 0x1, 0x1, 0x1, 0x1, 0x1, 0x1, 0x1, 0x1, 0x1, 0x1, 0x1, 0x1, 0x1, 0x1, 0x1,
	0x1, 0x1, 0x1, 0x0, 0x0, 0x0, 0x0, 0x0, 0x0, 0x0, 0x0, 0x0, 0x0, 0x0, 0x0, 0x0,
	0x2, 0x2, 0x2, 0x2, 0x2, 0x2, 0x2, 0x2, 0x2, 0x2, 0x2, 0x2, 0x2, 0x2, 0x2, 0x2,
	0x2, 0x2, 0x2, 0x0, 0x0, 0x0, 0x0, 0x0, 0x0, 0x0, 0x58b, 0x68b, 0x7cb, 0x11cb, 0x1e4b, 0x784b,
	0x5, 0x5, 0x5, 0x5, 0x6, 0x6, 0x6, 0x6, 0x0, 0x0, 0x0, 0x0, 0x0, 0x0, 0x0, 0x0,
	0x49, 0x89, 0xc9, 0x109, 0x149, 0x189, 0x1c9, 0x209, 0x249, 0x289, 0x0, 0x0, 0x0, 0x0, 0x0, 0x0,
	0x30b, 0x34b, 0x38b, 0x3cb, 0x40b, 0x44b, 0x48b, 0x4cb, 0x50b, 0x7cb, 0xa4b, 0xccb, 0xf4b, 0x11cb, 0x144b, 0x16cb,
	0x194b, 0x1bcb, 0x1e4b, 0x800b, 0x880b, 0x900b, 0x980b, 0xa00b, 0xa80b, 0xb00b, 0xb80b, 0x344b, 0x34cb, 0x348b, 0x388b, 0x0,
	0x5, 0x5, 0x5, 0x5, 0x5, 0x5, 0x5, 0x5, 0x5, 0x5, 0x0, 0x6, 0x6, 0x13, 0x0, 0x0,
	0x5, 0x5, 0x0, 0x0, 0x0, 0x0, 0x0, 0x0, 0x0, 0x0, 0x0, 0x0, 0x0, 0x0, 0x0, 0x0,
	0x5, 0x5, 0x5, 0x5, 0x5, 0x5, 0x5, 0x5, 0x5, 0x5, 0x5, 0x5, 0x5, 0x5, 0x5, 0x5,
	0x5, 0x5, 0x5, 0x5, 0x5, 0x5, 0x5, 0x5, 0x5, 0x5, 0x5, 0x5, 0x5, 0x58b, 0x5cb, 0x60b,
	0x64b, 0x68b, 0x7cb, 0xa4b, 0xccb, 0x1e4b, 0x344b, 0x5, 0x0, 0x0, 0x0, 0x0, 0x0, 0x0, 0x0, 0x0,
	0x5, 0x5, 0x5, 0x5, 0x5, 0x5, 0x5, 0x5, 0x5, 0x5, 0x5, 0x5, 0x5, 0x5, 0x5, 0x5,
	0x5, 0x5, 0x6, 0x6, 0x6, 0x6, 0x6, 0x6, 0x6, 0x6, 0x6, 0x6, 0x6, 0x58b, 0x7cb, 0xa4b,
	0x1e4b, 0x17, 0x17, 0x17, 0x17, 0x17, 0x0, 0x0, 0x0, 0x0, 0x0, 0x0, 0x5, 0x5, 0x6, 0x6,
	0x6, 0x6, 0x17, 0x17, 0x17, 0x17, 0x0, 0x0, 0x0, 0x0, 0x0, 0x0, 0x0, 0x0, 0x0, 0x0,
	0x0, 0x0, 0x0, 0x0, 0x0, 0x0, 0x0, 0x0, 0x0, 0x0, 0x0, 0x0, 0x5, 0x5, 0x5, 0x5,
	0x5, 0x58b, 0x5cb, 0x60b, 0x64b, 0x7cb, 0xa4b, 0x1e4b, 0x0, 0x0, 0x0, 0x0, 0x0, 0x0, 0x0, 0x0,
	0x0, 0x0, 0x0, 0x0, 0x0, 0x0, 0x0, 0x0, 0x0, 0x0, 0x0, 0x0, 0x144b, 0x16cb, 0x194b, 0x1bcb,
	0x1e4b, 0x784b, 0x49, 0x89, 0xc9, 0x109, 0x149, 0x189, 0x1c9, 0x209, 0x249, 0x289, 0x6, 0x5, 0x5, 0x6,
	0x6, 0x5, 0x0, 0x0, 0x0, 0x0, 0x0, 0x0, 0x0, 0x0, 0x0, 0x6, 0x8, 0x6, 0x8, 0x5,
	0x5, 0x5, 0x5, 0x5, 0x5, 0x5, 0x5, 0x5, 0x5, 0x5, 0x5, 0x5, 0x5, 0x5, 0x5, 0x5,
	0x5, 0x5, 0x5, 0x5, 0x5, 0x5, 0x5, 0x5, 0x5, 0x5, 0x5, 0x5, 0x6, 0x6, 0x6, 0x6,
	0x6, 0x6, 0x6, 0x17, 0x17, 0x17, 0x17, 0x17, 0x17, 0x17, 0x0, 0x0, 0x0, 0x0, 0x30b, 0x34b,
	0x38b, 0x3cb, 0x40b, 0x44b, 0x48b, 0x4cb, 0x50b, 0x7cb, 0xa4b, 0xccb, 0xf4b, 0x11cb, 0x5, 0x5, 0x5, 0x5,
	0x5, 0x5, 0x5, 0x5, 0x5, 0x5, 0x5, 0x5, 0x5, 0x5, 0x5, 0x5, 0x8, 0x8, 0x8, 0x6,
	0x6, 0x6, 0x6, 0x8, 0x8, 0x6, 0x6, 0x17, 0x17, 0x10, 0x17, 0x17, 0x17, 0x17, 0x6, 0x0,
	0x0, 0x0, 0x0, 0x0, 0x0, 0x0, 0x0, 0x0, 0x0, 0x10, 0x0, 0x0, 0x5, 0x5, 0x5, 0x5,
	0x5, 0x5, 0x5, 0x5, 0x5, 0x5, 0x5, 0x5, 0x5, 0x5, 0x5, 0x5, 0x5, 0x0, 0x0, 0x0,
	0x0, 0x0, 0x0, 0x0, 0x49, 0x89, 0xc9, 0x109, 0x149, 0x189, 0x1c9, 0x209, 0x249, 0x289, 0x0, 0x0,
	0x0, 0x0, 0x0, 0x0, 0x5, 0x5, 0x5, 0x5, 0x5, 0x5, 0x5, 0x6, 0x6, 0x6, 0x6, 0x6,
	0x8, 0x6, 0x6, 0x6, 0x6, 0x6, 0x6, 0x6, 0x6, 0x0, 0x49, 0x89, 0xc9, 0x109, 0x149, 0x189,
	0x1c9, 0x209, 0x249, 0x289, 0x17, 0x17, 0x17, 0x17, 0x5, 0x8, 0x8, 0x5, 0x0, 0x0, 0x0, 0x0,
	0x0, 0x0, 0x0, 0x0, 0x5, 0x5, 0x5, 0x5, 0x5, 0x5, 0x5, 0x5, 0x5, 0x5, 0x5, 0x5,
	0x5, 0x5, 0x5, 0x5, 0x6, 0x6, 0x6, 0x5, 0x5, 0x5, 0x5, 0x5, 0x5, 0x5, 0x5, 0x5,
	0x5, 0x5, 0x5, 0x5, 0x5, 0x5, 0x5, 0x5, 0x5, 0x5, 0x5, 0x5, 0x5, 0x5, 0x5, 0x5,
	0x5, 0x5, 0x5, 0x5, 0x5, 0x5, 0x5, 0x6, 0x17, 0x17, 0x5, 0x0, 0x0, 0x0, 0x0, 0x0,
	0x0, 0x0, 0x0, 0x0, 0x8, 0x5, 0x5, 0x5, 0x5, 0x17, 0x17, 0x17, 0x17, 0x6, 0x6, 0x6,
	0x6, 0x17, 0x8, 0x6, 0x49, 0x89, 0xc9, 0x109, 0x149, 0x189, 0x1c9, 0x209, 0x249, 0x289, 0x5, 0x17,
	0x5, 0x17, 0x17, 0x17, 0x5, 0x5, 0x5, 0x5, 0x5, 0x5, 0x5, 0x5, 0x5, 0x5, 0x5, 0x5,
	0x5, 0x5, 0x5, 0x5, 0x5, 0x5, 0x5, 0x8, 0x8, 0x8, 0x6, 0x6, 0x6, 0x6, 0x6, 0x6,
	0x6, 0x6, 0x6, 0x8, 0x0, 0x58b, 0x5cb, 0x60b, 0x64b, 0x68b, 0x6cb, 0x70b, 0x74b, 0x78b, 0x7cb, 0xa4b,
	0xccb, 0xf4b, 0x11cb, 0x144b, 0x16cb, 0x194b, 0x1bcb, 0x1e4b, 0x784b, 0x0, 0x0, 0x0, 0x0, 0x0, 0x0, 0x0,
	0x0, 0x0, 0x0, 0x0, 0x5, 0x5, 0x5, 0x5, 0x5, 0x5, 0x5, 0x5, 0x5, 0x5, 0x5, 0x5,
	0x8, 0x8, 0x8, 0x6, 0x6, 0x6, 0x8, 0x8, 0x6, 0x8, 0x6, 0x6, 0x17, 0x17, 0x17, 0x17,
	0x17, 0x17, 0x6, 0x0, 0x5, 0x5, 0x5, 0x5, 0x5, 0x5, 0x5, 0x5, 0x5, 0x5, 0x5, 0x5,
	0x5, 0x5, 0x5, 0x5, 0x5, 0x5, 0x0, 0x5, 0x5, 0x5, 0x5, 0x5, 0x5, 0x5, 0x5, 0x5,
	0x5, 0x5, 0x5, 0x5, 0x5, 0x5, 0x5, 0x0, 0x5, 0x0, 0x5, 0x5, 0x5, 0x5, 0x0, 0x5,
	0x5, 0x5, 0x5, 0x5, 0x5, 0x5, 0x5, 0x5, 0x5, 0x5, 0x5, 0x5, 0x5, 0x5, 0x0, 0x5,
	0x5, 0x5, 0x5, 0x5, 0x5, 0x5, 0x5, 0x5, 0x5, 0x17, 0x0, 0x0, 0x0, 0x0, 0x0, 0x0,
	0x5, 0x5, 0x5, 0x5, 0x5, 0x5, 0x5, 0x5, 0x5, 0x5, 0x5, 0x5, 0x5, 0x5, 0x5, 0x5,
	0x8, 0x8, 0x8, 0x6, 0x6, 0x6, 0x6, 0x6, 0x6, 0x6, 0x6, 0x0, 0x0, 0x0, 0x0, 0x0,
	0x49, 0x89, 0xc9, 0x109, 0x149, 0x189, 0x1c9, 0x209, 0x249, 0x289, 0x0, 0x0, 0x0, 0x0, 0x0, 0x0,
	0x5, 0x5, 0x8, 0x8, 0x0, 0x0, 0x6, 0x6, 0x6, 0x6, 0x6, 0x6, 0x6, 0x0, 0x0, 0x0,
	0x6, 0x6, 0x6, 0x6, 0x6, 0x0, 0x0, 0x0, 0x0, 0x0, 0x0, 0x0, 0x0, 0x0, 0x0, 0x0,
	0x6, 0x6, 0x8, 0x8, 0x0, 0x5, 0x5, 0x5, 0x5, 0x5, 0x5, 0x5, 0x5, 0x0, 0x0, 0x5,
	0x5, 0x0, 0x0, 0x5, 0x5, 0x5, 0x5, 0x5, 0x5, 0x5, 0x5, 0x5, 0x5, 0x5, 0x5, 0x5,
	0x5, 0x0, 0x5, 0x5, 0x5, 0x5, 0x5, 0x5, 0x5, 0x0, 0x5, 0x5, 0x0, 0x5, 0x5, 0x5,
	0x5, 0x5, 0x0, 0x6, 0x6, 0x5, 0x8, 0x8, 0x6, 0x8, 0x8, 0x8, 0x8, 0x0, 0x0, 0x8,
	0x8, 0x0, 0x0, 0x8, 0x8, 0x8, 0x0, 0x0, 0x5, 0x0, 0x0, 0x0, 0x0, 0x0, 0x0, 0x8,
	0x0, 0x0, 0x0, 0x0, 0x0, 0x5, 0x5, 0x5, 0x5, 0x5, 0x5, 0x5, 0x5, 0x5, 0x5, 0x5,
	0x5, 0x5, 0x5, 0x5, 0x5, 0x5, 0x5, 0x5, 0x5, 0x5, 0x5, 0x5, 0x5, 0x8, 0x8, 0x8,
	0x6, 0x6, 0x6, 0x6, 0x6, 0x6, 0x6, 0x6, 0x8, 0x8, 0x6, 0x6, 0x6, 0x8, 0x6, 0x5,
	0x5, 0x5, 0x5, 0x17, 0x17, 0x17, 0x17, 0x17, 0x49, 0x89, 0xc9, 0x109, 0x149, 0x189, 0x1c9, 0x209,
	0x249, 0x289, 0x17, 0x17, 0x0, 0x17, 0x6, 0x5, 0x5, 0x5, 0x0, 0x0, 0x0, 0x0, 0x0, 0x0,
	0x0, 0x0, 0x0, 0x0, 0x0, 0x0, 0x0, 0x0, 0x0, 0x0, 0x0, 0x0, 0x0, 0x0, 0x0, 0x0,
	0x0, 0x0, 0x0, 0x0, 0x0, 0x0, 0x0, 0x0, 0x5, 0x5, 0x5, 0x5, 0x5, 0x5, 0x5, 0x5,
	0x5, 0x5, 0x5, 0x5, 0x5, 0x5, 0x5, 0x5, 0x8, 0x8, 0x8, 0x6, 0x6, 0x6, 0x6, 0x6,
	0x6, 0x8, 0x6, 0x8, 0x8, 0x8, 0x8, 0x6, 0x6, 0x8, 0x6, 0x6, 0x5, 0x5, 0x17, 0x5,
	0x0, 0x0, 0x0, 0x0, 0x0, 0x0, 0x0, 0x0, 0x49, 0x89, 0xc9, 0x109, 0x149, 0x189, 0x1c9, 0x209,
	0x249, 0x289, 0x0, 0x0, 0x0, 0x0, 0x0, 0x0, 0x5, 0x5, 0x5, 0x5, 0x5, 0x5, 0x5, 0x5,
	0x5, 0x5, 0x5, 0x5, 0x5, 0x5, 0x5, 0x8, 0x8, 0x8, 0x6, 0x6, 0x6, 0x6, 0x0, 0x0,
	0x8, 0x8, 0x8, 0x8, 0x6, 0x6, 0x8, 0x6, 0x6, 0x17, 0x17, 0x17, 0x17, 0x17, 0x17, 0x17,
	0x17, 0x17, 0x17, 0x17, 0x17, 0x17, 0x17, 0x17, 0x17, 0x17, 0x17, 0x17, 0x17, 0x17, 0x17, 0x17,
	0x5, 0x5, 0x5, 0x5, 0x6, 0x6, 0x0, 0x0, 0x5, 0x5, 0x5, 0x5, 0x5, 0x5, 0x5, 0x5,
	0x5, 0x5, 0x5, 0x5, 0x5, 0x5, 0x5, 0x5, 0x8, 0x8, 0x8, 0x6, 0x6, 0x6, 0x6, 0x6,
	0x6, 0x6, 0x6, 0x8, 0x8, 0x6, 0x8, 0x6, 0x6, 0x17, 0x17, 0x17, 0x5, 0x0, 0x0, 0x0,
	0x0, 0x0, 0x0, 0x0, 0x0, 0x0, 0x0, 0x0, 0x49, 0x89, 0xc9, 0x109, 0x149, 0x189, 0x1c9, 0x209,
	0x249, 0x289, 0x0, 0x0, 0x0, 0x0, 0x0, 0x0, 0x17, 0x17, 0x17, 0x17, 0x17, 0x17, 0x17, 0x17,
	0x17, 0x17, 0x17, 0x17, 0x17, 0x0, 0x0, 0x0, 0x0, 0x0, 0x0, 0x0, 0x0, 0x0, 0x0, 0x0,
	0x0, 0x0, 0x0, 0x0, 0x0, 0x0, 0x0, 0x0, 0x49, 0x89, 0xc9, 0x109, 0x149, 0x189, 0x1c9, 0x209,
	0x249, 0x289, 0x0, 0x0, 0x0, 0x0, 0x0, 0x0, 0x0, 0x0, 0x0, 0x0, 0x0, 0x0, 0x0, 0x0,
	0x0, 0x0, 0x0, 0x0, 0x0, 0x0, 0x0, 0x0, 0x5, 0x5, 0x5, 0x5, 0x5, 0x5, 0x5, 0x5,
	0x5, 0x5, 0x5, 0x6, 0x8, 0x6, 0x8, 0x8, 0x6, 0x6, 0x6, 0x6, 0x6, 0x6, 0x8, 0x6,
	0x5, 0x17, 0x0, 0x0, 0x0, 0x0, 0x0, 0x0, 0x8, 0x8, 0x6, 0x6, 0x6, 0x6, 0x8, 0x6,
	0x6, 0x6, 0x6, 0x6, 0x0, 0x0, 0x0, 0x0, 0x49, 0x89, 0xc9, 0x109, 0x149, 0x189, 0x1c9, 0x209,
	0x249, 0x289, 0x7cb, 0xa4b, 0x17, 0x17, 0x17, 0x1b, 0x5, 0x5, 0x5, 0x5, 0x5, 0x5, 0x5, 0x0,
	0x0, 0x0, 0x0, 0x0, 0x0, 0x0, 0x0, 0x0, 0x0, 0x0, 0x0, 0x0, 0x0, 0x0, 0x0, 0x0,
	0x0, 0x0, 0x0, 0x0, 0x0, 0x0, 0x0, 0x0, 0x5, 0x5, 0x5, 0x5, 0x5, 0x5, 0x5, 0x5,
	0x5, 0x5, 0x5, 0x5, 0x8, 0x8, 0x8, 0x6, 0x6, 0x6, 0x6, 0x6, 0x6, 0x6, 0x6, 0x6,
	0x8, 0x6, 0x6, 0x17, 0x0, 0x0, 0x0, 0x0, 0x49, 0x89, 0xc9, 0x109, 0x149, 0x189, 0x1c9, 0x209,
	0x249, 0x289, 0x7cb, 0xa4b, 0xccb, 0xf4b, 0x11cb, 0x144b, 0x16cb, 0x194b, 0x1bcb, 0x0, 0x0, 0x0, 0x0, 0x0,
	0x0, 0x0, 0x0, 0x0, 0x0, 0x0, 0x0, 0x5, 0x8, 0x5, 0x8, 0x6, 0x17, 0x17, 0x17, 0x0,
	0x0, 0x0, 0x0, 0x0, 0x0, 0x0, 0x0, 0x0, 0x49, 0x89, 0xc9, 0x109, 0x149, 0x189, 0x1c9, 0x209,
	0x249, 0x289, 0x0, 0x0, 0x0, 0x0, 0x0, 0x0, 0x5, 0x5, 0x5, 0x5, 0x5, 0x5, 0x5, 0x0,
	0x0, 0x5, 0x0, 0x0, 0x5, 0x5, 0x5, 0x5, 0x5, 0x5, 0x5, 0x5, 0x0, 0x5, 0x5, 0x0,
	0x5, 0x5, 0x5, 0x5, 0x5, 0x5, 0x5, 0x5, 0x5, 0x5, 0x5, 0x5, 0x5, 0x5, 0x5, 0x5,
	0x8, 0x8, 0x8, 0x8, 0x8, 0x8, 0x0, 0x8, 0x8, 0x0, 0x0, 0x6, 0x6, 0x8, 0x6, 0x5,
	0x6, 0x5, 0x17, 0x5, 0x8, 0x0, 0x0, 0x0, 0x0, 0x0, 0x0, 0x0, 0x0, 0x0, 0x0, 0x0,
	0x0, 0x0, 0x0, 0x0, 0x0, 0x0, 0x0, 0x0, 0x0, 0x0, 0x0, 0x0, 0x0, 0x0, 0x0, 0x0,
	0x5, 0x5, 0x5, 0x5, 0x5, 0x5, 0x5, 0x5, 0x0, 0x0, 0x5, 0x5, 0x5, 0x5, 0x5, 0x5,
	0x5, 0x5, 0x5, 0x5, 0x5, 0x5, 0x5, 0x5, 0x5, 0x5, 0x5, 0x5, 0x5, 0x5, 0x5, 0x5,
	0x5, 0x8, 0x8, 0x8, 0x6, 0x6, 0x6, 0x6, 0x0, 0x0, 0x6, 0x6, 0x8, 0x8, 0x8, 0x8,
	0x5, 0x5, 0x5, 0x5, 0x5, 0x5, 0x5, 0x5, 0x5, 0x5, 0x5, 0x5, 0x5, 0x5, 0x5, 0x5,
	0x5, 0x5, 0x5, 0x6, 0x6, 0x6, 0x6, 0x6, 0x6, 0x8, 0x5, 0x6, 0x6, 0x6, 0x6, 0x17,
	0x17, 0x17, 0x17, 0x17, 0x17, 0x17, 0x17, 0x6, 0x0, 0x0, 0x0, 0x0, 0x0, 0x0, 0x0, 0x0,
	0x5, 0x6, 0x6, 0x6, 0x6, 0x6, 0x6, 0x8, 0x8, 0x6, 0x6, 0x6, 0x5, 0x5, 0x5, 0x5,
	0x5, 0x6, 0x6, 0x6, 0x6, 0x6, 0x6, 0x6, 0x6, 0x6, 0x6, 0x5, 0x5, 0x5, 0x5, 0x5,
	0x5, 0x5, 0x5, 0x5, 0x5, 0x5, 0x5, 0x5, 0x5, 0x5, 0x5, 0x5, 0x5, 0x5, 0x5, 0x5,
	0x17, 0x17, 0x17, 0x0, 0x0, 0x0, 0x0, 0x0, 0x0, 0x0, 0x0, 0x0, 0x0, 0x0, 0x0, 0x0,
	0x5, 0x5, 0x5, 0x5, 0x5, 0x5, 0x5, 0x5, 0x5, 0x5, 0x5, 0x5, 0x5, 0x5, 0x5, 0x5,
	0x5, 0x5, 0x6, 0x6, 0x6, 0x6, 0x6, 0x6, 0x6, 0x6, 0x6, 0x6, 0x6, 0x6, 0x6, 0x8,
	0x6, 0x6, 0x17, 0x17, 0x17, 0x5, 0x17, 0x17, 0x5, 0x17, 0x17, 0x17, 0x17, 0x17, 0x0, 0x0,
	0x0, 0x0, 0x0, 0x0, 0x0, 0x0, 0x0, 0x0, 0x49, 0x89, 0xc9, 0x109, 0x149, 0x189, 0x1c9, 0x209,
	0x249, 0x289, 0x58b, 0x5cb, 0x60b, 0x64b, 0x68b, 0x6cb, 0x70b, 0x74b, 0x78b, 0x7cb, 0xa4b, 0xccb, 0xf4b, 0x11cb,
	0x144b, 0x16cb, 0x194b, 0x1bcb, 0x1e4b, 0x0, 0x0, 0x0, 0x17, 0x17, 0x5, 0x5, 0x5, 0x5, 0x5, 0x5,
	0x5, 0x5, 0x5, 0x5, 0x5, 0x5, 0x5, 0x5, 0x5, 0x0, 0x5, 0x5, 0x5, 0x5, 0x5, 0x5,
	0x5, 0x5, 0x5, 0x5, 0x5, 0x5, 0x5, 0x5, 0x5, 0x5, 0x5, 0x5, 0x5, 0x5, 0x5, 0x5,
	0x5, 0x5, 0x5, 0x8, 0x6, 0x6, 0x6, 0x6, 0x6, 0x6, 0x6, 0x0, 0x6, 0x6, 0x6, 0x6,
	0x6, 0x6, 0x8, 0x6, 0x6, 0x6, 0x6, 0x6, 0x6, 0x6, 0x6, 0x6, 0x0, 0x8, 0x6, 0x6,
	0x6, 0x6, 0x6, 0x6, 0x6, 0x8, 0x6, 0x6, 0x8, 0x6, 0x6, 0x0, 0x0, 0x0, 0x0, 0x0,
	0x0, 0x0, 0x0, 0x0, 0x5, 0x5, 0x5, 0x5, 0x5, 0x5, 0x5, 0x5, 0x5, 0x5, 0x5, 0x5,
	0x5, 0x5, 0x5, 0x5, 0x0, 0x0, 0x6, 0x6, 0x6, 0x6, 0x6, 0x6, 0x6, 0x6, 0x6, 0x6,
	0x6, 0x6, 0x6, 0x6, 0x6, 0x6, 0x5, 0x6, 0x0, 0x0, 0x0, 0x0, 0x0, 0x0, 0x0, 0x0,
	0x49, 0x89, 0xc9, 0x109, 0x149, 0x189, 0x1c9, 0x209, 0x249, 0x289, 0x0, 0x0, 0x0, 0x0, 0x0, 0x0,
	0x5, 0x5, 0x5, 0x5, 0x5, 0x5, 0x5, 0x0, 0x5, 0x5, 0x0, 0x5, 0x5, 0x5, 0x5, 0x5,
	0x5, 0x5, 0x5, 0x5, 0x5, 0x5, 0x5, 0x5, 0x5, 0x5, 0x5, 0x5, 0x5, 0x5, 0x5, 0x5,
	0x5, 0x6, 0x6, 0x6, 0x6, 0x6, 0x6, 0x0, 0x0, 0x0, 0x6, 0x0, 0x6, 0x6, 0x0, 0x6,
	0x5, 0x5, 0x5, 0x5, 0x5, 0x5, 0x5, 0x5, 0x5, 0x5, 0x8, 0x8, 0x8, 0x8, 0x8, 0x0,
	0x6, 0x6, 0x0, 0x8, 0x8, 0x6, 0x8, 0x6, 0x5, 0x0, 0x0, 0x0, 0x0, 0x0, 0x0, 0x0,
	0x5, 0x5, 0x5, 0x5, 0x5, 0x5, 0x0, 0x5, 0x5, 0x0, 0x5, 0x5, 0x5, 0x5, 0x5, 0x5,
	0x5, 0x5, 0x5, 0x5, 0x5, 0x5, 0x5, 0x5, 0x5, 0x5, 0x5, 0x5, 0x5, 0x5, 0x5, 0x5,
	0x5, 0x5, 0x5, 0x6, 0x6, 0x8, 0x8, 0x17, 0x17, 0x0, 0x0, 0x0, 0x0, 0x0, 0x0, 0x0,
	0x0, 0x0, 0x0, 0x0, 0x0, 0x0, 0x0, 0x0, 0x0, 0x0, 0x0, 0x0, 0x5, 0x0, 0x0, 0x0,
	0x0, 0x0, 0x0, 0x0, 0x0, 0x0, 0x0, 0x0, 0x0, 0x0, 0x0, 0x0, 0x19, 0x1b, 0x1b, 0x1b,
	0x1b, 0x1b, 0x1b, 0x1b, 0x1b, 0x1b, 0x1b, 0x1b, 0x1b, 0x1b, 0x1b, 0x1b, 0x1b, 0x1b, 0x0, 0x0,
	0x0, 0x0, 0x0, 0x0, 0x0, 0x0, 0x0, 0x0, 0x0, 0x0, 0x0, 0x17, 0xcd0b, 0xcc0b, 0xcb0b, 0xd00b,
	0xca0b, 0xcf0b, 0xcb4b, 0xd04b, 0xc90b, 0x37cb, 0x37cb, 0x364b, 0x35cb, 0xc94b, 0x3fcb, 0x350b, 0x34cb, 0x344b, 0x344b, 0x3ccb,
	0xcd0b, 0x1b, 0x1b, 0x1b, 0x1b, 0x1b, 0x1b, 0x1b, 0x1b, 0x19, 0x19, 0x19, 0x34ca, 0x354a, 0x34ca, 0x34ca,
	0x344a, 0x348a, 0x388a, 0xf4a, 0x11ca, 0x64a, 0x68a, 0x6ca, 0x70a, 0x74a, 0x78a, 0x0, 0x17, 0x17, 0x17, 0x17,
	0x17, 0x0, 0x0, 0x0, 0x0, 0x0, 0x0, 0x0, 0x0, 0x0, 0x0, 0x0, 0x5ca, 0x60a, 0x64a, 0x68a,
	0x6ca, 0x70a, 0x74a, 0x78a, 0x60a, 0x64a, 0x68a, 0x6ca, 0x70a, 0x74a, 0x78a, 0x64a, 0x68a, 0x6ca, 0x70a, 0x74a,
	0x78a, 0x58a, 0x5ca, 0x60a, 0x64a, 0x68a, 0x6ca, 0x70a, 0x74a, 0x78a, 0x58a, 0x5ca, 0x60a, 0x64a, 0x68a, 0x5ca,
	0x60a, 0x60a, 0x64a, 0x68a, 0x6ca, 0x70a, 0x74a, 0x78a, 0x58a, 0x5ca, 0x60a, 0x60a, 0x64a, 0x68a, 0xc08a, 0xc18a,
	0x58a, 0x5ca, 0x60a, 0x60a, 0x64a, 0x68a, 0x60a, 0x60a, 0x64a, 0x64a, 0x64a, 0x64a, 0x6ca, 0x70a, 0x70a, 0x70a,
	0x74a, 0x74a, 0x78a, 0x78a, 0x78a, 0x78a, 0x5ca, 0x60a, 0x64a, 0x68a, 0x6ca, 0x58a, 0x5ca, 0x60a, 0x64a, 0x64a,
	0x68a, 0x68a, 0x5ca, 0x60a, 0x58a, 0x5ca, 0x348a, 0x388a, 0x454a, 0x348a, 0x388a, 0x35ca, 0x5, 0x5, 0x5, 0x5,
	0x0, 0x0, 0x0, 0x0, 0x0, 0x0, 0x0, 0x0, 0x0, 0x0, 0x0, 0x0, 0x0, 0x0, 0x0, 0x0,
	0x0, 0x0, 0x0, 0x0, 0x0, 0x0, 0x0, 0x0, 0x0, 0x0, 0x0, 0x0, 0x5, 0x5, 0x5, 0x5,
	0x5, 0x5, 0x5, 0x5, 0x5, 0x5, 0x5, 0x5, 0x5, 0x5, 0x5, 0x5, 0x5, 0x17, 0x17, 0x0,
	0x0, 0x0, 0x0, 0x0, 0x0, 0x0, 0x0, 0x0, 0x0, 0x0, 0x0, 0x0, 0x5, 0x5, 0x5, 0x5,
	0x5, 0x5, 0x5, 0x5, 0x5, 0x5, 0x5, 0x5, 0x5, 0x5, 0x5, 0x0, 0x10, 0x10, 0x10, 0x10,
	0x10, 0x10, 0x10, 0x10, 0x10, 0x0, 0x0, 0x0, 0x0, 0x0, 0x0, 0x0, 0x49, 0x89, 0xc9, 0x109,
	0x149, 0x189, 0x1c9, 0x209, 0x249, 0x289, 0x0, 0x0, 0x0, 0x0, 0x0, 0x0, 0x5, 0x5, 0x5, 0x5,
	0x5, 0x5, 0x5, 0x5, 0x5, 0x5, 0x5, 0x5, 0x5, 0x5, 0x5, 0x5, 0x5, 0x5, 0x0, 0x0,
	0x6, 0x6, 0x6, 0x6, 0x6, 0x17, 0x0, 0x0, 0x0, 0x0, 0x0, 0x0, 0x0, 0x0, 0x0, 0x0,
	0x5, 0x5, 0x5, 0x5, 0x5, 0x5, 0x5, 0x5, 0x5, 0x5, 0x5, 0x5, 0x5, 0x5, 0x5, 0x5,
	0x0, 0x0, 0x0, 0x0, 0x0, 0x0, 0x0, 0x0, 0x0, 0x0, 0x0, 0x0, 0x0, 0x0, 0x0, 0x0,
	0x5, 0x5, 0x5, 0x5, 0x5, 0x5, 0x5, 0x5, 0x5, 0x5, 0x5, 0x5, 0x5, 0x5, 0x5, 0x5,
	0x6, 0x6, 0x6, 0x6, 0x6, 0x6, 0x6, 0x17, 0x17, 0x17, 0x17, 0x17, 0x1b, 0x1b, 0x1b, 0x1b,
	0x4, 0x4, 0x4, 0x4, 0x17, 0x1b, 0x0, 0x0, 0x0, 0x0, 0x0, 0x0, 0x0, 0x0, 0x0, 0x0,
	0x49, 0x89, 0xc9, 0x109, 0x149, 0x189, 0x1c9, 0x209, 0x249, 0x289, 0x0, 0x7cb, 0x1e4b, 0x788b, 0x790b, 0x798b,
	0x7a0b, 0x7a8b, 0x0, 0x5, 0x5, 0x5, 0x5, 0x5, 0x5, 0x5, 0x5, 0x5, 0x5, 0x5, 0x5, 0x5,
	0x5, 0x5, 0x5, 0x5, 0x5, 0x5, 0x5, 0x5, 0x0, 0x0, 0x0, 0x0, 0x0, 0x5, 0x5, 0x5,
	0x54b, 0x58b, 0x5cb, 0x60b, 0x64b, 0x68b, 0x6cb, 0x70b, 0x74b, 0x78b, 0x7cb, 0x80b, 0x84b, 0x88b, 0x8cb, 0x90b,
	0x94b, 0x98b, 0x9cb, 0xa0b, 0x58b, 0x5cb, 0x60b, 0x17, 0x17, 0x17, 0x17, 0x0, 0x0, 0x0, 0x0, 0x0,
	0x5, 0x5, 0x5, 0x5, 0x5, 0x5, 0x5, 0x5, 0x5, 0x5, 0x5, 0x0, 0x0, 0x0, 0x0, 0x6,
	0x5, 0x8, 0x8, 0x8, 0x8, 0x8, 0x8, 0x8, 0x8, 0x8, 0x8, 0x8, 0x8, 0x8, 0x8, 0x8,
	0x8, 0x8, 0x8, 0x8, 0x8, 0x8, 0x8, 0x8, 0x8, 0x8, 0x8, 0x8, 0x8, 0x8, 0x8, 0x8,
	0x8, 0x8, 0x8, 0x8, 0x0, 0x0, 0x0, 0x0, 0x0, 0x0, 0x0, 0x6, 0x6, 0x6, 0x6, 0x4,
	0x4, 0x4, 0x4, 0x4, 0x4, 0x4, 0x4, 0x4, 0x4, 0x4, 0x4, 0x4, 0x4, 0x4, 0x17, 0x4,
	0x6, 0x0, 0x0, 0x0, 0x0, 0x0, 0x0, 0x0, 0x0, 0x0, 0x0, 0x0, 0x8, 0x8, 0x0, 0x0,
	0x0, 0x0, 0x0, 0x0, 0x0, 0x0, 0x0, 0x0, 0x0, 0x0, 0x0, 0x0, 0x5, 0x5, 0x5, 0x5,
	0x5, 0x5, 0x5, 0x5, 0x5, 0x5, 0x5, 0x5, 0x5, 0x5, 0x5, 0x5, 0x5, 0x5, 0x5, 0x5,
	0x5, 0x5, 0x5, 0x5, 0x0, 0x0, 0x0, 0x0, 0x0, 0x0, 0x0, 0x0, 0x0, 0x0, 0x0, 0x0,
	0x0, 0x0, 0x0, 0x0, 0x4, 0x4, 0x4, 0x4, 0x0, 0x4, 0x4, 0x4, 0x4, 0x4, 0x4, 0x4,
	0x0, 0x4, 0x4, 0x0, 0x5, 0x5, 0x5, 0x0, 0x0, 0x0, 0x0, 0x0, 0x0, 0x0, 0x0, 0x0,
	0x0, 0x0, 0x0, 0x0, 0x0, 0x0, 0x0, 0x0, 0x0, 0x0, 0x0, 0x0, 0x0, 0x0, 0x0, 0x0,
	0x0, 0x0, 0x0, 0x0, 0x5, 0x5, 0x5, 0x0, 0x0, 0x0, 0x0, 0x0, 0x0, 0x0, 0x0, 0x0,
	0x0, 0x0, 0x0, 0x0, 0x5, 0x5, 0x5, 0x5, 0x0, 0x0, 0x0, 0x0, 0x0, 0x0, 0x0, 0x0,
	0x5, 0x5, 0x5, 0x5, 0x5, 0x5, 0x5, 0x5, 0x5, 0x5, 0x5, 0x5, 0x5, 0x5, 0x5, 0x5,
	0x5, 0x5, 0x5, 0x0, 0x0, 0x0, 0x0, 0x0, 0x5, 0x5, 0x5, 0x5, 0x5, 0x5, 0x5, 0x5,
	0x5, 0x5, 0x5, 0x5, 0x5, 0x0, 0x0, 0x0, 0x0, 0x0, 0x0, 0x0, 0x5, 0x5, 0x5, 0x5,
	0x5, 0x5, 0x5, 0x5, 0x5, 0x5, 0x0, 0x0, 0x1b, 0x6, 0x6, 0x17, 0x10, 0x10, 0x10, 0x10,
	0x0, 0x0, 0x0, 0x0, 0x0, 0x0, 0x0, 0x0, 0x0, 0x0, 0x0, 0x0, 0x0, 0x0, 0x0, 0x0,
	0x0, 0x0, 0x0, 0x0, 0x0, 0x0, 0x0, 0x0, 0x0, 0x0, 0x0, 0x0, 0x1b, 0x1b, 0x1b, 0x1b,
	0x0, 0x0, 0x0, 0x0, 0x0, 0x0, 0x0, 0x0, 0x0, 0x0, 0x0, 0x0, 0x0, 0x0, 0x0, 0x0,
	0x0, 0x0, 0x0, 0x0, 0x0, 0x0, 0x0, 0x0, 0x0, 0x0, 0x0, 0x0, 0x6, 0x6, 0x6, 0x6,
	0x6, 0x6, 0x6, 0x6, 0x6, 0x6, 0x6, 0x6, 0x6, 0x6, 0x0, 0x0, 0x6, 0x6, 0x6, 0x6,
	0x6, 0x6, 0x6, 0x6, 0x6, 0x6, 0x6, 0x6, 0x6, 0x6, 0x6, 0x6, 0x6, 0x6, 0x6, 0x0,
	0x0, 0x0, 0x0, 0x0, 0x0, 0x0, 0x0, 0x0, 0x1b, 0x1b, 0x1b, 0x1b, 0x1b, 0x1b, 0x1b, 0x1b,
	0x1b, 0x1b, 0x1b, 0x1b, 0x1b, 0x1b, 0x1b, 0x1b, 0x1b, 0x1b, 0x1b, 0x0, 0x0, 0x1b, 0x1b, 0x1b,
	0x1b, 0x1b, 0x1b, 0x1b, 0x1b, 0x1b, 0x1b, 0x1b, 0x1b, 0x1b, 0x1b, 0x1b, 0x1b, 0x1b, 0x1b, 0x1b,
	0x1b, 0x1b, 0x1b, 0x1b, 0x1b, 0x8, 0x8, 0x6, 0x6, 0x6, 0x1b, 0x1b, 0x1b, 0x8, 0x8, 0x8,
	0x8, 0x8, 0x8, 0x10, 0x10, 0x10, 0x10, 0x10, 0x10, 0x10, 0x10, 0x6, 0x6, 0x6, 0x6, 0x6,
	0x6, 0x6, 0x6, 0x1b, 0x1b, 0x6, 0x6, 0x6, 0x6, 0x6, 0x6, 0x6, 0x1b, 0x1b, 0x1b, 0x1b,
	0x1b, 0x1b, 0x1b, 0x1b, 0x1b, 0x1b, 0x1b, 0x1b, 0x1b, 0x1b, 0x1b, 0x1b, 0x1b, 0x1b, 0x1b, 0x1b,
	0x1b, 0x1b, 0x6, 0x6, 0x6, 0x6, 0x1b, 0x1b, 0x1b, 0x1b, 0x1b, 0x1b, 0x1b, 0x1b, 0x1b, 0x1b,
	0x1b, 0x1b, 0x1b, 0x1b, 0x1b, 0x1b, 0x1b, 0x1b, 0x1b, 0x1b, 0x6, 0x6, 0x6, 0x1b, 0x0, 0x0,
	0x0, 0x0, 0x0, 0x0, 0x0, 0x0, 0x0, 0x0, 0x0, 0x0, 0x0, 0x0, 0x0, 0x0, 0x0, 0x0,
	0x0, 0x0, 0x0, 0x0, 0x0, 0x0, 0x0, 0x0, 0x54b, 0x58b, 0x5cb, 0x60b, 0x64b, 0x68b, 0x6cb, 0x70b,
	0x74b, 0x78b, 0x7cb, 0x80b, 0x84b, 0x88b, 0x8cb, 0x90b, 0x94b, 0x98b, 0x9cb, 0xa0b, 0x0, 0x0, 0x0, 0x0,
	0x0, 0x0, 0x0, 0x0, 0x0, 0x0, 0x0, 0x0, 0x58b, 0x5cb, 0x60b, 0x64b, 0x68b, 0x6cb, 0x70b, 0x74b,
	0x78b, 0x7cb, 0xa4b, 0xccb, 0xf4b, 0x11cb, 0x144b, 0x16cb, 0x194b, 0x1bcb, 0x58b, 0x5cb, 0x60b, 0x64b, 0x68b, 0x58b,
	0x68b, 0x0, 0x0, 0x0, 0x0, 0x0, 0x0, 0x0, 0x249, 0x289, 0x49, 0x89, 0xc9, 0x109, 0x149, 0x189,
	0x1c9, 0x209, 0x249, 0x289, 0x49, 0x89, 0xc9, 0x109, 0x149, 0x189, 0x1c9, 0x209, 0x249, 0x289, 0x49, 0x89,
	0xc9, 0x109, 0x149, 0x189, 0x1c9, 0x209, 0x249, 0x289, 0x1, 0x1, 0x1, 0x1, 0x1, 0x1, 0x1, 0x1,
	0x1, 0x1, 0x1, 0x1, 0x1, 0x1, 0x1, 0x1, 0x1, 0x1, 0x1, 0x1, 0x1, 0x1, 0x1, 0x1,
	0x1, 0x1, 0x2, 0x2, 0x2, 0x2, 0x2, 0x2, 0x2, 0x2, 0x2, 0x2, 0x2, 0x2, 0x2, 0x2,
	0x2, 0x2, 0x2, 0x2, 0x2, 0x2, 0x2, 0x2, 0x1, 0x1, 0x1, 0x1, 0x1, 0x1, 0x1, 0x1,
	0x1, 0x1, 0x1, 0x1, 0x1, 0x1, 0x2, 0x2, 0x2, 0x2, 0x2, 0x2, 0x2, 0x0, 0x2, 0x2,
	0x2, 0x2, 0x2, 0x2, 0x2, 0x2, 0x2, 0x2, 0x1, 0x1, 0x1, 0x1, 0x1, 0x1, 0x1, 0x1,
	0x1, 0x1, 0x1, 0x1, 0x1, 0x1, 0x1, 0x1, 0x1, 0x1, 0x1, 0x1, 0x1, 0x1, 0x1, 0x1,
	0x1, 0x1, 0x2, 0x2, 0x2, 0x2, 0x2, 0x2, 0x2, 0x2, 0x2, 0x2, 0x2, 0x2, 0x2, 0x2,
	0x2, 0x2, 0x2, 0x2, 0x2, 0x2, 0x2, 0x2, 0x2, 0x2, 0x2, 0x2, 0x1, 0x0, 0x1, 0x1,
	0x0, 0x0, 0x1, 0x0, 0x0, 0x1, 0x1, 0x0, 0x0, 0x1, 0x1, 0x1, 0x1, 0x0, 0x1, 0x1,
	0x1, 0x1, 0x1, 0x1, 0x1, 0x1, 0x2, 0x2, 0x2, 0x2, 0x0, 0x2, 0x0, 0x2, 0x2, 0x2,
	0x2, 0x2, 0x2, 0x2, 0x0, 0x2, 0x2, 0x2, 0x2, 0x2, 0x2, 0x2, 0x2, 0x2, 0x2, 0x2,
	0x1, 0x1, 0x1, 0x1, 0x1, 0x1, 0x1, 0x1, 0x1, 0x1, 0x1, 0x1, 0x1, 0x1, 0x1, 0x1,
	0x2, 0x2, 0x2, 0x2, 0x1, 0x1, 0x0, 0x1, 0x1, 0x1, 0x1, 0x0, 0x0, 0x1, 0x1, 0x1,
	0x1, 0x1, 0x1, 0x1, 0x1, 0x0, 0x1, 0x1, 0x1, 0x1, 0x1, 0x1, 0x1, 0x0, 0x2, 0x2,
	0x2, 0x2, 0x2, 0x2, 0x2, 0x2, 0x2, 0x2, 0x2, 0x2, 0x2, 0x2, 0x2, 0x2, 0x2, 0x2,
	0x2, 0x2, 0x2, 0x2, 0x2, 0x2, 0x2, 0x2, 0x1, 0x1, 0x0, 0x1, 0x1, 0x1, 0x1, 0x0,
	0x1, 0x1, 0x1, 0x1, 0x1, 0x0, 0x1, 0x0, 0x0, 0x0, 0x1, 0x1, 0x1, 0x1, 0x1, 0x1,
	0x1, 0x0, 0x2, 0x2, 0x2, 0x2, 0x2, 0x2, 0x2, 0x2, 0x2, 0x2, 0x2, 0x2, 0x2, 0x2,
	0x1, 0x1, 0x1, 0x1, 0x1, 0x1, 0x1, 0x1, 0x1, 0x1, 0x1, 0x1, 0x1, 0x1, 0x1, 0x1,
	0x1, 0x1, 0x1, 0x1, 0x1, 0x1, 0x2, 0x2, 0x2, 0x2, 0x2, 0x2, 0x2, 0x2, 0x2, 0x2,
	0x2, 0x2, 0x2, 0x2, 0x2, 0x2, 0x2, 0x2, 0x2, 0x2, 0x2, 0x2, 0x2, 0x2, 0x2, 0x2,
	0x1, 0x1, 0x1, 0x1, 0x1, 0x1, 0x1, 0x1, 0x1, 0x1, 0x1, 0x1, 0x1, 0x1, 0x1, 0x1,
	0x2, 0x2, 0x2, 0x2, 0x2, 0x2, 0x0, 0x0, 0x1, 0x1, 0x1, 0x1, 0x1, 0x1, 0x1, 0x1,
	0x1, 0x1, 0x1, 0x1, 0x1, 0x1, 0x1, 0x1, 0x1, 0x1, 0x1, 0x1, 0x1, 0x1, 0x1, 0x1,
	0x1, 0x18, 0x2, 0x2, 0x2, 0x2, 0x2, 0x2, 0x2, 0x2, 0x2, 0x2, 0x2, 0x2, 0x2, 0x2,
	0x2, 0x2, 0x2, 0x2, 0x2, 0x2, 0x2, 0x2, 0x2, 0x2, 0x2, 0x18, 0x2, 0x2, 0x2, 0x2,
	0x2, 0x2, 0x1, 0x1, 0x1, 0x1, 0x1, 0x1, 0x1, 0x1, 0x1, 0x1, 0x1, 0x1, 0x1, 0x1,
	0x1, 0x1, 0x1, 0x1, 0x1, 0x1, 0x1, 0x1, 0x1, 0x1, 0x1, 0x18, 0x2, 0x2, 0x2, 0x2,
	0x2, 0x2, 0x2, 0x2, 0x2, 0x2, 0x2, 0x2, 0x2, 0x2, 0x2, 0x2, 0x2, 0x2, 0x2, 0x2,
	0x2, 0x18, 0x2, 0x2, 0x2, 0x2, 0x2, 0x2, 0x1, 0x1, 0x1, 0x1, 0x1, 0x1, 0x1, 0x1,
	0x1, 0x1, 0x1, 0x1, 0x1, 0x1, 0x1, 0x1, 0x2, 0x2, 0x2, 0x18, 0x2, 0x2, 0x2, 0x2,
	0x2, 0x2, 0x1, 0x2, 0x0, 0x0, 0x49, 0x89, 0xc9, 0x109, 0x149, 0x189, 0x1c9, 0x209, 0x249, 0x289,
	0x49, 0x89, 0xc9, 0x109, 0x149, 0x189, 0x1c9, 0x209, 0x0, 0x6, 0x6, 0x6, 0x6, 0x6, 0x6, 0x6,
	0x6, 0x6, 0x6, 0x6, 0x6, 0x6, 0x6, 0x6, 0x0, 0x0, 0x0, 0x0, 0x0, 0x0, 0x0, 0x0,
	0x0, 0x0, 0x0, 0x0, 0x0, 0x0, 0x0, 0x0, 0x6, 0x6, 0x6, 0x6, 0x6, 0x6, 0x6, 0x6,
	0x6, 0x6, 0x6, 0x6, 0x6, 0x6, 0x6, 0x6, 0x6, 0x6, 0x6, 0x6, 0x6, 0x6, 0x6, 0x1b,
	0x1b, 0x1b, 0x1b, 0x6, 0x6, 0x6, 0x6, 0x6, 0x6, 0x6, 0x6, 0x6, 0x6, 0x6, 0x6, 0x6,
	0x6, 0x1b, 0x1b, 0x1b, 0x1b, 0x1b, 0x1b, 0x1b, 0x1b, 0x6, 0x1b, 0x1b, 0x1b, 0x1b, 0x1b, 0x1b,
	0x1b, 0x1b, 0x1b, 0x1b, 0x6, 0x1b, 0x1b, 0x17, 0x17, 0x17, 0x17, 0x17, 0x0, 0x0, 0x0, 0x0,
	0x0, 0x0, 0x0, 0x0, 0x0, 0x0, 0x0, 0x0, 0x0, 0x0, 0x0, 0x6, 0x6, 0x6, 0x6, 0x6,
	0x6, 0x6, 0x6, 0x0, 0x6, 0x6, 0x6, 0x6, 0x6, 0x6, 0x6, 0x6, 0x6, 0x6, 0x6, 0x6,
	0x6, 0x6, 0x6, 0x6, 0x6, 0x0, 0x0, 0x6, 0x6, 0x6, 0x6, 0x6, 0x2, 0x2, 0x2, 0x2,
	0x2, 0x2, 0x2, 0x2, 0x2, 0x2, 0x5, 0x2, 0x2, 0x2, 0x2, 0x2, 0x2, 0x2, 0x2, 0x2,
	0x2, 0x2, 0x2, 0x2, 0x2, 0x2, 0x2, 0x2, 0x2, 0x2, 0x2, 0x0, 0x6, 0x6, 0x0, 0x6,
	0x6, 0x0, 0x6, 0x6, 0x6, 0x6, 0x6, 0x0, 0x0, 0x0, 0x0, 0x0, 0x0, 0x0, 0x0, 0x0,
	0x0, 0x0, 0x0, 0x0, 0x0, 0x0, 0x0, 0x0, 0x0, 0x0, 0x0, 0x0, 0x49, 0x89, 0xc9, 0x109,
	0x149, 0x189, 0x1c9, 0x209, 0x249, 0x289, 0x0, 0x0, 0x0, 0x0, 0x5, 0x1b, 0x0, 0x0, 0x0, 0x0,
	0x0, 0x0, 0x0, 0x0, 0x0, 0x0, 0x0, 0x0, 0x0, 0x0, 0x0, 0x0, 0x5, 0x5, 0x5, 0x5,
	0x5, 0x5, 0x5, 0x5, 0x5, 0x5, 0x5, 0x5, 0x5, 0x0, 0x0, 0x0, 0x6, 0x6, 0x6, 0x6,
	0x6, 0x6, 0x6, 0x4, 0x4, 0x4, 0x4, 0x4, 0x4, 0x4, 0x0, 0x0, 0x5, 0x5, 0x5, 0x5,
	0x5, 0x5, 0x5, 0x5, 0x5, 0x5, 0x5, 0x5, 0x5, 0x5, 0x6, 0x0, 0x0, 0x0, 0x0, 0x0,
	0x0, 0x0, 0x0, 0x0, 0x0, 0x0, 0x0, 0x0, 0x0, 0x0, 0x0, 0x0, 0x5, 0x5, 0x5, 0x5,
	0x5, 0x5, 0x5, 0x5, 0x5, 0x5, 0x5, 0x5, 0x6, 0x6, 0x6, 0x6, 0x49, 0x89, 0xc9, 0x109,
	0x149, 0x189, 0x1c9, 0x209, 0x249, 0x289, 0x0, 0x0, 0x0, 0x0, 0x0, 0x19, 0x5, 0x5, 0x5, 0x5,
	0x5, 0x5, 0x5, 0x0, 0x5, 0x5, 0x5, 0x5, 0x0, 0x5, 0x5, 0x0, 0x5, 0x5, 0x5, 0x5,
	0x5, 0x5, 0x5, 0x5, 0x5, 0x5, 0x5, 0x5, 0x5, 0x5, 0x5, 0x0, 0x5, 0x5, 0x5, 0x5,
	0x5, 0x0, 0x0, 0x58b, 0x5cb, 0x60b, 0x64b, 0x68b, 0x6cb, 0x70b, 0x74b, 0x78b, 0x6, 0x6, 0x6, 0x6,
	0x6, 0x6, 0x6, 0x0, 0x0, 0x0, 0x0, 0x0, 0x0, 0x0, 0x0, 0x0, 0x2, 0x2, 0x2, 0x2,
	0x6, 0x6, 0x6, 0x6, 0x6, 0x6, 0x6, 0x4, 0x0, 0x0, 0x0, 0x0, 0x49, 0x89, 0xc9, 0x109,
	0x149, 0x189, 0x1c9, 0x209, 0x249, 0x289, 0x0, 0x0, 0x0, 0x0, 0x17, 0x17, 0x1, 0x1, 0x2, 0x2,
	0x2, 0x2, 0x2, 0x2, 0x2, 0x2, 0x2, 0x2, 0x2, 0x2, 0x2, 0x2, 0x2, 0x2, 0x2, 0x2,
	0x2, 0x2, 0x2, 0x2, 0x2, 0x2, 0x2, 0x2, 0x2, 0x2, 0x2, 0x2, 0x0, 0x0, 0x0, 0x0,
	0x0, 0x0, 0x0, 0x0, 0x0, 0x0, 0x0, 0x0, 0x0, 0x0, 0x0, 0x0, 0x0, 0x58b, 0x5cb, 0x60b,
	0x64b, 0x68b, 0x6cb, 0x70b, 0x74b, 0x78b, 0x7cb, 0xa4b, 0xccb, 0xf4b, 0x11cb, 0x144b, 0x78cb, 0x794b, 0x814b, 0x58b,
	0x5cb, 0x60b, 0x64b, 0x68b, 0x6cb, 0x70b, 0x74b, 0x78b, 0x1b, 0x34cb, 0x344b, 0x3ccb, 0x19, 0x58b, 0x5cb, 0x788b,
	0x78cb, 0x0, 0x0, 0x0, 0x0, 0x0, 0x0, 0x0, 0x0, 0x0, 0x0, 0x0, 0x16cb, 0x194b, 0x1bcb, 0x1e4b,
	0x800b, 0x880b, 0x900b, 0x980b, 0xa00b, 0xa80b, 0xb00b, 0xb80b, 0x784b, 0x804b, 0x884b, 0x904b, 0x984b, 0xa04b, 0xa84b, 0xb04b,
	0xb84b, 0x788b, 0x808b, 0x888b, 0x908b, 0x988b, 0xa08b, 0xa88b, 0xb08b, 0xb88b, 0x78cb, 0x80cb, 0x984b, 0xa04b, 0xa84b, 0xb04b,
	0xb84b, 0x788b, 0x808b, 0x888b, 0x908b, 0x988b, 0xa08b, 0xa88b, 0xb08b, 0xb88b, 0x1b, 0x5cb, 0x60b, 0x64b, 0x68b, 0x6cb,
	0x70b, 0x74b, 0x78b, 0x7cb, 0x900b, 0xa00b, 0x804b, 0x788b, 0x344b, 0x354b, 0x0, 0x0, 0x0, 0x58b, 0x5cb, 0x60b,
	0x64b, 0x68b, 0x6cb, 0x70b, 0x74b, 0x78b, 0x7cb, 0xa4b, 0xccb, 0xf4b, 0x11cb, 0x144b, 0x16cb, 0x194b, 0x1bcb, 0x1e4b,
	0x800b, 0x880b, 0x900b, 0x980b, 0xa00b, 0xa80b, 0xb00b, 0xb80b, 0x784b, 0x804b, 0x884b, 0x904b, 0x0, 0x0, 0x0, 0x0,
	0x0, 0x0, 0x0, 0x0, 0x0, 0x0, 0x0, 0x0, 0x0, 0x0, 0x0, 0x0, 0x18, 0x18, 0x0, 0x0,
	0x0, 0x0, 0x0, 0x0, 0x0, 0x0, 0x0, 0x0, 0x0, 0x0, 0x0, 0x0, 0x5, 0x5, 0x5, 0x5,
	0x0, 0x5, 0x5, 0x5, 0x5, 0x5, 0x5, 0x5, 0x5, 0x5, 0x5, 0x5, 0x5, 0x5, 0x5, 0x5,
	0x5, 0x5, 0x5, 0x5, 0x5, 0x5, 0x5, 0x5, 0x5, 0x5, 0x5, 0x5, 0x0, 0x5, 0x5, 0x0,
	0x5, 0x0, 0x0, 0x5, 0x0, 0x5, 0x5, 0x5, 0x5, 0x5, 0x5, 0x5, 0x5, 0x5, 0x5, 0x0,
	0x5, 0x5, 0x5, 0x5, 0x0, 0x5, 0x0, 0x5, 0x0, 0x0, 0x0, 0x0, 0x0, 0x0, 0x5, 0x0,
	0x0, 0x0, 0x0, 0x5, 0x0, 0x5, 0x0, 0x5, 0x0, 0x5, 0x5, 0x5, 0x0, 0x5, 0x5, 0x0,
	0x5, 0x0, 0x0, 0x5, 0x0, 0x5, 0x0, 0x5, 0x0, 0x5, 0x0, 0x5, 0x0, 0x5, 0x5, 0x0,
	0x5, 0x0, 0x0, 0x5, 0x5, 0x5, 0x5, 0x0, 0x5, 0x5, 0x5, 0x5, 0x5, 0x5, 0x5, 0x0,
	0x5, 0x5, 0x5, 0x5, 0x0, 0x5, 0x5, 0x5, 0x5, 0x0, 0x5, 0x0, 0x5, 0x5, 0x5, 0x5,
	0x5, 0x5, 0x5, 0x5, 0x5, 0x5, 0x0, 0x5, 0x5, 0x5, 0x5, 0x5, 0x5, 0x5, 0x5, 0x5,
	0x5, 0x5, 0x5, 0x5, 0x5, 0x5, 0x5, 0x5, 0x0, 0x0, 0x0, 0x0, 0x0, 0x5, 0x5, 0x5,
	0x0, 0x5, 0x5, 0x5, 0x5, 0x5, 0x0, 0x5, 0x5, 0x5, 0x5, 0x5, 0x5, 0x5, 0x5, 0x5,
	0x5, 0x5, 0x5, 0x5, 0x5, 0x5, 0x5, 0x5, 0x0, 0x0, 0x0, 0x0, 0x1b, 0x1b, 0x1b, 0x1b,
	0x1b, 0x1b, 0x1b, 0x1b, 0x1b, 0x1b, 0x1b, 0x1b, 0x0, 0x0, 0x0, 0x0, 0x1b, 0x1b, 0x1b, 0x1b,
	0x1b, 0x1b, 0x1b, 0x1b, 0x1b, 0x1b, 0x1b, 0x1b, 0x1b, 0x1b, 0x1b, 0x1b, 0x0, 0x1b, 0x1b, 0x1b,
	0x1b, 0x1b, 0x1b, 0x1b, 0x1b, 0x1b, 0x1b, 0x1b, 0x1b, 0x1b, 0x1b, 0x1b, 0x0, 0x1b, 0x1b, 0x1b,
	0x1b, 0x1b, 0x1b, 0x1b, 0x1b, 0x1b, 0x1b, 0x1b, 0x1b, 0x1b, 0x1b, 0x1b, 0x2cb, 0x2cb, 0x30b, 0x34b,
	0x38b, 0x3cb, 0x40b, 0x44b, 0x48b, 0x4cb, 0x50b, 0x54b, 0x54b, 0x1b, 0x1b, 0x1b, 0x1b, 0x1b, 0x1b, 0x1b,
	0x1b, 0x1b, 0x1b, 0x1b, 0x1b, 0x1b, 0x1b, 0x1b, 0x1b, 0x1b, 0x1b, 0x1b, 0x0, 0x0, 0x0, 0x0,
	0x0, 0x0, 0x1b, 0x1b, 0x1b, 0x1b, 0x1b, 0x1b, 0x1b, 0x1b, 0x1b, 0x1b, 0x1b, 0x1b, 0x1b, 0x1b,
	0x1b, 0x1b, 0x1b, 0x1b, 0x1b, 0x1b, 0x1b, 0x1b, 0x1b, 0x1b, 0x1b, 0x1b, 0x1b, 0x1b, 0x1b, 0x0,
	0x0, 0x0, 0x0, 0x0, 0x0, 0x0, 0x0, 0x0, 0x0, 0x0, 0x0, 0x0, 0x1b, 0x1b, 0x1b, 0x1b,
	0x1b, 0x1b, 0x1b, 0x1b, 0x1b, 0x1b, 0x1b, 0x1b, 0x1b, 0x1b, 0x1b, 0x1b, 0x1b, 0x1b, 0x1b, 0x1b,
	0x1b, 0x1b, 0x1b, 0x1b, 0x1b, 0x1b, 0x1b, 0x1b, 0x0, 0x0, 0x0, 0x0, 0x1b, 0x1b, 0x1b, 0x1b,
	0x1b, 0x1b, 0x1b, 0x1b, 0x1b, 0x0, 0x0, 0x0, 0x0, 0x0, 0x0, 0x0, 0x1b, 0x1b, 0x0, 0x0,
	0x0, 0x0, 0x0, 0x0, 0x0, 0x0, 0x0, 0x0, 0x0, 0x0, 0x0, 0x0, 0x1b, 0x1b, 0x1b, 0x1b,
	0x1b, 0x1b, 0x0, 0x0, 0x0, 0x0, 0x0, 0x0, 0x0, 0x0, 0x0, 0x0, 0x0, 0x0, 0x0, 0x0,
	0x0, 0x0, 0x0, 0x0, 0x0, 0x0, 0x0, 0x0, 0x0, 0x0, 0x0, 0x0, 0x1b, 0x1b, 0x1b, 0x1b,
	0x1b, 0x1b, 0x1b, 0x1b, 0x1b, 0x1b, 0x1b, 0x1b, 0x1b, 0x1b, 0x1b, 0x1b, 0x1b, 0x1b, 0x1b, 0x1b,
	0x1b, 0x1b, 0x1b, 0x1b, 0x1b, 0x1b, 0x1b, 0x1a, 0x1a, 0x1a, 0x1a, 0x1a, 0x1b, 0x1b, 0x1b, 0x1b,
	0x1b, 0x1b, 0x1b, 0x1b, 0x1b, 0x1b, 0x1b, 0x1b, 0x1b, 0x1b, 0x1b, 0x1b, 0x1b, 0x1b, 0x1b, 0x1b,
	0x1b, 0x1b, 0x1b, 0x1b, 0x0, 0x0, 0x0, 0x0, 0x0, 0x1b, 0x1b, 0x1b, 0x1b, 0x1b, 0x1b, 0x1b,
	0x1b, 0x1b, 0x1b, 0x1b, 0x1b, 0x1b, 0x1b, 0x1b, 0x1b, 0x0, 0x0, 0x0, 0x1b, 0x1b, 0x1b, 0x1b,
	0x1b, 0x1b, 0x1b, 0x1b, 0x1b, 0x1b, 0x1b, 0x1b, 0x1b, 0x0, 0x0, 0x0, 0x1b, 0x1b, 0x1b, 0x1b,
	0x1b, 0x1b, 0x1b, 0x1b, 0x1b, 0x1b, 0x1b, 0x1b, 0x1b, 0x1b, 0x1b, 0x1b, 0x1b, 0x1b, 0x1b, 0x1b,
	0x1b, 0x1b, 0x1b, 0x1b, 0x1b, 0x0, 0x0, 0x0, 0x0, 0x0, 0x0, 0x0, 0x1b, 0x1b, 0x1b, 0x1b,
	0x1b, 0x1b, 0x1b, 0x1b, 0x1b, 0x1b, 0x1b, 0x1b, 0x0, 0x0, 0x0, 0x0, 0x1b, 0x0, 0x0, 0x0,
	0x0, 0x0, 0x0, 0x0, 0x0, 0x0, 0x0, 0x0, 0x0, 0x0, 0x0, 0x0, 0x1b, 0x1b, 0x1b, 0x1b,
	0x1b, 0x1b, 0x1b, 0x1b, 0x0, 0x0, 0x0, 0x0, 0x0, 0x0, 0x0, 0x0, 0x1b, 0x1b, 0x1b, 0x1b,
	0x1b, 0x1b, 0x1b, 0x1b, 0x1b, 0x1b, 0x0, 0x0, 0x0, 0x0, 0x0, 0x0, 0x1b, 0x1b, 0x1b, 0x1b,
	0x1b, 0x1b, 0x1b, 0x1b, 0x0, 0x0, 0x0, 0x0, 0x0, 0x0, 0x0, 0x0, 0x1b, 0x1b, 0x1b, 0x1b,
	0x1b, 0x1b, 0x1b, 0x1b, 0x1b, 0x1b, 0x1b, 0x1b, 0x1b, 0x1b, 0x1b, 0x1b, 0x1b, 0x1b, 0x0, 0x0,
	0x1b, 0x1b, 0x0, 0x0, 0x0, 0x0, 0x0, 0x0, 0x0, 0x0, 0x0, 0x0, 0x0, 0x0, 0x0, 0x0,
	0x1b, 0x1b, 0x1b, 0x1b, 0x1b, 0x1b, 0x1b, 0x1b, 0x1b, 0x1b, 0x1b, 0x1b, 0x1b, 0x1b, 0x0, 0x0,
	0x1b, 0x1b, 0x1b, 0x1b, 0x1b, 0x0, 0x0, 0x0, 0x1b, 0x1b, 0x1b, 0x1b, 0x1b, 0x0, 0x0, 0x0,
	0x1b, 0x1b, 0x1b, 0x1b, 0x1b, 0x1b, 0x1b, 0x1b, 0x0, 0x0, 0x0, 0x0, 0x0, 0x0, 0x0, 0x0,
	0x1b, 0x1b, 0x1b, 0x1b, 0x1b, 0x1b, 0x1b, 0x0, 0x0, 0x0, 0x0, 0x0, 0x0, 0x0, 0x0, 0x0,
	0x1b, 0x1b, 0x1b, 0x1b, 0x1b, 0x1b, 0x1b, 0x1b, 0x1b, 0x1b, 0x1b, 0x1b, 0x1b, 0x1b, 0x1b, 0x1b,
	0x1b, 0x0, 0x0, 0x0, 0x1b, 0x1b, 0x1b, 0x1b, 0x1b, 0x1b, 0x1b, 0x1b, 0x1b, 0x1b, 0x1b, 0x0,
	0x0, 0x0, 0x0, 0x0, 0x1b, 0x1b, 0x1b, 0x1b, 0x1b, 0x1b, 0x0, 0x0, 0x0, 0x0, 0x0, 0x0,
	0x0, 0x0, 0x0, 0x0, 0x1b, 0x1b, 0x1b, 0x1b, 0x1b, 0x1b, 0x1b, 0x1b, 0x1b, 0x1b, 0x0, 0x0,
	0x0, 0x0, 0x0, 0x0, 0x1b, 0x1b, 0x1b, 0x1b, 0x1b, 0x1b, 0x1b, 0x1b, 0x1b, 0x1b, 0x1b, 0x1b,
	0x1b, 0x1b, 0x1b, 0x1b, 0x1b, 0x1b, 0x1b, 0x0, 0x1b, 0x1b, 0x1b, 0x1b, 0x1b, 0x1b, 0x1b, 0x1b,
	0x1b, 0x1b, 0x1b, 0x1b, 0x5, 0x705, 0x5, 0x5, 0x5, 0x5, 0x5, 0x5, 0x5, 0x5, 0x5, 0x5,
	0x5, 0x5, 0x5, 0x5, 0x5, 0x5, 0x5, 0x5, 0x5, 0x5, 0x5, 0x5, 0x5, 0x5, 0x5, 0x5,
	0x5, 0x5, 0x5, 0x5, 0x645, 0x5, 0x5, 0x5, 0x5, 0x5, 0x5, 0x5, 0x5, 0x5, 0x5, 0x5,
	0x5, 0x5, 0x5, 0x5, 0x5, 0x5, 0x5, 0x5, 0x5, 0x5, 0x5, 0x5, 0x5, 0x5, 0x5, 0x5,
	0x5, 0x5, 0x645, 0x5, 0x5, 0x5, 0x5, 0x5, 0x5, 0x5, 0x5, 0x5, 0x5, 0x5, 0x5, 0x5,
	0x5, 0x5, 0x5, 0x5, 0x5, 0x5, 0x5, 0x5, 0x5, 0x5, 0x5, 0x5, 0x5, 0x5, 0x5, 0x5,
	0x5, 0x685, 0x5, 0x5, 0x5, 0x5, 0x5, 0x5, 0x5, 0x5, 0x5, 0x5, 0x5, 0x5, 0x5, 0x5,
	0x5, 0x5, 0x5, 0x5, 0x5, 0x5, 0x5, 0x5, 0x5, 0x5, 0x5, 0x5, 0x5, 0x5, 0x5, 0x5,
	0x5, 0x5, 0x5, 0xcc5, 0x5, 0x5, 0x5, 0x5, 0x5, 0x5, 0x5, 0x5, 0xf45, 0x5, 0x5, 0x5,
	0x5, 0x5, 0x5, 0x5, 0x5, 0x5, 0x5, 0x5, 0x5, 0x5, 0x5, 0x5, 0xf45, 0x5, 0x5, 0x5,
	0x5, 0x5, 0x5, 0x5, 0x5, 0x5, 0x5, 0x5, 0x5, 0x5, 0x6c5, 0x5, 0x5, 0x5, 0x5, 0x5,
	0x5, 0x5, 0x5, 0x5, 0x5, 0x5, 0x5, 0x5, 0x5, 0x5, 0x5, 0x5, 0x5, 0x605, 0x5, 0x5,
	0x5, 0x5, 0x5, 0x5, 0x5, 0x5, 0x5, 0x5, 0x5, 0x5, 0x5, 0x5, 0x5, 0x5, 0x5, 0x5,
	0x5, 0x5, 0x5, 0x5, 0x5, 0x5, 0x5, 0x5, 0x5, 0x605, 0x5, 0x5, 0x5, 0x5, 0x5, 0x5,
	0x5, 0x5, 0x5, 0x5, 0x5, 0x5, 0x5, 0x5, 0x5, 0x5, 0x5, 0x5, 0x5, 0x5, 0x5, 0x5,
	0x5, 0x5, 0x5, 0x5, 0x605, 0x5, 0x5, 0x5, 0x5, 0x5, 0x5, 0x5, 0x5, 0x5, 0x5, 0x5,
	0x5, 0x5, 0x5, 0x5, 0x5, 0x5, 0x5, 0x5, 0x5, 0x5, 0x5, 0x5, 0x5, 0x5, 0x5, 0x5,
	0x5, 0x5, 0x5, 0x605, 0x5, 0x5, 0x5, 0x5, 0x5, 0x5, 0x5, 0x5, 0x5, 0x5, 0x5, 0x5,
	0x5, 0x645, 0x5, 0x5, 0x5, 0x5, 0x5, 0x5, 0x5, 0x5, 0x5, 0x5, 0x5, 0x5, 0x5, 0x5,
	0x5, 0x5, 0x5, 0x5, 0x5, 0x0, 0x0, 0x0, 0x0, 0x0, 0x0, 0x0, 0x0, 0x0, 0x0, 0x0,
	0x0, 0x0, 0x0, 0x0, 0x0, 0x0, 0x0, 0x0, 0x0, 0x0, 0x0, 0x0, 0x0, 0x0, 0x0, 0x0,
	0x0, 0x0, 0x0, 0x0, 0x5, 0x5, 0x5, 0x5, 0x5, 0x5, 0x5, 0x5, 0x5, 0x5, 0x5, 0x5,
	0x5, 0x5, 0x5, 0x5, 0x785, 0x5, 0x5, 0x5, 0x5, 0x5, 0x5, 0x5, 0x5, 0x5, 0x5, 0x5,
	0x5, 0x5, 0x5, 0x5, 0x5, 0x5, 0x5, 0x0, 0x0, 0x0, 0x0, 0x0, 0x0, 0x0, 0x0, 0x0,
	0x0, 0x0, 0x0, 0x0, 0x0, 0x0, 0x0, 0x0, 0x0, 0x0, 0x0, 0x0, 0x10, 0x10, 0x10, 0x10,
	0x10, 0x10, 0x10, 0x10, 0x10, 0x10, 0x10, 0x10, 0x10, 0x10, 0x10, 0x10, 0x10, 0x10, 0x10, 0x10,
	0x10, 0x10, 0x10, 0x10, 0x10, 0x10, 0x10, 0x10, 0x10, 0x10, 0x10, 0x10, 0x0, 0x10, 0x0, 0x0,
	0x0, 0x0, 0x0, 0x0, 0x0, 0x0, 0x0, 0x0, 0x0, 0x0, 0x0, 0x0, 0x0, 0x0, 0x0, 0x0,
	0x0, 0x0, 0x0, 0x0, 0x0, 0x0, 0x0, 0x0, 0x0, 0x0, 0x0, 0x0, 0x6, 0x6, 0x6, 0x6,
	0x6, 0x6, 0x6, 0x6, 0x6, 0x6, 0x6, 0x6, 0x6, 0x6, 0x6, 0x6, 0x0, 0x0, 0x0, 0x0,
	0x0, 0x0, 0x0, 0x0, 0x0, 0x0, 0x0, 0x0, 0x0, 0x0, 0x0, 0x0, 0x11, 0x11, 0x11, 0x11,
	0x11, 0x11, 0x11, 0x11, 0x11, 0x11, 0x11, 0x11, 0x11, 0x11, 0x11, 0x11, 0x11, 0x11, 0x11, 0x11,
	0x11, 0x11, 0x11, 0x11, 0x11, 0x11, 0x11, 0x11, 0x11, 0x11, 0x0, 0x0, 0x0, 0x0, 0x0, 0x0
};

} // namespace sprt::idn::detail
