/**
 Copyright (c) 2026 Xenolith Team <admin@xenolith.studio>

 Permission is hereby granted, free of charge, to any person obtaining a copy
 of this software and associated documentation files (the "Software"), to deal
 in the Software without restriction, including without limitation the rights
 to use, copy, modify, merge, publish, distribute, sublicense, and/or sell
 copies of the Software, and to permit persons to whom the Software is
 furnished to do so, subject to the following conditions:

 The above copyright notice and this permission notice shall be included in
 all copies or substantial portions of the Software.

 THE SOFTWARE IS PROVIDED "AS IS", WITHOUT WARRANTY OF ANY KIND, EXPRESS OR
 IMPLIED, INCLUDING BUT NOT LIMITED TO THE WARRANTIES OF MERCHANTABILITY,
 FITNESS FOR A PARTICULAR PURPOSE AND NONINFRINGEMENT. IN NO EVENT SHALL THE
 AUTHORS OR COPYRIGHT HOLDERS BE LIABLE FOR ANY CLAIM, DAMAGES OR OTHER
 LIABILITY, WHETHER IN AN ACTION OF CONTRACT, TORT OR OTHERWISE, ARISING FROM,
 OUT OF OR IN CONNECTION WITH THE SOFTWARE OR THE USE OR OTHER DEALINGS IN
 THE SOFTWARE.
 **/

// © 2016 and later: Unicode, Inc. and others.
// License & terms of use: http://www.unicode.org/copyright.html
// Copyright (C) 1999-2016, International Business Machines Corporation and others.
// All Rights Reserved.
//
// GENERATED FILE - do not edit.  Produced by runtime/src/idn/data/gen-tables.py
// from the icu4c checkout in runtime/toolchains/src/icu4c, which carries the
// tables ICU builds from the Unicode Character Database.  See data/README.adoc
// to regenerate.

//
// Source: ICU `source/data/in/uts46.nrm` (Unicode 17.0.0), the combined UTS-46
// mapping and NFC composition data.  The serialized container has been taken
// apart by the generator; what follows is exactly what Normalizer2 reads.

///@ SP_EXCLUDE

#pragma once

namespace sprt::idn::detail {

// Unicode version the tables were built from, as major.minor.patch.
static constexpr uint8_t s_unicodeVersion[3] = {17, 0, 0};

// Code point thresholds and norm16 boundaries (the .nrm indexes array).
static constexpr char16_t s_normMinDecompNoCp = 0x41;
static constexpr char16_t s_normMinCompNoMaybeCp = 0x41;
static constexpr char16_t s_normMinLcccCp = 0xad;
static constexpr uint16_t s_normMinYesNo = 0x6d8;
static constexpr uint16_t s_normMinYesNoMappingsOnly = 0x9a0;
static constexpr uint16_t s_normMinNoNo = 0x16ea;
static constexpr uint16_t s_normMinNoNoCompBoundaryBefore = 0x4d06;
static constexpr uint16_t s_normMinNoNoCompNoMaybeCc = 0x554e;
static constexpr uint16_t s_normMinNoNoEmpty = 0x5604;
static constexpr uint16_t s_normLimitNoNo = 0x5608;
static constexpr uint16_t s_normMinMaybeNo = 0xfb10;
static constexpr uint16_t s_normMinMaybeNoCombinesFwd = 0xfb9e;
static constexpr uint16_t s_normMinMaybeYes = 0xfbc4;

// UCPTrie (fast, 16-bit values) over the norm16 values.
static constexpr int32_t s_normTrieIndexLength = 3042;
static constexpr int32_t s_normTrieDataLength = 16076;
static constexpr char32_t s_normTrieHighStart = 0xe0200;
static constexpr uint16_t s_normTrieShifted12HighStart = 0xe1;
static constexpr int32_t s_normTrieIndex3NullOffset = 0x380;
static constexpr int32_t s_normTrieDataNullOffset = 0x2c4e;
static constexpr uint16_t s_normTrieNullValue = 0x16eb;

static constexpr uint16_t s_normTrieIndex[3042] = {
	0x0, 0x40, 0x80, 0xc0, 0x100, 0x13f, 0x17f, 0x1bc, 0x1fc, 0x23b, 0x269, 0x2a2, 0x2e2, 0x322, 0x362, 0x3a2,
	0x3e2, 0x421, 0x45f, 0x49f, 0x4d9, 0x50a, 0x543, 0x583, 0x5bd, 0x5f5, 0x62e, 0x66e, 0x6a0, 0x6df, 0x6ed, 0x72d,
	0x76b, 0x7ab, 0x7db, 0x811, 0x851, 0x88e, 0x8ca, 0x909, 0x948, 0x986, 0x9c5, 0xa02, 0xa42, 0xa81, 0xabf, 0xafe,
	0xb3e, 0xb7b, 0xbb2, 0xbf2, 0xc32, 0xc71, 0xcb1, 0xcf1, 0xd30, 0xd6f, 0xdae, 0xdee, 0xe2e, 0xe6b, 0xeab, 0xee9,
	0xf29, 0x62e, 0xf64, 0xfa4, 0xfe4, 0x1005, 0x103b, 0x1078, 0x62e, 0x10af, 0x10e6, 0x1124, 0x1153, 0x1178, 0x119b, 0x11bb,
	0x62e, 0x62e, 0x62e, 0x62e, 0x62e, 0x62e, 0x62e, 0x62e, 0x62e, 0x62e, 0x11fa, 0x121a, 0x125a, 0x129a, 0x12da, 0x1310,
	0x1350, 0x121a, 0x1370, 0x13a0, 0x13e0, 0x1420, 0x1460, 0x1496, 0x14bf, 0x14e0, 0x1520, 0x155f, 0x159f, 0x15df, 0x1613, 0x163f,
	0x167b, 0x120d, 0x16bb, 0x16fb, 0x173b, 0x177b, 0x17b4, 0x17f4, 0x1834, 0x1874, 0x18b4, 0x18f4, 0x1934, 0x1974, 0x19b4, 0x19f4,
	0x1a34, 0x1a73, 0x1ab3, 0x1af1, 0x1b31, 0x1b71, 0x1bb1, 0x1be4, 0x1c21, 0x1c60, 0x1ca0, 0x1cd6, 0x1d04, 0x62e, 0x62e, 0x62e,
	0x1d2f, 0x1d6f, 0x1daf, 0x1def, 0x62e, 0x62e, 0x62e, 0x62e, 0x62e, 0x62e, 0x62e, 0x62e, 0x62e, 0x62e, 0x62e, 0x62e,
	0x62e, 0x62e, 0x62e, 0x62e, 0x62e, 0x62e, 0x62e, 0x62e, 0x1e23, 0x1e30, 0x62e, 0x1e67, 0x62e, 0x1e84, 0x62e, 0x62e,
	0x1ec4, 0x1ef4, 0x1f34, 0x1f50, 0x1f89, 0x1fb9, 0x1ff9, 0x2019, 0x62e, 0x2059, 0x2099, 0x20b9, 0x20f9, 0x2139, 0x2179, 0x21b9,
	0x21f9, 0x2239, 0x2277, 0x22b7, 0x22f7, 0x2337, 0x2377, 0x13b0, 0x23b7, 0x23f7, 0x2437, 0x2477, 0x24b7, 0x24f7, 0x2537, 0x2577,
	0x62e, 0x62e, 0x62e, 0x62e, 0x62e, 0x62e, 0x62e, 0x62e, 0x62e, 0x62e, 0x62e, 0x62e, 0x62e, 0x62e, 0x62e, 0x62e,
	0x62e, 0x62e, 0x62e, 0x62e, 0x62e, 0x62e, 0x62e, 0x62e, 0x62e, 0x62e, 0x62e, 0x62e, 0x62e, 0x62e, 0x62e, 0x62e,
	0x62e, 0x62e, 0x62e, 0x62e, 0x62e, 0x62e, 0x62e, 0x62e, 0x62e, 0x62e, 0x62e, 0x62e, 0x62e, 0x62e, 0x62e, 0x62e,
	0x62e, 0x62e, 0x62e, 0x62e, 0x62e, 0x62e, 0x62e, 0x62e, 0x62e, 0x62e, 0x62e, 0x62e, 0x62e, 0x62e, 0x62e, 0x62e,
	0x62e, 0x62e, 0x62e, 0x62e, 0x62e, 0x62e, 0x62e, 0x62e, 0x62e, 0x62e, 0x62e, 0x62e, 0x62e, 0x62e, 0x62e, 0x62e,
	0x62e, 0x62e, 0x62e, 0x62e, 0x62e, 0x62e, 0x62e, 0x62e, 0x62e, 0x62e, 0x62e, 0x62e, 0x62e, 0x62e, 0x62e, 0x62e,
	0x62e, 0x62e, 0x62e, 0x62e, 0x62e, 0x62e, 0x62e, 0x62e, 0x62e, 0x62e, 0x62e, 0x62e, 0x62e, 0x62e, 0x62e, 0x62e,
	0x62e, 0x62e, 0x62e, 0x62e, 0x62e, 0x62e, 0x62e, 0x62e, 0x62e, 0x62e, 0x62e, 0x62e, 0x62e, 0x62e, 0x62e, 0x62e,
	0x62e, 0x62e, 0x62e, 0x62e, 0x62e, 0x62e, 0x62e, 0x62e, 0x62e, 0x62e, 0x62e, 0x62e, 0x62e, 0x62e, 0x62e, 0x62e,
	0x62e, 0x62e, 0x62e, 0x62e, 0x62e, 0x62e, 0x62e, 0x62e, 0x62e, 0x62e, 0x62e, 0x62e, 0x62e, 0x62e, 0x62e, 0x62e,
	0x62e, 0x62e, 0x62e, 0x62e, 0x62e, 0x62e, 0x62e, 0x62e, 0x62e, 0x62e, 0x62e, 0x62e, 0x62e, 0x62e, 0x62e, 0x62e,
	0x62e, 0x62e, 0x62e, 0x62e, 0x62e, 0x62e, 0x62e, 0x62e, 0x62e, 0x62e, 0x62e, 0x62e, 0x62e, 0x62e, 0x62e, 0x62e,
	0x62e, 0x62e, 0x62e, 0x62e, 0x62e, 0x62e, 0x62e, 0x62e, 0x62e, 0x62e, 0x62e, 0x62e, 0x62e, 0x62e, 0x62e, 0x62e,
	0x62e, 0x62e, 0x62e, 0x62e, 0x62e, 0x62e, 0x62e, 0x62e, 0x62e, 0x62e, 0x62e, 0x62e, 0x62e, 0x62e, 0x62e, 0x62e,
	0x62e, 0x62e, 0x62e, 0x62e, 0x62e, 0x62e, 0x62e, 0x62e, 0x62e, 0x62e, 0x62e, 0x62e, 0x62e, 0x62e, 0x62e, 0x62e,
	0x62e, 0x62e, 0x62e, 0x62e, 0x62e, 0x62e, 0x62e, 0x62e, 0x62e, 0x62e, 0x62e, 0x62e, 0x62e, 0x62e, 0x62e, 0x62e,
	0x62e, 0x62e, 0x62e, 0x62e, 0x62e, 0x62e, 0x62e, 0x62e, 0x62e, 0x62e, 0x62e, 0x62e, 0x62e, 0x62e, 0x62e, 0x62e,
	0x62e, 0x62e, 0x62e, 0x62e, 0x62e, 0x62e, 0x62e, 0x62e, 0x62e, 0x62e, 0x62e, 0x62e, 0x62e, 0x62e, 0x62e, 0x62e,
	0x62e, 0x62e, 0x62e, 0x62e, 0x62e, 0x62e, 0x62e, 0x62e, 0x62e, 0x62e, 0x62e, 0x62e, 0x62e, 0x62e, 0x62e, 0x62e,
	0x62e, 0x62e, 0x62e, 0x62e, 0x62e, 0x62e, 0x62e, 0x62e, 0x62e, 0x62e, 0x62e, 0x62e, 0x62e, 0x62e, 0x62e, 0x62e,
	0x62e, 0x62e, 0x62e, 0x62e, 0x62e, 0x62e, 0x62e, 0x62e, 0x62e, 0x62e, 0x62e, 0x62e, 0x62e, 0x62e, 0x62e, 0x62e,
	0x62e, 0x62e, 0x62e, 0x62e, 0x62e, 0x62e, 0x62e, 0x62e, 0x62e, 0x62e, 0x62e, 0x62e, 0x62e, 0x62e, 0x62e, 0x62e,
	0x62e, 0x62e, 0x62e, 0x62e, 0x62e, 0x62e, 0x62e, 0x62e, 0x62e, 0x62e, 0x62e, 0x62e, 0x62e, 0x62e, 0x62e, 0x62e,
	0x62e, 0x62e, 0x62e, 0x62e, 0x62e, 0x62e, 0x62e, 0x62e, 0x62e, 0x62e, 0x62e, 0x62e, 0x62e, 0x62e, 0x62e, 0x62e,
	0x62e, 0x62e, 0x62e, 0x62e, 0x62e, 0x62e, 0x62e, 0x62e, 0x62e, 0x62e, 0x62e, 0x62e, 0x62e, 0x62e, 0x62e, 0x62e,
	0x62e, 0x62e, 0x62e, 0x62e, 0x62e, 0x62e, 0x62e, 0x62e, 0x62e, 0x62e, 0x62e, 0x62e, 0x62e, 0x62e, 0x62e, 0x62e,
	0x62e, 0x62e, 0x62e, 0x62e, 0x62e, 0x62e, 0x62e, 0x62e, 0x62e, 0x62e, 0x62e, 0x62e, 0x62e, 0x62e, 0x62e, 0x62e,
	0x62e, 0x62e, 0x62e, 0x62e, 0x62e, 0x62e, 0x62e, 0x62e, 0x62e, 0x62e, 0x62e, 0x62e, 0x62e, 0x62e, 0x62e, 0x62e,
	0x62e, 0x62e, 0x120a, 0x25b7, 0x62e, 0x62e, 0x62e, 0x62e, 0x25cb, 0x260b, 0x264b, 0x266b, 0x26ab, 0x26dd, 0x271b, 0x2757,
	0x2791, 0x27d1, 0x62e, 0x2811, 0x2843, 0x2871, 0x28b1, 0x28f1, 0x2931, 0x2971, 0x298d, 0x29cd, 0x2a0c, 0x2a3c, 0x2a7c, 0x2abc,
	0x2afc, 0x2b04, 0x2b0c, 0x2b14, 0x2b00, 0x2b08, 0x2b10, 0x2afc, 0x2b04, 0x2b0c, 0x2b14, 0x2b00, 0x2b08, 0x2b10, 0x2afc, 0x2b04,
	0x2b0c, 0x2b14, 0x2b00, 0x2b08, 0x2b10, 0x2afc, 0x2b04, 0x2b0c, 0x2b14, 0x2b00, 0x2b08, 0x2b10, 0x2afc, 0x2b04, 0x2b0c, 0x2b14,
	0x2b00, 0x2b08, 0x2b10, 0x2afc, 0x2b04, 0x2b0c, 0x2b14, 0x2b00, 0x2b08, 0x2b10, 0x2afc, 0x2b04, 0x2b0c, 0x2b14, 0x2b00, 0x2b08,
	0x2b10, 0x2afc, 0x2b04, 0x2b0c, 0x2b14, 0x2b00, 0x2b08, 0x2b10, 0x2afc, 0x2b04, 0x2b0c, 0x2b14, 0x2b00, 0x2b08, 0x2b10, 0x2afc,
	0x2b04, 0x2b0c, 0x2b14, 0x2b00, 0x2b08, 0x2b10, 0x2afc, 0x2b04, 0x2b0c, 0x2b14, 0x2b00, 0x2b08, 0x2b10, 0x2afc, 0x2b04, 0x2b0c,
	0x2b14, 0x2b00, 0x2b08, 0x2b10, 0x2afc, 0x2b04, 0x2b0c, 0x2b14, 0x2b00, 0x2b08, 0x2b10, 0x2afc, 0x2b04, 0x2b0c, 0x2b14, 0x2b00,
	0x2b08, 0x2b10, 0x2afc, 0x2b04, 0x2b0c, 0x2b14, 0x2b00, 0x2b08, 0x2b10, 0x2afc, 0x2b04, 0x2b0c, 0x2b14, 0x2b00, 0x2b08, 0x2b10,
	0x2afc, 0x2b04, 0x2b0c, 0x2b14, 0x2b00, 0x2b08, 0x2b10, 0x2afc, 0x2b04, 0x2b0c, 0x2b14, 0x2b00, 0x2b08, 0x2b10, 0x2afc, 0x2b04,
	0x2b0c, 0x2b14, 0x2b00, 0x2b08, 0x2b10, 0x2afc, 0x2b04, 0x2b0c, 0x2b14, 0x2b00, 0x2b08, 0x2b10, 0x2afc, 0x2b04, 0x2b0c, 0x2b14,
	0x2b00, 0x2b08, 0x2b10, 0x2afc, 0x2b04, 0x2b0c, 0x2b14, 0x2b00, 0x2b08, 0x2b10, 0x2afc, 0x2b04, 0x2b0c, 0x2b14, 0x2b00, 0x2b08,
	0x2b10, 0x2afc, 0x2b04, 0x2b0c, 0x2b14, 0x2b00, 0x2b08, 0x2b10, 0x2afc, 0x2b04, 0x2b0c, 0x2b14, 0x2b00, 0x2b08, 0x2b48, 0x2b81,
	0x2bc1, 0x2c01, 0x2c41, 0x2c4e, 0x2c4e, 0x2c4e, 0x2c4e, 0x2c4e, 0x2c4e, 0x2c4e, 0x2c4e, 0x2c4e, 0x2c4e, 0x2c8e, 0x2c4e, 0x2c4e,
	0x62e, 0x62e, 0x62e, 0x62e, 0x62e, 0x62e, 0x62e, 0x62e, 0x62e, 0x62e, 0x62e, 0x62e, 0x62e, 0x62e, 0x62e, 0x62e,
	0x2c4e, 0x2c4e, 0x2c4e, 0x2c4e, 0x2c4e, 0x2c4e, 0x2c4e, 0x2c4e, 0x2c4e, 0x2c4e, 0x2c4e, 0x2c4e, 0x2c4e, 0x2c4e, 0x2c4e, 0x2c4e,
	0x2c4e, 0x2c4e, 0x2c4e, 0x2c4e, 0x2c4e, 0x2c4e, 0x2c4e, 0x2c4e, 0x2c4e, 0x2c4e, 0x2c4e, 0x2c4e, 0x2c4e, 0x2c4e, 0x2c4e, 0x2c4e,
	0x2c4e, 0x2c4e, 0x2c4e, 0x2c4e, 0x2c4e, 0x2c4e, 0x2c4e, 0x2c4e, 0x2c4e, 0x2c4e, 0x2c4e, 0x2c4e, 0x2c4e, 0x2c4e, 0x2c4e, 0x2c4e,
	0x2c4e, 0x2c4e, 0x2c4e, 0x2c4e, 0x2c4e, 0x2c4e, 0x2c4e, 0x2c4e, 0x2c4e, 0x2c4e, 0x2c4e, 0x2c4e, 0x2c4e, 0x2c4e, 0x2c4e, 0x2c4e,
	0x2c4e, 0x2c4e, 0x2c4e, 0x2c4e, 0x2c4e, 0x2c4e, 0x2c4e, 0x2c4e, 0x2c4e, 0x2c4e, 0x2c4e, 0x2c4e, 0x2c4e, 0x2c4e, 0x2c4e, 0x2c4e,
	0x2c4e, 0x2c4e, 0x2c4e, 0x2c4e, 0x2c4e, 0x2c4e, 0x2c4e, 0x2c4e, 0x2c4e, 0x2c4e, 0x2c4e, 0x2c4e, 0x2c4e, 0x2c4e, 0x2c4e, 0x2c4e,
	0x2c4e, 0x2c4e, 0x2c4e, 0x2c4e, 0x2cce, 0x2d0e, 0x2d4e, 0x2d8e, 0x2dce, 0x2e0e, 0x2e4e, 0x2e8e, 0x2ece, 0x2f0e, 0x2f4c, 0x2f7e,
	0x2fbe, 0x2ffe, 0x303e, 0x307e, 0x30be, 0x30fc, 0x313c, 0x317c, 0x31bc, 0x31fc, 0x323c, 0x327b, 0x32bb, 0x32fb, 0x333b, 0x337b,
	0xae4, 0xb03, 0xb1d, 0xb3c, 0xb5c, 0xb5c, 0xb69, 0xb86, 0xba6, 0xbc1, 0xbc1, 0xbc1, 0xbc1, 0xbc1, 0xbc1, 0xbc1,
	0xbc1, 0xbc1, 0xbc1, 0xbc1, 0xbc1, 0xbc1, 0xbc1, 0xbc1, 0xbc1, 0xbc1, 0xbc1, 0xbc1, 0xbc1, 0xbc1, 0xbc1, 0xbc1,
	0xbc1, 0xbc1, 0xbc1, 0xbc1, 0xbc1, 0xbc1, 0xbc1, 0xbc1, 0xbc1, 0xbc1, 0xbc1, 0xbc1, 0xbc1, 0xbc1, 0xbc1, 0xbc1,
	0xbc1, 0xbc1, 0xbc1, 0xbc1, 0xbe1, 0x33bb, 0x62e, 0x33c8, 0x33d0, 0x5a0, 0x5a0, 0x2c4e, 0x2c4e, 0x62e, 0x62e, 0x62e,
	0x62e, 0x62e, 0x62e, 0x62e, 0x714, 0x1409, 0x62e, 0x62e, 0xcc4, 0x62e, 0x62e, 0x62e, 0x62e, 0x59f, 0x5a1, 0x7f,
	0x2c4e, 0x2c4e, 0x62e, 0x62e, 0x33df, 0x2c4e, 0x2c4e, 0x2c4e, 0x2c4e, 0x2c4e, 0x2c4e, 0x2c4e, 0x2c4e, 0x62e, 0x5a1, 0x62e,
	0x62e, 0x62e, 0x7f, 0x614, 0x5a2, 0x62e, 0x62e, 0x9b9, 0x62e, 0x714, 0x62e, 0x62e, 0x33ef, 0x62e, 0x79c, 0x62e,
	0x62e, 0x1408, 0x5b2, 0x2c4e, 0x2c4e, 0x33ff, 0x33ff, 0x3407, 0x62e, 0x62e, 0x62e, 0x62e, 0x62e, 0x62e, 0x5a0, 0x715,
	0x33ff, 0x33ff, 0x3417, 0x62e, 0x5a2, 0x62e, 0x62e, 0x717, 0x62e, 0x62e, 0x62e, 0x5b4, 0x3427, 0x3427, 0x3434, 0x7a8,
	0x3442, 0x3452, 0x3460, 0x346c, 0x7c, 0x62e, 0x62e, 0x62e, 0x62e, 0x62e, 0x62e, 0x62e, 0x62e, 0x62e, 0x62e, 0x62e,
	0x62e, 0x62e, 0x62e, 0x62e, 0x62e, 0x62e, 0x62e, 0x62e, 0x718, 0x62e, 0x5b2, 0x717, 0x2c4e, 0x347b, 0x348b, 0x349b,
	0x34ab, 0x2c4e, 0x2c4e, 0x2c4e, 0x2c4e, 0x34bb, 0x62e, 0x62e, 0x34c5, 0x62e, 0x7a4, 0x62e, 0x62e, 0x62e, 0x59f, 0x58c,
	0x2c4e, 0x2c4e, 0x2c4e, 0x62e, 0x34d4, 0x62e, 0xcbc, 0x62e, 0x7cc, 0x62e, 0x715, 0x2c4e, 0x2c4e, 0x62e, 0x62e, 0x62e,
	0x5a6, 0x62e, 0x521, 0x62e, 0x62e, 0x34e0, 0x9cf, 0x62e, 0x34f0, 0x716, 0x716, 0x62e, 0x62e, 0x62e, 0x62e, 0x2c4e,
	0x2c4e, 0x62e, 0x62e, 0x3500, 0x718, 0x62e, 0x62e, 0x62e, 0xcc2, 0x62e, 0xc8f, 0x62e, 0x7d3, 0x62e, 0x350e, 0x5ba,
	0x2c4e, 0x2c4e, 0x2c4e, 0x2c4e, 0x2c4e, 0x62e, 0x62e, 0x62e, 0x62e, 0x716, 0x2c4e, 0x2c4e, 0x2c4e, 0x351e, 0x351e, 0x351e,
	0x352b, 0x62e, 0x62e, 0x62e, 0xa31, 0x62e, 0x62e, 0x353b, 0x715, 0x62e, 0x354b, 0x3555, 0x62e, 0xab3, 0x2c4e, 0x2c4e,
	0x2c4e, 0x2c4e, 0x2c4e, 0x2c4e, 0x2c4e, 0x62e, 0x59f, 0x62e, 0x62e, 0x3563, 0x7e, 0x5b0, 0x716, 0x2c4e, 0x3571, 0x62e,
	0x62e, 0x717, 0x62e, 0x3581, 0x3590, 0x2c4e, 0x62e, 0x35a0, 0x2c4e, 0x2c4e, 0x62e, 0x5a2, 0x2c4e, 0x62e, 0x718, 0x62e,
	0x62e, 0x62e, 0x62e, 0x35b0, 0x521, 0x62e, 0x35c0, 0x62e, 0x35d0, 0x35dd, 0x35e9, 0x7d, 0x62e, 0x716, 0x715, 0x7f8,
	0x62e, 0x35f7, 0x3607, 0x717, 0x62e, 0x62e, 0x3614, 0x62e, 0x62e, 0x62e, 0x62e, 0x3624, 0x62e, 0x522, 0x7b, 0x62e,
	0x7a8, 0x62e, 0x362f, 0x7e, 0x2c4e, 0x2c4e, 0x2c4e, 0x3638, 0x79c, 0x715, 0x62e, 0x62e, 0x62e, 0x3647, 0x715, 0x8ca,
	0x8da, 0x7a1, 0x3657, 0x3666, 0x3676, 0x3683, 0x368b, 0x369b, 0x36ab, 0x62e, 0x36b5, 0x36c4, 0x36d3, 0x36d9, 0x2c4e, 0x62e,
	0x62e, 0x62e, 0x62e, 0x36e9, 0x36f0, 0x7e, 0x2c4e, 0x62e, 0x62e, 0x62e, 0x3700, 0x370f, 0x715, 0x2c4e, 0x2c4e, 0x2c4e,
	0x2c4e, 0x2c4e, 0x2c4e, 0x2c4e, 0x2c4e, 0x2c4e, 0x2c4e, 0x62e, 0x62e, 0x371f, 0x372f, 0x373f, 0x5a0, 0x2c4e, 0x2c4e, 0x62e,
	0x62e, 0x62e, 0xc5e, 0x7b, 0x715, 0x5a1, 0x2c4e, 0x62e, 0x62e, 0x62e, 0x3749, 0x715, 0x62e, 0x7c, 0x2c4e, 0x62e,
	0xc8a, 0x2879, 0x62e, 0x718, 0x2c4e, 0x2c4e, 0x2c4e, 0x2c4e, 0x2c4e, 0x2c4e, 0x2c4e, 0x2c4e, 0x2c4e, 0x2c4e, 0x2c4e, 0x62e,
	0x62e, 0x62e, 0x3759, 0x2c4e, 0x2c4e, 0x2c4e, 0x2c4e, 0x2c4e, 0x2c4e, 0x354b, 0x354b, 0x62e, 0x62e, 0x62e, 0xc23, 0x3769,
	0x3775, 0x62e, 0x3785, 0x3614, 0x715, 0x2c4e, 0x2c4e, 0x2c4e, 0x2c4e, 0xc8d, 0x62e, 0x62e, 0xc8d, 0x3793, 0x2c4e, 0x62e,
	0x62e, 0x62e, 0x2793, 0x287d, 0x62e, 0x62e, 0x62e, 0x62e, 0x1319, 0x7d, 0x62e, 0x62e, 0x62e, 0x62e, 0x716, 0x715,
	0x2c4e, 0x2c4e, 0x2c4e, 0x2c4e, 0x2c4e, 0x717, 0x2c4e, 0x2c4e, 0x2c4e, 0x2c4e, 0x2c4e, 0x62e, 0x62e, 0x7e, 0x715, 0x7a1,
	0x62e, 0x62e, 0x37a3, 0x5b2, 0x62e, 0x5a1, 0x62e, 0x62e, 0x521, 0x7a2, 0x718, 0x2c4e, 0x2c4e, 0x2c4e, 0x2c4e, 0x9ef,
	0x62e, 0x62e, 0x37b3, 0x37c2, 0x715, 0x37d2, 0x62e, 0x59f, 0x37e0, 0x715, 0x62e, 0x62e, 0x5a2, 0x715, 0x2c4e, 0x2c4e,
	0x2c4e, 0x2c4e, 0x2c4e, 0x2c4e, 0x2c4e, 0x2c4e, 0x2c4e, 0x2c4e, 0x2c4e, 0x2c4e, 0x2c4e, 0x2c4e, 0x62e, 0x716, 0x62e, 0x7a9,
	0x62e, 0xcbd, 0xf61, 0x714, 0x2c4e, 0x2c4e, 0x2c4e, 0x2c4e, 0x2c4e, 0x7f, 0x62e, 0x62e, 0x62e, 0x36da, 0x62e, 0x62e,
	0x62e, 0x62e, 0x62e, 0x62e, 0x62e, 0x62e, 0x62e, 0x62e, 0x62e, 0x62e, 0x62e, 0x62e, 0x62e, 0x62e, 0x62e, 0x62e,
	0x62e, 0x62e, 0x62e, 0x62e, 0x62e, 0x62e, 0x62e, 0x715, 0x2c4e, 0x2c4e, 0x2c4e, 0x2c4e, 0x2c4e, 0x2c4e, 0x62e, 0x62e,
	0x62e, 0x62e, 0x62e, 0x62e, 0x59f, 0x7b, 0x62e, 0x62e, 0x62e, 0x62e, 0x62e, 0x62e, 0x62e, 0x62e, 0x62e, 0x62e,
	0x62e, 0x62e, 0x7c, 0x2c4e, 0x2c4e, 0x2c4e, 0x2c4e, 0x2c4e, 0x2c4e, 0x2c4e, 0x2c4e, 0x2c4e, 0x2c4e, 0x2c4e, 0x2c4e, 0x2c4e,
	0x2c4e, 0x2c4e, 0x2c4e, 0x2c4e, 0x2c4e, 0x2c4e, 0x2c4e, 0x2c4e, 0x2c4e, 0x2c4e, 0x2c4e, 0x2c4e, 0x62e, 0x62e, 0x62e, 0x62e,
	0x62e, 0x62e, 0x7d, 0x62e, 0x62e, 0x62e, 0x2c4e, 0x62e, 0x5b2, 0x62e, 0x62e, 0x62e, 0x62e, 0x62e, 0x62e, 0x62e,
	0x62e, 0x62e, 0x62e, 0x62e, 0x62e, 0x62e, 0x62e, 0x62e, 0x62e, 0x62e, 0x62e, 0x62e, 0x62e, 0x62e, 0x62e, 0x62e,
	0x62e, 0x62e, 0x62e, 0x62e, 0x62e, 0x62e, 0x62e, 0x62e, 0x714, 0x62e, 0x62e, 0x62e, 0x62e, 0x718, 0x2c4e, 0x2c4e,
	0x2c4e, 0x2c4e, 0x2c4e, 0x2c4e, 0x2c4e, 0x2c4e, 0x2c4e, 0x2c4e, 0x2c4e, 0x2c4e, 0x2c4e, 0x2c4e, 0x2c4e, 0x2c4e, 0x2c4e, 0x2c4e,
	0x2c4e, 0x2c4e, 0x2c4e, 0x2c4e, 0x2c4e, 0x2c4e, 0x2c4e, 0x2c4e, 0x2c4e, 0x62e, 0x37f0, 0x37ff, 0x715, 0x2c4e, 0x2c4e, 0x2c4e,
	0x2c4e, 0x2c4e, 0x2c4e, 0x2c4e, 0x2c4e, 0x2c4e, 0x2c4e, 0x2c4e, 0x2c4e, 0x62e, 0x62e, 0x62e, 0x716, 0x62e, 0x59f, 0x5a4,
	0x62e, 0x62e, 0x62e, 0x62e, 0x59f, 0x715, 0x62e, 0x5a0, 0x380f, 0x62e, 0x62e, 0x62e, 0x160c, 0x5b2, 0x7a0, 0x7a8,
	0x7ce, 0x62e, 0x2c4e, 0x2c4e, 0x2c4e, 0x2c4e, 0x2c4e, 0x2c4e, 0x2c4e, 0x2c4e, 0x2c4e, 0x2c4e, 0x2c4e, 0x2c4e, 0x2c4e, 0x2c4e,
	0x2c4e, 0x2c4e, 0x2c4e, 0x2c4e, 0x2c4e, 0x2c4e, 0x62e, 0x62e, 0x381f, 0x715, 0x2c4e, 0x2c4e, 0x2c4e, 0x2c4e, 0x2c4e, 0x2c4e,
	0x2c4e, 0x2c4e, 0x354b, 0x354b, 0x62e, 0x62e, 0x62e, 0x714, 0x382f, 0x3836, 0x62e, 0x7c, 0x2c4e, 0x2c4e, 0x62e, 0x62e,
	0x62e, 0x62e, 0x5a3, 0x62e, 0x62e, 0x62e, 0xa2c, 0x62e, 0x2c4e, 0x2c4e, 0x2c4e, 0x2c4e, 0x7b, 0x3846, 0x62e, 0x62e,
	0x62e, 0x62e, 0x62e, 0x62e, 0x62e, 0x62e, 0x62e, 0x62e, 0x62e, 0x62e, 0x62e, 0x5b2, 0x2c4e, 0xa13, 0x62e, 0x59f,
	0x2c4e, 0x2c4e, 0x2c4e, 0x2c4e, 0x2c4e, 0x2c4e, 0x62e, 0x62e, 0x62e, 0x62e, 0x62e, 0x62e, 0x62e, 0x7d, 0x2c4e, 0x2c4e,
	0x2c4e, 0x2c4e, 0x2c4e, 0x2c4e, 0x2c4e, 0x2c4e, 0x2c4e, 0x2c4e, 0x2c4e, 0x2c4e, 0x2c4e, 0x2c4e, 0x2c4e, 0x2c4e, 0x2c4e, 0x2c4e,
	0x2c4e, 0x2c4e, 0x2c4e, 0x2c4e, 0x2c4e, 0x2c4e, 0x2c4e, 0x2c4e, 0x2c4e, 0x2c4e, 0x2c4e, 0x2c4e, 0x2c4e, 0x9ea, 0x62e, 0x62e,
	0x62e, 0x62e, 0x62e, 0x62e, 0x62e, 0x62e, 0x62e, 0x62e, 0x62e, 0x62e, 0x62e, 0x62e, 0x62e, 0x62e, 0x62e, 0x62e,
	0x7d, 0xa10, 0x2c4e, 0x3856, 0x3862, 0x62e, 0x62e, 0x62e, 0x62e, 0x62e, 0x62e, 0x62e, 0x62e, 0x62e, 0x62e, 0x62e,
	0x62e, 0x62e, 0x62e, 0x62e, 0x5a2, 0x2c4e, 0x2c4e, 0x2c4e, 0x2c4e, 0x2c4e, 0x2c4e, 0x2c4e, 0x2c4e, 0x2c4e, 0x2c4e, 0x2c4e,
	0x2c4e, 0x2c4e, 0x2c4e, 0x2c4e, 0x2c4e, 0x62e, 0x62e, 0x62e, 0x62e, 0x62e, 0x62e, 0x714, 0x5a1, 0x716, 0x3872, 0x3882,
	0x2c4e, 0x2c4e, 0x2c4e, 0x2c4e, 0x2c4e, 0x2c4e, 0x2c4e, 0x2c4e, 0x2c4e, 0x2c4e, 0x2c4e, 0x2c4e, 0x2c4e, 0x2c4e, 0x2c4e, 0x2c4e,
	0x2c4e, 0x2c4e, 0x2c4e, 0x2c4e, 0x2c4e, 0x62e, 0x62e, 0x62e, 0x62e, 0x62e, 0x62e, 0x62e, 0x62e, 0x62e, 0x62e, 0x62e,
	0x62e, 0x62e, 0x3892, 0x1def, 0x38a2, 0x62e, 0x62e, 0x62e, 0x62e, 0x62e, 0x62e, 0x62e, 0x62e, 0x62e, 0x62e, 0x62e,
	0x62e, 0x62e, 0x62e, 0x62e, 0x62e, 0x11b1, 0x62e, 0x7f, 0x62e, 0x7f, 0x62e, 0x62e, 0x5a0, 0x62e, 0x718, 0x62e,
	0x62e, 0x62e, 0x62e, 0x62e, 0x62e, 0x62e, 0x7c, 0x2c4e, 0x2c4e, 0x2c4e, 0x62e, 0x62e, 0x62e, 0x62e, 0x62e, 0x62e,
	0x62e, 0x62e, 0x62e, 0x62e, 0x62e, 0x62e, 0x62e, 0x62e, 0x62e, 0x5b2, 0x62e, 0x62e, 0xc8e, 0x62e, 0x62e, 0x38b2,
	0x38c2, 0x38d0, 0x38dd, 0x62e, 0x38e9, 0x38f7, 0x3907, 0x62e, 0x714, 0x2c4e, 0x62e, 0x62e, 0x62e, 0x62e, 0x3915, 0x2c4e,
	0x2c4e, 0x2c4e, 0x2c4e, 0x2c4e, 0x2c4e, 0x2c4e, 0x62e, 0x7c, 0x62e, 0x7c, 0x62e, 0x62e, 0x62e, 0x62e, 0x62e, 0x718,
	0x62e, 0x716, 0x2c4e, 0x2c4e, 0x2c4e, 0x2c4e, 0x2c4e, 0x2c4e, 0x2c4e, 0x2c4e, 0x1de5, 0x1df5, 0x1deb, 0x1dfb, 0x1df1, 0x3925,
	0x1df7, 0x1ded, 0x1dfd, 0x3931, 0x3941, 0x3951, 0x3961, 0x1de5, 0x1df5, 0x1deb, 0x396d, 0x397d, 0x1de7, 0x3969, 0x398d, 0x399d,
	0x1df3, 0x1de9, 0x1df9, 0x1def, 0x1de5, 0x1df5, 0x1deb, 0x1dfb, 0x1df1, 0x1de7, 0x1df7, 0x1ded, 0x1dfd, 0x1df3, 0x1de9, 0x1df9,
	0x1def, 0x1de5, 0x1df5, 0x1deb, 0x39ad, 0x39bd, 0x39cd, 0x39dd, 0x39ed, 0x39c3, 0x39d3, 0x39e3, 0x39b9, 0x39c9, 0x39d9, 0x39e9,
	0x39bf, 0x39b5, 0x39df, 0x39b5, 0x39c5, 0x39d5, 0x39fd, 0x3a0d, 0x3a13, 0x3a0f, 0x62e, 0x62e, 0x62e, 0x62e, 0x62e, 0x62e,
	0x62e, 0x62e, 0x5a2, 0x5b8, 0x522, 0x2c4e, 0x2c4e, 0x2c4e, 0x2c4e, 0x2c4e, 0x2c4e, 0x2c4e, 0x2c4e, 0x2c4e, 0x2c4e, 0x2c4e,
	0x2c4e, 0x2c4e, 0x2c4e, 0x2c4e, 0x2c4e, 0x2c4e, 0x2c4e, 0x2c4e, 0x2c4e, 0x2c4e, 0x62e, 0x59f, 0x3a23, 0x2c4e, 0x2c4e, 0x2c4e,
	0x2c4e, 0x2c4e, 0x2c4e, 0x2c4e, 0x2c4e, 0x2c4e, 0x2c4e, 0x2c4e, 0x2c4e, 0x2c4e, 0x3a33, 0x3a3b, 0x3a49, 0x3a59, 0x3a69, 0x3a79,
	0x3a89, 0x2c4e, 0x3a97, 0x2c4e, 0x2c4e, 0x2c4e, 0x2c4e, 0x2c4e, 0x2c4e, 0x2c4e, 0x62e, 0x62e, 0x5a1, 0x3aa6, 0x5a4, 0x2c4e,
	0x2c4e, 0x2c4e, 0x2c4e, 0x2c4e, 0x2c4e, 0x2c4e, 0x2c4e, 0x2c4e, 0x2c4e, 0x2c4e, 0x62e, 0x939, 0x2c4e, 0x62e, 0x62e, 0x74c,
	0x7cc, 0x2c4e, 0x2c4e, 0x2c4e, 0x2c4e, 0x2c4e, 0x2c4e, 0x2c4e, 0x2c4e, 0x2c4e, 0x2c4e, 0x2c4e, 0x2c4e, 0x2c4e, 0x2c4e, 0x2c4e,
	0x2c4e, 0x62e, 0x3ab6, 0x715, 0x2c4e, 0x2c4e, 0x2c4e, 0x2c4e, 0x2c4e, 0x2c4e, 0x2c4e, 0x2c4e, 0x2c4e, 0x2c4e, 0x2c4e, 0x2c4e,
	0x2c4e, 0x62e, 0x6c2, 0x5a3, 0x2c4e, 0x2c4e, 0x2c4e, 0x2c4e, 0x2c4e, 0x2c4e, 0x2c4e, 0x2c4e, 0x2c4e, 0x2c4e, 0x2c4e, 0x2c4e,
	0x62e, 0x59f, 0x3ac6, 0x3ad6, 0x2c4e, 0x2c4e, 0x2c4e, 0x2c4e, 0x2c4e, 0x2c4e, 0x2c4e, 0x2c4e, 0x2c4e, 0x2c4e, 0x2c4e, 0x2c4e,
	0x2c4e, 0x2c4e, 0x3ae4, 0x59f, 0x62e, 0x62e, 0x62e, 0x62e, 0x62e, 0x62e, 0x62e, 0x62e, 0x62e, 0x62e, 0x62e, 0x62e,
	0xaa0, 0x3af4, 0x2c4e, 0x2c4e, 0x3b04, 0x3b04, 0x3b12, 0x62e, 0x3b1e, 0x5a4, 0x2c4e, 0x2c4e, 0x2c4e, 0x2c4e, 0x2c4e, 0x2c4e,
	0x2c4e, 0x2c4e, 0x2c4e, 0x2c4e, 0x522, 0x62e, 0x62e, 0x62e, 0x7b, 0x2c4e, 0x2c4e, 0x2c4e, 0x2c4e, 0x522, 0x62e, 0x62e,
	0x5a0, 0x2c4e, 0x2c4e, 0x2c4e, 0x2c4e, 0x2c4e, 0x2c4e, 0x2c4e, 0x2c4e, 0x2c4e, 0x2c4e, 0x2c4e, 0x2c4e, 0x3b2e, 0x3b3e, 0x3b4e,
	0x3b5e, 0x3b6c, 0x3b7c, 0x3b8c, 0x3b9c, 0x3bac, 0x3bbc, 0x3bcb, 0x3bbc, 0x2c4e, 0x2c4e, 0x2c4e, 0x7e, 0x2c4e, 0x2c4e, 0x2c4e,
	0x2c4e, 0x2c4e, 0x2c4e, 0x2c4e, 0x2c4e, 0x2c4e, 0x2c4e, 0x2c4e, 0x2c4e, 0x2c4e, 0x2c4e, 0x2c4e, 0x2c4e, 0x62e, 0x62e, 0x5a2,
	0x62e, 0x62e, 0x62e, 0x62e, 0x62e, 0x62e, 0x7c, 0x59f, 0x522, 0x522, 0x522, 0x62e, 0x5b2, 0x3bdb, 0x1dcb, 0x3beb,
	0x1de5, 0x3bfb, 0x62e, 0x3c0b, 0x62e, 0x62e, 0x3c1b, 0x5a0, 0x2c4e, 0x2c4e, 0x2c4e, 0x58d, 0x62e, 0x3c2b, 0x3c3b, 0x3c4b,
	0x3c5b, 0x3c6b, 0x3c7b, 0x5b2, 0x2c4e, 0x2c4e, 0x2c4e, 0x2c4e, 0x2c4e, 0x2c4e, 0x2c4e, 0x2c4e, 0x2c4e, 0x62e, 0x62e, 0x62e,
	0x62e, 0x62e, 0x62e, 0x62e, 0x62e, 0x62e, 0x62e, 0x62e, 0x62e, 0x62e, 0x62e, 0x62e, 0x62e, 0xcbf, 0x5a1, 0x5a1,
	0x62e, 0x62e, 0x62e, 0x62e, 0x62e, 0x62e, 0x62e, 0x62e, 0x62e, 0x62e, 0x62e, 0x62e, 0x62e, 0x715, 0x5a2, 0x7f,
	0x5a2, 0x62e, 0x62e, 0x62e, 0x717, 0x715, 0x62e, 0x62e, 0x717, 0x62e, 0x5a0, 0x5a2, 0x7e, 0x716, 0x2c4e, 0x2c4e,
	0x62e, 0x62e, 0x62e, 0x62e, 0x62e, 0x62e, 0x62e, 0x62e, 0x62e, 0x62e, 0x62e, 0x62e, 0x62e, 0x62e, 0x62e, 0x62e,
	0x717, 0x5a0, 0x5a1, 0xcbd, 0x62e, 0x62e, 0x62e, 0x3c8b, 0x6a1, 0x5a3, 0x716, 0x62e, 0x62e, 0x62e, 0x62e, 0x62e,
	0x62e, 0x62e, 0x62e, 0x62e, 0x7a7, 0x62e, 0x62e, 0x62e, 0x62e, 0x62e, 0x3c9b, 0x62e, 0x62e, 0x62e, 0x62e, 0x62e,
	0x62e, 0x62e, 0x62e, 0x62e, 0x62e, 0x62e, 0x62e, 0x62e, 0x62e, 0x2c4e, 0x2c4e, 0x62e, 0x62e, 0x62e, 0x62e, 0x62e,
	0x62e, 0x62e, 0x62e, 0x62e, 0x62e, 0x62e, 0x62e, 0x62e, 0x62e, 0x62e, 0x62e, 0x5a0, 0x62e, 0x62e, 0x62e, 0x62e,
	0x62e, 0x62e, 0x62e, 0x62e, 0x62e, 0x62e, 0x62e, 0x62e, 0x62e, 0x62e, 0x62e, 0x62e, 0x62e, 0x62e, 0x62e, 0x62e,
	0x62e, 0x62e, 0x62e, 0x62e, 0x62e, 0x62e, 0x62e, 0x62e, 0x62e, 0x62e, 0x7f, 0x62e, 0x62e, 0x62e, 0x62e, 0x62e,
	0x5a0, 0x2c4e, 0x2c4e, 0x2c4e, 0x2c4e, 0x2c4e, 0x2c4e, 0x2c4e, 0x2c4e, 0x2c4e, 0x2c4e, 0x2c4e, 0x2c4e, 0x2c4e, 0x2c4e, 0x2c4e,
	0x2c4e, 0x2c4e, 0x2c4e, 0x2c4e, 0x2c4e, 0x2c4e, 0x2c4e, 0x2c4e, 0x2c4e, 0x2c4e, 0x2c4e, 0x3cab, 0x3cbb, 0x3ccb, 0x3cdb, 0x3ceb,
	0x3cfb, 0x3d0b, 0x3d1b, 0x3d2b, 0x3d3b, 0x3d4b, 0x3d5b, 0x3d6b, 0x3d7b, 0x3d8b, 0x3d9b, 0x3dab, 0x3dbb, 0x3dcb, 0x3ddb, 0x3deb,
	0x3dfb, 0x3e0b, 0x3e1b, 0x3e2b, 0x3e3b, 0x3e4b, 0x3e5b, 0x3e6b, 0x3e7b, 0x3e8b, 0x3e9b, 0x3eab, 0x3ebb, 0x2c4e, 0x2c4e, 0x2c4e,
	0x2c4e, 0x2c4e, 0x2c4e, 0x2c4e, 0x2c4e, 0x2c4e, 0x2c4e, 0x2c4e, 0x2c4e, 0x2c4e, 0x2c4e, 0x2c4e, 0x2c4e, 0x2c4e, 0x2c4e, 0x2c4e,
	0x2c4e, 0x2c4e, 0x2c4e, 0x2c4e, 0x2c4e, 0x2c4e, 0x2c4e, 0x2c4e, 0x2c4e, 0x2c4e, 0x2c4e, 0x62e, 0x62e, 0x62e, 0x62e, 0x62e,
	0x62e, 0x62e, 0x62e, 0x62e, 0x62e, 0x62e, 0x62e, 0x62e, 0x62e, 0x62e, 0x62e, 0x62e, 0x62e, 0x62e, 0x62e, 0x714,
	0x62e, 0x62e, 0x62e, 0x62e, 0x62e, 0x62e, 0x62e, 0x62e, 0x62e, 0x62e, 0x62e, 0x715, 0x2c4e, 0x2c4e, 0x2c4e, 0x2c4e,
	0x2c4e, 0x2c4e, 0x2c4e, 0x2c4e, 0x2c4e, 0x2c4e, 0x2c4e, 0x2c4e, 0x2c4e, 0x2c4e, 0x2c4e, 0x2c4e, 0x2c4e, 0x2c4e, 0x2c4e, 0x2c4e,
	0x2c4e, 0x2c4e, 0x2c4e, 0x2c4e, 0x31bc, 0x31bc, 0x31bc, 0x31bc, 0x31bc, 0x31bc, 0x31bc, 0x31bc, 0x31bc, 0x31bc, 0x31bc, 0x31bc,
	0x31bc, 0x31bc, 0x31bc, 0x2c4e, 0x435, 0x455, 0x475, 0x495, 0x4b5, 0x4d5, 0x4f5, 0x50f, 0x52f, 0x54f, 0x56f, 0x58f,
	0x5af, 0x5cf, 0x5ef, 0x60e, 0xd0, 0x62e, 0x64e, 0x380, 0x380, 0x380, 0x380, 0x663, 0xd0, 0xd0, 0x683, 0xd0,
	0xd0, 0xd0, 0xd0, 0xd0, 0x689, 0xd0, 0x6a9, 0x380, 0x380, 0x380, 0x380, 0x380, 0x380, 0x380, 0x380, 0x380,
	0x380, 0x380, 0x380, 0x6b9, 0x380, 0x380, 0x380, 0xd0, 0x6d9, 0x6f2, 0x70e, 0xd0, 0xd0, 0xd0, 0xd0, 0xd0,
	0xd0, 0xd0, 0xd0, 0x72e, 0x380, 0x380, 0x380, 0x380, 0x380, 0x380, 0x380, 0x380, 0x380, 0x380, 0x380, 0x380,
	0x380, 0x380, 0x380, 0x380, 0x74e, 0x76e, 0x785, 0x380, 0x380, 0x380, 0x380, 0x7a5, 0x380, 0x380, 0x380, 0x380,
	0x380, 0x380, 0x7c5, 0x7da, 0x7fa, 0x81a, 0x83a, 0x85a, 0xd0, 0x87a, 0x380, 0x88a, 0x8aa, 0x8c1, 0x8d4, 0x8f4,
	0x914, 0x380, 0x92d, 0x94d, 0x96d, 0x98d, 0xd0, 0x9a0, 0x9c0, 0x9db, 0x380, 0x380, 0xd0, 0xd0, 0xd0, 0xd0,
	0xd0, 0xd0, 0xd0, 0xd0, 0xd0, 0xd0, 0xd0, 0xd0, 0xd0, 0xd0, 0xd0, 0xd0, 0xd0, 0xd0, 0xd0, 0xd0,
	0xd0, 0xd0, 0xd0, 0xd0, 0xd0, 0xd0, 0xd0, 0xd0, 0xd0, 0xd0, 0xd0, 0xd0, 0x9fb, 0xd0, 0xd0, 0xd0,
	0xd0, 0xd0, 0xd0, 0xd0, 0xd0, 0xa1a, 0xd0, 0xd0, 0xd0, 0xd0, 0xd0, 0xd0, 0xd0, 0xa11, 0xd0, 0xd0,
	0xd0, 0xd0, 0xd0, 0xd0, 0xd0, 0xd0, 0xd0, 0xd0, 0xd0, 0xd0, 0xd0, 0xa1c, 0xd0, 0xa3b, 0x380, 0x380,
	0x380, 0x380, 0xa5b, 0xa7b, 0x380, 0x380, 0xd0, 0xd0, 0xd0, 0xd0, 0xd0, 0xd0, 0xd0, 0xd0, 0xd0, 0xa9b,
	0xd0, 0xd0, 0xd0, 0xd0, 0xd0, 0xd0, 0xd0, 0xd0, 0xd0, 0xd0, 0xd0, 0xd0, 0xd0, 0xd0, 0xd0, 0xd0,
	0xab4, 0x380, 0x380, 0x380, 0x380, 0x380, 0x380, 0x380, 0x380, 0x380, 0x380, 0x380, 0x380, 0x380, 0x380, 0x380,
	0x380, 0x380, 0x380, 0x380, 0x380, 0x380, 0x380, 0x380, 0x380, 0x380, 0x380, 0x380, 0x380, 0x380, 0x380, 0x380,
	0x380, 0xac4
};

static constexpr uint16_t s_normTrieData[16076] = {
	0x1, 0x1, 0x1, 0x1, 0x1, 0x1, 0x1, 0x1, 0x1, 0x1, 0x1, 0x1, 0x1, 0x1, 0x1, 0x1,
	0x1, 0x1, 0x1, 0x1, 0x1, 0x1, 0x1, 0x1, 0x1, 0x1, 0x1, 0x1, 0x1, 0x1, 0x1, 0x1,
	0x1, 0x1, 0x1, 0x1, 0x1, 0x1, 0x1, 0x1, 0x1, 0x1, 0x1, 0x1, 0x1, 0x1, 0x1, 0x1,
	0x1, 0x1, 0x1, 0x1, 0x1, 0x1, 0x1, 0x1, 0x1, 0x1, 0x1, 0x1, 0x4, 0x8, 0xc, 0x1,
	0x1, 0xfa08, 0xfa08, 0xfa08, 0xfa08, 0xfa08, 0xfa08, 0xfa08, 0xfa08, 0xfa08, 0xfa08, 0xfa08, 0xfa08, 0xfa08, 0xfa08, 0xfa08,
	0xfa08, 0xfa09, 0xfa08, 0xfa08, 0xfa08, 0xfa08, 0xfa08, 0xfa08, 0xfa08, 0xfa08, 0xfa08, 0x1, 0x1, 0x1, 0x1, 0x1,
	0x1, 0x10, 0x50, 0x5c, 0x70, 0x88, 0xcc, 0xd0, 0xec, 0x10c, 0x144, 0x14c, 0x160, 0x178, 0x184, 0x1a8,
	0x1e8, 0x1, 0x1f0, 0x210, 0x22c, 0x24c, 0x298, 0x2a0, 0x2bc, 0x2c4, 0x2ec, 0x1, 0x1, 0x1, 0x1, 0x1,
	0x16eb, 0x16eb, 0x16eb, 0x16eb, 0x16eb, 0x16eb, 0x16eb, 0x16eb, 0x16eb, 0x16eb, 0x16eb, 0x16eb, 0x16eb, 0x16eb, 0x16eb, 0x16eb,
	0x16eb, 0x16eb, 0x16eb, 0x16eb, 0x16eb, 0x16eb, 0x16eb, 0x16eb, 0x16eb, 0x16eb, 0x16eb, 0x16eb, 0x16eb, 0x16eb, 0x16eb, 0x16eb,
	0x16ef, 0x1, 0x1, 0x1, 0x1, 0x1, 0x1, 0x1, 0x16f2, 0x1, 0x16f8, 0x1, 0x1, 0x5606, 0x1, 0x16fc,
	0x1, 0x1, 0x1703, 0x1707, 0x170a, 0x1711, 0x1, 0x1, 0x1714, 0x171b, 0x171e, 0x1, 0x1723, 0x172b, 0x1733, 0x1,
	0xfa0c, 0xfa0c, 0xfa0c, 0xfa0c, 0xfa0c, 0xfa0c, 0xfa08, 0xfa0c, 0xfa0c, 0xfa0c, 0xfa0c, 0xfa0c, 0xfa0c, 0xfa0c, 0xfa0c, 0xfa0c,
	0xfa09, 0xfa0c, 0xfa0c, 0xfa0c, 0xfa0c, 0xfa0c, 0xfa0c, 0x1, 0xfa08, 0xfa0c, 0xfa0c, 0xfa0c, 0xfa0c, 0xfa0c, 0xfa09, 0x1,
	0x9a2, 0x9a8, 0x6da, 0x9ae, 0x6f0, 0x6fa, 0x304, 0x704, 0x9b4, 0x9ba, 0x70e, 0x9c0, 0x9c6, 0x9cc, 0x9d2, 0x724,
	0x1, 0x9d8, 0x9de, 0x9e4, 0x72e, 0x744, 0x756, 0x1, 0x30c, 0x9ea, 0x9f0, 0x9f6, 0x760, 0x9fc, 0x1, 0xa02,
	0xf914, 0xa08, 0xf914, 0x776, 0xf914, 0xa0f, 0xf914, 0xa14, 0xf914, 0xa1a, 0xf914, 0xa20, 0xf914, 0xa26, 0xf914, 0xa2c,
	0xf911, 0x1, 0xf914, 0x78c, 0xf914, 0xa32, 0xf914, 0xa38, 0xf914, 0xa3f, 0xf914, 0xa44, 0xf914, 0xa4a, 0xf914, 0xa50,
	0xf914, 0xa56, 0xf914, 0xa5d, 0xf914, 0xa62, 0xf911, 0x1, 0xf914, 0xa68, 0xf914, 0xa6e, 0xf914, 0xa74, 0xf914, 0xa7b,
	0x173a, 0x1, 0x1740, 0x1740, 0xf914, 0xa81, 0xf914, 0xa87, 0x1, 0xf914, 0xa8c, 0xf914, 0xa93, 0xf914, 0xa98, 0x1747,
	0xf911, 0x1, 0xf914, 0xa9e, 0xf914, 0xaa5, 0xf914, 0xaaa, 0x174c, 0xf911, 0x1, 0xf914, 0x79a, 0xf914, 0xab0, 0xf914,
	0xab6, 0xf911, 0x1, 0xf914, 0xabc, 0xf914, 0xac3, 0xf914, 0xac8, 0xf914, 0x7a8, 0xf914, 0xace, 0xf914, 0xad5, 0xf914,
	0x7b2, 0xf914, 0xadb, 0xf914, 0xae0, 0xf911, 0x1, 0xf914, 0x7bc, 0xf914, 0x7c6, 0xf914, 0xae6, 0xf914, 0xaec, 0xf914,
	0xaf2, 0xf914, 0xaf9, 0xf914, 0xafe, 0xf914, 0xb04, 0x4d08, 0xf914, 0xb0a, 0xf914, 0xb10, 0xf914, 0xb16, 0x1752, 0x1,
	0x1757, 0xf911, 0x1, 0xf911, 0x1, 0x175b, 0xf911, 0x1, 0x175f, 0x1763, 0xf911, 0x1, 0x1, 0x1767, 0x176b, 0x176f,
	0xf911, 0x1, 0x1773, 0x1777, 0x1, 0x177b, 0x177f, 0xf911, 0x1, 0x1, 0x1, 0x1783, 0x1787, 0x1, 0x178b, 0xf914,
	0x7d0, 0xf911, 0x1, 0xf911, 0x1, 0x178f, 0xf911, 0x1, 0x1793, 0x1, 0x1, 0xf911, 0x1, 0x1797, 0xf914, 0x7ea,
	0x179b, 0x179f, 0xf911, 0x1, 0xf911, 0x1, 0x17a2, 0xf911, 0x1, 0x1, 0x1, 0xf911, 0x1, 0x1, 0x1, 0x1,
	0x4d14, 0x4d14, 0x4d14, 0x17a6, 0x17a6, 0x17a6, 0x17ac, 0x17ac, 0x17ac, 0xf914, 0xb1c, 0xf914, 0xb22, 0xf914, 0xb28, 0xf914,
	0xb2e, 0xf914, 0xb36, 0xf914, 0xb40, 0xf914, 0xb4a, 0xf914, 0xb54, 0x1, 0xf914, 0xb5e, 0xf914, 0xb68, 0xf914, 0xb71,
	0xf911, 0x1, 0xf914, 0xb76, 0xf914, 0xb7c, 0xf914, 0x804, 0xf914, 0xb85, 0xf914, 0xb8d, 0xb93, 0x17b2, 0x17b2, 0x17b2,
	0xf914, 0xb98, 0x17b9, 0xf749, 0xf914, 0xb9e, 0xf914, 0xba6, 0xf914, 0xbaf, 0xf914, 0xbb5, 0xf914, 0xbba, 0xf914, 0xbc0,
	0xf914, 0xbc6, 0xf914, 0xbcc, 0xf914, 0xbd2, 0xf914, 0xbd8, 0xf914, 0xbde, 0xf914, 0xbe4, 0xf914, 0xbea, 0xf914, 0xbf0,
	0xf914, 0xbf6, 0xf914, 0xbfc, 0xf914, 0xc02, 0xf914, 0xc08, 0xf911, 0x1, 0xf914, 0xc0e, 0x17bd, 0x1, 0xf911, 0x1,
	0xf911, 0x1, 0xf914, 0x80e, 0xf914, 0x818, 0xf914, 0xc16, 0xf914, 0xc20, 0xf914, 0x822, 0xf914, 0xc2a, 0xf914, 0xc32,
	0x1, 0x1, 0x1, 0x1, 0x1, 0x1, 0x17c1, 0xf911, 0x1, 0x17c5, 0x17c9, 0x1, 0xf911, 0x1, 0x17cd, 0x17d1,
	0x17d5, 0xf911, 0x1, 0xf911, 0x1, 0xf911, 0x1, 0xf911, 0x1, 0xf911, 0x1, 0x1, 0x1, 0x1, 0x1, 0x1,
	0x1, 0x1, 0x1, 0x1, 0x1, 0x1, 0x1, 0x1, 0x1, 0x1, 0x1, 0x1, 0x1, 0x1, 0x1, 0x1,
	0x1, 0x1, 0x1, 0x1, 0x1, 0x1, 0x1, 0x1, 0x1, 0x1, 0x1, 0x1, 0x1, 0x1, 0x1, 0x1,
	0x1, 0x1, 0x1, 0x1, 0x1, 0x1, 0x1, 0x1, 0x1, 0x1, 0x1, 0x310, 0x1, 0x1, 0x1, 0x1,
	0x1, 0x1, 0x1, 0x1, 0x1, 0x1, 0x1, 0x1, 0x1, 0x1, 0x1, 0x1, 0x1, 0x1, 0x1, 0x1,
	0x1, 0x1, 0x1, 0x1, 0x1, 0x1, 0x1, 0x1, 0x1, 0x17d8, 0x17dd, 0x17e0, 0x17e4, 0xf731, 0xf739, 0xf761,
	0x17e8, 0x17ec, 0x1, 0x1, 0x1, 0x1, 0x1, 0x1, 0x1, 0x1, 0x1, 0x1, 0x1, 0x1, 0x1, 0x1,
	0x1, 0x1, 0x1, 0x1, 0x1, 0x1, 0x1, 0x1, 0x1, 0x1, 0x17f0, 0x17f6, 0x17fc, 0x1802, 0x1808, 0x180e,
	0x1, 0x1, 0x1777, 0x1814, 0x1752, 0x1818, 0x181d, 0x1, 0x1, 0x1, 0x1, 0x1, 0x1, 0x1, 0x1, 0x1,
	0x1, 0x1, 0x1, 0x1, 0x1, 0x1, 0x1, 0x1, 0x1, 0x1, 0x1, 0x1, 0x1, 0x1, 0x1, 0x1,
	0x1, 0x1, 0xfdcc, 0xfdcc, 0xfdcc, 0xfdcc, 0xfdcc, 0xffcc, 0xfdcc, 0xfdcc, 0xfdcc, 0xfdcc, 0xfdcc, 0xfdcc, 0xfdcc, 0xffcc,
	0xffcc, 0xfdcc, 0xffcc, 0xfdcc, 0xffcc, 0xfdcc, 0xfdcc, 0xffd0, 0xffb8, 0xffb8, 0xffb8, 0xffb8, 0xffd0, 0xfdb0, 0xffb8, 0xffb8,
	0xffb8, 0xffb8, 0xffb8, 0xff94, 0xff94, 0xfdb8, 0xfdb8, 0xfdb8, 0xfdb8, 0xfd94, 0xfd94, 0xffb8, 0xffb8, 0xffb8, 0xffb8, 0xfdb8,
	0xfdb8, 0xffb8, 0xfdb8, 0xfdb8, 0xffb8, 0xffb8, 0xfe02, 0xfe02, 0xfe02, 0xfe02, 0xfc02, 0xffb8, 0xffb8, 0xffb8, 0xffb8, 0xffcc,
	0xffcc, 0xffcc, 0x5550, 0x5556, 0xfdcc, 0x555c, 0x5562, 0x1822, 0xffcc, 0xffb8, 0xffb8, 0xffb8, 0xffcc, 0xffcc, 0xffcc, 0xffb8,
	0xffb8, 0x5606, 0xffcc, 0xffcc, 0xffcc, 0xffb8, 0xffb8, 0xffb8, 0xffb8, 0xffcc, 0xffd0, 0xffb8, 0xffb8, 0xffcc, 0xffd2, 0xffd4,
	0xffd4, 0xffd2, 0xffd4, 0xffd4, 0xffd2, 0xffcc, 0xffcc, 0xffcc, 0xffcc, 0xffcc, 0xffcc, 0xffcc, 0xffcc, 0xffcc, 0xffcc, 0xffcc,
	0xffcc, 0xffcc, 0xf911, 0x1, 0xf911, 0x1, 0x1827, 0x1, 0xf911, 0x1, 0x16eb, 0x16eb, 0x182a, 0x1, 0x1, 0x1,
	0x1831, 0x1835, 0x16eb, 0x16eb, 0x16eb, 0x16eb, 0x170a, 0x1838, 0xfa3c, 0x1841, 0xfa34, 0xfa34, 0xfa34, 0x16eb, 0xfb0c, 0x16eb,
	0xfb04, 0xfb04, 0xc3b, 0xfa08, 0xfa09, 0xfa09, 0xfa09, 0xfa08, 0xfa09, 0xfa08, 0xfa09, 0xfa08, 0xfa09, 0xfa09, 0xfa09, 0xfa09,
	0xfa09, 0xfa08, 0xfa09, 0xfa08, 0x16eb, 0xfa09, 0xfa09, 0xfa08, 0xfa09, 0xfa09, 0xfa09, 0xfa08, 0xfa0c, 0xfa0c, 0xc43, 0xc49,
	0xc4f, 0xc55, 0xc5d, 0x314, 0x1, 0x1, 0x1, 0x330, 0x1, 0x340, 0x1, 0x354, 0x1, 0x1, 0x1, 0x1,
	0x1, 0x374, 0x1, 0x384, 0x1, 0x1, 0x1, 0x38c, 0x1, 0x1, 0x1, 0x3ac, 0x82c, 0x83e, 0xc65, 0xc6b,
	0xc71, 0xf949, 0xf819, 0xf841, 0xf8a0, 0xf8dc, 0xf8c4, 0xf891, 0xf859, 0x1, 0xf911, 0x1, 0xf911, 0x1, 0xf911, 0x1,
	0xf911, 0x1, 0xf911, 0x1, 0xf911, 0x1, 0xf911, 0x1, 0xf911, 0x1, 0xf911, 0x1, 0xf911, 0x1, 0xf911, 0x1,
	0xf911, 0x1, 0xf759, 0xf788, 0xf791, 0x1, 0xf729, 0xf708, 0x1, 0xf911, 0x1, 0xf759, 0xf911, 0x1, 0x1, 0x1845,
	0x1849, 0x184d, 0x4d1e, 0x4d26, 0x1851, 0x4d2e, 0x1855, 0x1859, 0x185c, 0x4d36, 0x1861, 0x1865, 0x1869, 0x186d, 0x4d3e, 0x4d46,
	0x4d4e, 0x1871, 0xfa08, 0xfa09, 0xfa09, 0xfa08, 0xfa09, 0xfa08, 0xfa08, 0xfa08, 0xfa08, 0xfa0c, 0xfa08, 0xfa09, 0xfa09, 0xfa09,
	0xfa08, 0xfa09, 0xfa09, 0xfa09, 0xfa09, 0xfa08, 0xfa09, 0xfa09, 0xfa09, 0xfa08, 0xfa09, 0xfa09, 0xfa09, 0xfa08, 0xfa09, 0xfa08,
	0xfa09, 0xfa09, 0x3c0, 0x1, 0x1, 0x3c8, 0x1, 0x3cc, 0x3d8, 0x3e0, 0x3e4, 0xc77, 0x3f4, 0x1, 0x1, 0x1,
	0x3f8, 0x1, 0x1, 0x1, 0x3fc, 0x1, 0x1, 0x1, 0x40c, 0x1, 0x1, 0x1, 0x410, 0x1, 0x414, 0x1,
	0x1, 0xc7d, 0xc83, 0x1, 0xc89, 0x1, 0x1, 0x418, 0xc8f, 0x1, 0x1, 0x1, 0x1, 0xc95, 0xc9b, 0xca1,
	0x1, 0xf911, 0x1, 0xf911, 0x1, 0xf911, 0x1, 0xf911, 0x1, 0xf911, 0x1, 0xf911, 0x1, 0xf911, 0x1, 0xf911,
	0x1, 0xf911, 0x1, 0xf911, 0x1, 0xf910, 0x41c, 0xf914, 0xca7, 0xf911, 0x1, 0xf911, 0x1, 0xf911, 0x1, 0xf911,
	0x1, 0x1, 0xffcc, 0xffcc, 0xffcc, 0xffcc, 0xffcc, 0x1, 0x1, 0xf911, 0x1, 0xf911, 0x1, 0xf911, 0x1, 0xf911,
	0x1, 0xf911, 0x1, 0xf911, 0x1, 0xf911, 0x1, 0xf911, 0x1, 0xf911, 0x1, 0xf911, 0x1, 0xf911, 0x1, 0xf911,
	0x1, 0xf911, 0x1, 0xf911, 0x1, 0xf911, 0x1, 0xf911, 0x1, 0xf911, 0x1, 0xf911, 0x1, 0xf911, 0x1, 0xf911,
	0x1, 0xf911, 0x1, 0xf911, 0x1, 0xf911, 0x1, 0xf911, 0x1, 0xf911, 0x1, 0xf911, 0x1, 0xf911, 0x1, 0xf981,
	0xf914, 0xcad, 0xf911, 0x1, 0xf911, 0x1, 0xf911, 0x1, 0xf911, 0x1, 0xf911, 0x1, 0xf911, 0x1, 0x1, 0xf914,
	0xcb3, 0xf914, 0xcb9, 0xf911, 0x1, 0xf914, 0xcbf, 0xf910, 0x420, 0xf914, 0xcc5, 0xf914, 0xccb, 0xf914, 0xcd1, 0xf911,
	0x1, 0xf914, 0xcd7, 0xf914, 0xcdd, 0xf914, 0xce3, 0xf910, 0x424, 0xf914, 0xce9, 0xf914, 0xcef, 0xf914, 0xcf5, 0xf914,
	0xcfb, 0xf914, 0xd01, 0xf914, 0xd07, 0xf911, 0x1, 0xf914, 0xd0d, 0xf911, 0x1, 0xf911, 0x1, 0xf911, 0x1, 0xf911,
	0x1, 0xf911, 0x1, 0xf911, 0x1, 0xf911, 0x1, 0xf911, 0x1, 0xf911, 0x1, 0xf911, 0x1, 0xf911, 0x1, 0xf911,
	0x1, 0xf911, 0x1, 0xf911, 0x1, 0xf911, 0x1, 0xf911, 0x1, 0xf911, 0x1, 0xf911, 0x1, 0xf911, 0x1, 0xf911,
	0x1, 0xf911, 0x1, 0xf911, 0x1, 0xf911, 0x1, 0xf911, 0x1, 0x16eb, 0xfa89, 0xfa89, 0xfa89, 0xfa89, 0xfa89, 0xfa89,
	0xfa89, 0xfa89, 0xfa89, 0xfa89, 0xfa89, 0xfa89, 0xfa89, 0xfa89, 0xfa89, 0xfa89, 0xfa89, 0xfa89, 0xfa89, 0xfa89, 0xfa89, 0xfa89,
	0xfa89, 0x16eb, 0x16eb, 0x1, 0x1, 0x1, 0x1, 0x1, 0x1, 0x1, 0x1, 0x1, 0x1, 0x1, 0x1, 0x1,
	0x1, 0x1, 0x1, 0x1, 0x1, 0x1, 0x1, 0x1, 0x1, 0x1, 0x1, 0x1, 0x1, 0x1, 0x1, 0x1,
	0x1, 0x1, 0x1, 0x1, 0x1, 0x1, 0x1, 0x1, 0x1, 0x1, 0x1875, 0x1, 0x1, 0x1, 0x16eb, 0x16eb,
	0x1, 0x1, 0x1, 0x16eb, 0xffb8, 0xffcc, 0xffcc, 0xffcc, 0xffcc, 0xffb8, 0xffcc, 0xffcc, 0xffcc, 0xffbc, 0xffb8, 0xffcc,
	0xffcc, 0xffcc, 0xffcc, 0xffcc, 0xffcc, 0xffb8, 0xffb8, 0xffb8, 0xffb8, 0xffb8, 0xffb8, 0xffcc, 0xffcc, 0xffb8, 0xffcc, 0xffcc,
	0xffbc, 0xffc8, 0xffcc, 0xfe14, 0xfe16, 0xfe18, 0xfe1a, 0xfe1c, 0xfe1e, 0xfe20, 0xfe22, 0xfe24, 0xfe26, 0xfe26, 0xfe28, 0xfe2a,
	0xfe2c, 0x1, 0xfe2e, 0x1, 0xfe30, 0xfe32, 0x1, 0xffcc, 0xffb8, 0x1, 0xfe24, 0x16eb, 0x16eb, 0x16eb, 0x16eb, 0x16eb,
	0x16eb, 0x16eb, 0x16eb, 0x1, 0x1, 0x1, 0x1, 0x1, 0x1, 0x1, 0x1, 0x1, 0x1, 0x1, 0x1, 0x1,
	0x1, 0x1, 0x1, 0x1, 0x1, 0x1, 0x1, 0x1, 0x1, 0x1, 0x1, 0x1, 0x1, 0x1, 0x16eb, 0x16eb,
	0x16eb, 0x16eb, 0x1, 0x1, 0x1, 0x1, 0x1, 0x1, 0x16eb, 0x16eb, 0x16eb, 0x16eb, 0x16eb, 0x16eb, 0x16eb, 0x16eb,
	0x16eb, 0x16eb, 0x16eb, 0x1, 0x1, 0x1, 0x1, 0x1, 0x1, 0x1, 0x1, 0x1, 0x1, 0xffcc, 0xffcc, 0xffcc,
	0xffcc, 0xffcc, 0xffcc, 0xffcc, 0xffcc, 0xfe3c, 0xfe3e, 0xfe40, 0x1, 0x16eb, 0x1, 0x1, 0x1, 0x1, 0x1, 0xd12,
	0xd18, 0xd1f, 0xd25, 0xd2b, 0x428, 0x1, 0x1, 0x1, 0x1, 0x1, 0x1, 0x1, 0x1, 0x1, 0x1, 0x1,
	0x1, 0x1, 0x1, 0x1, 0x1, 0x1, 0x1, 0x1, 0x1, 0x1, 0x1, 0x1, 0x1, 0x434, 0x1, 0x438,
	0xfe36, 0xfe38, 0xfe3a, 0xfe3c, 0xfe3e, 0xfe40, 0xfe42, 0xfe44, 0xfdcc, 0xfdcc, 0xfdb8, 0xffb8, 0xffcc, 0xffcc, 0xffcc, 0xffcc,
	0xffcc, 0xffb8, 0xffcc, 0xffcc, 0xffb8, 0x1, 0x1, 0x1, 0x1, 0x1, 0x1, 0x1, 0x1, 0x1, 0x1, 0x1,
	0x1, 0x1, 0x1, 0x1, 0x1, 0xfe46, 0x1, 0x1, 0x1, 0x1, 0x187b, 0x1881, 0x1887, 0x188d, 0x1, 0x1,
	0x1, 0x1, 0x1, 0x1, 0x1, 0x1, 0x1, 0x1, 0x1, 0x1, 0x1, 0x1, 0x1, 0x1, 0x1, 0x1,
	0x1, 0x1, 0x1, 0x1, 0x1, 0x1, 0x1, 0x1, 0x1, 0x1, 0x1, 0x1, 0x1, 0x1, 0x1, 0x1,
	0x1, 0x1, 0x1, 0x1, 0x1, 0x1, 0x1, 0x1, 0x1, 0x1, 0x1, 0x1, 0x1, 0x1, 0x1, 0x1,
	0x1, 0x1, 0x1, 0x1, 0x1, 0x1, 0x1, 0x1, 0x1, 0x1, 0x1, 0x1, 0x1, 0x1, 0xd31, 0x43c,
	0xd37, 0x1, 0x1, 0x1, 0x1, 0x1, 0x1, 0x1, 0x1, 0x1, 0x1, 0x1, 0x1, 0x1, 0x1, 0x1,
	0x440, 0xd3d, 0x1, 0x444, 0xffcc, 0xffcc, 0xffcc, 0xffcc, 0xffcc, 0xffcc, 0xffcc, 0x16eb, 0x1, 0xffcc, 0xffcc, 0xffcc,
	0xffcc, 0xffb8, 0xffcc, 0x1, 0x1, 0xffcc, 0xffcc, 0x1, 0xffb8, 0xffcc, 0xffcc, 0xffb8, 0x1, 0x1, 0x1, 0x1,
	0x1, 0x1, 0x1, 0x1, 0x1, 0x1, 0x1, 0x1, 0x1, 0x1, 0x1, 0x1, 0x1, 0x1, 0x16eb, 0x16eb,
	0x1, 0xfe48, 0x1, 0x1, 0x1, 0x1, 0x1, 0x1, 0x1, 0x1, 0x1, 0x1, 0x1, 0x1, 0x1, 0x1,
	0x1, 0x1, 0x1, 0x1, 0x1, 0x1, 0x1, 0x1, 0x1, 0x1, 0x1, 0x1, 0x1, 0x1, 0x1, 0x1,
	0xffcc, 0xffb8, 0xffcc, 0xffcc, 0xffb8, 0xffcc, 0xffcc, 0xffb8, 0xffb8, 0xffb8, 0xffcc, 0xffb8, 0xffb8, 0xffcc, 0xffb8, 0xffcc,
	0xffcc, 0xffb8, 0xffcc, 0xffb8, 0xffcc, 0xffb8, 0xffcc, 0xffb8, 0xffcc, 0xffcc, 0x16eb, 0x16eb, 0x1, 0x1, 0x1, 0x1,
	0x1, 0x1, 0x1, 0x1, 0x1, 0x1, 0x1, 0x1, 0x1, 0x1, 0x1, 0x1, 0x1, 0x1, 0x1, 0x1,
	0x1, 0x1, 0x1, 0x1, 0x1, 0x1, 0x1, 0x1, 0x1, 0x1, 0x1, 0x1, 0x1, 0x1, 0x1, 0x1,
	0x1, 0x1, 0x1, 0x1, 0x1, 0x1, 0x1, 0x1, 0x1, 0x1, 0x1, 0x1, 0x1, 0x1, 0x1, 0x16eb,
	0x16eb, 0x16eb, 0x16eb, 0x16eb, 0x16eb, 0x16eb, 0x16eb, 0x16eb, 0x16eb, 0x16eb, 0x16eb, 0x16eb, 0x16eb, 0x1, 0x1, 0x1,
	0x1, 0x1, 0x1, 0x1, 0x1, 0x1, 0x1, 0x1, 0x1, 0x1, 0x1, 0x1, 0x1, 0x1, 0x1, 0x1,
	0x1, 0x1, 0x1, 0x1, 0x1, 0x1, 0x1, 0x1, 0x1, 0x1, 0x1, 0x1, 0x1, 0x1, 0x1, 0x1,
	0x1, 0x1, 0x1, 0x1, 0x1, 0x1, 0x1, 0x1, 0xffcc, 0xffcc, 0xffcc, 0xffcc, 0xffcc, 0xffcc, 0xffcc, 0xffb8,
	0xffcc, 0x1, 0x1, 0x1, 0x1, 0x1, 0x1, 0x1, 0x16eb, 0x16eb, 0xffb8, 0x1, 0x1, 0x1, 0x1, 0x1,
	0x1, 0x1, 0x1, 0x1, 0x1, 0x1, 0x1, 0x1, 0x1, 0x1, 0x1, 0x1, 0x1, 0x1, 0x1, 0x1,
	0x1, 0xffcc, 0xffcc, 0xffcc, 0xffcc, 0x1, 0xffcc, 0xffcc, 0xffcc, 0xffcc, 0xffcc, 0xffcc, 0xffcc, 0xffcc, 0xffcc, 0x1,
	0xffcc, 0xffcc, 0xffcc, 0x1, 0xffcc, 0xffcc, 0xffcc, 0xffcc, 0xffcc, 0x16eb, 0x16eb, 0x1, 0x1, 0x1, 0x1, 0x1,
	0x1, 0x1, 0x1, 0x1, 0x1, 0x1, 0x1, 0x1, 0x1, 0x1, 0x16eb, 0x1, 0x1, 0x1, 0x1, 0x1,
	0x1, 0x1, 0x1, 0x1, 0x1, 0x1, 0x1, 0x1, 0x1, 0x1, 0x1, 0x1, 0x1, 0x1, 0x1, 0x1,
	0x1, 0x1, 0x1, 0x1, 0xffb8, 0xffb8, 0xffb8, 0x16eb, 0x16eb, 0x1, 0x16eb, 0x1, 0x1, 0x1, 0x1, 0x1,
	0x1, 0x1, 0x1, 0x1, 0x1, 0x1, 0x16eb, 0x16eb, 0x16eb, 0x16eb, 0x16eb, 0x1, 0x1, 0x1, 0x1, 0x1,
	0x1, 0x1, 0x1, 0x1, 0x1, 0x1, 0x1, 0x1, 0x1, 0x1, 0x1, 0x16eb, 0x16eb, 0x16eb, 0x16eb, 0x16eb,
	0x16eb, 0x16eb, 0xffcc, 0xffcc, 0xffb8, 0xffb8, 0xffb8, 0xffcc, 0xffcc, 0xffcc, 0xffcc, 0x1, 0x1, 0x1, 0x1, 0x1,
	0x1, 0x1, 0x1, 0x1, 0x1, 0x1, 0x1, 0x1, 0x1, 0x1, 0x1, 0x1, 0x1, 0x1, 0x1, 0x1,
	0x1, 0x1, 0x1, 0x1, 0x1, 0x1, 0x1, 0x1, 0x1, 0x1, 0x1, 0xffcc, 0xffcc, 0xffcc, 0xffcc, 0xffcc,
	0xffb8, 0xffb8, 0xffb8, 0xffb8, 0xffb8, 0xffcc, 0xffcc, 0xffcc, 0xffcc, 0xffcc, 0xffcc, 0xffcc, 0xffcc, 0xffcc, 0xffcc, 0xffcc,
	0xffcc, 0xffcc, 0xffcc, 0x16eb, 0xffb8, 0xffcc, 0xffcc, 0xffb8, 0xffcc, 0xffcc, 0xffb8, 0xffcc, 0xffcc, 0xffcc, 0xffb8, 0xffb8,
	0xffb8, 0xfe36, 0xfe38, 0xfe3a, 0xffcc, 0xffcc, 0xffcc, 0xffb8, 0xffcc, 0xffcc, 0xffb8, 0xffb8, 0xffcc, 0xffcc, 0xffcc, 0xffcc,
	0xffcc, 0x1, 0x1, 0x1, 0x1, 0x1, 0x1, 0x1, 0x1, 0x1, 0x1, 0x1, 0x1, 0x1, 0x1, 0x1,
	0x1, 0x1, 0x1, 0x1, 0x1, 0x1, 0x1, 0x1, 0x1, 0x1, 0x1, 0x1, 0x1, 0x1, 0x1, 0x1,
	0x1, 0x1, 0x1, 0x1, 0x1, 0x1, 0x1, 0x1, 0x1, 0x448, 0xd43, 0x1, 0x1, 0x1, 0x1, 0x1,
	0x1, 0x44c, 0xd49, 0x1, 0x450, 0xd4f, 0x1, 0x1, 0x1, 0x1, 0x1, 0x1, 0x1, 0xfc0e, 0x1, 0x1,
	0x1, 0x1, 0x1, 0x1, 0x1, 0x1, 0x1, 0x1, 0x1, 0x1, 0x1, 0xfe12, 0x1, 0x1, 0x1, 0xffcc,
	0xffb8, 0xffcc, 0xffcc, 0x1, 0x1, 0x1, 0x1892, 0x1898, 0x189e, 0x18a4, 0x18aa, 0x18b0, 0x18b6, 0x18bc, 0x1, 0x1,
	0x1, 0x1, 0x1, 0x1, 0x1, 0x1, 0x1, 0x1, 0x1, 0x1, 0x1, 0x1, 0x1, 0x1, 0x1, 0x1,
	0x1, 0x1, 0x1, 0x1, 0x1, 0x1, 0x1, 0x1, 0x1, 0x1, 0x1, 0x1, 0x1, 0x1, 0x16eb, 0x1,
	0x1, 0x1, 0x1, 0x1, 0x1, 0x1, 0x1, 0x16eb, 0x16eb, 0x1, 0x1, 0x16eb, 0x16eb, 0x1, 0x1, 0x1,
	0x1, 0x1, 0x1, 0x1, 0x1, 0x1, 0x1, 0x1, 0x1, 0x1, 0x1, 0x1, 0x1, 0x1, 0x1, 0x1,
	0x1, 0x1, 0x1, 0x16eb, 0x1, 0x1, 0x1, 0x1, 0x1, 0x1, 0x1, 0x16eb, 0x1, 0x16eb, 0x16eb, 0x16eb,
	0x1, 0x1, 0x1, 0x1, 0x16eb, 0x16eb, 0xfe0e, 0x1, 0xfc00, 0x1, 0x1, 0x1, 0x1, 0x1, 0x16eb, 0x16eb,
	0x454, 0x1, 0x16eb, 0x16eb, 0xd55, 0xd5b, 0xfe12, 0x1, 0x16eb, 0x16eb, 0x16eb, 0x16eb, 0x16eb, 0x16eb, 0x16eb, 0x16eb,
	0xfc00, 0x16eb, 0x16eb, 0x16eb, 0x16eb, 0x18c2, 0x18c8, 0x16eb, 0x18ce, 0x1, 0x1, 0x1, 0x1, 0x16eb, 0x16eb, 0x1,
	0x1, 0x1, 0x1, 0x1, 0x1, 0x1, 0x1, 0x1, 0x1, 0x1, 0x1, 0x1, 0x1, 0x1, 0x1, 0x1,
	0x1, 0x1, 0x1, 0x1, 0x1, 0x1, 0x1, 0xffcc, 0x16eb, 0x1, 0x1, 0x1, 0x16eb, 0x1, 0x1, 0x1,
	0x1, 0x1, 0x1, 0x16eb, 0x16eb, 0x16eb, 0x16eb, 0x1, 0x1, 0x16eb, 0x16eb, 0x1, 0x1, 0x1, 0x1, 0x1,
	0x1, 0x1, 0x1, 0x1, 0x1, 0x1, 0x1, 0x1, 0x1, 0x1, 0x1, 0x1, 0x1, 0x1, 0x1, 0x1,
	0x1, 0x16eb, 0x1, 0x1, 0x1, 0x1, 0x1, 0x1, 0x1, 0x16eb, 0x1, 0x18d4, 0x16eb, 0x1, 0x18da, 0x16eb,
	0x1, 0x1, 0x16eb, 0x16eb, 0xfe0e, 0x16eb, 0x1, 0x1, 0x1, 0x16eb, 0x16eb, 0x16eb, 0x16eb, 0x1, 0x1, 0x16eb,
	0x16eb, 0x1, 0x1, 0xfe12, 0x16eb, 0x16eb, 0x16eb, 0x1, 0x16eb, 0x16eb, 0x16eb, 0x16eb, 0x16eb, 0x16eb, 0x16eb, 0x18e0,
	0x18e6, 0x18ec, 0x1, 0x16eb, 0x18f2, 0x16eb, 0x16eb, 0x16eb, 0x16eb, 0x16eb, 0x16eb, 0x16eb, 0x1, 0x1, 0x1, 0x1,
	0x1, 0x1, 0x1, 0x1, 0x1, 0x1, 0x1, 0x1, 0x1, 0x1, 0x1, 0x1, 0x1, 0x16eb, 0x16eb, 0x16eb,
	0x16eb, 0x16eb, 0x16eb, 0x16eb, 0x16eb, 0x16eb, 0x1, 0x1, 0x1, 0x16eb, 0x1, 0x1, 0x1, 0x1, 0x1, 0x1,
	0x1, 0x1, 0x1, 0x16eb, 0x1, 0x1, 0x1, 0x16eb, 0x1, 0x1, 0x1, 0x1, 0x1, 0x1, 0x1, 0x1,
	0x1, 0x1, 0x1, 0x1, 0x1, 0x1, 0x1, 0x1, 0x1, 0x1, 0x1, 0x1, 0x1, 0x1, 0x16eb, 0x1,
	0x1, 0x1, 0x1, 0x1, 0x1, 0x1, 0x16eb, 0x1, 0x1, 0x16eb, 0x1, 0x1, 0x1, 0x1, 0x1, 0x16eb,
	0x16eb, 0xfe0e, 0x1, 0x1, 0x1, 0x1, 0x1, 0x1, 0x16eb, 0x1, 0x1, 0x1, 0x16eb, 0x1, 0x1, 0xfe12,
	0x16eb, 0x16eb, 0x1, 0x16eb, 0x16eb, 0x16eb, 0x16eb, 0x16eb, 0x16eb, 0x16eb, 0x16eb, 0x16eb, 0x16eb, 0x16eb, 0x16eb, 0x16eb,
	0x16eb, 0x16eb, 0x1, 0x1, 0x1, 0x1, 0x16eb, 0x16eb, 0x1, 0x1, 0x1, 0x1, 0x1, 0x1, 0x1, 0x1,
	0x1, 0x1, 0x1, 0x1, 0x16eb, 0x16eb, 0x16eb, 0x16eb, 0x16eb, 0x16eb, 0x16eb, 0x1, 0x1, 0x1, 0x1, 0x1,
	0x1, 0x1, 0x16eb, 0x1, 0x1, 0x1, 0x16eb, 0x1, 0x1, 0x1, 0x1, 0x1, 0x1, 0x1, 0x1, 0x16eb,
	0x16eb, 0x1, 0x1, 0x16eb, 0x16eb, 0x1, 0x1, 0x1, 0x1, 0x1, 0x1, 0x1, 0x1, 0x1, 0x1, 0x1,
	0x1, 0x1, 0x1, 0x1, 0x1, 0x1, 0x1, 0x1, 0x1, 0x1, 0x1, 0x16eb, 0x1, 0x1, 0x1, 0x1,
	0x1, 0x1, 0x1, 0x16eb, 0x1, 0x1, 0x16eb, 0x1, 0x1, 0x1, 0x1, 0x1, 0x16eb, 0x16eb, 0xfe0e, 0x1,
	0xfc00, 0x1, 0x1, 0x1, 0x1, 0x1, 0x16eb, 0x16eb, 0x45c, 0xd61, 0x16eb, 0x16eb, 0xd67, 0xd6d, 0xfe12, 0x16eb,
	0x16eb, 0x16eb, 0x16eb, 0x16eb, 0x16eb, 0x16eb, 0x1, 0xfc00, 0xfc00, 0x16eb, 0x16eb, 0x16eb, 0x16eb, 0x18f8, 0x18fe, 0x16eb,
	0x1, 0x1, 0x1, 0x1, 0x1, 0x16eb, 0x16eb, 0x1, 0x1, 0x1, 0x1, 0x1, 0x1, 0x1, 0x1, 0x1,
	0x1, 0x1, 0x1, 0x1, 0x1, 0x1, 0x1, 0x1, 0x1, 0x16eb, 0x16eb, 0x16eb, 0x16eb, 0x16eb, 0x16eb, 0x16eb,
	0x16eb, 0x1, 0x1, 0x16eb, 0x1, 0x1, 0x1, 0x1, 0x1, 0x1, 0x16eb, 0x16eb, 0x16eb, 0x1, 0x1, 0x1,
	0x16eb, 0x468, 0x1, 0xd73, 0x1, 0x16eb, 0x16eb, 0x16eb, 0x1, 0x1, 0x16eb, 0x1, 0x16eb, 0x1, 0x1, 0x16eb,
	0x16eb, 0x16eb, 0x1, 0x1, 0x16eb, 0x16eb, 0x16eb, 0x1, 0x1, 0x1, 0x16eb, 0x16eb, 0x16eb, 0x1, 0x1, 0x1,
	0x1, 0x1, 0x1, 0x1, 0x1, 0x1, 0x1, 0x1, 0x1, 0x16eb, 0x16eb, 0x16eb, 0x16eb, 0xfc00, 0x1, 0x1,
	0x1, 0x16eb, 0x16eb, 0x16eb, 0x46c, 0x474, 0x1, 0x16eb, 0xd79, 0xd7f, 0xd85, 0xfe12, 0x16eb, 0x16eb, 0x1, 0x16eb,
	0x16eb, 0x16eb, 0x16eb, 0x16eb, 0x16eb, 0xfc00, 0x16eb, 0x16eb, 0x16eb, 0x16eb, 0x16eb, 0x16eb, 0x16eb, 0x16eb, 0x16eb, 0x16eb,
	0x16eb, 0x16eb, 0x16eb, 0x16eb, 0x1, 0x1, 0x1, 0x1, 0x1, 0x1, 0x1, 0x1, 0x1, 0x1, 0x1, 0x1,
	0x1, 0x1, 0x1, 0x1, 0x1, 0x1, 0x1, 0x1, 0x1, 0x16eb, 0x16eb, 0x16eb, 0x16eb, 0x16eb, 0x1, 0x1,
	0x1, 0x1, 0x1, 0x1, 0x1, 0x1, 0x1, 0x1, 0x1, 0x1, 0x1, 0x16eb, 0x1, 0x1, 0x1, 0x16eb,
	0x1, 0x1, 0x1, 0x1, 0x1, 0x1, 0x1, 0x1, 0x1, 0x1, 0x1, 0x1, 0x1, 0x1, 0x1, 0x1,
	0x1, 0x1, 0x1, 0x1, 0x1, 0x1, 0x1, 0x16eb, 0x1, 0x1, 0x1, 0x1, 0x1, 0x1, 0x1, 0x1,
	0x1, 0x1, 0x1, 0x1, 0x1, 0x1, 0x1, 0x1, 0x16eb, 0x16eb, 0xfe0e, 0x1, 0x1, 0x1, 0x1, 0x1,
	0x16eb, 0x478, 0x1, 0xd8b, 0x16eb, 0x1, 0x1, 0x1, 0xfe12, 0x16eb, 0x16eb, 0x16eb, 0x16eb, 0x16eb, 0x16eb, 0x16eb,
	0xfea8, 0xfcb6, 0x16eb, 0x1, 0x1, 0x1, 0x16eb, 0x1, 0x1, 0x16eb, 0x16eb, 0x1, 0x1, 0x1, 0x1, 0x16eb,
	0x16eb, 0x1, 0x1, 0x1, 0x1, 0x1, 0x1, 0x1, 0x1, 0x1, 0x1, 0x16eb, 0x16eb, 0x16eb, 0x16eb, 0x16eb,
	0x16eb, 0x16eb, 0x1, 0x1, 0x1, 0x1, 0x1, 0x1, 0x1, 0x1, 0x1, 0x1, 0x1, 0x1, 0x1, 0x16eb,
	0x1, 0x1, 0x1, 0x16eb, 0x1, 0x1, 0x1, 0x1, 0x1, 0x1, 0x1, 0x1, 0x1, 0x1, 0x1, 0x1,
	0x1, 0x1, 0x1, 0x1, 0x1, 0x1, 0x1, 0x1, 0x1, 0x1, 0x1, 0x16eb, 0x1, 0x1, 0x1, 0x1,
	0x1, 0x1, 0x1, 0x1, 0x1, 0x1, 0x16eb, 0x1, 0x1, 0x1, 0x1, 0x1, 0x16eb, 0x16eb, 0xfe0e, 0x1,
	0x1, 0x47c, 0xd91, 0x1, 0xfc00, 0x1, 0x1, 0x16eb, 0x480, 0xd97, 0xd9d, 0x16eb, 0x850, 0xda5, 0x1, 0xfe12,
	0x16eb, 0x16eb, 0x16eb, 0x16eb, 0x16eb, 0x16eb, 0x16eb, 0xfc00, 0xfc00, 0x16eb, 0x16eb, 0x16eb, 0x16eb, 0x16eb, 0x1, 0x1,
	0x1, 0x16eb, 0x1, 0x1, 0x1, 0x1, 0x16eb, 0x16eb, 0x1, 0x1, 0x1, 0x1, 0x1, 0x1, 0x1, 0x1,
	0x1, 0x1, 0x16eb, 0x1, 0x1, 0x1, 0x16eb, 0x16eb, 0x16eb, 0x16eb, 0x16eb, 0x16eb, 0x16eb, 0x16eb, 0x16eb, 0x16eb,
	0x16eb, 0x16eb, 0x1, 0x1, 0x1, 0x1, 0x1, 0x1, 0x1, 0x1, 0x1, 0x1, 0x1, 0x1, 0x1, 0x16eb,
	0x1, 0x1, 0x1, 0x16eb, 0x1, 0x1, 0x1, 0x1, 0x1, 0x1, 0x1, 0x1, 0x1, 0x1, 0x1, 0x1,
	0x1, 0x1, 0x1, 0x1, 0x1, 0x1, 0x1, 0x1, 0x1, 0x1, 0x1, 0x1, 0x1, 0x1, 0x1, 0x1,
	0x1, 0x1, 0x1, 0x1, 0x1, 0x1, 0x1, 0x1, 0x1, 0x1, 0x1, 0x1, 0x1, 0xfe12, 0xfe12, 0x1,
	0xfc00, 0x1, 0x1, 0x1, 0x1, 0x1, 0x16eb, 0x48c, 0x494, 0x1, 0x16eb, 0xdad, 0xdb3, 0xdb9, 0xfe12, 0x1,
	0x1, 0x16eb, 0x16eb, 0x16eb, 0x16eb, 0x1, 0x1, 0x1, 0xfc00, 0x1, 0x1, 0x1, 0x1, 0x1, 0x1, 0x1,
	0x1, 0x1, 0x1, 0x1, 0x1, 0x16eb, 0x16eb, 0x1, 0x1, 0x1, 0x1, 0x1, 0x1, 0x1, 0x1, 0x1,
	0x1, 0x1, 0x1, 0x1, 0x1, 0x1, 0x1, 0x1, 0x1, 0x1, 0x1, 0x1, 0x1, 0x1, 0x1, 0x1,
	0x1, 0x16eb, 0x1, 0x1, 0x1, 0x16eb, 0x1, 0x1, 0x1, 0x1, 0x1, 0x1, 0x1, 0x1, 0x1, 0x1,
	0x1, 0x1, 0x1, 0x1, 0x1, 0x1, 0x1, 0x1, 0x16eb, 0x16eb, 0x16eb, 0x1, 0x1, 0x1, 0x1, 0x1,
	0x1, 0x1, 0x1, 0x1, 0x1, 0x1, 0x1, 0x1, 0x1, 0x1, 0x1, 0x1, 0x1, 0x1, 0x1, 0x1,
	0x1, 0x1, 0x1, 0x16eb, 0x1, 0x1, 0x1, 0x1, 0x1, 0x1, 0x1, 0x1, 0x1, 0x16eb, 0x1, 0x16eb,
	0x16eb, 0x1, 0x1, 0x1, 0x1, 0x1, 0x1, 0x1, 0x16eb, 0x16eb, 0x16eb, 0xfc12, 0x16eb, 0x16eb, 0x16eb, 0x16eb,
	0xfc00, 0x1, 0x1, 0x1, 0x1, 0x1, 0x16eb, 0x1, 0x16eb, 0x1, 0x498, 0xdbf, 0x1, 0x85a, 0xdc7, 0xdcf,
	0xfc00, 0x16eb, 0x16eb, 0x16eb, 0x16eb, 0x16eb, 0x16eb, 0x1, 0x1, 0x1, 0x1, 0x1, 0x1, 0x1, 0x1, 0x1,
	0x1, 0x16eb, 0x16eb, 0x1, 0x1, 0x1, 0x16eb, 0x16eb, 0x16eb, 0x16eb, 0x16eb, 0x16eb, 0x16eb, 0x16eb, 0x16eb, 0x16eb,
	0x16eb, 0x1, 0x1, 0x1, 0x1, 0x1, 0x1, 0x1, 0x1, 0x1, 0x1, 0x1, 0x1, 0x1, 0x1, 0x1,
	0x1, 0x1, 0x1, 0x1, 0x1, 0x1, 0x1, 0x1, 0x1, 0x1, 0x1, 0x1, 0x1, 0x1, 0x1, 0x1,
	0x1, 0x1, 0x1, 0x1, 0x1, 0x1, 0x1, 0x1, 0x1, 0x1, 0x1, 0x1, 0x1, 0x1, 0x1, 0x1,
	0x1, 0x1, 0x1, 0x1905, 0x1, 0x1, 0x1, 0x1, 0xfece, 0xfece, 0xfe12, 0x16eb, 0x16eb, 0x16eb, 0x16eb, 0x1,
	0x1, 0x1, 0x1, 0x1, 0x1, 0x1, 0x1, 0xfed6, 0xfed6, 0xfed6, 0xfed6, 0x1, 0x1, 0x1, 0x1, 0x1,
	0x1, 0x1, 0x1, 0x1, 0x1, 0x1, 0x1, 0x1, 0x1, 0x1, 0x1, 0x16eb, 0x16eb, 0x16eb, 0x16eb, 0x16eb,
	0x16eb, 0x16eb, 0x16eb, 0x16eb, 0x16eb, 0x16eb, 0x16eb, 0x16eb, 0x16eb, 0x16eb, 0x16eb, 0x16eb, 0x16eb, 0x16eb, 0x16eb, 0x16eb,
	0x16eb, 0x16eb, 0x16eb, 0x16eb, 0x16eb, 0x16eb, 0x16eb, 0x16eb, 0x16eb, 0x16eb, 0x16eb, 0x16eb, 0x16eb, 0x16eb, 0x16eb, 0x1,
	0x1, 0x16eb, 0x1, 0x16eb, 0x1, 0x1, 0x1, 0x1, 0x1, 0x16eb, 0x1, 0x1, 0x1, 0x1, 0x1, 0x1,
	0x1, 0x1, 0x1, 0x1, 0x1, 0x1, 0x1, 0x1, 0x1, 0x1, 0x1, 0x1, 0x1, 0x1, 0x1, 0x1,
	0x1, 0x1, 0x16eb, 0x1, 0x16eb, 0x1, 0x1, 0x1, 0x1, 0x1, 0x1, 0x1, 0x1, 0x1, 0x1, 0x1,
	0x1, 0x190b, 0x1, 0x1, 0x1, 0x1, 0xfeec, 0xfeec, 0xfe12, 0x1, 0x1, 0x1, 0x16eb, 0x16eb, 0x1, 0x1,
	0x1, 0x1, 0x1, 0x16eb, 0x1, 0x16eb, 0xfef4, 0xfef4, 0xfef4, 0xfef4, 0x1, 0x1, 0x1, 0x16eb, 0x1, 0x1,
	0x1, 0x1, 0x1, 0x1, 0x1, 0x1, 0x1, 0x1, 0x16eb, 0x16eb, 0x1911, 0x1917, 0x1, 0x1, 0x16eb, 0x16eb,
	0x16eb, 0x16eb, 0x16eb, 0x16eb, 0x16eb, 0x16eb, 0x16eb, 0x16eb, 0x16eb, 0x16eb, 0x16eb, 0x16eb, 0x16eb, 0x16eb, 0x16eb, 0x16eb,
	0x16eb, 0x16eb, 0x16eb, 0x16eb, 0x16eb, 0x16eb, 0x16eb, 0x16eb, 0x16eb, 0x16eb, 0x16eb, 0x16eb, 0x16eb, 0x16eb, 0x1, 0x1,
	0x1, 0x1, 0x1, 0x1, 0x1, 0x1, 0x1, 0x1, 0x1, 0x1, 0xf901, 0x1, 0x1, 0x1, 0x1, 0x1,
	0x1, 0x1, 0x1, 0x1, 0x1, 0x1, 0xffb8, 0xffb8, 0x1, 0x1, 0x1, 0x1, 0x1, 0x1, 0x1, 0x1,
	0x1, 0x1, 0x1, 0x1, 0x1, 0x1, 0x1, 0x1, 0x1, 0x1, 0x1, 0x1, 0x1, 0x1, 0x1, 0x1,
	0x1, 0x1, 0x1, 0xffb8, 0x1, 0xffb8, 0x1, 0xffb0, 0x1, 0x1, 0x1, 0x1, 0x1, 0x1, 0x191d, 0x1,
	0x1, 0x1, 0x1, 0x16eb, 0x1, 0x1, 0x1, 0x1, 0x1923, 0x1, 0x1, 0x1, 0x1, 0x1929, 0x1, 0x1,
	0x1, 0x1, 0x192f, 0x1, 0x1, 0x1, 0x1, 0x1935, 0x1, 0x1, 0x1, 0x1, 0x1, 0x1, 0x1, 0x1,
	0x1, 0x1, 0x1, 0x1, 0x193b, 0x1, 0x1, 0x1, 0x16eb, 0x16eb, 0x16eb, 0x16eb, 0xff02, 0xff04, 0x556a, 0xff08,
	0x5572, 0x1940, 0x1946, 0x194e, 0x1954, 0xff04, 0xff04, 0xff04, 0xff04, 0x1, 0x1, 0xff04, 0x557a, 0xffcc, 0xffcc, 0xfe12,
	0x1, 0xffcc, 0xffcc, 0x1, 0x1, 0x1, 0x1, 0x1, 0x1, 0x1, 0x1, 0x1, 0x1, 0x1, 0x195d, 0x1,
	0x1, 0x1, 0x1, 0x16eb, 0x1, 0x1, 0x1, 0x1, 0x1963, 0x1, 0x1, 0x1, 0x1, 0x1969, 0x1, 0x1,
	0x1, 0x1, 0x196f, 0x1, 0x1, 0x1, 0x1, 0x1975, 0x1, 0x1, 0x1, 0x1, 0x1, 0x1, 0x1, 0x1,
	0x1, 0x1, 0x1, 0x1, 0x197b, 0x1, 0x1, 0x1, 0x16eb, 0x1, 0x1, 0x1, 0x1, 0x1, 0x1, 0xffb8,
	0x1, 0x1, 0x1, 0x1, 0x1, 0x1, 0x16eb, 0x1, 0x1, 0x1, 0x1, 0x1, 0x1, 0x1, 0x1, 0x1,
	0x1, 0x1, 0x1, 0x1, 0x16eb, 0x16eb, 0x16eb, 0x16eb, 0x16eb, 0x16eb, 0x16eb, 0x16eb, 0x16eb, 0x16eb, 0x16eb, 0x16eb,
	0x16eb, 0x16eb, 0x16eb, 0x16eb, 0x16eb, 0x16eb, 0x16eb, 0x16eb, 0x16eb, 0x16eb, 0x16eb, 0x16eb, 0x16eb, 0x16eb, 0x16eb, 0x16eb,
	0x16eb, 0x16eb, 0x16eb, 0x16eb, 0x16eb, 0x16eb, 0x16eb, 0x16eb, 0x16eb, 0x1, 0x1, 0x1, 0x1, 0x1, 0x1, 0x1,
	0x1, 0x1, 0x1, 0x1, 0x1, 0x1, 0x1, 0x1, 0x1, 0x1, 0x1, 0x1, 0x1, 0x1, 0x1, 0x1,
	0x1, 0x1, 0x1, 0x1, 0x1, 0x1, 0x1, 0x1, 0x1, 0x1, 0x1, 0x1, 0x1, 0x1, 0x4a4, 0xdd5,
	0x1, 0x1, 0x1, 0x1, 0x1, 0x1, 0x1, 0xfc00, 0x1, 0x1, 0x1, 0x1, 0x1, 0x1, 0x1, 0x1,
	0xfe0e, 0x1, 0xfe12, 0xfe12, 0x1, 0x1, 0x1, 0x1, 0x1, 0x1, 0x1, 0x1, 0x1, 0x1, 0x1, 0x1,
	0x1, 0xffb8, 0x1, 0x1, 0x1, 0x1, 0x1, 0x1, 0x1, 0x1, 0x1, 0x1, 0x1, 0x1, 0x1, 0x1,
	0x1, 0x1, 0x1, 0x1, 0x1981, 0x1985, 0x1989, 0x198d, 0x1991, 0x1995, 0x1999, 0x199d, 0x19a1, 0x19a5, 0x19a9, 0x19ad,
	0x19b1, 0x19b5, 0x19b9, 0x19bd, 0x19c1, 0x19c5, 0x19c9, 0x19cd, 0x19d1, 0x19d5, 0x19d9, 0x19dd, 0x19e1, 0x19e5, 0x19e9, 0x19ed,
	0x19f1, 0x19f5, 0x19f9, 0x19fd, 0x1a01, 0x1a05, 0x1a09, 0x1a0d, 0x1a11, 0x1a15, 0x16eb, 0x1a19, 0x16eb, 0x16eb, 0x16eb, 0x16eb,
	0x16eb, 0x1a1d, 0x16eb, 0x16eb, 0x1, 0x1, 0x1, 0x1, 0x1, 0x1, 0x1, 0x1, 0x1, 0x1, 0x1, 0x1,
	0x1, 0x1, 0x1, 0x1, 0x1, 0x1, 0x1, 0x1, 0x1, 0x1, 0x1, 0x1, 0x1, 0x1, 0x1, 0x1,
	0x1, 0x1, 0x1, 0x1, 0x1, 0x1, 0x1, 0x1, 0x1, 0x1, 0x1, 0x1, 0x1, 0x1, 0x1, 0x1,
	0xf809, 0x1, 0x1, 0x1, 0x2, 0x2, 0x2, 0x2, 0x2, 0x2, 0x2, 0x2, 0x2, 0x2, 0x2, 0x2,
	0x2, 0x2, 0x2, 0x2, 0x2, 0x2, 0x2, 0x1, 0x1, 0x1, 0x1, 0x1, 0x1, 0x1, 0x1, 0x1,
	0x1, 0x1, 0x1, 0x1, 0x1, 0x1, 0x1, 0x1, 0x1, 0x1, 0x1, 0x1, 0x1, 0x1, 0x1, 0x1,
	0x1, 0x1, 0x1, 0x1, 0x1, 0x1, 0x1, 0x1, 0x1, 0x1, 0x1, 0x1, 0x1, 0x1, 0x1, 0x1,
	0x1, 0x1, 0x1, 0x1, 0x5606, 0x5606, 0xfe00, 0xfe00, 0xfe00, 0xfe00, 0xfe00, 0xfe00, 0xfe00, 0xfe00, 0xfe00, 0xfe00,
	0xfe00, 0xfe00, 0xfe00, 0xfe00, 0xfe00, 0xfe00, 0xfe00, 0xfe00, 0xfe00, 0xfe00, 0xfe00, 0x1, 0x1, 0x1, 0x1, 0x1,
	0x1, 0x1, 0x1, 0x1, 0x1, 0x1, 0x1, 0x1, 0x1, 0x1, 0x1, 0x1, 0x1, 0x1, 0x1, 0x1,
	0x1, 0x1, 0x1, 0x1, 0x1, 0x1, 0x1, 0x1, 0x1, 0x1, 0x1, 0x1, 0x1, 0x1, 0x1, 0x1,
	0x1, 0x1, 0x1, 0xfe00, 0xfe00, 0xfe00, 0xfe00, 0xfe00, 0xfe00, 0xfe00, 0xfe00, 0xfe00, 0xfe00, 0xfe00, 0xfe00, 0xfe00,
	0xfe00, 0xfe00, 0xfe00, 0xfe00, 0xfe00, 0xfe00, 0xfe00, 0xfe00, 0xfe00, 0xfe00, 0xfe00, 0x1, 0x1, 0x1, 0x1, 0x1,
	0x1, 0x1, 0x1, 0x1, 0x1, 0x1, 0x1, 0x1, 0x1, 0x1, 0x1, 0x1, 0x1, 0x1, 0x1, 0x1,
	0x1, 0x1, 0x1, 0x1, 0x1, 0x1, 0x1, 0x1, 0x1, 0x1, 0x1, 0x1, 0x1, 0x1, 0x1, 0x1,
	0x1, 0x1, 0x1, 0x1, 0x1, 0x1, 0x1, 0x1, 0x1, 0x1, 0x1, 0x1, 0x1, 0x1, 0x1, 0x1,
	0x1, 0x1, 0x1, 0x1, 0x1, 0x1, 0x1, 0x1, 0x16eb, 0x1, 0x1, 0x1, 0x1, 0x16eb, 0x16eb, 0x1,
	0x1, 0x1, 0x1, 0x1, 0x1, 0x1, 0x16eb, 0x1, 0x16eb, 0x1, 0x1, 0x1, 0x1, 0x16eb, 0x16eb, 0x1,
	0x1, 0x1, 0x1, 0x1, 0x1, 0x1, 0x1, 0x1, 0x1, 0x1, 0x1, 0x1, 0x1, 0x1, 0x1, 0x1,
	0x1, 0x1, 0x1, 0x1, 0x1, 0x1, 0x1, 0x1, 0x1, 0x1, 0x1, 0x1, 0x1, 0x1, 0x1, 0x16eb,
	0x1, 0x1, 0x1, 0x1, 0x16eb, 0x16eb, 0x1, 0x1, 0x1, 0x1, 0x1, 0x1, 0x1, 0x1, 0x1, 0x1,
	0x1, 0x1, 0x1, 0x1, 0x1, 0x1, 0x1, 0x1, 0x1, 0x1, 0x1, 0x1, 0x1, 0x1, 0x1, 0x1,
	0x1, 0x1, 0x1, 0x1, 0x1, 0x1, 0x1, 0x16eb, 0x1, 0x1, 0x1, 0x1, 0x16eb, 0x16eb, 0x1, 0x1,
	0x1, 0x1, 0x1, 0x1, 0x1, 0x16eb, 0x1, 0x1, 0x1, 0x1, 0x16eb, 0x16eb, 0x1, 0x1, 0x1, 0x1,
	0x1, 0x1, 0x1, 0x1, 0x1, 0x1, 0x1, 0x1, 0x1, 0x1, 0x1, 0x16eb, 0x1, 0x1, 0x1, 0x1,
	0x1, 0x1, 0x1, 0x1, 0x1, 0x1, 0x1, 0x1, 0x1, 0x1, 0x1, 0x1, 0x1, 0x1, 0x1, 0x1,
	0x1, 0x1, 0x1, 0x1, 0x1, 0x1, 0x1, 0x1, 0x1, 0x1, 0x1, 0x1, 0x1, 0x1, 0x1, 0x1,
	0x1, 0x1, 0x1, 0x1, 0x16eb, 0x1, 0x1, 0x1, 0x1, 0x16eb, 0x16eb, 0x1, 0x1, 0x1, 0x1, 0x1,
	0x1, 0x1, 0x1, 0x1, 0x1, 0x1, 0x1, 0x1, 0x1, 0x1, 0x1, 0x1, 0x1, 0x1, 0x1, 0x1,
	0x1, 0x1, 0x1, 0x1, 0x1, 0x1, 0x1, 0x1, 0x1, 0x1, 0x1, 0x1, 0x1, 0x1, 0x1, 0x1,
	0x1, 0x1, 0x1, 0x16eb, 0x16eb, 0xffcc, 0xffcc, 0xffcc, 0x1, 0x1, 0x1, 0x1, 0x1, 0x1, 0x1, 0x1,
	0x1, 0x1, 0x1, 0x1, 0x1, 0x1, 0x1, 0x1, 0x1, 0x1, 0x1, 0x1, 0x1, 0x1, 0x1, 0x1,
	0x1, 0x1, 0x1, 0x1, 0x1, 0x16eb, 0x16eb, 0x16eb, 0x16eb, 0x16eb, 0x16eb, 0x1, 0x1, 0x1, 0x1, 0x1,
	0x1, 0x1, 0x1, 0x1, 0x1, 0x1, 0x1, 0x1, 0x1, 0x1, 0x1, 0x1, 0x1, 0x1, 0x1, 0x1,
	0x1, 0x1, 0x1, 0x1, 0x1, 0x1, 0x1, 0x1, 0x1, 0x1, 0x1, 0x1, 0x1, 0x1, 0x1, 0x1,
	0x1, 0x1, 0x1, 0x1, 0x1, 0x1, 0x1, 0x1, 0x1, 0x1, 0x1, 0x1, 0x1, 0x1, 0x1, 0x1,
	0x1, 0x16eb, 0x16eb, 0xf8c9, 0xf8c9, 0xf8c9, 0xf8c9, 0xf8c9, 0xf8c9, 0x16eb, 0x16eb, 0x1, 0x1, 0x1, 0x1, 0x1,
	0x1, 0x1, 0x1, 0x1, 0x1, 0x1, 0x1, 0x1, 0x1, 0x1, 0x1, 0x1, 0x1, 0x1, 0x1, 0x1,
	0x1, 0x1, 0x1, 0x1, 0x1, 0x1, 0x1, 0x16eb, 0x16eb, 0x16eb, 0x1, 0x1, 0x1, 0x1, 0x1, 0x1,
	0x1, 0x1, 0x1, 0x1, 0x1, 0x1, 0x1, 0x1, 0x1, 0x1, 0x1, 0x1, 0x1, 0x1, 0x1, 0x1,
	0x1, 0x1, 0x1, 0x1, 0x1, 0x1, 0x1, 0x1, 0x1, 0x1, 0x1, 0x1, 0x1, 0x1, 0x1, 0x1,
	0x1, 0x1, 0x1, 0x1, 0x1, 0x1, 0x1, 0x1, 0x1, 0x1, 0x1, 0x1, 0x1, 0x1, 0x1, 0x1,
	0x1, 0x1, 0x1, 0x16eb, 0x16eb, 0x16eb, 0x16eb, 0x16eb, 0x16eb, 0x16eb, 0x1, 0x1, 0x1, 0x1, 0x1, 0x1,
	0x1, 0x1, 0x1, 0x1, 0x1, 0x1, 0x1, 0x1, 0x1, 0x1, 0x1, 0x1, 0x1, 0x1, 0xfe12, 0xfe12,
	0x16eb, 0x16eb, 0x16eb, 0x16eb, 0x16eb, 0x16eb, 0x16eb, 0x16eb, 0x16eb, 0x1, 0x1, 0x1, 0x1, 0x1, 0x1, 0x1,
	0x1, 0x1, 0x1, 0x1, 0x1, 0x1, 0x1, 0x1, 0x1, 0x1, 0x1, 0x1, 0x1, 0x1, 0xfe12, 0x1,
	0x1, 0x16eb, 0x16eb, 0x16eb, 0x16eb, 0x16eb, 0x16eb, 0x16eb, 0x16eb, 0x16eb, 0x1, 0x1, 0x1, 0x1, 0x1, 0x1,
	0x1, 0x1, 0x1, 0x1, 0x1, 0x1, 0x1, 0x1, 0x1, 0x1, 0x1, 0x1, 0x1, 0x1, 0x16eb, 0x16eb,
	0x16eb, 0x16eb, 0x16eb, 0x16eb, 0x16eb, 0x16eb, 0x16eb, 0x16eb, 0x16eb, 0x16eb, 0x1, 0x1, 0x1, 0x1, 0x1, 0x1,
	0x1, 0x1, 0x1, 0x1, 0x1, 0x1, 0x1, 0x16eb, 0x1, 0x1, 0x1, 0x16eb, 0x1, 0x1, 0x16eb, 0x16eb,
	0x16eb, 0x16eb, 0x16eb, 0x16eb, 0x16eb, 0x16eb, 0x16eb, 0x16eb, 0x16eb, 0x16eb, 0x1, 0x1, 0x1, 0x1, 0x1, 0x1,
	0x1, 0x1, 0x1, 0x1, 0x1, 0x1, 0x1, 0x1, 0x1, 0x1, 0x1, 0x1, 0x1, 0x1, 0x1, 0x1,
	0x1, 0x1, 0x1, 0x1, 0x1, 0x1, 0x1, 0x1, 0x1, 0x1, 0x1, 0x1, 0x1, 0x1, 0x1, 0x1,
	0x1, 0x1, 0x1, 0x1, 0x1, 0x1, 0x1, 0x1, 0x1, 0x1, 0x1, 0x1, 0x1, 0x1, 0x5606, 0x5606,
	0x1, 0x1, 0x1, 0x1, 0x1, 0x1, 0x1, 0x1, 0x1, 0x1, 0x1, 0x1, 0x1, 0x1, 0x1, 0x1,
	0x1, 0x1, 0xfe12, 0x1, 0x1, 0x1, 0x1, 0x1, 0x1, 0x1, 0x1, 0x1, 0x1, 0xffcc, 0x16eb, 0x16eb,
	0x1, 0x1, 0x1, 0x1, 0x1, 0x1, 0x1, 0x1, 0x1, 0x1, 0x16eb, 0x16eb, 0x16eb, 0x16eb, 0x16eb, 0x16eb,
	0x1, 0x1, 0x1, 0x1, 0x1, 0x1, 0x1, 0x1, 0x1, 0x1, 0x16eb, 0x16eb, 0x16eb, 0x16eb, 0x16eb, 0x16eb,
	0x1, 0x1, 0x1, 0x1, 0x1, 0x1, 0x1, 0x1, 0x1, 0x1, 0x1, 0x5606, 0x5606, 0x5606, 0x5606, 0x5606,
	0x1, 0x1, 0x1, 0x1, 0x1, 0x1, 0x1, 0x1, 0x1, 0x1, 0x16eb, 0x16eb, 0x16eb, 0x16eb, 0x16eb, 0x16eb,
	0x1, 0x1, 0x1, 0x1, 0x1, 0x1, 0x1, 0x1, 0x1, 0x1, 0x1, 0x1, 0x1, 0x1, 0x1, 0x1,
	0x1, 0x1, 0x1, 0x1, 0x1, 0x1, 0x1, 0x1, 0x1, 0x1, 0x1, 0x1, 0x1, 0x1, 0x1, 0x1,
	0x1, 0x1, 0x1, 0x1, 0x1, 0x1, 0x1, 0x1, 0x1, 0xffc8, 0x1, 0x16eb, 0x16eb, 0x16eb, 0x16eb, 0x16eb,
	0x1, 0x1, 0x1, 0x1, 0x1, 0x1, 0x1, 0x1, 0x1, 0x1, 0x1, 0x1, 0x1, 0x1, 0x1, 0x1,
	0x1, 0x1, 0x1, 0x1, 0x1, 0x1, 0x1, 0x1, 0x1, 0x1, 0x1, 0x1, 0x1, 0x1, 0x1, 0x1,
	0x1, 0x1, 0x1, 0x1, 0x1, 0x1, 0x1, 0x1, 0x1, 0x1, 0x1, 0x1, 0x1, 0x1, 0x1, 0x1,
	0x1, 0x1, 0x1, 0x1, 0x1, 0x1, 0x16eb, 0x16eb, 0x16eb, 0x16eb, 0x16eb, 0x16eb, 0x16eb, 0x16eb, 0x16eb, 0x16eb,
	0x1, 0x1, 0x1, 0x1, 0x1, 0x1, 0x1, 0x1, 0x1, 0x1, 0x1, 0x1, 0x1, 0x1, 0x1, 0x1,
	0x1, 0x1, 0x1, 0x1, 0x1, 0x1, 0x1, 0x1, 0x1, 0x1, 0x1, 0x1, 0x1, 0x1, 0x1, 0x16eb,
	0x1, 0x1, 0x1, 0x1, 0x1, 0x1, 0x1, 0x1, 0x1, 0x1, 0x1, 0x1, 0x16eb, 0x16eb, 0x16eb, 0x16eb,
	0x1, 0x1, 0x1, 0x1, 0x1, 0x1, 0x1, 0x1, 0x1, 0xffbc, 0xffcc, 0xffb8, 0x16eb, 0x16eb, 0x16eb, 0x16eb,
	0x1, 0x16eb, 0x16eb, 0x16eb, 0x1, 0x1, 0x1, 0x1, 0x1, 0x1, 0x1, 0x1, 0x1, 0x1, 0x1, 0x1,
	0x1, 0x1, 0x1, 0x1, 0x1, 0x1, 0x1, 0x1, 0x1, 0x1, 0x1, 0x1, 0x1, 0x1, 0x1, 0x1,
	0x1, 0x1, 0x1, 0x1, 0x1, 0x1, 0x1, 0x1, 0x1, 0x1, 0x1, 0x1, 0x1, 0x1, 0x16eb, 0x16eb,
	0x1, 0x1, 0x1, 0x1, 0x1, 0x16eb, 0x16eb, 0x16eb, 0x16eb, 0x16eb, 0x16eb, 0x16eb, 0x16eb, 0x16eb, 0x16eb, 0x16eb,
	0x1, 0x1, 0x1, 0x1, 0x1, 0x1, 0x1, 0x1, 0x1, 0x1, 0x1, 0x1, 0x1, 0x1, 0x1, 0x1,
	0x1, 0x1, 0x1, 0x1, 0x1, 0x1, 0x1, 0x1, 0x1, 0x1, 0x1, 0x1, 0x1, 0x1, 0x1, 0x1,
	0x1, 0x1, 0x1, 0x1, 0x1, 0x1, 0x1, 0x1, 0x1, 0x1, 0x1, 0x1, 0x16eb, 0x16eb, 0x16eb, 0x16eb,
	0x1, 0x1, 0x1, 0x1, 0x1, 0x1, 0x1, 0x1, 0x1, 0x1, 0x1, 0x1, 0x1, 0x1, 0x1, 0x1,
	0x16eb, 0x16eb, 0x16eb, 0x16eb, 0x16eb, 0x16eb, 0x1, 0x1, 0x1, 0x1, 0x1, 0x1, 0x1, 0x1, 0x1, 0x1,
	0x1, 0x16eb, 0x16eb, 0x16eb, 0x1, 0x1, 0x1, 0x1, 0x1, 0x1, 0x1, 0x1, 0x1, 0x1, 0x1, 0x1,
	0x1, 0x1, 0x1, 0x1, 0x1, 0x1, 0x1, 0x1, 0x1, 0x1, 0x1, 0x1, 0x1, 0x1, 0x1, 0x1,
	0x1, 0x1, 0x1, 0x1, 0x1, 0x1, 0xffcc, 0xffb8, 0x1, 0x1, 0x1, 0x16eb, 0x16eb, 0x1, 0x1, 0x1,
	0x1, 0x1, 0x1, 0x1, 0x1, 0x1, 0x1, 0x1, 0x1, 0x1, 0x1, 0x1, 0x1, 0x1, 0x1, 0x1,
	0x1, 0x1, 0x1, 0x1, 0x1, 0x1, 0x1, 0x1, 0x1, 0x1, 0x1, 0x1, 0x1, 0x1, 0x1, 0x16eb,
	0xfe12, 0x1, 0x1, 0x1, 0x1, 0x1, 0x1, 0x1, 0x1, 0x1, 0x1, 0x1, 0x1, 0x1, 0x1, 0x1,
	0x1, 0x1, 0x1, 0x1, 0x1, 0xffcc, 0xffcc, 0xffcc, 0xffcc, 0xffcc, 0xffcc, 0xffcc, 0xffcc, 0x16eb, 0x16eb, 0xffb8,
	0x1, 0x1, 0x1, 0x1, 0x1, 0x1, 0x1, 0x1, 0x1, 0x1, 0x16eb, 0x16eb, 0x16eb, 0x16eb, 0x16eb, 0x16eb,
	0x1, 0x1, 0x1, 0x1, 0x1, 0x1, 0x1, 0x1, 0x1, 0x1, 0x16eb, 0x16eb, 0x16eb, 0x16eb, 0x16eb, 0x16eb,
	0x1, 0x1, 0x1, 0x1, 0x1, 0x1, 0x1, 0x1, 0x1, 0x1, 0x1, 0x1, 0x1, 0x1, 0x16eb, 0x16eb,
	0xffcc, 0xffcc, 0xffcc, 0xffcc, 0xffcc, 0xffb8, 0xffb8, 0xffb8, 0xffb8, 0xffb8, 0xffb8, 0xffcc, 0xffcc, 0xffb8, 0x1, 0xffb8,
	0xffcc, 0xffcc, 0xffb8, 0xffb8, 0xffcc, 0xffcc, 0xffcc, 0xffcc, 0xffcc, 0xffb8, 0xffcc, 0xffcc, 0xffcc, 0xffcc, 0xffcc, 0xffcc,
	0xffcc, 0xffcc, 0xffcc, 0xffcc, 0xffcc, 0xffcc, 0xffcc, 0xffcc, 0xffcc, 0xffcc, 0xffcc, 0xffcc, 0xffb8, 0x16eb, 0x16eb, 0xffcc,
	0xffcc, 0xffcc, 0xffcc, 0xffcc, 0xffcc, 0xffb8, 0xffcc, 0xffcc, 0xffcc, 0xffcc, 0xffd4, 0x16eb, 0x16eb, 0x16eb, 0x16eb, 0x16eb,
	0x16eb, 0x16eb, 0x16eb, 0x16eb, 0x16eb, 0x16eb, 0x16eb, 0x16eb, 0x16eb, 0x16eb, 0x16eb, 0x16eb, 0x16eb, 0x16eb, 0x16eb, 0x1,
	0x1, 0x1, 0x1, 0x1, 0x4a8, 0xddb, 0x4ac, 0xde1, 0x4b0, 0xde7, 0x4b4, 0xded, 0x4b8, 0xdf3, 0x1, 0x1,
	0x4bc, 0xdf9, 0x1, 0x1, 0x1, 0x1, 0x1, 0x1, 0x1, 0x1, 0x1, 0x1, 0x1, 0x1, 0x1, 0x1,
	0x1, 0x1, 0x1, 0x1, 0x1, 0x1, 0x1, 0x1, 0x1, 0x1, 0x1, 0x1, 0x1, 0x1, 0x1, 0x1,
	0x1, 0x1, 0x1, 0xfe0e, 0xfc00, 0x1, 0x1, 0x1, 0x1, 0x4c0, 0xdff, 0x4c4, 0xe05, 0x4c8, 0x4cc, 0xe0b,
	0xe11, 0x4d0, 0xe17, 0xfe12, 0x1, 0x1, 0x1, 0x1, 0x1, 0x1, 0x1, 0x1, 0x16eb, 0x1, 0x1, 0x1,
	0x1, 0x1, 0x1, 0x1, 0x1, 0x1, 0x1, 0x1, 0x1, 0x1, 0x1, 0x1, 0x1, 0x1, 0x1, 0x1,
	0x1, 0x1, 0x1, 0x1, 0x1, 0x1, 0x1, 0x1, 0x1, 0x1, 0xffcc, 0xffb8, 0xffcc, 0xffcc, 0xffcc, 0xffcc,
	0xffcc, 0xffcc, 0xffcc, 0x1, 0x1, 0x1, 0x1, 0x1, 0x1, 0x1, 0x1, 0x1, 0x1, 0x1, 0x1, 0x1,
	0x1, 0x1, 0x1, 0x1, 0x1, 0x1, 0x1, 0x1, 0x1, 0x1, 0x1, 0x1, 0x1, 0x1, 0x1, 0x1,
	0x1, 0x1, 0x1, 0x1, 0x1, 0x1, 0x1, 0x1, 0x1, 0x1, 0x1, 0x1, 0x1, 0xfe12, 0xfe12, 0x1,
	0x1, 0x1, 0x1, 0x1, 0x1, 0x1, 0x1, 0x1, 0x1, 0x1, 0x1, 0x1, 0x1, 0x1, 0x1, 0x1,
	0x1, 0x1, 0x1, 0x1, 0x1, 0x1, 0x1, 0x1, 0x1, 0x1, 0x1, 0x1, 0x1, 0x1, 0x1, 0x1,
	0x1, 0x1, 0x1, 0x1, 0x1, 0xfe0e, 0x1, 0x1, 0x1, 0x1, 0x1, 0x1, 0x1, 0x1, 0x1, 0x1,
	0x1, 0xfe12, 0xfe12, 0x16eb, 0x16eb, 0x16eb, 0x16eb, 0x16eb, 0x16eb, 0x16eb, 0x16eb, 0x1, 0x1, 0x1, 0x1, 0x1,
	0x1, 0x1, 0x1, 0x1, 0x1, 0x1, 0x1, 0x1, 0x1, 0x1, 0x1, 0x1, 0x1, 0x1, 0x1, 0x1,
	0x1, 0x1, 0x1, 0x1, 0x1, 0x1, 0x1, 0x1, 0x1, 0x1, 0x1, 0x1, 0x1, 0x1, 0x1, 0x1,
	0x1, 0x1, 0x1, 0x1, 0x1, 0x1, 0x1, 0x1, 0x1, 0x1, 0x1, 0x1, 0x1, 0x1, 0x1, 0x1,
	0x1, 0x1, 0xfe0e, 0x16eb, 0x16eb, 0x16eb, 0x1, 0x1, 0x1, 0x1, 0x1, 0x1a21, 0x1a25, 0x1a28, 0x1a2d, 0x1a31,
	0x1a31, 0x1a35, 0x1a39, 0x1a3d, 0xf911, 0x1, 0x16eb, 0x16eb, 0x16eb, 0x16eb, 0x16eb, 0x1a41, 0x1a45, 0x1a49, 0x1a4d, 0x1a51,
	0x1a55, 0x1a59, 0x1a5d, 0x1a61, 0x1a65, 0x1a69, 0x1a6d, 0x1a71, 0x1a75, 0x1a79, 0x1a7d, 0x1a81, 0x1a85, 0x1a89, 0x1a8d, 0x1a91,
	0x1a95, 0x1a99, 0x1a9d, 0x1aa1, 0x1aa5, 0x1aa9, 0x1aad, 0x1ab1, 0x1ab5, 0x1ab9, 0x1abd, 0x1ac1, 0x1ac5, 0x1ac9, 0x1acd, 0x1ad1,
	0x1ad5, 0x1ad9, 0x1add, 0x1ae1, 0x1ae5, 0x1ae9, 0x16eb, 0x16eb, 0x1aed, 0x1af1, 0x1af5, 0x1, 0x1, 0x1, 0x1, 0x1,
	0x1, 0x1, 0x1, 0x16eb, 0x16eb, 0x16eb, 0x16eb, 0x16eb, 0x16eb, 0x16eb, 0x16eb, 0xffcc, 0xffcc, 0xffcc, 0x1, 0xfe02,
	0xffb8, 0xffb8, 0xffb8, 0xffb8, 0xffb8, 0xffcc, 0xffcc, 0xffb8, 0xffb8, 0xffb8, 0xffb8, 0xffcc, 0x1, 0xfe02, 0xfe02, 0xfe02,
	0xfe02, 0xfe02, 0xfe02, 0xfe02, 0x1, 0x1, 0x1, 0x1, 0xffb8, 0x1, 0x1, 0x1, 0x1, 0x1, 0x1, 0xffcc,
	0x1, 0x1, 0x1, 0xffcc, 0xffcc, 0x1, 0x16eb, 0x16eb, 0x16eb, 0x16eb, 0x16eb, 0x1, 0x1, 0x1, 0x1, 0x1,
	0x1, 0x1, 0x1, 0x1, 0x1, 0x1, 0x1, 0x1, 0x1, 0x1, 0x1, 0x1, 0x1, 0x1, 0x1, 0x1,
	0x1, 0x1, 0x1, 0x1, 0x1, 0x1, 0x1, 0x1, 0x1, 0x1, 0x1, 0x1, 0x1, 0x1, 0x1, 0x1,
	0x1, 0x1, 0x1, 0x1, 0x1, 0x1, 0x1, 0x16f8, 0x1af8, 0x1afc, 0x1, 0x1b00, 0x1b04, 0x1767, 0x1b08, 0x17d8,
	0x1b0c, 0x17e0, 0x1b10, 0x1814, 0x1b14, 0x1b18, 0x1, 0x171e, 0x1b1d, 0x1b20, 0x17e4, 0x1b24, 0x1b28, 0x17e8, 0x16f8, 0x1b2d,
	0x1b31, 0x1b35, 0x1afc, 0x1b00, 0x1b04, 0x176b, 0x176f, 0x1b39, 0x1b08, 0x1, 0x1b10, 0x1b14, 0x1b3d, 0x171e, 0x175b, 0xf719,
	0xf719, 0x1b20, 0x1b24, 0x1b28, 0xf729, 0x1783, 0x1b40, 0xf751, 0x1b45, 0x1b49, 0x1b4d, 0x1b51, 0x1b55, 0x1b0c, 0x17e4, 0x1b28,
	0x1b40, 0x1b45, 0x1b49, 0x1b58, 0x1b51, 0x1b55, 0x1, 0x1, 0x1, 0x1, 0x1, 0x1, 0x1, 0x1, 0x1, 0x1,
	0x1, 0x1, 0x1, 0x1b5d, 0x1, 0x1, 0x1, 0x1, 0x1, 0x1, 0x1, 0x1, 0x1, 0x1, 0x1, 0x1,
	0x1, 0x1, 0x1, 0x1, 0x1, 0x1, 0x1, 0x1, 0x1, 0x1, 0x1, 0x1, 0x1, 0x1, 0x1, 0x1b61,
	0x1b64, 0x1b69, 0x1b6d, 0x1b39, 0x1b70, 0x1b75, 0x1b79, 0x1b7d, 0x177f, 0x177b, 0x1b81, 0xf7a9, 0x1b85, 0x1b89, 0xf7e1, 0x1b8d,
	0x1b91, 0x1b95, 0x1787, 0x1b99, 0x1b9d, 0x178b, 0x1ba1, 0x1ba5, 0x1793, 0x1ba9, 0x17d1, 0x179b, 0x1bad, 0x179f, 0x17d5, 0x1bb0,
	0x1bb5, 0x1bb9, 0x17a2, 0x1bbd, 0xffcc, 0xffcc, 0xffb8, 0xffcc, 0xffcc, 0xffcc, 0xffcc, 0xffcc, 0xffcc, 0xffcc, 0xffb8, 0xffcc,
	0xffcc, 0xffd4, 0xffac, 0xffb8, 0xff94, 0xffcc, 0xffcc, 0xffcc, 0xffcc, 0xffcc, 0xffcc, 0xffcc, 0xffcc, 0xffcc, 0xffcc, 0xffcc,
	0xffcc, 0xffcc, 0xffcc, 0xffcc, 0xffcc, 0xffcc, 0xffcc, 0xffcc, 0xffcc, 0xffcc, 0xffcc, 0xffcc, 0xffcc, 0xffcc, 0xffcc, 0xffcc,
	0xffcc, 0xffcc, 0xffcc, 0xffcc, 0xffcc, 0xffcc, 0xffcc, 0xffcc, 0xffcc, 0xffcc, 0xffd0, 0xffc8, 0xffc8, 0xffb8, 0xffb4, 0xffcc,
	0xffd2, 0xffb8, 0xffcc, 0xffb8, 0xf914, 0xe1c, 0xf914, 0xe22, 0xf914, 0xe29, 0xf914, 0xe2f, 0xf914, 0xe37, 0xf914, 0xe3e,
	0xf914, 0xe44, 0xf914, 0xe4a, 0xf914, 0xe51, 0xf914, 0xe56, 0xf914, 0xe5e, 0xf914, 0xe68, 0xf914, 0xe70, 0xf914, 0xe76,
	0xf914, 0xe7f, 0xf914, 0xe87, 0xf914, 0xe8c, 0xf914, 0xe92, 0xf914, 0xe98, 0xf914, 0xe9e, 0xf914, 0xea5, 0xf914, 0xeaa,
	0xf914, 0xeb0, 0xf914, 0xeb8, 0xf914, 0xec0, 0xf914, 0xec6, 0xf914, 0xecc, 0xf914, 0x864, 0xf914, 0xed4, 0xf914, 0xedc,
	0xf914, 0xee2, 0xf914, 0xee8, 0xf914, 0xeee, 0xf914, 0xef5, 0xf914, 0xefa, 0xf914, 0xf00, 0xf914, 0xf06, 0xf914, 0xf0c,
	0xf914, 0xf14, 0xf914, 0xf1e, 0xf914, 0xf28, 0xf914, 0xf32, 0xf914, 0xf3b, 0xf914, 0xf41, 0xf914, 0xf46, 0xf914, 0x86e,
	0xf914, 0xf4e, 0xf914, 0xf56, 0xf914, 0xf5c, 0xf914, 0x878, 0xf914, 0xf64, 0xf914, 0xf6e, 0xf914, 0xf78, 0xf914, 0xf80,
	0xf914, 0xf86, 0xf914, 0xf8c, 0xf914, 0xf92, 0xf914, 0xf98, 0xf914, 0xf9e, 0xf914, 0xfa4, 0xf914, 0xfac, 0xf914, 0xfb6,
	0xf914, 0xfbe, 0xf914, 0xfc5, 0xf914, 0xfca, 0xf914, 0xfd0, 0xf914, 0xfd6, 0xf914, 0xfdc, 0xf914, 0xfe3, 0xf914, 0xfe9,
	0xf914, 0xfef, 0xf914, 0xff4, 0xf914, 0xffa, 0xf914, 0x1001, 0xf914, 0x1007, 0x100c, 0x1012, 0x1018, 0x101e, 0x1bc1, 0xf73c,
	0x1, 0x1, 0x1bc7, 0x1, 0xf914, 0x882, 0xf914, 0x1024, 0xf914, 0x102c, 0xf914, 0x1036, 0xf914, 0x1040, 0xf914, 0x104a,
	0xf914, 0x1054, 0xf914, 0x105e, 0xf914, 0x1068, 0xf914, 0x1072, 0xf914, 0x107c, 0xf914, 0x1086, 0xf914, 0x890, 0xf914, 0x108e,
	0xf914, 0x1094, 0xf914, 0x109c, 0xf914, 0x10a6, 0xf914, 0x10b0, 0xf914, 0x10ba, 0xf914, 0x10c4, 0xf914, 0x10cc, 0xf914, 0x10d2,
	0xf914, 0x89a, 0xf914, 0x10d8, 0xf914, 0x10e0, 0xf914, 0x10ea, 0xf914, 0x10f4, 0xf914, 0x10fe, 0xf914, 0x1108, 0xf914, 0x1112,
	0xf914, 0x111c, 0xf914, 0x1126, 0xf914, 0x1130, 0xf914, 0x113a, 0xf914, 0x1142, 0xf914, 0x1148, 0xf914, 0x1150, 0xf914, 0x115a,
	0xf914, 0x1164, 0xf914, 0x116e, 0xf914, 0x1178, 0xf914, 0x1180, 0xf914, 0x1187, 0xf914, 0x118c, 0xf914, 0x1192, 0xf911, 0x1,
	0xf911, 0x1, 0xf911, 0x1, 0x8a4, 0x8b6, 0x119b, 0x11a5, 0x11af, 0x11b9, 0x11c3, 0x11cd, 0xf8cc, 0xf8cc, 0xf8cc, 0xf8cc,
	0xf8cc, 0xf8cc, 0xf8cc, 0xf8cc, 0x8c8, 0x8d6, 0x11d7, 0x11e1, 0x11eb, 0x11f5, 0x16eb, 0x16eb, 0xf8cc, 0xf8cc, 0xf8cc, 0xf8cc,
	0xf8cc, 0xf8cc, 0x16eb, 0x16eb, 0x8e4, 0x8f6, 0x11ff, 0x1209, 0x1213, 0x121d, 0x1227, 0x1231, 0xf8cc, 0xf8cc, 0xf8cc, 0xf8cc,
	0xf8cc, 0xf8cc, 0xf8cc, 0xf8cc, 0x908, 0x91a, 0x123b, 0x1245, 0x124f, 0x1259, 0x1263, 0x126d, 0xf8cc, 0xf8cc, 0xf8cc, 0xf8cc,
	0xf8cc, 0xf8cc, 0xf8cc, 0xf8cc, 0x92c, 0x93a, 0x1277, 0x1281, 0x128b, 0x1295, 0x16eb, 0x16eb, 0xf8cc, 0xf8cc, 0xf8cc, 0xf8cc,
	0xf8cc, 0xf8cc, 0x16eb, 0x16eb, 0x948, 0x95a, 0x129f, 0x12a9, 0x12b3, 0x12bd, 0x12c7, 0x12d1, 0x16eb, 0xf8cc, 0x16eb, 0xf8cc,
	0x16eb, 0xf8cc, 0x16eb, 0xf8cc, 0x96c, 0x97e, 0x12db, 0x12e5, 0x12ef, 0x12f9, 0x1303, 0x130d, 0xf8cc, 0xf8cc, 0xf8cc, 0xf8cc,
	0xf8cc, 0xf8cc, 0xf8cc, 0xf8cc, 0x1315, 0x4d56, 0x131b, 0x4d5e, 0x1321, 0x4d66, 0x1327, 0x4d6e, 0x132d, 0x4d76, 0x1333, 0x4d7e,
	0x1339, 0x4d86, 0x16eb, 0x16eb, 0x4d8e, 0x4d98, 0x4da6, 0x4db6, 0x4dc6, 0x4dd6, 0x4de6, 0x4df6, 0x4d8e, 0x4d98, 0x4da6, 0x4db6,
	0x4dc6, 0x4dd6, 0x4de6, 0x4df6, 0x4e02, 0x4e0c, 0x4e1a, 0x4e2a, 0x4e3a, 0x4e4a, 0x4e5a, 0x4e6a, 0x4e02, 0x4e0c, 0x4e1a, 0x4e2a,
	0x4e3a, 0x4e4a, 0x4e5a, 0x4e6a, 0x4e76, 0x4e80, 0x4e8e, 0x4e9e, 0x4eae, 0x4ebe, 0x4ece, 0x4ede, 0x4e76, 0x4e80, 0x4e8e, 0x4e9e,
	0x4eae, 0x4ebe, 0x4ece, 0x4ede, 0x133f, 0x1345, 0x4eea, 0x1bca, 0x4ef4, 0x16eb, 0x134b, 0x4efe, 0xf8cc, 0xf8cc, 0x4f08, 0x4d56,
	0x1bca, 0x1bd0, 0x1bd6, 0x1bd0, 0x1bda, 0x1be0, 0x4f10, 0x1be8, 0x4f1a, 0x16eb, 0x1351, 0x4f24, 0x4f2e, 0x4d5e, 0x4f36, 0x4d66,
	0x1be8, 0x1bee, 0x1bf6, 0x1bfe, 0x1357, 0x135d, 0x1365, 0x4f40, 0x16eb, 0x16eb, 0x136d, 0x1375, 0xf8cc, 0xf8cc, 0x4f4a, 0x4d6e,
	0x16eb, 0x1c06, 0x1c0e, 0x1c16, 0x137d, 0x1383, 0x138b, 0x4f54, 0x1393, 0x1399, 0x139f, 0x13a7, 0xf8cc, 0xf8cc, 0x4f5e, 0x4d7e,
	0xf8d4, 0x1c1e, 0x1838, 0x1c27, 0x16eb, 0x16eb, 0x4f66, 0x1c2a, 0x4f70, 0x16eb, 0x13af, 0x4f7a, 0x4f84, 0x4d76, 0x4f8c, 0x4d86,
	0x1c2a, 0x170a, 0x1c30, 0x16eb, 0x16ef, 0x16ef, 0x16ef, 0x16ef, 0x16ef, 0x16ef, 0x16ef, 0x16ef, 0x16ef, 0x16ef, 0x16ef, 0x5606,
	0x1, 0x1, 0x16eb, 0x16eb, 0x1, 0xf901, 0x1, 0x1, 0x1, 0x1, 0x1, 0x1c36, 0x1, 0x1, 0x1, 0x1,
	0x1, 0x1, 0x1, 0x1, 0x1, 0x1, 0x1, 0x1, 0x16eb, 0x16eb, 0x16eb, 0x1, 0x16eb, 0x16eb, 0x16eb, 0x16eb,
	0x16eb, 0x16eb, 0x16eb, 0x16ef, 0x1, 0x1, 0x1, 0x1c3d, 0x1c43, 0x1, 0x1c4b, 0x1c51, 0x1, 0x1, 0x1, 0x1,
	0x1c59, 0x1, 0x1c5e, 0x1, 0x1, 0x1, 0x1, 0x1, 0x1, 0x1, 0x1c65, 0x1c6b, 0x1c71, 0x1, 0x1, 0x1,
	0x1, 0x1, 0x1, 0x1, 0x1, 0x1, 0x1, 0x1, 0x1, 0x1, 0x1c77, 0x1, 0x1, 0x1, 0x1, 0x1,
	0x1, 0x1, 0x16ef, 0x5606, 0x5606, 0x5606, 0x5606, 0x5606, 0x16eb, 0x16eb, 0x16eb, 0x16eb, 0x16eb, 0x5606, 0x5606, 0x5606,
	0x5606, 0x5606, 0x5606, 0x1c81, 0x1b0c, 0x16eb, 0x16eb, 0x1c85, 0x1c89, 0x1c8d, 0x1c91, 0x1c95, 0x1c99, 0x1c9d, 0x1ca1, 0x1ca4,
	0x1ca9, 0x1cad, 0x1b18, 0x1c81, 0x171b, 0x1703, 0x1707, 0x1c85, 0x1c89, 0x1c8d, 0x1c91, 0x1c95, 0x1c99, 0x1c9d, 0x1ca1, 0x1ca4,
	0x1ca9, 0x1cad, 0x16eb, 0x16f8, 0x1b04, 0x171e, 0x1818, 0x176b, 0x17d8, 0x1b10, 0x1814, 0x1b14, 0x1b18, 0x1b20, 0x1752, 0x1b24,
	0x16eb, 0x16eb, 0x16eb, 0x1, 0x1, 0x1, 0x1, 0x1, 0x1, 0x1, 0x1, 0x1cb0, 0x1, 0x1, 0x1, 0x1,
	0x1, 0x1, 0x1, 0x1, 0x1, 0x1, 0x1, 0x1, 0x1, 0x1, 0x1, 0x1, 0x1, 0x1, 0x1, 0x1,
	0x1, 0x1, 0x1, 0x16eb, 0x16eb, 0x16eb, 0x16eb, 0x16eb, 0x16eb, 0x16eb, 0x16eb, 0x16eb, 0x16eb, 0x16eb, 0x16eb, 0x16eb,
	0x16eb, 0xffcc, 0xffcc, 0xfe02, 0xfe02, 0xffcc, 0xffcc, 0xffcc, 0xffcc, 0xfe02, 0xfe02, 0xfe02, 0xffcc, 0xffcc, 0x1, 0x1,
	0x1, 0x1, 0xffcc, 0x1, 0x1, 0x1, 0xfe02, 0xfe02, 0xffcc, 0xffb8, 0xffcc, 0xfe02, 0xfe02, 0xffb8, 0xffb8, 0xffb8,
	0xffb8, 0xffcc, 0x16eb, 0x16eb, 0x16eb, 0x16eb, 0x16eb, 0x16eb, 0x16eb, 0x16eb, 0x16eb, 0x16eb, 0x16eb, 0x16eb, 0x16eb, 0x16eb,
	0x16eb, 0x1cb6, 0x1cbe, 0x1b64, 0x1cc6, 0x1, 0x1ccc, 0x1cd4, 0x176f, 0x1, 0x1cdc, 0x1b08, 0x17d8, 0x17d8, 0x17d8, 0x17d8,
	0x1ce3, 0x1b0c, 0x1b0c, 0x1814, 0x1814, 0x1, 0x1b18, 0x1ce6, 0x1, 0x1, 0x1b20, 0x1ced, 0x17e4, 0x17e4, 0x17e4, 0x1,
	0x1, 0x1cf0, 0x1cf6, 0x1cfe, 0x1, 0x1bb0, 0x1, 0x1d04, 0x1, 0x1bb0, 0x1, 0x1b10, 0x4f94, 0x1afc, 0x1b64, 0x1,
	0x1b04, 0x1b04, 0x1b70, 0xf9e9, 0x1b14, 0x171e, 0x1d09, 0x1d0d, 0x1d11, 0x1d15, 0x1b0c, 0x1, 0x1d18, 0x1d21, 0x1b49, 0x1b49,
	0x1d21, 0x1d25, 0x1, 0x1, 0x1, 0x1, 0x1b00, 0x1b00, 0x1b04, 0x1b0c, 0x17e0, 0x1, 0x1, 0x1, 0x1, 0x1,
	0x1, 0x1d29, 0x1d31, 0x1d39, 0x1d43, 0x1d4b, 0x1d53, 0x1d5b, 0x1d63, 0x1d6b, 0x1d73, 0x1d7b, 0x1d83, 0x1d8b, 0x1d93, 0x1d9b,
	0x1da3, 0x1b0c, 0x1da8, 0x1dae, 0x1db6, 0x1b40, 0x1dbc, 0x1dc2, 0x1dca, 0x1dd4, 0x1818, 0x1dda, 0x1de0, 0x1814, 0x1b64, 0x1b00,
	0x1b14, 0x1b0c, 0x1da8, 0x1dae, 0x1db6, 0x1b40, 0x1dbc, 0x1dc2, 0x1dca, 0x1dd4, 0x1818, 0x1dda, 0x1de0, 0x1814, 0x1b64, 0x1b00,
	0x1b14, 0x1, 0x1, 0x1, 0xf911, 0x1, 0x1, 0x1, 0x1, 0x1, 0x1de9, 0x1, 0x1, 0x16eb, 0x16eb, 0x16eb,
	0x16eb, 0x4d4, 0x1, 0x4d8, 0x1, 0x4dc, 0x1, 0x1, 0x1, 0x1, 0x1, 0x13b5, 0x13bb, 0x1, 0x1, 0x1,
	0x1, 0x1, 0x1, 0x1, 0x1, 0x1, 0x1, 0x1, 0x1, 0x1, 0x1, 0x1, 0x1, 0x1, 0x1, 0x13c1,
	0x1, 0x1, 0x1, 0x1, 0x1, 0x1, 0x1, 0x1, 0x1, 0x1, 0x1, 0x1, 0x1, 0x1, 0x1, 0x1,
	0x1, 0x13c7, 0x13cd, 0x13d3, 0x4e0, 0x1, 0x4e4, 0x1, 0x4e8, 0x1, 0x1, 0x1, 0x1, 0x1, 0x1, 0x1,
	0x1, 0x1, 0x1, 0x1, 0x1, 0x1, 0x1, 0x1, 0x1, 0x1, 0x1, 0x1, 0x1, 0x1, 0x1, 0x1,
	0x1, 0x1, 0x1, 0x1, 0x1, 0x1, 0x1, 0x1, 0x1, 0x1, 0x1, 0x1, 0x1, 0x1, 0x1, 0x1,
	0x1, 0x1, 0x1, 0x1, 0x4ec, 0x13d9, 0x1, 0x1, 0x1, 0x4f0, 0x13df, 0x1, 0x4f4, 0x13e5, 0x1, 0x1,
	0x1, 0x1, 0x1, 0x1, 0x1, 0x1, 0x1, 0x1, 0x1, 0x1, 0x1, 0x1, 0x1, 0x1, 0x1, 0x1,
	0x1, 0x1, 0x1, 0x1, 0x4f8, 0x13eb, 0x4fc, 0x13f1, 0x1, 0x1, 0x1, 0x1, 0x1, 0x1df1, 0x1df7, 0x1,
	0x1dff, 0x1e05, 0x1, 0x1, 0x1, 0x1, 0x1, 0x1, 0x1, 0x1, 0x1, 0x1, 0x1, 0x500, 0x1, 0x1,
	0x1, 0x13f7, 0x1, 0x504, 0x13fd, 0x508, 0x1, 0x1403, 0x50c, 0x1409, 0x1, 0x1, 0x1, 0x510, 0x1, 0x1,
	0x1, 0x1, 0x1, 0x1, 0x1, 0x1, 0x1, 0x1, 0x1, 0x1, 0x1, 0x1, 0x1, 0x1, 0x1, 0x1,
	0x140f, 0x514, 0x1415, 0x1, 0x518, 0x51c, 0x1, 0x1, 0x1, 0x1, 0x1, 0x1, 0x1, 0x141b, 0x1421, 0x1427,
	0x142d, 0x1433, 0x520, 0x524, 0x1439, 0x143f, 0x528, 0x52c, 0x1445, 0x144b, 0x530, 0x534, 0x538, 0x53c, 0x1, 0x1,
	0x1451, 0x1457, 0x540, 0x544, 0x145d, 0x1463, 0x548, 0x54c, 0x1469, 0x146f, 0x1, 0x1, 0x1, 0x1, 0x1, 0x1,
	0x1, 0x550, 0x554, 0x1, 0x1, 0x1, 0x1, 0x1, 0x1, 0x1, 0x1, 0x1, 0x1, 0x1, 0x1, 0x1,
	0x1, 0x1, 0x558, 0x1, 0x1, 0x1, 0x1, 0x1, 0x55c, 0x560, 0x1, 0x564, 0x1475, 0x147b, 0x1481, 0x1487,
	0x1, 0x1, 0x568, 0x56c, 0x570, 0x574, 0x1, 0x1, 0x1, 0x1, 0x1, 0x1, 0x1, 0x1, 0x1, 0x1,
	0x1, 0x1, 0x1, 0x1, 0x1, 0x1, 0x1, 0x1, 0x1, 0x1, 0x1, 0x1, 0x1, 0x1, 0x1, 0x1,
	0x1, 0x1, 0x1, 0x1, 0x1, 0x1, 0x148d, 0x1493, 0x1499, 0x149f, 0x1, 0x1, 0x1, 0x1, 0x1, 0x1,
	0x14a5, 0x14ab, 0x14b1, 0x14b7, 0x1, 0x1, 0x1, 0x1, 0x1, 0x1, 0x1, 0x1, 0x1, 0x1, 0x1, 0x1,
	0x1, 0x1, 0x1, 0x1, 0x1, 0x1, 0x1, 0x1, 0x1, 0x1, 0x1, 0x1, 0x1, 0x1, 0x1, 0x1,
	0x1, 0x1, 0x1, 0x1, 0x1, 0x1, 0x1, 0x1, 0x1, 0x1, 0x1, 0x1, 0x1, 0x1e0d, 0x1e11, 0x1,
	0x1, 0x1, 0x1, 0x1, 0x1, 0x1, 0x1, 0x1, 0x1, 0x1, 0x1, 0x1, 0x1, 0x1, 0x1, 0x1,
	0x1, 0x1, 0x1, 0x1, 0x1, 0x1, 0x1, 0x1, 0x1, 0x1, 0x1, 0x1, 0x1, 0x1, 0x1, 0x1,
	0x1, 0x1, 0x1, 0x1, 0x1, 0x1, 0x1, 0x1, 0x1, 0x16eb, 0x16eb, 0x16eb, 0x16eb, 0x16eb, 0x16eb, 0x16eb,
	0x16eb, 0x16eb, 0x16eb, 0x16eb, 0x16eb, 0x16eb, 0x16eb, 0x16eb, 0x16eb, 0x16eb, 0x16eb, 0x16eb, 0x16eb, 0x16eb, 0x16eb, 0x1,
	0x1, 0x1, 0x1, 0x1, 0x1, 0x1, 0x1, 0x1, 0x1, 0x1, 0x16eb, 0x16eb, 0x16eb, 0x16eb, 0x16eb, 0x16eb,
	0x16eb, 0x16eb, 0x16eb, 0x16eb, 0x16eb, 0x16eb, 0x16eb, 0x16eb, 0x16eb, 0x16eb, 0x16eb, 0x16eb, 0x16eb, 0x16eb, 0x16eb, 0x171b,
	0x1703, 0x1707, 0x1c85, 0x1c89, 0x1c8d, 0x1c91, 0x1c95, 0x1c99, 0x1e15, 0x1e1b, 0x1e21, 0x1e27, 0x1e2d, 0x1e33, 0x1e39, 0x1e3f,
	0x1e45, 0x1e4b, 0x1e51, 0x1e57, 0x1e5f, 0x1e67, 0x1e6f, 0x1e77, 0x1e7f, 0x1e87, 0x1e8f, 0x1e97, 0x1e9f, 0x1ea9, 0x1eb3, 0x1ebd,
	0x1ec7, 0x1ed1, 0x1edb, 0x1ee5, 0x1eef, 0x1ef9, 0x1f03, 0x16eb, 0x16eb, 0x16eb, 0x16eb, 0x16eb, 0x16eb, 0x16eb, 0x16eb, 0x16eb,
	0x16eb, 0x16eb, 0x16eb, 0x16eb, 0x16eb, 0x16eb, 0x16eb, 0x16eb, 0x16eb, 0x16eb, 0x16eb, 0x1f0d, 0x1f15, 0x1f1d, 0x1f25, 0x1f2d,
	0x1f35, 0x1f3d, 0x1f45, 0x1f4d, 0x1f55, 0x1f5d, 0x1f65, 0x1f6d, 0x1f75, 0x1f7d, 0x1f85, 0x1f8d, 0x1f95, 0x1f9d, 0x1fa5, 0x1fad,
	0x1fb5, 0x1fbd, 0x1fc5, 0x1fcd, 0x1fd5, 0x16f8, 0x1afc, 0x1b64, 0x1b00, 0x1b04, 0x1b70, 0x1b08, 0x17d8, 0x1b0c, 0x17e0, 0x1b10,
	0x1814, 0x1b14, 0x1b18, 0x171e, 0x1b20, 0x1ced, 0x17e4, 0x1752, 0x1b24, 0x1b28, 0x1b40, 0x17e8, 0x1818, 0x17ec, 0x1bb0, 0x16f8,
	0x1afc, 0x1b64, 0x1b00, 0x1b04, 0x1b70, 0x1b08, 0x17d8, 0x1b0c, 0x17e0, 0x1b10, 0x1814, 0x1b14, 0x1b18, 0x171e, 0x1b20, 0x1ced,
	0x17e4, 0x1752, 0x1b24, 0x1b28, 0x1b40, 0x17e8, 0x1818, 0x17ec, 0x1bb0, 0x1c81, 0x1, 0x1, 0x1, 0x1, 0x1, 0x1,
	0x1, 0x1, 0x1, 0x1, 0x1, 0x1, 0x1, 0x1, 0x1, 0x1, 0x1, 0x1, 0x1, 0x1, 0x1, 0x1fdd,
	0x1, 0x1, 0x1, 0x1, 0x1, 0x1, 0x1, 0x1, 0x1, 0x1, 0x1, 0x1, 0x1, 0x1, 0x1, 0x1,
	0x1, 0x1, 0x1, 0x1, 0x1, 0x1, 0x1, 0x1, 0x1, 0x1, 0x1, 0x1, 0x1, 0x1, 0x1, 0x1,
	0x1, 0x1, 0x1, 0x1, 0x1, 0x1, 0x1, 0x1, 0x1, 0x1, 0x1, 0x1, 0x1, 0x1, 0x1, 0x1,
	0x1, 0x1, 0x1, 0x1, 0x1fe6, 0x1fee, 0x1ff4, 0x1, 0x1, 0x1, 0x1, 0x1, 0x1, 0x1, 0x1, 0x1,
	0x1, 0x1, 0x1, 0x1, 0x1, 0x1, 0x1, 0x1, 0x1, 0x1, 0x1, 0x1, 0x1, 0x1, 0x1, 0x1,
	0x1, 0x1, 0x1, 0x1ffd, 0x1, 0x1, 0x1, 0x1, 0x1, 0x1, 0x1, 0x1, 0x1, 0x1, 0x1, 0x1,
	0x1, 0x1, 0x1, 0x1, 0x1, 0x1, 0x1, 0x1, 0x1, 0x1, 0x1, 0x1, 0x1, 0x1, 0x1, 0x1,
	0x1, 0x1, 0x1, 0x1, 0x1, 0x1, 0x1, 0x1, 0x1, 0x1, 0x1, 0x1, 0x1, 0x1, 0x1, 0x1,
	0x1, 0x1, 0x1, 0x1, 0x1, 0x1, 0x1, 0x1, 0x16eb, 0x16eb, 0x1, 0x1, 0x1, 0x1, 0x1, 0x1,
	0x1, 0x1, 0x1, 0x1, 0xfa89, 0xfa89, 0xfa89, 0xfa89, 0xfa89, 0xfa89, 0xfa89, 0xfa89, 0xfa89, 0xfa89, 0xfa89, 0xfa89,
	0xfa89, 0xfa89, 0xfa89, 0xfa89, 0xfa89, 0xfa89, 0xfa89, 0xfa89, 0xfa89, 0xfa89, 0xfa89, 0xfa89, 0xfa89, 0xfa89, 0xfa89, 0xfa89,
	0xfa89, 0xfa89, 0xfa89, 0xfa89, 0xfa89, 0xfa89, 0xfa89, 0xfa89, 0xfa89, 0xfa89, 0xfa89, 0xfa89, 0xfa89, 0xfa89, 0xfa89, 0xfa89,
	0xfa89, 0xfa89, 0xfa89, 0xfa89, 0x1, 0x1, 0x1, 0x1, 0x1, 0x1, 0x1, 0x1, 0x1, 0x1, 0x1, 0x1,
	0x1, 0x1, 0x1, 0x1, 0x1, 0x1, 0x1, 0x1, 0x1, 0x1, 0x1, 0x1, 0x1, 0x1, 0x1, 0x1,
	0x1, 0x1, 0x1, 0x1, 0xf911, 0x1, 0x2003, 0x2007, 0x200b, 0x1, 0x1, 0xf911, 0x1, 0xf911, 0x1, 0xf911,
	0x1, 0x1b31, 0x1b91, 0x1b2d, 0x1b61, 0x1, 0xf911, 0x1, 0x1, 0xf911, 0x1, 0x1, 0x1, 0x1, 0x1, 0x1,
	0x17e0, 0x1b40, 0x200f, 0x2013, 0xf911, 0x1, 0xf911, 0x1, 0xf911, 0x1, 0xf911, 0x1, 0xf911, 0x1, 0xf911, 0x1,
	0xf911, 0x1, 0xf911, 0x1, 0xf911, 0x1, 0xf911, 0x1, 0xf911, 0x1, 0xf911, 0x1, 0xf911, 0x1, 0xf911, 0x1,
	0xf911, 0x1, 0xf911, 0x1, 0xf911, 0x1, 0xf911, 0x1, 0xf911, 0x1, 0xf911, 0x1, 0xf911, 0x1, 0xf911, 0x1,
	0xf911, 0x1, 0xf911, 0x1, 0xf911, 0x1, 0xf911, 0x1, 0xf911, 0x1, 0xf911, 0x1, 0xf911, 0x1, 0xf911, 0x1,
	0xf911, 0x1, 0xf911, 0x1, 0x1, 0x1, 0x1, 0x1, 0x1, 0x1, 0x1, 0xf911, 0x1, 0xf911, 0x1, 0xffcc,
	0xffcc, 0xffcc, 0xf911, 0x1, 0x16eb, 0x16eb, 0x16eb, 0x16eb, 0x16eb, 0x1, 0x1, 0x1, 0x1, 0x1, 0x1, 0x1,
	0x1, 0x1, 0x1, 0x1, 0x1, 0x1, 0x1, 0x1, 0x1, 0x1, 0x1, 0x1, 0x1, 0x1, 0x1, 0x1,
	0x1, 0x1, 0x1, 0x1, 0x1, 0x1, 0x1, 0x1, 0x1, 0x1, 0x1, 0x1, 0x1, 0x1, 0x1, 0x16eb,
	0x1, 0x16eb, 0x16eb, 0x16eb, 0x16eb, 0x16eb, 0x1, 0x16eb, 0x16eb, 0x1, 0x1, 0x1, 0x1, 0x1, 0x1, 0x1,
	0x1, 0x1, 0x1, 0x1, 0x1, 0x1, 0x1, 0x1, 0x1, 0x1, 0x1, 0x1, 0x1, 0x1, 0x1, 0x1,
	0x1, 0x1, 0x1, 0x1, 0x1, 0x1, 0x1, 0x1, 0x1, 0x1, 0x1, 0x1, 0x1, 0x1, 0x1, 0x1,
	0x1, 0x16eb, 0x16eb, 0x16eb, 0x16eb, 0x16eb, 0x16eb, 0x16eb, 0xf899, 0x1, 0x16eb, 0x16eb, 0x16eb, 0x16eb, 0x16eb, 0x16eb,
	0x16eb, 0x16eb, 0x16eb, 0x16eb, 0x16eb, 0x16eb, 0x16eb, 0x16eb, 0xfe12, 0x1, 0x1, 0x1, 0x1, 0x1, 0x1, 0x1,
	0x1, 0x1, 0x1, 0x1, 0x1, 0x1, 0x1, 0x1, 0x1, 0x1, 0x1, 0x1, 0x1, 0x1, 0x1, 0x1,
	0x16eb, 0x16eb, 0x16eb, 0x16eb, 0x16eb, 0x16eb, 0x16eb, 0x16eb, 0x16eb, 0x1, 0x1, 0x1, 0x1, 0x1, 0x1, 0x1,
	0x16eb, 0x1, 0x1, 0x1, 0x1, 0x1, 0x1, 0x1, 0x16eb, 0x1, 0x1, 0x1, 0x1, 0x1, 0x1, 0x1,
	0x16eb, 0x1, 0x1, 0x1, 0x1, 0x1, 0x1, 0x1, 0x16eb, 0xffcc, 0xffcc, 0xffcc, 0xffcc, 0xffcc, 0xffcc, 0xffcc,
	0xffcc, 0xffcc, 0xffcc, 0xffcc, 0xffcc, 0xffcc, 0xffcc, 0xffcc, 0xffcc, 0xffcc, 0xffcc, 0xffcc, 0xffcc, 0xffcc, 0xffcc, 0xffcc,
	0xffcc, 0xffcc, 0xffcc, 0xffcc, 0xffcc, 0xffcc, 0xffcc, 0xffcc, 0xffcc, 0x1, 0x1, 0x1, 0x1, 0x1, 0x1, 0x1,
	0x1, 0x1, 0x1, 0x1, 0x1, 0x1, 0x1, 0x1, 0x1, 0x1, 0x1, 0x1, 0x1, 0x1, 0x1, 0x1,
	0x1, 0x1, 0x1, 0x1, 0x1, 0x1, 0x1, 0x16eb, 0x16eb, 0x16eb, 0x16eb, 0x16eb, 0x16eb, 0x16eb, 0x16eb, 0x16eb,
	0x16eb, 0x16eb, 0x16eb, 0x16eb, 0x16eb, 0x16eb, 0x16eb, 0x16eb, 0x16eb, 0x16eb, 0x16eb, 0x16eb, 0x16eb, 0x16eb, 0x16eb, 0x16eb,
	0x16eb, 0x16eb, 0x16eb, 0x16eb, 0x16eb, 0x16eb, 0x16eb, 0x16eb, 0x16eb, 0x1, 0x1, 0x1, 0x1, 0x1, 0x1, 0x1,
	0x1, 0x1, 0x1, 0x1, 0x1, 0x1, 0x1, 0x1, 0x1, 0x1, 0x1, 0x1, 0x1, 0x1, 0x1, 0x1,
	0x1, 0x1, 0x1, 0x16eb, 0x1, 0x1, 0x1, 0x1, 0x2017, 0x1, 0x1, 0x1, 0x1, 0x1, 0x1, 0x1,
	0x1, 0x1, 0x1, 0x1, 0x1, 0x1, 0x1, 0x1, 0x1, 0x1, 0x1, 0x1, 0x1, 0x1, 0x1, 0x1,
	0x1, 0x1, 0x1, 0x1, 0x1, 0x1, 0x1, 0x1, 0x1, 0x1, 0x1, 0x1, 0x1, 0x1, 0x1, 0x1,
	0x1, 0x1, 0x1, 0x1, 0x1, 0x1, 0x1, 0x1, 0x1, 0x1, 0x1, 0x1, 0x201b, 0x16eb, 0x16eb, 0x16eb,
	0x16eb, 0x16eb, 0x16eb, 0x16eb, 0x16eb, 0x16eb, 0x16eb, 0x16eb, 0x16eb, 0x201f, 0x2023, 0x2027, 0x202b, 0x202f, 0x2033, 0x2037,
	0x203b, 0x203f, 0x2043, 0x2047, 0x204b, 0x204f, 0x2053, 0x2057, 0x205b, 0x205f, 0x2063, 0x2067, 0x206b, 0x206f, 0x2073, 0x2077,
	0x207b, 0x207f, 0x2083, 0x2087, 0x208b, 0x208f, 0x2093, 0x2097, 0x209b, 0x209f, 0x20a3, 0x20a7, 0x20ab, 0x20af, 0x20b3, 0x20b7,
	0x20bb, 0x20bf, 0x20c3, 0x20c7, 0x20cb, 0x20cf, 0x20d3, 0x20d7, 0x20db, 0x20df, 0x20e3, 0x20e7, 0x20eb, 0x20ef, 0x20f3, 0x20f7,
	0x20fb, 0x20ff, 0x2103, 0x2107, 0x210b, 0x210f, 0x2113, 0x2117, 0x211b, 0x211f, 0x2123, 0x2127, 0x212b, 0x212f, 0x2133, 0x2137,
	0x213b, 0x213f, 0x2143, 0x2147, 0x214b, 0x214f, 0x2153, 0x2157, 0x215b, 0x215f, 0x2163, 0x2167, 0x216b, 0x216f, 0x2173, 0x2177,
	0x217b, 0x217f, 0x2183, 0x2187, 0x218b, 0x218f, 0x2193, 0x2197, 0x219b, 0x219f, 0x21a3, 0x21a7, 0x21ab, 0x21af, 0x21b3, 0x21b7,
	0x21bb, 0x21bf, 0x21c3, 0x21c7, 0x21cb, 0x21cf, 0x21d3, 0x21d7, 0x21db, 0x21df, 0x21e3, 0x21e7, 0x21eb, 0x21ef, 0x21f3, 0x21f7,
	0x21fb, 0x21ff, 0x2203, 0x2207, 0x220b, 0x220f, 0x2213, 0x2217, 0x221b, 0x221f, 0x2223, 0x2227, 0x222b, 0x222f, 0x2233, 0x2237,
	0x223b, 0x223f, 0x2243, 0x2247, 0x224b, 0x224f, 0x2253, 0x2257, 0x225b, 0x225f, 0x2263, 0x2267, 0x226b, 0x226f, 0x2273, 0x2277,
	0x227b, 0x227f, 0x2283, 0x2287, 0x228b, 0x228f, 0x2293, 0x2297, 0x229b, 0x229f, 0x22a3, 0x22a7, 0x22ab, 0x22af, 0x22b3, 0x22b7,
	0x22bb, 0x22bf, 0x22c3, 0x22c7, 0x22cb, 0x22cf, 0x22d3, 0x22d7, 0x22db, 0x22df, 0x22e3, 0x22e7, 0x22eb, 0x22ef, 0x22f3, 0x22f7,
	0x22fb, 0x22ff, 0x2303, 0x2307, 0x230b, 0x230f, 0x2313, 0x2317, 0x231b, 0x231f, 0x2323, 0x2327, 0x232b, 0x232f, 0x2333, 0x2337,
	0x233b, 0x233f, 0x2343, 0x2347, 0x234b, 0x234f, 0x2353, 0x2357, 0x235b, 0x235f, 0x2363, 0x2367, 0x236b, 0x236f, 0x2373, 0x16eb,
	0x16eb, 0x16eb, 0x16eb, 0x16eb, 0x16eb, 0x16eb, 0x16eb, 0x16eb, 0x16eb, 0x16eb, 0x16eb, 0x16eb, 0x16eb, 0x16eb, 0x16eb, 0x16eb,
	0x16eb, 0x16eb, 0x16eb, 0x16eb, 0x16eb, 0x16eb, 0x16eb, 0x16eb, 0x16eb, 0x16eb, 0x16eb, 0x16eb, 0x16eb, 0x16eb, 0x16eb, 0x16eb,
	0x16eb, 0x16eb, 0x16eb, 0x16eb, 0x16eb, 0x16eb, 0x16eb, 0x16eb, 0x16eb, 0x16ef, 0x1, 0x2377, 0x1, 0x1, 0x1, 0x1,
	0x1, 0x1, 0x1, 0x1, 0x1, 0x1, 0x1, 0x1, 0x1, 0x1, 0x1, 0x1, 0x1, 0x1, 0x1, 0x1,
	0x1, 0x1, 0x1, 0x1, 0x1, 0x1, 0x1, 0x1, 0x1, 0x1, 0x1, 0x1, 0x1, 0x1, 0x1, 0x1,
	0x1, 0x1, 0x1, 0xffb4, 0xffc8, 0xffd0, 0xffbc, 0xffc0, 0xffc0, 0x1, 0x1, 0x1, 0x1, 0x1, 0x1, 0xf7e9,
	0x1, 0x207b, 0x237b, 0x237f, 0x1, 0x1, 0x1, 0x1, 0x1, 0x16eb, 0x1, 0x1, 0x1, 0x1, 0x1, 0x578,
	0x1, 0x1, 0x1, 0x1, 0x57c, 0x14bd, 0x580, 0x14c3, 0x584, 0x14c9, 0x588, 0x14cf, 0x58c, 0x14d5, 0x590, 0x14db,
	0x594, 0x14e1, 0x598, 0x14e7, 0x59c, 0x14ed, 0x5a0, 0x14f3, 0x5a4, 0x14f9, 0x5a8, 0x14ff, 0x1, 0x5ac, 0x1505, 0x5b0,
	0x150b, 0x5b4, 0x1511, 0x1, 0x1, 0x1, 0x1, 0x1, 0x5b8, 0x1517, 0x151d, 0x5c0, 0x1523, 0x1529, 0x5c8, 0x152f,
	0x1535, 0x5d0, 0x153b, 0x1541, 0x5d8, 0x1547, 0x154d, 0x1, 0x1, 0x1, 0x1, 0x1, 0x1, 0x1, 0x1, 0x1,
	0x1, 0x1, 0x1, 0x1, 0x1, 0x1, 0x1, 0x1, 0x1, 0x1, 0x1, 0x1553, 0x1, 0x1, 0x16eb, 0x16eb,
	0xfc10, 0xfc10, 0x2382, 0x2388, 0x5e0, 0x1559, 0x238f, 0x1, 0x1, 0x1, 0x1, 0x1, 0x1, 0x5e4, 0x1, 0x1,
	0x1, 0x1, 0x5e8, 0x155f, 0x5ec, 0x1565, 0x5f0, 0x156b, 0x5f4, 0x1571, 0x5f8, 0x1577, 0x5fc, 0x157d, 0x600, 0x1583,
	0x604, 0x1589, 0x608, 0x158f, 0x60c, 0x1595, 0x610, 0x159b, 0x614, 0x15a1, 0x1, 0x618, 0x15a7, 0x61c, 0x15ad, 0x620,
	0x15b3, 0x1, 0x1, 0x1, 0x1, 0x1, 0x624, 0x15b9, 0x15bf, 0x62c, 0x15c5, 0x15cb, 0x634, 0x15d1, 0x15d7, 0x63c,
	0x15dd, 0x15e3, 0x644, 0x15e9, 0x15ef, 0x1, 0x1, 0x1, 0x1, 0x1, 0x1, 0x1, 0x1, 0x1, 0x1, 0x1,
	0x1, 0x1, 0x1, 0x1, 0x1, 0x1, 0x64c, 0x650, 0x654, 0x658, 0x1, 0x15f5, 0x1, 0x1, 0x15fb, 0x1601,
	0x1607, 0x160d, 0x1, 0x1, 0x65c, 0x1613, 0x2394, 0x16eb, 0x16eb, 0x16eb, 0x16eb, 0x16eb, 0x1, 0x1, 0x1, 0x1,
	0x1, 0x1, 0x1, 0x1, 0x1, 0x1, 0x1, 0x1, 0x1, 0x1, 0x1, 0x1, 0x1, 0x1, 0x1, 0x1,
	0x1, 0x1, 0x1, 0x1, 0x1, 0x1, 0x1, 0x1, 0x1, 0x1, 0x1, 0x1, 0x1, 0x1, 0x1, 0x1,
	0x1, 0x1, 0x1, 0x1, 0x1, 0x1, 0x1, 0x16eb, 0x239a, 0x239e, 0x5580, 0x23a2, 0x5584, 0x5588, 0x23a6, 0x23aa,
	0x23ae, 0x558c, 0x5590, 0x5594, 0x5598, 0x559c, 0x55a0, 0x23b3, 0x23b6, 0x23ba, 0x23be, 0x23c3, 0x23c6, 0x23ca, 0x23ce, 0x23d2,
	0x23d6, 0x23da, 0x23de, 0x23e2, 0x23e6, 0x23ea, 0x55a4, 0x55a8, 0x55ac, 0x55b0, 0x55b4, 0x55b8, 0x55bc, 0x55c0, 0x55c4, 0x55c8,
	0x55cc, 0x55d0, 0x55d4, 0x55d8, 0x55dc, 0x55e0, 0x55e4, 0x55e8, 0x55ec, 0x55f0, 0x55f4, 0x5606, 0x23ef, 0x23f3, 0x23f7, 0x23fb,
	0x23ff, 0x2403, 0x2407, 0x240b, 0x240f, 0x2413, 0x2417, 0x241b, 0x241f, 0x2423, 0x2427, 0x242b, 0x242f, 0x2433, 0x2437, 0x243b,
	0x243f, 0x2443, 0x2447, 0x244b, 0x244f, 0x2453, 0x2457, 0x245b, 0x245f, 0x2463, 0x2467, 0x246b, 0x246f, 0x2473, 0x2477, 0x247b,
	0x247f, 0x2483, 0x2487, 0x248b, 0x248f, 0x2493, 0x16eb, 0x1, 0x1, 0x201f, 0x2037, 0x2497, 0x249b, 0x249f, 0x24a3, 0x24a7,
	0x24ab, 0x202f, 0x24af, 0x24b3, 0x24b7, 0x24bb, 0x203f, 0x1, 0x1, 0x1, 0x1, 0x1, 0x1, 0x1, 0x1, 0x1,
	0x1, 0x1, 0x1, 0x1, 0x1, 0x1, 0x1, 0x1, 0x1, 0x1, 0x1, 0x1, 0x1, 0x1, 0x1, 0x1,
	0x1, 0x1, 0x1, 0x1, 0x1, 0x1, 0x1, 0x24bf, 0x24c7, 0x24cf, 0x24d7, 0x24df, 0x24e7, 0x24ef, 0x24f7, 0x24ff,
	0x2507, 0x250f, 0x2517, 0x251f, 0x2527, 0x4fa3, 0x4fb5, 0x4fc7, 0x4fd9, 0x4feb, 0x4ffd, 0x500f, 0x5021, 0x5033, 0x5045, 0x5057,
	0x5069, 0x507b, 0x508d, 0x509f, 0x50b3, 0x50cd, 0x16eb, 0x252f, 0x2537, 0x253f, 0x2547, 0x254f, 0x2557, 0x255f, 0x2567, 0x256f,
	0x2577, 0x257f, 0x2587, 0x258f, 0x2597, 0x259f, 0x25a7, 0x25af, 0x25b7, 0x25bf, 0x25c7, 0x25cf, 0x25d7, 0x25df, 0x25e7, 0x25ef,
	0x25f7, 0x25ff, 0x2607, 0x260f, 0x2617, 0x261f, 0x2627, 0x262f, 0x2637, 0x263f, 0x2647, 0x264f, 0x2653, 0x2127, 0x2657, 0x1,
	0x1, 0x1, 0x1, 0x1, 0x1, 0x1, 0x1, 0x265a, 0x2663, 0x2669, 0x266f, 0x2675, 0x267b, 0x2681, 0x2687, 0x268d,
	0x2693, 0x2699, 0x269f, 0x26a5, 0x26ab, 0x26b1, 0x26b7, 0x239a, 0x23a2, 0x23a6, 0x23ae, 0x23b6, 0x23ba, 0x23c6, 0x23ce, 0x23d2,
	0x23da, 0x23de, 0x23e2, 0x23e6, 0x23ea, 0x50dc, 0x50e4, 0x50ec, 0x50f4, 0x50fc, 0x5104, 0x510c, 0x5114, 0x511c, 0x5124, 0x512c,
	0x5134, 0x513c, 0x5144, 0x5150, 0x5162, 0x516e, 0x1, 0x201f, 0x2037, 0x2497, 0x249b, 0x26bd, 0x26c1, 0x26c5, 0x204b, 0x26c9,
	0x207b, 0x2143, 0x2173, 0x216f, 0x2147, 0x22b7, 0x209b, 0x213b, 0x26cd, 0x26d1, 0x26d5, 0x26d9, 0x26dd, 0x26e1, 0x26e5, 0x26e9,
	0x26ed, 0x26f1, 0x20b3, 0x26f5, 0x26f9, 0x26fd, 0x2701, 0x2705, 0x2709, 0x270d, 0x2711, 0x249f, 0x24a3, 0x24a7, 0x2715, 0x2719,
	0x271d, 0x2721, 0x2725, 0x2729, 0x272d, 0x2731, 0x2735, 0x2739, 0x273d, 0x2743, 0x2749, 0x274f, 0x2755, 0x275b, 0x2761, 0x2767,
	0x276d, 0x2773, 0x2779, 0x277f, 0x2785, 0x278b, 0x2791, 0x2797, 0x279d, 0x27a3, 0x27a9, 0x27af, 0x27b5, 0x27bb, 0x27c1, 0x27c7,
	0x27cd, 0x27d5, 0x27dd, 0x27e4, 0x27ea, 0x27f2, 0x27f8, 0x2801, 0x2805, 0x2808, 0x280d, 0x2811, 0x2814, 0x2818, 0x281c, 0x2820,
	0x2824, 0x2828, 0x282c, 0x2830, 0x2834, 0x2838, 0x283c, 0x2840, 0x2844, 0x2848, 0x284c, 0x2851, 0x2855, 0x2859, 0x285d, 0x2861,
	0x2864, 0x2868, 0x286c, 0x2870, 0x2874, 0x2879, 0x287d, 0x2881, 0x2885, 0x2889, 0x288d, 0x2891, 0x2895, 0x2899, 0x289d, 0x28a1,
	0x28a5, 0x28a9, 0x28ac, 0x28b0, 0x28b4, 0x28b8, 0x28bd, 0x517e, 0x28c3, 0x5195, 0x28cd, 0x51aa, 0x28d4, 0x28dd, 0x51c2, 0x28e5,
	0x28ee, 0x28f7, 0x28ff, 0x2906, 0x2911, 0x51d3, 0x51df, 0x51ee, 0x51fb, 0x291b, 0x520f, 0x2925, 0x5229, 0x292b, 0x2938, 0x5239,
	0x5245, 0x525f, 0x2945, 0x294e, 0x2957, 0x5274, 0x295f, 0x2969, 0x5288, 0x2974, 0x297c, 0x5296, 0x52a2, 0x52ad, 0x2985, 0x298b,
	0x2990, 0x2998, 0x52b6, 0x52c6, 0x52d3, 0x52e1, 0x52f1, 0x52fc, 0x5307, 0x531a, 0x29a0, 0x532b, 0x29ab, 0x29b3, 0x533a, 0x5344,
	0x29be, 0x5350, 0x5362, 0x5370, 0x537c, 0x538a, 0x29c7, 0x539c, 0x29cd, 0x29d5, 0x29dd, 0x29e7, 0x29ee, 0x29f6, 0x29ff, 0x2a0b,
	0x2a15, 0x53b5, 0x53c8, 0x53db, 0x2a1b, 0x53ee, 0x2a25, 0x2a2d, 0x2a35, 0x2a3f, 0x5401, 0x5415, 0x2a45, 0x542d, 0x2a4a, 0x2a53,
	0x2a59, 0x2a5f, 0x2a65, 0x2a6b, 0x2a71, 0x2a77, 0x2a7d, 0x2a83, 0x2a89, 0x2a8f, 0x2a97, 0x2a9f, 0x2aa7, 0x2aaf, 0x2ab7, 0x2abf,
	0x2ac7, 0x2acf, 0x2ad7, 0x2adf, 0x2ae7, 0x2aef, 0x2af7, 0x2aff, 0x2b06, 0x2b0e, 0x2b14, 0x2b1a, 0x2b22, 0x2b28, 0x2b2e, 0x2b35,
	0x2b3d, 0x2b44, 0x2b4b, 0x2b51, 0x2b57, 0x2b5d, 0x2b63, 0x2b6c, 0x2b72, 0x2b78, 0x2b7e, 0x2b84, 0x2b8a, 0x2b90, 0x2b96, 0x2b9c,
	0x2ba4, 0x2bae, 0x2bb4, 0x2bba, 0x2bc0, 0x2bc6, 0x2bcc, 0x2bd2, 0x2bd8, 0x2be0, 0x2be8, 0x2bf0, 0x2bf8, 0x2bfe, 0x2c04, 0x2c0a,
	0x2c10, 0x2c16, 0x2c1c, 0x2c22, 0x2c28, 0x2c2e, 0x2c35, 0x2c3d, 0x2c45, 0x2c4b, 0x2c53, 0x2c5b, 0x2c63, 0x2c69, 0x2c70, 0x2c79,
	0x2b6c, 0x2c82, 0x2c8a, 0x2c92, 0x2c9a, 0x2ca2, 0x2caf, 0x2cbc, 0x2cc2, 0x2cc8, 0x2cce, 0x2cd4, 0x2cda, 0x2ce0, 0x2ce6, 0x2cec,
	0x2ce6, 0x2cf2, 0x2cf8, 0x2cfe, 0x2d04, 0x2d0a, 0x2d04, 0x2d10, 0x2d16, 0x16eb, 0x2d1d, 0x2d22, 0x2d28, 0x2d2e, 0x16eb, 0x2d38,
	0x2d3e, 0x2d44, 0x2d4a, 0x2d50, 0x2d56, 0x2c2e, 0x2d5c, 0x2d62, 0x2d68, 0x2d6e, 0x2d76, 0x2b90, 0x2d7c, 0x2d84, 0x2d8c, 0x16eb,
	0x2d92, 0x2d9a, 0x2da0, 0x2da6, 0x2dac, 0x2db2, 0x2dba, 0x2dc3, 0x2dc9, 0x2dcf, 0x2dd5, 0x2ddb, 0x2de1, 0x2de7, 0x2ded, 0x2df3,
	0x2df9, 0x2e01, 0x2e09, 0x2e11, 0x2e19, 0x2e21, 0x2e29, 0x2e31, 0x2e39, 0x2e41, 0x2e49, 0x2e51, 0x2e59, 0x2e61, 0x2e69, 0x2e71,
	0x2e79, 0x2e81, 0x2e89, 0x2e91, 0x2e99, 0x2ea1, 0x2ea8, 0x1, 0x1, 0x1, 0x1, 0x1, 0x1, 0x1, 0x16eb, 0x16eb,
	0x16eb, 0x16eb, 0x16eb, 0x16eb, 0x16eb, 0x16eb, 0x16eb, 0x1, 0x1, 0x1, 0x1, 0x1, 0x1, 0x1, 0x1, 0x1,
	0x1, 0x1, 0x1, 0x1, 0x1, 0x1, 0x1, 0x1, 0x1, 0x1, 0x1, 0x1, 0x1, 0x1, 0x1, 0x1,
	0x1, 0x1, 0x1, 0x1, 0x1, 0x1, 0x1, 0x1, 0x1, 0x1, 0x1, 0x1, 0x1, 0x1, 0x1, 0x1,
	0x1, 0x1, 0x1, 0x1, 0x1, 0x1, 0x1, 0x16eb, 0x16eb, 0x16eb, 0x16eb, 0x16eb, 0x16eb, 0x16eb, 0x16eb, 0x16eb,
	0x16eb, 0x16eb, 0x16eb, 0x16eb, 0x16eb, 0x16eb, 0x16eb, 0x16eb, 0x16eb, 0x16eb, 0x16eb, 0xf911, 0x1, 0xf911, 0x1, 0xf911,
	0x1, 0xf911, 0x1, 0xf911, 0x1, 0xf911, 0x1, 0xf911, 0x1, 0xf911, 0x1, 0xf911, 0x1, 0xf911, 0x1, 0xf911,
	0x1, 0xf911, 0x1, 0xf911, 0x1, 0xf911, 0x1, 0xf911, 0x1, 0xf911, 0x1, 0xf911, 0x1, 0xf911, 0x1, 0xf911,
	0x1, 0xf911, 0x1, 0xf911, 0x1, 0xf911, 0x1, 0xf911, 0x1, 0x1, 0xffcc, 0x1, 0x1, 0x1, 0x1, 0xffcc,
	0xffcc, 0xffcc, 0xffcc, 0xffcc, 0xffcc, 0xffcc, 0xffcc, 0xffcc, 0xffcc, 0x1, 0x1, 0xf911, 0x1, 0xf911, 0x1, 0xf911,
	0x1, 0xf911, 0x1, 0xf911, 0x1, 0xf911, 0x1, 0xf911, 0x1, 0xf911, 0x1, 0xf911, 0x1, 0xf911, 0x1, 0xf911,
	0x1, 0xf911, 0x1, 0xf911, 0x1, 0xf911, 0x1, 0x1a35, 0x2eb1, 0xffcc, 0xffcc, 0x1, 0x1, 0x1, 0x1, 0x1,
	0x1, 0x1, 0x1, 0x1, 0x1, 0x1, 0x1, 0x1, 0x1, 0x1, 0x1, 0x1, 0x1, 0x1, 0x1, 0x1,
	0x1, 0x1, 0x1, 0x1, 0x1, 0x1, 0x1, 0x1, 0x1, 0x1, 0x1, 0x1, 0x1, 0x1, 0x1, 0x1,
	0x1, 0x1, 0x1, 0x1, 0x1, 0x1, 0x1, 0x1, 0x1, 0x1, 0x1, 0xffcc, 0xffcc, 0x1, 0x1, 0x1,
	0x1, 0x1, 0x1, 0x16eb, 0x16eb, 0x16eb, 0x16eb, 0x16eb, 0x16eb, 0x16eb, 0x16eb, 0x1, 0x1, 0x1, 0x1, 0x1,
	0x1, 0x1, 0x1, 0x1, 0x1, 0x1, 0x1, 0x1, 0x1, 0x1, 0x1, 0x1, 0x1, 0x1, 0x1, 0x1,
	0x1, 0x1, 0x1, 0x1, 0x1, 0x1, 0x1, 0x1, 0x1, 0x1, 0x1, 0x1, 0x1, 0xf911, 0x1, 0xf911,
	0x1, 0xf911, 0x1, 0xf911, 0x1, 0xf911, 0x1, 0xf911, 0x1, 0xf911, 0x1, 0x1, 0x1, 0xf911, 0x1, 0xf911,
	0x1, 0xf911, 0x1, 0xf911, 0x1, 0xf911, 0x1, 0xf911, 0x1, 0xf911, 0x1, 0xf911, 0x1, 0xf911, 0x1, 0xf911,
	0x1, 0xf911, 0x1, 0xf911, 0x1, 0xf911, 0x1, 0xf911, 0x1, 0xf911, 0x1, 0xf911, 0x1, 0xf911, 0x1, 0xf911,
	0x1, 0xf911, 0x1, 0xf911, 0x1, 0xf911, 0x1, 0xf911, 0x1, 0xf911, 0x1, 0xf911, 0x1, 0xf901, 0x1, 0x1,
	0x1, 0x1, 0x1, 0x1, 0x1, 0x1, 0xf911, 0x1, 0xf911, 0x1, 0x2eb5, 0xf911, 0x1, 0xf911, 0x1, 0xf911,
	0x1, 0xf911, 0x1, 0x1, 0x1, 0x1, 0xf911, 0x1, 0x1b7d, 0x1, 0x1, 0xf911, 0x1, 0xf911, 0x1, 0x1,
	0x1, 0xf911, 0x1, 0xf911, 0x1, 0xf911, 0x1, 0xf911, 0x1, 0xf911, 0x1, 0xf911, 0x1, 0xf911, 0x1, 0xf911,
	0x1, 0xf911, 0x1, 0xf911, 0x1, 0x17dd, 0x1b39, 0x1b79, 0x2eb9, 0x1b81, 0x1, 0x2ebd, 0x2ec1, 0x1b85, 0x2ec5, 0xf911,
	0x1, 0xf911, 0x1, 0xf911, 0x1, 0xf911, 0x1, 0xf911, 0x1, 0xf911, 0x1, 0xf789, 0x1ba5, 0x2ec9, 0xf911, 0x1,
	0xf911, 0x1, 0x2ecd, 0xf911, 0x1, 0xf911, 0x1, 0xf911, 0x1, 0xf911, 0x1, 0xf911, 0x1, 0xf911, 0x1, 0xf911,
	0x1, 0xf911, 0x1, 0x2ed1, 0x16eb, 0x16eb, 0x16eb, 0x16eb, 0x16eb, 0x16eb, 0x16eb, 0x16eb, 0x16eb, 0x16eb, 0x16eb, 0x16eb,
	0x16eb, 0x16eb, 0x16eb, 0x16eb, 0x16eb, 0x16eb, 0x16eb, 0x16eb, 0x1752, 0x1b64, 0x1b70, 0x1ced, 0xf911, 0x1, 0x1, 0x1ce3,
	0x2ed5, 0x1, 0x1, 0x1, 0x1, 0x1, 0x1, 0xfe12, 0x1, 0x1, 0x1, 0x1, 0x1, 0x1, 0x1, 0x1,
	0x1, 0x1, 0x1, 0x1, 0x1, 0x1, 0x1, 0x1, 0x1, 0x1, 0x1, 0x1, 0x1, 0x1, 0x1, 0x1,
	0x1, 0x1, 0x1, 0x1, 0x1, 0x1, 0x1, 0x1, 0x1, 0x1, 0x1, 0x1, 0x1, 0xfe12, 0x16eb, 0x16eb,
	0x16eb, 0x1, 0x1, 0x1, 0x1, 0x1, 0x1, 0x1, 0x1, 0x1, 0x1, 0x16eb, 0x16eb, 0x16eb, 0x16eb, 0x16eb,
	0x16eb, 0x1, 0x1, 0x1, 0x1, 0x1, 0x1, 0x1, 0x1, 0x1, 0x1, 0x1, 0x1, 0x1, 0x1, 0x1,
	0x1, 0x1, 0x1, 0x1, 0x1, 0x1, 0x1, 0x1, 0x1, 0x1, 0x1, 0x1, 0x1, 0x1, 0x1, 0x1,
	0x1, 0x1, 0x1, 0x1, 0x1, 0x1, 0x1, 0x1, 0x1, 0x1, 0x1, 0x1, 0x1, 0x1, 0x1, 0x1,
	0x1, 0x1, 0x1, 0x1, 0x1, 0x1, 0x1, 0x1, 0x1, 0x16eb, 0x16eb, 0x16eb, 0x16eb, 0x16eb, 0x16eb, 0x16eb,
	0x16eb, 0x1, 0x1, 0x1, 0x1, 0xfe12, 0x1, 0x16eb, 0x16eb, 0x16eb, 0x16eb, 0x16eb, 0x16eb, 0x16eb, 0x16eb, 0x1,
	0x1, 0x1, 0x1, 0x1, 0x1, 0x1, 0x1, 0x1, 0x1, 0x1, 0x1, 0x16eb, 0x16eb, 0x16eb, 0x16eb, 0x16eb,
	0x16eb, 0xffcc, 0xffcc, 0xffcc, 0xffcc, 0xffcc, 0xffcc, 0xffcc, 0xffcc, 0xffcc, 0xffcc, 0xffcc, 0xffcc, 0xffcc, 0xffcc, 0xffcc,
	0xffcc, 0xffcc, 0xffcc, 0x1, 0x1, 0x1, 0x1, 0x1, 0x1, 0x1, 0x1, 0x1, 0x1, 0x1, 0x1, 0x1,
	0x1, 0x1, 0x1, 0x1, 0x1, 0x1, 0x1, 0x1, 0x1, 0x1, 0x1, 0x1, 0x1, 0x1, 0x1, 0x1,
	0x1, 0x1, 0x1, 0x1, 0x1, 0x1, 0x1, 0x1, 0x1, 0x1, 0x1, 0x1, 0x1, 0x1, 0xffb8, 0xffb8,
	0xffb8, 0x1, 0x1, 0x1, 0x1, 0x1, 0x1, 0x1, 0x1, 0x1, 0x1, 0x1, 0x1, 0x1, 0x1, 0x1,
	0x1, 0x1, 0x1, 0x1, 0xfe12, 0x16eb, 0x16eb, 0x16eb, 0x16eb, 0x16eb, 0x16eb, 0x16eb, 0x16eb, 0x16eb, 0x16eb, 0x16eb,
	0x1, 0x1, 0x1, 0x1, 0x1, 0x1, 0x1, 0x1, 0x1, 0x1, 0x1, 0x1, 0x1, 0x1, 0x1, 0x1,
	0x1, 0x1, 0x1, 0x1, 0x1, 0x1, 0x1, 0x1, 0x1, 0x1, 0x1, 0x1, 0x1, 0x1, 0x16eb, 0x16eb,
	0x16eb, 0x1, 0x1, 0x1, 0x1, 0x1, 0x1, 0x1, 0x1, 0x1, 0x1, 0x1, 0x1, 0x1, 0x1, 0x1,
	0x1, 0x1, 0x1, 0x1, 0x1, 0x1, 0x1, 0x1, 0x1, 0x1, 0x1, 0x1, 0x1, 0x1, 0x1, 0x1,
	0x1, 0x1, 0x1, 0x1, 0x1, 0x1, 0x1, 0x1, 0x1, 0x1, 0x1, 0x1, 0x1, 0x1, 0x1, 0x1,
	0x1, 0x1, 0x1, 0x1, 0xfe0e, 0x1, 0x1, 0x1, 0x1, 0x1, 0x1, 0x1, 0x1, 0x1, 0x1, 0x1,
	0x1, 0xfe12, 0x1, 0x1, 0x1, 0x1, 0x1, 0x1, 0x1, 0x1, 0x1, 0x1, 0x1, 0x1, 0x1, 0x16eb,
	0x1, 0x1, 0x1, 0x1, 0x1, 0x1, 0x1, 0x1, 0x1, 0x1, 0x1, 0x16eb, 0x16eb, 0x16eb, 0x16eb, 0x1,
	0x1, 0x1, 0x1, 0x1, 0x1, 0x1, 0x1, 0x1, 0x1, 0x1, 0x1, 0x1, 0x1, 0x1, 0x1, 0x1,
	0x1, 0x1, 0x1, 0x1, 0x1, 0x1, 0x1, 0x1, 0x1, 0x1, 0x1, 0x1, 0x1, 0x1, 0x1, 0x1,
	0x16eb, 0x1, 0x1, 0x1, 0x1, 0x1, 0x1, 0x1, 0x1, 0x1, 0x1, 0x1, 0x1, 0x1, 0x1, 0x1,
	0x1, 0x1, 0x1, 0x1, 0x1, 0x1, 0x1, 0x1, 0x1, 0x1, 0x1, 0x1, 0x1, 0x1, 0x1, 0x1,
	0x1, 0x1, 0x1, 0x1, 0x1, 0x1, 0x1, 0x1, 0x1, 0x1, 0x1, 0x1, 0x1, 0x1, 0x1, 0x1,
	0x1, 0x1, 0x1, 0x1, 0x1, 0x1, 0x1, 0x1, 0x16eb, 0x16eb, 0x16eb, 0x16eb, 0x16eb, 0x16eb, 0x16eb, 0x16eb,
	0x16eb, 0x1, 0x1, 0x1, 0x1, 0x1, 0x1, 0x1, 0x1, 0x1, 0x1, 0x1, 0x1, 0x1, 0x1, 0x16eb,
	0x16eb, 0x1, 0x1, 0x1, 0x1, 0x1, 0x1, 0x1, 0x1, 0x1, 0x1, 0x16eb, 0x16eb, 0x1, 0x1, 0x1,
	0x1, 0x1, 0x1, 0x1, 0x1, 0x1, 0x1, 0x1, 0x1, 0x1, 0x1, 0x1, 0x1, 0x1, 0x1, 0x1,
	0x1, 0x1, 0x1, 0x1, 0x1, 0x1, 0x1, 0x1, 0x1, 0x1, 0x1, 0x1, 0x1, 0x1, 0x1, 0x1,
	0x1, 0x1, 0x1, 0x1, 0x1, 0x1, 0x1, 0x1, 0x1, 0x1, 0x1, 0x1, 0x1, 0xffcc, 0x1, 0xffcc,
	0xffcc, 0xffb8, 0x1, 0x1, 0xffcc, 0xffcc, 0x1, 0x1, 0x1, 0x1, 0x1, 0xffcc, 0xffcc, 0x1, 0xffcc, 0x1,
	0x16eb, 0x16eb, 0x16eb, 0x16eb, 0x16eb, 0x16eb, 0x16eb, 0x16eb, 0x16eb, 0x16eb, 0x16eb, 0x16eb, 0x16eb, 0x16eb, 0x16eb, 0x16eb,
	0x16eb, 0x16eb, 0x16eb, 0x16eb, 0x16eb, 0x16eb, 0x16eb, 0x16eb, 0x1, 0x1, 0x1, 0x1, 0x1, 0x1, 0x1, 0x1,
	0x1, 0x1, 0x1, 0x1, 0x1, 0x1, 0x1, 0x1, 0x1, 0x1, 0x1, 0x1, 0x1, 0x1, 0x1, 0x1,
	0x1, 0x1, 0x1, 0xfe12, 0x16eb, 0x16eb, 0x16eb, 0x16eb, 0x16eb, 0x16eb, 0x16eb, 0x16eb, 0x16eb, 0x1, 0x1, 0x1,
	0x1, 0x1, 0x1, 0x16eb, 0x16eb, 0x1, 0x1, 0x1, 0x1, 0x1, 0x1, 0x16eb, 0x16eb, 0x1, 0x1, 0x1,
	0x1, 0x1, 0x1, 0x16eb, 0x16eb, 0x16eb, 0x16eb, 0x16eb, 0x16eb, 0x16eb, 0x16eb, 0x16eb, 0x1, 0x1, 0x1, 0x1,
	0x1, 0x1, 0x1, 0x16eb, 0x1, 0x1, 0x1, 0x1, 0x1, 0x1, 0x1, 0x16eb, 0x1, 0x1, 0x1, 0x1,
	0x1, 0x1, 0x1, 0x1, 0x1, 0x1, 0x1, 0x1, 0x1, 0x1, 0x1, 0x1, 0x1, 0x1, 0x1, 0x1,
	0x1, 0x1, 0x1, 0x1, 0x1, 0x1, 0x1, 0x1, 0x2ed9, 0xf7d9, 0x2003, 0xf8a1, 0x1, 0x1, 0x1, 0x1,
	0x1, 0x1, 0x1, 0x1, 0x1, 0x2edd, 0x1, 0x1, 0x16eb, 0x16eb, 0x16eb, 0x16eb, 0x2ee1, 0x2ee5, 0x2ee9, 0x2eed,
	0x2ef1, 0x2ef5, 0x2ef9, 0x2efd, 0x2f01, 0x2f05, 0x2f09, 0x2f0d, 0x2f11, 0x2f15, 0x2f19, 0x2f1d, 0x2f21, 0x2f25, 0x2f29, 0x2f2d,
	0x2f31, 0x2f35, 0x2f39, 0x2f3d, 0x2f41, 0x2f45, 0x2f49, 0x2f4d, 0x2f51, 0x2f55, 0x2f59, 0x2f5d, 0x2f61, 0x2f65, 0x2f69, 0x2f6d,
	0x2f71, 0x2f75, 0x2f79, 0x2f7d, 0x2f81, 0x2f85, 0x2f89, 0x2f8d, 0x2f91, 0x2f95, 0x2f99, 0x2f9d, 0x2fa1, 0x2fa5, 0x2fa9, 0x2fad,
	0x2fb1, 0x2fb5, 0x2fb9, 0x2fbd, 0x2fc1, 0x2fc5, 0x2fc9, 0x2fcd, 0x2fd1, 0x2fd5, 0x2fd9, 0x2fdd, 0x2fe1, 0x2fe5, 0x2fe9, 0x2fed,
	0x2ff1, 0x2ff5, 0x2ff9, 0x2ffd, 0x3001, 0x3005, 0x3009, 0x300d, 0x3011, 0x3015, 0x3019, 0x301d, 0x1, 0x1, 0x1, 0x1,
	0x1, 0x1, 0x1, 0x1, 0x1, 0x1, 0x1, 0x1, 0x1, 0x1, 0x1, 0x1, 0x1, 0x1, 0x1, 0x1,
	0x1, 0x1, 0x1, 0x1, 0x1, 0x1, 0x1, 0x1, 0x1, 0x1, 0x1, 0x1, 0x1, 0x1, 0x1, 0x1,
	0x1, 0x1, 0x1, 0x1, 0x1, 0x1, 0x1, 0x1, 0x1, 0xfe12, 0x16eb, 0x16eb, 0x1, 0x1, 0x1, 0x1,
	0x1, 0x1, 0x1, 0x1, 0x1, 0x1, 0x16eb, 0x16eb, 0x16eb, 0x16eb, 0x16eb, 0x16eb, 0x6d8, 0x9a1, 0x9a1, 0x9a1,
	0x9a1, 0x9a1, 0x9a1, 0x9a1, 0x9a1, 0x9a1, 0x9a1, 0x9a1, 0x9a1, 0x9a1, 0x9a1, 0x9a1, 0x9a1, 0x9a1, 0x9a1, 0x9a1,
	0x9a1, 0x9a1, 0x9a1, 0x9a1, 0x9a1, 0x9a1, 0x9a1, 0x9a1, 0x6d8, 0x9a1, 0x9a1, 0x9a1, 0x9a1, 0x9a1, 0x9a1, 0x9a1,
	0x9a1, 0x9a1, 0x9a1, 0x9a1, 0x9a1, 0x9a1, 0x9a1, 0x9a1, 0x9a1, 0x9a1, 0x9a1, 0x9a1, 0x9a1, 0x9a1, 0x9a1, 0x9a1,
	0x9a1, 0x9a1, 0x9a1, 0x9a1, 0x6d8, 0x9a1, 0x9a1, 0x9a1, 0x9a1, 0x9a1, 0x9a1, 0x9a1, 0x9a1, 0x9a1, 0x9a1, 0x9a1,
	0x9a1, 0x9a1, 0x9a1, 0x9a1, 0x9a1, 0x9a1, 0x9a1, 0x9a1, 0x9a1, 0x9a1, 0x9a1, 0x9a1, 0x9a1, 0x9a1, 0x9a1, 0x9a1,
	0x6d8, 0x9a1, 0x9a1, 0x9a1, 0x9a1, 0x9a1, 0x9a1, 0x9a1, 0x9a1, 0x9a1, 0x9a1, 0x9a1, 0x9a1, 0x9a1, 0x9a1, 0x9a1,
	0x9a1, 0x9a1, 0x9a1, 0x9a1, 0x9a1, 0x9a1, 0x9a1, 0x9a1, 0x9a1, 0x9a1, 0x9a1, 0x9a1, 0x16eb, 0x16eb, 0x16eb, 0x16eb,
	0x16eb, 0x16eb, 0x16eb, 0x16eb, 0x16eb, 0x16eb, 0x16eb, 0x16eb, 0x1, 0x1, 0x1, 0x1, 0x1, 0x1, 0x1, 0x1,
	0x1, 0x1, 0x1, 0x1, 0x1, 0x1, 0x1, 0x1, 0x16eb, 0x16eb, 0x16eb, 0x16eb, 0x1, 0x1, 0x1, 0x1,
	0x1, 0x1, 0x1, 0x1, 0x1, 0x1, 0x1, 0x1, 0x1, 0x1, 0x1, 0x1, 0x1, 0x1, 0x1, 0x1,
	0x1, 0x1, 0x1, 0x1, 0x1, 0x1, 0x1, 0x1, 0x1, 0x1, 0x1, 0x1, 0x1, 0x1, 0x1, 0x1,
	0x1, 0x1, 0x1, 0x1, 0x1, 0x1, 0x1, 0x1, 0x1, 0x1, 0x1, 0x1, 0x1, 0x16eb, 0x16eb, 0x16eb,
	0x16eb, 0x5608, 0x5608, 0x5608, 0x5608, 0x5608, 0x5608, 0x5608, 0x5608, 0x16eb, 0x16eb, 0x16eb, 0x16eb, 0x1, 0x16eb, 0x1,
	0x1, 0x16eb, 0x16eb, 0x16eb, 0x16eb, 0x16eb, 0x16eb, 0x16eb, 0x16eb, 0x5608, 0x16eb, 0x5608, 0x5608, 0x1, 0x1, 0x1,
	0x1, 0x1, 0x1, 0x1, 0x16eb, 0x16eb, 0x16eb, 0x16eb, 0x16eb, 0x16eb, 0x16eb, 0x16eb, 0x16eb, 0x16eb, 0x16eb, 0x16eb,
	0x5608, 0x16eb, 0x16eb, 0x16eb, 0x1cec, 0x5608, 0x4312, 0x16eb, 0x16eb, 0x5608, 0x5608, 0x5608, 0x4396, 0x5548, 0x16eb, 0x1c99,
	0x16eb, 0x1, 0x1, 0x1, 0x1, 0x1, 0x1, 0x1, 0x1, 0x1, 0x1, 0x1, 0x1, 0x1, 0x1, 0x1,
	0x1, 0x1, 0x1, 0x1, 0x1, 0x1, 0x1, 0x1, 0x1, 0x1, 0x1, 0x1, 0x1, 0x1, 0x1, 0x1,
	0x1, 0x1, 0x1, 0x1, 0x1, 0x1, 0x1, 0x1, 0x1, 0x1, 0x16eb, 0x1, 0x1, 0x1, 0x1, 0x16eb,
	0x1, 0x1, 0x1, 0x1, 0x16eb, 0x1, 0x1, 0x1, 0x1, 0x1, 0x1, 0x16eb, 0x16eb, 0x16eb, 0x16eb, 0x4d01,
	0x16eb, 0x1, 0x1, 0x1, 0x1, 0x16eb, 0x1, 0x1, 0x1, 0x1, 0x1, 0x1, 0x1, 0x1, 0x16eb, 0x16eb,
	0x16eb, 0x16eb, 0x16eb, 0x16eb, 0x16eb, 0x16eb, 0x16eb, 0x16eb, 0x16eb, 0x16eb, 0x16eb, 0x16eb, 0x16eb, 0x16eb, 0x16eb, 0x16eb,
	0x16eb, 0x16eb, 0x16eb, 0x16eb, 0x16eb, 0x16eb, 0x16eb, 0x16eb, 0x16eb, 0x16eb, 0x16eb, 0x16eb, 0x16eb, 0x16eb, 0x16eb, 0x16eb,
	0x16eb, 0x16eb, 0x16eb, 0x16eb, 0x16eb, 0x16eb, 0x16eb, 0x16eb, 0x16eb, 0x16eb, 0x16eb, 0x16eb, 0x16eb, 0x16eb, 0x16eb, 0x16eb,
	0x16eb, 0x16eb, 0x16eb, 0x16eb, 0x16eb, 0x16eb, 0x16eb, 0x16eb, 0x16eb, 0x16eb, 0x16eb, 0x16eb, 0x16eb, 0x16eb, 0x5606, 0x16eb,
	0x16eb, 0x16eb, 0x16eb, 0x16eb, 0x16eb, 0x16eb, 0x16eb, 0x16eb, 0x16eb, 0x16eb, 0x16eb, 0x16eb, 0x16eb, 0x16eb, 0x16eb, 0x16eb,
	0x16eb, 0x16eb, 0x16eb, 0x16eb, 0x16eb, 0x16eb, 0x16eb, 0x16eb, 0x16eb, 0x16eb, 0x16eb, 0x16eb, 0x16eb, 0x16eb, 0x16eb, 0x16eb,
	0x16eb, 0x16eb, 0x16eb, 0x16eb, 0x16eb, 0x16eb, 0x16eb, 0x16eb, 0x16eb, 0x16eb, 0x16eb, 0x16eb, 0x16eb, 0x16eb, 0x16eb, 0x16eb,
	0x16eb, 0x16eb, 0x16eb, 0x16eb, 0x16eb, 0x16eb, 0x16eb, 0x16eb, 0x16eb, 0x16eb, 0x16eb, 0x16eb, 0x16eb, 0x16eb, 0x3021, 0x3025,
	0x2297, 0x3029, 0x302d, 0x3031, 0x3035, 0x236f, 0x236f, 0x3039, 0x22b7, 0x303d, 0x3041, 0x3045, 0x3049, 0x304d, 0x3051, 0x3055,
	0x3059, 0x305d, 0x3061, 0x3065, 0x3069, 0x306d, 0x3071, 0x3075, 0x3079, 0x307d, 0x3081, 0x3085, 0x3089, 0x308d, 0x3091, 0x3095,
	0x3099, 0x309d, 0x30a1, 0x30a5, 0x30a9, 0x30ad, 0x30b1, 0x30b5, 0x30b9, 0x30bd, 0x30c1, 0x30c5, 0x30c9, 0x30cd, 0x30d1, 0x30d5,
	0x30d9, 0x30dd, 0x220f, 0x30e1, 0x30e5, 0x30e9, 0x30ed, 0x30f1, 0x30f5, 0x30f9, 0x30fd, 0x3101, 0x3105, 0x3109, 0x2333, 0x310d,
	0x3111, 0x3115, 0x3119, 0x311d, 0x3121, 0x3125, 0x3129, 0x312d, 0x3131, 0x3135, 0x3139, 0x313d, 0x3141, 0x3145, 0x3149, 0x314d,
	0x3151, 0x3155, 0x3159, 0x315d, 0x3161, 0x3165, 0x3169, 0x316d, 0x3171, 0x3175, 0x3061, 0x3179, 0x317d, 0x3181, 0x3185, 0x3189,
	0x318d, 0x3191, 0x3195, 0x3199, 0x319d, 0x31a1, 0x31a5, 0x31a9, 0x31ad, 0x31b1, 0x31b5, 0x31b9, 0x31bd, 0x31c1, 0x31c5, 0x229f,
	0x31c9, 0x31cd, 0x31d1, 0x31d5, 0x31d9, 0x31dd, 0x31e1, 0x31e5, 0x31e9, 0x31ed, 0x31f1, 0x31f5, 0x31f9, 0x31fd, 0x3201, 0x20b3,
	0x3205, 0x3209, 0x320d, 0x3211, 0x3215, 0x3219, 0x321d, 0x3221, 0x2067, 0x3225, 0x3229, 0x322d, 0x3231, 0x3235, 0x3239, 0x323d,
	0x3241, 0x3245, 0x3249, 0x324d, 0x3251, 0x3255, 0x3259, 0x325d, 0x3261, 0x3265, 0x3269, 0x326d, 0x3271, 0x3275, 0x3279, 0x31c1,
	0x327d, 0x3281, 0x3285, 0x3289, 0x328d, 0x3291, 0x3295, 0x3299, 0x3181, 0x329d, 0x32a1, 0x32a5, 0x32a9, 0x32ad, 0x32b1, 0x32b5,
	0x32b9, 0x32bd, 0x32c1, 0x32c5, 0x32c9, 0x32cd, 0x32d1, 0x32d5, 0x32d9, 0x32dd, 0x32e1, 0x32e5, 0x32e9, 0x3061, 0x32ed, 0x32f1,
	0x32f5, 0x32f9, 0x236b, 0x32fd, 0x3301, 0x3305, 0x3309, 0x330d, 0x3311, 0x3315, 0x3319, 0x331d, 0x3321, 0x3325, 0x3329, 0x26c1,
	0x332d, 0x3331, 0x3335, 0x3339, 0x333d, 0x3341, 0x3345, 0x3349, 0x334d, 0x3189, 0x3351, 0x3355, 0x3359, 0x335d, 0x3361, 0x3365,
	0x3369, 0x336d, 0x3371, 0x3375, 0x3379, 0x337d, 0x3381, 0x22b3, 0x3385, 0x3389, 0x338d, 0x3391, 0x3395, 0x3399, 0x339d, 0x33a1,
	0x33a5, 0x33a9, 0x33ad, 0x33b1, 0x33b5, 0x21ef, 0x33b9, 0x33bd, 0x33c1, 0x33c5, 0x33c9, 0x33cd, 0x33d1, 0x33d5, 0x33d9, 0x33dd,
	0x33e1, 0x33e5, 0x33e9, 0x33ed, 0x33f1, 0x33f5, 0x225b, 0x33f9, 0x2267, 0x33fd, 0x3401, 0x3405, 0x1, 0x1, 0x3409, 0x1,
	0x340d, 0x1, 0x1, 0x3411, 0x3415, 0x3419, 0x341d, 0x3421, 0x3425, 0x3429, 0x342d, 0x3431, 0x220b, 0x1, 0x3435, 0x1,
	0x3439, 0x1, 0x1, 0x343d, 0x3441, 0x1, 0x1, 0x1, 0x3445, 0x3449, 0x344d, 0x3451, 0x3455, 0x3459, 0x345d, 0x3461,
	0x3465, 0x3469, 0x346d, 0x3471, 0x3475, 0x3479, 0x347d, 0x3481, 0x3485, 0x3489, 0x20cf, 0x348d, 0x3491, 0x3495, 0x3499, 0x349d,
	0x34a1, 0x34a5, 0x34a9, 0x34ad, 0x34b1, 0x34b5, 0x34b9, 0x34bd, 0x34c1, 0x34c5, 0x26d5, 0x34c9, 0x34cd, 0x34d1, 0x34d5, 0x26e5,
	0x34d9, 0x34dd, 0x34e1, 0x34e5, 0x34e9, 0x3251, 0x34ed, 0x34f1, 0x34f5, 0x34f9, 0x34fd, 0x3501, 0x3501, 0x3505, 0x3509, 0x350d,
	0x3511, 0x3515, 0x3519, 0x351d, 0x3521, 0x343d, 0x3525, 0x3529, 0x352d, 0x3531, 0x3535, 0x353b, 0x16eb, 0x16eb, 0x353f, 0x3543,
	0x3547, 0x354b, 0x354f, 0x3553, 0x3557, 0x355b, 0x3475, 0x355f, 0x3563, 0x3567, 0x3409, 0x356b, 0x356f, 0x3573, 0x3577, 0x357b,
	0x357f, 0x3583, 0x3587, 0x358b, 0x358f, 0x3593, 0x3597, 0x3495, 0x359b, 0x3499, 0x359f, 0x35a3, 0x35a7, 0x35ab, 0x35af, 0x340d,
	0x30b5, 0x35b3, 0x35b7, 0x2153, 0x31c5, 0x3311, 0x35bb, 0x35bf, 0x34b5, 0x35c3, 0x34b9, 0x35c7, 0x35cb, 0x35cf, 0x3415, 0x35d3,
	0x35d7, 0x35db, 0x35df, 0x35e3, 0x3419, 0x35e7, 0x35eb, 0x35ef, 0x35f3, 0x35f7, 0x35fb, 0x34e9, 0x35ff, 0x3603, 0x3251, 0x3607,
	0x34f9, 0x360b, 0x360f, 0x3613, 0x3617, 0x361b, 0x350d, 0x361f, 0x3439, 0x3623, 0x3511, 0x3179, 0x3627, 0x3515, 0x362b, 0x351d,
	0x362f, 0x3633, 0x3637, 0x363b, 0x363f, 0x3525, 0x342d, 0x3643, 0x3529, 0x3647, 0x352d, 0x364b, 0x236f, 0x364f, 0x3655, 0x365b,
	0x3661, 0x3665, 0x3669, 0x366d, 0x3673, 0x3679, 0x367f, 0x3683, 0x16eb, 0x16eb, 0x16eb, 0x16eb, 0x16eb, 0x16eb, 0x16eb, 0x16eb,
	0x16eb, 0x16eb, 0x16eb, 0x16eb, 0x16eb, 0x16eb, 0x16eb, 0x16eb, 0x16eb, 0x16eb, 0x16eb, 0x16eb, 0x16eb, 0x16eb, 0x16eb, 0x16eb,
	0x16eb, 0x16eb, 0x16eb, 0x16eb, 0x16eb, 0x16eb, 0x16eb, 0x16eb, 0x16eb, 0x16eb, 0x16eb, 0x16eb, 0x16eb, 0x16eb, 0x3686, 0x368c,
	0x3692, 0x3698, 0x36a0, 0x36a8, 0x36a8, 0x16eb, 0x16eb, 0x16eb, 0x16eb, 0x16eb, 0x16eb, 0x16eb, 0x16eb, 0x16eb, 0x16eb, 0x16eb,
	0x16eb, 0x36af, 0x36b5, 0x36bb, 0x36c1, 0x36c7, 0x16eb, 0x16eb, 0x16eb, 0x16eb, 0x16eb, 0x36cc, 0xfe34, 0x36d2, 0x36d9, 0x1d09,
	0x1d15, 0x36dd, 0x36e1, 0x36e5, 0x36e9, 0x36ed, 0x36f1, 0x1c9d, 0x36f4, 0x36fa, 0x3700, 0x3708, 0x3710, 0x3716, 0x371c, 0x3722,
	0x3728, 0x372e, 0x3734, 0x373a, 0x3740, 0x16eb, 0x3746, 0x374c, 0x3752, 0x3758, 0x375e, 0x16eb, 0x3764, 0x16eb, 0x376a, 0x3770,
	0x16eb, 0x3776, 0x377c, 0x16eb, 0x3782, 0x3788, 0x378e, 0x3794, 0x379a, 0x37a0, 0x37a6, 0x37ac, 0x37b2, 0x37b9, 0x37bf, 0x37bf,
	0x37c3, 0x37c3, 0x37c3, 0x37c3, 0x37c7, 0x37c7, 0x37c7, 0x37c7, 0x37cb, 0x37cb, 0x37cb, 0x37cb, 0x37cf, 0x37cf, 0x37cf, 0x37cf,
	0x37d3, 0x37d3, 0x37d3, 0x37d3, 0x37d7, 0x37d7, 0x37d7, 0x37d7, 0x37db, 0x37db, 0x37db, 0x37db, 0x37df, 0x37df, 0x37df, 0x37df,
	0x37e3, 0x37e3, 0x37e3, 0x37e3, 0x37e7, 0x37e7, 0x37e7, 0x37e7, 0x37eb, 0x37eb, 0x37eb, 0x37eb, 0x37ef, 0x37ef, 0x37f3, 0x37f3,
	0x37f7, 0x37f7, 0x37fb, 0x37fb, 0x37ff, 0x37ff, 0x3803, 0x3803, 0x3807, 0x3807, 0x380b, 0x380b, 0x380b, 0x380b, 0x380f, 0x380f,
	0x380f, 0x380f, 0x3813, 0x3813, 0x3813, 0x3813, 0x3817, 0x3817, 0x3817, 0x3817, 0x381b, 0x381b, 0x381f, 0x381f, 0x381f, 0x381f,
	0x543c, 0x543c, 0x3822, 0x3822, 0x3822, 0x3822, 0x3827, 0x3827, 0x3827, 0x3827, 0x382a, 0x382a, 0x5444, 0x5444, 0x1, 0x1,
	0x1, 0x1, 0x1, 0x1, 0x1, 0x1, 0x1, 0x1, 0x1, 0x1, 0x1, 0x1, 0x1, 0x1, 0x1, 0x1,
	0x1, 0x382f, 0x382f, 0x382f, 0x382f, 0x3833, 0x3833, 0x3837, 0x3837, 0x383b, 0x383b, 0x1887, 0x383f, 0x383f, 0x3843, 0x3843,
	0x3847, 0x3847, 0x384b, 0x384b, 0x384b, 0x384b, 0x384f, 0x384f, 0x544c, 0x544c, 0x5456, 0x5456, 0x5460, 0x5460, 0x546b, 0x546b,
	0x5475, 0x5475, 0x547f, 0x547f, 0x5489, 0x5489, 0x5489, 0x5493, 0x5493, 0x5493, 0x3853, 0x3853, 0x3853, 0x3853, 0x549d, 0x54a7,
	0x54b1, 0x5493, 0x54ba, 0x3857, 0x385d, 0x3863, 0x3869, 0x386f, 0x3874, 0x387b, 0x3881, 0x3887, 0x388d, 0x3893, 0x3898, 0x389f,
	0x38a5, 0x38ab, 0x38b0, 0x38b7, 0x38bd, 0x38c3, 0x38c9, 0x38cf, 0x38d5, 0x38db, 0x38e1, 0x38e7, 0x38ed, 0x38f3, 0x38f9, 0x38ff,
	0x3905, 0x390b, 0x3911, 0x3917, 0x391d, 0x3923, 0x3929, 0x392f, 0x3935, 0x393b, 0x3941, 0x3947, 0x394d, 0x3953, 0x3959, 0x395f,
	0x3964, 0x396b, 0x3971, 0x3977, 0x397c, 0x3982, 0x3989, 0x398f, 0x3995, 0x399b, 0x39a1, 0x39a7, 0x39ac, 0x39b3, 0x39b9, 0x39bf,
	0x39c5, 0x39cb, 0x39d0, 0x39d7, 0x39dd, 0x39e3, 0x39e9, 0x39ef, 0x39f4, 0x39fb, 0x3a01, 0x3a07, 0x3a0d, 0x3a13, 0x3a18, 0x3a1f,
	0x3a25, 0x3a2b, 0x3a30, 0x3a37, 0x3a3d, 0x3a43, 0x3a49, 0x3a4f, 0x3a54, 0x3a5a, 0x3a60, 0x3a66, 0x3a6c, 0x3a74, 0x3a7c, 0x3a84,
	0x3a8c, 0x3a94, 0x54c5, 0x54cf, 0x54b1, 0x54d9, 0x5493, 0x54ba, 0x3a9d, 0x3aa3, 0x3869, 0x3aa9, 0x386f, 0x3874, 0x3aaf, 0x3ab5,
	0x388d, 0x3abb, 0x3893, 0x3898, 0x3ac1, 0x3ac7, 0x38a5, 0x3acd, 0x38ab, 0x38b0, 0x395f, 0x3964, 0x3977, 0x397c, 0x3982, 0x399b,
	0x39a1, 0x39a7, 0x39ac, 0x39c5, 0x39cb, 0x39d0, 0x3ad2, 0x39e9, 0x3ad9, 0x3adf, 0x3a0d, 0x3ae5, 0x3a13, 0x3a18, 0x3a66, 0x3aeb,
	0x3af1, 0x3a49, 0x3af7, 0x3a4f, 0x3a54, 0x549d, 0x54a7, 0x54e3, 0x54b1, 0x54ed, 0x3857, 0x385d, 0x3863, 0x3869, 0x3afd, 0x387b,
	0x3881, 0x3887, 0x388d, 0x3b03, 0x38a5, 0x38b7, 0x38bd, 0x38c3, 0x38c9, 0x38cf, 0x38db, 0x38e1, 0x38e7, 0x38ed, 0x38f3, 0x38f9,
	0x3b09, 0x38ff, 0x3905, 0x390b, 0x3911, 0x3917, 0x391d, 0x3929, 0x392f, 0x3935, 0x393b, 0x3941, 0x3947, 0x394d, 0x3953, 0x3959,
	0x396b, 0x3971, 0x3989, 0x398f, 0x3995, 0x399b, 0x39a1, 0x39b3, 0x39b9, 0x39bf, 0x39c5, 0x3b0f, 0x39d7, 0x39dd, 0x39e3, 0x39e9,
	0x39fb, 0x3a01, 0x3a07, 0x3a0d, 0x3b15, 0x3a1f, 0x3a25, 0x3b1a, 0x3a37, 0x3a3d, 0x3a43, 0x3a49, 0x3b21, 0x54b1, 0x54ed, 0x3869,
	0x3afd, 0x388d, 0x3b03, 0x38a5, 0x3b27, 0x38f3, 0x3b2d, 0x3b33, 0x3b39, 0x399b, 0x39a1, 0x39c5, 0x3a0d, 0x3b15, 0x3a49, 0x3b21,
	0x3b3e, 0x3b46, 0x3b4e, 0x3b57, 0x3b5c, 0x3b63, 0x3b68, 0x3b6f, 0x3b74, 0x3b7b, 0x3b80, 0x3b87, 0x3b8c, 0x3b93, 0x3b98, 0x3b9f,
	0x3ba4, 0x3bab, 0x3bb0, 0x3bb7, 0x3bbc, 0x3bc3, 0x3bc8, 0x3bcf, 0x3bd5, 0x3bdb, 0x3b33, 0x3be1, 0x3be7, 0x3bed, 0x3bf3, 0x3b57,
	0x3b5c, 0x3b63, 0x3b68, 0x3b6f, 0x3b74, 0x3b7b, 0x3b80, 0x3b87, 0x3b8c, 0x3b93, 0x3b98, 0x3b9f, 0x3ba4, 0x3bab, 0x3bb0, 0x3bb7,
	0x3bbc, 0x3bc3, 0x3bc8, 0x3bcf, 0x3bd5, 0x3bdb, 0x3b33, 0x3be1, 0x3be7, 0x3bed, 0x3bf3, 0x3bcf, 0x3bd5, 0x3bdb, 0x3b33, 0x3b2d,
	0x3b39, 0x3923, 0x38e1, 0x38e7, 0x38ed, 0x3bcf, 0x3bd5, 0x3bdb, 0x3923, 0x3929, 0x3bf8, 0x3bf8, 0x1, 0x1, 0x1, 0x1,
	0x1, 0x1, 0x1, 0x1, 0x1, 0x1, 0x1, 0x1, 0x1, 0x1, 0x1, 0x1, 0x3bff, 0x3c07, 0x3c07, 0x3c0f,
	0x3c17, 0x3c1f, 0x3c27, 0x3c2f, 0x3c37, 0x3c37, 0x3c3e, 0x3c47, 0x3c4f, 0x3c57, 0x3c5f, 0x3c67, 0x3c67, 0x3c6f, 0x3c77, 0x3c77,
	0x3c7f, 0x3c7f, 0x3c87, 0x3c8f, 0x3c8f, 0x3c96, 0x3c9f, 0x3c9f, 0x3ca7, 0x3ca7, 0x3caf, 0x3cb7, 0x3cb7, 0x3cbf, 0x3cbf, 0x3cc7,
	0x3cce, 0x3cd7, 0x3cdf, 0x3cdf, 0x3ce7, 0x3cef, 0x3cf6, 0x3cff, 0x3d07, 0x3d07, 0x3d0f, 0x3d17, 0x3d1f, 0x3d26, 0x3d2f, 0x3d37,
	0x3d37, 0x3d3f, 0x3d3f, 0x3d47, 0x3d47, 0x3d4f, 0x3d57, 0x3d5e, 0x3d67, 0x3d6f, 0x3d77, 0x3d7f, 0x1, 0x1, 0x3d87, 0x3d8f,
	0x3d97, 0x3d9f, 0x3da7, 0x3daf, 0x3daf, 0x3db7, 0x3dbe, 0x3dc7, 0x3dcf, 0x3dcf, 0x3dd6, 0x3dde, 0x3de7, 0x3dee, 0x3df7, 0x3dfe,
	0x3e07, 0x3e0e, 0x3e17, 0x3e1f, 0x3e27, 0x3e2e, 0x3e36, 0x3e3e, 0x3e46, 0x3e4e, 0x3e56, 0x3e5e, 0x3e66, 0x3e6e, 0x3e76, 0x3e7e,
	0x3d0f, 0x3d1f, 0x3e86, 0x3e8e, 0x3e97, 0x3e9e, 0x3ea7, 0x3eaf, 0x3ea7, 0x3e97, 0x3eb6, 0x3ebe, 0x3ec6, 0x3ece, 0x3ed6, 0x3eaf,
	0x3cd7, 0x3c87, 0x3ede, 0x3ee6, 0x1, 0x1, 0x1, 0x1, 0x1, 0x1, 0x1, 0x1, 0x16eb, 0x16eb, 0x16eb, 0x16eb,
	0x16eb, 0x16eb, 0x16eb, 0x16eb, 0x16eb, 0x16eb, 0x16eb, 0x16eb, 0x16eb, 0x16eb, 0x16eb, 0x16eb, 0x16eb, 0x16eb, 0x16eb, 0x16eb,
	0x16eb, 0x16eb, 0x16eb, 0x16eb, 0x16eb, 0x16eb, 0x16eb, 0x16eb, 0x16eb, 0x16eb, 0x16eb, 0x16eb, 0x3eee, 0x3ef6, 0x3eff, 0x3f09,
	0x3f13, 0x3f1d, 0x3f27, 0x3f31, 0x3f3b, 0x3f45, 0x3f4d, 0x3f73, 0x3f85, 0x1, 0x1, 0x1, 0x5606, 0x5606, 0x5606, 0x5606,
	0x5606, 0x5606, 0x5606, 0x5606, 0x5606, 0x5606, 0x5606, 0x5606, 0x5606, 0x5606, 0x5606, 0x5606, 0x3f8f, 0x3f93, 0x16eb, 0x3f97,
	0x1831, 0x3f9b, 0x3f9f, 0x3fa3, 0x3fa7, 0x16eb, 0x16eb, 0x16eb, 0x16eb, 0x16eb, 0x16eb, 0x16eb, 0xffcc, 0xffcc, 0xffcc, 0xffcc,
	0xffcc, 0xffcc, 0xffcc, 0xffb8, 0xffb8, 0xffb8, 0xffb8, 0xffb8, 0xffb8, 0xffb8, 0xffcc, 0xffcc, 0x16eb, 0x3fab, 0x3faf, 0x3fb3,
	0x3fb3, 0x1ca9, 0x1cad, 0x3fb7, 0x3fbb, 0x3fbf, 0x3fc3, 0x3fc7, 0x3fcb, 0x3fcf, 0x3fd3, 0x1e0d, 0x1e11, 0x3fd7, 0x3fdb, 0x3fdf,
	0x3fe3, 0x1, 0x1, 0x3fe7, 0x3feb, 0x1c5e, 0x1c5e, 0x1c5e, 0x1c5e, 0x3fb3, 0x3fb3, 0x3fb3, 0x3f8f, 0x3f93, 0x16eb, 0x16eb,
	0x1831, 0x3f97, 0x3f9f, 0x3f9b, 0x3fab, 0x1ca9, 0x1cad, 0x3fb7, 0x3fbb, 0x3fbf, 0x3fc3, 0x3fef, 0x3ff3, 0x3ff7, 0x1c9d, 0x3ffb,
	0x3ffe, 0x4002, 0x1ca4, 0x16eb, 0x4007, 0x400b, 0x400f, 0x4013, 0x16eb, 0x16eb, 0x16eb, 0x16eb, 0x4016, 0x401c, 0x4022, 0x1,
	0x4028, 0x16eb, 0x402e, 0x4034, 0x403a, 0x4040, 0x4046, 0x404c, 0x4052, 0x4058, 0x405e, 0x4064, 0x406b, 0x54f6, 0x54f6, 0x54fe,
	0x54fe, 0x5506, 0x5506, 0x550e, 0x550e, 0x5516, 0x5516, 0x5516, 0x5516, 0x406e, 0x406e, 0x4073, 0x4073, 0x4073, 0x4073, 0x4077,
	0x4077, 0x407b, 0x407b, 0x407b, 0x407b, 0x407f, 0x407f, 0x407f, 0x407f, 0x4083, 0x4083, 0x4083, 0x4083, 0x4087, 0x4087, 0x4087,
	0x4087, 0x408b, 0x408b, 0x408b, 0x408b, 0x408f, 0x408f, 0x4093, 0x4093, 0x4097, 0x4097, 0x409b, 0x409b, 0x409f, 0x409f, 0x409f,
	0x409f, 0x40a3, 0x40a3, 0x40a3, 0x40a3, 0x40a7, 0x40a7, 0x40a7, 0x40a7, 0x40ab, 0x40ab, 0x40ab, 0x40af, 0x40af, 0x40af, 0x40af,
	0x40b3, 0x40b3, 0x40b3, 0x40b3, 0x40b7, 0x40b7, 0x40b7, 0x40b7, 0x40bb, 0x40bb, 0x40bb, 0x40bb, 0x40bf, 0x40bf, 0x40bf, 0x40bf,
	0x40c3, 0x40c3, 0x40c3, 0x40c3, 0x40c7, 0x40c7, 0x40c7, 0x40c7, 0x40cb, 0x40cb, 0x40cb, 0x40cb, 0x40cf, 0x40cf, 0x40cf, 0x40cf,
	0x40d3, 0x40d3, 0x40d3, 0x40d3, 0x40d7, 0x40d7, 0x40d7, 0x40d7, 0x40da, 0x40da, 0x384f, 0x384f, 0x40de, 0x40de, 0x40de, 0x40de,
	0x5522, 0x5522, 0x5530, 0x5530, 0x553e, 0x553e, 0x40e2, 0x40e2, 0x16eb, 0x16eb, 0x5606, 0x16eb, 0x3f9b, 0x40e9, 0x3fef, 0x400b,
	0x400f, 0x3ff3, 0x40ed, 0x1ca9, 0x1cad, 0x3ff7, 0x1c9d, 0x3f8f, 0x3ffb, 0x2377, 0x40f1, 0x1c81, 0x171b, 0x1703, 0x1707, 0x1c85,
	0x1c89, 0x1c8d, 0x1c91, 0x1c95, 0x1c99, 0x3f97, 0x1831, 0x3ffe, 0x1ca4, 0x4002, 0x3f9f, 0x4013, 0x16f8, 0x1afc, 0x1b64, 0x1b00,
	0x1b04, 0x1b70, 0x1b08, 0x17d8, 0x1b0c, 0x17e0, 0x1b10, 0x1814, 0x1b14, 0x1b18, 0x171e, 0x1b20, 0x1ced, 0x17e4, 0x1752, 0x1b24,
	0x1b28, 0x1b40, 0x17e8, 0x1818, 0x17ec, 0x1bb0, 0x3fe7, 0x4007, 0x3feb, 0x40f5, 0x3fb3, 0x1c27, 0x16f8, 0x1afc, 0x1b64, 0x1b00,
	0x1b04, 0x1b70, 0x1b08, 0x17d8, 0x1b0c, 0x17e0, 0x1b10, 0x1814, 0x1b14, 0x1b18, 0x171e, 0x1b20, 0x1ced, 0x17e4, 0x1752, 0x1b24,
	0x1b28, 0x1b40, 0x17e8, 0x1818, 0x17ec, 0x1bb0, 0x3fb7, 0x40f9, 0x3fbb, 0x40fd, 0x4101, 0x4105, 0x2377, 0x3fd7, 0x3fdb, 0x3f93,
	0x4109, 0x28b8, 0x410d, 0x4111, 0x4115, 0x4119, 0x411d, 0x4121, 0x4125, 0x4129, 0x412d, 0x4131, 0x2801, 0x2805, 0x2808, 0x280d,
	0x2811, 0x2814, 0x2818, 0x281c, 0x2820, 0x2824, 0x2828, 0x282c, 0x2830, 0x2834, 0x2838, 0x283c, 0x2840, 0x2844, 0x2848, 0x284c,
	0x2851, 0x2855, 0x2859, 0x285d, 0x2861, 0x2864, 0x2868, 0x286c, 0x2870, 0x2874, 0x2879, 0x287d, 0x2881, 0x2885, 0x2889, 0x288d,
	0x2891, 0x2895, 0x2899, 0x289d, 0x28a1, 0x28a5, 0x28a9, 0x28ac, 0x4135, 0x55fa, 0x5600, 0x5606, 0x239a, 0x239e, 0x5580, 0x23a2,
	0x5584, 0x5588, 0x23a6, 0x23aa, 0x23ae, 0x558c, 0x5590, 0x5594, 0x5598, 0x559c, 0x55a0, 0x23b3, 0x23b6, 0x23ba, 0x23be, 0x23c3,
	0x23c6, 0x23ca, 0x23ce, 0x23d2, 0x23d6, 0x23da, 0x23de, 0x23e2, 0x23e6, 0x23ea, 0xfaf9, 0xfaf1, 0xfae9, 0x55a4, 0x55a8, 0x55ac,
	0x55b0, 0x55b4, 0x55b8, 0xfab1, 0xfaa9, 0x55bc, 0x55c0, 0x55c4, 0x55c8, 0x55cc, 0x55d0, 0xfa71, 0xfa69, 0x55d4, 0x55d8, 0x55dc,
	0x55e0, 0x55e4, 0x55e8, 0xfa31, 0xfa29, 0x55ec, 0x55f0, 0x55f4, 0xfa09, 0xfa01, 0xf9f9, 0x4139, 0x413d, 0x4141, 0x16fc, 0x4145,
	0x4149, 0x414d, 0xf9b9, 0x4151, 0x4154, 0x4159, 0x415c, 0x4161, 0x4165, 0x4169, 0xf979, 0xf971, 0xf969, 0xf961, 0xf959, 0xf951,
	0xf949, 0xf941, 0xf939, 0xf931, 0xf929, 0xf921, 0xf919, 0xf911, 0x1, 0xf901, 0xf8f9, 0x1, 0x1, 0x1, 0x1, 0x1,
	0x1, 0x1, 0x1, 0x1, 0x1, 0x1, 0x1, 0xf891, 0x1, 0x1, 0x1, 0x1, 0x1, 0x1, 0x1, 0xf7b9,
	0x1, 0x1, 0x1, 0x1, 0x1, 0x1, 0x1, 0x1, 0x1, 0x1, 0x1, 0xf719, 0x1, 0x1, 0x16eb, 0x1,
	0x1, 0x1, 0x1, 0x1, 0x1, 0x1, 0x1, 0x1, 0x1, 0x1, 0x1, 0x1, 0xffb8, 0x16eb, 0x16eb, 0x1,
	0x1, 0x1, 0x1, 0x1, 0x1, 0xffcc, 0xffcc, 0xffcc, 0xffcc, 0xffcc, 0x16eb, 0x16eb, 0x16eb, 0x16eb, 0x16eb, 0xfa49,
	0xfa49, 0xfa49, 0xfa49, 0xfa49, 0xfa49, 0xfa49, 0xfa49, 0xfa49, 0xfa49, 0xfa49, 0xfa49, 0xfa49, 0xfa49, 0xfa49, 0xfa49, 0x1,
	0x1, 0x1, 0x1, 0x1, 0x1, 0x1, 0x1, 0xfa49, 0xfa49, 0xfa49, 0xfa49, 0x16eb, 0x16eb, 0x16eb, 0x16eb, 0x1,
	0x1, 0x1, 0x1, 0x1, 0x1, 0x1, 0x1, 0xfa41, 0xfa41, 0xfa41, 0xfa41, 0xfa41, 0xfa41, 0xfa41, 0xfa41, 0xfa41,
	0xfa41, 0xfa41, 0x16eb, 0xfa41, 0xfa41, 0xfa41, 0xfa41, 0x16eb, 0xfa41, 0xfa41, 0x16eb, 0x1, 0x1, 0x1, 0x1, 0x1,
	0x1, 0x1, 0x1, 0x1, 0x16eb, 0x1, 0x1, 0x1, 0x1, 0x1, 0x1, 0x1, 0x16eb, 0x1, 0x1, 0x16eb,
	0x16eb, 0x16eb, 0x1, 0x1, 0x1, 0x1, 0x1, 0x1, 0x1, 0x1, 0x1, 0x1619, 0x1, 0x1, 0x1, 0x1,
	0x1, 0x1, 0x660, 0x1, 0x1, 0x1, 0x1, 0x1, 0x1, 0x1, 0x666, 0x1, 0x1, 0x1, 0x1, 0x1,
	0x1621, 0x1, 0x1, 0x1, 0x1, 0x1, 0x1, 0x1, 0x1, 0x1, 0x1, 0x1, 0x416d, 0x4171, 0x1af8, 0x4175,
	0x1757, 0x16eb, 0x4179, 0x417d, 0x4181, 0x4185, 0x175f, 0x1763, 0x4189, 0x418d, 0x4191, 0x4195, 0x2ecd, 0x4199, 0x1773, 0x419d,
	0x1ce3, 0x41a1, 0x41a5, 0x41a9, 0x41ad, 0x41b1, 0x2eb9, 0x41b5, 0x41bb, 0x41bf, 0x41c3, 0x41c9, 0x41cd, 0x41d2, 0x41d7, 0x41db,
	0x1ced, 0x41df, 0x41e3, 0x200b, 0x41e9, 0x178f, 0x41ed, 0x41f1, 0x41f5, 0x41f9, 0x1797, 0x41fd, 0x16eb, 0x4201, 0x4205, 0x4209,
	0x420d, 0x4211, 0x4215, 0x4219, 0x421d, 0x4223, 0x16eb, 0x16eb, 0x16eb, 0x16eb, 0x16eb, 0x1, 0x1, 0x1, 0x1, 0x1,
	0x1, 0x16eb, 0x16eb, 0x1, 0x16eb, 0x1, 0x1, 0x1, 0x1, 0x1, 0x1, 0x16eb, 0x1, 0x1, 0x16eb, 0x16eb,
	0x16eb, 0x1, 0x16eb, 0x16eb, 0x1, 0x1, 0x1, 0x16eb, 0x1, 0x1, 0x16eb, 0x16eb, 0x16eb, 0x16eb, 0x16eb, 0x1,
	0x1, 0x1, 0x1, 0x1, 0x16eb, 0x1, 0x1, 0x16eb, 0x16eb, 0x16eb, 0x16eb, 0x16eb, 0x1, 0xffb8, 0x1, 0xffcc,
	0x1, 0x1, 0x1, 0x1, 0x1, 0x1, 0x16eb, 0x16eb, 0xffcc, 0xfe02, 0xffb8, 0x16eb, 0x16eb, 0x16eb, 0x16eb, 0xfe12,
	0x1, 0x1, 0x1, 0x1, 0x1, 0xffcc, 0xffb8, 0x16eb, 0x16eb, 0x16eb, 0x16eb, 0x1, 0x1, 0x1, 0x1, 0x1,
	0x16eb, 0x16eb, 0x16eb, 0x16eb, 0x16eb, 0x16eb, 0x16eb, 0x1, 0x1, 0x1, 0x1, 0x16eb, 0x16eb, 0x16eb, 0xfb09, 0xfb09,
	0xfb09, 0xfb09, 0xfb09, 0xfb09, 0xfb09, 0xfb09, 0xfb09, 0xfb09, 0xfb09, 0xfb09, 0xfb09, 0xfb09, 0xfb09, 0xfb09, 0x16eb, 0x16eb,
	0x16eb, 0x16eb, 0x16eb, 0x16eb, 0x16eb, 0x16eb, 0x16eb, 0x16eb, 0x16eb, 0x16eb, 0x16eb, 0x1, 0x1, 0x1, 0x1, 0xffcc,
	0xffcc, 0xffcc, 0xffcc, 0x16eb, 0x16eb, 0x16eb, 0x16eb, 0x16eb, 0x16eb, 0x16eb, 0x16eb, 0xfa09, 0xfa09, 0xfa09, 0xfa09, 0xfa09,
	0xfa09, 0xfa09, 0xfa09, 0xfa09, 0xfa09, 0xfa09, 0xfa09, 0xfa09, 0xfa09, 0xfa09, 0xfa09, 0x16eb, 0x16eb, 0x16eb, 0xffcc, 0xffcc,
	0xffcc, 0xffcc, 0xffcc, 0x1, 0x1, 0x1, 0x1, 0x1, 0x1, 0x1, 0x1, 0x1, 0x1, 0x16eb, 0xffcc, 0xffcc,
	0x1, 0x16eb, 0x16eb, 0x16eb, 0x16eb, 0x16eb, 0x16eb, 0x16eb, 0x16eb, 0x16eb, 0x16eb, 0xffb8, 0xffb8, 0x1, 0xffb8, 0xffb8,
	0xffb8, 0x1, 0x1, 0x1, 0x1, 0x1, 0x1, 0xffb8, 0xffb8, 0xffcc, 0xffcc, 0xffcc, 0xffb8, 0xffcc, 0xffb8, 0xffb8,
	0xffb8, 0x1, 0x1, 0x1, 0x1, 0x1, 0x1, 0x1, 0x1, 0x1, 0x16eb, 0x16eb, 0x16eb, 0x16eb, 0x16eb, 0x16eb,
	0x1, 0x1, 0xffcc, 0xffb8, 0xffcc, 0xffb8, 0x1, 0x1, 0x1, 0x1, 0x16eb, 0x16eb, 0x16eb, 0x16eb, 0x16eb, 0x16eb,
	0x1, 0x1, 0x1, 0x1, 0x1, 0x1, 0xfe12, 0x1, 0x1, 0x1, 0x1, 0x1, 0x1, 0x1, 0x16eb, 0x16eb,
	0xfe12, 0x1, 0x1, 0x1, 0x1, 0x1, 0x16eb, 0x16eb, 0x16eb, 0x16eb, 0x16eb, 0x16eb, 0x16eb, 0x16eb, 0x16eb, 0xfe12,
	0x1, 0x1, 0x1, 0x1, 0x1, 0x1, 0x1, 0x1, 0x1, 0x66c, 0x1629, 0x672, 0x1633, 0x1, 0x1, 0x1,
	0x1, 0x1, 0x678, 0x1, 0x1, 0x1, 0x1, 0x1, 0x163d, 0x1, 0x1, 0x1, 0x1, 0x1, 0x1, 0x1,
	0x1, 0x1, 0xfe12, 0xfc0e, 0x1, 0x1, 0x16eb, 0x1, 0x1, 0x1, 0x1, 0x1, 0x1, 0x1, 0xfc00, 0x1,
	0x1, 0x1, 0x1, 0x1, 0x1, 0x1647, 0x1651, 0x1, 0x67e, 0x684, 0xfe12, 0xfe12, 0x16eb, 0x1, 0x1, 0x1,
	0x1, 0x1, 0x1, 0x1, 0x1, 0x1, 0x1, 0xfe0e, 0x1, 0x1, 0x1, 0x16eb, 0x16eb, 0x16eb, 0x16eb, 0x16eb,
	0x16eb, 0x16eb, 0x16eb, 0x16eb, 0xfe12, 0x1, 0x1, 0x1, 0x1, 0x1, 0x1, 0x1, 0x1, 0x1, 0xfe0e, 0x1,
	0x1, 0x1, 0x1, 0x1, 0xfe12, 0xfe0e, 0x1, 0x1, 0x1, 0x1, 0x1, 0x1, 0x1, 0x1, 0x1, 0x16eb,
	0x1, 0x16eb, 0x1, 0x1, 0x1, 0x1, 0x16eb, 0x1, 0x1, 0x1, 0x1, 0x1, 0x1, 0x1, 0x1, 0x1,
	0xfe0e, 0xfe12, 0x16eb, 0x16eb, 0x16eb, 0x16eb, 0x16eb, 0x1, 0x16eb, 0x1, 0x1, 0x16eb, 0x1, 0x1, 0x1, 0x1,
	0x1, 0x16eb, 0xfe0e, 0xfe0e, 0x1, 0xfc00, 0x1, 0x1, 0x1, 0x1, 0x1, 0x16eb, 0x16eb, 0x68a, 0x1, 0x16eb,
	0x16eb, 0x165b, 0x1665, 0xfe12, 0x16eb, 0x16eb, 0x1, 0x16eb, 0x16eb, 0x16eb, 0x16eb, 0x16eb, 0x16eb, 0xfc00, 0x16eb, 0x16eb,
	0x16eb, 0x16eb, 0x16eb, 0x1, 0x1, 0x1, 0x1, 0x16eb, 0x16eb, 0xffcc, 0xffcc, 0xffcc, 0xffcc, 0xffcc, 0xffcc, 0xffcc,
	0x16eb, 0x16eb, 0x16eb, 0x16eb, 0x16eb, 0x16eb, 0x16eb, 0x16eb, 0x16eb, 0x16eb, 0x16eb, 0x1, 0x1, 0x696, 0x166f, 0x69c,
	0x1679, 0x1, 0x1, 0x1, 0x1, 0x16eb, 0x6a2, 0x16eb, 0x16eb, 0x1683, 0x16eb, 0x6a8, 0x168d, 0x1, 0x1, 0x1,
	0x1, 0x1, 0x1, 0x1, 0x1, 0x1, 0x1, 0x1, 0x1, 0x1, 0x1, 0x16eb, 0x1, 0xfc00, 0x1, 0x1,
	0xfc00, 0x1, 0x1, 0x1, 0x1, 0x16eb, 0xfbc4, 0x16eb, 0x16eb, 0xfb10, 0x16eb, 0xfb1a, 0xfb24, 0xfc00, 0x1, 0x16eb,
	0x1, 0x1, 0xfe12, 0xfe12, 0x1, 0x1, 0x1, 0x1, 0x1, 0x16eb, 0x1, 0x1, 0x16eb, 0x16eb, 0x16eb, 0x16eb,
	0x16eb, 0x16eb, 0x16eb, 0x16eb, 0x16eb, 0x16eb, 0x16eb, 0x16eb, 0x16eb, 0x1, 0x1, 0xfe12, 0x1, 0x1, 0x1, 0xfe0e,
	0x1, 0x1, 0x1, 0x1, 0x1, 0x1, 0x1, 0x1, 0x1, 0x1, 0x1, 0x1, 0x16eb, 0x1, 0xffcc, 0x1,
	0xfc00, 0x1, 0x1, 0x1, 0x1, 0x1, 0x1, 0x1, 0x1, 0x6ae, 0xfc00, 0x1697, 0x16a1, 0xfc00, 0x16ab, 0x1,
	0x1, 0xfe12, 0xfe0e, 0x1, 0x1, 0x1, 0x1, 0x16eb, 0x16eb, 0x16eb, 0x16eb, 0x16eb, 0x16eb, 0x16eb, 0x16eb, 0x1,
	0x1, 0x1, 0x1, 0x1, 0x1, 0x1, 0x1, 0x1, 0x1, 0x1, 0x1, 0x1, 0x1, 0x1, 0xfc00, 0x1,
	0x1, 0x1, 0x1, 0x1, 0x1, 0x16eb, 0x16eb, 0x6c0, 0x6c6, 0x16b5, 0x16bf, 0x1, 0x1, 0x1, 0xfe12, 0xfe0e,
	0x1, 0x1, 0x1, 0x1, 0x1, 0x1, 0x1, 0x1, 0x1, 0x1, 0x1, 0x1, 0x1, 0x1, 0x1, 0xfe12,
	0xfe0e, 0x1, 0x1, 0x16eb, 0x16eb, 0x16eb, 0x16eb, 0x16eb, 0x16eb, 0x1, 0x1, 0x1, 0x1, 0x1, 0x1, 0x1,
	0x1, 0x1, 0xfe12, 0xfe0e, 0x1, 0x16eb, 0x16eb, 0x16eb, 0x16eb, 0x1, 0x1, 0x1, 0x1, 0x1, 0x1, 0x1,
	0x16eb, 0x16eb, 0x1, 0x16eb, 0x16eb, 0x1, 0x1, 0x1, 0x1, 0x16eb, 0x1, 0x1, 0x16eb, 0x1, 0x1, 0x1,
	0x1, 0x1, 0x1, 0x1, 0x1, 0xfc00, 0x1, 0x1, 0x1, 0x1, 0x6cc, 0x16eb, 0x1, 0x16c9, 0x16eb, 0x16eb,
	0x1, 0x1, 0xfe12, 0xfe12, 0x1, 0x1, 0x1, 0x1, 0x16eb, 0x16eb, 0x16eb, 0x16eb, 0x16eb, 0x16eb, 0x16eb, 0x16eb,
	0x16eb, 0x16eb, 0x16eb, 0x1, 0x1, 0x1, 0x1, 0x1, 0x1, 0x1, 0x16eb, 0x1, 0x1, 0x1, 0x1, 0x1,
	0x1, 0x1, 0xfe12, 0x1, 0x1, 0x1, 0x1, 0x1, 0x1, 0x1, 0x16eb, 0x16eb, 0x16eb, 0x1, 0x16eb, 0x1,
	0x1, 0x16eb, 0x1, 0x1, 0xfe0e, 0x1, 0xfe12, 0xfe12, 0x1, 0x1, 0x16eb, 0x16eb, 0x16eb, 0x16eb, 0x16eb, 0x16eb,
	0x16eb, 0x16eb, 0x1, 0x1, 0x1, 0x1, 0x1, 0x1, 0x16eb, 0x1, 0x1, 0x16eb, 0x1, 0x1, 0x1, 0x1,
	0x1, 0x1, 0x16eb, 0x1, 0x1, 0x1, 0x1, 0xfe12, 0x1, 0x16eb, 0x16eb, 0x16eb, 0x16eb, 0x16eb, 0x16eb, 0x16eb,
	0x1, 0x1, 0x1, 0x1, 0x1, 0x1, 0x1, 0x1, 0x1, 0x1, 0x1, 0x1, 0x1, 0x1, 0xfbd6, 0xfc00,
	0xfb9e, 0xfbb4, 0xfb2e, 0xfb38, 0xfb42, 0xfb56, 0xfb6e, 0xfb86, 0xfbee, 0x1, 0x1, 0x1, 0x1, 0x1, 0xfe12, 0xfe02,
	0xfe02, 0xfe02, 0xfe02, 0xfe02, 0x1, 0x16eb, 0x16eb, 0x16eb, 0x16eb, 0x16eb, 0x16eb, 0x16eb, 0x16eb, 0x16eb, 0x16eb, 0x1,
	0x1, 0x1, 0x6d2, 0x1, 0x1, 0x1, 0xfbf4, 0xfb94, 0x990, 0x16dd, 0x1, 0x1, 0x1, 0x1, 0x1, 0xf9e1,
	0xf9e1, 0xf9e1, 0xf9e1, 0xf9e1, 0xf9e1, 0xf9e1, 0xf9e1, 0xf9e1, 0xf9e1, 0xf9e1, 0xf9e1, 0xf9e1, 0xf9e1, 0xf9e1, 0xf9e1, 0x16eb,
	0x16eb, 0x1, 0x1, 0x1, 0x1, 0x1, 0xfe0c, 0xfe0c, 0x1, 0x1, 0x1, 0x1, 0x1, 0x16eb, 0x16eb, 0x16eb,
	0x16eb, 0x16eb, 0x16eb, 0x16eb, 0x16eb, 0x16eb, 0x1, 0x1, 0x1, 0x16eb, 0x16eb, 0x1, 0x16eb, 0x16eb, 0x16eb, 0x16eb,
	0x16eb, 0x16eb, 0x16eb, 0x16eb, 0x16eb, 0x16eb, 0x1, 0x1, 0x1, 0x1, 0x16eb, 0x16eb, 0x16eb, 0x16eb, 0x16eb, 0x16eb,
	0x16eb, 0x16eb, 0x1, 0x1, 0x1, 0x1, 0x1, 0x1, 0x1, 0x1, 0x1, 0x1, 0x16eb, 0x16eb, 0x1, 0x1,
	0xfe02, 0x1, 0x5606, 0x5606, 0x5606, 0x5606, 0x16eb, 0x16eb, 0x16eb, 0x16eb, 0x16eb, 0x16eb, 0x16eb, 0x16eb, 0x16eb, 0x16eb,
	0x16eb, 0x16eb, 0x1, 0x1, 0x1, 0x1, 0x1, 0x1, 0x16f8, 0x1afc, 0x1b64, 0x1b00, 0x1b04, 0x1b70, 0x1b08, 0x17d8,
	0x1b0c, 0x17e0, 0x1c81, 0x171b, 0x1703, 0x1707, 0x1c85, 0x1c89, 0x1c8d, 0x1c91, 0x1c95, 0x1c99, 0x1, 0x1, 0x1, 0x16eb,
	0x16eb, 0x16eb, 0x1, 0x1, 0x1, 0x1, 0x1, 0x1, 0x1, 0x1, 0x1, 0x1, 0x1, 0x1, 0x1, 0x1,
	0x4228, 0x4232, 0x423c, 0x424a, 0x4258, 0x4266, 0x4274, 0xffb0, 0xffb0, 0xfe02, 0xfe02, 0xfe02, 0x1, 0x1, 0x1, 0xffc4,
	0xffb0, 0xffb0, 0xffb0, 0x5606, 0x5606, 0x5606, 0x5606, 0x5606, 0x5606, 0x5606, 0x5606, 0xffb8, 0xffb8, 0xffb8, 0xffb8, 0xffb8,
	0x1, 0x1, 0xffcc, 0xffcc, 0xffcc, 0xffcc, 0xffcc, 0xffb8, 0xffb8, 0x1, 0x1, 0x1, 0x1, 0x1, 0x1, 0x1,
	0x1, 0x1, 0x1, 0xffcc, 0xffcc, 0xffcc, 0xffcc, 0x1, 0x1, 0x1, 0x1, 0x1, 0x1, 0x1, 0x1, 0x1,
	0x1, 0x1, 0x4282, 0x428c, 0x4296, 0x42a4, 0x42b2, 0x42c0, 0x1, 0x1, 0x1, 0x1, 0x1, 0x1, 0x1, 0x1,
	0x1, 0x1, 0x1, 0x1, 0x1, 0x1, 0x1, 0xffcc, 0xffcc, 0xffcc, 0x1, 0x16eb, 0x16eb, 0x16eb, 0x16eb, 0x16eb,
	0x16eb, 0x16eb, 0x16eb, 0x16eb, 0x16eb, 0x1b64, 0x1b00, 0x1b04, 0x1b70, 0x1b08, 0x16eb, 0x1b0c, 0x17e0, 0x1b10, 0x1814, 0x1b14,
	0x1b18, 0x171e, 0x1b20, 0x1ced, 0x17e4, 0x1752, 0x1b24, 0x1b28, 0x1b40, 0x17e8, 0x1818, 0x17ec, 0x1bb0, 0x16f8, 0x16eb, 0x1b64,
	0x1b00, 0x16eb, 0x16eb, 0x1b08, 0x16eb, 0x16eb, 0x17e0, 0x1b10, 0x16eb, 0x16eb, 0x1b18, 0x171e, 0x1b20, 0x1ced, 0x16eb, 0x1752,
	0x1b24, 0x1b28, 0x1b40, 0x17e8, 0x1818, 0x17ec, 0x1bb0, 0x16f8, 0x1afc, 0x1b64, 0x1b00, 0x16eb, 0x1b70, 0x16eb, 0x17d8, 0x1b0c,
	0x17e0, 0x1b10, 0x1814, 0x1b14, 0x1b18, 0x16eb, 0x1b20, 0x1ced, 0x17e4, 0x1752, 0x1b24, 0x1b28, 0x1b40, 0x17e8, 0x1818, 0x17ec,
	0x1bb0, 0x16f8, 0x1afc, 0x16eb, 0x1b00, 0x1b04, 0x1b70, 0x1b08, 0x16eb, 0x16eb, 0x17e0, 0x1b10, 0x1814, 0x1b14, 0x1b18, 0x171e,
	0x1b20, 0x1ced, 0x16eb, 0x1752, 0x1b24, 0x1b28, 0x1b40, 0x17e8, 0x1818, 0x17ec, 0x16eb, 0x16f8, 0x1afc, 0x1b0c, 0x17e0, 0x1b10,
	0x1814, 0x1b14, 0x16eb, 0x171e, 0x16eb, 0x16eb, 0x16eb, 0x1752, 0x1b24, 0x1b28, 0x1b40, 0x17e8, 0x1818, 0x17ec, 0x16eb, 0x16f8,
	0x1afc, 0x1b64, 0x1b00, 0x1b04, 0x1b70, 0x1b08, 0x17d8, 0x1b0c, 0x17e0, 0x1b10, 0x1814, 0x1b14, 0x1b18, 0x17e8, 0x1818, 0x17ec,
	0x1bb0, 0x42cf, 0x42d3, 0x16eb, 0x16eb, 0x42d6, 0x1b45, 0x1b49, 0x1b4d, 0x42da, 0x42df, 0x42e2, 0x1bbd, 0x1bd6, 0x42e7, 0x42eb,
	0x1711, 0x42ef, 0x42f3, 0x42f6, 0x1d21, 0x1b58, 0x1bbd, 0x42fb, 0x42ff, 0x4302, 0x1b51, 0x1b55, 0x4307, 0x1d04, 0x430b, 0x42d6,
	0x1b45, 0x1b49, 0x1b4d, 0x42da, 0x42df, 0x42e2, 0x1bbd, 0x1bd6, 0x42e7, 0x42eb, 0x1711, 0x42ef, 0x42f3, 0x42f6, 0x1d21, 0x1b58,
	0x42fb, 0x42fb, 0x42ff, 0x4302, 0x1b51, 0x1b55, 0x4307, 0x1d04, 0x430f, 0x42da, 0x1bbd, 0x42e7, 0x1b51, 0x1b58, 0x1d21, 0x42d6,
	0x1b45, 0x1b49, 0x1b4d, 0x42da, 0x42df, 0x42e2, 0x1bbd, 0x1bd6, 0x42e7, 0x42eb, 0x1711, 0x42ef, 0x42f3, 0x1b55, 0x4307, 0x1d04,
	0x430f, 0x42da, 0x1bbd, 0x42e7, 0x1b51, 0x1b58, 0x1d21, 0x4313, 0x4313, 0x16eb, 0x16eb, 0x1c81, 0x171b, 0x1703, 0x1707, 0x1c85,
	0x1c89, 0x1c8d, 0x1c91, 0x1c95, 0x1c99, 0x1c81, 0x171b, 0x1703, 0x1707, 0x1c85, 0x1c89, 0x1c8d, 0x1c91, 0x1c95, 0x1c99, 0x1c81,
	0x171b, 0x1703, 0x1707, 0x16eb, 0x16eb, 0x16eb, 0x16eb, 0x16eb, 0x1, 0x1, 0x1, 0x1, 0x1, 0x1, 0x16eb, 0x16eb,
	0x16eb, 0x16eb, 0x16eb, 0xffcc, 0xffcc, 0xffcc, 0xffcc, 0xffcc, 0xffcc, 0xffcc, 0x16eb, 0xffcc, 0xffcc, 0xffcc, 0xffcc, 0xffcc,
	0xffcc, 0xffcc, 0xffcc, 0xffcc, 0x16eb, 0x16eb, 0xffcc, 0xffcc, 0xffcc, 0xffcc, 0xffcc, 0x16eb, 0xffcc, 0xffcc, 0x16eb, 0xffcc,
	0xffcc, 0xffcc, 0xffcc, 0xffcc, 0x16eb, 0x16eb, 0x16eb, 0x16eb, 0x16eb, 0x4316, 0x431b, 0x1a21, 0x431e, 0x1a25, 0x4322, 0x4326,
	0x432a, 0x432e, 0x4332, 0x4337, 0x433b, 0x1a28, 0x433f, 0x4343, 0x1a2d, 0x1a31, 0x4346, 0x434b, 0x434f, 0x4353, 0x4356, 0x435b,
	0x435e, 0x4362, 0x4367, 0x436b, 0x436e, 0x185c, 0x1861, 0x4372, 0x4377, 0x437b, 0x4316, 0x431b, 0x1a21, 0x431e, 0x1a25, 0x4322,
	0x4326, 0x432a, 0x432e, 0x4332, 0x4337, 0x1a28, 0x433f, 0x1a2d, 0x4346, 0x434b, 0x434f, 0x4353, 0x4356, 0x435b, 0x1a35, 0x435e,
	0x437f, 0x185c, 0x1859, 0x1871, 0x4383, 0x4387, 0x438b, 0x16eb, 0x16eb, 0x16eb, 0x16eb, 0x16eb, 0x16eb, 0x16eb, 0x16eb, 0x16eb,
	0x16eb, 0x16eb, 0x16eb, 0x16eb, 0x16eb, 0x16eb, 0xffcc, 0xffcc, 0xffcc, 0xffcc, 0xffcc, 0xffcc, 0xffcc, 0x1, 0x1, 0x1,
	0x1, 0x1, 0x1, 0x1, 0x16eb, 0x16eb, 0x1, 0x1, 0x1, 0x1, 0x1, 0x1, 0x1, 0x1, 0x1, 0x1,
	0x1, 0x1, 0xffd0, 0xffd0, 0xffb8, 0xffcc, 0x1, 0x1, 0x1, 0xffcc, 0x1, 0x1, 0xffcc, 0x1, 0x1, 0x1,
	0x1, 0x1, 0x1, 0x1, 0xffcc, 0xffcc, 0x1, 0x1, 0x1, 0x1, 0x1, 0xffcc, 0x16eb, 0x16eb, 0x16eb, 0x16eb,
	0x16eb, 0x16eb, 0x16eb, 0x16eb, 0x1, 0x1, 0x1, 0x1, 0x1, 0x1, 0x1, 0x16eb, 0x1, 0x1, 0x1, 0x1,
	0x16eb, 0x1, 0x1, 0x16eb, 0xffb8, 0xffb8, 0xffb8, 0xffb8, 0xffb8, 0xffb8, 0xffb8, 0x16eb, 0x16eb, 0x16eb, 0x16eb, 0x16eb,
	0x16eb, 0x16eb, 0x16eb, 0x16eb, 0xfa19, 0xfa19, 0xfa19, 0xfa19, 0xfa19, 0xfa19, 0xfa19, 0xfa19, 0xfa19, 0xfa19, 0xfa19, 0xfa19,
	0xfa19, 0xfa19, 0xfa19, 0xfa19, 0x1, 0x1, 0x1, 0x1, 0x1, 0x1, 0x1, 0x1, 0x1, 0x1, 0x1, 0x1,
	0x1, 0x1, 0xffcc, 0xffcc, 0xffcc, 0xffcc, 0xffcc, 0xffcc, 0xfe0e, 0x1, 0x16eb, 0x16eb, 0x16eb, 0x16eb, 0x406e, 0x4073,
	0x4083, 0x408f, 0x16eb, 0x40da, 0x409b, 0x4087, 0x40af, 0x40de, 0x40c7, 0x40cb, 0x40cf, 0x40d3, 0x409f, 0x40b7, 0x40bf, 0x40a7,
	0x40c3, 0x4097, 0x40a3, 0x407b, 0x407f, 0x408b, 0x4093, 0x40ab, 0x40b3, 0x40bb, 0x438f, 0x381b, 0x4393, 0x4397, 0x16eb, 0x4073,
	0x4083, 0x16eb, 0x40d7, 0x16eb, 0x16eb, 0x4087, 0x16eb, 0x40de, 0x40c7, 0x40cb, 0x40cf, 0x40d3, 0x409f, 0x40b7, 0x40bf, 0x40a7,
	0x40c3, 0x16eb, 0x40a3, 0x407b, 0x407f, 0x408b, 0x16eb, 0x40ab, 0x16eb, 0x40bb, 0x16eb, 0x16eb, 0x16eb, 0x16eb, 0x4083, 0x16eb,
	0x16eb, 0x16eb, 0x16eb, 0x4087, 0x16eb, 0x40de, 0x16eb, 0x40cb, 0x16eb, 0x40d3, 0x409f, 0x40b7, 0x16eb, 0x40a7, 0x40c3, 0x16eb,
	0x40a3, 0x16eb, 0x16eb, 0x408b, 0x16eb, 0x40ab, 0x16eb, 0x40bb, 0x16eb, 0x381b, 0x16eb, 0x4397, 0x16eb, 0x4073, 0x4083, 0x16eb,
	0x40d7, 0x16eb, 0x16eb, 0x4087, 0x40af, 0x40de, 0x40c7, 0x16eb, 0x40cf, 0x40d3, 0x409f, 0x40b7, 0x40bf, 0x40a7, 0x40c3, 0x16eb,
	0x40a3, 0x407b, 0x407f, 0x408b, 0x16eb, 0x40ab, 0x40b3, 0x40bb, 0x438f, 0x16eb, 0x4393, 0x16eb, 0x406e, 0x4073, 0x4083, 0x408f,
	0x40d7, 0x40da, 0x409b, 0x4087, 0x40af, 0x40de, 0x16eb, 0x40cb, 0x40cf, 0x40d3, 0x409f, 0x40b7, 0x40bf, 0x40a7, 0x40c3, 0x4097,
	0x40a3, 0x407b, 0x407f, 0x408b, 0x4093, 0x40ab, 0x40b3, 0x40bb, 0x16eb, 0x16eb, 0x16eb, 0x16eb, 0x4073, 0x4083, 0x408f, 0x16eb,
	0x40da, 0x409b, 0x4087, 0x40af, 0x40de, 0x16eb, 0x40cb, 0x40cf, 0x40d3, 0x409f, 0x40b7, 0x16eb, 0x439b, 0x43a1, 0x43a7, 0x43ad,
	0x43b3, 0x43b9, 0x43bf, 0x43c5, 0x43cb, 0x43d1, 0x1, 0x1, 0x1, 0x1, 0x1, 0x1f8d, 0x1f95, 0x1f9d, 0x1fa5, 0x1fad,
	0x1fb5, 0x1fbd, 0x1fc5, 0x1fcd, 0x1fd5, 0x43d7, 0x1b64, 0x17e4, 0x2d28, 0x43de, 0x1, 0x1ced, 0x17e4, 0x1752, 0x1b24, 0x1b28,
	0x1b40, 0x17e8, 0x1818, 0x17ec, 0x1bb0, 0x43e4, 0x2ce6, 0x43ea, 0x43f0, 0x43f6, 0x43fe, 0x1, 0x1, 0x1, 0x1, 0x1,
	0x1, 0x1, 0x1, 0x1, 0x1, 0x4404, 0x440a, 0x4410, 0x1, 0x1, 0x1, 0x4416, 0x1, 0x1, 0x1, 0x1,
	0x1, 0x1, 0x1, 0x1, 0x1, 0x1, 0x1, 0x1, 0x1, 0x1, 0x1, 0x441c, 0x4422, 0x2828, 0x16eb, 0x16eb,
	0x16eb, 0x16eb, 0x16eb, 0x16eb, 0x16eb, 0x16eb, 0x16eb, 0x16eb, 0x16eb, 0x16eb, 0x16eb, 0x211b, 0x4429, 0x442d, 0x5548, 0x2037,
	0x4431, 0x4435, 0x24b7, 0x4439, 0x443d, 0x4441, 0x32e9, 0x4445, 0x4449, 0x444d, 0x4451, 0x4455, 0x4459, 0x21ab, 0x445d, 0x4461,
	0x4465, 0x4469, 0x446d, 0x4471, 0x201f, 0x2497, 0x4475, 0x2715, 0x24a3, 0x2719, 0x4479, 0x228b, 0x447d, 0x4481, 0x4485, 0x4489,
	0x448d, 0x26d1, 0x2143, 0x4491, 0x4495, 0x4499, 0x449d, 0x16eb, 0x16eb, 0x16eb, 0x16eb, 0x44a1, 0x44a9, 0x44b1, 0x44b9, 0x44c1,
	0x44c9, 0x44d1, 0x44d9, 0x44e1, 0x16eb, 0x16eb, 0x16eb, 0x16eb, 0x16eb, 0x16eb, 0x16eb, 0x44e9, 0x44ed, 0x16eb, 0x16eb, 0x16eb,
	0x16eb, 0x16eb, 0x16eb, 0x16eb, 0x16eb, 0x16eb, 0x16eb, 0x16eb, 0x16eb, 0x16eb, 0x16eb, 0x1, 0x1, 0x1, 0x1, 0x1,
	0x1, 0x1, 0x16eb, 0x1, 0x16eb, 0x16eb, 0x16eb, 0x16eb, 0x1, 0x1, 0x1, 0x1c81, 0x171b, 0x1703, 0x1707, 0x1c85,
	0x1c89, 0x1c8d, 0x1c91, 0x1c95, 0x1c99, 0x1, 0x16eb, 0x16eb, 0x16eb, 0x16eb, 0x16eb, 0x44f1, 0x44f5, 0x44f9, 0x44fd, 0x4503,
	0x345d, 0x4507, 0x450b, 0x450f, 0x4513, 0x3461, 0x4517, 0x451b, 0x451f, 0x3465, 0x4525, 0x4529, 0x452d, 0x4531, 0x4537, 0x453b,
	0x444d, 0x453f, 0x4545, 0x4549, 0x454d, 0x4551, 0x3543, 0x4555, 0x205f, 0x455b, 0x455f, 0x4563, 0x4567, 0x4495, 0x456b, 0x456f,
	0x3557, 0x3469, 0x346d, 0x355b, 0x4573, 0x4577, 0x3191, 0x457b, 0x3471, 0x457f, 0x4583, 0x4587, 0x458b, 0x458b, 0x458b, 0x458f,
	0x4595, 0x4599, 0x459d, 0x45a1, 0x45a7, 0x45ab, 0x45af, 0x45b3, 0x45b7, 0x45bb, 0x45bf, 0x45c3, 0x45c7, 0x45cb, 0x45cf, 0x45d3,
	0x45d7, 0x45d7, 0x3563, 0x45db, 0x45df, 0x45e3, 0x45e7, 0x3479, 0x45eb, 0x45ef, 0x45f3, 0x33d9, 0x45f7, 0x45fb, 0x45ff, 0x4603,
	0x4607, 0x460b, 0x460f, 0x4613, 0x4617, 0x461d, 0x4621, 0x4625, 0x4431, 0x4629, 0x462d, 0x4631, 0x4637, 0x463d, 0x4641, 0x4645,
	0x4649, 0x464d, 0x4651, 0x4655, 0x4659, 0x465d, 0x465d, 0x4661, 0x4667, 0x466b, 0x3181, 0x466f, 0x4673, 0x4679, 0x467d, 0x4681,
	0x20c7, 0x4685, 0x4689, 0x20cf, 0x468d, 0x4691, 0x4695, 0x469b, 0x469f, 0x46a5, 0x46a9, 0x46ad, 0x46b1, 0x46b5, 0x46b9, 0x46bd,
	0x46c1, 0x46c5, 0x46c9, 0x46cd, 0x46d1, 0x46d7, 0x46db, 0x46df, 0x46e3, 0x30b1, 0x46e7, 0x20f7, 0x46ed, 0x46ed, 0x46f3, 0x46f7,
	0x46f7, 0x46fb, 0x46ff, 0x4705, 0x470b, 0x470f, 0x4713, 0x4717, 0x471b, 0x471f, 0x4723, 0x4727, 0x472b, 0x472f, 0x348d, 0x4733,
	0x4739, 0x473d, 0x4741, 0x3593, 0x4741, 0x4745, 0x3495, 0x4749, 0x474d, 0x4751, 0x4755, 0x3499, 0x3045, 0x4759, 0x475d, 0x4761,
	0x4765, 0x4769, 0x476d, 0x4771, 0x4777, 0x477b, 0x477f, 0x4783, 0x4787, 0x478b, 0x4791, 0x4795, 0x4799, 0x479d, 0x47a1, 0x47a5,
	0x47a9, 0x47ad, 0x47b1, 0x349d, 0x47b5, 0x47b9, 0x47bf, 0x47c3, 0x47c7, 0x47cb, 0x34a5, 0x47cf, 0x47d3, 0x47d7, 0x47db, 0x47df,
	0x47e3, 0x47e7, 0x47eb, 0x30b5, 0x35b3, 0x47ef, 0x47f3, 0x47f7, 0x47fb, 0x4801, 0x4805, 0x4809, 0x480d, 0x34a9, 0x4811, 0x4817,
	0x481b, 0x481f, 0x3661, 0x4823, 0x4827, 0x482b, 0x482f, 0x4833, 0x4839, 0x483d, 0x4841, 0x4845, 0x484b, 0x484f, 0x4853, 0x4857,
	0x31c5, 0x485b, 0x485f, 0x4865, 0x486b, 0x4871, 0x4875, 0x487b, 0x487f, 0x4883, 0x4887, 0x488b, 0x34ad, 0x3311, 0x488f, 0x4893,
	0x4897, 0x489b, 0x48a1, 0x48a5, 0x48a9, 0x48ad, 0x35bf, 0x48b1, 0x48b5, 0x48bb, 0x48bf, 0x48c3, 0x48c9, 0x48cf, 0x48d3, 0x35c3,
	0x48d7, 0x48db, 0x48df, 0x48e3, 0x48e7, 0x48eb, 0x48ef, 0x48f5, 0x48f9, 0x48ff, 0x4903, 0x4909, 0x35cb, 0x490d, 0x4911, 0x4917,
	0x491b, 0x491f, 0x4925, 0x492b, 0x492f, 0x4933, 0x4937, 0x493b, 0x493b, 0x493f, 0x4943, 0x35d3, 0x4947, 0x494b, 0x494f, 0x4953,
	0x4957, 0x495d, 0x4961, 0x318d, 0x4967, 0x496d, 0x4971, 0x4977, 0x497d, 0x4983, 0x4987, 0x35eb, 0x498b, 0x4991, 0x4997, 0x499d,
	0x49a3, 0x49a7, 0x49a7, 0x35ef, 0x3669, 0x49ab, 0x49af, 0x49b3, 0x49b7, 0x49bd, 0x30f9, 0x35f7, 0x49c1, 0x49c5, 0x34d5, 0x49cb,
	0x49d1, 0x3429, 0x49d7, 0x49db, 0x34e1, 0x49df, 0x49e3, 0x49e7, 0x49ed, 0x49ed, 0x49f3, 0x49f7, 0x49fb, 0x4a01, 0x4a05, 0x4a09,
	0x4a0d, 0x4a13, 0x4a17, 0x4a1b, 0x4a1f, 0x4a23, 0x4a27, 0x4a2d, 0x4a31, 0x4a35, 0x4a39, 0x4a3d, 0x4a41, 0x4a45, 0x4a4b, 0x4a51,
	0x4a55, 0x4a5b, 0x4a5f, 0x4a65, 0x4a69, 0x34f9, 0x4a6d, 0x4a73, 0x4a79, 0x4a7d, 0x4a83, 0x4a87, 0x4a8d, 0x4a91, 0x4a95, 0x4a99,
	0x4a9d, 0x4aa1, 0x4aa5, 0x4aab, 0x4ab1, 0x4ab7, 0x46f3, 0x4abd, 0x4ac1, 0x4ac5, 0x4ac9, 0x4acd, 0x4ad1, 0x4ad5, 0x4ad9, 0x4add,
	0x4ae1, 0x4ae5, 0x4ae9, 0x31d1, 0x4aef, 0x4af3, 0x4af7, 0x4afb, 0x4aff, 0x4b03, 0x3505, 0x4b07, 0x4b0b, 0x4b0f, 0x4b13, 0x4b17,
	0x4b1d, 0x4b23, 0x4b29, 0x4b2d, 0x4b31, 0x4b35, 0x4b39, 0x4b3f, 0x4b43, 0x4b49, 0x4b4d, 0x4b51, 0x4b57, 0x4b5d, 0x4b61, 0x30e5,
	0x4b65, 0x4b69, 0x4b6d, 0x4b71, 0x4b75, 0x4b79, 0x3613, 0x4b7d, 0x4b81, 0x4b85, 0x4b89, 0x4b8d, 0x4b91, 0x4b95, 0x4b99, 0x225f,
	0x4b9d, 0x4ba3, 0x4ba7, 0x4bab, 0x4baf, 0x4bb3, 0x4bb7, 0x4bbd, 0x4bc3, 0x4bc7, 0x4bcb, 0x3627, 0x362b, 0x227b, 0x4bcf, 0x4bd5,
	0x4bd9, 0x4bdd, 0x4be1, 0x4be5, 0x4beb, 0x4bf1, 0x4bf5, 0x4bf9, 0x4bfd, 0x4c03, 0x362f, 0x4c07, 0x4c0d, 0x4c13, 0x4c17, 0x4c1b,
	0x4c1f, 0x4c25, 0x4c29, 0x4c2d, 0x4c31, 0x4c35, 0x4c39, 0x4c3d, 0x4c41, 0x4c47, 0x4c4b, 0x4c4f, 0x4c53, 0x4c59, 0x4c5d, 0x4c61,
	0x4c65, 0x4c69, 0x4c6f, 0x4c75, 0x4c79, 0x4c7d, 0x4c81, 0x4c87, 0x4c8b, 0x3647, 0x3647, 0x4c91, 0x4c95, 0x4c9b, 0x4c9f, 0x4ca3,
	0x4ca7, 0x4cab, 0x4caf, 0x4cb3, 0x4cb7, 0x364b, 0x4cbd, 0x4cc1, 0x4cc5, 0x4cc9, 0x4ccd, 0x4cd1, 0x4cd7, 0x4cdb, 0x4ce1, 0x4ce7,
	0x233b, 0x4ced, 0x234b, 0x4cf1, 0x4cf5, 0x4cf9, 0x4cfd, 0x235f, 0x4d01, 0x16eb, 0x16eb, 0x1
};

// Mapping and composition data addressed by the norm16 values above.
static constexpr uint16_t s_normExtraData[11130] = {
	0xffff, 0xffff, 0x8670, 0x44dc, 0x8670, 0x44c0, 0x8670, 0x44de, 0x600, 0x1c0, 0x602, 0x1c2, 0x604, 0x1c5, 0x606, 0x1c6,
	0x608, 0x202, 0x60c, 0x207, 0x60e, 0x44f, 0x610, 0x1c9, 0x612, 0x3d46, 0x614, 0x1cb, 0x618, 0x39c, 0x61e, 0x402,
	0x622, 0x406, 0x646, 0x3d43, 0x64a, 0x3c02, 0x8650, 0x20a, 0x60e, 0x3c06, 0x646, 0x3c0a, 0x8662, 0x3c0e, 0x602, 0x20e,
	0x604, 0x212, 0x60e, 0x216, 0x618, 0x21a, 0x864e, 0x1cf, 0x60e, 0x3c16, 0x618, 0x21e, 0x646, 0x3c1a, 0x64e, 0x3c22,
	0x65a, 0x3c26, 0x8662, 0x3c1e, 0x600, 0x1d0, 0x602, 0x1d2, 0x604, 0x1d5, 0x606, 0x3d7a, 0x608, 0x227, 0x60c, 0x22a,
	0x60e, 0x22e, 0x610, 0x1d6, 0x612, 0x3d76, 0x618, 0x236, 0x61e, 0x40a, 0x622, 0x40e, 0x646, 0x3d73, 0x64e, 0x453,
	0x650, 0x232, 0x65a, 0x3c32, 0x8660, 0x3c36, 0x860e, 0x3c3e, 0x602, 0x3ea, 0x604, 0x23a, 0x608, 0x3c42, 0x60c, 0x23e,
	0x60e, 0x242, 0x618, 0x3ce, 0x864e, 0x246, 0x604, 0x24a, 0x60e, 0x3c46, 0x610, 0x3c4e, 0x618, 0x43e, 0x646, 0x3c4a,
	0x64e, 0x3c52, 0x65c, 0x3c56, 0x8662, 0x3d2c, 0x600, 0x1d8, 0x602, 0x1da, 0x604, 0x1dc, 0x606, 0x252, 0x608, 0x256,
	0x60c, 0x25a, 0x610, 0x1df, 0x612, 0x3d92, 0x618, 0x3a0, 0x61e, 0x412, 0x622, 0x416, 0x646, 0x3d96, 0x650, 0x25e,
	0x8660, 0x3c5a, 0x604, 0x26a, 0x8618, 0x3e0, 0x602, 0x3c62, 0x618, 0x3d2, 0x646, 0x3c66, 0x64e, 0x26e, 0x8662, 0x3c6a,
	0x602, 0x274, 0x618, 0x27c, 0x646, 0x3c6f, 0x64e, 0x278, 0x65a, 0x3c7a, 0x8662, 0x3c76, 0x602, 0x3c7e, 0x60e, 0x3c82,
	0x8646, 0x3c86, 0x600, 0x3f2, 0x602, 0x288, 0x606, 0x1e2, 0x60e, 0x3c8a, 0x618, 0x290, 0x646, 0x3c8e, 0x64e, 0x28c,
	0x65a, 0x3c96, 0x8662, 0x3c92, 0x600, 0x1e4, 0x602, 0x1e6, 0x604, 0x1e9, 0x606, 0x1eb, 0x608, 0x29b, 0x60c, 0x29e,
	0x60e, 0x45f, 0x610, 0x1ed, 0x612, 0x3d9e, 0x616, 0x2a2, 0x618, 0x3a4, 0x61e, 0x41a, 0x622, 0x41e, 0x636, 0x343,
	0x646, 0x3d9b, 0x8650, 0x3d7, 0x602, 0x3caa, 0x860e, 0x3cae, 0x602, 0x2aa, 0x60e, 0x3cb2, 0x618, 0x2b2, 0x61e, 0x422,
	0x622, 0x426, 0x646, 0x3cb7, 0x64e, 0x2ae, 0x8662, 0x3cbe, 0x602, 0x2b7, 0x604, 0x2ba, 0x60e, 0x3cc2, 0x618, 0x2c3,
	0x646, 0x3cc7, 0x64c, 0x432, 0x864e, 0x2be, 0x60e, 0x3cd6, 0x610, 0x3d2e, 0x618, 0x2ca, 0x646, 0x3cda, 0x64c, 0x436,
	0x64e, 0x2c6, 0x65a, 0x3ce2, 0x8662, 0x3cde, 0x600, 0x1f2, 0x602, 0x1f4, 0x604, 0x1f6, 0x606, 0x2d3, 0x608, 0x2d7,
	0x60c, 0x2da, 0x610, 0x1f9, 0x612, 0x3dce, 0x614, 0x2de, 0x616, 0x2e2, 0x618, 0x3a8, 0x61e, 0x42a, 0x622, 0x42e,
	0x636, 0x361, 0x646, 0x3dca, 0x648, 0x3ce6, 0x650, 0x2e6, 0x65a, 0x3cee, 0x8660, 0x3cea, 0x606, 0x3cfa, 0x8646, 0x3cfe,
	0x600, 0x3d02, 0x602, 0x3d06, 0x604, 0x2ea, 0x60e, 0x3d0e, 0x610, 0x3d0a, 0x614, 0x3d30, 0x8646, 0x3d12, 0x60e, 0x3d16,
	0x8610, 0x3d1a, 0x600, 0x3de6, 0x602, 0x1fa, 0x604, 0x2ee, 0x606, 0x3df2, 0x608, 0x466, 0x60e, 0x3d1e, 0x610, 0x1fe,
	0x612, 0x3dee, 0x614, 0x3d32, 0x8646, 0x3dea, 0x602, 0x2f4, 0x604, 0x3d22, 0x60e, 0x2f8, 0x618, 0x2fc, 0x646, 0x3d26,
	0x8662, 0x3d2a, 0x602, 0x3fa, 0x8608, 0x3c6, 0x8602, 0x3fe, 0x8618, 0x3de, 0x600, 0x3ee0, 0x602, 0x758, 0x608, 0x3f62,
	0x60c, 0x3f60, 0x626, 0x3e01, 0x628, 0x3e03, 0x8684, 0x3f6c, 0x600, 0x3ee4, 0x602, 0x75a, 0x626, 0x3e21, 0x8628, 0x3e23,
	0x600, 0x3ee8, 0x602, 0x75c, 0x626, 0x3e41, 0x628, 0x3e43, 0x8684, 0x3f8c, 0x600, 0x3eec, 0x602, 0x75e, 0x608, 0x3fa2,
	0x60c, 0x3fa0, 0x610, 0x795, 0x626, 0x3e61, 0x628, 0x3e63, 0x8684, 0x3fac, 0x600, 0x3ef0, 0x602, 0x798, 0x626, 0x3e81,
	0x8628, 0x3e83, 0x626, 0x3fc8, 0x8628, 0x3fca, 0x600, 0x3ef4, 0x602, 0x79a, 0x608, 0x3fc2, 0x60c, 0x3fc0, 0x610, 0x797,
	0x626, 0x3ea1, 0x628, 0x3ea3, 0x8684, 0x3fcc, 0x600, 0x3ef8, 0x602, 0x79c, 0x626, 0x3ec1, 0x628, 0x3ec3, 0x8684, 0x3fec,
	0x60c, 0x9a2, 0x8610, 0x9a6, 0x8602, 0x8a6, 0x600, 0x8a0, 0x60c, 0x9ae, 0x8610, 0x8a2, 0x60c, 0x984, 0x8610, 0x9ba,
	0x8610, 0x9be, 0x600, 0x8ba, 0x608, 0x9c6, 0x60c, 0x872, 0x8610, 0x9ca, 0x8602, 0x8b8, 0x8610, 0x9ce, 0x608, 0x9de,
	0x60c, 0x8bc, 0x610, 0x9e2, 0x8616, 0x9e6, 0x8610, 0x9ea, 0x8610, 0x9f2, 0x8610, 0x9da, 0x8610, 0x8ae, 0x861e, 0x8ee,
	0x8610, 0x9b6, 0x8610, 0x9d6, 0xca6, 0xc44, 0xca8, 0xc46, 0x8caa, 0xc4a, 0x8ca8, 0xc48, 0x8ca8, 0xc4c, 0x8ca8, 0xd84,
	0x8ca8, 0xda6, 0x8ca8, 0xd80, 0x9278, 0x1252, 0x9278, 0x1262, 0x9278, 0x1268, 0x137c, 0x1396, 0x93ae, 0x1398, 0x167c, 0x1696,
	0x16ac, 0x1690, 0x96ae, 0x1698, 0x97ae, 0x1728, 0x177c, 0x1794, 0x97ae, 0x1798, 0x977c, 0x1796, 0x98ac, 0x1890, 0x99aa, 0x1980,
	0x1984, 0x1995, 0x19aa, 0x198e, 0x99ac, 0x1990, 0x1a7c, 0x1a94, 0x9aae, 0x1a98, 0x9a7c, 0x1a96, 0x1b94, 0x1bb4, 0x1b9e, 0x1bb9,
	0x9bbe, 0x1bbc, 0xa05c, 0x204c, 0xb66a, 0x360c, 0xb66a, 0x3610, 0xb66a, 0x3614, 0xb66a, 0x3618, 0xb66a, 0x361c, 0xb66a, 0x3624,
	0xb66a, 0x3676, 0xb66a, 0x367a, 0xb66a, 0x3680, 0xb66a, 0x3682, 0xb66a, 0x3686, 0x8670, 0x4334, 0x8670, 0x4336, 0x8670, 0x435c,
	0x8670, 0x439a, 0x8670, 0x439e, 0x8670, 0x439c, 0x8670, 0x4408, 0x8670, 0x4412, 0x8670, 0x4418, 0x8670, 0x4448, 0x8670, 0x444c,
	0x8670, 0x4482, 0x8670, 0x4488, 0x8670, 0x448e, 0x8670, 0x4492, 0x8670, 0x44da, 0x8670, 0x44c4, 0x8670, 0x44e0, 0x8670, 0x44e2,
	0x8670, 0x44e8, 0x8670, 0x44ea, 0x8670, 0x44f0, 0x8670, 0x44f2, 0x8670, 0x4500, 0x8670, 0x4502, 0x8670, 0x45c0, 0x8670, 0x45c2,
	0x8670, 0x4508, 0x8670, 0x450a, 0x8670, 0x4510, 0x8670, 0x4512, 0x8670, 0x45c4, 0x8670, 0x45c6, 0x8670, 0x4558, 0x8670, 0x455a,
	0x8670, 0x455c, 0x8670, 0x455e, 0x8670, 0x45d4, 0x8670, 0x45d6, 0x8670, 0x45d8, 0x8670, 0x45da, 0xe132, 0x6128, 0xe132, 0x6098,
	0xe132, 0x609c, 0xe132, 0x60a0, 0xe132, 0x60a4, 0xe132, 0x60a8, 0xe132, 0x60ac, 0xe132, 0x60b0, 0xe132, 0x60b4, 0xe132, 0x60b8,
	0xe132, 0x60bc, 0xe132, 0x60c0, 0xe132, 0x60c4, 0xe132, 0x60ca, 0xe132, 0x60ce, 0xe132, 0x60d2, 0x6132, 0x60e0, 0xe134, 0x60e2,
	0x6132, 0x60e6, 0xe134, 0x60e8, 0x6132, 0x60ec, 0xe134, 0x60ee, 0x6132, 0x60f2, 0xe134, 0x60f4, 0x6132, 0x60f8, 0xe134, 0x60fa,
	0xe132, 0x613c, 0xe132, 0x61e8, 0xe132, 0x6158, 0xe132, 0x615c, 0xe132, 0x6160, 0xe132, 0x6164, 0xe132, 0x6168, 0xe132, 0x616c,
	0xe132, 0x6170, 0xe132, 0x6174, 0xe132, 0x6178, 0xe132, 0x617c, 0xe132, 0x6180, 0xe132, 0x6184, 0xe132, 0x618a, 0xe132, 0x618e,
	0xe132, 0x6192, 0x6132, 0x61a0, 0xe134, 0x61a2, 0x6132, 0x61a6, 0xe134, 0x61a8, 0x6132, 0x61ac, 0xe134, 0x61ae, 0x6132, 0x61b2,
	0xe134, 0x61b4, 0x6132, 0x61b8, 0xe134, 0x61ba, 0xe132, 0x61ee, 0xe132, 0x61f0, 0xe132, 0x61f2, 0xe132, 0x61f4, 0xe132, 0x61fc,
	0x860f, 0x2, 0xb92, 0x860f, 0x2, 0xbc8, 0xb489, 0x2e82, 0x2134, 0xb489, 0x2e82, 0x2138, 0xb489, 0x2e82, 0x2156, 0xb489,
	0x49c2, 0x225c, 0xb489, 0x49c2, 0x225e, 0x3489, 0xcf82, 0x2696, 0xb489, 0xd5c2, 0x2698, 0xb489, 0xf242, 0x2706, 0xb489, 0xeec2,
	0x270a, 0xb489, 0xf082, 0x271c, 0xb489, 0xf242, 0x2722, 0x348b, 0x2c02, 0x2978, 0x348b, 0x2e82, 0x2976, 0xb48b, 0x2f42, 0x297c,
	0xb48b, 0x6bc2, 0x2b74, 0xb48b, 0x6bc2, 0x2b76, 0xb48d, 0x4c02, 0x3270, 0xb4b7, 0x59c2, 0xdad3, 0x2, 0xe602, 0x61, 0x302,
	0x600, 0x3d4e, 0x602, 0x3d4a, 0x606, 0x3d56, 0x8612, 0x3d52, 0xe602, 0x61, 0x308, 0x8608, 0x3be, 0xe602, 0x61, 0x30a,
	0x8602, 0x3f6, 0xca02, 0x63, 0x327, 0x8602, 0x3c12, 0xe602, 0x65, 0x302, 0x600, 0x3d82, 0x602, 0x3d7e, 0x606, 0x3d8a,
	0x8612, 0x3d86, 0xe602, 0x69, 0x308, 0x8602, 0x3c5e, 0xe602, 0x6f, 0x302, 0x600, 0x3da6, 0x602, 0x3da2, 0x606, 0x3dae,
	0x8612, 0x3daa, 0xe602, 0x6f, 0x303, 0x602, 0x3c9a, 0x608, 0x45a, 0x8610, 0x3c9e, 0xe602, 0x6f, 0x308, 0x8608, 0x456,
	0xe602, 0x75, 0x308, 0x600, 0x3b8, 0x602, 0x3b0, 0x608, 0x3ac, 0x8618, 0x3b4, 0xe602, 0x61, 0x306, 0x600, 0x3d62,
	0x602, 0x3d5e, 0x606, 0x3d6a, 0x8612, 0x3d66, 0xe602, 0x65, 0x304, 0x600, 0x3c2a, 0x8602, 0x3c2e, 0xe602, 0x6f, 0x304,
	0x600, 0x3ca2, 0x8602, 0x3ca6, 0xe602, 0x73, 0x301, 0x860e, 0x3cca, 0xe602, 0x73, 0x30c, 0x860e, 0x3cce, 0xe602, 0x75,
	0x303, 0x8602, 0x3cf2, 0xe602, 0x75, 0x304, 0x8610, 0x3cf6, 0xd802, 0x6f, 0x31b, 0x600, 0x3dba, 0x602, 0x3db6, 0x606,
	0x3dc2, 0x612, 0x3dbe, 0x8646, 0x3dc6, 0xd802, 0x75, 0x31b, 0x600, 0x3dd6, 0x602, 0x3dd2, 0x606, 0x3dde, 0x612, 0x3dda,
	0x8646, 0x3de2, 0xca02, 0x6f, 0x328, 0x8608, 0x3da, 0xe602, 0x61, 0x307, 0x8608, 0x3c2, 0xca02, 0x65, 0x327, 0x860c,
	0x3c3a, 0xe602, 0x6f, 0x307, 0x8608, 0x462, 0xe602, 0x3b9, 0x308, 0x600, 0x3fa4, 0x602, 0x720, 0x8684, 0x3fae, 0xe602,
	0x3c5, 0x308, 0x600, 0x3fc4, 0x602, 0x760, 0x8684, 0x3fce, 0x2, 0xcc6, 0xcc2, 0x99aa, 0x1996, 0x2, 0xdd9, 0xdcf,
	0x9b94, 0x1bba, 0xdc02, 0x6c, 0x323, 0x8608, 0x3c72, 0xdc02, 0x72, 0x323, 0x8608, 0x3cba, 0xdc02, 0x73, 0x323, 0x860e,
	0x3cd2, 0xdc02, 0x61, 0x323, 0x604, 0x3d5a, 0x860c, 0x3d6e, 0xdc02, 0x65, 0x323, 0x8604, 0x3d8e, 0xdc02, 0x6f, 0x323,
	0x8604, 0x3db2, 0xe602, 0x3b1, 0x313, 0x600, 0x3e04, 0x602, 0x3e08, 0x8684, 0x3e0c, 0xe602, 0x3b1, 0x314, 0x600, 0x3e06,
	0x602, 0x3e0a, 0x8684, 0x3e0e, 0xe602, 0x3b5, 0x313, 0x600, 0x3e24, 0x8602, 0x3e28, 0xe602, 0x3b5, 0x314, 0x600, 0x3e26,
	0x8602, 0x3e2a, 0xe602, 0x3b7, 0x313, 0x600, 0x3e44, 0x602, 0x3e48, 0x8684, 0x3e4c, 0xe602, 0x3b7, 0x314, 0x600, 0x3e46,
	0x602, 0x3e4a, 0x8684, 0x3e4e, 0xe602, 0x3b9, 0x313, 0x600, 0x3e64, 0x602, 0x3e68, 0x8684, 0x3e6c, 0xe602, 0x3b9, 0x314,
	0x600, 0x3e66, 0x602, 0x3e6a, 0x8684, 0x3e6e, 0xe602, 0x3bf, 0x313, 0x600, 0x3e84, 0x8602, 0x3e88, 0xe602, 0x3bf, 0x314,
	0x600, 0x3e86, 0x8602, 0x3e8a, 0xe602, 0x3c5, 0x313, 0x600, 0x3ea4, 0x602, 0x3ea8, 0x8684, 0x3eac, 0xe602, 0x3c5, 0x314,
	0x600, 0x3ea6, 0x602, 0x3eaa, 0x8684, 0x3eae, 0xe602, 0x3c9, 0x313, 0x600, 0x3ec4, 0x602, 0x3ec8, 0x8684, 0x3ecc, 0xe602,
	0x3c9, 0x314, 0x600, 0x3ec6, 0x602, 0x3eca, 0x8684, 0x3ece, 0x4, 0xd81b, 0xdd63, 0xd81b, 0xdd67, 0xb4b7, 0x59c2, 0xdad4,
	0x3, 0xe602, 0x61, 0x300, 0xe602, 0x61, 0x301, 0xe602, 0x61, 0x303, 0xe602, 0x65, 0x300, 0xe602, 0x65, 0x301,
	0xe602, 0x65, 0x308, 0xe602, 0x69, 0x300, 0xe602, 0x69, 0x301, 0xe602, 0x69, 0x302, 0xe602, 0x6e, 0x303, 0xe602,
	0x6f, 0x300, 0xe602, 0x6f, 0x301, 0xe602, 0x75, 0x300, 0xe602, 0x75, 0x301, 0xe602, 0x75, 0x302, 0xe602, 0x79,
	0x301, 0xe602, 0x79, 0x308, 0xe602, 0x61, 0x304, 0xca02, 0x61, 0x328, 0xe602, 0x63, 0x301, 0xe602, 0x63, 0x302,
	0xe602, 0x63, 0x307, 0xe602, 0x63, 0x30c, 0xe602, 0x64, 0x30c, 0xe602, 0x65, 0x306, 0xe602, 0x65, 0x307, 0xca02,
	0x65, 0x328, 0xe602, 0x65, 0x30c, 0xe602, 0x67, 0x302, 0xe602, 0x67, 0x306, 0xe602, 0x67, 0x307, 0xca02, 0x67,
	0x327, 0xe602, 0x68, 0x302, 0xe602, 0x69, 0x303, 0xe602, 0x69, 0x304, 0xe602, 0x69, 0x306, 0xca02, 0x69, 0x328,
	0xe602, 0x6a, 0x302, 0xca02, 0x6b, 0x327, 0xe602, 0x6c, 0x301, 0xca02, 0x6c, 0x327, 0xe602, 0x6c, 0x30c, 0xe602,
	0x6e, 0x301, 0xca02, 0x6e, 0x327, 0xe602, 0x6e, 0x30c, 0xe602, 0x6f, 0x306, 0xe602, 0x6f, 0x30b, 0xe602, 0x72,
	0x301, 0xca02, 0x72, 0x327, 0xe602, 0x72, 0x30c, 0xe602, 0x73, 0x302, 0xca02, 0x73, 0x327, 0xca02, 0x74, 0x327,
	0xe602, 0x74, 0x30c, 0xe602, 0x75, 0x306, 0xe602, 0x75, 0x30a, 0xe602, 0x75, 0x30b, 0xca02, 0x75, 0x328, 0xe602,
	0x77, 0x302, 0xe602, 0x79, 0x302, 0xe602, 0x7a, 0x301, 0xe602, 0x7a, 0x307, 0xe602, 0x7a, 0x30c, 0xe602, 0x61,
	0x30c, 0xe602, 0x69, 0x30c, 0xe602, 0x6f, 0x30c, 0xe602, 0x75, 0x30c, 0xfc, 0xe643, 0x75, 0x308, 0x304, 0xfc,
	0xe643, 0x75, 0x308, 0x301, 0xfc, 0xe643, 0x75, 0x308, 0x30c, 0xfc, 0xe643, 0x75, 0x308, 0x300, 0xe4, 0xe643,
	0x61, 0x308, 0x304, 0x227, 0xe643, 0x61, 0x307, 0x304, 0xe602, 0xe6, 0x304, 0xe602, 0x67, 0x30c, 0xe602, 0x6b,
	0x30c, 0x1eb, 0xe643, 0x6f, 0x328, 0x304, 0xe602, 0x292, 0x30c, 0xe602, 0x6a, 0x30c, 0xe602, 0x67, 0x301, 0xe602,
	0x6e, 0x300, 0xe5, 0xe643, 0x61, 0x30a, 0x301, 0xe602, 0xe6, 0x301, 0xe602, 0xf8, 0x301, 0xe602, 0x61, 0x30f,
	0xe602, 0x61, 0x311, 0xe602, 0x65, 0x30f, 0xe602, 0x65, 0x311, 0xe602, 0x69, 0x30f, 0xe602, 0x69, 0x311, 0xe602,
	0x6f, 0x30f, 0xe602, 0x6f, 0x311, 0xe602, 0x72, 0x30f, 0xe602, 0x72, 0x311, 0xe602, 0x75, 0x30f, 0xe602, 0x75,
	0x311, 0xdc02, 0x73, 0x326, 0xdc02, 0x74, 0x326, 0xe602, 0x68, 0x30c, 0xf6, 0xe643, 0x6f, 0x308, 0x304, 0xf5,
	0xe643, 0x6f, 0x303, 0x304, 0x22f, 0xe643, 0x6f, 0x307, 0x304, 0xe602, 0x79, 0x304, 0x3ca, 0xe643, 0x3b9, 0x308,
	0x301, 0xe602, 0x3b1, 0x301, 0xe602, 0x3b5, 0x301, 0xe602, 0x3b7, 0x301, 0xe602, 0x3b9, 0x301, 0x3cb, 0xe643, 0x3c5,
	0x308, 0x301, 0xe602, 0x3bf, 0x301, 0xe602, 0x3c5, 0x301, 0xe602, 0x3c9, 0x301, 0xe602, 0x438, 0x306, 0xe602, 0x435,
	0x300, 0xe602, 0x435, 0x308, 0xe602, 0x433, 0x301, 0xe602, 0x456, 0x308, 0xe602, 0x43a, 0x301, 0xe602, 0x438, 0x300,
	0xe602, 0x443, 0x306, 0xe602, 0x475, 0x30f, 0xe602, 0x436, 0x306, 0xe602, 0x430, 0x306, 0xe602, 0x430, 0x308, 0xe602,
	0x435, 0x306, 0xe602, 0x4d9, 0x308, 0xe602, 0x436, 0x308, 0xe602, 0x437, 0x308, 0xe602, 0x438, 0x304, 0xe602, 0x438,
	0x308, 0xe602, 0x43e, 0x308, 0xe602, 0x4e9, 0x308, 0xe602, 0x44d, 0x308, 0xe602, 0x443, 0x304, 0xe602, 0x443, 0x308,
	0xe602, 0x443, 0x30b, 0xe602, 0x447, 0x308, 0xe602, 0x44b, 0x308, 0xe602, 0x627, 0x653, 0xe602, 0x627, 0x654, 0xe602,
	0x648, 0x654, 0xdc02, 0x627, 0x655, 0xe602, 0x64a, 0x654, 0xe602, 0x6d5, 0x654, 0xe602, 0x6c1, 0x654, 0xe602, 0x6d2,
	0x654, 0x702, 0x928, 0x93c, 0x702, 0x930, 0x93c, 0x702, 0x933, 0x93c, 0x2, 0x9c7, 0x9be, 0x2, 0x9c7, 0x9d7,
	0x2, 0xb47, 0xb56, 0x2, 0xb47, 0xb3e, 0x2, 0xb47, 0xb57, 0x2, 0xb92, 0xbd7, 0x2, 0xbc6, 0xbbe, 0x2,
	0xbc7, 0xbbe, 0x2, 0xbc6, 0xbd7, 0x5b02, 0xc46, 0xc56, 0x2, 0xcbf, 0xcd5, 0x2, 0xcc6, 0xcd5, 0x2, 0xcc6,
	0xcd6, 0xcca, 0x43, 0xcc6, 0xcc2, 0xcd5, 0x2, 0xd46, 0xd3e, 0x2, 0xd47, 0xd3e, 0x2, 0xd46, 0xd57, 0x902,
	0xdd9, 0xdca, 0xddc, 0x943, 0xdd9, 0xdcf, 0xdca, 0x2, 0xdd9, 0xddf, 0x2, 0x1025, 0x102e, 0x2, 0x1b05, 0x1b35,
	0x2, 0x1b07, 0x1b35, 0x2, 0x1b09, 0x1b35, 0x2, 0x1b0b, 0x1b35, 0x2, 0x1b0d, 0x1b35, 0x2, 0x1b11, 0x1b35, 0x2,
	0x1b3a, 0x1b35, 0x2, 0x1b3c, 0x1b35, 0x2, 0x1b3e, 0x1b35, 0x2, 0x1b3f, 0x1b35, 0x2, 0x1b42, 0x1b35, 0xdc02, 0x61,
	0x325, 0xe602, 0x62, 0x307, 0xdc02, 0x62, 0x323, 0xdc02, 0x62, 0x331, 0xe7, 0xe643, 0x63, 0x327, 0x301, 0xe602,
	0x64, 0x307, 0xdc02, 0x64, 0x323, 0xdc02, 0x64, 0x331, 0xca02, 0x64, 0x327, 0xdc02, 0x64, 0x32d, 0x113, 0xe643,
	0x65, 0x304, 0x300, 0x113, 0xe643, 0x65, 0x304, 0x301, 0xdc02, 0x65, 0x32d, 0xdc02, 0x65, 0x330, 0x229, 0xe643,
	0x65, 0x327, 0x306, 0xe602, 0x66, 0x307, 0xe602, 0x67, 0x304, 0xe602, 0x68, 0x307, 0xdc02, 0x68, 0x323, 0xe602,
	0x68, 0x308, 0xca02, 0x68, 0x327, 0xdc02, 0x68, 0x32e, 0xdc02, 0x69, 0x330, 0xef, 0xe643, 0x69, 0x308, 0x301,
	0xe602, 0x6b, 0x301, 0xdc02, 0x6b, 0x323, 0xdc02, 0x6b, 0x331, 0x1e37, 0xe643, 0x6c, 0x323, 0x304, 0xdc02, 0x6c,
	0x331, 0xdc02, 0x6c, 0x32d, 0xe602, 0x6d, 0x301, 0xe602, 0x6d, 0x307, 0xdc02, 0x6d, 0x323, 0xe602, 0x6e, 0x307,
	0xdc02, 0x6e, 0x323, 0xdc02, 0x6e, 0x331, 0xdc02, 0x6e, 0x32d, 0xf5, 0xe643, 0x6f, 0x303, 0x301, 0xf5, 0xe643,
	0x6f, 0x303, 0x308, 0x14d, 0xe643, 0x6f, 0x304, 0x300, 0x14d, 0xe643, 0x6f, 0x304, 0x301, 0xe602, 0x70, 0x301,
	0xe602, 0x70, 0x307, 0xe602, 0x72, 0x307, 0x1e5b, 0xe643, 0x72, 0x323, 0x304, 0xdc02, 0x72, 0x331, 0xe602, 0x73,
	0x307, 0x15b, 0xe643, 0x73, 0x301, 0x307, 0x161, 0xe643, 0x73, 0x30c, 0x307, 0x1e63, 0xe643, 0x73, 0x323, 0x307,
	0xe602, 0x74, 0x307, 0xdc02, 0x74, 0x323, 0xdc02, 0x74, 0x331, 0xdc02, 0x74, 0x32d, 0xdc02, 0x75, 0x324, 0xdc02,
	0x75, 0x330, 0xdc02, 0x75, 0x32d, 0x169, 0xe643, 0x75, 0x303, 0x301, 0x16b, 0xe643, 0x75, 0x304, 0x308, 0xe602,
	0x76, 0x303, 0xdc02, 0x76, 0x323, 0xe602, 0x77, 0x300, 0xe602, 0x77, 0x301, 0xe602, 0x77, 0x308, 0xe602, 0x77,
	0x307, 0xdc02, 0x77, 0x323, 0xe602, 0x78, 0x307, 0xe602, 0x78, 0x308, 0xe602, 0x79, 0x307, 0xe602, 0x7a, 0x302,
	0xdc02, 0x7a, 0x323, 0xdc02, 0x7a, 0x331, 0xdc02, 0x68, 0x331, 0xe602, 0x74, 0x308, 0xe602, 0x77, 0x30a, 0xe602,
	0x79, 0x30a, 0xe602, 0x61, 0x309, 0xe2, 0xe643, 0x61, 0x302, 0x301, 0xe2, 0xe643, 0x61, 0x302, 0x300, 0xe2,
	0xe643, 0x61, 0x302, 0x309, 0xe2, 0xe643, 0x61, 0x302, 0x303, 0x1ea1, 0xe643, 0x61, 0x323, 0x302, 0x103, 0xe643,
	0x61, 0x306, 0x301, 0x103, 0xe643, 0x61, 0x306, 0x300, 0x103, 0xe643, 0x61, 0x306, 0x309, 0x103, 0xe643, 0x61,
	0x306, 0x303, 0x1ea1, 0xe643, 0x61, 0x323, 0x306, 0xe602, 0x65, 0x309, 0xe602, 0x65, 0x303, 0xea, 0xe643, 0x65,
	0x302, 0x301, 0xea, 0xe643, 0x65, 0x302, 0x300, 0xea, 0xe643, 0x65, 0x302, 0x309, 0xea, 0xe643, 0x65, 0x302,
	0x303, 0x1eb9, 0xe643, 0x65, 0x323, 0x302, 0xe602, 0x69, 0x309, 0xdc02, 0x69, 0x323, 0xe602, 0x6f, 0x309, 0xf4,
	0xe643, 0x6f, 0x302, 0x301, 0xf4, 0xe643, 0x6f, 0x302, 0x300, 0xf4, 0xe643, 0x6f, 0x302, 0x309, 0xf4, 0xe643,
	0x6f, 0x302, 0x303, 0x1ecd, 0xe643, 0x6f, 0x323, 0x302, 0x1a1, 0xe643, 0x6f, 0x31b, 0x301, 0x1a1, 0xe643, 0x6f,
	0x31b, 0x300, 0x1a1, 0xe643, 0x6f, 0x31b, 0x309, 0x1a1, 0xe643, 0x6f, 0x31b, 0x303, 0x1a1, 0xdc43, 0x6f, 0x31b,
	0x323, 0xdc02, 0x75, 0x323, 0xe602, 0x75, 0x309, 0x1b0, 0xe643, 0x75, 0x31b, 0x301, 0x1b0, 0xe643, 0x75, 0x31b,
	0x300, 0x1b0, 0xe643, 0x75, 0x31b, 0x309, 0x1b0, 0xe643, 0x75, 0x31b, 0x303, 0x1b0, 0xdc43, 0x75, 0x31b, 0x323,
	0xe602, 0x79, 0x300, 0xdc02, 0x79, 0x323, 0xe602, 0x79, 0x309, 0xe602, 0x79, 0x303, 0x1f00, 0xe643, 0x3b1, 0x313,
	0x300, 0x1f01, 0xe643, 0x3b1, 0x314, 0x300, 0x1f00, 0xe643, 0x3b1, 0x313, 0x301, 0x1f01, 0xe643, 0x3b1, 0x314, 0x301,
	0x1f00, 0xe643, 0x3b1, 0x313, 0x342, 0x1f01, 0xe643, 0x3b1, 0x314, 0x342, 0x1f10, 0xe643, 0x3b5, 0x313, 0x300, 0x1f11,
	0xe643, 0x3b5, 0x314, 0x300, 0x1f10, 0xe643, 0x3b5, 0x313, 0x301, 0x1f11, 0xe643, 0x3b5, 0x314, 0x301, 0x1f20, 0xe643,
	0x3b7, 0x313, 0x300, 0x1f21, 0xe643, 0x3b7, 0x314, 0x300, 0x1f20, 0xe643, 0x3b7, 0x313, 0x301, 0x1f21, 0xe643, 0x3b7,
	0x314, 0x301, 0x1f20, 0xe643, 0x3b7, 0x313, 0x342, 0x1f21, 0xe643, 0x3b7, 0x314, 0x342, 0x1f30, 0xe643, 0x3b9, 0x313,
	0x300, 0x1f31, 0xe643, 0x3b9, 0x314, 0x300, 0x1f30, 0xe643, 0x3b9, 0x313, 0x301, 0x1f31, 0xe643, 0x3b9, 0x314, 0x301,
	0x1f30, 0xe643, 0x3b9, 0x313, 0x342, 0x1f31, 0xe643, 0x3b9, 0x314, 0x342, 0x1f40, 0xe643, 0x3bf, 0x313, 0x300, 0x1f41,
	0xe643, 0x3bf, 0x314, 0x300, 0x1f40, 0xe643, 0x3bf, 0x313, 0x301, 0x1f41, 0xe643, 0x3bf, 0x314, 0x301, 0x1f50, 0xe643,
	0x3c5, 0x313, 0x300, 0x1f51, 0xe643, 0x3c5, 0x314, 0x300, 0x1f50, 0xe643, 0x3c5, 0x313, 0x301, 0x1f51, 0xe643, 0x3c5,
	0x314, 0x301, 0x1f50, 0xe643, 0x3c5, 0x313, 0x342, 0x1f51, 0xe643, 0x3c5, 0x314, 0x342, 0x1f60, 0xe643, 0x3c9, 0x313,
	0x300, 0x1f61, 0xe643, 0x3c9, 0x314, 0x300, 0x1f60, 0xe643, 0x3c9, 0x313, 0x301, 0x1f61, 0xe643, 0x3c9, 0x314, 0x301,
	0x1f60, 0xe643, 0x3c9, 0x313, 0x342, 0x1f61, 0xe643, 0x3c9, 0x314, 0x342, 0xe602, 0x3b1, 0x300, 0xe602, 0x3b5, 0x300,
	0xe602, 0x3b7, 0x300, 0xe602, 0x3b9, 0x300, 0xe602, 0x3bf, 0x300, 0xe602, 0x3c5, 0x300, 0xe602, 0x3c9, 0x300, 0xe602,
	0x3b1, 0x306, 0xe602, 0x3b1, 0x304, 0xe602, 0x3b1, 0x342, 0xe602, 0x3b7, 0x342, 0xe602, 0x3b9, 0x306, 0xe602, 0x3b9,
	0x304, 0x3ca, 0xe643, 0x3b9, 0x308, 0x300, 0xe602, 0x3b9, 0x342, 0x3ca, 0xe643, 0x3b9, 0x308, 0x342, 0xe602, 0x3c5,
	0x306, 0xe602, 0x3c5, 0x304, 0x3cb, 0xe643, 0x3c5, 0x308, 0x300, 0xe602, 0x3c1, 0x313, 0xe602, 0x3c1, 0x314, 0xe602,
	0x3c5, 0x342, 0x3cb, 0xe643, 0x3c5, 0x308, 0x342, 0xe602, 0x3c9, 0x342, 0x102, 0x2190, 0x338, 0x102, 0x2192, 0x338,
	0x102, 0x2194, 0x338, 0x102, 0x21d0, 0x338, 0x102, 0x21d4, 0x338, 0x102, 0x21d2, 0x338, 0x102, 0x2203, 0x338, 0x102,
	0x2208, 0x338, 0x102, 0x220b, 0x338, 0x102, 0x2223, 0x338, 0x102, 0x2225, 0x338, 0x102, 0x223c, 0x338, 0x102, 0x2243,
	0x338, 0x102, 0x2245, 0x338, 0x102, 0x2248, 0x338, 0x102, 0x3d, 0x338, 0x102, 0x2261, 0x338, 0x102, 0x224d, 0x338,
	0x102, 0x3c, 0x338, 0x102, 0x3e, 0x338, 0x102, 0x2264, 0x338, 0x102, 0x2265, 0x338, 0x102, 0x2272, 0x338, 0x102,
	0x2273, 0x338, 0x102, 0x2276, 0x338, 0x102, 0x2277, 0x338, 0x102, 0x227a, 0x338, 0x102, 0x227b, 0x338, 0x102, 0x2282,
	0x338, 0x102, 0x2283, 0x338, 0x102, 0x2286, 0x338, 0x102, 0x2287, 0x338, 0x102, 0x22a2, 0x338, 0x102, 0x22a8, 0x338,
	0x102, 0x22a9, 0x338, 0x102, 0x22ab, 0x338, 0x102, 0x227c, 0x338, 0x102, 0x227d, 0x338, 0x102, 0x2291, 0x338, 0x102,
	0x2292, 0x338, 0x102, 0x22b2, 0x338, 0x102, 0x22b3, 0x338, 0x102, 0x22b4, 0x338, 0x102, 0x22b5, 0x338, 0x802, 0x304b,
	0x3099, 0x802, 0x304d, 0x3099, 0x802, 0x304f, 0x3099, 0x802, 0x3051, 0x3099, 0x802, 0x3053, 0x3099, 0x802, 0x3055, 0x3099,
	0x802, 0x3057, 0x3099, 0x802, 0x3059, 0x3099, 0x802, 0x305b, 0x3099, 0x802, 0x305d, 0x3099, 0x802, 0x305f, 0x3099, 0x802,
	0x3061, 0x3099, 0x802, 0x3064, 0x3099, 0x802, 0x3066, 0x3099, 0x802, 0x3068, 0x3099, 0x802, 0x306f, 0x3099, 0x802, 0x306f,
	0x309a, 0x802, 0x3072, 0x3099, 0x802, 0x3072, 0x309a, 0x802, 0x3075, 0x3099, 0x802, 0x3075, 0x309a, 0x802, 0x3078, 0x3099,
	0x802, 0x3078, 0x309a, 0x802, 0x307b, 0x3099, 0x802, 0x307b, 0x309a, 0x802, 0x3046, 0x3099, 0x802, 0x309d, 0x3099, 0x802,
	0x30ab, 0x3099, 0x802, 0x30ad, 0x3099, 0x802, 0x30af, 0x3099, 0x802, 0x30b1, 0x3099, 0x802, 0x30b3, 0x3099, 0x802, 0x30b5,
	0x3099, 0x802, 0x30b7, 0x3099, 0x802, 0x30b9, 0x3099, 0x802, 0x30bb, 0x3099, 0x802, 0x30bd, 0x3099, 0x802, 0x30bf, 0x3099,
	0x802, 0x30c1, 0x3099, 0x802, 0x30c4, 0x3099, 0x802, 0x30c6, 0x3099, 0x802, 0x30c8, 0x3099, 0x802, 0x30cf, 0x3099, 0x802,
	0x30cf, 0x309a, 0x802, 0x30d2, 0x3099, 0x802, 0x30d2, 0x309a, 0x802, 0x30d5, 0x3099, 0x802, 0x30d5, 0x309a, 0x802, 0x30d8,
	0x3099, 0x802, 0x30d8, 0x309a, 0x802, 0x30db, 0x3099, 0x802, 0x30db, 0x309a, 0x802, 0x30a6, 0x3099, 0x802, 0x30ef, 0x3099,
	0x802, 0x30f0, 0x3099, 0x802, 0x30f1, 0x3099, 0x802, 0x30f2, 0x3099, 0x802, 0x30fd, 0x3099, 0xe603, 0xd801, 0xddd2, 0x307,
	0xe603, 0xd801, 0xddda, 0x307, 0x704, 0xd804, 0xdc99, 0xd804, 0xdcba, 0x704, 0xd804, 0xdc9b, 0xd804, 0xdcba, 0x704, 0xd804,
	0xdca5, 0xd804, 0xdcba, 0x4, 0xd804, 0xdd31, 0xd804, 0xdd27, 0x4, 0xd804, 0xdd32, 0xd804, 0xdd27, 0x4, 0xd804, 0xdf47,
	0xd804, 0xdf3e, 0x4, 0xd804, 0xdf47, 0xd804, 0xdf57, 0x4, 0xd804, 0xdf82, 0xd804, 0xdfc9, 0x4, 0xd804, 0xdf84, 0xd804,
	0xdfbb, 0x4, 0xd804, 0xdf8b, 0xd804, 0xdfc2, 0x4, 0xd804, 0xdf90, 0xd804, 0xdfc9, 0x4, 0xd805, 0xdcb9, 0xd805, 0xdcba,
	0x4, 0xd805, 0xdcb9, 0xd805, 0xdcb0, 0x4, 0xd805, 0xdcb9, 0xd805, 0xdcbd, 0x4, 0xd805, 0xddb8, 0xd805, 0xddaf, 0x4,
	0xd805, 0xddb9, 0xd805, 0xddaf, 0x4, 0xd806, 0xdd35, 0xd806, 0xdd30, 0xd81b, 0xdd69, 0xd81b, 0xdd67, 0x4, 0x46, 0xd81b,
	0xdd63, 0xd81b, 0xdd67, 0xd81b, 0xdd67, 0x1, 0xfffd, 0x1, 0x20, 0xe602, 0x20, 0x308, 0x1, 0x61, 0xe602, 0x20,
	0x304, 0x1, 0x32, 0x1, 0x33, 0xe602, 0x20, 0x301, 0x1, 0x3bc, 0xca02, 0x20, 0x327, 0x1, 0x31, 0x1,
	0x6f, 0x3, 0x31, 0x2044, 0x34, 0x3, 0x31, 0x2044, 0x32, 0x3, 0x33, 0x2044, 0x34, 0xe602, 0x69, 0x307,
	0x2, 0x69, 0x6a, 0x2, 0x6c, 0xb7, 0x2, 0x2bc, 0x6e, 0x1, 0x73, 0x1, 0x253, 0x1, 0x254, 0x1,
	0x256, 0x1, 0x257, 0x1, 0x1dd, 0x1, 0x259, 0x1, 0x25b, 0x1, 0x260, 0x1, 0x263, 0x1, 0x269, 0x1,
	0x268, 0x1, 0x26f, 0x1, 0x272, 0x1, 0x275, 0x1, 0x280, 0x1, 0x283, 0x1, 0x288, 0x1, 0x28a, 0x1,
	0x28b, 0x1, 0x292, 0x2, 0x6c, 0x6a, 0x2, 0x6e, 0x6a, 0x2, 0x64, 0x7a, 0x1, 0x195, 0x1, 0x19e,
	0x1, 0x2c65, 0x1, 0x19a, 0x1, 0x2c66, 0x1, 0x180, 0x1, 0x289, 0x1, 0x28c, 0x1, 0x68, 0x1, 0x266,
	0x1, 0x6a, 0x1, 0x72, 0x1, 0x77, 0x1, 0x79, 0xe602, 0x20, 0x306, 0xe602, 0x20, 0x307, 0xe602, 0x20,
	0x30a, 0xca02, 0x20, 0x328, 0xe602, 0x20, 0x303, 0xe602, 0x20, 0x30b, 0x1, 0x6c, 0x1, 0x78, 0x1, 0x295,
	0xf0, 0x81, 0x3b9, 0x1, 0x2b9, 0x2, 0x20, 0x3b9, 0x1, 0x3b, 0x1, 0x3f3, 0xe603, 0x20, 0x308, 0x301,
	0x1, 0xb7, 0x1, 0x37b, 0x1, 0x37c, 0x1, 0x37d, 0x1, 0x452, 0x1, 0x454, 0x1, 0x455, 0x1, 0x456,
	0x1, 0x458, 0x1, 0x459, 0x1, 0x45a, 0x1, 0x45b, 0x1, 0x45f, 0x2, 0x565, 0x582, 0x2, 0x627, 0x674,
	0x2, 0x648, 0x674, 0x2, 0x6c7, 0x674, 0x2, 0x64a, 0x674, 0x702, 0x915, 0x93c, 0x702, 0x916, 0x93c, 0x702,
	0x917, 0x93c, 0x702, 0x91c, 0x93c, 0x702, 0x921, 0x93c, 0x702, 0x922, 0x93c, 0x702, 0x92b, 0x93c, 0x702, 0x92f,
	0x93c, 0x702, 0x9a1, 0x9bc, 0x702, 0x9a2, 0x9bc, 0x702, 0x9af, 0x9bc, 0x702, 0xa32, 0xa3c, 0x702, 0xa38, 0xa3c,
	0x702, 0xa16, 0xa3c, 0x702, 0xa17, 0xa3c, 0x702, 0xa1c, 0xa3c, 0x702, 0xa2b, 0xa3c, 0x702, 0xb21, 0xb3c, 0x702,
	0xb22, 0xb3c, 0x2, 0xe4d, 0xe32, 0x2, 0xecd, 0xeb2, 0x2, 0xeab, 0xe99, 0x2, 0xeab, 0xea1, 0x2, 0xf42,
	0xfb7, 0x2, 0xf4c, 0xfb7, 0x2, 0xf51, 0xfb7, 0x2, 0xf56, 0xfb7, 0x2, 0xf5b, 0xfb7, 0x2, 0xf40, 0xfb5,
	0x8202, 0xfb2, 0xf80, 0x8203, 0xfb2, 0xf71, 0xf80, 0x8202, 0xfb3, 0xf80, 0x8203, 0xfb3, 0xf71, 0xf80, 0x2, 0xf92,
	0xfb7, 0x2, 0xf9c, 0xfb7, 0x2, 0xfa1, 0xfb7, 0x2, 0xfa6, 0xfb7, 0x2, 0xfab, 0xfb7, 0x2, 0xf90, 0xfb5,
	0x1, 0x2d00, 0x1, 0x2d01, 0x1, 0x2d02, 0x1, 0x2d03, 0x1, 0x2d04, 0x1, 0x2d05, 0x1, 0x2d06, 0x1, 0x2d07,
	0x1, 0x2d08, 0x1, 0x2d09, 0x1, 0x2d0a, 0x1, 0x2d0b, 0x1, 0x2d0c, 0x1, 0x2d0d, 0x1, 0x2d0e, 0x1, 0x2d0f,
	0x1, 0x2d10, 0x1, 0x2d11, 0x1, 0x2d12, 0x1, 0x2d13, 0x1, 0x2d14, 0x1, 0x2d15, 0x1, 0x2d16, 0x1, 0x2d17,
	0x1, 0x2d18, 0x1, 0x2d19, 0x1, 0x2d1a, 0x1, 0x2d1b, 0x1, 0x2d1c, 0x1, 0x2d1d, 0x1, 0x2d1e, 0x1, 0x2d1f,
	0x1, 0x2d20, 0x1, 0x2d21, 0x1, 0x2d22, 0x1, 0x2d23, 0x1, 0x2d24, 0x1, 0x2d25, 0x1, 0x2d27, 0x1, 0x2d2d,
	0x1, 0x432, 0x1, 0x434, 0x1, 0x43e, 0x1, 0x441, 0x1, 0x442, 0x1, 0x44a, 0x1, 0x463, 0x1, 0xa64b,
	0x1, 0x10d0, 0x1, 0x10d1, 0x1, 0x10d2, 0x1, 0x10d3, 0x1, 0x10d4, 0x1, 0x10d5, 0x1, 0x10d6, 0x1, 0x10d7,
	0x1, 0x10d8, 0x1, 0x10d9, 0x1, 0x10da, 0x1, 0x10db, 0x1, 0x10dc, 0x1, 0x10dd, 0x1, 0x10de, 0x1, 0x10df,
	0x1, 0x10e0, 0x1, 0x10e1, 0x1, 0x10e2, 0x1, 0x10e3, 0x1, 0x10e4, 0x1, 0x10e5, 0x1, 0x10e6, 0x1, 0x10e7,
	0x1, 0x10e8, 0x1, 0x10e9, 0x1, 0x10ea, 0x1, 0x10eb, 0x1, 0x10ec, 0x1, 0x10ed, 0x1, 0x10ee, 0x1, 0x10ef,
	0x1, 0x10f0, 0x1, 0x10f1, 0x1, 0x10f2, 0x1, 0x10f3, 0x1, 0x10f4, 0x1, 0x10f5, 0x1, 0x10f6, 0x1, 0x10f7,
	0x1, 0x10f8, 0x1, 0x10f9, 0x1, 0x10fa, 0x1, 0x10fd, 0x1, 0x10fe, 0x1, 0x10ff, 0x1, 0xe6, 0x1, 0x62,
	0x1, 0x64, 0x1, 0x65, 0x1, 0x67, 0x1, 0x69, 0x1, 0x6b, 0x1, 0x6d, 0x1, 0x6e, 0x1, 0x223,
	0x1, 0x70, 0x1, 0x74, 0x1, 0x75, 0x1, 0x250, 0x1, 0x251, 0x1, 0x1d02, 0x1, 0x25c, 0x1, 0x14b,
	0x1, 0x76, 0x1, 0x3b2, 0x1, 0x3b3, 0x1, 0x3b4, 0x1, 0x3c6, 0x1, 0x3c7, 0x1, 0x3c1, 0x1, 0x43d,
	0x1, 0x252, 0x1, 0x63, 0x1, 0x255, 0x1, 0xf0, 0x1, 0x66, 0x1, 0x25f, 0x1, 0x261, 0x1, 0x265,
	0x1, 0x26a, 0x1, 0x29d, 0x1, 0x26d, 0x1, 0x29f, 0x1, 0x271, 0x1, 0x270, 0x1, 0x273, 0x1, 0x274,
	0x1, 0x278, 0x1, 0x282, 0x1, 0x1ab, 0x1, 0x1d1c, 0x1, 0x7a, 0x1, 0x290, 0x1, 0x291, 0x1, 0x3b8,
	0x2, 0x61, 0x2be, 0x1, 0xdf, 0x2, 0x3b1, 0x3b9, 0xe602, 0x20, 0x313, 0x1, 0x3b9, 0xe602, 0x20, 0x342,
	0xe603, 0x20, 0x308, 0x342, 0x2, 0x3b7, 0x3b9, 0xe603, 0x20, 0x313, 0x300, 0xe603, 0x20, 0x313, 0x301, 0xe603,
	0x20, 0x313, 0x342, 0xe603, 0x20, 0x314, 0x300, 0xe603, 0x20, 0x314, 0x301, 0xe603, 0x20, 0x314, 0x342, 0xe603,
	0x20, 0x308, 0x300, 0x1, 0x60, 0x2, 0x3c9, 0x3b9, 0xe602, 0x20, 0x314, 0xdc02, 0x20, 0x333, 0x2, 0x2032,
	0x2032, 0x3, 0x2032, 0x2032, 0x2032, 0x2, 0x2035, 0x2035, 0x3, 0x2035, 0x2035, 0x2035, 0x2, 0x21, 0x21, 0xe602,
	0x20, 0x305, 0x2, 0x3f, 0x3f, 0x2, 0x3f, 0x21, 0x2, 0x21, 0x3f, 0x4, 0x2032, 0x2032, 0x2032, 0x2032,
	0x1, 0x30, 0x1, 0x34, 0x1, 0x35, 0x1, 0x36, 0x1, 0x37, 0x1, 0x38, 0x1, 0x39, 0x1, 0x2b,
	0x1, 0x2212, 0x1, 0x3d, 0x1, 0x28, 0x1, 0x29, 0x2, 0x72, 0x73, 0x3, 0x61, 0x2f, 0x63, 0x3,
	0x61, 0x2f, 0x73, 0x2, 0xb0, 0x63, 0x3, 0x63, 0x2f, 0x6f, 0x3, 0x63, 0x2f, 0x75, 0x2, 0xb0,
	0x66, 0x1, 0x127, 0x2, 0x6e, 0x6f, 0x1, 0x71, 0x2, 0x73, 0x6d, 0x3, 0x74, 0x65, 0x6c, 0x2,
	0x74, 0x6d, 0x1, 0x3c9, 0x1, 0x5d0, 0x1, 0x5d1, 0x1, 0x5d2, 0x1, 0x5d3, 0x3, 0x66, 0x61, 0x78,
	0x1, 0x3c0, 0x1, 0x2211, 0x3, 0x31, 0x2044, 0x37, 0x3, 0x31, 0x2044, 0x39, 0x4, 0x31, 0x2044, 0x31,
	0x30, 0x3, 0x31, 0x2044, 0x33, 0x3, 0x32, 0x2044, 0x33, 0x3, 0x31, 0x2044, 0x35, 0x3, 0x32, 0x2044,
	0x35, 0x3, 0x33, 0x2044, 0x35, 0x3, 0x34, 0x2044, 0x35, 0x3, 0x31, 0x2044, 0x36, 0x3, 0x35, 0x2044,
	0x36, 0x3, 0x31, 0x2044, 0x38, 0x3, 0x33, 0x2044, 0x38, 0x3, 0x35, 0x2044, 0x38, 0x3, 0x37, 0x2044,
	0x38, 0x2, 0x31, 0x2044, 0x2, 0x69, 0x69, 0x3, 0x69, 0x69, 0x69, 0x2, 0x69, 0x76, 0x2, 0x76,
	0x69, 0x3, 0x76, 0x69, 0x69, 0x4, 0x76, 0x69, 0x69, 0x69, 0x2, 0x69, 0x78, 0x2, 0x78, 0x69,
	0x3, 0x78, 0x69, 0x69, 0x3, 0x30, 0x2044, 0x33, 0x2, 0x222b, 0x222b, 0x3, 0x222b, 0x222b, 0x222b, 0x2,
	0x222e, 0x222e, 0x3, 0x222e, 0x222e, 0x222e, 0x1, 0x3008, 0x1, 0x3009, 0x2, 0x31, 0x30, 0x2, 0x31, 0x31,
	0x2, 0x31, 0x32, 0x2, 0x31, 0x33, 0x2, 0x31, 0x34, 0x2, 0x31, 0x35, 0x2, 0x31, 0x36, 0x2,
	0x31, 0x37, 0x2, 0x31, 0x38, 0x2, 0x31, 0x39, 0x2, 0x32, 0x30, 0x3, 0x28, 0x31, 0x29, 0x3,
	0x28, 0x32, 0x29, 0x3, 0x28, 0x33, 0x29, 0x3, 0x28, 0x34, 0x29, 0x3, 0x28, 0x35, 0x29, 0x3,
	0x28, 0x36, 0x29, 0x3, 0x28, 0x37, 0x29, 0x3, 0x28, 0x38, 0x29, 0x3, 0x28, 0x39, 0x29, 0x4,
	0x28, 0x31, 0x30, 0x29, 0x4, 0x28, 0x31, 0x31, 0x29, 0x4, 0x28, 0x31, 0x32, 0x29, 0x4, 0x28,
	0x31, 0x33, 0x29, 0x4, 0x28, 0x31, 0x34, 0x29, 0x4, 0x28, 0x31, 0x35, 0x29, 0x4, 0x28, 0x31,
	0x36, 0x29, 0x4, 0x28, 0x31, 0x37, 0x29, 0x4, 0x28, 0x31, 0x38, 0x29, 0x4, 0x28, 0x31, 0x39,
	0x29, 0x4, 0x28, 0x32, 0x30, 0x29, 0x3, 0x28, 0x61, 0x29, 0x3, 0x28, 0x62, 0x29, 0x3, 0x28,
	0x63, 0x29, 0x3, 0x28, 0x64, 0x29, 0x3, 0x28, 0x65, 0x29, 0x3, 0x28, 0x66, 0x29, 0x3, 0x28,
	0x67, 0x29, 0x3, 0x28, 0x68, 0x29, 0x3, 0x28, 0x69, 0x29, 0x3, 0x28, 0x6a, 0x29, 0x3, 0x28,
	0x6b, 0x29, 0x3, 0x28, 0x6c, 0x29, 0x3, 0x28, 0x6d, 0x29, 0x3, 0x28, 0x6e, 0x29, 0x3, 0x28,
	0x6f, 0x29, 0x3, 0x28, 0x70, 0x29, 0x3, 0x28, 0x71, 0x29, 0x3, 0x28, 0x72, 0x29, 0x3, 0x28,
	0x73, 0x29, 0x3, 0x28, 0x74, 0x29, 0x3, 0x28, 0x75, 0x29, 0x3, 0x28, 0x76, 0x29, 0x3, 0x28,
	0x77, 0x29, 0x3, 0x28, 0x78, 0x29, 0x3, 0x28, 0x79, 0x29, 0x3, 0x28, 0x7a, 0x29, 0x4, 0x222b,
	0x222b, 0x222b, 0x222b, 0x3, 0x3a, 0x3a, 0x3d, 0x2, 0x3d, 0x3d, 0x3, 0x3d, 0x3d, 0x3d, 0x102, 0x2add,
	0x338, 0x1, 0x26b, 0x1, 0x1d7d, 0x1, 0x27d, 0x1, 0x23f, 0x1, 0x240, 0x1, 0x6bcd, 0x1, 0x9f9f, 0x1,
	0x4e00, 0x1, 0x4e28, 0x1, 0x4e36, 0x1, 0x4e3f, 0x1, 0x4e59, 0x1, 0x4e85, 0x1, 0x4e8c, 0x1, 0x4ea0, 0x1,
	0x4eba, 0x1, 0x513f, 0x1, 0x5165, 0x1, 0x516b, 0x1, 0x5182, 0x1, 0x5196, 0x1, 0x51ab, 0x1, 0x51e0, 0x1,
	0x51f5, 0x1, 0x5200, 0x1, 0x529b, 0x1, 0x52f9, 0x1, 0x5315, 0x1, 0x531a, 0x1, 0x5338, 0x1, 0x5341, 0x1,
	0x535c, 0x1, 0x5369, 0x1, 0x5382, 0x1, 0x53b6, 0x1, 0x53c8, 0x1, 0x53e3, 0x1, 0x56d7, 0x1, 0x571f, 0x1,
	0x58eb, 0x1, 0x5902, 0x1, 0x590a, 0x1, 0x5915, 0x1, 0x5927, 0x1, 0x5973, 0x1, 0x5b50, 0x1, 0x5b80, 0x1,
	0x5bf8, 0x1, 0x5c0f, 0x1, 0x5c22, 0x1, 0x5c38, 0x1, 0x5c6e, 0x1, 0x5c71, 0x1, 0x5ddb, 0x1, 0x5de5, 0x1,
	0x5df1, 0x1, 0x5dfe, 0x1, 0x5e72, 0x1, 0x5e7a, 0x1, 0x5e7f, 0x1, 0x5ef4, 0x1, 0x5efe, 0x1, 0x5f0b, 0x1,
	0x5f13, 0x1, 0x5f50, 0x1, 0x5f61, 0x1, 0x5f73, 0x1, 0x5fc3, 0x1, 0x6208, 0x1, 0x6236, 0x1, 0x624b, 0x1,
	0x652f, 0x1, 0x6534, 0x1, 0x6587, 0x1, 0x6597, 0x1, 0x65a4, 0x1, 0x65b9, 0x1, 0x65e0, 0x1, 0x65e5, 0x1,
	0x66f0, 0x1, 0x6708, 0x1, 0x6728, 0x1, 0x6b20, 0x1, 0x6b62, 0x1, 0x6b79, 0x1, 0x6bb3, 0x1, 0x6bcb, 0x1,
	0x6bd4, 0x1, 0x6bdb, 0x1, 0x6c0f, 0x1, 0x6c14, 0x1, 0x6c34, 0x1, 0x706b, 0x1, 0x722a, 0x1, 0x7236, 0x1,
	0x723b, 0x1, 0x723f, 0x1, 0x7247, 0x1, 0x7259, 0x1, 0x725b, 0x1, 0x72ac, 0x1, 0x7384, 0x1, 0x7389, 0x1,
	0x74dc, 0x1, 0x74e6, 0x1, 0x7518, 0x1, 0x751f, 0x1, 0x7528, 0x1, 0x7530, 0x1, 0x758b, 0x1, 0x7592, 0x1,
	0x7676, 0x1, 0x767d, 0x1, 0x76ae, 0x1, 0x76bf, 0x1, 0x76ee, 0x1, 0x77db, 0x1, 0x77e2, 0x1, 0x77f3, 0x1,
	0x793a, 0x1, 0x79b8, 0x1, 0x79be, 0x1, 0x7a74, 0x1, 0x7acb, 0x1, 0x7af9, 0x1, 0x7c73, 0x1, 0x7cf8, 0x1,
	0x7f36, 0x1, 0x7f51, 0x1, 0x7f8a, 0x1, 0x7fbd, 0x1, 0x8001, 0x1, 0x800c, 0x1, 0x8012, 0x1, 0x8033, 0x1,
	0x807f, 0x1, 0x8089, 0x1, 0x81e3, 0x1, 0x81ea, 0x1, 0x81f3, 0x1, 0x81fc, 0x1, 0x820c, 0x1, 0x821b, 0x1,
	0x821f, 0x1, 0x826e, 0x1, 0x8272, 0x1, 0x8278, 0x1, 0x864d, 0x1, 0x866b, 0x1, 0x8840, 0x1, 0x884c, 0x1,
	0x8863, 0x1, 0x897e, 0x1, 0x898b, 0x1, 0x89d2, 0x1, 0x8a00, 0x1, 0x8c37, 0x1, 0x8c46, 0x1, 0x8c55, 0x1,
	0x8c78, 0x1, 0x8c9d, 0x1, 0x8d64, 0x1, 0x8d70, 0x1, 0x8db3, 0x1, 0x8eab, 0x1, 0x8eca, 0x1, 0x8f9b, 0x1,
	0x8fb0, 0x1, 0x8fb5, 0x1, 0x9091, 0x1, 0x9149, 0x1, 0x91c6, 0x1, 0x91cc, 0x1, 0x91d1, 0x1, 0x9577, 0x1,
	0x9580, 0x1, 0x961c, 0x1, 0x96b6, 0x1, 0x96b9, 0x1, 0x96e8, 0x1, 0x9751, 0x1, 0x975e, 0x1, 0x9762, 0x1,
	0x9769, 0x1, 0x97cb, 0x1, 0x97ed, 0x1, 0x97f3, 0x1, 0x9801, 0x1, 0x98a8, 0x1, 0x98db, 0x1, 0x98df, 0x1,
	0x9996, 0x1, 0x9999, 0x1, 0x99ac, 0x1, 0x9aa8, 0x1, 0x9ad8, 0x1, 0x9adf, 0x1, 0x9b25, 0x1, 0x9b2f, 0x1,
	0x9b32, 0x1, 0x9b3c, 0x1, 0x9b5a, 0x1, 0x9ce5, 0x1, 0x9e75, 0x1, 0x9e7f, 0x1, 0x9ea5, 0x1, 0x9ebb, 0x1,
	0x9ec3, 0x1, 0x9ecd, 0x1, 0x9ed1, 0x1, 0x9ef9, 0x1, 0x9efd, 0x1, 0x9f0e, 0x1, 0x9f13, 0x1, 0x9f20, 0x1,
	0x9f3b, 0x1, 0x9f4a, 0x1, 0x9f52, 0x1, 0x9f8d, 0x1, 0x9f9c, 0x1, 0x9fa0, 0x1, 0x2e, 0x1, 0x5344, 0x1,
	0x5345, 0x802, 0x20, 0x3099, 0x802, 0x20, 0x309a, 0x2, 0x3088, 0x308a, 0x2, 0x30b3, 0x30c8, 0x1, 0x1100, 0x1,
	0x1101, 0x1, 0x1102, 0x1, 0x1103, 0x1, 0x1104, 0x1, 0x1105, 0x1, 0x111a, 0x1, 0x1106, 0x1, 0x1107, 0x1,
	0x1108, 0x1, 0x1121, 0x1, 0x1109, 0x1, 0x110a, 0x1, 0x110b, 0x1, 0x110c, 0x1, 0x110d, 0x1, 0x110e, 0x1,
	0x110f, 0x1, 0x1110, 0x1, 0x1111, 0x1, 0x1112, 0x1, 0x1114, 0x1, 0x1115, 0x1, 0x11c7, 0x1, 0x11c8, 0x1,
	0x11cc, 0x1, 0x11ce, 0x1, 0x11d3, 0x1, 0x11d7, 0x1, 0x11d9, 0x1, 0x111c, 0x1, 0x11dd, 0x1, 0x11df, 0x1,
	0x111d, 0x1, 0x111e, 0x1, 0x1120, 0x1, 0x1122, 0x1, 0x1123, 0x1, 0x1127, 0x1, 0x1129, 0x1, 0x112b, 0x1,
	0x112c, 0x1, 0x112d, 0x1, 0x112e, 0x1, 0x112f, 0x1, 0x1132, 0x1, 0x1136, 0x1, 0x1140, 0x1, 0x1147, 0x1,
	0x114c, 0x1, 0x11f1, 0x1, 0x11f2, 0x1, 0x1157, 0x1, 0x1158, 0x1, 0x1159, 0x1, 0x1184, 0x1, 0x1185, 0x1,
	0x1188, 0x1, 0x1191, 0x1, 0x1192, 0x1, 0x1194, 0x1, 0x119e, 0x1, 0x11a1, 0x1, 0x4e09, 0x1, 0x56db, 0x1,
	0x4e0a, 0x1, 0x4e2d, 0x1, 0x4e0b, 0x1, 0x7532, 0x1, 0x4e19, 0x1, 0x4e01, 0x1, 0x5929, 0x1, 0x5730, 0x3,
	0x28, 0x1100, 0x29, 0x3, 0x28, 0x1102, 0x29, 0x3, 0x28, 0x1103, 0x29, 0x3, 0x28, 0x1105, 0x29, 0x3,
	0x28, 0x1106, 0x29, 0x3, 0x28, 0x1107, 0x29, 0x3, 0x28, 0x1109, 0x29, 0x3, 0x28, 0x110b, 0x29, 0x3,
	0x28, 0x110c, 0x29, 0x3, 0x28, 0x110e, 0x29, 0x3, 0x28, 0x110f, 0x29, 0x3, 0x28, 0x1110, 0x29, 0x3,
	0x28, 0x1111, 0x29, 0x3, 0x28, 0x1112, 0x29, 0x3, 0x28, 0x4e00, 0x29, 0x3, 0x28, 0x4e8c, 0x29, 0x3,
	0x28, 0x4e09, 0x29, 0x3, 0x28, 0x56db, 0x29, 0x3, 0x28, 0x4e94, 0x29, 0x3, 0x28, 0x516d, 0x29, 0x3,
	0x28, 0x4e03, 0x29, 0x3, 0x28, 0x516b, 0x29, 0x3, 0x28, 0x4e5d, 0x29, 0x3, 0x28, 0x5341, 0x29, 0x3,
	0x28, 0x6708, 0x29, 0x3, 0x28, 0x706b, 0x29, 0x3, 0x28, 0x6c34, 0x29, 0x3, 0x28, 0x6728, 0x29, 0x3,
	0x28, 0x91d1, 0x29, 0x3, 0x28, 0x571f, 0x29, 0x3, 0x28, 0x65e5, 0x29, 0x3, 0x28, 0x682a, 0x29, 0x3,
	0x28, 0x6709, 0x29, 0x3, 0x28, 0x793e, 0x29, 0x3, 0x28, 0x540d, 0x29, 0x3, 0x28, 0x7279, 0x29, 0x3,
	0x28, 0x8ca1, 0x29, 0x3, 0x28, 0x795d, 0x29, 0x3, 0x28, 0x52b4, 0x29, 0x3, 0x28, 0x4ee3, 0x29, 0x3,
	0x28, 0x547c, 0x29, 0x3, 0x28, 0x5b66, 0x29, 0x3, 0x28, 0x76e3, 0x29, 0x3, 0x28, 0x4f01, 0x29, 0x3,
	0x28, 0x8cc7, 0x29, 0x3, 0x28, 0x5354, 0x29, 0x3, 0x28, 0x796d, 0x29, 0x3, 0x28, 0x4f11, 0x29, 0x3,
	0x28, 0x81ea, 0x29, 0x3, 0x28, 0x81f3, 0x29, 0x1, 0x554f, 0x1, 0x5e7c, 0x1, 0x7b8f, 0x3, 0x70, 0x74,
	0x65, 0x2, 0x32, 0x31, 0x2, 0x32, 0x32, 0x2, 0x32, 0x33, 0x2, 0x32, 0x34, 0x2, 0x32, 0x35,
	0x2, 0x32, 0x36, 0x2, 0x32, 0x37, 0x2, 0x32, 0x38, 0x2, 0x32, 0x39, 0x2, 0x33, 0x30, 0x2,
	0x33, 0x31, 0x2, 0x33, 0x32, 0x2, 0x33, 0x33, 0x2, 0x33, 0x34, 0x2, 0x33, 0x35, 0x1, 0x4e94,
	0x1, 0x516d, 0x1, 0x4e03, 0x1, 0x4e5d, 0x1, 0x682a, 0x1, 0x6709, 0x1, 0x793e, 0x1, 0x540d, 0x1, 0x7279,
	0x1, 0x8ca1, 0x1, 0x795d, 0x1, 0x52b4, 0x1, 0x79d8, 0x1, 0x7537, 0x1, 0x9069, 0x1, 0x512a, 0x1, 0x5370,
	0x1, 0x6ce8, 0x1, 0x9805, 0x1, 0x4f11, 0x1, 0x5199, 0x1, 0x6b63, 0x1, 0x5de6, 0x1, 0x53f3, 0x1, 0x533b,
	0x1, 0x5b97, 0x1, 0x5b66, 0x1, 0x76e3, 0x1, 0x4f01, 0x1, 0x8cc7, 0x1, 0x5354, 0x1, 0x591c, 0x2, 0x33,
	0x36, 0x2, 0x33, 0x37, 0x2, 0x33, 0x38, 0x2, 0x33, 0x39, 0x2, 0x34, 0x30, 0x2, 0x34, 0x31,
	0x2, 0x34, 0x32, 0x2, 0x34, 0x33, 0x2, 0x34, 0x34, 0x2, 0x34, 0x35, 0x2, 0x34, 0x36, 0x2,
	0x34, 0x37, 0x2, 0x34, 0x38, 0x2, 0x34, 0x39, 0x2, 0x35, 0x30, 0x2, 0x31, 0x6708, 0x2, 0x32,
	0x6708, 0x2, 0x33, 0x6708, 0x2, 0x34, 0x6708, 0x2, 0x35, 0x6708, 0x2, 0x36, 0x6708, 0x2, 0x37, 0x6708,
	0x2, 0x38, 0x6708, 0x2, 0x39, 0x6708, 0x3, 0x31, 0x30, 0x6708, 0x3, 0x31, 0x31, 0x6708, 0x3, 0x31,
	0x32, 0x6708, 0x2, 0x68, 0x67, 0x3, 0x65, 0x72, 0x67, 0x2, 0x65, 0x76, 0x3, 0x6c, 0x74, 0x64,
	0x1, 0x30a2, 0x1, 0x30a4, 0x1, 0x30a6, 0x1, 0x30a8, 0x1, 0x30aa, 0x1, 0x30ab, 0x1, 0x30ad, 0x1, 0x30af,
	0x1, 0x30b1, 0x1, 0x30b3, 0x1, 0x30b5, 0x1, 0x30b7, 0x1, 0x30b9, 0x1, 0x30bb, 0x1, 0x30bd, 0x1, 0x30bf,
	0x1, 0x30c1, 0x1, 0x30c4, 0x1, 0x30c6, 0x1, 0x30c8, 0x1, 0x30ca, 0x1, 0x30cb, 0x1, 0x30cc, 0x1, 0x30cd,
	0x1, 0x30ce, 0x1, 0x30cf, 0x1, 0x30d2, 0x1, 0x30d5, 0x1, 0x30d8, 0x1, 0x30db, 0x1, 0x30de, 0x1, 0x30df,
	0x1, 0x30e0, 0x1, 0x30e1, 0x1, 0x30e2, 0x1, 0x30e4, 0x1, 0x30e6, 0x1, 0x30e8, 0x1, 0x30e9, 0x1, 0x30ea,
	0x1, 0x30eb, 0x1, 0x30ec, 0x1, 0x30ed, 0x1, 0x30ef, 0x1, 0x30f0, 0x1, 0x30f1, 0x1, 0x30f2, 0x2, 0x4ee4,
	0x548c, 0x4, 0x30a2, 0x30eb, 0x30d5, 0x30a1, 0x3, 0x30a2, 0x30fc, 0x30eb, 0x3, 0x30a4, 0x30f3, 0x30c1, 0x3, 0x30a6,
	0x30a9, 0x30f3, 0x4, 0x30a8, 0x30fc, 0x30ab, 0x30fc, 0x3, 0x30aa, 0x30f3, 0x30b9, 0x3, 0x30aa, 0x30fc, 0x30e0, 0x3,
	0x30ab, 0x30a4, 0x30ea, 0x4, 0x30ab, 0x30e9, 0x30c3, 0x30c8, 0x4, 0x30ab, 0x30ed, 0x30ea, 0x30fc, 0x4, 0x30ad, 0x30e5,
	0x30ea, 0x30fc, 0x2, 0x30ad, 0x30ed, 0x6, 0x30ad, 0x30ed, 0x30e1, 0x30fc, 0x30c8, 0x30eb, 0x5, 0x30ad, 0x30ed, 0x30ef,
	0x30c3, 0x30c8, 0x4, 0x30af, 0x30ed, 0x30fc, 0x30cd, 0x3, 0x30b1, 0x30fc, 0x30b9, 0x3, 0x30b3, 0x30eb, 0x30ca, 0x4,
	0x30b5, 0x30a4, 0x30af, 0x30eb, 0x5, 0x30b5, 0x30f3, 0x30c1, 0x30fc, 0x30e0, 0x3, 0x30bb, 0x30f3, 0x30c1, 0x3, 0x30bb,
	0x30f3, 0x30c8, 0x2, 0x30c8, 0x30f3, 0x2, 0x30ca, 0x30ce, 0x3, 0x30ce, 0x30c3, 0x30c8, 0x3, 0x30cf, 0x30a4, 0x30c4,
	0x4, 0x30d5, 0x30a3, 0x30fc, 0x30c8, 0x3, 0x30d5, 0x30e9, 0x30f3, 0x5, 0x30d8, 0x30af, 0x30bf, 0x30fc, 0x30eb, 0x3,
	0x30d8, 0x30eb, 0x30c4, 0x2, 0x30db, 0x30f3, 0x3, 0x30db, 0x30fc, 0x30eb, 0x3, 0x30db, 0x30fc, 0x30f3, 0x4, 0x30de,
	0x30a4, 0x30af, 0x30ed, 0x3, 0x30de, 0x30a4, 0x30eb, 0x3, 0x30de, 0x30c3, 0x30cf, 0x3, 0x30de, 0x30eb, 0x30af, 0x5,
	0x30de, 0x30f3, 0x30b7, 0x30e7, 0x30f3, 0x4, 0x30df, 0x30af, 0x30ed, 0x30f3, 0x2, 0x30df, 0x30ea, 0x4, 0x30e1, 0x30fc,
	0x30c8, 0x30eb, 0x3, 0x30e4, 0x30fc, 0x30eb, 0x3, 0x30e6, 0x30a2, 0x30f3, 0x4, 0x30ea, 0x30c3, 0x30c8, 0x30eb, 0x2,
	0x30ea, 0x30e9, 0x2, 0x30ec, 0x30e0, 0x3, 0x30ef, 0x30c3, 0x30c8, 0x2, 0x30, 0x70b9, 0x2, 0x31, 0x70b9, 0x2,
	0x32, 0x70b9, 0x2, 0x33, 0x70b9, 0x2, 0x34, 0x70b9, 0x2, 0x35, 0x70b9, 0x2, 0x36, 0x70b9, 0x2, 0x37,
	0x70b9, 0x2, 0x38, 0x70b9, 0x2, 0x39, 0x70b9, 0x3, 0x31, 0x30, 0x70b9, 0x3, 0x31, 0x31, 0x70b9, 0x3,
	0x31, 0x32, 0x70b9, 0x3, 0x31, 0x33, 0x70b9, 0x3, 0x31, 0x34, 0x70b9, 0x3, 0x31, 0x35, 0x70b9, 0x3,
	0x31, 0x36, 0x70b9, 0x3, 0x31, 0x37, 0x70b9, 0x3, 0x31, 0x38, 0x70b9, 0x3, 0x31, 0x39, 0x70b9, 0x3,
	0x32, 0x30, 0x70b9, 0x3, 0x32, 0x31, 0x70b9, 0x3, 0x32, 0x32, 0x70b9, 0x3, 0x32, 0x33, 0x70b9, 0x3,
	0x32, 0x34, 0x70b9, 0x3, 0x68, 0x70, 0x61, 0x2, 0x64, 0x61, 0x2, 0x61, 0x75, 0x3, 0x62, 0x61,
	0x72, 0x2, 0x6f, 0x76, 0x2, 0x70, 0x63, 0x2, 0x64, 0x6d, 0x3, 0x64, 0x6d, 0x32, 0x3, 0x64,
	0x6d, 0x33, 0x2, 0x69, 0x75, 0x2, 0x5e73, 0x6210, 0x2, 0x662d, 0x548c, 0x2, 0x5927, 0x6b63, 0x2, 0x660e,
	0x6cbb, 0x4, 0x682a, 0x5f0f, 0x4f1a, 0x793e, 0x2, 0x70, 0x61, 0x2, 0x6e, 0x61, 0x2, 0x3bc, 0x61, 0x2,
	0x6d, 0x61, 0x2, 0x6b, 0x61, 0x2, 0x6b, 0x62, 0x2, 0x6d, 0x62, 0x2, 0x67, 0x62, 0x3, 0x63,
	0x61, 0x6c, 0x4, 0x6b, 0x63, 0x61, 0x6c, 0x2, 0x70, 0x66, 0x2, 0x6e, 0x66, 0x2, 0x3bc, 0x66,
	0x2, 0x3bc, 0x67, 0x2, 0x6d, 0x67, 0x2, 0x6b, 0x67, 0x2, 0x68, 0x7a, 0x3, 0x6b, 0x68, 0x7a,
	0x3, 0x6d, 0x68, 0x7a, 0x3, 0x67, 0x68, 0x7a, 0x3, 0x74, 0x68, 0x7a, 0x2, 0x3bc, 0x6c, 0x2,
	0x6d, 0x6c, 0x2, 0x64, 0x6c, 0x2, 0x6b, 0x6c, 0x2, 0x66, 0x6d, 0x2, 0x6e, 0x6d, 0x2, 0x3bc,
	0x6d, 0x2, 0x6d, 0x6d, 0x2, 0x63, 0x6d, 0x2, 0x6b, 0x6d, 0x3, 0x6d, 0x6d, 0x32, 0x3, 0x63,
	0x6d, 0x32, 0x2, 0x6d, 0x32, 0x3, 0x6b, 0x6d, 0x32, 0x3, 0x6d, 0x6d, 0x33, 0x3, 0x63, 0x6d,
	0x33, 0x2, 0x6d, 0x33, 0x3, 0x6b, 0x6d, 0x33, 0x3, 0x6d, 0x2215, 0x73, 0x4, 0x6d, 0x2215, 0x73,
	0x32, 0x3, 0x6b, 0x70, 0x61, 0x3, 0x6d, 0x70, 0x61, 0x3, 0x67, 0x70, 0x61, 0x3, 0x72, 0x61,
	0x64, 0x5, 0x72, 0x61, 0x64, 0x2215, 0x73, 0x6, 0x72, 0x61, 0x64, 0x2215, 0x73, 0x32, 0x2, 0x70,
	0x73, 0x2, 0x6e, 0x73, 0x2, 0x3bc, 0x73, 0x2, 0x6d, 0x73, 0x2, 0x70, 0x76, 0x2, 0x6e, 0x76,
	0x2, 0x3bc, 0x76, 0x2, 0x6d, 0x76, 0x2, 0x6b, 0x76, 0x2, 0x70, 0x77, 0x2, 0x6e, 0x77, 0x2,
	0x3bc, 0x77, 0x2, 0x6d, 0x77, 0x2, 0x6b, 0x77, 0x2, 0x6b, 0x3c9, 0x2, 0x6d, 0x3c9, 0x2, 0x62,
	0x71, 0x2, 0x63, 0x63, 0x2, 0x63, 0x64, 0x4, 0x63, 0x2215, 0x6b, 0x67, 0x2, 0x64, 0x62, 0x2,
	0x67, 0x79, 0x2, 0x68, 0x61, 0x2, 0x68, 0x70, 0x2, 0x69, 0x6e, 0x2, 0x6b, 0x6b, 0x2, 0x6b,
	0x74, 0x2, 0x6c, 0x6d, 0x2, 0x6c, 0x6e, 0x3, 0x6c, 0x6f, 0x67, 0x2, 0x6c, 0x78, 0x3, 0x6d,
	0x69, 0x6c, 0x3, 0x6d, 0x6f, 0x6c, 0x2, 0x70, 0x68, 0x3, 0x70, 0x70, 0x6d, 0x2, 0x70, 0x72,
	0x2, 0x73, 0x72, 0x2, 0x73, 0x76, 0x2, 0x77, 0x62, 0x3, 0x76, 0x2215, 0x6d, 0x3, 0x61, 0x2215,
	0x6d, 0x2, 0x31, 0x65e5, 0x2, 0x32, 0x65e5, 0x2, 0x33, 0x65e5, 0x2, 0x34, 0x65e5, 0x2, 0x35, 0x65e5,
	0x2, 0x36, 0x65e5, 0x2, 0x37, 0x65e5, 0x2, 0x38, 0x65e5, 0x2, 0x39, 0x65e5, 0x3, 0x31, 0x30, 0x65e5,
	0x3, 0x31, 0x31, 0x65e5, 0x3, 0x31, 0x32, 0x65e5, 0x3, 0x31, 0x33, 0x65e5, 0x3, 0x31, 0x34, 0x65e5,
	0x3, 0x31, 0x35, 0x65e5, 0x3, 0x31, 0x36, 0x65e5, 0x3, 0x31, 0x37, 0x65e5, 0x3, 0x31, 0x38, 0x65e5,
	0x3, 0x31, 0x39, 0x65e5, 0x3, 0x32, 0x30, 0x65e5, 0x3, 0x32, 0x31, 0x65e5, 0x3, 0x32, 0x32, 0x65e5,
	0x3, 0x32, 0x33, 0x65e5, 0x3, 0x32, 0x34, 0x65e5, 0x3, 0x32, 0x35, 0x65e5, 0x3, 0x32, 0x36, 0x65e5,
	0x3, 0x32, 0x37, 0x65e5, 0x3, 0x32, 0x38, 0x65e5, 0x3, 0x32, 0x39, 0x65e5, 0x3, 0x33, 0x30, 0x65e5,
	0x3, 0x33, 0x31, 0x65e5, 0x3, 0x67, 0x61, 0x6c, 0x1, 0x44c, 0x1, 0x1d79, 0x1, 0x26c, 0x1, 0x29e,
	0x1, 0x287, 0x1, 0xab53, 0x1, 0x1d8e, 0x1, 0x264, 0x1, 0x19b, 0x1, 0x153, 0x1, 0xa727, 0x1, 0x28d,
	0x1, 0x13a0, 0x1, 0x13a1, 0x1, 0x13a2, 0x1, 0x13a3, 0x1, 0x13a4, 0x1, 0x13a5, 0x1, 0x13a6, 0x1, 0x13a7,
	0x1, 0x13a8, 0x1, 0x13a9, 0x1, 0x13aa, 0x1, 0x13ab, 0x1, 0x13ac, 0x1, 0x13ad, 0x1, 0x13ae, 0x1, 0x13af,
	0x1, 0x13b0, 0x1, 0x13b1, 0x1, 0x13b2, 0x1, 0x13b3, 0x1, 0x13b4, 0x1, 0x13b5, 0x1, 0x13b6, 0x1, 0x13b7,
	0x1, 0x13b8, 0x1, 0x13b9, 0x1, 0x13ba, 0x1, 0x13bb, 0x1, 0x13bc, 0x1, 0x13bd, 0x1, 0x13be, 0x1, 0x13bf,
	0x1, 0x13c0, 0x1, 0x13c1, 0x1, 0x13c2, 0x1, 0x13c3, 0x1, 0x13c4, 0x1, 0x13c5, 0x1, 0x13c6, 0x1, 0x13c7,
	0x1, 0x13c8, 0x1, 0x13c9, 0x1, 0x13ca, 0x1, 0x13cb, 0x1, 0x13cc, 0x1, 0x13cd, 0x1, 0x13ce, 0x1, 0x13cf,
	0x1, 0x13d0, 0x1, 0x13d1, 0x1, 0x13d2, 0x1, 0x13d3, 0x1, 0x13d4, 0x1, 0x13d5, 0x1, 0x13d6, 0x1, 0x13d7,
	0x1, 0x13d8, 0x1, 0x13d9, 0x1, 0x13da, 0x1, 0x13db, 0x1, 0x13dc, 0x1, 0x13dd, 0x1, 0x13de, 0x1, 0x13df,
	0x1, 0x13e0, 0x1, 0x13e1, 0x1, 0x13e2, 0x1, 0x13e3, 0x1, 0x13e4, 0x1, 0x13e5, 0x1, 0x13e6, 0x1, 0x13e7,
	0x1, 0x13e8, 0x1, 0x13e9, 0x1, 0x13ea, 0x1, 0x13eb, 0x1, 0x13ec, 0x1, 0x13ed, 0x1, 0x13ee, 0x1, 0x13ef,
	0x1, 0x8c48, 0x1, 0x66f4, 0x1, 0x8cc8, 0x1, 0x6ed1, 0x1, 0x4e32, 0x1, 0x53e5, 0x1, 0x5951, 0x1, 0x5587,
	0x1, 0x5948, 0x1, 0x61f6, 0x1, 0x7669, 0x1, 0x7f85, 0x1, 0x863f, 0x1, 0x87ba, 0x1, 0x88f8, 0x1, 0x908f,
	0x1, 0x6a02, 0x1, 0x6d1b, 0x1, 0x70d9, 0x1, 0x73de, 0x1, 0x843d, 0x1, 0x916a, 0x1, 0x99f1, 0x1, 0x4e82,
	0x1, 0x5375, 0x1, 0x6b04, 0x1, 0x721b, 0x1, 0x862d, 0x1, 0x9e1e, 0x1, 0x5d50, 0x1, 0x6feb, 0x1, 0x85cd,
	0x1, 0x8964, 0x1, 0x62c9, 0x1, 0x81d8, 0x1, 0x881f, 0x1, 0x5eca, 0x1, 0x6717, 0x1, 0x6d6a, 0x1, 0x72fc,
	0x1, 0x90ce, 0x1, 0x4f86, 0x1, 0x51b7, 0x1, 0x52de, 0x1, 0x64c4, 0x1, 0x6ad3, 0x1, 0x7210, 0x1, 0x76e7,
	0x1, 0x8606, 0x1, 0x865c, 0x1, 0x8def, 0x1, 0x9732, 0x1, 0x9b6f, 0x1, 0x9dfa, 0x1, 0x788c, 0x1, 0x797f,
	0x1, 0x7da0, 0x1, 0x83c9, 0x1, 0x9304, 0x1, 0x8ad6, 0x1, 0x58df, 0x1, 0x5f04, 0x1, 0x7c60, 0x1, 0x807e,
	0x1, 0x7262, 0x1, 0x78ca, 0x1, 0x8cc2, 0x1, 0x96f7, 0x1, 0x58d8, 0x1, 0x5c62, 0x1, 0x6a13, 0x1, 0x6dda,
	0x1, 0x6f0f, 0x1, 0x7d2f, 0x1, 0x7e37, 0x1, 0x964b, 0x1, 0x52d2, 0x1, 0x808b, 0x1, 0x51dc, 0x1, 0x51cc,
	0x1, 0x7a1c, 0x1, 0x7dbe, 0x1, 0x83f1, 0x1, 0x9675, 0x1, 0x8b80, 0x1, 0x62cf, 0x1, 0x8afe, 0x1, 0x4e39,
	0x1, 0x5be7, 0x1, 0x6012, 0x1, 0x7387, 0x1, 0x7570, 0x1, 0x5317, 0x1, 0x78fb, 0x1, 0x4fbf, 0x1, 0x5fa9,
	0x1, 0x4e0d, 0x1, 0x6ccc, 0x1, 0x6578, 0x1, 0x7d22, 0x1, 0x53c3, 0x1, 0x585e, 0x1, 0x7701, 0x1, 0x8449,
	0x1, 0x8aaa, 0x1, 0x6bba, 0x1, 0x6c88, 0x1, 0x62fe, 0x1, 0x82e5, 0x1, 0x63a0, 0x1, 0x7565, 0x1, 0x4eae,
	0x1, 0x5169, 0x1, 0x51c9, 0x1, 0x6881, 0x1, 0x7ce7, 0x1, 0x826f, 0x1, 0x8ad2, 0x1, 0x91cf, 0x1, 0x52f5,
	0x1, 0x5442, 0x1, 0x5eec, 0x1, 0x65c5, 0x1, 0x6ffe, 0x1, 0x792a, 0x1, 0x95ad, 0x1, 0x9a6a, 0x1, 0x9e97,
	0x1, 0x9ece, 0x1, 0x66c6, 0x1, 0x6b77, 0x1, 0x8f62, 0x1, 0x5e74, 0x1, 0x6190, 0x1, 0x6200, 0x1, 0x649a,
	0x1, 0x6f23, 0x1, 0x7149, 0x1, 0x7489, 0x1, 0x79ca, 0x1, 0x7df4, 0x1, 0x806f, 0x1, 0x8f26, 0x1, 0x84ee,
	0x1, 0x9023, 0x1, 0x934a, 0x1, 0x5217, 0x1, 0x52a3, 0x1, 0x54bd, 0x1, 0x70c8, 0x1, 0x88c2, 0x1, 0x5ec9,
	0x1, 0x5ff5, 0x1, 0x637b, 0x1, 0x6bae, 0x1, 0x7c3e, 0x1, 0x7375, 0x1, 0x4ee4, 0x1, 0x56f9, 0x1, 0x5dba,
	0x1, 0x601c, 0x1, 0x73b2, 0x1, 0x7469, 0x1, 0x7f9a, 0x1, 0x8046, 0x1, 0x9234, 0x1, 0x96f6, 0x1, 0x9748,
	0x1, 0x9818, 0x1, 0x4f8b, 0x1, 0x79ae, 0x1, 0x91b4, 0x1, 0x96b8, 0x1, 0x60e1, 0x1, 0x4e86, 0x1, 0x50da,
	0x1, 0x5bee, 0x1, 0x5c3f, 0x1, 0x6599, 0x1, 0x71ce, 0x1, 0x7642, 0x1, 0x84fc, 0x1, 0x907c, 0x1, 0x6688,
	0x1, 0x962e, 0x1, 0x5289, 0x1, 0x677b, 0x1, 0x67f3, 0x1, 0x6d41, 0x1, 0x6e9c, 0x1, 0x7409, 0x1, 0x7559,
	0x1, 0x786b, 0x1, 0x7d10, 0x1, 0x985e, 0x1, 0x622e, 0x1, 0x9678, 0x1, 0x502b, 0x1, 0x5d19, 0x1, 0x6dea,
	0x1, 0x8f2a, 0x1, 0x5f8b, 0x1, 0x6144, 0x1, 0x6817, 0x1, 0x9686, 0x1, 0x5229, 0x1, 0x540f, 0x1, 0x5c65,
	0x1, 0x6613, 0x1, 0x674e, 0x1, 0x68a8, 0x1, 0x6ce5, 0x1, 0x7406, 0x1, 0x75e2, 0x1, 0x7f79, 0x1, 0x88cf,
	0x1, 0x88e1, 0x1, 0x96e2, 0x1, 0x533f, 0x1, 0x6eba, 0x1, 0x541d, 0x1, 0x71d0, 0x1, 0x7498, 0x1, 0x85fa,
	0x1, 0x96a3, 0x1, 0x9c57, 0x1, 0x9e9f, 0x1, 0x6797, 0x1, 0x6dcb, 0x1, 0x81e8, 0x1, 0x7b20, 0x1, 0x7c92,
	0x1, 0x72c0, 0x1, 0x7099, 0x1, 0x8b58, 0x1, 0x4ec0, 0x1, 0x8336, 0x1, 0x523a, 0x1, 0x5207, 0x1, 0x5ea6,
	0x1, 0x62d3, 0x1, 0x7cd6, 0x1, 0x5b85, 0x1, 0x6d1e, 0x1, 0x66b4, 0x1, 0x8f3b, 0x1, 0x964d, 0x1, 0x5ed3,
	0x1, 0x5140, 0x1, 0x55c0, 0x1, 0x585a, 0x1, 0x6674, 0x1, 0x51de, 0x1, 0x732a, 0x1, 0x76ca, 0x1, 0x793c,
	0x1, 0x795e, 0x1, 0x7965, 0x1, 0x798f, 0x1, 0x9756, 0x1, 0x7cbe, 0x1, 0x8612, 0x1, 0x8af8, 0x1, 0x9038,
	0x1, 0x90fd, 0x1, 0x98ef, 0x1, 0x98fc, 0x1, 0x9928, 0x1, 0x9db4, 0x1, 0x90de, 0x1, 0x96b7, 0x1, 0x4fae,
	0x1, 0x50e7, 0x1, 0x514d, 0x1, 0x52c9, 0x1, 0x52e4, 0x1, 0x5351, 0x1, 0x559d, 0x1, 0x5606, 0x1, 0x5668,
	0x1, 0x5840, 0x1, 0x58a8, 0x1, 0x5c64, 0x1, 0x6094, 0x1, 0x6168, 0x1, 0x618e, 0x1, 0x61f2, 0x1, 0x654f,
	0x1, 0x65e2, 0x1, 0x6691, 0x1, 0x6885, 0x1, 0x6d77, 0x1, 0x6e1a, 0x1, 0x6f22, 0x1, 0x716e, 0x1, 0x722b,
	0x1, 0x7422, 0x1, 0x7891, 0x1, 0x7949, 0x1, 0x7948, 0x1, 0x7950, 0x1, 0x7956, 0x1, 0x798d, 0x1, 0x798e,
	0x1, 0x7a40, 0x1, 0x7a81, 0x1, 0x7bc0, 0x1, 0x7e09, 0x1, 0x7e41, 0x1, 0x7f72, 0x1, 0x8005, 0x1, 0x81ed,
	0x1, 0x8279, 0x1, 0x8457, 0x1, 0x8910, 0x1, 0x8996, 0x1, 0x8b01, 0x1, 0x8b39, 0x1, 0x8cd3, 0x1, 0x8d08,
	0x1, 0x8fb6, 0x1, 0x96e3, 0x1, 0x97ff, 0x1, 0x983b, 0x1, 0x6075, 0x2, 0xd850, 0xdeee, 0x1, 0x8218, 0x1,
	0x4e26, 0x1, 0x51b5, 0x1, 0x5168, 0x1, 0x4f80, 0x1, 0x5145, 0x1, 0x5180, 0x1, 0x52c7, 0x1, 0x52fa, 0x1,
	0x5555, 0x1, 0x5599, 0x1, 0x55e2, 0x1, 0x58b3, 0x1, 0x5944, 0x1, 0x5954, 0x1, 0x5a62, 0x1, 0x5b28, 0x1,
	0x5ed2, 0x1, 0x5ed9, 0x1, 0x5f69, 0x1, 0x5fad, 0x1, 0x60d8, 0x1, 0x614e, 0x1, 0x6108, 0x1, 0x6160, 0x1,
	0x6234, 0x1, 0x63c4, 0x1, 0x641c, 0x1, 0x6452, 0x1, 0x6556, 0x1, 0x671b, 0x1, 0x6756, 0x1, 0x6edb, 0x1,
	0x6ecb, 0x1, 0x701e, 0x1, 0x77a7, 0x1, 0x7235, 0x1, 0x72af, 0x1, 0x7471, 0x1, 0x7506, 0x1, 0x753b, 0x1,
	0x761d, 0x1, 0x761f, 0x1, 0x76db, 0x1, 0x76f4, 0x1, 0x774a, 0x1, 0x7740, 0x1, 0x78cc, 0x1, 0x7ab1, 0x1,
	0x7c7b, 0x1, 0x7d5b, 0x1, 0x7f3e, 0x1, 0x8352, 0x1, 0x83ef, 0x1, 0x8779, 0x1, 0x8941, 0x1, 0x8986, 0x1,
	0x8abf, 0x1, 0x8acb, 0x1, 0x8aed, 0x1, 0x8b8a, 0x1, 0x8f38, 0x1, 0x9072, 0x1, 0x9199, 0x1, 0x9276, 0x1,
	0x967c, 0x1, 0x97db, 0x1, 0x980b, 0x1, 0x9b12, 0x2, 0xd84a, 0xdc4a, 0x2, 0xd84a, 0xdc44, 0x2, 0xd84c, 0xdfd5,
	0x1, 0x3b9d, 0x1, 0x4018, 0x1, 0x4039, 0x2, 0xd854, 0xde49, 0x2, 0xd857, 0xdcd0, 0x2, 0xd85f, 0xded3, 0x1,
	0x9f43, 0x1, 0x9f8e, 0x2, 0x66, 0x66, 0x2, 0x66, 0x69, 0x2, 0x66, 0x6c, 0x3, 0x66, 0x66, 0x69,
	0x3, 0x66, 0x66, 0x6c, 0x2, 0x73, 0x74, 0x2, 0x574, 0x576, 0x2, 0x574, 0x565, 0x2, 0x574, 0x56b,
	0x2, 0x57e, 0x576, 0x2, 0x574, 0x56d, 0xe02, 0x5d9, 0x5b4, 0x1102, 0x5f2, 0x5b7, 0x1, 0x5e2, 0x1, 0x5d4,
	0x1, 0x5db, 0x1, 0x5dc, 0x1, 0x5dd, 0x1, 0x5e8, 0x1, 0x5ea, 0x1802, 0x5e9, 0x5c1, 0x1902, 0x5e9, 0x5c2,
	0x1803, 0x5e9, 0x5bc, 0x5c1, 0x1903, 0x5e9, 0x5bc, 0x5c2, 0x1102, 0x5d0, 0x5b7, 0x1202, 0x5d0, 0x5b8, 0x1502, 0x5d0,
	0x5bc, 0x1502, 0x5d1, 0x5bc, 0x1502, 0x5d2, 0x5bc, 0x1502, 0x5d3, 0x5bc, 0x1502, 0x5d4, 0x5bc, 0x1502, 0x5d5, 0x5bc,
	0x1502, 0x5d6, 0x5bc, 0x1502, 0x5d8, 0x5bc, 0x1502, 0x5d9, 0x5bc, 0x1502, 0x5da, 0x5bc, 0x1502, 0x5db, 0x5bc, 0x1502,
	0x5dc, 0x5bc, 0x1502, 0x5de, 0x5bc, 0x1502, 0x5e0, 0x5bc, 0x1502, 0x5e1, 0x5bc, 0x1502, 0x5e3, 0x5bc, 0x1502, 0x5e4,
	0x5bc, 0x1502, 0x5e6, 0x5bc, 0x1502, 0x5e7, 0x5bc, 0x1502, 0x5e8, 0x5bc, 0x1502, 0x5e9, 0x5bc, 0x1502, 0x5ea, 0x5bc,
	0x1302, 0x5d5, 0x5b9, 0x1702, 0x5d1, 0x5bf, 0x1702, 0x5db, 0x5bf, 0x1702, 0x5e4, 0x5bf, 0x2, 0x5d0, 0x5dc, 0x1,
	0x671, 0x1, 0x67b, 0x1, 0x67e, 0x1, 0x680, 0x1, 0x67a, 0x1, 0x67f, 0x1, 0x679, 0x1, 0x6a4, 0x1,
	0x6a6, 0x1, 0x684, 0x1, 0x683, 0x1, 0x686, 0x1, 0x687, 0x1, 0x68d, 0x1, 0x68c, 0x1, 0x68e, 0x1,
	0x688, 0x1, 0x698, 0x1, 0x691, 0x1, 0x6a9, 0x1, 0x6af, 0x1, 0x6b3, 0x1, 0x6b1, 0x1, 0x6ba, 0x1,
	0x6bb, 0x1, 0x6c1, 0x1, 0x6be, 0x1, 0x6d2, 0x1, 0x6ad, 0x1, 0x6c7, 0x1, 0x6c6, 0x1, 0x6c8, 0x1,
	0x6cb, 0x1, 0x6c5, 0x1, 0x6c9, 0x1, 0x6d0, 0x1, 0x649, 0x1, 0x6cc, 0x2, 0x628, 0x62c, 0x2, 0x628,
	0x62d, 0x2, 0x628, 0x62e, 0x2, 0x628, 0x645, 0x2, 0x628, 0x649, 0x2, 0x628, 0x64a, 0x2, 0x62a, 0x62c,
	0x2, 0x62a, 0x62d, 0x2, 0x62a, 0x62e, 0x2, 0x62a, 0x645, 0x2, 0x62a, 0x649, 0x2, 0x62a, 0x64a, 0x2,
	0x62b, 0x62c, 0x2, 0x62b, 0x645, 0x2, 0x62b, 0x649, 0x2, 0x62b, 0x64a, 0x2, 0x62c, 0x62d, 0x2, 0x62c,
	0x645, 0x2, 0x62d, 0x62c, 0x2, 0x62d, 0x645, 0x2, 0x62e, 0x62c, 0x2, 0x62e, 0x62d, 0x2, 0x62e, 0x645,
	0x2, 0x633, 0x62c, 0x2, 0x633, 0x62d, 0x2, 0x633, 0x62e, 0x2, 0x633, 0x645, 0x2, 0x635, 0x62d, 0x2,
	0x635, 0x645, 0x2, 0x636, 0x62c, 0x2, 0x636, 0x62d, 0x2, 0x636, 0x62e, 0x2, 0x636, 0x645, 0x2, 0x637,
	0x62d, 0x2, 0x637, 0x645, 0x2, 0x638, 0x645, 0x2, 0x639, 0x62c, 0x2, 0x639, 0x645, 0x2, 0x63a, 0x62c,
	0x2, 0x63a, 0x645, 0x2, 0x641, 0x62c, 0x2, 0x641, 0x62d, 0x2, 0x641, 0x62e, 0x2, 0x641, 0x645, 0x2,
	0x641, 0x649, 0x2, 0x641, 0x64a, 0x2, 0x642, 0x62d, 0x2, 0x642, 0x645, 0x2, 0x642, 0x649, 0x2, 0x642,
	0x64a, 0x2, 0x643, 0x627, 0x2, 0x643, 0x62c, 0x2, 0x643, 0x62d, 0x2, 0x643, 0x62e, 0x2, 0x643, 0x644,
	0x2, 0x643, 0x645, 0x2, 0x643, 0x649, 0x2, 0x643, 0x64a, 0x2, 0x644, 0x62c, 0x2, 0x644, 0x62d, 0x2,
	0x644, 0x62e, 0x2, 0x644, 0x645, 0x2, 0x644, 0x649, 0x2, 0x644, 0x64a, 0x2, 0x645, 0x62c, 0x2, 0x645,
	0x62d, 0x2, 0x645, 0x62e, 0x2, 0x645, 0x645, 0x2, 0x645, 0x649, 0x2, 0x645, 0x64a, 0x2, 0x646, 0x62c,
	0x2, 0x646, 0x62d, 0x2, 0x646, 0x62e, 0x2, 0x646, 0x645, 0x2, 0x646, 0x649, 0x2, 0x646, 0x64a, 0x2,
	0x647, 0x62c, 0x2, 0x647, 0x645, 0x2, 0x647, 0x649, 0x2, 0x647, 0x64a, 0x2, 0x64a, 0x62c, 0x2, 0x64a,
	0x62d, 0x2, 0x64a, 0x62e, 0x2, 0x64a, 0x645, 0x2, 0x64a, 0x649, 0x2, 0x64a, 0x64a, 0x2302, 0x630, 0x670,
	0x2302, 0x631, 0x670, 0x2302, 0x649, 0x670, 0x2103, 0x20, 0x64c, 0x651, 0x2103, 0x20, 0x64d, 0x651, 0x2103, 0x20,
	0x64e, 0x651, 0x2103, 0x20, 0x64f, 0x651, 0x2103, 0x20, 0x650, 0x651, 0x2303, 0x20, 0x651, 0x670, 0x2, 0x628,
	0x631, 0x2, 0x628, 0x632, 0x2, 0x628, 0x646, 0x2, 0x62a, 0x631, 0x2, 0x62a, 0x632, 0x2, 0x62a, 0x646,
	0x2, 0x62b, 0x631, 0x2, 0x62b, 0x632, 0x2, 0x62b, 0x646, 0x2, 0x645, 0x627, 0x2, 0x646, 0x631, 0x2,
	0x646, 0x632, 0x2, 0x646, 0x646, 0x2, 0x64a, 0x631, 0x2, 0x64a, 0x632, 0x2, 0x64a, 0x646, 0x2, 0x628,
	0x647, 0x2, 0x62a, 0x647, 0x2, 0x635, 0x62e, 0x2, 0x644, 0x647, 0x2, 0x646, 0x647, 0x2302, 0x647, 0x670,
	0x2, 0x64a, 0x647, 0x2, 0x62b, 0x647, 0x2, 0x633, 0x647, 0x2, 0x634, 0x645, 0x2, 0x634, 0x647, 0x2103,
	0x640, 0x64e, 0x651, 0x2103, 0x640, 0x64f, 0x651, 0x2103, 0x640, 0x650, 0x651, 0x2, 0x637, 0x649, 0x2, 0x637,
	0x64a, 0x2, 0x639, 0x649, 0x2, 0x639, 0x64a, 0x2, 0x63a, 0x649, 0x2, 0x63a, 0x64a, 0x2, 0x633, 0x649,
	0x2, 0x633, 0x64a, 0x2, 0x634, 0x649, 0x2, 0x634, 0x64a, 0x2, 0x62d, 0x649, 0x2, 0x62d, 0x64a, 0x2,
	0x62c, 0x649, 0x2, 0x62c, 0x64a, 0x2, 0x62e, 0x649, 0x2, 0x62e, 0x64a, 0x2, 0x635, 0x649, 0x2, 0x635,
	0x64a, 0x2, 0x636, 0x649, 0x2, 0x636, 0x64a, 0x2, 0x634, 0x62c, 0x2, 0x634, 0x62d, 0x2, 0x634, 0x62e,
	0x2, 0x634, 0x631, 0x2, 0x633, 0x631, 0x2, 0x635, 0x631, 0x2, 0x636, 0x631, 0x1b02, 0x627, 0x64b, 0x3,
	0x62a, 0x62c, 0x645, 0x3, 0x62a, 0x62d, 0x62c, 0x3, 0x62a, 0x62d, 0x645, 0x3, 0x62a, 0x62e, 0x645, 0x3,
	0x62a, 0x645, 0x62c, 0x3, 0x62a, 0x645, 0x62d, 0x3, 0x62a, 0x645, 0x62e, 0x3, 0x62c, 0x645, 0x62d, 0x3,
	0x62d, 0x645, 0x64a, 0x3, 0x62d, 0x645, 0x649, 0x3, 0x633, 0x62d, 0x62c, 0x3, 0x633, 0x62c, 0x62d, 0x3,
	0x633, 0x62c, 0x649, 0x3, 0x633, 0x645, 0x62d, 0x3, 0x633, 0x645, 0x62c, 0x3, 0x633, 0x645, 0x645, 0x3,
	0x635, 0x62d, 0x62d, 0x3, 0x635, 0x645, 0x645, 0x3, 0x634, 0x62d, 0x645, 0x3, 0x634, 0x62c, 0x64a, 0x3,
	0x634, 0x645, 0x62e, 0x3, 0x634, 0x645, 0x645, 0x3, 0x636, 0x62d, 0x649, 0x3, 0x636, 0x62e, 0x645, 0x3,
	0x637, 0x645, 0x62d, 0x3, 0x637, 0x645, 0x645, 0x3, 0x637, 0x645, 0x64a, 0x3, 0x639, 0x62c, 0x645, 0x3,
	0x639, 0x645, 0x645, 0x3, 0x639, 0x645, 0x649, 0x3, 0x63a, 0x645, 0x645, 0x3, 0x63a, 0x645, 0x64a, 0x3,
	0x63a, 0x645, 0x649, 0x3, 0x641, 0x62e, 0x645, 0x3, 0x642, 0x645, 0x62d, 0x3, 0x642, 0x645, 0x645, 0x3,
	0x644, 0x62d, 0x645, 0x3, 0x644, 0x62d, 0x64a, 0x3, 0x644, 0x62d, 0x649, 0x3, 0x644, 0x62c, 0x62c, 0x3,
	0x644, 0x62e, 0x645, 0x3, 0x644, 0x645, 0x62d, 0x3, 0x645, 0x62d, 0x62c, 0x3, 0x645, 0x62d, 0x645, 0x3,
	0x645, 0x62d, 0x64a, 0x3, 0x645, 0x62c, 0x62d, 0x3, 0x645, 0x62c, 0x645, 0x3, 0x645, 0x62e, 0x62c, 0x3,
	0x645, 0x62e, 0x645, 0x3, 0x645, 0x62c, 0x62e, 0x3, 0x647, 0x645, 0x62c, 0x3, 0x647, 0x645, 0x645, 0x3,
	0x646, 0x62d, 0x645, 0x3, 0x646, 0x62d, 0x649, 0x3, 0x646, 0x62c, 0x645, 0x3, 0x646, 0x62c, 0x649, 0x3,
	0x646, 0x645, 0x64a, 0x3, 0x646, 0x645, 0x649, 0x3, 0x64a, 0x645, 0x645, 0x3, 0x628, 0x62e, 0x64a, 0x3,
	0x62a, 0x62c, 0x64a, 0x3, 0x62a, 0x62c, 0x649, 0x3, 0x62a, 0x62e, 0x64a, 0x3, 0x62a, 0x62e, 0x649, 0x3,
	0x62a, 0x645, 0x64a, 0x3, 0x62a, 0x645, 0x649, 0x3, 0x62c, 0x645, 0x64a, 0x3, 0x62c, 0x62d, 0x649, 0x3,
	0x62c, 0x645, 0x649, 0x3, 0x633, 0x62e, 0x649, 0x3, 0x635, 0x62d, 0x64a, 0x3, 0x634, 0x62d, 0x64a, 0x3,
	0x636, 0x62d, 0x64a, 0x3, 0x644, 0x62c, 0x64a, 0x3, 0x644, 0x645, 0x64a, 0x3, 0x64a, 0x62d, 0x64a, 0x3,
	0x64a, 0x62c, 0x64a, 0x3, 0x64a, 0x645, 0x64a, 0x3, 0x645, 0x645, 0x64a, 0x3, 0x642, 0x645, 0x64a, 0x3,
	0x646, 0x62d, 0x64a, 0x3, 0x639, 0x645, 0x64a, 0x3, 0x643, 0x645, 0x64a, 0x3, 0x646, 0x62c, 0x62d, 0x3,
	0x645, 0x62e, 0x64a, 0x3, 0x644, 0x62c, 0x645, 0x3, 0x643, 0x645, 0x645, 0x3, 0x62c, 0x62d, 0x64a, 0x3,
	0x62d, 0x62c, 0x64a, 0x3, 0x645, 0x62c, 0x64a, 0x3, 0x641, 0x645, 0x64a, 0x3, 0x628, 0x62d, 0x64a, 0x3,
	0x633, 0x62e, 0x64a, 0x3, 0x646, 0x62c, 0x64a, 0x3, 0x635, 0x644, 0x6d2, 0x3, 0x642, 0x644, 0x6d2, 0x4,
	0x627, 0x644, 0x644, 0x647, 0x4, 0x627, 0x643, 0x628, 0x631, 0x4, 0x645, 0x62d, 0x645, 0x62f, 0x4, 0x635,
	0x644, 0x639, 0x645, 0x4, 0x631, 0x633, 0x648, 0x644, 0x4, 0x639, 0x644, 0x64a, 0x647, 0x4, 0x648, 0x633,
	0x644, 0x645, 0x3, 0x635, 0x644, 0x649, 0x12, 0x635, 0x644, 0x649, 0x20, 0x627, 0x644, 0x644, 0x647, 0x20,
	0x639, 0x644, 0x64a, 0x647, 0x20, 0x648, 0x633, 0x644, 0x645, 0x8, 0x62c, 0x644, 0x20, 0x62c, 0x644, 0x627,
	0x644, 0x647, 0x4, 0x631, 0x6cc, 0x627, 0x644, 0x1, 0x2c, 0x1, 0x3001, 0x1, 0x3a, 0x1, 0x21, 0x1,
	0x3f, 0x1, 0x3016, 0x1, 0x3017, 0x1, 0x2014, 0x1, 0x2013, 0x1, 0x5f, 0x1, 0x7b, 0x1, 0x7d, 0x1,
	0x3014, 0x1, 0x3015, 0x1, 0x3010, 0x1, 0x3011, 0x1, 0x300a, 0x1, 0x300b, 0x1, 0x300c, 0x1, 0x300d, 0x1,
	0x300e, 0x1, 0x300f, 0x1, 0x5b, 0x1, 0x5d, 0x1, 0x23, 0x1, 0x26, 0x1, 0x2a, 0x1, 0x2d, 0x1,
	0x3c, 0x1, 0x3e, 0x1, 0x5c, 0x1, 0x24, 0x1, 0x25, 0x1, 0x40, 0x1b02, 0x20, 0x64b, 0x1b02, 0x640,
	0x64b, 0x1c02, 0x20, 0x64c, 0x1d02, 0x20, 0x64d, 0x1e02, 0x20, 0x64e, 0x1e02, 0x640, 0x64e, 0x1f02, 0x20, 0x64f,
	0x1f02, 0x640, 0x64f, 0x2002, 0x20, 0x650, 0x2002, 0x640, 0x650, 0x2102, 0x20, 0x651, 0x2102, 0x640, 0x651, 0x2202,
	0x20, 0x652, 0x2202, 0x640, 0x652, 0x1, 0x621, 0x1, 0x627, 0x1, 0x628, 0x1, 0x629, 0x1, 0x62a, 0x1,
	0x62b, 0x1, 0x62c, 0x1, 0x62d, 0x1, 0x62e, 0x1, 0x62f, 0x1, 0x630, 0x1, 0x631, 0x1, 0x632, 0x1,
	0x633, 0x1, 0x634, 0x1, 0x635, 0x1, 0x636, 0x1, 0x637, 0x1, 0x638, 0x1, 0x639, 0x1, 0x63a, 0x1,
	0x641, 0x1, 0x642, 0x1, 0x643, 0x1, 0x644, 0x1, 0x645, 0x1, 0x646, 0x1, 0x647, 0x1, 0x648, 0x1,
	0x64a, 0x2, 0x644, 0x627, 0x1, 0x22, 0x1, 0x27, 0x1, 0x2f, 0x1, 0x5e, 0x1, 0x7c, 0x1, 0x7e,
	0x1, 0x2985, 0x1, 0x2986, 0x1, 0x30fb, 0x1, 0x30a1, 0x1, 0x30a3, 0x1, 0x30a5, 0x1, 0x30a7, 0x1, 0x30a9,
	0x1, 0x30e3, 0x1, 0x30e5, 0x1, 0x30e7, 0x1, 0x30c3, 0x1, 0x30fc, 0x1, 0x30f3, 0x1, 0xa2, 0x1, 0xa3,
	0x1, 0xac, 0x1, 0xa6, 0x1, 0xa5, 0x1, 0x20a9, 0x1, 0x2502, 0x1, 0x2190, 0x1, 0x2191, 0x1, 0x2192,
	0x1, 0x2193, 0x1, 0x25a0, 0x1, 0x25cb, 0x1, 0x2d0, 0x1, 0x2d1, 0x1, 0x299, 0x1, 0x2a3, 0x1, 0xab66,
	0x1, 0x2a5, 0x1, 0x2a4, 0x1, 0x1d91, 0x1, 0x258, 0x1, 0x25e, 0x1, 0x2a9, 0x1, 0x262, 0x1, 0x29b,
	0x1, 0x29c, 0x1, 0x267, 0x1, 0x284, 0x1, 0x2aa, 0x1, 0x2ab, 0x2, 0xd837, 0xdf04, 0x1, 0xa78e, 0x1,
	0x26e, 0x2, 0xd837, 0xdf05, 0x1, 0x28e, 0x2, 0xd837, 0xdf06, 0x1, 0xf8, 0x1, 0x276, 0x1, 0x277, 0x1,
	0x27a, 0x2, 0xd837, 0xdf08, 0x1, 0x27e, 0x1, 0x2a8, 0x1, 0x2a6, 0x1, 0xab67, 0x1, 0x2a7, 0x1, 0x2c71,
	0x1, 0x28f, 0x1, 0x2a1, 0x1, 0x2a2, 0x1, 0x298, 0x1, 0x1c0, 0x1, 0x1c1, 0x1, 0x1c2, 0x2, 0xd837,
	0xdf0a, 0x2, 0xd837, 0xdf1e, 0xd804, 0xd834, 0xdd57, 0xd834, 0xdd65, 0xd804, 0xd834, 0xdd58, 0xd834, 0xdd65, 0xd806, 0xd834,
	0xdd58, 0xd834, 0xdd65, 0xd834, 0xdd6e, 0xd806, 0xd834, 0xdd58, 0xd834, 0xdd65, 0xd834, 0xdd6f, 0xd806, 0xd834, 0xdd58, 0xd834,
	0xdd65, 0xd834, 0xdd70, 0xd806, 0xd834, 0xdd58, 0xd834, 0xdd65, 0xd834, 0xdd71, 0xd806, 0xd834, 0xdd58, 0xd834, 0xdd65, 0xd834,
	0xdd72, 0xd804, 0xd834, 0xddb9, 0xd834, 0xdd65, 0xd804, 0xd834, 0xddba, 0xd834, 0xdd65, 0xd806, 0xd834, 0xddb9, 0xd834, 0xdd65,
	0xd834, 0xdd6e, 0xd806, 0xd834, 0xddba, 0xd834, 0xdd65, 0xd834, 0xdd6e, 0xd806, 0xd834, 0xddb9, 0xd834, 0xdd65, 0xd834, 0xdd6f,
	0xd806, 0xd834, 0xddba, 0xd834, 0xdd65, 0xd834, 0xdd6f, 0x1, 0x131, 0x1, 0x237, 0x1, 0x3b1, 0x1, 0x3b5, 0x1,
	0x3b6, 0x1, 0x3b7, 0x1, 0x3ba, 0x1, 0x3bb, 0x1, 0x3bd, 0x1, 0x3be, 0x1, 0x3bf, 0x1, 0x3c3, 0x1,
	0x3c4, 0x1, 0x3c5, 0x1, 0x3c8, 0x1, 0x2207, 0x1, 0x2202, 0x1, 0x3dd, 0x1, 0x430, 0x1, 0x431, 0x1,
	0x433, 0x1, 0x435, 0x1, 0x436, 0x1, 0x437, 0x1, 0x438, 0x1, 0x43a, 0x1, 0x43b, 0x1, 0x43c, 0x1,
	0x43f, 0x1, 0x440, 0x1, 0x443, 0x1, 0x444, 0x1, 0x445, 0x1, 0x446, 0x1, 0x447, 0x1, 0x448, 0x1,
	0x44b, 0x1, 0x44d, 0x1, 0x44e, 0x1, 0xa689, 0x1, 0x4d9, 0x1, 0x4e9, 0x1, 0x4af, 0x1, 0x4cf, 0x1,
	0x491, 0x1, 0x4ab, 0x1, 0xa651, 0x1, 0x4b1, 0x1, 0x66e, 0x1, 0x6a1, 0x1, 0x66f, 0x2, 0x30, 0x2c,
	0x2, 0x31, 0x2c, 0x2, 0x32, 0x2c, 0x2, 0x33, 0x2c, 0x2, 0x34, 0x2c, 0x2, 0x35, 0x2c, 0x2,
	0x36, 0x2c, 0x2, 0x37, 0x2c, 0x2, 0x38, 0x2c, 0x2, 0x39, 0x2c, 0x3, 0x3014, 0x73, 0x3015, 0x2,
	0x77, 0x7a, 0x2, 0x68, 0x76, 0x2, 0x73, 0x64, 0x2, 0x73, 0x73, 0x3, 0x70, 0x70, 0x76, 0x2,
	0x77, 0x63, 0x2, 0x6d, 0x63, 0x2, 0x6d, 0x64, 0x2, 0x6d, 0x72, 0x2, 0x64, 0x6a, 0x2, 0x307b,
	0x304b, 0x2, 0x30b3, 0x30b3, 0x1, 0x5b57, 0x1, 0x53cc, 0x1, 0x591a, 0x1, 0x89e3, 0x1, 0x4ea4, 0x1, 0x6620,
	0x1, 0x7121, 0x1, 0x524d, 0x1, 0x5f8c, 0x1, 0x518d, 0x1, 0x65b0, 0x1, 0x521d, 0x1, 0x7d42, 0x1, 0x8ca9,
	0x1, 0x58f0, 0x1, 0x5439, 0x1, 0x6f14, 0x1, 0x6295, 0x1, 0x6355, 0x1, 0x904a, 0x1, 0x6307, 0x1, 0x6253,
	0x1, 0x7981, 0x1, 0x7a7a, 0x1, 0x5408, 0x1, 0x6e80, 0x1, 0x7533, 0x1, 0x5272, 0x1, 0x55b6, 0x1, 0x914d,
	0x3, 0x3014, 0x672c, 0x3015, 0x3, 0x3014, 0x4e09, 0x3015, 0x3, 0x3014, 0x4e8c, 0x3015, 0x3, 0x3014, 0x5b89, 0x3015,
	0x3, 0x3014, 0x70b9, 0x3015, 0x3, 0x3014, 0x6253, 0x3015, 0x3, 0x3014, 0x76d7, 0x3015, 0x3, 0x3014, 0x52dd, 0x3015,
	0x3, 0x3014, 0x6557, 0x3015, 0x1, 0x5f97, 0x1, 0x53ef, 0x1, 0x4e3d, 0x1, 0x4e38, 0x1, 0x4e41, 0x2, 0xd840,
	0xdd22, 0x1, 0x4f60, 0x1, 0x4fbb, 0x1, 0x5002, 0x1, 0x507a, 0x1, 0x5099, 0x1, 0x50cf, 0x1, 0x349e, 0x2,
	0xd841, 0xde3a, 0x1, 0x5154, 0x1, 0x5164, 0x1, 0x5177, 0x2, 0xd841, 0xdd1c, 0x1, 0x34b9, 0x1, 0x5167, 0x2,
	0xd841, 0xdd4b, 0x1, 0x5197, 0x1, 0x51a4, 0x1, 0x4ecc, 0x1, 0x51ac, 0x2, 0xd864, 0xdddf, 0x1, 0x5203, 0x1,
	0x34df, 0x1, 0x523b, 0x1, 0x5246, 0x1, 0x5277, 0x1, 0x3515, 0x1, 0x5305, 0x1, 0x5306, 0x1, 0x5349, 0x1,
	0x535a, 0x1, 0x5373, 0x1, 0x537d, 0x1, 0x537f, 0x2, 0xd842, 0xde2c, 0x1, 0x7070, 0x1, 0x53ca, 0x1, 0x53df,
	0x2, 0xd842, 0xdf63, 0x1, 0x53eb, 0x1, 0x53f1, 0x1, 0x5406, 0x1, 0x549e, 0x1, 0x5438, 0x1, 0x5448, 0x1,
	0x5468, 0x1, 0x54a2, 0x1, 0x54f6, 0x1, 0x5510, 0x1, 0x5553, 0x1, 0x5563, 0x1, 0x5584, 0x1, 0x55ab, 0x1,
	0x55b3, 0x1, 0x55c2, 0x1, 0x5716, 0x1, 0x5717, 0x1, 0x5651, 0x1, 0x5674, 0x1, 0x58ee, 0x1, 0x57ce, 0x1,
	0x57f4, 0x1, 0x580d, 0x1, 0x578b, 0x1, 0x5832, 0x1, 0x5831, 0x1, 0x58ac, 0x2, 0xd845, 0xdce4, 0x1, 0x58f2,
	0x1, 0x58f7, 0x1, 0x5906, 0x1, 0x5922, 0x1, 0x5962, 0x2, 0xd845, 0xdea8, 0x2, 0xd845, 0xdeea, 0x1, 0x59ec,
	0x1, 0x5a1b, 0x1, 0x5a27, 0x1, 0x59d8, 0x1, 0x5a66, 0x1, 0x36ee, 0x1, 0x36fc, 0x1, 0x5b08, 0x1, 0x5b3e,
	0x2, 0xd846, 0xddc8, 0x1, 0x5bc3, 0x1, 0x5bd8, 0x1, 0x5bf3, 0x2, 0xd846, 0xdf18, 0x1, 0x5bff, 0x1, 0x5c06,
	0x1, 0x5f53, 0x1, 0x3781, 0x1, 0x5c60, 0x1, 0x5cc0, 0x1, 0x5c8d, 0x2, 0xd847, 0xdde4, 0x1, 0x5d43, 0x2,
	0xd847, 0xdde6, 0x1, 0x5d6e, 0x1, 0x5d6b, 0x1, 0x5d7c, 0x1, 0x5de1, 0x1, 0x5de2, 0x1, 0x382f, 0x1, 0x5dfd,
	0x1, 0x5e28, 0x1, 0x5e3d, 0x1, 0x5e69, 0x1, 0x3862, 0x2, 0xd848, 0xdd83, 0x1, 0x387c, 0x1, 0x5eb0, 0x1,
	0x5eb3, 0x1, 0x5eb6, 0x2, 0xd868, 0xdf92, 0x2, 0xd848, 0xdf31, 0x1, 0x8201, 0x1, 0x5f22, 0x1, 0x38c7, 0x2,
	0xd84c, 0xdeb8, 0x2, 0xd858, 0xddda, 0x1, 0x5f62, 0x1, 0x5f6b, 0x1, 0x38e3, 0x1, 0x5f9a, 0x1, 0x5fcd, 0x1,
	0x5fd7, 0x1, 0x5ff9, 0x1, 0x6081, 0x1, 0x393a, 0x1, 0x391c, 0x2, 0xd849, 0xded4, 0x1, 0x60c7, 0x1, 0x6148,
	0x1, 0x614c, 0x1, 0x617a, 0x1, 0x61b2, 0x1, 0x61a4, 0x1, 0x61af, 0x1, 0x61de, 0x1, 0x6210, 0x1, 0x621b,
	0x1, 0x625d, 0x1, 0x62b1, 0x1, 0x62d4, 0x1, 0x6350, 0x2, 0xd84a, 0xdf0c, 0x1, 0x633d, 0x1, 0x62fc, 0x1,
	0x6368, 0x1, 0x6383, 0x1, 0x63e4, 0x2, 0xd84a, 0xdff1, 0x1, 0x6422, 0x1, 0x63c5, 0x1, 0x63a9, 0x1, 0x3a2e,
	0x1, 0x6469, 0x1, 0x647e, 0x1, 0x649d, 0x1, 0x6477, 0x1, 0x3a6c, 0x1, 0x656c, 0x2, 0xd84c, 0xdc0a, 0x1,
	0x65e3, 0x1, 0x66f8, 0x1, 0x6649, 0x1, 0x3b19, 0x1, 0x3b08, 0x1, 0x3ae4, 0x1, 0x5192, 0x1, 0x5195, 0x1,
	0x6700, 0x1, 0x669c, 0x1, 0x80ad, 0x1, 0x43d9, 0x1, 0x6721, 0x1, 0x675e, 0x1, 0x6753, 0x2, 0xd84c, 0xdfc3,
	0x1, 0x3b49, 0x1, 0x67fa, 0x1, 0x6785, 0x1, 0x6852, 0x2, 0xd84d, 0xdc6d, 0x1, 0x688e, 0x1, 0x681f, 0x1,
	0x6914, 0x1, 0x6942, 0x1, 0x69a3, 0x1, 0x69ea, 0x1, 0x6aa8, 0x2, 0xd84d, 0xdea3, 0x1, 0x6adb, 0x1, 0x3c18,
	0x1, 0x6b21, 0x2, 0xd84e, 0xdca7, 0x1, 0x6b54, 0x1, 0x3c4e, 0x1, 0x6b72, 0x1, 0x6b9f, 0x1, 0x6bbb, 0x2,
	0xd84e, 0xde8d, 0x2, 0xd847, 0xdd0b, 0x2, 0xd84e, 0xdefa, 0x1, 0x6c4e, 0x2, 0xd84f, 0xdcbc, 0x1, 0x6cbf, 0x1,
	0x6ccd, 0x1, 0x6c67, 0x1, 0x6d16, 0x1, 0x6d3e, 0x1, 0x6d69, 0x1, 0x6d78, 0x1, 0x6d85, 0x2, 0xd84f, 0xdd1e,
	0x1, 0x6d34, 0x1, 0x6e2f, 0x1, 0x6e6e, 0x1, 0x3d33, 0x1, 0x6ec7, 0x2, 0xd84f, 0xded1, 0x1, 0x6df9, 0x1,
	0x6f6e, 0x2, 0xd84f, 0xdf5e, 0x2, 0xd84f, 0xdf8e, 0x1, 0x6fc6, 0x1, 0x7039, 0x1, 0x701b, 0x1, 0x3d96, 0x1,
	0x704a, 0x1, 0x707d, 0x1, 0x7077, 0x1, 0x70ad, 0x2, 0xd841, 0xdd25, 0x1, 0x7145, 0x2, 0xd850, 0xde63, 0x1,
	0x719c, 0x2, 0xd850, 0xdfab, 0x1, 0x7228, 0x1, 0x7250, 0x2, 0xd851, 0xde08, 0x1, 0x7280, 0x1, 0x7295, 0x2,
	0xd851, 0xdf35, 0x2, 0xd852, 0xdc14, 0x1, 0x737a, 0x1, 0x738b, 0x1, 0x3eac, 0x1, 0x73a5, 0x1, 0x3eb8, 0x1,
	0x7447, 0x1, 0x745c, 0x1, 0x7485, 0x1, 0x74ca, 0x1, 0x3f1b, 0x1, 0x7524, 0x2, 0xd853, 0xdc36, 0x1, 0x753e,
	0x2, 0xd853, 0xdc92, 0x2, 0xd848, 0xdd9f, 0x1, 0x7610, 0x2, 0xd853, 0xdfa1, 0x2, 0xd853, 0xdfb8, 0x2, 0xd854,
	0xdc44, 0x1, 0x3ffc, 0x1, 0x4008, 0x2, 0xd854, 0xdcf3, 0x2, 0xd854, 0xdcf2, 0x2, 0xd854, 0xdd19, 0x2, 0xd854,
	0xdd33, 0x1, 0x771e, 0x1, 0x771f, 0x1, 0x778b, 0x1, 0x4046, 0x1, 0x4096, 0x2, 0xd855, 0xdc1d, 0x1, 0x784e,
	0x1, 0x40e3, 0x2, 0xd855, 0xde26, 0x2, 0xd855, 0xde9a, 0x2, 0xd855, 0xdec5, 0x1, 0x79eb, 0x1, 0x412f, 0x1,
	0x7a4a, 0x1, 0x7a4f, 0x2, 0xd856, 0xdd7c, 0x2, 0xd856, 0xdea7, 0x1, 0x7aee, 0x1, 0x4202, 0x2, 0xd856, 0xdfab,
	0x1, 0x7bc6, 0x1, 0x7bc9, 0x1, 0x4227, 0x2, 0xd857, 0xdc80, 0x1, 0x7cd2, 0x1, 0x42a0, 0x1, 0x7ce8, 0x1,
	0x7ce3, 0x1, 0x7d00, 0x2, 0xd857, 0xdf86, 0x1, 0x7d63, 0x1, 0x4301, 0x1, 0x7dc7, 0x1, 0x7e02, 0x1, 0x7e45,
	0x1, 0x4334, 0x2, 0xd858, 0xde28, 0x2, 0xd858, 0xde47, 0x1, 0x4359, 0x2, 0xd858, 0xded9, 0x1, 0x7f7a, 0x2,
	0xd858, 0xdf3e, 0x1, 0x7f95, 0x1, 0x7ffa, 0x2, 0xd859, 0xdcda, 0x2, 0xd859, 0xdd23, 0x1, 0x8060, 0x2, 0xd859,
	0xdda8, 0x1, 0x8070, 0x2, 0xd84c, 0xdf5f, 0x1, 0x43d5, 0x1, 0x80b2, 0x1, 0x8103, 0x1, 0x440b, 0x1, 0x813e,
	0x1, 0x5ab5, 0x2, 0xd859, 0xdfa7, 0x2, 0xd859, 0xdfb5, 0x2, 0xd84c, 0xdf93, 0x2, 0xd84c, 0xdf9c, 0x1, 0x8204,
	0x1, 0x8f9e, 0x1, 0x446b, 0x1, 0x8291, 0x1, 0x828b, 0x1, 0x829d, 0x1, 0x52b3, 0x1, 0x82b1, 0x1, 0x82b3,
	0x1, 0x82bd, 0x1, 0x82e6, 0x2, 0xd85a, 0xdf3c, 0x1, 0x831d, 0x1, 0x8363, 0x1, 0x83ad, 0x1, 0x8323, 0x1,
	0x83bd, 0x1, 0x83e7, 0x1, 0x8353, 0x1, 0x83ca, 0x1, 0x83cc, 0x1, 0x83dc, 0x2, 0xd85b, 0xdc36, 0x2, 0xd85b,
	0xdd6b, 0x2, 0xd85b, 0xdcd5, 0x1, 0x452b, 0x1, 0x84f1, 0x1, 0x84f3, 0x1, 0x8516, 0x2, 0xd85c, 0xdfca, 0x1,
	0x8564, 0x2, 0xd85b, 0xdf2c, 0x1, 0x455d, 0x1, 0x4561, 0x2, 0xd85b, 0xdfb1, 0x2, 0xd85c, 0xdcd2, 0x1, 0x456b,
	0x1, 0x8650, 0x1, 0x8667, 0x1, 0x8669, 0x1, 0x86a9, 0x1, 0x8688, 0x1, 0x870e, 0x1, 0x86e2, 0x1, 0x8728,
	0x1, 0x876b, 0x1, 0x8786, 0x1, 0x45d7, 0x1, 0x87e1, 0x1, 0x8801, 0x1, 0x45f9, 0x1, 0x8860, 0x2, 0xd85d,
	0xde67, 0x1, 0x88d7, 0x1, 0x88de, 0x1, 0x4635, 0x1, 0x88fa, 0x1, 0x34bb, 0x2, 0xd85e, 0xdcae, 0x2, 0xd85e,
	0xdd66, 0x1, 0x46be, 0x1, 0x46c7, 0x1, 0x8aa0, 0x2, 0xd85f, 0xdca8, 0x1, 0x8cab, 0x1, 0x8cc1, 0x1, 0x8d1b,
	0x1, 0x8d77, 0x2, 0xd85f, 0xdf2f, 0x2, 0xd842, 0xdc04, 0x1, 0x8dcb, 0x1, 0x8dbc, 0x1, 0x8df0, 0x2, 0xd842,
	0xdcde, 0x1, 0x8ed4, 0x2, 0xd861, 0xddd2, 0x2, 0xd861, 0xdded, 0x1, 0x9094, 0x1, 0x90f1, 0x1, 0x9111, 0x2,
	0xd861, 0xdf2e, 0x1, 0x911b, 0x1, 0x9238, 0x1, 0x92d7, 0x1, 0x92d8, 0x1, 0x927c, 0x1, 0x93f9, 0x1, 0x9415,
	0x2, 0xd862, 0xdffa, 0x1, 0x958b, 0x1, 0x4995, 0x1, 0x95b7, 0x2, 0xd863, 0xdd77, 0x1, 0x49e6, 0x1, 0x96c3,
	0x1, 0x5db2, 0x1, 0x9723, 0x2, 0xd864, 0xdd45, 0x2, 0xd864, 0xde1a, 0x1, 0x4a6e, 0x1, 0x4a76, 0x1, 0x97e0,
	0x2, 0xd865, 0xdc0a, 0x1, 0x4ab2, 0x2, 0xd865, 0xdc96, 0x1, 0x9829, 0x2, 0xd865, 0xddb6, 0x1, 0x98e2, 0x1,
	0x4b33, 0x1, 0x9929, 0x1, 0x99a7, 0x1, 0x99c2, 0x1, 0x99fe, 0x1, 0x4bce, 0x2, 0xd866, 0xdf30, 0x1, 0x9c40,
	0x1, 0x9cfd, 0x1, 0x4cce, 0x1, 0x4ced, 0x1, 0x9d67, 0x2, 0xd868, 0xdcce, 0x1, 0x4cf8, 0x2, 0xd868, 0xdd05,
	0x2, 0xd868, 0xde0e, 0x2, 0xd868, 0xde91, 0x1, 0x4d56, 0x1, 0x9efe, 0x1, 0x9f05, 0x1, 0x9f0f, 0x1, 0x9f16,
	0x2, 0xd869, 0xde00, 0xff, 0xe642, 0x79, 0x308, 0x64, 0x17e, 0x2, 0xe643, 0x64, 0x7a, 0x30c, 0x450, 0xe642,
	0x435, 0x300, 0x451, 0xe642, 0x435, 0x308, 0x453, 0xe642, 0x433, 0x301, 0x457, 0xe642, 0x456, 0x308, 0x45c, 0xe642,
	0x43a, 0x301, 0x45d, 0xe642, 0x438, 0x300, 0x45e, 0xe642, 0x443, 0x306, 0x3ac, 0xe642, 0x3b1, 0x301, 0x3ad, 0xe642,
	0x3b5, 0x301, 0x3ae, 0xe642, 0x3b7, 0x301, 0x3af, 0xe642, 0x3b9, 0x301, 0x3cc, 0xe642, 0x3bf, 0x301, 0x3cd, 0xe642,
	0x3c5, 0x301, 0x3ce, 0xe642, 0x3c9, 0x301, 0x1f00, 0x43, 0x3b1, 0x313, 0x3b9, 0x1f01, 0x43, 0x3b1, 0x314, 0x3b9,
	0x1f02, 0x3b9, 0x2, 0x44, 0x3b1, 0x313, 0x300, 0x3b9, 0x1f03, 0x3b9, 0x2, 0x44, 0x3b1, 0x314, 0x300, 0x3b9,
	0x1f04, 0x3b9, 0x2, 0x44, 0x3b1, 0x313, 0x301, 0x3b9, 0x1f05, 0x3b9, 0x2, 0x44, 0x3b1, 0x314, 0x301, 0x3b9,
	0x1f06, 0x3b9, 0x2, 0x44, 0x3b1, 0x313, 0x342, 0x3b9, 0x1f07, 0x3b9, 0x2, 0x44, 0x3b1, 0x314, 0x342, 0x3b9,
	0x1f20, 0x43, 0x3b7, 0x313, 0x3b9, 0x1f21, 0x43, 0x3b7, 0x314, 0x3b9, 0x1f22, 0x3b9, 0x2, 0x44, 0x3b7, 0x313,
	0x300, 0x3b9, 0x1f23, 0x3b9, 0x2, 0x44, 0x3b7, 0x314, 0x300, 0x3b9, 0x1f24, 0x3b9, 0x2, 0x44, 0x3b7, 0x313,
	0x301, 0x3b9, 0x1f25, 0x3b9, 0x2, 0x44, 0x3b7, 0x314, 0x301, 0x3b9, 0x1f26, 0x3b9, 0x2, 0x44, 0x3b7, 0x313,
	0x342, 0x3b9, 0x1f27, 0x3b9, 0x2, 0x44, 0x3b7, 0x314, 0x342, 0x3b9, 0x1f60, 0x43, 0x3c9, 0x313, 0x3b9, 0x1f61,
	0x43, 0x3c9, 0x314, 0x3b9, 0x1f62, 0x3b9, 0x2, 0x44, 0x3c9, 0x313, 0x300, 0x3b9, 0x1f63, 0x3b9, 0x2, 0x44,
	0x3c9, 0x314, 0x300, 0x3b9, 0x1f64, 0x3b9, 0x2, 0x44, 0x3c9, 0x313, 0x301, 0x3b9, 0x1f65, 0x3b9, 0x2, 0x44,
	0x3c9, 0x314, 0x301, 0x3b9, 0x1f66, 0x3b9, 0x2, 0x44, 0x3c9, 0x313, 0x342, 0x3b9, 0x1f67, 0x3b9, 0x2, 0x44,
	0x3c9, 0x314, 0x342, 0x3b9, 0x1f70, 0x43, 0x3b1, 0x300, 0x3b9, 0x3ac, 0x43, 0x3b1, 0x301, 0x3b9, 0x1fb6, 0x43,
	0x3b1, 0x342, 0x3b9, 0x1f70, 0xe642, 0x3b1, 0x300, 0x1f74, 0x43, 0x3b7, 0x300, 0x3b9, 0x3ae, 0x43, 0x3b7, 0x301,
	0x3b9, 0x1fc6, 0x43, 0x3b7, 0x342, 0x3b9, 0x1f72, 0xe642, 0x3b5, 0x300, 0x1f74, 0xe642, 0x3b7, 0x300, 0x390, 0x1,
	0xe643, 0x3b9, 0x308, 0x301, 0x1f76, 0xe642, 0x3b9, 0x300, 0x3b0, 0x1, 0xe643, 0x3c5, 0x308, 0x301, 0x1f7a, 0xe642,
	0x3c5, 0x300, 0x1f7c, 0x43, 0x3c9, 0x300, 0x3b9, 0x3ce, 0x43, 0x3c9, 0x301, 0x3b9, 0x1ff6, 0x43, 0x3c9, 0x342,
	0x3b9, 0x1f78, 0xe642, 0x3bf, 0x300, 0x1f7c, 0xe642, 0x3c9, 0x300, 0xe5, 0xe642, 0x61, 0x30a, 0x28, 0xac00, 0x29,
	0x3, 0x44, 0x28, 0x1100, 0x1161, 0x29, 0x28, 0xb098, 0x29, 0x3, 0x44, 0x28, 0x1102, 0x1161, 0x29, 0x28,
	0xb2e4, 0x29, 0x3, 0x44, 0x28, 0x1103, 0x1161, 0x29, 0x28, 0xb77c, 0x29, 0x3, 0x44, 0x28, 0x1105, 0x1161,
	0x29, 0x28, 0xb9c8, 0x29, 0x3, 0x44, 0x28, 0x1106, 0x1161, 0x29, 0x28, 0xbc14, 0x29, 0x3, 0x44, 0x28,
	0x1107, 0x1161, 0x29, 0x28, 0xc0ac, 0x29, 0x3, 0x44, 0x28, 0x1109, 0x1161, 0x29, 0x28, 0xc544, 0x29, 0x3,
	0x44, 0x28, 0x110b, 0x1161, 0x29, 0x28, 0xc790, 0x29, 0x3, 0x44, 0x28, 0x110c, 0x1161, 0x29, 0x28, 0xcc28,
	0x29, 0x3, 0x44, 0x28, 0x110e, 0x1161, 0x29, 0x28, 0xce74, 0x29, 0x3, 0x44, 0x28, 0x110f, 0x1161, 0x29,
	0x28, 0xd0c0, 0x29, 0x3, 0x44, 0x28, 0x1110, 0x1161, 0x29, 0x28, 0xd30c, 0x29, 0x3, 0x44, 0x28, 0x1111,
	0x1161, 0x29, 0x28, 0xd558, 0x29, 0x3, 0x44, 0x28, 0x1112, 0x1161, 0x29, 0x28, 0xc8fc, 0x29, 0x3, 0x44,
	0x28, 0x110c, 0x116e, 0x29, 0x28, 0xc624, 0xc804, 0x29, 0x4, 0x47, 0x28, 0x110b, 0x1169, 0x110c, 0x1165, 0x11ab,
	0x29, 0x28, 0xc624, 0xd6c4, 0x29, 0x4, 0x46, 0x28, 0x110b, 0x1169, 0x1112, 0x116e, 0x29, 0xac00, 0x42, 0x1100,
	0x1161, 0xb098, 0x42, 0x1102, 0x1161, 0xb2e4, 0x42, 0x1103, 0x1161, 0xb77c, 0x42, 0x1105, 0x1161, 0xb9c8, 0x42, 0x1106,
	0x1161, 0xbc14, 0x42, 0x1107, 0x1161, 0xc0ac, 0x42, 0x1109, 0x1161, 0xc544, 0x42, 0x110b, 0x1161, 0xc790, 0x42, 0x110c,
	0x1161, 0xcc28, 0x42, 0x110e, 0x1161, 0xce74, 0x42, 0x110f, 0x1161, 0xd0c0, 0x42, 0x1110, 0x1161, 0xd30c, 0x42, 0x1111,
	0x1161, 0xd558, 0x42, 0x1112, 0x1161, 0xcc38, 0xace0, 0x2, 0x45, 0x110e, 0x1161, 0x11b7, 0x1100, 0x1169, 0xc8fc, 0xc758,
	0x2, 0x44, 0x110c, 0x116e, 0x110b, 0x1174, 0xc6b0, 0x42, 0x110b, 0x116e, 0x30a2, 0x30d1, 0x30fc, 0x30c8, 0x4, 0x45,
	0x30a2, 0x30cf, 0x309a, 0x30fc, 0x30c8, 0x30a2, 0x30f3, 0x30da, 0x30a2, 0x4, 0x45, 0x30a2, 0x30f3, 0x30d8, 0x309a, 0x30a2,
	0x30a4, 0x30cb, 0x30f3, 0x30b0, 0x4, 0x845, 0x30a4, 0x30cb, 0x30f3, 0x30af, 0x3099, 0x30a8, 0x30b9, 0x30af, 0x30fc, 0x30c9,
	0x5, 0x846, 0x30a8, 0x30b9, 0x30af, 0x30fc, 0x30c8, 0x3099, 0x30ac, 0x44, 0x30ab, 0x3099, 0x30ed, 0x30f3, 0x30ac, 0x44,
	0x30ab, 0x3099, 0x30f3, 0x30de, 0x30ae, 0x30ac, 0x2, 0x844, 0x30ad, 0x3099, 0x30ab, 0x3099, 0x30ae, 0x44, 0x30ad, 0x3099,
	0x30cb, 0x30fc, 0x30ae, 0x30eb, 0x30c0, 0x30fc, 0x4, 0x46, 0x30ad, 0x3099, 0x30eb, 0x30bf, 0x3099, 0x30fc, 0x30ad, 0x30ed,
	0x30b0, 0x30e9, 0x30e0, 0x5, 0x46, 0x30ad, 0x30ed, 0x30af, 0x3099, 0x30e9, 0x30e0, 0x30b0, 0x44, 0x30af, 0x3099, 0x30e9,
	0x30e0, 0x30b0, 0x46, 0x30af, 0x3099, 0x30e9, 0x30e0, 0x30c8, 0x30f3, 0x30af, 0x30eb, 0x30bc, 0x30a4, 0x30ed, 0x5, 0x46,
	0x30af, 0x30eb, 0x30bb, 0x3099, 0x30a4, 0x30ed, 0x30b3, 0x30fc, 0x30dd, 0x3, 0x844, 0x30b3, 0x30fc, 0x30db, 0x309a, 0x30b7,
	0x30ea, 0x30f3, 0x30b0, 0x4, 0x845, 0x30b7, 0x30ea, 0x30f3, 0x30af, 0x3099, 0x30c0, 0x44, 0x30bf, 0x3099, 0x30fc, 0x30b9,
	0x30c7, 0x43, 0x30c6, 0x3099, 0x30b7, 0x30c9, 0x43, 0x30c8, 0x3099, 0x30eb, 0x30d1, 0x46, 0x30cf, 0x309a, 0x30fc, 0x30bb,
	0x30f3, 0x30c8, 0x30d1, 0x44, 0x30cf, 0x309a, 0x30fc, 0x30c4, 0x30d0, 0x45, 0x30cf, 0x3099, 0x30fc, 0x30ec, 0x30eb, 0x30d4,
	0x46, 0x30d2, 0x309a, 0x30a2, 0x30b9, 0x30c8, 0x30eb, 0x30d4, 0x44, 0x30d2, 0x309a, 0x30af, 0x30eb, 0x30d4, 0x43, 0x30d2,
	0x309a, 0x30b3, 0x30d3, 0x43, 0x30d2, 0x3099, 0x30eb, 0x30d5, 0x30a1, 0x30e9, 0x30c3, 0x30c9, 0x5, 0x846, 0x30d5, 0x30a1,
	0x30e9, 0x30c3, 0x30c8, 0x3099, 0x30d6, 0x46, 0x30d5, 0x3099, 0x30c3, 0x30b7, 0x30a7, 0x30eb, 0x30da, 0x43, 0x30d8, 0x309a,
	0x30bd, 0x30da, 0x44, 0x30d8, 0x309a, 0x30cb, 0x30d2, 0x30da, 0x44, 0x30d8, 0x309a, 0x30f3, 0x30b9, 0x30da, 0x30fc, 0x30b8,
	0x3, 0x845, 0x30d8, 0x309a, 0x30fc, 0x30b7, 0x3099, 0x30d9, 0x44, 0x30d8, 0x3099, 0x30fc, 0x30bf, 0x30dd, 0x45, 0x30db,
	0x309a, 0x30a4, 0x30f3, 0x30c8, 0x30dc, 0x44, 0x30db, 0x3099, 0x30eb, 0x30c8, 0x30dd, 0x30f3, 0x30c9, 0x3, 0x845, 0x30db,
	0x309a, 0x30f3, 0x30c8, 0x3099, 0x30df, 0x30ea, 0x30d0, 0x30fc, 0x30eb, 0x5, 0x46, 0x30df, 0x30ea, 0x30cf, 0x3099, 0x30fc,
	0x30eb, 0x30e1, 0x30ac, 0x2, 0x843, 0x30e1, 0x30ab, 0x3099, 0x30e1, 0x30ac, 0x30c8, 0x30f3, 0x4, 0x45, 0x30e1, 0x30ab,
	0x3099, 0x30c8, 0x30f3, 0x30e4, 0x30fc, 0x30c9, 0x3, 0x844, 0x30e4, 0x30fc, 0x30c8, 0x3099, 0x30eb, 0x30d4, 0x30fc, 0x3,
	0x44, 0x30eb, 0x30d2, 0x309a, 0x30fc, 0x30eb, 0x30fc, 0x30d6, 0x30eb, 0x4, 0x45, 0x30eb, 0x30fc, 0x30d5, 0x3099, 0x30eb,
	0x30ec, 0x30f3, 0x30c8, 0x30b2, 0x30f3, 0x5, 0x46, 0x30ec, 0x30f3, 0x30c8, 0x30b1, 0x3099, 0x30f3, 0x6c0, 0xe642, 0x6d5,
	0x654, 0x6d3, 0xe642, 0x6d2, 0x654, 0x626, 0x43, 0x64a, 0x654, 0x627, 0x626, 0x43, 0x64a, 0x654, 0x6d5, 0x626,
	0x43, 0x64a, 0x654, 0x648, 0x626, 0x43, 0x64a, 0x654, 0x6c7, 0x626, 0x43, 0x64a, 0x654, 0x6c6, 0x626, 0x43,
	0x64a, 0x654, 0x6c8, 0x626, 0x43, 0x64a, 0x654, 0x6d0, 0x626, 0x43, 0x64a, 0x654, 0x649, 0x626, 0x43, 0x64a,
	0x654, 0x62c, 0x626, 0x43, 0x64a, 0x654, 0x62d, 0x626, 0x43, 0x64a, 0x654, 0x645, 0x626, 0x43, 0x64a, 0x654,
	0x64a, 0x626, 0x43, 0x64a, 0x654, 0x631, 0x626, 0x43, 0x64a, 0x654, 0x632, 0x626, 0x43, 0x64a, 0x654, 0x646,
	0x626, 0x43, 0x64a, 0x654, 0x62e, 0x626, 0x43, 0x64a, 0x654, 0x647, 0x622, 0xe642, 0x627, 0x653, 0x623, 0xe642,
	0x627, 0x654, 0x624, 0xe642, 0x648, 0x654, 0x625, 0xdc42, 0x627, 0x655, 0x626, 0xe642, 0x64a, 0x654, 0x644, 0x622,
	0x2, 0xe643, 0x644, 0x627, 0x653, 0x644, 0x623, 0x2, 0xe643, 0x644, 0x627, 0x654, 0x644, 0x625, 0x2, 0xdc43,
	0x644, 0x627, 0x655, 0x30c7, 0x842, 0x30c6, 0x3099, 0xe6e6, 0xe681, 0x300, 0xe6e6, 0xe681, 0x301, 0xe6e6, 0xe681, 0x313,
	0xe6e6, 0xe682, 0x308, 0x301, 0x8100, 0x8282, 0xf71, 0xf72, 0x8100, 0x8482, 0xf71, 0xf74, 0x8100, 0x8282, 0xf71, 0xf80,
	0x1, 0x11aa, 0x1, 0x11ac, 0x1, 0x11ad, 0x1, 0x11b0, 0x1, 0x11b1, 0x1, 0x11b2, 0x1, 0x11b3, 0x1, 0x11b4,
	0x1, 0x11b5, 0x1, 0x1161, 0x1, 0x1162, 0x1, 0x1163, 0x1, 0x1164, 0x1, 0x1165, 0x1, 0x1166, 0x1, 0x1167,
	0x1, 0x1168, 0x1, 0x1169, 0x1, 0x116a, 0x1, 0x116b, 0x1, 0x116c, 0x1, 0x116d, 0x1, 0x116e, 0x1, 0x116f,
	0x1, 0x1170, 0x1, 0x1171, 0x1, 0x1172, 0x1, 0x1173, 0x1, 0x1174, 0x1, 0x1175, 0x800, 0x881, 0x3099, 0x800,
	0x881, 0x309a, 0x100, 0xff80, 0x4, 0xd804, 0xdfc2, 0xd804, 0xdfc2, 0x4, 0xd804, 0xdfc2, 0xd804, 0xdfb8, 0x4, 0xd804,
	0xdfc2, 0xd804, 0xdfc9, 0x4, 0xd818, 0xdd1e, 0xd818, 0xdd1f, 0x4, 0xd818, 0xdd29, 0xd818, 0xdd1f, 0x4, 0xd818, 0xdd1e,
	0xd818, 0xdd20, 0xd818, 0xdd21, 0xd818, 0xdd1f, 0x4, 0x46, 0xd818, 0xdd1e, 0xd818, 0xdd1e, 0xd818, 0xdd1f, 0xd818, 0xdd22,
	0xd818, 0xdd1f, 0x4, 0x46, 0xd818, 0xdd1e, 0xd818, 0xdd29, 0xd818, 0xdd1f, 0xd818, 0xdd21, 0xd818, 0xdd20, 0x4, 0x46,
	0xd818, 0xdd1e, 0xd818, 0xdd1e, 0xd818, 0xdd20, 0x4, 0xd81b, 0xdd67, 0xd81b, 0xdd67, 0x4, 0xd818, 0xdd1e, 0xd818, 0xdd1e,
	0x34b1, 0x47c2, 0xc24c, 0xb4b1, 0x4802, 0xc250, 0x4, 0xd818, 0xdd1e, 0xd818, 0xdd29, 0xb4b1, 0x47c2, 0xc24e, 0x3489, 0xee02,
	0x278e, 0x3489, 0xf082, 0x278a, 0xb489, 0xf242, 0x2790, 0x34b1, 0x4782, 0xc243, 0x34b1, 0x47c2, 0xc246, 0x34b1, 0x4802, 0xc24a,
	0xb4b1, 0x4a42, 0xc245, 0xb4b1, 0x47c2, 0xc248, 0xb4b7, 0x59c2, 0xdad0, 0x0
};

// One byte per 32 code points: the lccc/tccc quick test for FCD.
static constexpr uint8_t s_normSmallFcd[256] = {
	0xe0, 0xef, 0x43, 0x7f, 0xdf, 0x70, 0xcf, 0x87, 0xd7, 0xe6, 0x66, 0x46, 0x66, 0x46, 0x66, 0x5b,
	0x12, 0x0c, 0x00, 0x04, 0x00, 0x00, 0x00, 0x63, 0x21, 0x02, 0xe9, 0xae, 0xc2, 0xc0, 0xff, 0xef,
	0xcb, 0x72, 0xbf, 0x00, 0x00, 0x00, 0x00, 0x00, 0x00, 0x00, 0x40, 0x00, 0x80, 0x88, 0x00, 0x00,
	0xfe, 0x08, 0x00, 0x07, 0x00, 0x00, 0x00, 0x00, 0x00, 0x00, 0x00, 0x00, 0x00, 0x00, 0x00, 0x00,
	0x00, 0x00, 0x00, 0x00, 0x00, 0x00, 0x00, 0x00, 0x00, 0x00, 0x00, 0x00, 0x00, 0x00, 0x00, 0x00,
	0x00, 0x00, 0x00, 0x00, 0x00, 0x00, 0x00, 0x00, 0x00, 0x00, 0x00, 0x00, 0x00, 0x00, 0x00, 0x00,
	0x00, 0x00, 0x00, 0x00, 0x00, 0x00, 0x00, 0x00, 0x00, 0x00, 0x00, 0x00, 0x00, 0x00, 0x00, 0x00,
	0x00, 0x00, 0x00, 0x00, 0x00, 0x00, 0x00, 0x00, 0x00, 0x00, 0x00, 0x00, 0x00, 0x00, 0x00, 0x00,
	0x00, 0x00, 0x00, 0x00, 0x00, 0x00, 0x00, 0x00, 0x00, 0x00, 0x00, 0x00, 0x00, 0x00, 0x00, 0x00,
	0x00, 0x00, 0x00, 0x00, 0x00, 0x00, 0x00, 0x00, 0x00, 0x00, 0x00, 0x00, 0x00, 0x00, 0x00, 0x00,
	0x00, 0x00, 0x00, 0x00, 0x00, 0x00, 0x98, 0x00, 0xc3, 0x66, 0xe0, 0x80, 0x00, 0x00, 0x00, 0x00,
	0x00, 0x00, 0x00, 0x00, 0x00, 0x00, 0x00, 0x00, 0x00, 0x00, 0x00, 0x00, 0x00, 0x00, 0x00, 0x00,
	0x00, 0x00, 0x00, 0x00, 0x00, 0x00, 0x00, 0x00, 0x00, 0x00, 0x00, 0x00, 0x00, 0x00, 0x00, 0x00,
	0x00, 0x00, 0x00, 0x00, 0x00, 0x00, 0x00, 0x00, 0x03, 0x00, 0x00, 0x04, 0x00, 0x00, 0x00, 0x00,
	0x00, 0x00, 0x00, 0x00, 0x00, 0x00, 0x00, 0x00, 0x00, 0x00, 0x00, 0x00, 0x00, 0x00, 0x00, 0x00,
	0x00, 0x00, 0x00, 0x00, 0x00, 0x00, 0x00, 0x00, 0x00, 0x00, 0x00, 0x27, 0xdc, 0x02, 0x9f, 0xb0
};

} // namespace sprt::idn::detail
