/**
 Copyright (c) 2026 Xenolith Team <admin@xenolith.studio>

 Permission is hereby granted, free of charge, to any person obtaining a copy
 of this software and associated documentation files (the "Software"), to deal
 in the Software without restriction, including without limitation the rights
 to use, copy, modify, merge, publish, distribute, sublicense, and/or sell
 copies of the Software, and to permit persons to whom the Software is
 furnished to do so, subject to the following conditions:

 The above copyright notice and this permission notice shall be included in
 all copies or substantial portions of the Software.

 THE SOFTWARE IS PROVIDED "AS IS", WITHOUT WARRANTY OF ANY KIND, EXPRESS OR
 IMPLIED, INCLUDING BUT NOT LIMITED TO THE WARRANTIES OF MERCHANTABILITY,
 FITNESS FOR A PARTICULAR PURPOSE AND NONINFRINGEMENT. IN NO EVENT SHALL THE
 AUTHORS OR COPYRIGHT HOLDERS BE LIABLE FOR ANY CLAIM, DAMAGES OR OTHER
 LIABILITY, WHETHER IN AN ACTION OF CONTRACT, TORT OR OTHERWISE, ARISING FROM,
 OUT OF OR IN CONNECTION WITH THE SOFTWARE OR THE USE OR OTHER DEALINGS IN
 THE SOFTWARE.
 **/

// © 2016 and later: Unicode, Inc. and others.
// License & terms of use: http://www.unicode.org/copyright.html
// Copyright (C) 1999-2016, International Business Machines Corporation and others.
// All Rights Reserved.
//
// GENERATED FILE - do not edit.  Produced by
// runtime/src/unicode/data/gen-collation-tables.py from the icu4c checkout in
// runtime/toolchains/src/icu4c.  See data/README.adoc to regenerate.

// Collation tailorings: Latin, Romance and the rest of the EU.
//
// Each of these sits on top of the root table: its trie answers with
// FallbackCE32 for every character the language does not move, and the
// engine follows the base from there.

///@ SP_EXCLUDE

#pragma once

namespace sprt::unicode::detail {

static constexpr uint16_t s_coll_brTrieIndex[2112] = {
	0x0, 0x8, 0x10, 0x18, 0x30, 0x38, 0x40, 0x48, 0x30, 0x38, 0x30, 0x38, 0x30, 0x38, 0x30, 0x38,
	0x30, 0x38, 0x30, 0x38, 0x30, 0x38, 0x30, 0x38, 0x30, 0x38, 0x30, 0x38, 0x30, 0x38, 0x30, 0x38,
	0x30, 0x38, 0x30, 0x38, 0x30, 0x38, 0x30, 0x38, 0x30, 0x38, 0x30, 0x38, 0x30, 0x38, 0x30, 0x38,
	0x30, 0x38, 0x30, 0x38, 0x30, 0x38, 0x30, 0x38, 0x30, 0x38, 0x30, 0x38, 0x30, 0x38, 0x30, 0x38,
	0x30, 0x30, 0x30, 0x30, 0x30, 0x30, 0x30, 0x30, 0x30, 0x30, 0x30, 0x30, 0x30, 0x30, 0x30, 0x30,
	0x30, 0x30, 0x30, 0x30, 0x30, 0x30, 0x30, 0x30, 0x30, 0x30, 0x30, 0x30, 0x30, 0x30, 0x30, 0x30,
	0x30, 0x30, 0x30, 0x30, 0x30, 0x30, 0x30, 0x30, 0x30, 0x30, 0x30, 0x30, 0x30, 0x30, 0x30, 0x30,
	0x30, 0x30, 0x30, 0x30, 0x30, 0x30, 0x30, 0x30, 0x30, 0x30, 0x30, 0x30, 0x30, 0x30, 0x30, 0x30,
	0x30, 0x30, 0x30, 0x30, 0x30, 0x30, 0x30, 0x30, 0x30, 0x30, 0x30, 0x30, 0x30, 0x30, 0x30, 0x30,
	0x30, 0x30, 0x30, 0x30, 0x30, 0x30, 0x30, 0x30, 0x30, 0x30, 0x30, 0x30, 0x30, 0x30, 0x30, 0x30,
	0x30, 0x30, 0x30, 0x30, 0x30, 0x30, 0x30, 0x30, 0x30, 0x30, 0x30, 0x30, 0x30, 0x30, 0x30, 0x30,
	0x30, 0x30, 0x30, 0x30, 0x30, 0x30, 0x30, 0x30, 0x30, 0x30, 0x30, 0x30, 0x30, 0x30, 0x30, 0x30,
	0x30, 0x30, 0x30, 0x30, 0x30, 0x30, 0x30, 0x30, 0x30, 0x30, 0x30, 0x30, 0x30, 0x30, 0x30, 0x30,
	0x30, 0x30, 0x30, 0x30, 0x30, 0x30, 0x30, 0x30, 0x30, 0x30, 0x30, 0x30, 0x30, 0x30, 0x30, 0x30,
	0x30, 0x30, 0x30, 0x30, 0x30, 0x30, 0x30, 0x30, 0x30, 0x30, 0x30, 0x30, 0x30, 0x30, 0x30, 0x30,
	0x30, 0x30, 0x30, 0x30, 0x30, 0x30, 0x30, 0x30, 0x30, 0x30, 0x30, 0x30, 0x30, 0x30, 0x30, 0x30,
	0x30, 0x30, 0x30, 0x30, 0x30, 0x30, 0x30, 0x30, 0x30, 0x30, 0x30, 0x30, 0x30, 0x30, 0x30, 0x30,
	0x30, 0x30, 0x30, 0x30, 0x30, 0x30, 0x30, 0x30, 0x30, 0x30, 0x30, 0x30, 0x30, 0x30, 0x30, 0x30,
	0x30, 0x30, 0x30, 0x30, 0x30, 0x30, 0x30, 0x30, 0x30, 0x30, 0x30, 0x30, 0x30, 0x30, 0x30, 0x30,
	0x30, 0x30, 0x30, 0x30, 0x30, 0x30, 0x30, 0x30, 0x30, 0x30, 0x30, 0x30, 0x30, 0x30, 0x30, 0x30,
	0x30, 0x30, 0x30, 0x30, 0x30, 0x30, 0x30, 0x30, 0x30, 0x30, 0x30, 0x30, 0x30, 0x30, 0x30, 0x30,
	0x30, 0x30, 0x30, 0x30, 0x30, 0x30, 0x30, 0x30, 0x30, 0x30, 0x30, 0x30, 0x30, 0x30, 0x30, 0x30,
	0x30, 0x30, 0x30, 0x30, 0x30, 0x30, 0x30, 0x30, 0x30, 0x30, 0x30, 0x30, 0x30, 0x30, 0x30, 0x30,
	0x30, 0x30, 0x30, 0x30, 0x30, 0x30, 0x30, 0x30, 0x30, 0x30, 0x30, 0x30, 0x30, 0x30, 0x30, 0x30,
	0x30, 0x30, 0x30, 0x30, 0x30, 0x30, 0x30, 0x30, 0x30, 0x30, 0x30, 0x30, 0x30, 0x30, 0x30, 0x30,
	0x30, 0x30, 0x30, 0x30, 0x30, 0x30, 0x30, 0x30, 0x30, 0x30, 0x30, 0x30, 0x30, 0x30, 0x30, 0x30,
	0x30, 0x30, 0x30, 0x30, 0x30, 0x30, 0x30, 0x30, 0x30, 0x30, 0x30, 0x30, 0x30, 0x30, 0x30, 0x30,
	0x30, 0x30, 0x30, 0x30, 0x30, 0x30, 0x30, 0x30, 0x30, 0x30, 0x30, 0x30, 0x30, 0x30, 0x30, 0x30,
	0x30, 0x30, 0x30, 0x30, 0x30, 0x30, 0x30, 0x30, 0x30, 0x30, 0x30, 0x30, 0x30, 0x30, 0x30, 0x30,
	0x30, 0x30, 0x30, 0x30, 0x30, 0x30, 0x30, 0x30, 0x30, 0x30, 0x30, 0x30, 0x30, 0x30, 0x30, 0x30,
	0x30, 0x30, 0x30, 0x30, 0x30, 0x30, 0x30, 0x30, 0x30, 0x30, 0x30, 0x30, 0x30, 0x30, 0x30, 0x30,
	0x30, 0x30, 0x30, 0x30, 0x30, 0x30, 0x30, 0x30, 0x30, 0x30, 0x30, 0x30, 0x30, 0x30, 0x30, 0x30,
	0x30, 0x30, 0x30, 0x30, 0x30, 0x30, 0x30, 0x30, 0x30, 0x30, 0x30, 0x30, 0x30, 0x30, 0x30, 0x30,
	0x30, 0x30, 0x30, 0x30, 0x30, 0x30, 0x30, 0x30, 0x30, 0x30, 0x30, 0x30, 0x30, 0x30, 0x30, 0x30,
	0x30, 0x30, 0x30, 0x30, 0x30, 0x30, 0x30, 0x30, 0x30, 0x30, 0x30, 0x30, 0x30, 0x30, 0x30, 0x30,
	0x30, 0x30, 0x30, 0x30, 0x30, 0x30, 0x30, 0x30, 0x30, 0x30, 0x30, 0x30, 0x30, 0x30, 0x30, 0x30,
	0x30, 0x30, 0x30, 0x30, 0x30, 0x30, 0x30, 0x30, 0x30, 0x30, 0x30, 0x30, 0x30, 0x30, 0x30, 0x30,
	0x30, 0x30, 0x30, 0x30, 0x30, 0x30, 0x30, 0x30, 0x30, 0x30, 0x30, 0x30, 0x30, 0x30, 0x30, 0x30,
	0x30, 0x30, 0x30, 0x30, 0x30, 0x30, 0x30, 0x30, 0x30, 0x30, 0x30, 0x30, 0x30, 0x30, 0x30, 0x30,
	0x30, 0x30, 0x30, 0x30, 0x30, 0x30, 0x30, 0x30, 0x30, 0x30, 0x30, 0x30, 0x30, 0x30, 0x30, 0x30,
	0x30, 0x30, 0x30, 0x30, 0x30, 0x30, 0x30, 0x30, 0x30, 0x30, 0x30, 0x30, 0x30, 0x30, 0x30, 0x30,
	0x30, 0x30, 0x30, 0x30, 0x30, 0x30, 0x30, 0x30, 0x30, 0x30, 0x30, 0x30, 0x30, 0x30, 0x30, 0x30,
	0x30, 0x30, 0x30, 0x30, 0x30, 0x30, 0x30, 0x30, 0x30, 0x30, 0x30, 0x30, 0x30, 0x30, 0x30, 0x30,
	0x30, 0x30, 0x30, 0x30, 0x30, 0x30, 0x30, 0x30, 0x30, 0x30, 0x30, 0x30, 0x30, 0x30, 0x30, 0x30,
	0x30, 0x30, 0x30, 0x30, 0x30, 0x30, 0x30, 0x30, 0x30, 0x30, 0x30, 0x30, 0x30, 0x30, 0x30, 0x30,
	0x30, 0x30, 0x30, 0x30, 0x30, 0x30, 0x30, 0x30, 0x30, 0x30, 0x30, 0x30, 0x30, 0x30, 0x30, 0x30,
	0x30, 0x30, 0x30, 0x30, 0x30, 0x30, 0x30, 0x30, 0x30, 0x30, 0x30, 0x30, 0x30, 0x30, 0x30, 0x30,
	0x30, 0x30, 0x30, 0x30, 0x30, 0x30, 0x30, 0x30, 0x30, 0x30, 0x30, 0x30, 0x30, 0x30, 0x30, 0x30,
	0x30, 0x30, 0x30, 0x30, 0x30, 0x30, 0x30, 0x30, 0x30, 0x30, 0x30, 0x30, 0x30, 0x30, 0x30, 0x30,
	0x30, 0x30, 0x30, 0x30, 0x30, 0x30, 0x30, 0x30, 0x30, 0x30, 0x30, 0x30, 0x30, 0x30, 0x30, 0x30,
	0x30, 0x30, 0x30, 0x30, 0x30, 0x30, 0x30, 0x30, 0x30, 0x30, 0x30, 0x30, 0x30, 0x30, 0x30, 0x30,
	0x30, 0x30, 0x30, 0x30, 0x30, 0x30, 0x30, 0x30, 0x30, 0x30, 0x30, 0x30, 0x30, 0x30, 0x30, 0x30,
	0x30, 0x30, 0x30, 0x30, 0x30, 0x30, 0x30, 0x30, 0x30, 0x30, 0x30, 0x30, 0x30, 0x30, 0x30, 0x30,
	0x30, 0x30, 0x30, 0x30, 0x30, 0x30, 0x30, 0x30, 0x30, 0x30, 0x30, 0x30, 0x30, 0x30, 0x30, 0x30,
	0x30, 0x30, 0x30, 0x30, 0x30, 0x30, 0x30, 0x30, 0x30, 0x30, 0x30, 0x30, 0x30, 0x30, 0x30, 0x30,
	0x30, 0x30, 0x30, 0x30, 0x30, 0x30, 0x30, 0x30, 0x30, 0x30, 0x30, 0x30, 0x30, 0x30, 0x30, 0x30,
	0x30, 0x30, 0x30, 0x30, 0x30, 0x30, 0x30, 0x30, 0x30, 0x30, 0x30, 0x30, 0x30, 0x30, 0x30, 0x30,
	0x30, 0x30, 0x30, 0x30, 0x30, 0x30, 0x30, 0x30, 0x30, 0x30, 0x30, 0x30, 0x30, 0x30, 0x30, 0x30,
	0x30, 0x30, 0x30, 0x30, 0x30, 0x30, 0x30, 0x30, 0x30, 0x30, 0x30, 0x30, 0x30, 0x30, 0x30, 0x30,
	0x30, 0x30, 0x30, 0x30, 0x30, 0x30, 0x30, 0x30, 0x30, 0x30, 0x30, 0x30, 0x30, 0x30, 0x30, 0x30,
	0x30, 0x30, 0x30, 0x30, 0x30, 0x30, 0x30, 0x30, 0x30, 0x30, 0x30, 0x30, 0x30, 0x30, 0x30, 0x30,
	0x30, 0x30, 0x30, 0x30, 0x30, 0x30, 0x30, 0x30, 0x30, 0x30, 0x30, 0x30, 0x30, 0x30, 0x30, 0x30,
	0x30, 0x30, 0x30, 0x30, 0x30, 0x30, 0x30, 0x30, 0x30, 0x30, 0x30, 0x30, 0x30, 0x30, 0x30, 0x30,
	0x30, 0x30, 0x30, 0x30, 0x30, 0x30, 0x30, 0x30, 0x30, 0x30, 0x30, 0x30, 0x30, 0x30, 0x30, 0x30,
	0x30, 0x30, 0x30, 0x30, 0x30, 0x30, 0x30, 0x30, 0x30, 0x30, 0x30, 0x30, 0x30, 0x30, 0x30, 0x30,
	0x30, 0x30, 0x30, 0x30, 0x30, 0x30, 0x30, 0x30, 0x30, 0x30, 0x30, 0x30, 0x30, 0x30, 0x30, 0x30,
	0x30, 0x30, 0x30, 0x30, 0x30, 0x30, 0x30, 0x30, 0x30, 0x30, 0x30, 0x30, 0x30, 0x30, 0x30, 0x30,
	0x30, 0x30, 0x30, 0x30, 0x30, 0x30, 0x30, 0x30, 0x30, 0x30, 0x30, 0x30, 0x30, 0x30, 0x30, 0x30,
	0x30, 0x30, 0x30, 0x30, 0x30, 0x30, 0x30, 0x30, 0x30, 0x30, 0x30, 0x30, 0x30, 0x30, 0x30, 0x30,
	0x30, 0x30, 0x30, 0x30, 0x30, 0x30, 0x30, 0x30, 0x30, 0x30, 0x30, 0x30, 0x30, 0x30, 0x30, 0x30,
	0x30, 0x30, 0x30, 0x30, 0x30, 0x30, 0x30, 0x30, 0x30, 0x30, 0x30, 0x30, 0x30, 0x30, 0x30, 0x30,
	0x30, 0x30, 0x30, 0x30, 0x30, 0x30, 0x30, 0x30, 0x30, 0x30, 0x30, 0x30, 0x30, 0x30, 0x30, 0x30,
	0x30, 0x30, 0x30, 0x30, 0x30, 0x30, 0x30, 0x30, 0x30, 0x30, 0x30, 0x30, 0x30, 0x30, 0x30, 0x30,
	0x30, 0x30, 0x30, 0x30, 0x30, 0x30, 0x30, 0x30, 0x30, 0x30, 0x30, 0x30, 0x30, 0x30, 0x30, 0x30,
	0x30, 0x30, 0x30, 0x30, 0x30, 0x30, 0x30, 0x30, 0x30, 0x30, 0x30, 0x30, 0x30, 0x30, 0x30, 0x30,
	0x30, 0x30, 0x30, 0x30, 0x30, 0x30, 0x30, 0x30, 0x30, 0x30, 0x30, 0x30, 0x30, 0x30, 0x30, 0x30,
	0x30, 0x30, 0x30, 0x30, 0x30, 0x30, 0x30, 0x30, 0x30, 0x30, 0x30, 0x30, 0x30, 0x30, 0x30, 0x30,
	0x30, 0x30, 0x30, 0x30, 0x30, 0x30, 0x30, 0x30, 0x30, 0x30, 0x30, 0x30, 0x30, 0x30, 0x30, 0x30,
	0x30, 0x30, 0x30, 0x30, 0x30, 0x30, 0x30, 0x30, 0x30, 0x30, 0x30, 0x30, 0x30, 0x30, 0x30, 0x30,
	0x30, 0x30, 0x30, 0x30, 0x30, 0x30, 0x30, 0x30, 0x30, 0x30, 0x30, 0x30, 0x30, 0x30, 0x30, 0x30,
	0x30, 0x30, 0x30, 0x30, 0x30, 0x30, 0x30, 0x30, 0x30, 0x30, 0x30, 0x30, 0x30, 0x30, 0x30, 0x30,
	0x30, 0x30, 0x30, 0x30, 0x30, 0x30, 0x30, 0x30, 0x30, 0x30, 0x30, 0x30, 0x30, 0x30, 0x30, 0x30,
	0x30, 0x30, 0x30, 0x30, 0x30, 0x30, 0x30, 0x30, 0x30, 0x30, 0x30, 0x30, 0x30, 0x30, 0x30, 0x30,
	0x30, 0x30, 0x30, 0x30, 0x30, 0x30, 0x30, 0x30, 0x30, 0x30, 0x30, 0x30, 0x30, 0x30, 0x30, 0x30,
	0x30, 0x30, 0x30, 0x30, 0x30, 0x30, 0x30, 0x30, 0x30, 0x30, 0x30, 0x30, 0x30, 0x30, 0x30, 0x30,
	0x30, 0x30, 0x30, 0x30, 0x30, 0x30, 0x30, 0x30, 0x30, 0x30, 0x30, 0x30, 0x30, 0x30, 0x30, 0x30,
	0x60, 0x60, 0x60, 0x60, 0x60, 0x60, 0x60, 0x60, 0x60, 0x60, 0x60, 0x60, 0x60, 0x60, 0x60, 0x60,
	0x60, 0x60, 0x60, 0x60, 0x60, 0x60, 0x60, 0x60, 0x60, 0x60, 0x60, 0x60, 0x60, 0x60, 0x60, 0x60,
	0x60, 0x60, 0x60, 0x60, 0x60, 0x60, 0x60, 0x60, 0x60, 0x60, 0x60, 0x60, 0x60, 0x60, 0x60, 0x60,
	0x60, 0x60, 0x60, 0x60, 0x60, 0x60, 0x60, 0x60, 0x60, 0x60, 0x60, 0x60, 0x60, 0x60, 0x60, 0x60,
	0x60, 0x60, 0x60, 0x60, 0x60, 0x60, 0x60, 0x60, 0x60, 0x60, 0x60, 0x60, 0x60, 0x60, 0x60, 0x60,
	0x60, 0x60, 0x60, 0x60, 0x60, 0x60, 0x60, 0x60, 0x60, 0x60, 0x60, 0x60, 0x60, 0x60, 0x60, 0x60,
	0x60, 0x60, 0x60, 0x60, 0x60, 0x60, 0x60, 0x60, 0x60, 0x60, 0x60, 0x60, 0x60, 0x60, 0x60, 0x60,
	0x60, 0x60, 0x60, 0x60, 0x60, 0x60, 0x60, 0x60, 0x60, 0x60, 0x60, 0x60, 0x60, 0x60, 0x60, 0x60,
	0x60, 0x60, 0x60, 0x60, 0x60, 0x60, 0x60, 0x60, 0x60, 0x60, 0x60, 0x60, 0x60, 0x60, 0x60, 0x60,
	0x60, 0x60, 0x60, 0x60, 0x60, 0x60, 0x60, 0x60, 0x60, 0x60, 0x60, 0x60, 0x60, 0x60, 0x60, 0x60,
	0x60, 0x60, 0x60, 0x60, 0x60, 0x60, 0x60, 0x60, 0x60, 0x60, 0x60, 0x60, 0x60, 0x60, 0x60, 0x60,
	0x60, 0x60, 0x60, 0x60, 0x60, 0x60, 0x60, 0x60, 0x60, 0x60, 0x60, 0x60, 0x60, 0x60, 0x60, 0x60,
	0x60, 0x60, 0x60, 0x60, 0x60, 0x60, 0x60, 0x60, 0x60, 0x60, 0x60, 0x60, 0x60, 0x60, 0x60, 0x60,
	0x60, 0x60, 0x60, 0x60, 0x60, 0x60, 0x60, 0x60, 0x60, 0x60, 0x60, 0x60, 0x60, 0x60, 0x60, 0x60,
	0x60, 0x60, 0x60, 0x60, 0x60, 0x60, 0x60, 0x60, 0x60, 0x60, 0x60, 0x60, 0x60, 0x60, 0x60, 0x60,
	0x60, 0x60, 0x60, 0x60, 0x60, 0x60, 0x60, 0x60, 0x60, 0x60, 0x60, 0x60, 0x60, 0x60, 0x60, 0x60,
	0x60, 0x60, 0x60, 0x60, 0x60, 0x60, 0x60, 0x60, 0x60, 0x60, 0x60, 0x60, 0x60, 0x60, 0x60, 0x60,
	0x60, 0x60, 0x60, 0x60, 0x60, 0x60, 0x60, 0x60, 0x60, 0x60, 0x60, 0x60, 0x60, 0x60, 0x60, 0x60,
	0x60, 0x60, 0x60, 0x60, 0x60, 0x60, 0x60, 0x60, 0x60, 0x60, 0x60, 0x60, 0x60, 0x60, 0x60, 0x60,
	0x60, 0x60, 0x60, 0x60, 0x60, 0x60, 0x60, 0x60, 0x60, 0x60, 0x60, 0x60, 0x60, 0x60, 0x60, 0x60,
	0x60, 0x60, 0x60, 0x60, 0x60, 0x60, 0x60, 0x60, 0x60, 0x60, 0x60, 0x60, 0x60, 0x60, 0x60, 0x60,
	0x60, 0x60, 0x60, 0x60, 0x60, 0x60, 0x60, 0x60, 0x60, 0x60, 0x60, 0x60, 0x60, 0x58, 0x30, 0x30,
	0x50, 0x50, 0x50, 0x50, 0x50, 0x50, 0x50, 0x50, 0x50, 0x50, 0x50, 0x50, 0x50, 0x50, 0x50, 0x50,
	0x50, 0x50, 0x50, 0x50, 0x50, 0x50, 0x50, 0x50, 0x50, 0x50, 0x50, 0x50, 0x50, 0x50, 0x50, 0x50,
	0x30, 0x30, 0x30, 0x30, 0x30, 0x30, 0x30, 0x30, 0x30, 0x30, 0x30, 0x30, 0x30, 0x30, 0x30, 0x30,
	0x30, 0x30, 0x30, 0x30, 0x30, 0x30, 0x30, 0x30, 0x30, 0x30, 0x30, 0x30, 0x30, 0x30, 0x30, 0x30,
	0x30, 0x30, 0x30, 0x30, 0x30, 0x30, 0x30, 0x30, 0x30, 0x30, 0x30, 0x30, 0x30, 0x30, 0x30, 0x30,
	0x30, 0x30, 0x30, 0x30, 0x30, 0x30, 0x30, 0x30, 0x30, 0x30, 0x30, 0x30, 0x30, 0x30, 0x30, 0x30,
	0x30, 0x30, 0x30, 0x30, 0x30, 0x30, 0x30, 0x30, 0x30, 0x30, 0x30, 0x30, 0x30, 0x30, 0x30, 0x30,
	0x30, 0x30, 0x30, 0x30, 0x30, 0x30, 0x30, 0x30, 0x30, 0x30, 0x30, 0x30, 0x30, 0x30, 0x30, 0x30,
	0x30, 0x30, 0x30, 0x30, 0x30, 0x30, 0x30, 0x30, 0x30, 0x30, 0x30, 0x30, 0x30, 0x30, 0x30, 0x30,
	0x30, 0x30, 0x30, 0x30, 0x30, 0x30, 0x30, 0x30, 0x30, 0x30, 0x30, 0x30, 0x30, 0x30, 0x30, 0x30,
	0x30, 0x30, 0x30, 0x30, 0x30, 0x30, 0x30, 0x30, 0x30, 0x30, 0x30, 0x30, 0x30, 0x30, 0x30, 0x30,
	0x30, 0x30, 0x30, 0x30, 0x30, 0x30, 0x30, 0x30, 0x30, 0x30, 0x30, 0x30, 0x30, 0x30, 0x30, 0x30,
	0x30, 0x30, 0x30, 0x30, 0x30, 0x30, 0x30, 0x30, 0x30, 0x30, 0x30, 0x30, 0x30, 0x30, 0x30, 0x30,
	0x30, 0x30, 0x30, 0x30, 0x30, 0x30, 0x30, 0x30, 0x30, 0x30, 0x30, 0x30, 0x30, 0x30, 0x30, 0x30,
	0x30, 0x30, 0x30, 0x30, 0x30, 0x30, 0x30, 0x30, 0x30, 0x30, 0x30, 0x30, 0x30, 0x30, 0x30, 0x30,
	0x30, 0x30, 0x30, 0x30, 0x30, 0x30, 0x30, 0x30, 0x30, 0x30, 0x30, 0x30, 0x30, 0x30, 0x30, 0x30,
	0x30, 0x30, 0x30, 0x30, 0x30, 0x30, 0x30, 0x30, 0x30, 0x30, 0x30, 0x30, 0x30, 0x30, 0x30, 0x30,
	0x30, 0x30, 0x30, 0x30, 0x30, 0x30, 0x30, 0x30, 0x30, 0x30, 0x30, 0x30, 0x30, 0x30, 0x30, 0x30,
	0x30, 0x30, 0x30, 0x30, 0x30, 0x30, 0x30, 0x30, 0x30, 0x30, 0x30, 0x30, 0x30, 0x30, 0x30, 0x30,
	0x30, 0x30, 0x30, 0x30, 0x30, 0x30, 0x30, 0x30, 0x30, 0x30, 0x30, 0x30, 0x30, 0x30, 0x30, 0x30,
	0x30, 0x30, 0x30, 0x30, 0x30, 0x30, 0x30, 0x30, 0x30, 0x30, 0x30, 0x30, 0x30, 0x30, 0x30, 0x30,
	0x30, 0x30, 0x30, 0x30, 0x30, 0x30, 0x30, 0x30, 0x30, 0x30, 0x30, 0x30, 0x30, 0x30, 0x30, 0x30,
	0x80, 0x80, 0xc0, 0x100, 0xc0, 0xc0, 0xc0, 0xc0, 0xc0, 0xc0, 0xc0, 0xc0, 0xc0, 0xc0, 0xc0, 0xc0,
	0xc0, 0xc0, 0xc0, 0xc0, 0xc0, 0xc0, 0xc0, 0xc0, 0xc0, 0xc0, 0xc0, 0xc0, 0xc0, 0xc0, 0xc0, 0xc0
};

static constexpr uint32_t s_coll_brTrieData[420] = {
	0xcb, 0x0, 0x0, 0x0, 0x0, 0x0, 0x0, 0x0,
	0x0, 0x3040505, 0x3060505, 0x3080505, 0x30a0505, 0x30c0505, 0x0, 0x0,
	0x0, 0x0, 0x0, 0x0, 0x0, 0x0, 0x0, 0x0,
	0x0, 0x0, 0x0, 0x0, 0x0, 0x0, 0x0, 0x0,
	0x4000505, 0x75a0505, 0x9760505, 0xa940505, 0xda90505, 0xa960505, 0xa8e0505, 0x9700505,
	0x97c0505, 0x97e0505, 0xa7e0505, 0xc7b0505, 0x6000505, 0x50e0505, 0x8000505, 0xa880505,
	0xc60ca, 0xc81ca, 0xca2ca, 0xcc3ca, 0xce4ca, 0xd05ca, 0xd26ca, 0xd47ca,
	0xd68ca, 0xd89ca, 0x7360505, 0x72a0505, 0xc850505, 0xc870505, 0xc890505, 0x7640505,
	0xa7c0505, 0x2b00059c, 0x2d00059c, 0xc9, 0x3100059c, 0x3300059c, 0x3500059c, 0x3700059c,
	0x3900059c, 0x3b00059c, 0x3d00059c, 0x3f00059c, 0x4100059c, 0x4300059c, 0x4500059c, 0x4700059c,
	0x4900059c, 0x4b00059c, 0x4d00059c, 0x4f00059c, 0x5100059c, 0x5300059c, 0x5500059c, 0x570005a0,
	0x5900059c, 0x5b00059c, 0x5d00059c, 0x9800505, 0xa8a0505, 0x9820505, 0xc0a0505, 0x50a0505,
	0xc040505, 0x2b000505, 0x2d000505, 0x11c0c9, 0x31000505, 0x33000505, 0x35000505, 0x37000505,
	0x39000505, 0x3b000505, 0x3d000505, 0x3f000505, 0x41000505, 0x43000505, 0x45000505, 0x47000505,
	0x49000505, 0x4b000505, 0x4d000505, 0x4f000505, 0x51000505, 0x53000505, 0x55000505, 0x57000505,
	0x59000505, 0x5b000505, 0x5d000505, 0x9840505, 0xc8d0505, 0x9860505, 0xc910505, 0x0,
	0xfffd0505, 0xfffd0505, 0xfffd0505, 0xfffd0505, 0xfffd0505, 0xfffd0505, 0xfffd0505, 0xfffd0505,
	0xfffd0505, 0xfffd0505, 0xfffd0505, 0xfffd0505, 0xfffd0505, 0xfffd0505, 0xfffd0505, 0xfffd0505,
	0xfffd0505, 0xfffd0505, 0xfffd0505, 0xfffd0505, 0xfffd0505, 0xfffd0505, 0xfffd0505, 0xfffd0505,
	0xfffd0505, 0xfffd0505, 0xfffd0505, 0xfffd0505, 0xfffd0505, 0xfffd0505, 0xfffd0505, 0xfffd0505,
	0xfffd0505, 0xfffd0505, 0xfffd0505, 0xfffd0505, 0xfffd0505, 0xfffd0505, 0xfffd0505, 0xfffd0505,
	0xfffd0505, 0xfffd0505, 0xfffd0505, 0xfffd0505, 0xfffd0505, 0xfffd0505, 0xfffd0505, 0xfffd0505,
	0xfffd0505, 0xfffd0505, 0xfffd0505, 0xfffd0505, 0xfffd0505, 0xfffd0505, 0xfffd0505, 0xfffd0505,
	0xfffd0505, 0xfffd0505, 0xfffd0505, 0xfffd0505, 0xfffd0505, 0xfffd0505, 0xfffd0505, 0xfffd0505,
	0xc0, 0xc0, 0xc0, 0xc0, 0xc0, 0xc0, 0xc0, 0xc0,
	0xc0, 0xc0, 0xc0, 0xc0, 0xc0, 0xc0, 0xc0, 0xc0,
	0xc0, 0xc0, 0xc0, 0xc0, 0xc0, 0xc0, 0xc0, 0xc0,
	0xc0, 0xc0, 0xc0, 0xc0, 0xc0, 0xc0, 0xc0, 0xc0,
	0xc0, 0xc0, 0xc0, 0xc0, 0xc0, 0xc0, 0xc0, 0xc0,
	0xc0, 0xc0, 0xc0, 0xc0, 0xc0, 0xc0, 0xc0, 0xc0,
	0xc0, 0xc0, 0xc0, 0xc0, 0xc0, 0xc0, 0xc0, 0xc0,
	0xc0, 0xc0, 0xc0, 0xc0, 0xc0, 0xc0, 0xc0, 0xc0,
	0x2b9c8ac4, 0x2b9c88c4, 0x2b9c8ec4, 0x2b9c9ac4, 0x2b9c96c4, 0x2b9c92c4, 0xba2c5, 0x2f9ca0c4,
	0x339c8ac4, 0x339c88c4, 0x339c8ec4, 0x339c96c4, 0x3b9c8ac4, 0x3b9c88c4, 0x3b9c8ec4, 0x3b9c96c4,
	0x310070a0, 0x459c9ac4, 0x479c8ac4, 0x479c88c4, 0x479c8ec4, 0x479c9ac4, 0x479c96c4, 0xc830505,
	0x479c9ec4, 0x539c8ac4, 0x539c88c4, 0x539c8ec4, 0x539c96c4, 0x5b9c88c4, 0x5e2805a0, 0xbe2c5,
	0x2b058ac4, 0x2b0588c4, 0x2b058ec4, 0x2b059ac4, 0x2b0596c4, 0x2b0592c4, 0xc22c5, 0x2f05a0c4,
	0x33058ac4, 0x330588c4, 0x33058ec4, 0x330596c4, 0x3b058ac4, 0x3b0588c4, 0x3b058ec4, 0x3b0596c4,
	0x31007005, 0x45059ac4, 0x47058ac4, 0x470588c4, 0x47058ec4, 0x47059ac4, 0x470596c4, 0xc810505,
	0x47059ec4, 0x53058ac4, 0x530588c4, 0x53058ec4, 0x530596c4, 0x5b0588c4, 0x5e280505, 0x5b0596c4,
	0x1cd, 0x1cd, 0x1cd, 0x1cd, 0x1cd, 0x1cd, 0x1cd, 0x1cd,
	0x1cd, 0x1cd, 0x1cd, 0x1cd, 0x1cd, 0x1cd, 0x1cd, 0x1cd,
	0x1cd, 0x1cd, 0x1cd, 0x1cd, 0x1cd, 0x1cd, 0x1cd, 0x1cd,
	0x1cd, 0x1cd, 0x1cd, 0x1cd, 0x1cd, 0x1cd, 0x1cd, 0x1cd,
	0x1cc, 0x1cc, 0x1cc, 0x1cc, 0xc0, 0xc0, 0xc0, 0xc0,
	0xc0, 0xc0, 0xc0, 0xc0, 0xc0, 0xc0, 0xc0, 0xc0,
	0xc0, 0xc0, 0xc0, 0xc0, 0xc0, 0xc0, 0xc0, 0xc0,
	0xc0, 0xc0, 0xc0, 0xc0, 0xc0, 0xc0, 0xc0, 0xc0,
	0x1cc, 0x1cc, 0x1cc, 0x1cc, 0x1cc, 0x1cc, 0x1cc, 0x1cc,
	0x1cc, 0x1cc, 0x1cc, 0x1cc, 0x1cc, 0x1cc, 0x1cc, 0x1cc,
	0x1cc, 0x1cc, 0x1cc, 0x1cc, 0x1cc, 0x1cc, 0x1cc, 0x1cc,
	0x1cc, 0x1cc, 0x1cc, 0x1cc, 0x1cc, 0x1cc, 0x1cc, 0x1cc,
	0xc0, 0xc0, 0xc0, 0xc0
};

static constexpr int32_t s_coll_brTrieIndexLength = 2112;
static constexpr int32_t s_coll_brTrieDataLength = 420;
static constexpr char32_t s_coll_brTrieHighStart = 0xe000;
static constexpr int32_t s_coll_brTrieHighValueIndex = 416;

static constexpr uint32_t s_coll_brCe32s[109] = {
	0x0, 0x30030547, 0x8e05, 0x30030546, 0x8e05, 0x30030547, 0x9005, 0x30030546,
	0x9005, 0x30030547, 0x9c05, 0x30030546, 0x9c05, 0x30030547, 0xc405, 0x30030546,
	0xc405, 0x30030547, 0x9605, 0x30030546, 0x9605, 0x30030547, 0xa005, 0x30030546,
	0xa005, 0x30030547, 0xce05, 0x30030546, 0xce05, 0x30030546, 0xd205, 0x30020587,
	0x8e05, 0x30020546, 0x8e05, 0x30020587, 0x9005, 0x30020546, 0x9005, 0x30020587,
	0x9c05, 0x30020546, 0x9c05, 0x30020587, 0xc405, 0x30020546, 0xc405, 0x30020587,
	0x9605, 0x30020546, 0x9605, 0x30020587, 0xa005, 0x30020546, 0xa005, 0x30020587,
	0xce05, 0x30020546, 0xce05, 0x30020546, 0xd205, 0x30030505, 0x8e05, 0x30030505,
	0x9005, 0x30030505, 0x9c05, 0x30030505, 0xc405, 0x30030505, 0x9605, 0x30030505,
	0xa005, 0x30030505, 0xce05, 0x30030505, 0xd205, 0x30020505, 0x8e05, 0x30020505,
	0x9005, 0x30020505, 0x9c05, 0x30020505, 0xc405, 0x30020505, 0x9605, 0x30020505,
	0xa005, 0x30020505, 0xce05, 0x30020505, 0xd205, 0x2b0070a0, 0x330005a2, 0x4f007005,
	0x4f000513, 0x2b007005, 0x33000513, 0x12000505, 0x14000505, 0x16000505, 0x18000505, 0x1a000505,
	0x1c000505, 0x1e000505, 0x20000505, 0x22000505, 0x24000505
};

static constexpr char16_t s_coll_brContexts[231] = {
	0x2f00, 0x59c, 0x13, 0x1e24, 0x32, 0x1e29, 0x21, 0x1e29, 0xc006, 0xa2c5, 0x1e2a, 0xc006,
	0xe2c5, 0x1e2b, 0xc007, 0x22c5, 0x1e96, 0xc007, 0x62c5, 0x2019, 0x10, 0x1e24, 0x5e, 0x1e28,
	0x50, 0x1e28, 0xc002, 0xa2c5, 0x1e29, 0xc002, 0xe2c5, 0x1e2a, 0xc003, 0x22c5, 0x1e2b, 0xc003,
	0x62c5, 0x1e96, 0xc003, 0xa2c5, 0x1e24, 0xc005, 0x62c5, 0x1e25, 0xc005, 0xa2c5, 0x1e26, 0xc005,
	0xe2c5, 0x1e27, 0xc006, 0x22c5, 0x1e28, 0xc006, 0x62c5, 0x21e, 0xe, 0x21e, 0xc004, 0x62c5,
	0x21f, 0xc004, 0xa2c5, 0x2bc, 0x14, 0x1e22, 0xc004, 0xe2c5, 0x1e23, 0xc005, 0x22c5, 0x27,
	0xc, 0x48, 0xf002, 0x587, 0x68, 0xf002, 0x546, 0x124, 0xc003, 0xe2c5, 0x125, 0xc004,
	0x22c5, 0x10, 0x1e24, 0x1d, 0x1e28, 0xf, 0x1e28, 0xc002, 0xa2c5, 0x1e29, 0xc002, 0xe2c5,
	0x1e2a, 0xc003, 0x22c5, 0x1e2b, 0xc003, 0x62c5, 0x1e96, 0xc003, 0xa2c5, 0x1e24, 0xc001, 0xa2c5,
	0x1e25, 0xc001, 0xe2c5, 0x1e26, 0xc002, 0x22c5, 0x1e27, 0xc002, 0x62c5, 0x21e, 0xc, 0x21e,
	0xc000, 0xa2c5, 0x21f, 0xc000, 0xe2c5, 0x1e22, 0xc001, 0x22c5, 0x1e23, 0xc001, 0x62c5, 0x48,
	0xf003, 0x547, 0x68, 0xf003, 0x546, 0x124, 0xa2c5, 0x125, 0xc000, 0x62c5, 0x2f00, 0x505,
	0xb, 0x1e25, 0x24, 0x1e2b, 0x19, 0x1e2b, 0xc00b, 0x22c5, 0x1e96, 0xc00b, 0x62c5, 0x2019,
	0x8, 0x1e25, 0x3c, 0x1e25, 0xc008, 0x62c5, 0x1e27, 0xc008, 0xa2c5, 0x1e29, 0xc008, 0xe2c5,
	0x1e2b, 0xc009, 0x22c5, 0x1e96, 0xc009, 0x62c5, 0x1e25, 0xc00a, 0x62c5, 0x1e27, 0xc00a, 0xa2c5,
	0x1e29, 0xc00a, 0xe2c5, 0x21f, 0x8, 0x21f, 0xc009, 0xe2c5, 0x2bc, 0xb, 0x1e23, 0xc00a,
	0x22c5, 0x27, 0x6, 0x68, 0xf002, 0x505, 0x125, 0xc009, 0xa2c5, 0x8, 0x1e25, 0xf,
	0x1e25, 0xc008, 0x62c5, 0x1e27, 0xc008, 0xa2c5, 0x1e29, 0xc008, 0xe2c5, 0x1e2b, 0xc009, 0x22c5,
	0x1e96, 0xc009, 0x62c5, 0x68, 0xf003, 0x505, 0x125, 0xc007, 0xa2c5, 0x21f, 0xc007, 0xe2c5,
	0x1e23, 0xc008, 0x22c5
};

static constexpr uint16_t s_coll_brFastLatin[500] = {
	0x205, 0xc40, 0xde0, 0xe80, 0xea8, 0x418, 0x0, 0x0, 0x0, 0x0, 0x0, 0x0,
	0x0, 0x0, 0xc00, 0xc08, 0xc10, 0xc18, 0xc20, 0x0, 0x0, 0x0, 0x0, 0x0,
	0x0, 0x0, 0x0, 0x0, 0x0, 0x0, 0x0, 0x0, 0x0, 0x0, 0x0, 0x0,
	0x0, 0xc40, 0xca8, 0xcf0, 0xd78, 0xe98, 0xd80, 0xd70, 0xcd8, 0xd08, 0xd10, 0xd58,
	0xe30, 0xc90, 0xc60, 0xcd0, 0xd60, 0x10a8, 0x14a8, 0x18a8, 0x1ca8, 0x20a8, 0x24a8, 0x28a8,
	0x2ca8, 0x30a8, 0x34a8, 0xca0, 0xc98, 0xe50, 0xe58, 0xe60, 0xcb8, 0xd50, 0x38b9, 0x3cb9,
	0x41a, 0x48b9, 0x4cba, 0x50b9, 0x54b9, 0x58b9, 0x5cba, 0x64ba, 0x68b9, 0x6cb9, 0x70b9, 0x74ba,
	0x7cb9, 0x80b9, 0x84b9, 0x8cb9, 0x90ba, 0x94b9, 0x9cb9, 0xa0b9, 0xa4b9, 0xa8b9, 0xacb9, 0xb0b9,
	0xd18, 0xd68, 0xd20, 0xdf8, 0xc50, 0xde8, 0x38a8, 0x3ca8, 0x426, 0x48a8, 0x4ca8, 0x50a8,
	0x54a8, 0x58a8, 0x5ca8, 0x64a8, 0x68a8, 0x6ca8, 0x70a8, 0x74a8, 0x7ca8, 0x80a8, 0x84a8, 0x8ca8,
	0x90a8, 0x94a8, 0x9ca8, 0xa0a8, 0xa4a8, 0xa8a8, 0xaca8, 0xb0a8, 0xd28, 0xe70, 0xd30, 0xe80,
	0x0, 0x0, 0x0, 0x0, 0x0, 0x0, 0xc28, 0x0, 0x0, 0x0, 0x0, 0x0,
	0x0, 0x0, 0x0, 0x0, 0x0, 0x0, 0x0, 0x0, 0x0, 0x0, 0x0, 0x0,
	0x0, 0x0, 0x0, 0x0, 0x0, 0x0, 0x0, 0x0, 0x0, 0xc42, 0xcb0, 0xe90,
	0xea0, 0xe88, 0xea8, 0xe78, 0xd40, 0xe08, 0xe20, 0x38aa, 0xcf8, 0xe68, 0x0, 0xe28,
	0xe00, 0xe18, 0xe38, 0x18a9, 0x1ca9, 0xdf0, 0x1, 0xd48, 0x1, 0xe10, 0x14a9, 0x7caa,
	0xd00, 0x1, 0x1, 0x1, 0xcc0, 0x39b9, 0x3999, 0x39f9, 0x3a99, 0x3a59, 0x3a39, 0x800,
	0x42f9, 0x4dba, 0x4d9a, 0x4dfa, 0x4e5a, 0x5dba, 0x5d9a, 0x5dfa, 0x5e5a, 0x48d9, 0x769a, 0x7db9,
	0x7d99, 0x7df9, 0x7e99, 0x7e59, 0xe48, 0x7ed9, 0x9db9, 0x9d99, 0x9df9, 0x9e59, 0xad99, 0xb4b9,
	0x802, 0x39a8, 0x3988, 0x39e8, 0x3a88, 0x3a48, 0x3a28, 0x804, 0x42e8, 0x4da8, 0x4d88, 0x4de8,
	0x4e48, 0x5da8, 0x5d88, 0x5de8, 0x5e48, 0x48c8, 0x7688, 0x7da8, 0x7d88, 0x7de8, 0x7e88, 0x7e48,
	0xe40, 0x7ec8, 0x9da8, 0x9d88, 0x9de8, 0x9e48, 0xad88, 0xb4a8, 0xae48, 0x3b39, 0x3b28, 0x39d9,
	0x39c8, 0x3b19, 0x3b08, 0x4199, 0x4188, 0x41f9, 0x41e8, 0x42b9, 0x42a8, 0x4219, 0x4208, 0x4a19,
	0x4a08, 0x4b59, 0x4b48, 0x4f3a, 0x4f28, 0x4dda, 0x4dc8, 0x4eba, 0x4ea8, 0x4f1a, 0x4f08, 0x4e1a,
	0x4e08, 0x55f9, 0x55e8, 0x55d9, 0x55c8, 0x56b9, 0x56a8, 0x56f9, 0x56e8, 0x59f9, 0x59e8, 0x5b59,
	0x5b48, 0x5e9a, 0x5e88, 0x5f3a, 0x5f28, 0x5dda, 0x5dc8, 0x5f1a, 0x5f08, 0x5eba, 0x60a8, 0x806,
	0x808, 0x65fa, 0x65e8, 0x6af9, 0x6ae8, 0x88a8, 0x6d99, 0x6d88, 0x6ef9, 0x6ee8, 0x6e19, 0x6e08,
	0x6f79, 0x6f68, 0x6f59, 0x6f48, 0x759a, 0x7588, 0x76fa, 0x76e8, 0x761a, 0x7608, 0x80a, 0x78b9,
	0x78a8, 0x7f39, 0x7f28, 0x7dd9, 0x7dc8, 0x7e79, 0x7e68, 0x80c, 0x80e, 0x8d99, 0x8d88, 0x8ef9,
	0x8ee8, 0x8e19, 0x8e08, 0x919a, 0x9188, 0x91fa, 0x91e8, 0x92fa, 0x92e8, 0x921a, 0x9208, 0x96f9,
	0x96e8, 0x9619, 0x9608, 0x98b9, 0x98a8, 0x9e99, 0x9e88, 0x9f39, 0x9f28, 0x9dd9, 0x9dc8, 0x9e39,
	0x9e28, 0x9e79, 0x9e68, 0x9f19, 0x9f08, 0xa5f9, 0xa5e8, 0xadf9, 0xade8, 0xae59, 0xb199, 0xb188,
	0xb2b9, 0xb2a8, 0xb219, 0xb208, 0x90e8, 0xc41, 0xc41, 0xc41, 0xc41, 0xc41, 0xc41, 0xc41,
	0xc42, 0xc41, 0xc41, 0xc41, 0x0, 0x0, 0x0, 0x0, 0x0, 0xc68, 0xc69, 0xc70,
	0xc78, 0xc80, 0xc88, 0xd38, 0xc58, 0x1, 0x1, 0x1, 0x1, 0x1, 0x1, 0x1,
	0x1, 0xd98, 0xda0, 0xda8, 0xdb0, 0xcd1, 0x810, 0x1, 0xdb8, 0xc30, 0xc38, 0x0,
	0x0, 0x0, 0x0, 0x0, 0xc42, 0xd88, 0xd90, 0xdc0, 0x812, 0x1, 0xdc8, 0x814,
	0x1, 0xdd0, 0xce0, 0xce8, 0xdd8, 0x816, 0xcc8, 0xc48, 0xde0, 0x38d9, 0x4cbb, 0x90c8,
	0x90a9, 0x38c8, 0x4ca9, 0x5cbb, 0x64bb, 0x5ca9, 0x64a9, 0xb8a9, 0x74a9, 0x7cd9, 0x4cbb, 0x7cc8,
	0x4ca9, 0xcd1, 0xcd1, 0xdc1, 0xdc1, 0xdc9, 0xdc9, 0xca9, 0xca9, 0x5ff, 0x0, 0x5ff,
	0x40b9, 0x227, 0x448, 0x44ba, 0x468, 0x44b1, 0x524, 0x45fa, 0x525, 0x45f1, 0x399, 0x5ff,
	0x40a8, 0x227, 0x468, 0x44a8, 0x525, 0x45e8, 0x399, 0x1ff
};

static constexpr uint16_t s_coll_brFastLatinPrimaries[384] = {
	0x0, 0x0, 0x0, 0x0, 0x0, 0x0, 0x0, 0x0, 0x0, 0xc00, 0xc08, 0xc10,
	0xc18, 0xc20, 0x0, 0x0, 0x0, 0x0, 0x0, 0x0, 0x0, 0x0, 0x0, 0x0,
	0x0, 0x0, 0x0, 0x0, 0x0, 0x0, 0x0, 0x0, 0xc40, 0xca8, 0xcf0, 0xd78,
	0xe98, 0xd80, 0xd70, 0xcd8, 0xd08, 0xd10, 0xd58, 0xe30, 0xc90, 0xc60, 0xcd0, 0xd60,
	0x1000, 0x1400, 0x1800, 0x1c00, 0x2000, 0x2400, 0x2800, 0x2c00, 0x3000, 0x3400, 0xca0, 0xc98,
	0xe50, 0xe58, 0xe60, 0xcb8, 0xd50, 0x3800, 0x3c00, 0x0, 0x4800, 0x4c00, 0x5000, 0x5400,
	0x5800, 0x5c00, 0x6400, 0x6800, 0x6c00, 0x7000, 0x7400, 0x7c00, 0x8000, 0x8400, 0x8c00, 0x9000,
	0x9400, 0x9c00, 0xa000, 0xa400, 0xa800, 0xac00, 0xb000, 0xd18, 0xd68, 0xd20, 0xdf8, 0xc50,
	0xde8, 0x3800, 0x3c00, 0x0, 0x4800, 0x4c00, 0x5000, 0x5400, 0x5800, 0x5c00, 0x6400, 0x6800,
	0x6c00, 0x7000, 0x7400, 0x7c00, 0x8000, 0x8400, 0x8c00, 0x9000, 0x9400, 0x9c00, 0xa000, 0xa400,
	0xa800, 0xac00, 0xb000, 0xd28, 0xe70, 0xd30, 0xe80, 0x0, 0x0, 0x0, 0x0, 0x0,
	0x0, 0xc28, 0x0, 0x0, 0x0, 0x0, 0x0, 0x0, 0x0, 0x0, 0x0, 0x0,
	0x0, 0x0, 0x0, 0x0, 0x0, 0x0, 0x0, 0x0, 0x0, 0x0, 0x0, 0x0,
	0x0, 0x0, 0x0, 0x0, 0xc40, 0xcb0, 0xe90, 0xea0, 0xe88, 0xea8, 0xe78, 0xd40,
	0xe08, 0xe20, 0x3800, 0xcf8, 0xe68, 0x0, 0xe28, 0xe00, 0xe18, 0xe38, 0x1800, 0x1c00,
	0xdf0, 0x0, 0xd48, 0x0, 0xe10, 0x1400, 0x7c00, 0xd00, 0x0, 0x0, 0x0, 0xcc0,
	0x3800, 0x3800, 0x3800, 0x3800, 0x3800, 0x3800, 0x0, 0x4000, 0x4c00, 0x4c00, 0x4c00, 0x4c00,
	0x5c00, 0x5c00, 0x5c00, 0x5c00, 0x4800, 0x7400, 0x7c00, 0x7c00, 0x7c00, 0x7c00, 0x7c00, 0xe48,
	0x7c00, 0x9c00, 0x9c00, 0x9c00, 0x9c00, 0xac00, 0xb400, 0x0, 0x3800, 0x3800, 0x3800, 0x3800,
	0x3800, 0x3800, 0x0, 0x4000, 0x4c00, 0x4c00, 0x4c00, 0x4c00, 0x5c00, 0x5c00, 0x5c00, 0x5c00,
	0x4800, 0x7400, 0x7c00, 0x7c00, 0x7c00, 0x7c00, 0x7c00, 0xe40, 0x7c00, 0x9c00, 0x9c00, 0x9c00,
	0x9c00, 0xac00, 0xb400, 0xac00, 0x3800, 0x3800, 0x3800, 0x3800, 0x3800, 0x3800, 0x4000, 0x4000,
	0x4000, 0x4000, 0x4000, 0x4000, 0x4000, 0x4000, 0x4800, 0x4800, 0x4800, 0x4800, 0x4c00, 0x4c00,
	0x4c00, 0x4c00, 0x4c00, 0x4c00, 0x4c00, 0x4c00, 0x4c00, 0x4c00, 0x5400, 0x5400, 0x5400, 0x5400,
	0x5400, 0x5400, 0x5400, 0x5400, 0x5800, 0x5800, 0x5800, 0x5800, 0x5c00, 0x5c00, 0x5c00, 0x5c00,
	0x5c00, 0x5c00, 0x5c00, 0x5c00, 0x5c00, 0x6000, 0x0, 0x0, 0x6400, 0x6400, 0x6800, 0x6800,
	0x8800, 0x6c00, 0x6c00, 0x6c00, 0x6c00, 0x6c00, 0x6c00, 0x6c00, 0x6c00, 0x6c00, 0x6c00, 0x7400,
	0x7400, 0x7400, 0x7400, 0x7400, 0x7400, 0x0, 0x7800, 0x7800, 0x7c00, 0x7c00, 0x7c00, 0x7c00,
	0x7c00, 0x7c00, 0x0, 0x0, 0x8c00, 0x8c00, 0x8c00, 0x8c00, 0x8c00, 0x8c00, 0x9000, 0x9000,
	0x9000, 0x9000, 0x9000, 0x9000, 0x9000, 0x9000, 0x9400, 0x9400, 0x9400, 0x9400, 0x9800, 0x9800,
	0x9c00, 0x9c00, 0x9c00, 0x9c00, 0x9c00, 0x9c00, 0x9c00, 0x9c00, 0x9c00, 0x9c00, 0x9c00, 0x9c00,
	0xa400, 0xa400, 0xac00, 0xac00, 0xac00, 0xb000, 0xb000, 0xb000, 0xb000, 0xb000, 0xb000, 0x9000
};

static constexpr int32_t s_coll_brFastLatinMiniVarTop = 0xbff;

static constexpr uint32_t s_coll_brNumericPrimary = 0x10000000;
static constexpr int32_t s_coll_brOptions = 0x2010;
static constexpr int32_t s_coll_brJamoCe32sStart = -1;

static constexpr uint32_t s_coll_brUnsafeBwd[860] = {
	0x27, 0x28, 0x34, 0x35, 0x48, 0x49, 0x4c, 0x4d, 0x68, 0x69, 0xa0, 0xa1,
	0x124, 0x126, 0x21e, 0x220, 0x2bc, 0x2bd, 0x300, 0x34f, 0x350, 0x370, 0x3a9, 0x3aa,
	0x3e2, 0x3e3, 0x42f, 0x430, 0x483, 0x488, 0x531, 0x532, 0x591, 0x5be, 0x5bf, 0x5c0,
	0x5c1, 0x5c3, 0x5c4, 0x5c6, 0x5c7, 0x5c8, 0x5d0, 0x5d1, 0x610, 0x61b, 0x628, 0x629,
	0x64b, 0x660, 0x670, 0x671, 0x6d6, 0x6dd, 0x6df, 0x6e5, 0x6e7, 0x6e9, 0x6ea, 0x6ee,
	0x710, 0x712, 0x730, 0x74b, 0x78c, 0x78d, 0x7ca, 0x7cb, 0x7eb, 0x7f4, 0x7fd, 0x7fe,
	0x800, 0x801, 0x816, 0x81a, 0x81b, 0x824, 0x825, 0x828, 0x829, 0x82e, 0x840, 0x841,
	0x859, 0x85c, 0x897, 0x8a0, 0x8ca, 0x8e2, 0x8e3, 0x900, 0x905, 0x906, 0x93c, 0x93d,
	0x94d, 0x94e, 0x951, 0x955, 0x995, 0x996, 0x9bc, 0x9bd, 0x9be, 0x9bf, 0x9cd, 0x9ce,
	0x9d7, 0x9d8, 0x9fe, 0x9ff, 0xa15, 0xa16, 0xa3c, 0xa3d, 0xa4d, 0xa4e, 0xa95, 0xa96,
	0xabc, 0xabd, 0xacd, 0xace, 0xb15, 0xb16, 0xb3c, 0xb3d, 0xb3e, 0xb3f, 0xb4d, 0xb4e,
	0xb56, 0xb58, 0xb95, 0xb96, 0xbbe, 0xbbf, 0xbcd, 0xbce, 0xbd7, 0xbd8, 0xc15, 0xc16,
	0xc3c, 0xc3d, 0xc4d, 0xc4e, 0xc55, 0xc57, 0xc95, 0xc96, 0xcbc, 0xcbd, 0xcc2, 0xcc3,
	0xccd, 0xcce, 0xcd5, 0xcd7, 0xd15, 0xd16, 0xd3b, 0xd3d, 0xd3e, 0xd3f, 0xd4d, 0xd4e,
	0xd57, 0xd58, 0xd85, 0xd86, 0xdca, 0xdcb, 0xdcf, 0xdd0, 0xddf, 0xde0, 0xe01, 0xe2f,
	0xe32, 0xe33, 0xe38, 0xe3b, 0xe48, 0xe4c, 0xe81, 0xe83, 0xe84, 0xe85, 0xe86, 0xe8b,
	0xe8c, 0xea4, 0xea5, 0xea6, 0xea7, 0xeaf, 0xeb2, 0xeb3, 0xeb8, 0xebb, 0xec8, 0xecc,
	0xedc, 0xee0, 0xf18, 0xf1a, 0xf35, 0xf36, 0xf37, 0xf38, 0xf39, 0xf3a, 0xf40, 0xf41,
	0xf71, 0xf76, 0xf7a, 0xf7e, 0xf80, 0xf85, 0xf86, 0xf88, 0xfc6, 0xfc7, 0x1000, 0x1001,
	0x102e, 0x102f, 0x1037, 0x1038, 0x1039, 0x103b, 0x108d, 0x108e, 0x10d3, 0x10d4, 0x12a0, 0x12a1,
	0x135d, 0x1360, 0x13c4, 0x13c5, 0x14c0, 0x14c1, 0x168f, 0x1690, 0x16a0, 0x16a1, 0x1703, 0x1704,
	0x1714, 0x1716, 0x1723, 0x1724, 0x1734, 0x1735, 0x1743, 0x1744, 0x1763, 0x1764, 0x1780, 0x1781,
	0x17d2, 0x17d3, 0x17dd, 0x17de, 0x1826, 0x1827, 0x18a9, 0x18aa, 0x1900, 0x1901, 0x1939, 0x193c,
	0x1950, 0x1951, 0x1980, 0x19ac, 0x1a00, 0x1a01, 0x1a17, 0x1a19, 0x1a20, 0x1a21, 0x1a60, 0x1a61,
	0x1a75, 0x1a7d, 0x1a7f, 0x1a80, 0x1ab0, 0x1abe, 0x1abf, 0x1ade, 0x1ae0, 0x1aec, 0x1b05, 0x1b06,
	0x1b34, 0x1b36, 0x1b44, 0x1b45, 0x1b6b, 0x1b74, 0x1b83, 0x1b84, 0x1baa, 0x1bac, 0x1bc0, 0x1bc1,
	0x1be6, 0x1be7, 0x1bf2, 0x1bf4, 0x1c00, 0x1c01, 0x1c37, 0x1c38, 0x1c5a, 0x1c5b, 0x1cd0, 0x1cd3,
	0x1cd4, 0x1ce1, 0x1ce2, 0x1ce9, 0x1ced, 0x1cee, 0x1cf4, 0x1cf5, 0x1cf8, 0x1cfa, 0x1dc0, 0x1e00,
	0x1e22, 0x1e2c, 0x1e96, 0x1e97, 0x2019, 0x201a, 0x201c, 0x201d, 0x20ac, 0x20ad, 0x20d0, 0x20dd,
	0x20e1, 0x20e2, 0x20e5, 0x20f1, 0x263a, 0x263b, 0x2c00, 0x2c01, 0x2cef, 0x2cf2, 0x2d30, 0x2d31,
	0x2d7f, 0x2d80, 0x2de0, 0x2e00, 0x302a, 0x3030, 0x304b, 0x304c, 0x3099, 0x309b, 0x30ab, 0x30ac,
	0x3105, 0x3106, 0x5b57, 0x5b58, 0xa288, 0xa289, 0xa4d0, 0xa4d1, 0xa549, 0xa54a, 0xa66f, 0xa670,
	0xa674, 0xa67e, 0xa69e, 0xa6a1, 0xa6f0, 0xa6f2, 0xa800, 0xa801, 0xa806, 0xa807, 0xa82c, 0xa82d,
	0xa840, 0xa841, 0xa882, 0xa883, 0xa8c4, 0xa8c5, 0xa8e0, 0xa8f2, 0xa90a, 0xa90b, 0xa92b, 0xa92e,
	0xa930, 0xa931, 0xa953, 0xa954, 0xa984, 0xa985, 0xa9b3, 0xa9b4, 0xa9c0, 0xa9c1, 0xaa00, 0xaa01,
	0xaa80, 0xaab1, 0xaab2, 0xaab5, 0xaab7, 0xaab9, 0xaabe, 0xaac0, 0xaac1, 0xaac2, 0xaaf6, 0xaaf7,
	0xabc0, 0xabc1, 0xabed, 0xabee, 0xac00, 0xac01, 0xd800, 0xd809, 0xd80b, 0xd80d, 0xd811, 0xd812,
	0xd818, 0xd819, 0xd81a, 0xd81c, 0xd820, 0xd821, 0xd823, 0xd824, 0xd82c, 0xd82d, 0xd82f, 0xd830,
	0xd834, 0xd835, 0xd838, 0xd83b, 0xdc00, 0xe000, 0xfb1e, 0xfb1f, 0xfdd0, 0xfdd1, 0xfe20, 0xfe30,
	0x10000, 0x10001, 0x101fd, 0x101fe, 0x10280, 0x10281, 0x102a0, 0x102a1, 0x102e0, 0x102e1, 0x10300, 0x10301,
	0x10330, 0x10331, 0x1036b, 0x1036c, 0x10376, 0x1037b, 0x10380, 0x10381, 0x103a0, 0x103a1, 0x10414, 0x10415,
	0x10450, 0x10451, 0x10480, 0x10481, 0x104b5, 0x104b6, 0x10500, 0x10501, 0x10537, 0x10538, 0x10582, 0x10583,
	0x105c2, 0x105c3, 0x10647, 0x10648, 0x10800, 0x10801, 0x10840, 0x10841, 0x10873, 0x10874, 0x10896, 0x10897,
	0x108f4, 0x108f5, 0x10900, 0x10901, 0x10920, 0x10921, 0x10950, 0x10951, 0x10980, 0x10981, 0x109a0, 0x109a1,
	0x10a00, 0x10a01, 0x10a0d, 0x10a0e, 0x10a0f, 0x10a10, 0x10a38, 0x10a3b, 0x10a3f, 0x10a40, 0x10a60, 0x10a61,
	0x10a95, 0x10a96, 0x10ad8, 0x10ad9, 0x10ae5, 0x10ae7, 0x10b00, 0x10b01, 0x10b40, 0x10b41, 0x10b60, 0x10b61,
	0x10b8f, 0x10b90, 0x10c00, 0x10c01, 0x10ca1, 0x10ca2, 0x10d12, 0x10d13, 0x10d24, 0x10d28, 0x10d5d, 0x10d5e,
	0x10d69, 0x10d6e, 0x10e88, 0x10e89, 0x10eab, 0x10ead, 0x10efa, 0x10efc, 0x10efd, 0x10f00, 0x10f19, 0x10f1a,
	0x10f42, 0x10f43, 0x10f46, 0x10f51, 0x10f7c, 0x10f7d, 0x10f82, 0x10f86, 0x10fbf, 0x10fc0, 0x10ff1, 0x10ff2,
	0x11005, 0x11006, 0x11046, 0x11047, 0x11070, 0x11071, 0x1107f, 0x11080, 0x11083, 0x11084, 0x110b9, 0x110bb,
	0x110d0, 0x110d1, 0x11100, 0x11104, 0x11127, 0x11128, 0x11133, 0x11135, 0x11152, 0x11153, 0x11173, 0x11174,
	0x11183, 0x11184, 0x111c0, 0x111c1, 0x111ca, 0x111cb, 0x11208, 0x11209, 0x11235, 0x11237, 0x1128f, 0x11290,
	0x112be, 0x112bf, 0x112e9, 0x112eb, 0x11315, 0x11316, 0x1133b, 0x1133d, 0x1133e, 0x1133f, 0x1134d, 0x1134e,
	0x11357, 0x11358, 0x11366, 0x1136d, 0x11370, 0x11375, 0x11392, 0x11393, 0x113b8, 0x113b9, 0x113bb, 0x113bc,
	0x113c2, 0x113c3, 0x113c9, 0x113ca, 0x113ce, 0x113d1, 0x11412, 0x11413, 0x11442, 0x11443, 0x11446, 0x11447,
	0x1145e, 0x1145f, 0x11484, 0x11485, 0x114b0, 0x114b1, 0x114ba, 0x114bb, 0x114bd, 0x114be, 0x114c2, 0x114c4,
	0x1158e, 0x1158f, 0x115af, 0x115b0, 0x115bf, 0x115c1, 0x1160e, 0x1160f, 0x1163f, 0x11640, 0x11680, 0x11681,
	0x116b6, 0x116b8, 0x11717, 0x11718, 0x1172b, 0x1172c, 0x1180b, 0x1180c, 0x11839, 0x1183b, 0x118b4, 0x118b5,
	0x1190c, 0x1190d, 0x11930, 0x11931, 0x1193d, 0x1193f, 0x11943, 0x11944, 0x119ce, 0x119cf, 0x119e0, 0x119e1,
	0x11a0b, 0x11a0c, 0x11a34, 0x11a35, 0x11a47, 0x11a48, 0x11a5c, 0x11a5d, 0x11a99, 0x11a9a, 0x11ac0, 0x11ac1,
	0x11bc4, 0x11bc5, 0x11c0e, 0x11c0f, 0x11c3f, 0x11c40, 0x11c72, 0x11c73, 0x11d10, 0x11d11, 0x11d42, 0x11d43,
	0x11d44, 0x11d46, 0x11d71, 0x11d72, 0x11d97, 0x11d98, 0x11dc6, 0x11dc7, 0x11ee5, 0x11ee6, 0x11f1b, 0x11f1c,
	0x11f41, 0x11f43, 0x12000, 0x12001, 0x12fe5, 0x12fe6, 0x13153, 0x13154, 0x14400, 0x14401, 0x1611c, 0x1611d,
	0x1611e, 0x16121, 0x16123, 0x16126, 0x16129, 0x1612a, 0x1612f, 0x16130, 0x16a4f, 0x16a50, 0x16abc, 0x16abd,
	0x16ae6, 0x16ae7, 0x16af0, 0x16af5, 0x16b1c, 0x16b1d, 0x16b30, 0x16b37, 0x16d45, 0x16d46, 0x16d67, 0x16d69,
	0x16e40, 0x16e41, 0x16ea1, 0x16ea2, 0x16f00, 0x16f01, 0x16ff0, 0x16ff2, 0x18229, 0x1822a, 0x18c65, 0x18c66,
	0x1b1c4, 0x1b1c5, 0x1bc20, 0x1bc21, 0x1bc9e, 0x1bc9f, 0x1d165, 0x1d16a, 0x1d16d, 0x1d173, 0x1d17b, 0x1d183,
	0x1d185, 0x1d18c, 0x1d1aa, 0x1d1ae, 0x1d242, 0x1d245, 0x1e000, 0x1e007, 0x1e008, 0x1e019, 0x1e01b, 0x1e022,
	0x1e023, 0x1e025, 0x1e026, 0x1e02b, 0x1e08f, 0x1e090, 0x1e108, 0x1e109, 0x1e130, 0x1e137, 0x1e290, 0x1e291,
	0x1e2ae, 0x1e2af, 0x1e2e1, 0x1e2e2, 0x1e2ec, 0x1e2f0, 0x1e4e6, 0x1e4e7, 0x1e4ec, 0x1e4f0, 0x1e5d0, 0x1e5d1,
	0x1e5ee, 0x1e5f0, 0x1e6d5, 0x1e6d6, 0x1e6e3, 0x1e6e4, 0x1e6e6, 0x1e6e7, 0x1e6ee, 0x1e6f0, 0x1e6f5, 0x1e6f6,
	0x1e802, 0x1e803, 0x1e8d0, 0x1e8d7, 0x1e909, 0x1e90a, 0x1e944, 0x1e94b
};

static constexpr int32_t s_coll_brUnsafeBwdLength = 860;

static constexpr uint16_t s_coll_cyTrieIndex[2112] = {
	0x0, 0x8, 0x10, 0x18, 0x30, 0x38, 0x40, 0x48, 0x30, 0x38, 0x30, 0x38, 0x30, 0x38, 0x30, 0x38,
	0x30, 0x38, 0x30, 0x38, 0x30, 0x38, 0x30, 0x38, 0x30, 0x38, 0x30, 0x38, 0x30, 0x38, 0x30, 0x38,
	0x30, 0x38, 0x30, 0x38, 0x30, 0x38, 0x30, 0x38, 0x30, 0x38, 0x30, 0x38, 0x30, 0x38, 0x30, 0x38,
	0x30, 0x38, 0x30, 0x38, 0x30, 0x38, 0x30, 0x38, 0x30, 0x38, 0x30, 0x38, 0x30, 0x38, 0x30, 0x38,
	0x30, 0x30, 0x30, 0x30, 0x30, 0x30, 0x30, 0x30, 0x30, 0x30, 0x30, 0x30, 0x30, 0x30, 0x30, 0x30,
	0x30, 0x30, 0x30, 0x30, 0x30, 0x30, 0x30, 0x30, 0x30, 0x30, 0x30, 0x30, 0x30, 0x30, 0x30, 0x30,
	0x30, 0x30, 0x30, 0x30, 0x30, 0x30, 0x30, 0x30, 0x30, 0x30, 0x30, 0x30, 0x30, 0x30, 0x30, 0x30,
	0x30, 0x30, 0x30, 0x30, 0x30, 0x30, 0x30, 0x30, 0x30, 0x30, 0x30, 0x30, 0x30, 0x30, 0x30, 0x30,
	0x30, 0x30, 0x30, 0x30, 0x30, 0x30, 0x30, 0x30, 0x30, 0x30, 0x30, 0x30, 0x30, 0x30, 0x30, 0x30,
	0x30, 0x30, 0x30, 0x30, 0x30, 0x30, 0x30, 0x30, 0x30, 0x30, 0x30, 0x30, 0x30, 0x30, 0x30, 0x30,
	0x30, 0x30, 0x30, 0x30, 0x30, 0x30, 0x30, 0x30, 0x30, 0x30, 0x30, 0x30, 0x30, 0x30, 0x30, 0x30,
	0x30, 0x30, 0x30, 0x30, 0x30, 0x30, 0x30, 0x30, 0x30, 0x30, 0x30, 0x30, 0x30, 0x30, 0x30, 0x30,
	0x30, 0x30, 0x30, 0x30, 0x30, 0x30, 0x30, 0x30, 0x30, 0x30, 0x30, 0x30, 0x30, 0x30, 0x30, 0x30,
	0x30, 0x30, 0x30, 0x30, 0x30, 0x30, 0x30, 0x30, 0x30, 0x30, 0x30, 0x30, 0x30, 0x30, 0x30, 0x30,
	0x30, 0x30, 0x30, 0x30, 0x30, 0x30, 0x30, 0x30, 0x30, 0x30, 0x30, 0x30, 0x30, 0x30, 0x30, 0x30,
	0x30, 0x30, 0x30, 0x30, 0x30, 0x30, 0x30, 0x30, 0x30, 0x30, 0x30, 0x30, 0x30, 0x30, 0x30, 0x30,
	0x30, 0x30, 0x30, 0x30, 0x30, 0x30, 0x30, 0x30, 0x30, 0x30, 0x30, 0x30, 0x30, 0x30, 0x30, 0x30,
	0x30, 0x30, 0x30, 0x30, 0x30, 0x30, 0x30, 0x30, 0x30, 0x30, 0x30, 0x30, 0x30, 0x30, 0x30, 0x30,
	0x30, 0x30, 0x30, 0x30, 0x30, 0x30, 0x30, 0x30, 0x30, 0x30, 0x30, 0x30, 0x30, 0x30, 0x30, 0x30,
	0x30, 0x30, 0x30, 0x30, 0x30, 0x30, 0x30, 0x30, 0x30, 0x30, 0x30, 0x30, 0x30, 0x30, 0x30, 0x30,
	0x30, 0x30, 0x30, 0x30, 0x30, 0x30, 0x30, 0x30, 0x30, 0x30, 0x30, 0x30, 0x30, 0x30, 0x30, 0x30,
	0x30, 0x30, 0x30, 0x30, 0x30, 0x30, 0x30, 0x30, 0x30, 0x30, 0x30, 0x30, 0x30, 0x30, 0x30, 0x30,
	0x30, 0x30, 0x30, 0x30, 0x30, 0x30, 0x30, 0x30, 0x30, 0x30, 0x30, 0x30, 0x30, 0x30, 0x30, 0x30,
	0x30, 0x30, 0x30, 0x30, 0x30, 0x30, 0x30, 0x30, 0x30, 0x30, 0x30, 0x30, 0x30, 0x30, 0x30, 0x30,
	0x30, 0x30, 0x30, 0x30, 0x30, 0x30, 0x30, 0x30, 0x30, 0x30, 0x30, 0x30, 0x30, 0x30, 0x30, 0x30,
	0x30, 0x30, 0x30, 0x30, 0x30, 0x30, 0x30, 0x30, 0x30, 0x30, 0x30, 0x30, 0x30, 0x30, 0x30, 0x30,
	0x30, 0x30, 0x30, 0x30, 0x30, 0x30, 0x30, 0x30, 0x30, 0x30, 0x30, 0x30, 0x30, 0x30, 0x30, 0x30,
	0x30, 0x30, 0x30, 0x30, 0x30, 0x30, 0x30, 0x30, 0x30, 0x30, 0x30, 0x30, 0x30, 0x30, 0x30, 0x30,
	0x30, 0x30, 0x30, 0x30, 0x30, 0x30, 0x30, 0x30, 0x30, 0x30, 0x30, 0x30, 0x30, 0x30, 0x30, 0x30,
	0x30, 0x30, 0x30, 0x30, 0x30, 0x30, 0x30, 0x30, 0x30, 0x30, 0x30, 0x30, 0x30, 0x30, 0x30, 0x30,
	0x30, 0x30, 0x30, 0x30, 0x30, 0x30, 0x30, 0x30, 0x30, 0x30, 0x30, 0x30, 0x30, 0x30, 0x30, 0x30,
	0x30, 0x30, 0x30, 0x30, 0x30, 0x30, 0x30, 0x30, 0x30, 0x30, 0x30, 0x30, 0x30, 0x30, 0x30, 0x30,
	0x30, 0x30, 0x30, 0x30, 0x30, 0x30, 0x30, 0x30, 0x30, 0x30, 0x30, 0x30, 0x30, 0x30, 0x30, 0x30,
	0x30, 0x30, 0x30, 0x30, 0x30, 0x30, 0x30, 0x30, 0x30, 0x30, 0x30, 0x30, 0x30, 0x30, 0x30, 0x30,
	0x30, 0x30, 0x30, 0x30, 0x30, 0x30, 0x30, 0x30, 0x30, 0x30, 0x30, 0x30, 0x30, 0x30, 0x30, 0x30,
	0x30, 0x30, 0x30, 0x30, 0x30, 0x30, 0x30, 0x30, 0x30, 0x30, 0x30, 0x30, 0x30, 0x30, 0x30, 0x30,
	0x30, 0x30, 0x30, 0x30, 0x30, 0x30, 0x30, 0x30, 0x30, 0x30, 0x30, 0x30, 0x30, 0x30, 0x30, 0x30,
	0x30, 0x30, 0x30, 0x30, 0x30, 0x30, 0x30, 0x30, 0x30, 0x30, 0x30, 0x30, 0x30, 0x30, 0x30, 0x30,
	0x30, 0x30, 0x30, 0x30, 0x30, 0x30, 0x30, 0x30, 0x30, 0x30, 0x30, 0x30, 0x30, 0x30, 0x30, 0x30,
	0x30, 0x30, 0x30, 0x30, 0x30, 0x30, 0x30, 0x30, 0x30, 0x30, 0x30, 0x30, 0x30, 0x30, 0x30, 0x30,
	0x30, 0x30, 0x30, 0x30, 0x30, 0x30, 0x30, 0x30, 0x30, 0x30, 0x30, 0x30, 0x30, 0x30, 0x30, 0x30,
	0x30, 0x30, 0x30, 0x30, 0x30, 0x30, 0x30, 0x30, 0x30, 0x30, 0x30, 0x30, 0x30, 0x30, 0x30, 0x30,
	0x30, 0x30, 0x30, 0x30, 0x30, 0x30, 0x30, 0x30, 0x30, 0x30, 0x30, 0x30, 0x30, 0x30, 0x30, 0x30,
	0x30, 0x30, 0x30, 0x30, 0x30, 0x30, 0x30, 0x30, 0x30, 0x30, 0x30, 0x30, 0x30, 0x30, 0x30, 0x30,
	0x30, 0x30, 0x30, 0x30, 0x30, 0x30, 0x30, 0x30, 0x30, 0x30, 0x30, 0x30, 0x30, 0x30, 0x30, 0x30,
	0x30, 0x30, 0x30, 0x30, 0x30, 0x30, 0x30, 0x30, 0x30, 0x30, 0x30, 0x30, 0x30, 0x30, 0x30, 0x30,
	0x30, 0x30, 0x30, 0x30, 0x30, 0x30, 0x30, 0x30, 0x30, 0x30, 0x30, 0x30, 0x30, 0x30, 0x30, 0x30,
	0x30, 0x30, 0x30, 0x30, 0x30, 0x30, 0x30, 0x30, 0x30, 0x30, 0x30, 0x30, 0x30, 0x30, 0x30, 0x30,
	0x30, 0x30, 0x30, 0x30, 0x30, 0x30, 0x30, 0x30, 0x30, 0x30, 0x30, 0x30, 0x30, 0x30, 0x30, 0x30,
	0x30, 0x30, 0x30, 0x30, 0x30, 0x30, 0x30, 0x30, 0x30, 0x30, 0x30, 0x30, 0x30, 0x30, 0x30, 0x30,
	0x30, 0x30, 0x30, 0x30, 0x30, 0x30, 0x30, 0x30, 0x30, 0x30, 0x30, 0x30, 0x30, 0x30, 0x30, 0x30,
	0x30, 0x30, 0x30, 0x30, 0x30, 0x30, 0x30, 0x30, 0x30, 0x30, 0x30, 0x30, 0x30, 0x30, 0x30, 0x30,
	0x30, 0x30, 0x30, 0x30, 0x30, 0x30, 0x30, 0x30, 0x30, 0x30, 0x30, 0x30, 0x30, 0x30, 0x30, 0x30,
	0x30, 0x30, 0x30, 0x30, 0x30, 0x30, 0x30, 0x30, 0x30, 0x30, 0x30, 0x30, 0x30, 0x30, 0x30, 0x30,
	0x30, 0x30, 0x30, 0x30, 0x30, 0x30, 0x30, 0x30, 0x30, 0x30, 0x30, 0x30, 0x30, 0x30, 0x30, 0x30,
	0x30, 0x30, 0x30, 0x30, 0x30, 0x30, 0x30, 0x30, 0x30, 0x30, 0x30, 0x30, 0x30, 0x30, 0x30, 0x30,
	0x30, 0x30, 0x30, 0x30, 0x30, 0x30, 0x30, 0x30, 0x30, 0x30, 0x30, 0x30, 0x30, 0x30, 0x30, 0x30,
	0x30, 0x30, 0x30, 0x30, 0x30, 0x30, 0x30, 0x30, 0x30, 0x30, 0x30, 0x30, 0x30, 0x30, 0x30, 0x30,
	0x30, 0x30, 0x30, 0x30, 0x30, 0x30, 0x30, 0x30, 0x30, 0x30, 0x30, 0x30, 0x30, 0x30, 0x30, 0x30,
	0x30, 0x30, 0x30, 0x30, 0x30, 0x30, 0x30, 0x30, 0x30, 0x30, 0x30, 0x30, 0x30, 0x30, 0x30, 0x30,
	0x30, 0x30, 0x30, 0x30, 0x30, 0x30, 0x30, 0x30, 0x30, 0x30, 0x30, 0x30, 0x30, 0x30, 0x30, 0x30,
	0x30, 0x30, 0x30, 0x30, 0x30, 0x30, 0x30, 0x30, 0x30, 0x30, 0x30, 0x30, 0x30, 0x30, 0x30, 0x30,
	0x30, 0x30, 0x30, 0x30, 0x30, 0x30, 0x30, 0x30, 0x30, 0x30, 0x30, 0x30, 0x30, 0x30, 0x30, 0x30,
	0x30, 0x30, 0x30, 0x30, 0x30, 0x30, 0x30, 0x30, 0x30, 0x30, 0x30, 0x30, 0x30, 0x30, 0x30, 0x30,
	0x30, 0x30, 0x30, 0x30, 0x30, 0x30, 0x30, 0x30, 0x30, 0x30, 0x30, 0x30, 0x30, 0x30, 0x30, 0x30,
	0x30, 0x30, 0x30, 0x30, 0x30, 0x30, 0x30, 0x30, 0x30, 0x30, 0x30, 0x30, 0x30, 0x30, 0x30, 0x30,
	0x30, 0x30, 0x30, 0x30, 0x30, 0x30, 0x30, 0x30, 0x30, 0x30, 0x30, 0x30, 0x30, 0x30, 0x30, 0x30,
	0x30, 0x30, 0x30, 0x30, 0x30, 0x30, 0x30, 0x30, 0x30, 0x30, 0x30, 0x30, 0x30, 0x30, 0x30, 0x30,
	0x30, 0x30, 0x30, 0x30, 0x30, 0x30, 0x30, 0x30, 0x30, 0x30, 0x30, 0x30, 0x30, 0x30, 0x30, 0x30,
	0x30, 0x30, 0x30, 0x30, 0x30, 0x30, 0x30, 0x30, 0x30, 0x30, 0x30, 0x30, 0x30, 0x30, 0x30, 0x30,
	0x30, 0x30, 0x30, 0x30, 0x30, 0x30, 0x30, 0x30, 0x30, 0x30, 0x30, 0x30, 0x30, 0x30, 0x30, 0x30,
	0x30, 0x30, 0x30, 0x30, 0x30, 0x30, 0x30, 0x30, 0x30, 0x30, 0x30, 0x30, 0x30, 0x30, 0x30, 0x30,
	0x30, 0x30, 0x30, 0x30, 0x30, 0x30, 0x30, 0x30, 0x30, 0x30, 0x30, 0x30, 0x30, 0x30, 0x30, 0x30,
	0x30, 0x30, 0x30, 0x30, 0x30, 0x30, 0x30, 0x30, 0x30, 0x30, 0x30, 0x30, 0x30, 0x30, 0x30, 0x30,
	0x30, 0x30, 0x30, 0x30, 0x30, 0x30, 0x30, 0x30, 0x30, 0x30, 0x30, 0x30, 0x30, 0x30, 0x30, 0x30,
	0x30, 0x30, 0x30, 0x30, 0x30, 0x30, 0x30, 0x30, 0x30, 0x30, 0x30, 0x30, 0x30, 0x30, 0x30, 0x30,
	0x30, 0x30, 0x30, 0x30, 0x30, 0x30, 0x30, 0x30, 0x30, 0x30, 0x30, 0x30, 0x30, 0x30, 0x30, 0x30,
	0x30, 0x30, 0x30, 0x30, 0x30, 0x30, 0x30, 0x30, 0x30, 0x30, 0x30, 0x30, 0x30, 0x30, 0x30, 0x30,
	0x30, 0x30, 0x30, 0x30, 0x30, 0x30, 0x30, 0x30, 0x30, 0x30, 0x30, 0x30, 0x30, 0x30, 0x30, 0x30,
	0x30, 0x30, 0x30, 0x30, 0x30, 0x30, 0x30, 0x30, 0x30, 0x30, 0x30, 0x30, 0x30, 0x30, 0x30, 0x30,
	0x30, 0x30, 0x30, 0x30, 0x30, 0x30, 0x30, 0x30, 0x30, 0x30, 0x30, 0x30, 0x30, 0x30, 0x30, 0x30,
	0x30, 0x30, 0x30, 0x30, 0x30, 0x30, 0x30, 0x30, 0x30, 0x30, 0x30, 0x30, 0x30, 0x30, 0x30, 0x30,
	0x30, 0x30, 0x30, 0x30, 0x30, 0x30, 0x30, 0x30, 0x30, 0x30, 0x30, 0x30, 0x30, 0x30, 0x30, 0x30,
	0x30, 0x30, 0x30, 0x30, 0x30, 0x30, 0x30, 0x30, 0x30, 0x30, 0x30, 0x30, 0x30, 0x30, 0x30, 0x30,
	0x30, 0x30, 0x30, 0x30, 0x30, 0x30, 0x30, 0x30, 0x30, 0x30, 0x30, 0x30, 0x30, 0x30, 0x30, 0x30,
	0x30, 0x30, 0x30, 0x30, 0x30, 0x30, 0x30, 0x30, 0x30, 0x30, 0x30, 0x30, 0x30, 0x30, 0x30, 0x30,
	0x60, 0x60, 0x60, 0x60, 0x60, 0x60, 0x60, 0x60, 0x60, 0x60, 0x60, 0x60, 0x60, 0x60, 0x60, 0x60,
	0x60, 0x60, 0x60, 0x60, 0x60, 0x60, 0x60, 0x60, 0x60, 0x60, 0x60, 0x60, 0x60, 0x60, 0x60, 0x60,
	0x60, 0x60, 0x60, 0x60, 0x60, 0x60, 0x60, 0x60, 0x60, 0x60, 0x60, 0x60, 0x60, 0x60, 0x60, 0x60,
	0x60, 0x60, 0x60, 0x60, 0x60, 0x60, 0x60, 0x60, 0x60, 0x60, 0x60, 0x60, 0x60, 0x60, 0x60, 0x60,
	0x60, 0x60, 0x60, 0x60, 0x60, 0x60, 0x60, 0x60, 0x60, 0x60, 0x60, 0x60, 0x60, 0x60, 0x60, 0x60,
	0x60, 0x60, 0x60, 0x60, 0x60, 0x60, 0x60, 0x60, 0x60, 0x60, 0x60, 0x60, 0x60, 0x60, 0x60, 0x60,
	0x60, 0x60, 0x60, 0x60, 0x60, 0x60, 0x60, 0x60, 0x60, 0x60, 0x60, 0x60, 0x60, 0x60, 0x60, 0x60,
	0x60, 0x60, 0x60, 0x60, 0x60, 0x60, 0x60, 0x60, 0x60, 0x60, 0x60, 0x60, 0x60, 0x60, 0x60, 0x60,
	0x60, 0x60, 0x60, 0x60, 0x60, 0x60, 0x60, 0x60, 0x60, 0x60, 0x60, 0x60, 0x60, 0x60, 0x60, 0x60,
	0x60, 0x60, 0x60, 0x60, 0x60, 0x60, 0x60, 0x60, 0x60, 0x60, 0x60, 0x60, 0x60, 0x60, 0x60, 0x60,
	0x60, 0x60, 0x60, 0x60, 0x60, 0x60, 0x60, 0x60, 0x60, 0x60, 0x60, 0x60, 0x60, 0x60, 0x60, 0x60,
	0x60, 0x60, 0x60, 0x60, 0x60, 0x60, 0x60, 0x60, 0x60, 0x60, 0x60, 0x60, 0x60, 0x60, 0x60, 0x60,
	0x60, 0x60, 0x60, 0x60, 0x60, 0x60, 0x60, 0x60, 0x60, 0x60, 0x60, 0x60, 0x60, 0x60, 0x60, 0x60,
	0x60, 0x60, 0x60, 0x60, 0x60, 0x60, 0x60, 0x60, 0x60, 0x60, 0x60, 0x60, 0x60, 0x60, 0x60, 0x60,
	0x60, 0x60, 0x60, 0x60, 0x60, 0x60, 0x60, 0x60, 0x60, 0x60, 0x60, 0x60, 0x60, 0x60, 0x60, 0x60,
	0x60, 0x60, 0x60, 0x60, 0x60, 0x60, 0x60, 0x60, 0x60, 0x60, 0x60, 0x60, 0x60, 0x60, 0x60, 0x60,
	0x60, 0x60, 0x60, 0x60, 0x60, 0x60, 0x60, 0x60, 0x60, 0x60, 0x60, 0x60, 0x60, 0x60, 0x60, 0x60,
	0x60, 0x60, 0x60, 0x60, 0x60, 0x60, 0x60, 0x60, 0x60, 0x60, 0x60, 0x60, 0x60, 0x60, 0x60, 0x60,
	0x60, 0x60, 0x60, 0x60, 0x60, 0x60, 0x60, 0x60, 0x60, 0x60, 0x60, 0x60, 0x60, 0x60, 0x60, 0x60,
	0x60, 0x60, 0x60, 0x60, 0x60, 0x60, 0x60, 0x60, 0x60, 0x60, 0x60, 0x60, 0x60, 0x60, 0x60, 0x60,
	0x60, 0x60, 0x60, 0x60, 0x60, 0x60, 0x60, 0x60, 0x60, 0x60, 0x60, 0x60, 0x60, 0x60, 0x60, 0x60,
	0x60, 0x60, 0x60, 0x60, 0x60, 0x60, 0x60, 0x60, 0x60, 0x60, 0x60, 0x60, 0x60, 0x58, 0x30, 0x30,
	0x50, 0x50, 0x50, 0x50, 0x50, 0x50, 0x50, 0x50, 0x50, 0x50, 0x50, 0x50, 0x50, 0x50, 0x50, 0x50,
	0x50, 0x50, 0x50, 0x50, 0x50, 0x50, 0x50, 0x50, 0x50, 0x50, 0x50, 0x50, 0x50, 0x50, 0x50, 0x50,
	0x30, 0x30, 0x30, 0x30, 0x30, 0x30, 0x30, 0x30, 0x30, 0x30, 0x30, 0x30, 0x30, 0x30, 0x30, 0x30,
	0x30, 0x30, 0x30, 0x30, 0x30, 0x30, 0x30, 0x30, 0x30, 0x30, 0x30, 0x30, 0x30, 0x30, 0x30, 0x30,
	0x30, 0x30, 0x30, 0x30, 0x30, 0x30, 0x30, 0x30, 0x30, 0x30, 0x30, 0x30, 0x30, 0x30, 0x30, 0x30,
	0x30, 0x30, 0x30, 0x30, 0x30, 0x30, 0x30, 0x30, 0x30, 0x30, 0x30, 0x30, 0x30, 0x30, 0x30, 0x30,
	0x30, 0x30, 0x30, 0x30, 0x30, 0x30, 0x30, 0x30, 0x30, 0x30, 0x30, 0x30, 0x30, 0x30, 0x30, 0x30,
	0x30, 0x30, 0x30, 0x30, 0x30, 0x30, 0x30, 0x30, 0x30, 0x30, 0x30, 0x30, 0x30, 0x30, 0x30, 0x30,
	0x30, 0x30, 0x30, 0x30, 0x30, 0x30, 0x30, 0x30, 0x30, 0x30, 0x30, 0x30, 0x30, 0x30, 0x30, 0x30,
	0x30, 0x30, 0x30, 0x30, 0x30, 0x30, 0x30, 0x30, 0x30, 0x30, 0x30, 0x30, 0x30, 0x30, 0x30, 0x30,
	0x30, 0x30, 0x30, 0x30, 0x30, 0x30, 0x30, 0x30, 0x30, 0x30, 0x30, 0x30, 0x30, 0x30, 0x30, 0x30,
	0x30, 0x30, 0x30, 0x30, 0x30, 0x30, 0x30, 0x30, 0x30, 0x30, 0x30, 0x30, 0x30, 0x30, 0x30, 0x30,
	0x30, 0x30, 0x30, 0x30, 0x30, 0x30, 0x30, 0x30, 0x30, 0x30, 0x30, 0x30, 0x30, 0x30, 0x30, 0x30,
	0x30, 0x30, 0x30, 0x30, 0x30, 0x30, 0x30, 0x30, 0x30, 0x30, 0x30, 0x30, 0x30, 0x30, 0x30, 0x30,
	0x30, 0x30, 0x30, 0x30, 0x30, 0x30, 0x30, 0x30, 0x30, 0x30, 0x30, 0x30, 0x30, 0x30, 0x30, 0x30,
	0x30, 0x30, 0x30, 0x30, 0x30, 0x30, 0x30, 0x30, 0x30, 0x30, 0x30, 0x30, 0x30, 0x30, 0x30, 0x30,
	0x30, 0x30, 0x30, 0x30, 0x30, 0x30, 0x30, 0x30, 0x30, 0x30, 0x30, 0x30, 0x30, 0x30, 0x30, 0x30,
	0x30, 0x30, 0x30, 0x30, 0x30, 0x30, 0x30, 0x30, 0x30, 0x30, 0x30, 0x30, 0x30, 0x30, 0x30, 0x30,
	0x30, 0x30, 0x30, 0x30, 0x30, 0x30, 0x30, 0x30, 0x30, 0x30, 0x30, 0x30, 0x30, 0x30, 0x30, 0x30,
	0x30, 0x30, 0x30, 0x30, 0x30, 0x30, 0x30, 0x30, 0x30, 0x30, 0x30, 0x30, 0x30, 0x30, 0x30, 0x30,
	0x30, 0x30, 0x30, 0x30, 0x30, 0x30, 0x30, 0x30, 0x30, 0x30, 0x30, 0x30, 0x30, 0x30, 0x30, 0x30,
	0x30, 0x30, 0x30, 0x30, 0x30, 0x30, 0x30, 0x30, 0x30, 0x30, 0x30, 0x30, 0x30, 0x30, 0x30, 0x30,
	0x80, 0x80, 0xc0, 0x100, 0xc0, 0xc0, 0xc0, 0xc0, 0xc0, 0xc0, 0xc0, 0xc0, 0xc0, 0xc0, 0xc0, 0xc0,
	0xc0, 0xc0, 0xc0, 0xc0, 0xc0, 0xc0, 0xc0, 0xc0, 0xc0, 0xc0, 0xc0, 0xc0, 0xc0, 0xc0, 0xc0, 0xc0
};

static constexpr uint32_t s_coll_cyTrieData[420] = {
	0xcb, 0x0, 0x0, 0x0, 0x0, 0x0, 0x0, 0x0,
	0x0, 0x3040505, 0x3060505, 0x3080505, 0x30a0505, 0x30c0505, 0x0, 0x0,
	0x0, 0x0, 0x0, 0x0, 0x0, 0x0, 0x0, 0x0,
	0x0, 0x0, 0x0, 0x0, 0x0, 0x0, 0x0, 0x0,
	0x4000505, 0x75a0505, 0x9760505, 0xa940505, 0xda90505, 0xa960505, 0xa8e0505, 0x9700505,
	0x97c0505, 0x97e0505, 0xa7e0505, 0xc7b0505, 0x6000505, 0x50e0505, 0x8000505, 0xa880505,
	0x2800ca, 0x2821ca, 0x2842ca, 0x2863ca, 0x2884ca, 0x28a5ca, 0x28c6ca, 0x28e7ca,
	0x2908ca, 0x2929ca, 0x7360505, 0x72a0505, 0xc850505, 0xc870505, 0xc890505, 0x7640505,
	0xa7c0505, 0x2b00059c, 0x2d00059c, 0xc9, 0x760c9, 0x3300059c, 0xdc0c9, 0x3700059c,
	0x3900059c, 0x3b00059c, 0x3d00059c, 0x3f00059c, 0xfa0c9, 0x4300059c, 0x1700c9, 0x4700059c,
	0x1e20c9, 0x4b00059c, 0x25e0c9, 0x4f00059c, 0x2da0c9, 0x5300059c, 0x5500059c, 0x570005a0,
	0x5900059c, 0x5b00059c, 0x5d00059c, 0x9800505, 0xa8a0505, 0x9820505, 0xc0a0505, 0x50a0505,
	0xc040505, 0x2b000505, 0x2d000505, 0x3560c9, 0x3960c9, 0x33000505, 0x3ca0c9, 0x37000505,
	0x39000505, 0x3b000505, 0x3d000505, 0x3f000505, 0x3dc0c9, 0x43000505, 0x4180c9, 0x47000505,
	0x4520c9, 0x4b000505, 0x4940c9, 0x4f000505, 0x4d60c9, 0x53000505, 0x55000505, 0x57000505,
	0x59000505, 0x5b000505, 0x5d000505, 0x9840505, 0xc8d0505, 0x9860505, 0xc910505, 0x0,
	0xfffd0505, 0xfffd0505, 0xfffd0505, 0xfffd0505, 0xfffd0505, 0xfffd0505, 0xfffd0505, 0xfffd0505,
	0xfffd0505, 0xfffd0505, 0xfffd0505, 0xfffd0505, 0xfffd0505, 0xfffd0505, 0xfffd0505, 0xfffd0505,
	0xfffd0505, 0xfffd0505, 0xfffd0505, 0xfffd0505, 0xfffd0505, 0xfffd0505, 0xfffd0505, 0xfffd0505,
	0xfffd0505, 0xfffd0505, 0xfffd0505, 0xfffd0505, 0xfffd0505, 0xfffd0505, 0xfffd0505, 0xfffd0505,
	0xfffd0505, 0xfffd0505, 0xfffd0505, 0xfffd0505, 0xfffd0505, 0xfffd0505, 0xfffd0505, 0xfffd0505,
	0xfffd0505, 0xfffd0505, 0xfffd0505, 0xfffd0505, 0xfffd0505, 0xfffd0505, 0xfffd0505, 0xfffd0505,
	0xfffd0505, 0xfffd0505, 0xfffd0505, 0xfffd0505, 0xfffd0505, 0xfffd0505, 0xfffd0505, 0xfffd0505,
	0xfffd0505, 0xfffd0505, 0xfffd0505, 0xfffd0505, 0xfffd0505, 0xfffd0505, 0xfffd0505, 0xfffd0505,
	0xc0, 0xc0, 0xc0, 0xc0, 0xc0, 0xc0, 0xc0, 0xc0,
	0xc0, 0xc0, 0xc0, 0xc0, 0xc0, 0xc0, 0xc0, 0xc0,
	0xc0, 0xc0, 0xc0, 0xc0, 0xc0, 0xc0, 0xc0, 0xc0,
	0xc0, 0xc0, 0xc0, 0xc0, 0xc0, 0xc0, 0xc0, 0xc0,
	0xc0, 0xc0, 0xc0, 0xc0, 0xc0, 0xc0, 0xc0, 0xc0,
	0xc0, 0xc0, 0xc0, 0xc0, 0xc0, 0xc0, 0xc0, 0xc0,
	0xc0, 0xc0, 0xc0, 0xc0, 0xc0, 0xc0, 0xc0, 0xc0,
	0xc0, 0xc0, 0xc0, 0xc0, 0xc0, 0xc0, 0xc0, 0xc0,
	0x2b9c8ac4, 0x2b9c88c4, 0x2b9c8ec4, 0x2b9c9ac4, 0x2b9c96c4, 0x2b9c92c4, 0x2742c5, 0x2f9ca0c4,
	0x339c8ac4, 0x339c88c4, 0x339c8ec4, 0x339c96c4, 0x3b9c8ac4, 0x3b9c88c4, 0x3b9c8ec4, 0x3b9c96c4,
	0x310070a0, 0x459c9ac4, 0x479c8ac4, 0x479c88c4, 0x479c8ec4, 0x479c9ac4, 0x479c96c4, 0xc830505,
	0x479c9ec4, 0x539c8ac4, 0x539c88c4, 0x539c8ec4, 0x539c96c4, 0x5b9c88c4, 0x5e2805a0, 0x2782c5,
	0x2b058ac4, 0x2b0588c4, 0x2b058ec4, 0x2b059ac4, 0x2b0596c4, 0x2b0592c4, 0x27c2c5, 0x2f05a0c4,
	0x33058ac4, 0x330588c4, 0x33058ec4, 0x330596c4, 0x3b058ac4, 0x3b0588c4, 0x3b058ec4, 0x3b0596c4,
	0x31007005, 0x45059ac4, 0x47058ac4, 0x470588c4, 0x47058ec4, 0x47059ac4, 0x470596c4, 0xc810505,
	0x47059ec4, 0x53058ac4, 0x530588c4, 0x53058ec4, 0x530596c4, 0x5b0588c4, 0x5e280505, 0x5b0596c4,
	0x1cd, 0x1cd, 0x1cd, 0x1cd, 0x1cd, 0x1cd, 0x1cd, 0x1cd,
	0x1cd, 0x1cd, 0x1cd, 0x1cd, 0x1cd, 0x1cd, 0x1cd, 0x1cd,
	0x1cd, 0x1cd, 0x1cd, 0x1cd, 0x1cd, 0x1cd, 0x1cd, 0x1cd,
	0x1cd, 0x1cd, 0x1cd, 0x1cd, 0x1cd, 0x1cd, 0x1cd, 0x1cd,
	0x1cc, 0x1cc, 0x1cc, 0x1cc, 0xc0, 0xc0, 0xc0, 0xc0,
	0xc0, 0xc0, 0xc0, 0xc0, 0xc0, 0xc0, 0xc0, 0xc0,
	0xc0, 0xc0, 0xc0, 0xc0, 0xc0, 0xc0, 0xc0, 0xc0,
	0xc0, 0xc0, 0xc0, 0xc0, 0xc0, 0xc0, 0xc0, 0xc0,
	0x1cc, 0x1cc, 0x1cc, 0x1cc, 0x1cc, 0x1cc, 0x1cc, 0x1cc,
	0x1cc, 0x1cc, 0x1cc, 0x1cc, 0x1cc, 0x1cc, 0x1cc, 0x1cc,
	0x1cc, 0x1cc, 0x1cc, 0x1cc, 0x1cc, 0x1cc, 0x1cc, 0x1cc,
	0x1cc, 0x1cc, 0x1cc, 0x1cc, 0x1cc, 0x1cc, 0x1cc, 0x1cc,
	0xc0, 0xc0, 0xc0, 0xc0
};

static constexpr int32_t s_coll_cyTrieIndexLength = 2112;
static constexpr int32_t s_coll_cyTrieDataLength = 420;
static constexpr char32_t s_coll_cyTrieHighStart = 0xe000;
static constexpr int32_t s_coll_cyTrieHighValueIndex = 416;

static constexpr uint32_t s_coll_cyCe32s[330] = {
	0x0, 0x30020587, 0x8e05, 0x30020546, 0x8e05, 0x30020587, 0x9005, 0x30020546,
	0x9005, 0x30020587, 0x9c05, 0x30020546, 0x9c05, 0x30020587, 0xc405, 0x30020546,
	0xc405, 0x30020587, 0x9605, 0x30020546, 0x9605, 0x30020587, 0xa005, 0x30020546,
	0xa005, 0x30020587, 0xce05, 0x30020546, 0xce05, 0x30020546, 0xd205, 0x32020587,
	0x9005, 0x32020546, 0x9005, 0x32020587, 0x9c05, 0x32020546, 0x9c05, 0x32020587,
	0xc405, 0x32020546, 0xc405, 0x32020587, 0xd205, 0x32020546, 0xd205, 0x32020587,
	0xa005, 0x32020546, 0xa005, 0x32020587, 0xcc05, 0x32020546, 0xcc05, 0x36020587,
	0x9c05, 0x36020546, 0x9c05, 0x42020587, 0x8805, 0x42020546, 0x8805, 0x42020587,
	0xa005, 0x42020546, 0xa005, 0x42020587, 0x9005, 0x42020546, 0x9005, 0x42020587,
	0xc405, 0x42020546, 0xc405, 0x42020587, 0xc405, 0xa405, 0x42020546, 0xc405,
	0xa405, 0x42020587, 0xd205, 0x42020546, 0xd205, 0x42020587, 0xcc05, 0x42020546,
	0xcc05, 0x38020587, 0x8e05, 0x38020546, 0x8e05, 0x38020587, 0x8c05, 0x38020546,
	0x8c05, 0x38020587, 0x9c05, 0x38020546, 0x9c05, 0x38020587, 0xa005, 0x38020546,
	0xa005, 0x38020587, 0x9005, 0x38020546, 0x9005, 0x38020587, 0x8805, 0x38020546,
	0x8805, 0x38020587, 0xa405, 0x38020546, 0xa405, 0x4a020587, 0x8e05, 0x4a020546,
	0x8e05, 0x4a020587, 0x9005, 0x4a020546, 0x9005, 0x4a020587, 0x9c05, 0x4a020546,
	0x9c05, 0x4a020587, 0xc405, 0x4a020546, 0xc405, 0x4a020587, 0x9605, 0x4a020546,
	0x9605, 0x4a020587, 0xa005, 0x4a020546, 0xa005, 0x4a020587, 0xce05, 0x4a020546,
	0xce05, 0x4a020546, 0xd205, 0x4e020587, 0x8e05, 0x4e020546, 0x8e05, 0x4e020587,
	0x9005, 0x4e020546, 0x9005, 0x4e020587, 0x9c05, 0x4e020546, 0x9c05, 0x4e020587,
	0xc405, 0x4e020546, 0xc405, 0x4e020587, 0x9605, 0x4e020546, 0x9605, 0x4e020587,
	0xa005, 0x4e020546, 0xa005, 0x4e020587, 0xce05, 0x4e020546, 0xce05, 0x4e020546,
	0xd205, 0x52020587, 0x8e05, 0x52020546, 0x8e05, 0x52020587, 0x9005, 0x52020546,
	0x9005, 0x52020587, 0x9c05, 0x52020546, 0x9c05, 0x52020587, 0xc405, 0x52020546,
	0xc405, 0x52020587, 0x9605, 0x52020546, 0x9605, 0x52020587, 0xa005, 0x52020546,
	0xa005, 0x52020587, 0xce05, 0x52020546, 0xce05, 0x52020546, 0xd205, 0x30020505,
	0x8e05, 0x30020505, 0x9005, 0x30020505, 0x9c05, 0x30020505, 0xc405, 0x30020505,
	0x9605, 0x30020505, 0xa005, 0x30020505, 0xce05, 0x30020505, 0xd205, 0x32020505,
	0x9005, 0x32020505, 0x9c05, 0x32020505, 0xc405, 0x32020505, 0xd205, 0x32020505,
	0xa005, 0x32020505, 0xcc05, 0x36020505, 0x9c05, 0x42020505, 0x8805, 0x42020505,
	0xa005, 0x42020505, 0x9005, 0x42020505, 0xc405, 0x42020505, 0xc405, 0xa405,
	0x42020505, 0xd205, 0x42020505, 0xcc05, 0x38020505, 0x8e05, 0x38020505, 0x8c05,
	0x38020505, 0x9c05, 0x38020505, 0xa005, 0x38020505, 0x9005, 0x38020505, 0x8805,
	0x38020505, 0xa405, 0x4a020505, 0x8e05, 0x4a020505, 0x9005, 0x4a020505, 0x9c05,
	0x4a020505, 0xc405, 0x4a020505, 0x9605, 0x4a020505, 0xa005, 0x4a020505, 0xce05,
	0x4a020505, 0xd205, 0x4e020505, 0x8e05, 0x4e020505, 0x9005, 0x4e020505, 0x9c05,
	0x4e020505, 0xc405, 0x4e020505, 0x9605, 0x4e020505, 0xa005, 0x4e020505, 0xce05,
	0x4e020505, 0xd205, 0x52020505, 0x8e05, 0x52020505, 0x9005, 0x52020505, 0x9c05,
	0x52020505, 0xc405, 0x52020505, 0x9605, 0x52020505, 0xa005, 0x52020505, 0xce05,
	0x52020505, 0xd205, 0x2b0070a0, 0x330005a2, 0x4f007005, 0x4f000513, 0x2b007005, 0x33000513,
	0x12000505, 0x14000505, 0x16000505, 0x18000505, 0x1a000505, 0x1c000505, 0x1e000505, 0x20000505,
	0x22000505, 0x24000505
};

static constexpr char16_t s_coll_cyContexts[652] = {
	0x2f00, 0x59c, 0x10, 0x1e24, 0x1d, 0x1e28, 0xf, 0x1e28, 0xc002, 0xa2c5, 0x1e29, 0xc002,
	0xe2c5, 0x1e2a, 0xc003, 0x22c5, 0x1e2b, 0xc003, 0x62c5, 0x1e96, 0xc003, 0xa2c5, 0x1e24, 0xc001,
	0xa2c5, 0x1e25, 0xc001, 0xe2c5, 0x1e26, 0xc002, 0x22c5, 0x1e27, 0xc002, 0x62c5, 0x21e, 0xc,
	0x21e, 0xc000, 0xa2c5, 0x21f, 0xc000, 0xe2c5, 0x1e22, 0xc001, 0x22c5, 0x1e23, 0xc001, 0x62c5,
	0x48, 0xf002, 0x587, 0x68, 0xf002, 0x546, 0x124, 0xa2c5, 0x125, 0xc000, 0x62c5, 0x3100,
	0x59c, 0xd, 0x1e0d, 0x17, 0x1e10, 0xc, 0x1e10, 0xc005, 0xe2c5, 0x1e11, 0xc006, 0x22c5,
	0x1e12, 0xc006, 0x62c5, 0x1e13, 0xc006, 0xa2c5, 0x1e0d, 0xc005, 0x22c5, 0x1e0e, 0xc005, 0x62c5,
	0x1e0f, 0xc005, 0xa2c5, 0x10f, 0xc, 0x10f, 0xc004, 0x22c5, 0x1e0a, 0xc004, 0x62c5, 0x1e0b,
	0xc004, 0xa2c5, 0x1e0c, 0xc004, 0xe2c5, 0x44, 0xf202, 0x587, 0x64, 0xf202, 0x546, 0x10e,
	0xc003, 0xe2c5, 0x3500, 0x59c, 0x3, 0x46, 0xf602, 0x587, 0x66, 0xf602, 0x546, 0x1e1e,
	0xc006, 0xe2c5, 0x1e1f, 0xc007, 0x22c5, 0x4100, 0x59c, 0xf, 0x1e36, 0x1a, 0x1e3a, 0xc,
	0x1e3a, 0xc00a, 0x22c5, 0x1e3b, 0xc00a, 0x62c5, 0x1e3c, 0xc00a, 0xa2c5, 0x1e3d, 0xc00a, 0xe2c5,
	0x1e36, 0xc008, 0xe2c5, 0x1e37, 0xc009, 0x22c5, 0x1e38, 0xc009, 0x63c5, 0x1e39, 0xc009, 0xc3c5,
	0x13b, 0xc, 0x13b, 0xc007, 0xe2c5, 0x13c, 0xc008, 0x22c5, 0x13d, 0xc008, 0x62c5, 0x13e,
	0xc008, 0xa2c5, 0x4c, 0xffff, 0x4202, 0x587, 0x6c, 0xffff, 0x4202, 0x546, 0x139, 0xc007,
	0x62c5, 0x13a, 0xc007, 0xa2c5, 0x4500, 0x59c, 0xf, 0x122, 0x1a, 0x1f4, 0xc, 0x1f4,
	0xc00d, 0xa2c5, 0x1f5, 0xc00d, 0xe2c5, 0x1e20, 0xc00e, 0x22c5, 0x1e21, 0xc00e, 0x62c5, 0x122,
	0xc00c, 0xa2c5, 0x123, 0xc00c, 0xe2c5, 0x1e6, 0xc00d, 0x22c5, 0x1e7, 0xc00d, 0x62c5, 0x11e,
	0xc, 0x11e, 0xc00b, 0xa2c5, 0x11f, 0xc00b, 0xe2c5, 0x120, 0xc00c, 0x22c5, 0x121, 0xc00c,
	0x62c5, 0x47, 0xf802, 0x587, 0x67, 0xf802, 0x546, 0x11c, 0xc00b, 0x22c5, 0x11d, 0xc00b,
	0x62c5, 0x4900, 0x59c, 0x10, 0x1e24, 0x1d, 0x1e28, 0xf, 0x1e28, 0xc011, 0x22c5, 0x1e29,
	0xc011, 0x62c5, 0x1e2a, 0xc011, 0xa2c5, 0x1e2b, 0xc011, 0xe2c5, 0x1e96, 0xc012, 0x22c5, 0x1e24,
	0xc010, 0x22c5, 0x1e25, 0xc010, 0x62c5, 0x1e26, 0xc010, 0xa2c5, 0x1e27, 0xc010, 0xe2c5, 0x21e,
	0xc, 0x21e, 0xc00f, 0x22c5, 0x21f, 0xc00f, 0x62c5, 0x1e22, 0xc00f, 0xa2c5, 0x1e23, 0xc00f,
	0xe2c5, 0x48, 0xffff, 0x4a02, 0x587, 0x68, 0xffff, 0x4a02, 0x546, 0x124, 0xc00e, 0xa2c5,
	0x125, 0xc00e, 0xe2c5, 0x4d00, 0x59c, 0x10, 0x1e24, 0x1d, 0x1e28, 0xf, 0x1e28, 0xc014,
	0xe2c5, 0x1e29, 0xc015, 0x22c5, 0x1e2a, 0xc015, 0x62c5, 0x1e2b, 0xc015, 0xa2c5, 0x1e96, 0xc015,
	0xe2c5, 0x1e24, 0xc013, 0xe2c5, 0x1e25, 0xc014, 0x22c5, 0x1e26, 0xc014, 0x62c5, 0x1e27, 0xc014,
	0xa2c5, 0x21e, 0xc, 0x21e, 0xc012, 0xe2c5, 0x21f, 0xc013, 0x22c5, 0x1e22, 0xc013, 0x62c5,
	0x1e23, 0xc013, 0xa2c5, 0x48, 0xffff, 0x4e02, 0x587, 0x68, 0xffff, 0x4e02, 0x546, 0x124,
	0xc012, 0x62c5, 0x125, 0xc012, 0xa2c5, 0x5100, 0x59c, 0x10, 0x1e24, 0x1d, 0x1e28, 0xf,
	0x1e28, 0xc018, 0xa2c5, 0x1e29, 0xc018, 0xe2c5, 0x1e2a, 0xc019, 0x22c5, 0x1e2b, 0xc019, 0x62c5,
	0x1e96, 0xc019, 0xa2c5, 0x1e24, 0xc017, 0xa2c5, 0x1e25, 0xc017, 0xe2c5, 0x1e26, 0xc018, 0x22c5,
	0x1e27, 0xc018, 0x62c5, 0x21e, 0xc, 0x21e, 0xc016, 0xa2c5, 0x21f, 0xc016, 0xe2c5, 0x1e22,
	0xc017, 0x22c5, 0x1e23, 0xc017, 0x62c5, 0x48, 0xffff, 0x5202, 0x587, 0x68, 0xffff, 0x5202,
	0x546, 0x124, 0xc016, 0x22c5, 0x125, 0xc016, 0x62c5, 0x2f00, 0x505, 0x8, 0x1e25, 0xf,
	0x1e25, 0xc01a, 0xa2c5, 0x1e27, 0xc01a, 0xe2c5, 0x1e29, 0xc01b, 0x22c5, 0x1e2b, 0xc01b, 0x62c5,
	0x1e96, 0xc01b, 0xa2c5, 0x68, 0xf002, 0x505, 0x125, 0xc019, 0xe2c5, 0x21f, 0xc01a, 0x22c5,
	0x1e23, 0xc01a, 0x62c5, 0x3100, 0x505, 0x6, 0x1e0d, 0xc, 0x1e0d, 0xc01c, 0x62c5, 0x1e0f,
	0xc01c, 0xa2c5, 0x1e11, 0xc01c, 0xe2c5, 0x1e13, 0xc01d, 0x22c5, 0x64, 0xf202, 0x505, 0x10f,
	0xc01b, 0xe2c5, 0x1e0b, 0xc01c, 0x22c5, 0x3500, 0x505, 0x1, 0x66, 0xf602, 0x505, 0x1e1f,
	0xc01d, 0x62c5, 0x4100, 0x505, 0x7, 0x1e37, 0xc, 0x1e37, 0xc01e, 0x62c5, 0x1e39, 0xc01e,
	0xa3c5, 0x1e3b, 0xc01f, 0x2c5, 0x1e3d, 0xc01f, 0x42c5, 0x6c, 0xffff, 0x4202, 0x505, 0x13a,
	0xc01d, 0xa2c5, 0x13c, 0xc01d, 0xe2c5, 0x13e, 0xc01e, 0x22c5, 0x4500, 0x505, 0x7, 0x123,
	0xc, 0x123, 0xc020, 0x42c5, 0x1e7, 0xc020, 0x82c5, 0x1f5, 0xc020, 0xc2c5, 0x1e21, 0xc021,
	0x2c5, 0x67, 0xf802, 0x505, 0x11d, 0xc01f, 0x82c5, 0x11f, 0xc01f, 0xc2c5, 0x121, 0xc020,
	0x2c5, 0x4900, 0x505, 0x8, 0x1e25, 0xf, 0x1e25, 0xc022, 0x2c5, 0x1e27, 0xc022, 0x42c5,
	0x1e29, 0xc022, 0x82c5, 0x1e2b, 0xc022, 0xc2c5, 0x1e96, 0xc023, 0x2c5, 0x68, 0xffff, 0x4a02,
	0x505, 0x125, 0xc021, 0x42c5, 0x21f, 0xc021, 0x82c5, 0x1e23, 0xc021, 0xc2c5, 0x4d00, 0x505,
	0x8, 0x1e25, 0xf, 0x1e25, 0xc024, 0x2c5, 0x1e27, 0xc024, 0x42c5, 0x1e29, 0xc024, 0x82c5,
	0x1e2b, 0xc024, 0xc2c5, 0x1e96, 0xc025, 0x2c5, 0x68, 0xffff, 0x4e02, 0x505, 0x125, 0xc023,
	0x42c5, 0x21f, 0xc023, 0x82c5, 0x1e23, 0xc023, 0xc2c5, 0x5100, 0x505, 0x8, 0x1e25, 0xf,
	0x1e25, 0xc026, 0x2c5, 0x1e27, 0xc026, 0x42c5, 0x1e29, 0xc026, 0x82c5, 0x1e2b, 0xc026, 0xc2c5,
	0x1e96, 0xc027, 0x2c5, 0x68, 0xffff, 0x5202, 0x505, 0x125, 0xc025, 0x42c5, 0x21f, 0xc025,
	0x82c5, 0x1e23, 0xc025, 0xc2c5
};

static constexpr uint16_t s_coll_cyFastLatin[632] = {
	0x205, 0xc40, 0xde0, 0xe80, 0xea8, 0x418, 0x0, 0x0, 0x0, 0x0, 0x0, 0x0,
	0x0, 0x0, 0xc00, 0xc08, 0xc10, 0xc18, 0xc20, 0x0, 0x0, 0x0, 0x0, 0x0,
	0x0, 0x0, 0x0, 0x0, 0x0, 0x0, 0x0, 0x0, 0x0, 0x0, 0x0, 0x0,
	0x0, 0xc40, 0xca8, 0xcf0, 0xd78, 0xe98, 0xd80, 0xd70, 0xcd8, 0xd08, 0xd10, 0xd58,
	0xe30, 0xc90, 0xc60, 0xcd0, 0xd60, 0x10a8, 0x14a8, 0x18a8, 0x1ca8, 0x20a8, 0x24a8, 0x28a8,
	0x2ca8, 0x30a8, 0x34a8, 0xca0, 0xc98, 0xe50, 0xe58, 0xe60, 0xcb8, 0xd50, 0x38b9, 0x3cb9,
	0x41a, 0x424, 0x50ba, 0x42e, 0x5cb9, 0x64b9, 0x68ba, 0x70ba, 0x74b9, 0x434, 0x80b9, 0x446,
	0x8cb9, 0x45c, 0x98b9, 0x466, 0xa8ba, 0x470, 0xb8b9, 0xbcb9, 0xc0b9, 0xc4b9, 0xc8b9, 0xccb9,
	0xd18, 0xd68, 0xd20, 0xdf8, 0xc50, 0xde8, 0x38a8, 0x3ca8, 0x47a, 0x480, 0x50a8, 0x486,
	0x5ca8, 0x64a8, 0x68a8, 0x70a8, 0x74a8, 0x48a, 0x80a8, 0x494, 0x8ca8, 0x4a0, 0x98a8, 0x4a6,
	0xa8a8, 0x4ac, 0xb8a8, 0xbca8, 0xc0a8, 0xc4a8, 0xc8a8, 0xcca8, 0xd28, 0xe70, 0xd30, 0xe80,
	0x0, 0x0, 0x0, 0x0, 0x0, 0x0, 0xc28, 0x0, 0x0, 0x0, 0x0, 0x0,
	0x0, 0x0, 0x0, 0x0, 0x0, 0x0, 0x0, 0x0, 0x0, 0x0, 0x0, 0x0,
	0x0, 0x0, 0x0, 0x0, 0x0, 0x0, 0x0, 0x0, 0x0, 0xc42, 0xcb0, 0xe90,
	0xea0, 0xe88, 0xea8, 0xe78, 0xd40, 0xe08, 0xe20, 0x38aa, 0xcf8, 0xe68, 0x0, 0xe28,
	0xe00, 0xe18, 0xe38, 0x18a9, 0x1ca9, 0xdf0, 0x1, 0xd48, 0x1, 0xe10, 0x14a9, 0x8caa,
	0xd00, 0x1, 0x1, 0x1, 0xcc0, 0x39b9, 0x3999, 0x39f9, 0x3a99, 0x3a59, 0x3a39, 0x800,
	0x42f9, 0x51ba, 0x519a, 0x51fa, 0x525a, 0x69ba, 0x699a, 0x69fa, 0x6a5a, 0x48d9, 0x869a, 0x8db9,
	0x8d99, 0x8df9, 0x8e99, 0x8e59, 0xe48, 0x8ed9, 0xb9b9, 0xb999, 0xb9f9, 0xba59, 0xc999, 0xd0b9,
	0x802, 0x39a8, 0x3988, 0x39e8, 0x3a88, 0x3a48, 0x3a28, 0x804, 0x42e8, 0x51a8, 0x5188, 0x51e8,
	0x5248, 0x69a8, 0x6988, 0x69e8, 0x6a48, 0x48c8, 0x8688, 0x8da8, 0x8d88, 0x8de8, 0x8e88, 0x8e48,
	0xe40, 0x8ec8, 0xb9a8, 0xb988, 0xb9e8, 0xba48, 0xc988, 0xd0a8, 0xca48, 0x3b39, 0x3b28, 0x39d9,
	0x39c8, 0x3b19, 0x3b08, 0x4199, 0x4188, 0x41f9, 0x41e8, 0x42b9, 0x42a8, 0x4219, 0x4208, 0x4a19,
	0x4a08, 0x4b59, 0x4b48, 0x533a, 0x5328, 0x51da, 0x51c8, 0x52ba, 0x52a8, 0x531a, 0x5308, 0x521a,
	0x5208, 0x5df9, 0x5de8, 0x5dd9, 0x5dc8, 0x5eb9, 0x5ea8, 0x5ef9, 0x5ee8, 0x65f9, 0x65e8, 0x6759,
	0x6748, 0x6a9a, 0x6a88, 0x6b3a, 0x6b28, 0x69da, 0x69c8, 0x6b1a, 0x6b08, 0x6aba, 0x6ca8, 0x806,
	0x808, 0x71fa, 0x71e8, 0x76f9, 0x76e8, 0x9ca8, 0x7999, 0x7988, 0x7af9, 0x7ae8, 0x7a19, 0x7a08,
	0x7b79, 0x7b68, 0x7b59, 0x7b48, 0x859a, 0x8588, 0x86fa, 0x86e8, 0x861a, 0x8608, 0x80a, 0x88b9,
	0x88a8, 0x8f39, 0x8f28, 0x8dd9, 0x8dc8, 0x8e79, 0x8e68, 0x80c, 0x80e, 0xa199, 0xa188, 0xa2f9,
	0xa2e8, 0xa219, 0xa208, 0xa99a, 0xa988, 0xa9fa, 0xa9e8, 0xaafa, 0xaae8, 0xaa1a, 0xaa08, 0xaef9,
	0xaee8, 0xae19, 0xae08, 0xb4b9, 0xb4a8, 0xba99, 0xba88, 0xbb39, 0xbb28, 0xb9d9, 0xb9c8, 0xba39,
	0xba28, 0xba79, 0xba68, 0xbb19, 0xbb08, 0xc1f9, 0xc1e8, 0xc9f9, 0xc9e8, 0xca59, 0xcd99, 0xcd88,
	0xceb9, 0xcea8, 0xce19, 0xce08, 0xa8e8, 0xc41, 0xc41, 0xc41, 0xc41, 0xc41, 0xc41, 0xc41,
	0xc42, 0xc41, 0xc41, 0xc41, 0x0, 0x0, 0x0, 0x0, 0x0, 0xc68, 0xc69, 0xc70,
	0xc78, 0xc80, 0xc88, 0xd38, 0xc58, 0x1, 0x1, 0x1, 0x1, 0x1, 0x1, 0x1,
	0x1, 0xd98, 0xda0, 0xda8, 0xdb0, 0xcd1, 0x810, 0x1, 0xdb8, 0xc30, 0xc38, 0x0,
	0x0, 0x0, 0x0, 0x0, 0xc42, 0xd88, 0xd90, 0xdc0, 0x812, 0x1, 0xdc8, 0x814,
	0x1, 0xdd0, 0xce0, 0xce8, 0xdd8, 0x816, 0xcc8, 0xc48, 0xde0, 0x38d9, 0x50bb, 0xa8c8,
	0xa8a9, 0x38c8, 0x50a9, 0x68bb, 0x70bb, 0x68a9, 0x70a9, 0xd4a9, 0x84a9, 0x8cd9, 0x50bb, 0x8cc8,
	0x50a9, 0xcd1, 0xcd1, 0xdc1, 0xdc1, 0xdc9, 0xdc9, 0xca9, 0xca9, 0x5ff, 0x0, 0x5ff,
	0x40b9, 0x448, 0x44ba, 0x468, 0x44b1, 0x524, 0x45fa, 0x525, 0x45f1, 0x5ff, 0x48b9, 0x444,
	0x4cba, 0x464, 0x4cb1, 0x50e, 0x4e1a, 0x50f, 0x4e11, 0x5ff, 0x54b9, 0x446, 0x58ba, 0x466,
	0x58b1, 0x5ff, 0x78b9, 0x44c, 0x7cba, 0x46c, 0x7cb1, 0x539, 0x7d9a, 0x53a, 0x7d91, 0x53b,
	0x7efa, 0x53c, 0x7ef1, 0x53d, 0x7e1a, 0x53e, 0x7e11, 0x5ff, 0x84ba, 0x447, 0x60ba, 0x467,
	0x60b1, 0x51c, 0x61fa, 0x51d, 0x61f1, 0x51e, 0x61da, 0x51f, 0x61d1, 0x520, 0x62ba, 0x521,
	0x62b1, 0x522, 0x62fa, 0x523, 0x62f1, 0x5ff, 0x90b9, 0x448, 0x94ba, 0x468, 0x94b1, 0x524,
	0x95fa, 0x525, 0x95f1, 0x5ff, 0xa0b9, 0x448, 0xa4ba, 0x468, 0xa4b1, 0x524, 0xa5fa, 0x525,
	0xa5f1, 0x5ff, 0xacb9, 0x448, 0xb0ba, 0x468, 0xb0b1, 0x524, 0xb1fa, 0x525, 0xb1f1, 0x5ff,
	0x40a8, 0x468, 0x44a8, 0x525, 0x45e8, 0x5ff, 0x48a8, 0x464, 0x4ca8, 0x50f, 0x4e08, 0x5ff,
	0x54a8, 0x466, 0x58a8, 0x5ff, 0x78a8, 0x46c, 0x7ca8, 0x53a, 0x7d88, 0x53c, 0x7ee8, 0x53e,
	0x7e08, 0x5ff, 0x84a8, 0x467, 0x60a8, 0x51d, 0x61e8, 0x51f, 0x61c8, 0x521, 0x62a8, 0x523,
	0x62e8, 0x5ff, 0x90a8, 0x468, 0x94a8, 0x525, 0x95e8, 0x5ff, 0xa0a8, 0x468, 0xa4a8, 0x525,
	0xa5e8, 0x5ff, 0xaca8, 0x468, 0xb0a8, 0x525, 0xb1e8, 0x1ff
};

static constexpr uint16_t s_coll_cyFastLatinPrimaries[384] = {
	0x0, 0x0, 0x0, 0x0, 0x0, 0x0, 0x0, 0x0, 0x0, 0xc00, 0xc08, 0xc10,
	0xc18, 0xc20, 0x0, 0x0, 0x0, 0x0, 0x0, 0x0, 0x0, 0x0, 0x0, 0x0,
	0x0, 0x0, 0x0, 0x0, 0x0, 0x0, 0x0, 0x0, 0xc40, 0xca8, 0xcf0, 0xd78,
	0xe98, 0xd80, 0xd70, 0xcd8, 0xd08, 0xd10, 0xd58, 0xe30, 0xc90, 0xc60, 0xcd0, 0xd60,
	0x1000, 0x1400, 0x1800, 0x1c00, 0x2000, 0x2400, 0x2800, 0x2c00, 0x3000, 0x3400, 0xca0, 0xc98,
	0xe50, 0xe58, 0xe60, 0xcb8, 0xd50, 0x3800, 0x3c00, 0x0, 0x0, 0x5000, 0x0, 0x5c00,
	0x6400, 0x6800, 0x7000, 0x7400, 0x0, 0x8000, 0x0, 0x8c00, 0x0, 0x9800, 0x0, 0xa800,
	0x0, 0xb800, 0xbc00, 0xc000, 0xc400, 0xc800, 0xcc00, 0xd18, 0xd68, 0xd20, 0xdf8, 0xc50,
	0xde8, 0x3800, 0x3c00, 0x0, 0x0, 0x5000, 0x0, 0x5c00, 0x6400, 0x6800, 0x7000, 0x7400,
	0x0, 0x8000, 0x0, 0x8c00, 0x0, 0x9800, 0x0, 0xa800, 0x0, 0xb800, 0xbc00, 0xc000,
	0xc400, 0xc800, 0xcc00, 0xd28, 0xe70, 0xd30, 0xe80, 0x0, 0x0, 0x0, 0x0, 0x0,
	0x0, 0xc28, 0x0, 0x0, 0x0, 0x0, 0x0, 0x0, 0x0, 0x0, 0x0, 0x0,
	0x0, 0x0, 0x0, 0x0, 0x0, 0x0, 0x0, 0x0, 0x0, 0x0, 0x0, 0x0,
	0x0, 0x0, 0x0, 0x0, 0xc40, 0xcb0, 0xe90, 0xea0, 0xe88, 0xea8, 0xe78, 0xd40,
	0xe08, 0xe20, 0x3800, 0xcf8, 0xe68, 0x0, 0xe28, 0xe00, 0xe18, 0xe38, 0x1800, 0x1c00,
	0xdf0, 0x0, 0xd48, 0x0, 0xe10, 0x1400, 0x8c00, 0xd00, 0x0, 0x0, 0x0, 0xcc0,
	0x3800, 0x3800, 0x3800, 0x3800, 0x3800, 0x3800, 0x0, 0x4000, 0x5000, 0x5000, 0x5000, 0x5000,
	0x6800, 0x6800, 0x6800, 0x6800, 0x4800, 0x8400, 0x8c00, 0x8c00, 0x8c00, 0x8c00, 0x8c00, 0xe48,
	0x8c00, 0xb800, 0xb800, 0xb800, 0xb800, 0xc800, 0xd000, 0x0, 0x3800, 0x3800, 0x3800, 0x3800,
	0x3800, 0x3800, 0x0, 0x4000, 0x5000, 0x5000, 0x5000, 0x5000, 0x6800, 0x6800, 0x6800, 0x6800,
	0x4800, 0x8400, 0x8c00, 0x8c00, 0x8c00, 0x8c00, 0x8c00, 0xe40, 0x8c00, 0xb800, 0xb800, 0xb800,
	0xb800, 0xc800, 0xd000, 0xc800, 0x3800, 0x3800, 0x3800, 0x3800, 0x3800, 0x3800, 0x4000, 0x4000,
	0x4000, 0x4000, 0x4000, 0x4000, 0x4000, 0x4000, 0x4800, 0x4800, 0x4800, 0x4800, 0x5000, 0x5000,
	0x5000, 0x5000, 0x5000, 0x5000, 0x5000, 0x5000, 0x5000, 0x5000, 0x5c00, 0x5c00, 0x5c00, 0x5c00,
	0x5c00, 0x5c00, 0x5c00, 0x5c00, 0x6400, 0x6400, 0x6400, 0x6400, 0x6800, 0x6800, 0x6800, 0x6800,
	0x6800, 0x6800, 0x6800, 0x6800, 0x6800, 0x6c00, 0x0, 0x0, 0x7000, 0x7000, 0x7400, 0x7400,
	0x9c00, 0x7800, 0x7800, 0x7800, 0x7800, 0x7800, 0x7800, 0x7800, 0x7800, 0x7800, 0x7800, 0x8400,
	0x8400, 0x8400, 0x8400, 0x8400, 0x8400, 0x0, 0x8800, 0x8800, 0x8c00, 0x8c00, 0x8c00, 0x8c00,
	0x8c00, 0x8c00, 0x0, 0x0, 0xa000, 0xa000, 0xa000, 0xa000, 0xa000, 0xa000, 0xa800, 0xa800,
	0xa800, 0xa800, 0xa800, 0xa800, 0xa800, 0xa800, 0xac00, 0xac00, 0xac00, 0xac00, 0xb400, 0xb400,
	0xb800, 0xb800, 0xb800, 0xb800, 0xb800, 0xb800, 0xb800, 0xb800, 0xb800, 0xb800, 0xb800, 0xb800,
	0xc000, 0xc000, 0xc800, 0xc800, 0xc800, 0xcc00, 0xcc00, 0xcc00, 0xcc00, 0xcc00, 0xcc00, 0xa800
};

static constexpr int32_t s_coll_cyFastLatinMiniVarTop = 0xbff;

static constexpr uint32_t s_coll_cyNumericPrimary = 0x10000000;
static constexpr int32_t s_coll_cyOptions = 0x2010;
static constexpr int32_t s_coll_cyJamoCe32sStart = -1;

static constexpr uint32_t s_coll_cyUnsafeBwd[872] = {
	0x34, 0x35, 0x44, 0x45, 0x46, 0x49, 0x4c, 0x4d, 0x64, 0x65, 0x66, 0x69,
	0x6c, 0x6d, 0xa0, 0xa1, 0x10e, 0x110, 0x11c, 0x126, 0x139, 0x13f, 0x1e6, 0x1e8,
	0x1f4, 0x1f6, 0x21e, 0x220, 0x300, 0x34f, 0x350, 0x370, 0x3a9, 0x3aa, 0x3e2, 0x3e3,
	0x42f, 0x430, 0x483, 0x488, 0x531, 0x532, 0x591, 0x5be, 0x5bf, 0x5c0, 0x5c1, 0x5c3,
	0x5c4, 0x5c6, 0x5c7, 0x5c8, 0x5d0, 0x5d1, 0x610, 0x61b, 0x628, 0x629, 0x64b, 0x660,
	0x670, 0x671, 0x6d6, 0x6dd, 0x6df, 0x6e5, 0x6e7, 0x6e9, 0x6ea, 0x6ee, 0x710, 0x712,
	0x730, 0x74b, 0x78c, 0x78d, 0x7ca, 0x7cb, 0x7eb, 0x7f4, 0x7fd, 0x7fe, 0x800, 0x801,
	0x816, 0x81a, 0x81b, 0x824, 0x825, 0x828, 0x829, 0x82e, 0x840, 0x841, 0x859, 0x85c,
	0x897, 0x8a0, 0x8ca, 0x8e2, 0x8e3, 0x900, 0x905, 0x906, 0x93c, 0x93d, 0x94d, 0x94e,
	0x951, 0x955, 0x995, 0x996, 0x9bc, 0x9bd, 0x9be, 0x9bf, 0x9cd, 0x9ce, 0x9d7, 0x9d8,
	0x9fe, 0x9ff, 0xa15, 0xa16, 0xa3c, 0xa3d, 0xa4d, 0xa4e, 0xa95, 0xa96, 0xabc, 0xabd,
	0xacd, 0xace, 0xb15, 0xb16, 0xb3c, 0xb3d, 0xb3e, 0xb3f, 0xb4d, 0xb4e, 0xb56, 0xb58,
	0xb95, 0xb96, 0xbbe, 0xbbf, 0xbcd, 0xbce, 0xbd7, 0xbd8, 0xc15, 0xc16, 0xc3c, 0xc3d,
	0xc4d, 0xc4e, 0xc55, 0xc57, 0xc95, 0xc96, 0xcbc, 0xcbd, 0xcc2, 0xcc3, 0xccd, 0xcce,
	0xcd5, 0xcd7, 0xd15, 0xd16, 0xd3b, 0xd3d, 0xd3e, 0xd3f, 0xd4d, 0xd4e, 0xd57, 0xd58,
	0xd85, 0xd86, 0xdca, 0xdcb, 0xdcf, 0xdd0, 0xddf, 0xde0, 0xe01, 0xe2f, 0xe32, 0xe33,
	0xe38, 0xe3b, 0xe48, 0xe4c, 0xe81, 0xe83, 0xe84, 0xe85, 0xe86, 0xe8b, 0xe8c, 0xea4,
	0xea5, 0xea6, 0xea7, 0xeaf, 0xeb2, 0xeb3, 0xeb8, 0xebb, 0xec8, 0xecc, 0xedc, 0xee0,
	0xf18, 0xf1a, 0xf35, 0xf36, 0xf37, 0xf38, 0xf39, 0xf3a, 0xf40, 0xf41, 0xf71, 0xf76,
	0xf7a, 0xf7e, 0xf80, 0xf85, 0xf86, 0xf88, 0xfc6, 0xfc7, 0x1000, 0x1001, 0x102e, 0x102f,
	0x1037, 0x1038, 0x1039, 0x103b, 0x108d, 0x108e, 0x10d3, 0x10d4, 0x12a0, 0x12a1, 0x135d, 0x1360,
	0x13c4, 0x13c5, 0x14c0, 0x14c1, 0x168f, 0x1690, 0x16a0, 0x16a1, 0x1703, 0x1704, 0x1714, 0x1716,
	0x1723, 0x1724, 0x1734, 0x1735, 0x1743, 0x1744, 0x1763, 0x1764, 0x1780, 0x1781, 0x17d2, 0x17d3,
	0x17dd, 0x17de, 0x1826, 0x1827, 0x18a9, 0x18aa, 0x1900, 0x1901, 0x1939, 0x193c, 0x1950, 0x1951,
	0x1980, 0x19ac, 0x1a00, 0x1a01, 0x1a17, 0x1a19, 0x1a20, 0x1a21, 0x1a60, 0x1a61, 0x1a75, 0x1a7d,
	0x1a7f, 0x1a80, 0x1ab0, 0x1abe, 0x1abf, 0x1ade, 0x1ae0, 0x1aec, 0x1b05, 0x1b06, 0x1b34, 0x1b36,
	0x1b44, 0x1b45, 0x1b6b, 0x1b74, 0x1b83, 0x1b84, 0x1baa, 0x1bac, 0x1bc0, 0x1bc1, 0x1be6, 0x1be7,
	0x1bf2, 0x1bf4, 0x1c00, 0x1c01, 0x1c37, 0x1c38, 0x1c5a, 0x1c5b, 0x1cd0, 0x1cd3, 0x1cd4, 0x1ce1,
	0x1ce2, 0x1ce9, 0x1ced, 0x1cee, 0x1cf4, 0x1cf5, 0x1cf8, 0x1cfa, 0x1dc0, 0x1e00, 0x1e0a, 0x1e14,
	0x1e1e, 0x1e2c, 0x1e36, 0x1e3e, 0x1e96, 0x1e97, 0x201c, 0x201d, 0x20ac, 0x20ad, 0x20d0, 0x20dd,
	0x20e1, 0x20e2, 0x20e5, 0x20f1, 0x263a, 0x263b, 0x2c00, 0x2c01, 0x2cef, 0x2cf2, 0x2d30, 0x2d31,
	0x2d7f, 0x2d80, 0x2de0, 0x2e00, 0x302a, 0x3030, 0x304b, 0x304c, 0x3099, 0x309b, 0x30ab, 0x30ac,
	0x3105, 0x3106, 0x5b57, 0x5b58, 0xa288, 0xa289, 0xa4d0, 0xa4d1, 0xa549, 0xa54a, 0xa66f, 0xa670,
	0xa674, 0xa67e, 0xa69e, 0xa6a1, 0xa6f0, 0xa6f2, 0xa800, 0xa801, 0xa806, 0xa807, 0xa82c, 0xa82d,
	0xa840, 0xa841, 0xa882, 0xa883, 0xa8c4, 0xa8c5, 0xa8e0, 0xa8f2, 0xa90a, 0xa90b, 0xa92b, 0xa92e,
	0xa930, 0xa931, 0xa953, 0xa954, 0xa984, 0xa985, 0xa9b3, 0xa9b4, 0xa9c0, 0xa9c1, 0xaa00, 0xaa01,
	0xaa80, 0xaab1, 0xaab2, 0xaab5, 0xaab7, 0xaab9, 0xaabe, 0xaac0, 0xaac1, 0xaac2, 0xaaf6, 0xaaf7,
	0xabc0, 0xabc1, 0xabed, 0xabee, 0xac00, 0xac01, 0xd800, 0xd809, 0xd80b, 0xd80d, 0xd811, 0xd812,
	0xd818, 0xd819, 0xd81a, 0xd81c, 0xd820, 0xd821, 0xd823, 0xd824, 0xd82c, 0xd82d, 0xd82f, 0xd830,
	0xd834, 0xd835, 0xd838, 0xd83b, 0xdc00, 0xe000, 0xfb1e, 0xfb1f, 0xfdd0, 0xfdd1, 0xfe20, 0xfe30,
	0x10000, 0x10001, 0x101fd, 0x101fe, 0x10280, 0x10281, 0x102a0, 0x102a1, 0x102e0, 0x102e1, 0x10300, 0x10301,
	0x10330, 0x10331, 0x1036b, 0x1036c, 0x10376, 0x1037b, 0x10380, 0x10381, 0x103a0, 0x103a1, 0x10414, 0x10415,
	0x10450, 0x10451, 0x10480, 0x10481, 0x104b5, 0x104b6, 0x10500, 0x10501, 0x10537, 0x10538, 0x10582, 0x10583,
	0x105c2, 0x105c3, 0x10647, 0x10648, 0x10800, 0x10801, 0x10840, 0x10841, 0x10873, 0x10874, 0x10896, 0x10897,
	0x108f4, 0x108f5, 0x10900, 0x10901, 0x10920, 0x10921, 0x10950, 0x10951, 0x10980, 0x10981, 0x109a0, 0x109a1,
	0x10a00, 0x10a01, 0x10a0d, 0x10a0e, 0x10a0f, 0x10a10, 0x10a38, 0x10a3b, 0x10a3f, 0x10a40, 0x10a60, 0x10a61,
	0x10a95, 0x10a96, 0x10ad8, 0x10ad9, 0x10ae5, 0x10ae7, 0x10b00, 0x10b01, 0x10b40, 0x10b41, 0x10b60, 0x10b61,
	0x10b8f, 0x10b90, 0x10c00, 0x10c01, 0x10ca1, 0x10ca2, 0x10d12, 0x10d13, 0x10d24, 0x10d28, 0x10d5d, 0x10d5e,
	0x10d69, 0x10d6e, 0x10e88, 0x10e89, 0x10eab, 0x10ead, 0x10efa, 0x10efc, 0x10efd, 0x10f00, 0x10f19, 0x10f1a,
	0x10f42, 0x10f43, 0x10f46, 0x10f51, 0x10f7c, 0x10f7d, 0x10f82, 0x10f86, 0x10fbf, 0x10fc0, 0x10ff1, 0x10ff2,
	0x11005, 0x11006, 0x11046, 0x11047, 0x11070, 0x11071, 0x1107f, 0x11080, 0x11083, 0x11084, 0x110b9, 0x110bb,
	0x110d0, 0x110d1, 0x11100, 0x11104, 0x11127, 0x11128, 0x11133, 0x11135, 0x11152, 0x11153, 0x11173, 0x11174,
	0x11183, 0x11184, 0x111c0, 0x111c1, 0x111ca, 0x111cb, 0x11208, 0x11209, 0x11235, 0x11237, 0x1128f, 0x11290,
	0x112be, 0x112bf, 0x112e9, 0x112eb, 0x11315, 0x11316, 0x1133b, 0x1133d, 0x1133e, 0x1133f, 0x1134d, 0x1134e,
	0x11357, 0x11358, 0x11366, 0x1136d, 0x11370, 0x11375, 0x11392, 0x11393, 0x113b8, 0x113b9, 0x113bb, 0x113bc,
	0x113c2, 0x113c3, 0x113c9, 0x113ca, 0x113ce, 0x113d1, 0x11412, 0x11413, 0x11442, 0x11443, 0x11446, 0x11447,
	0x1145e, 0x1145f, 0x11484, 0x11485, 0x114b0, 0x114b1, 0x114ba, 0x114bb, 0x114bd, 0x114be, 0x114c2, 0x114c4,
	0x1158e, 0x1158f, 0x115af, 0x115b0, 0x115bf, 0x115c1, 0x1160e, 0x1160f, 0x1163f, 0x11640, 0x11680, 0x11681,
	0x116b6, 0x116b8, 0x11717, 0x11718, 0x1172b, 0x1172c, 0x1180b, 0x1180c, 0x11839, 0x1183b, 0x118b4, 0x118b5,
	0x1190c, 0x1190d, 0x11930, 0x11931, 0x1193d, 0x1193f, 0x11943, 0x11944, 0x119ce, 0x119cf, 0x119e0, 0x119e1,
	0x11a0b, 0x11a0c, 0x11a34, 0x11a35, 0x11a47, 0x11a48, 0x11a5c, 0x11a5d, 0x11a99, 0x11a9a, 0x11ac0, 0x11ac1,
	0x11bc4, 0x11bc5, 0x11c0e, 0x11c0f, 0x11c3f, 0x11c40, 0x11c72, 0x11c73, 0x11d10, 0x11d11, 0x11d42, 0x11d43,
	0x11d44, 0x11d46, 0x11d71, 0x11d72, 0x11d97, 0x11d98, 0x11dc6, 0x11dc7, 0x11ee5, 0x11ee6, 0x11f1b, 0x11f1c,
	0x11f41, 0x11f43, 0x12000, 0x12001, 0x12fe5, 0x12fe6, 0x13153, 0x13154, 0x14400, 0x14401, 0x1611c, 0x1611d,
	0x1611e, 0x16121, 0x16123, 0x16126, 0x16129, 0x1612a, 0x1612f, 0x16130, 0x16a4f, 0x16a50, 0x16abc, 0x16abd,
	0x16ae6, 0x16ae7, 0x16af0, 0x16af5, 0x16b1c, 0x16b1d, 0x16b30, 0x16b37, 0x16d45, 0x16d46, 0x16d67, 0x16d69,
	0x16e40, 0x16e41, 0x16ea1, 0x16ea2, 0x16f00, 0x16f01, 0x16ff0, 0x16ff2, 0x18229, 0x1822a, 0x18c65, 0x18c66,
	0x1b1c4, 0x1b1c5, 0x1bc20, 0x1bc21, 0x1bc9e, 0x1bc9f, 0x1d165, 0x1d16a, 0x1d16d, 0x1d173, 0x1d17b, 0x1d183,
	0x1d185, 0x1d18c, 0x1d1aa, 0x1d1ae, 0x1d242, 0x1d245, 0x1e000, 0x1e007, 0x1e008, 0x1e019, 0x1e01b, 0x1e022,
	0x1e023, 0x1e025, 0x1e026, 0x1e02b, 0x1e08f, 0x1e090, 0x1e108, 0x1e109, 0x1e130, 0x1e137, 0x1e290, 0x1e291,
	0x1e2ae, 0x1e2af, 0x1e2e1, 0x1e2e2, 0x1e2ec, 0x1e2f0, 0x1e4e6, 0x1e4e7, 0x1e4ec, 0x1e4f0, 0x1e5d0, 0x1e5d1,
	0x1e5ee, 0x1e5f0, 0x1e6d5, 0x1e6d6, 0x1e6e3, 0x1e6e4, 0x1e6e6, 0x1e6e7, 0x1e6ee, 0x1e6f0, 0x1e6f5, 0x1e6f6,
	0x1e802, 0x1e803, 0x1e8d0, 0x1e8d7, 0x1e909, 0x1e90a, 0x1e944, 0x1e94b
};

static constexpr int32_t s_coll_cyUnsafeBwdLength = 872;

static constexpr uint16_t s_coll_eoTrieIndex[2112] = {
	0x0, 0x8, 0x10, 0x18, 0x30, 0x38, 0x40, 0x48, 0x50, 0x58, 0x5e, 0x66, 0x6b, 0x73, 0x30, 0x38,
	0x78, 0x80, 0x30, 0x38, 0x30, 0x38, 0x30, 0x38, 0x30, 0x38, 0x30, 0x38, 0x30, 0x38, 0x30, 0x38,
	0x30, 0x38, 0x30, 0x38, 0x30, 0x38, 0x30, 0x38, 0x30, 0x38, 0x30, 0x38, 0x30, 0x38, 0x30, 0x38,
	0x30, 0x38, 0x30, 0x38, 0x30, 0x38, 0x30, 0x38, 0x30, 0x38, 0x30, 0x38, 0x30, 0x38, 0x30, 0x38,
	0x30, 0x30, 0x30, 0x30, 0x30, 0x30, 0x30, 0x30, 0x30, 0x30, 0x30, 0x30, 0x30, 0x30, 0x30, 0x30,
	0x30, 0x30, 0x30, 0x30, 0x30, 0x30, 0x30, 0x30, 0x30, 0x30, 0x30, 0x30, 0x30, 0x30, 0x30, 0x30,
	0x30, 0x30, 0x30, 0x30, 0x30, 0x30, 0x30, 0x30, 0x30, 0x30, 0x30, 0x30, 0x30, 0x30, 0x30, 0x30,
	0x30, 0x30, 0x30, 0x30, 0x30, 0x30, 0x30, 0x30, 0x30, 0x30, 0x30, 0x30, 0x30, 0x30, 0x30, 0x30,
	0x30, 0x30, 0x30, 0x30, 0x30, 0x30, 0x30, 0x30, 0x30, 0x30, 0x30, 0x30, 0x30, 0x30, 0x30, 0x30,
	0x30, 0x30, 0x30, 0x30, 0x30, 0x30, 0x30, 0x30, 0x30, 0x30, 0x30, 0x30, 0x30, 0x30, 0x30, 0x30,
	0x30, 0x30, 0x30, 0x30, 0x30, 0x30, 0x30, 0x30, 0x30, 0x30, 0x30, 0x30, 0x30, 0x30, 0x30, 0x30,
	0x30, 0x30, 0x30, 0x30, 0x30, 0x30, 0x30, 0x30, 0x30, 0x30, 0x30, 0x30, 0x30, 0x30, 0x30, 0x30,
	0x30, 0x30, 0x30, 0x30, 0x30, 0x30, 0x30, 0x30, 0x30, 0x30, 0x30, 0x30, 0x30, 0x30, 0x30, 0x30,
	0x30, 0x30, 0x30, 0x30, 0x30, 0x30, 0x30, 0x30, 0x30, 0x30, 0x30, 0x30, 0x30, 0x30, 0x30, 0x30,
	0x30, 0x30, 0x30, 0x30, 0x30, 0x30, 0x30, 0x30, 0x30, 0x30, 0x30, 0x30, 0x30, 0x30, 0x30, 0x30,
	0x30, 0x97, 0x30, 0x9f, 0xa5, 0x30, 0x30, 0xac, 0x30, 0x30, 0x30, 0x30, 0x30, 0x30, 0x30, 0x30,
	0x30, 0x30, 0x30, 0x30, 0x30, 0x30, 0x30, 0x30, 0x30, 0x30, 0x30, 0x30, 0x30, 0x30, 0x30, 0x30,
	0x30, 0x30, 0x30, 0x30, 0x30, 0x30, 0x30, 0x30, 0x30, 0x30, 0x30, 0x30, 0x30, 0x30, 0x30, 0x30,
	0x30, 0x30, 0x30, 0x30, 0x30, 0x30, 0x30, 0x30, 0x30, 0x30, 0x30, 0x30, 0x30, 0x30, 0x30, 0x30,
	0x30, 0x30, 0x30, 0x30, 0x30, 0x30, 0x30, 0x30, 0x30, 0x30, 0x30, 0x30, 0x30, 0x30, 0x30, 0x30,
	0x30, 0x30, 0x30, 0x30, 0x30, 0x30, 0x30, 0x30, 0x30, 0x30, 0x30, 0x30, 0x30, 0x30, 0x30, 0x30,
	0x30, 0x30, 0x30, 0x30, 0x30, 0x30, 0x30, 0x30, 0x30, 0x30, 0x30, 0x30, 0x30, 0x30, 0x30, 0x30,
	0x30, 0x30, 0x30, 0x30, 0x30, 0x30, 0x30, 0x30, 0x30, 0x30, 0x30, 0x30, 0x30, 0x30, 0x30, 0x30,
	0x30, 0x30, 0x30, 0x30, 0x30, 0x30, 0x30, 0x30, 0x30, 0x30, 0x30, 0x30, 0x30, 0x30, 0x30, 0x30,
	0x30, 0x30, 0x30, 0x30, 0x30, 0x30, 0x30, 0x30, 0x30, 0x30, 0x30, 0x30, 0x30, 0x30, 0x30, 0x30,
	0x30, 0x30, 0x30, 0x30, 0x30, 0x30, 0x30, 0x30, 0x30, 0x30, 0x30, 0x30, 0x30, 0x30, 0x30, 0x30,
	0x30, 0x30, 0x30, 0x30, 0x30, 0x30, 0x30, 0x30, 0x30, 0x30, 0x30, 0x30, 0x30, 0x30, 0x30, 0x30,
	0x30, 0x30, 0x30, 0x30, 0x30, 0x30, 0x30, 0x30, 0x30, 0x30, 0x30, 0x30, 0x30, 0x30, 0x30, 0x30,
	0x30, 0x30, 0x30, 0x30, 0x30, 0x30, 0x30, 0x30, 0x30, 0x30, 0x30, 0x30, 0x30, 0x30, 0x30, 0x30,
	0x30, 0x30, 0x30, 0x30, 0x30, 0x30, 0x30, 0x30, 0x30, 0x30, 0x30, 0x30, 0x30, 0x30, 0x30, 0x30,
	0x30, 0x30, 0x30, 0x30, 0x30, 0x30, 0x30, 0x30, 0x30, 0x30, 0x30, 0x30, 0x30, 0x30, 0x30, 0x30,
	0x30, 0x30, 0x30, 0x30, 0x30, 0x30, 0x30, 0x30, 0x30, 0x30, 0x30, 0x30, 0x30, 0x30, 0x30, 0x30,
	0x30, 0x30, 0x30, 0x30, 0x30, 0x30, 0x30, 0x30, 0x30, 0x30, 0x30, 0x30, 0x30, 0x30, 0x30, 0x30,
	0x30, 0x30, 0x30, 0x30, 0x30, 0x30, 0x30, 0x30, 0x30, 0x30, 0x30, 0x30, 0x30, 0x30, 0x30, 0x30,
	0x30, 0x30, 0x30, 0x30, 0x30, 0x30, 0x30, 0x30, 0x30, 0x30, 0x30, 0x30, 0x30, 0x30, 0x30, 0x30,
	0x30, 0x30, 0x30, 0x30, 0x30, 0x30, 0x30, 0x30, 0x30, 0x30, 0x30, 0x30, 0x30, 0x30, 0x30, 0x30,
	0x30, 0x30, 0x30, 0x30, 0x30, 0x30, 0x30, 0x30, 0x30, 0x30, 0x30, 0x30, 0x30, 0x30, 0x30, 0x30,
	0x30, 0x30, 0x30, 0x30, 0x30, 0x30, 0x30, 0x30, 0x30, 0x30, 0x30, 0x30, 0x30, 0x30, 0x30, 0x30,
	0x30, 0x30, 0x30, 0x30, 0x30, 0x30, 0x30, 0x30, 0x30, 0x30, 0x30, 0x30, 0x30, 0x30, 0x30, 0x30,
	0x30, 0x30, 0x30, 0x30, 0x30, 0x30, 0x30, 0x30, 0x30, 0x30, 0x30, 0x30, 0x30, 0x30, 0x30, 0x30,
	0x30, 0x30, 0x30, 0x30, 0x30, 0x30, 0x30, 0x30, 0x30, 0x30, 0x30, 0x30, 0x30, 0x30, 0x30, 0x30,
	0x30, 0x30, 0x30, 0x30, 0x30, 0x30, 0x30, 0x30, 0x30, 0x30, 0x30, 0x30, 0x30, 0x30, 0x30, 0x30,
	0x30, 0x30, 0x30, 0x30, 0x30, 0x30, 0x30, 0x30, 0x30, 0x30, 0x30, 0x30, 0x30, 0x30, 0x30, 0x30,
	0x30, 0x30, 0x30, 0x30, 0x30, 0x30, 0x30, 0x30, 0x30, 0x30, 0x30, 0x30, 0x30, 0x30, 0x30, 0x30,
	0x30, 0x30, 0x30, 0x30, 0x30, 0x30, 0x30, 0x30, 0x30, 0x30, 0x30, 0x30, 0x30, 0x30, 0x30, 0x30,
	0x30, 0x30, 0x30, 0x30, 0x30, 0x30, 0x30, 0x30, 0x30, 0x30, 0x30, 0x30, 0x30, 0x30, 0x30, 0x30,
	0x30, 0x30, 0x30, 0x30, 0x30, 0x30, 0x30, 0x30, 0x30, 0x30, 0x30, 0x30, 0x30, 0x30, 0x30, 0x30,
	0x30, 0x30, 0x30, 0x30, 0x30, 0x30, 0x30, 0x30, 0x30, 0x30, 0x30, 0x30, 0x30, 0x30, 0x30, 0x30,
	0x30, 0x30, 0x30, 0x30, 0x30, 0x30, 0x30, 0x30, 0x30, 0x30, 0x30, 0x30, 0x30, 0x30, 0x30, 0x30,
	0x30, 0x30, 0x30, 0x30, 0x30, 0x30, 0x30, 0x30, 0x30, 0x30, 0x30, 0x30, 0x30, 0x30, 0x30, 0x30,
	0x30, 0x30, 0x30, 0x30, 0x30, 0x30, 0x30, 0x30, 0x30, 0x30, 0x30, 0x30, 0x30, 0x30, 0x30, 0x30,
	0x30, 0x30, 0x30, 0x30, 0x30, 0x30, 0x30, 0x30, 0x30, 0x30, 0x30, 0x30, 0x30, 0x30, 0x30, 0x30,
	0x30, 0x30, 0x30, 0x30, 0x30, 0x30, 0x30, 0x30, 0x30, 0x30, 0x30, 0x30, 0x30, 0x30, 0x30, 0x30,
	0x30, 0x30, 0x30, 0x30, 0x30, 0x30, 0x30, 0x30, 0x30, 0x30, 0x30, 0x30, 0x30, 0x30, 0x30, 0x30,
	0x30, 0x30, 0x30, 0x30, 0x30, 0x30, 0x30, 0x30, 0x30, 0x30, 0x30, 0x30, 0x30, 0x30, 0x30, 0x30,
	0x30, 0x30, 0x30, 0x30, 0x30, 0x30, 0x30, 0x30, 0x30, 0x30, 0x30, 0x30, 0x30, 0x30, 0x30, 0x30,
	0x30, 0x30, 0x30, 0x30, 0x30, 0x30, 0x30, 0x30, 0x30, 0x30, 0x30, 0x30, 0x30, 0x30, 0x30, 0x30,
	0x30, 0x30, 0x30, 0x30, 0x30, 0x30, 0x30, 0x30, 0x30, 0x30, 0x30, 0x30, 0x30, 0x30, 0x30, 0x30,
	0x30, 0x30, 0x30, 0x30, 0x30, 0x30, 0x30, 0x30, 0x30, 0x30, 0x30, 0x30, 0x30, 0x30, 0x30, 0x30,
	0x30, 0x30, 0x30, 0x30, 0x30, 0x30, 0x30, 0x30, 0x30, 0x30, 0x30, 0x30, 0x30, 0x30, 0x30, 0x30,
	0x30, 0x30, 0x30, 0x30, 0x30, 0x30, 0x30, 0x30, 0x30, 0x30, 0x30, 0x30, 0x30, 0x30, 0x30, 0x30,
	0x30, 0x30, 0x30, 0x30, 0x30, 0x30, 0x30, 0x30, 0x30, 0x30, 0x30, 0x30, 0x30, 0x30, 0x30, 0x30,
	0x30, 0x30, 0x30, 0x30, 0x30, 0x30, 0x30, 0x30, 0x30, 0x30, 0x30, 0x30, 0x30, 0x30, 0x30, 0x30,
	0x30, 0x30, 0x30, 0x30, 0x30, 0x30, 0x30, 0x30, 0x30, 0x30, 0x30, 0x30, 0x30, 0x30, 0x30, 0x30,
	0x30, 0x30, 0x30, 0x30, 0x30, 0x30, 0x30, 0x30, 0x30, 0x30, 0x30, 0x30, 0x30, 0x30, 0x30, 0x30,
	0x30, 0x30, 0x30, 0x30, 0x30, 0x30, 0x30, 0x30, 0x30, 0x30, 0x30, 0x30, 0x30, 0x30, 0x30, 0x30,
	0x30, 0x30, 0x30, 0x30, 0x30, 0x30, 0x30, 0x30, 0x30, 0x30, 0x30, 0x30, 0x30, 0x30, 0x30, 0x30,
	0x30, 0x30, 0x30, 0x30, 0x30, 0x30, 0x30, 0x30, 0x30, 0x30, 0x30, 0x30, 0x30, 0x30, 0x30, 0x30,
	0x30, 0x30, 0x30, 0x30, 0x30, 0x30, 0x30, 0x30, 0x30, 0x30, 0x30, 0x30, 0x30, 0x30, 0x30, 0x30,
	0x30, 0x30, 0x30, 0x30, 0x30, 0x30, 0x30, 0x30, 0x30, 0x30, 0x30, 0x30, 0x30, 0x30, 0x30, 0x30,
	0x30, 0x30, 0x30, 0x30, 0x30, 0x30, 0x30, 0x30, 0x30, 0x30, 0x30, 0x30, 0x30, 0x30, 0x30, 0x30,
	0x30, 0x30, 0x30, 0x30, 0x30, 0x30, 0x30, 0x30, 0x30, 0x30, 0x30, 0x30, 0x30, 0x30, 0x30, 0x30,
	0x30, 0x30, 0x30, 0x30, 0x30, 0x30, 0x30, 0x30, 0x30, 0x30, 0x30, 0x30, 0x30, 0x30, 0x30, 0x30,
	0x30, 0x30, 0x30, 0x30, 0x30, 0x30, 0x30, 0x30, 0x30, 0x30, 0x30, 0x30, 0x30, 0x30, 0x30, 0x30,
	0x30, 0x30, 0x30, 0x30, 0x30, 0x30, 0x30, 0x30, 0x30, 0x30, 0x30, 0x30, 0x30, 0x30, 0x30, 0x30,
	0x30, 0x30, 0x30, 0x30, 0x30, 0x30, 0x30, 0x30, 0x30, 0x30, 0x30, 0x30, 0x30, 0x30, 0x30, 0x30,
	0x30, 0x30, 0x30, 0x30, 0x30, 0x30, 0x30, 0x30, 0x30, 0x30, 0x30, 0x30, 0x30, 0x30, 0x30, 0x30,
	0x30, 0x30, 0x30, 0x30, 0x30, 0x30, 0x30, 0x30, 0x30, 0x30, 0x30, 0x30, 0x30, 0x30, 0x30, 0x30,
	0x30, 0x30, 0x30, 0x30, 0x30, 0x30, 0x30, 0x30, 0x30, 0x30, 0x30, 0x30, 0x30, 0x30, 0x30, 0x30,
	0x30, 0x30, 0x30, 0x30, 0x30, 0x30, 0x30, 0x30, 0x30, 0x30, 0x30, 0x30, 0x30, 0x30, 0x30, 0x30,
	0x30, 0x30, 0x30, 0x30, 0x30, 0x30, 0x30, 0x30, 0x30, 0x30, 0x30, 0x30, 0x30, 0x30, 0x30, 0x30,
	0x30, 0x30, 0x30, 0x30, 0x30, 0x30, 0x30, 0x30, 0x30, 0x30, 0x30, 0x30, 0x30, 0x30, 0x30, 0x30,
	0x30, 0x30, 0x30, 0x30, 0x30, 0x30, 0x30, 0x30, 0x30, 0x30, 0x30, 0x30, 0x30, 0x30, 0x30, 0x30,
	0x30, 0x30, 0x30, 0x30, 0x30, 0x30, 0x30, 0x30, 0x30, 0x30, 0x30, 0x30, 0x30, 0x30, 0x30, 0x30,
	0x30, 0x30, 0x30, 0x30, 0x30, 0x30, 0x30, 0x30, 0x30, 0x30, 0x30, 0x30, 0x30, 0x30, 0x30, 0x30,
	0x30, 0x30, 0x30, 0x30, 0x30, 0x30, 0x30, 0x30, 0x30, 0x30, 0x30, 0x30, 0x30, 0x30, 0x30, 0x30,
	0xb4, 0xb4, 0xb4, 0xb4, 0xb4, 0xb4, 0xb4, 0xb4, 0xb4, 0xb4, 0xb4, 0xb4, 0xb4, 0xb4, 0xb4, 0xb4,
	0xb4, 0xb4, 0xb4, 0xb4, 0xb4, 0xb4, 0xb4, 0xb4, 0xb4, 0xb4, 0xb4, 0xb4, 0xb4, 0xb4, 0xb4, 0xb4,
	0xb4, 0xb4, 0xb4, 0xb4, 0xb4, 0xb4, 0xb4, 0xb4, 0xb4, 0xb4, 0xb4, 0xb4, 0xb4, 0xb4, 0xb4, 0xb4,
	0xb4, 0xb4, 0xb4, 0xb4, 0xb4, 0xb4, 0xb4, 0xb4, 0xb4, 0xb4, 0xb4, 0xb4, 0xb4, 0xb4, 0xb4, 0xb4,
	0xb4, 0xb4, 0xb4, 0xb4, 0xb4, 0xb4, 0xb4, 0xb4, 0xb4, 0xb4, 0xb4, 0xb4, 0xb4, 0xb4, 0xb4, 0xb4,
	0xb4, 0xb4, 0xb4, 0xb4, 0xb4, 0xb4, 0xb4, 0xb4, 0xb4, 0xb4, 0xb4, 0xb4, 0xb4, 0xb4, 0xb4, 0xb4,
	0xb4, 0xb4, 0xb4, 0xb4, 0xb4, 0xb4, 0xb4, 0xb4, 0xb4, 0xb4, 0xb4, 0xb4, 0xb4, 0xb4, 0xb4, 0xb4,
	0xb4, 0xb4, 0xb4, 0xb4, 0xb4, 0xb4, 0xb4, 0xb4, 0xb4, 0xb4, 0xb4, 0xb4, 0xb4, 0xb4, 0xb4, 0xb4,
	0xb4, 0xb4, 0xb4, 0xb4, 0xb4, 0xb4, 0xb4, 0xb4, 0xb4, 0xb4, 0xb4, 0xb4, 0xb4, 0xb4, 0xb4, 0xb4,
	0xb4, 0xb4, 0xb4, 0xb4, 0xb4, 0xb4, 0xb4, 0xb4, 0xb4, 0xb4, 0xb4, 0xb4, 0xb4, 0xb4, 0xb4, 0xb4,
	0xb4, 0xb4, 0xb4, 0xb4, 0xb4, 0xb4, 0xb4, 0xb4, 0xb4, 0xb4, 0xb4, 0xb4, 0xb4, 0xb4, 0xb4, 0xb4,
	0xb4, 0xb4, 0xb4, 0xb4, 0xb4, 0xb4, 0xb4, 0xb4, 0xb4, 0xb4, 0xb4, 0xb4, 0xb4, 0xb4, 0xb4, 0xb4,
	0xb4, 0xb4, 0xb4, 0xb4, 0xb4, 0xb4, 0xb4, 0xb4, 0xb4, 0xb4, 0xb4, 0xb4, 0xb4, 0xb4, 0xb4, 0xb4,
	0xb4, 0xb4, 0xb4, 0xb4, 0xb4, 0xb4, 0xb4, 0xb4, 0xb4, 0xb4, 0xb4, 0xb4, 0xb4, 0xb4, 0xb4, 0xb4,
	0xb4, 0xb4, 0xb4, 0xb4, 0xb4, 0xb4, 0xb4, 0xb4, 0xb4, 0xb4, 0xb4, 0xb4, 0xb4, 0xb4, 0xb4, 0xb4,
	0xb4, 0xb4, 0xb4, 0xb4, 0xb4, 0xb4, 0xb4, 0xb4, 0xb4, 0xb4, 0xb4, 0xb4, 0xb4, 0xb4, 0xb4, 0xb4,
	0xb4, 0xb4, 0xb4, 0xb4, 0xb4, 0xb4, 0xb4, 0xb4, 0xb4, 0xb4, 0xb4, 0xb4, 0xb4, 0xb4, 0xb4, 0xb4,
	0xb4, 0xb4, 0xb4, 0xb4, 0xb4, 0xb4, 0xb4, 0xb4, 0xb4, 0xb4, 0xb4, 0xb4, 0xb4, 0xb4, 0xb4, 0xb4,
	0xb4, 0xb4, 0xb4, 0xb4, 0xb4, 0xb4, 0xb4, 0xb4, 0xb4, 0xb4, 0xb4, 0xb4, 0xb4, 0xb4, 0xb4, 0xb4,
	0xb4, 0xb4, 0xb4, 0xb4, 0xb4, 0xb4, 0xb4, 0xb4, 0xb4, 0xb4, 0xb4, 0xb4, 0xb4, 0xb4, 0xb4, 0xb4,
	0xb4, 0xb4, 0xb4, 0xb4, 0xb4, 0xb4, 0xb4, 0xb4, 0xb4, 0xb4, 0xb4, 0xb4, 0xb4, 0xb4, 0xb4, 0xb4,
	0xb4, 0xb4, 0xb4, 0xb4, 0xb4, 0xb4, 0xb4, 0xb4, 0xb4, 0xb4, 0xb4, 0xb4, 0xb4, 0x90, 0x30, 0x30,
	0x88, 0x88, 0x88, 0x88, 0x88, 0x88, 0x88, 0x88, 0x88, 0x88, 0x88, 0x88, 0x88, 0x88, 0x88, 0x88,
	0x88, 0x88, 0x88, 0x88, 0x88, 0x88, 0x88, 0x88, 0x88, 0x88, 0x88, 0x88, 0x88, 0x88, 0x88, 0x88,
	0x30, 0x30, 0x30, 0x30, 0x30, 0x30, 0x30, 0x30, 0x30, 0x30, 0x30, 0x30, 0x30, 0x30, 0x30, 0x30,
	0x30, 0x30, 0x30, 0x30, 0x30, 0x30, 0x30, 0x30, 0x30, 0x30, 0x30, 0x30, 0x30, 0x30, 0x30, 0x30,
	0x30, 0x30, 0x30, 0x30, 0x30, 0x30, 0x30, 0x30, 0x30, 0x30, 0x30, 0x30, 0x30, 0x30, 0x30, 0x30,
	0x30, 0x30, 0x30, 0x30, 0x30, 0x30, 0x30, 0x30, 0x30, 0x30, 0x30, 0x30, 0x30, 0x30, 0x30, 0x30,
	0x30, 0x30, 0x30, 0x30, 0x30, 0x30, 0x30, 0x30, 0x30, 0x30, 0x30, 0x30, 0x30, 0x30, 0x30, 0x30,
	0x30, 0x30, 0x30, 0x30, 0x30, 0x30, 0x30, 0x30, 0x30, 0x30, 0x30, 0x30, 0x30, 0x30, 0x30, 0x30,
	0x30, 0x30, 0x30, 0x30, 0x30, 0x30, 0x30, 0x30, 0x30, 0x30, 0x30, 0x30, 0x30, 0x30, 0x30, 0x30,
	0x30, 0x30, 0x30, 0x30, 0x30, 0x30, 0x30, 0x30, 0x30, 0x30, 0x30, 0x30, 0x30, 0x30, 0x30, 0x30,
	0x30, 0x30, 0x30, 0x30, 0x30, 0x30, 0x30, 0x30, 0x30, 0x30, 0x30, 0x30, 0x30, 0x30, 0x30, 0x30,
	0x30, 0x30, 0x30, 0x30, 0x30, 0x30, 0x30, 0x30, 0x30, 0x30, 0x30, 0x30, 0x30, 0x30, 0x30, 0x30,
	0x30, 0x30, 0x30, 0x30, 0x30, 0x30, 0x30, 0x30, 0x30, 0x30, 0x30, 0x30, 0x30, 0x30, 0x30, 0x30,
	0x30, 0x30, 0x30, 0x30, 0x30, 0x30, 0x30, 0x30, 0x30, 0x30, 0x30, 0x30, 0x30, 0x30, 0x30, 0x30,
	0x30, 0x30, 0x30, 0x30, 0x30, 0x30, 0x30, 0x30, 0x30, 0x30, 0x30, 0x30, 0x30, 0x30, 0x30, 0x30,
	0x30, 0x30, 0x30, 0x30, 0x30, 0x30, 0x30, 0x30, 0x30, 0x30, 0x30, 0x30, 0x30, 0x30, 0x30, 0x30,
	0x30, 0x30, 0x30, 0x30, 0x30, 0x30, 0x30, 0x30, 0x30, 0x30, 0x30, 0x30, 0x30, 0x30, 0x30, 0x30,
	0x30, 0x30, 0x30, 0x30, 0x30, 0x30, 0x30, 0x30, 0x30, 0x30, 0x30, 0x30, 0x30, 0x30, 0x30, 0x30,
	0x30, 0x30, 0x30, 0x30, 0x30, 0x30, 0x30, 0x30, 0x30, 0x30, 0x30, 0x30, 0x30, 0x30, 0x30, 0x30,
	0x30, 0x30, 0x30, 0x30, 0x30, 0x30, 0x30, 0x30, 0x30, 0x30, 0x30, 0x30, 0x30, 0x30, 0x30, 0x30,
	0x30, 0x30, 0x30, 0x30, 0x30, 0x30, 0x30, 0x30, 0x30, 0x30, 0x30, 0x30, 0x30, 0x30, 0x30, 0x30,
	0x30, 0x30, 0x30, 0x30, 0x30, 0x30, 0x30, 0x30, 0x30, 0x30, 0x30, 0x30, 0x30, 0x30, 0x30, 0x30,
	0x80, 0x80, 0xc0, 0x100, 0x140, 0x178, 0x1ac, 0xc0, 0x1e0, 0xc0, 0xc0, 0xc0, 0xc0, 0xc0, 0xc0, 0xc0,
	0xc0, 0xc0, 0xc0, 0xc0, 0xc0, 0xc0, 0xc0, 0xc0, 0xc0, 0xc0, 0xc0, 0xc0, 0xc0, 0xc0, 0xc0, 0xc0
};

static constexpr uint32_t s_coll_eoTrieData[756] = {
	0xcb, 0x0, 0x0, 0x0, 0x0, 0x0, 0x0, 0x0,
	0x0, 0x3040505, 0x3060505, 0x3080505, 0x30a0505, 0x30c0505, 0x0, 0x0,
	0x0, 0x0, 0x0, 0x0, 0x0, 0x0, 0x0, 0x0,
	0x0, 0x0, 0x0, 0x0, 0x0, 0x0, 0x0, 0x0,
	0x4000505, 0x75a0505, 0x9760505, 0xa940505, 0xda90505, 0xa960505, 0xa8e0505, 0x9700505,
	0x97c0505, 0x97e0505, 0xa7e0505, 0xc7b0505, 0x6000505, 0x50e0505, 0x8000505, 0xa880505,
	0x9a0ca, 0x9c1ca, 0x9e2ca, 0xa03ca, 0xa24ca, 0xa45ca, 0xa66ca, 0xa87ca,
	0xaa8ca, 0xac9ca, 0x7360505, 0x72a0505, 0xc850505, 0xc870505, 0xc890505, 0x7640505,
	0xa7c0505, 0x2b00059c, 0x2d00059c, 0x6c9, 0x3100059c, 0x3300059c, 0x3500059c, 0xc6c9,
	0x186c9, 0x3b00059c, 0x246c9, 0x3f00059c, 0x4100059c, 0x4300059c, 0x4500059c, 0x4700059c,
	0x4900059c, 0x4b00059c, 0x4d00059c, 0x306c9, 0x5100059c, 0x3e6c9, 0x5500059c, 0x570005a0,
	0x5900059c, 0x5b00059c, 0x5d00059c, 0x9800505, 0xa8a0505, 0x9820505, 0xc0a0505, 0x50a0505,
	0xc040505, 0x2b000505, 0x2d000505, 0x4c6c9, 0x31000505, 0x33000505, 0x35000505, 0x586c9,
	0x646c9, 0x3b000505, 0x706c9, 0x3f000505, 0x41000505, 0x43000505, 0x45000505, 0x47000505,
	0x49000505, 0x4b000505, 0x4d000505, 0x7c6c9, 0x51000505, 0x8a6c9, 0x55000505, 0x57000505,
	0x59000505, 0x5b000505, 0x5d000505, 0x9840505, 0xc8d0505, 0x9860505, 0xc910505, 0x0,
	0xfffd0505, 0xfffd0505, 0xfffd0505, 0xfffd0505, 0xfffd0505, 0xfffd0505, 0xfffd0505, 0xfffd0505,
	0xfffd0505, 0xfffd0505, 0xfffd0505, 0xfffd0505, 0xfffd0505, 0xfffd0505, 0xfffd0505, 0xfffd0505,
	0xfffd0505, 0xfffd0505, 0xfffd0505, 0xfffd0505, 0xfffd0505, 0xfffd0505, 0xfffd0505, 0xfffd0505,
	0xfffd0505, 0xfffd0505, 0xfffd0505, 0xfffd0505, 0xfffd0505, 0xfffd0505, 0xfffd0505, 0xfffd0505,
	0xfffd0505, 0xfffd0505, 0xfffd0505, 0xfffd0505, 0xfffd0505, 0xfffd0505, 0xfffd0505, 0xfffd0505,
	0xfffd0505, 0xfffd0505, 0xfffd0505, 0xfffd0505, 0xfffd0505, 0xfffd0505, 0xfffd0505, 0xfffd0505,
	0xfffd0505, 0xfffd0505, 0xfffd0505, 0xfffd0505, 0xfffd0505, 0xfffd0505, 0xfffd0505, 0xfffd0505,
	0xfffd0505, 0xfffd0505, 0xfffd0505, 0xfffd0505, 0xfffd0505, 0xfffd0505, 0xfffd0505, 0xfffd0505,
	0xc0, 0xc0, 0xc0, 0xc0, 0xc0, 0xc0, 0xc0, 0xc0,
	0xc0, 0xc0, 0xc0, 0xc0, 0xc0, 0xc0, 0xc0, 0xc0,
	0xc0, 0xc0, 0xc0, 0xc0, 0xc0, 0xc0, 0xc0, 0xc0,
	0xc0, 0xc0, 0xc0, 0xc0, 0xc0, 0xc0, 0xc0, 0xc0,
	0xc0, 0xc0, 0xc0, 0xc0, 0xc0, 0xc0, 0xc0, 0xc0,
	0xc0, 0xc0, 0xc0, 0xc0, 0xc0, 0xc0, 0xc0, 0xc0,
	0xc0, 0xc0, 0xc0, 0xc0, 0xc0, 0xc0, 0xc0, 0xc0,
	0xc0, 0xc0, 0xc0, 0xc0, 0xc0, 0xc0, 0xc0, 0xc0,
	0x2b9c8ac4, 0x2b9c88c4, 0x2b9c8ec4, 0x2b9c9ac4, 0x2b9c96c4, 0x2b9c92c4, 0x8e2c5, 0x986c9,
	0x339c8ac4, 0x339c88c4, 0x339c8ec4, 0x339c96c4, 0x3b9c8ac4, 0x3b9c88c4, 0x3b9c8ec4, 0x3b9c96c4,
	0x310070a0, 0x459c9ac4, 0x479c8ac4, 0x479c88c4, 0x479c8ec4, 0x479c9ac4, 0x479c96c4, 0xc830505,
	0x479c9ec4, 0x539c8ac4, 0x539c88c4, 0x539c8ec4, 0x539c96c4, 0x5b9c88c4, 0x5e2805a0, 0x922c5,
	0x2b058ac4, 0x2b0588c4, 0x2b058ec4, 0x2b059ac4, 0x2b0596c4, 0x2b0592c4, 0x962c5, 0xa26c9,
	0x33058ac4, 0x330588c4, 0x33058ec4, 0x330596c4, 0x3b058ac4, 0x3b0588c4, 0x3b058ec4, 0x3b0596c4,
	0x31007005, 0x45059ac4, 0x47058ac4, 0x470588c4, 0x47058ec4, 0x47059ac4, 0x470596c4, 0xc810505,
	0x47059ec4, 0x53058ac4, 0x530588c4, 0x53058ec4, 0x530596c4, 0x5b0588c4, 0x5e280505, 0x5b0596c4,
	0xc0, 0xc0, 0xc0, 0xc0, 0xc0, 0xc0, 0xc0, 0xc0,
	0x30020586, 0x30020505, 0xc0, 0xc0, 0xc0, 0xc0, 0xc0, 0xc0,
	0xc0, 0xc0, 0xc0, 0xc0, 0xc0, 0xc0, 0xc0, 0xc0,
	0xc0, 0xc0, 0xc0, 0xc0, 0x38020586, 0x38020505, 0xc0, 0xc0,
	0xc0, 0xc0, 0xae6c9, 0xba6c9, 0x3a020586, 0x3a020505, 0xc0, 0xc0,
	0xc0, 0xc0, 0xc0, 0xc0, 0xc0, 0xc0, 0xc0, 0xc0,
	0xc0, 0xc0, 0xc0, 0xc0, 0x3e020586, 0x3e020505, 0xc0, 0xc0,
	0xc0, 0xc0, 0xc0, 0xc0, 0xc0, 0xc0, 0xc0, 0xc0,
	0xc0, 0xc0, 0xc0, 0xc0, 0xc0, 0xc0, 0xc0, 0xc0,
	0xc0, 0xc0, 0xc0, 0xc0, 0xc0, 0xc0, 0xc0, 0xc0,
	0xc0, 0xc0, 0xc0, 0xc0, 0x50020586, 0x50020505, 0xc66c9, 0xd26c9,
	0xc0, 0xc0, 0xc0, 0xc0, 0xc0, 0xc0, 0xc0, 0xc0,
	0xc0, 0xc0, 0xc0, 0xc0, 0x54020586, 0x54020505, 0xc0, 0xc0,
	0xc0, 0xc0, 0xde6c9, 0xea6c9, 0xc0, 0xc0, 0xc0, 0xc0,
	0xc0, 0xc0, 0xc0, 0xc0, 0xc0, 0xc0, 0xc0, 0xc0,
	0xc0, 0xc0, 0xc0, 0xc0, 0xc0, 0xc0, 0xc0, 0xc0,
	0xc0, 0xc0, 0xc0, 0xc0, 0xc0, 0xc0, 0xc0, 0xc0,
	0xc0, 0xc0, 0xc0, 0xc0, 0xc0, 0xc0, 0xc0, 0xc0,
	0xc0, 0xc0, 0xc0, 0xc0, 0xc0, 0xc0, 0xc0, 0xc0,
	0xc0, 0xc0, 0xc0, 0xf66c9, 0x1026c9, 0xc0, 0xc0, 0xc0,
	0xc0, 0xc0, 0xc0, 0xc0, 0xc0, 0xc0, 0xc0, 0xc0,
	0xc0, 0xc0, 0xc0, 0xc0, 0xc0, 0xc0, 0xc0, 0xc0,
	0xc0, 0xc0, 0xc0, 0xc0, 0xc0, 0xc0, 0xc0, 0xc0,
	0x10e6c9, 0x11a6c9, 0xc0, 0xc0, 0xc0, 0xc0, 0xc0, 0xc0,
	0xc0, 0xc0, 0xc0, 0xc0, 0xc0, 0xc0, 0xc0, 0xc0,
	0xc0, 0xc0, 0xc0, 0xc0, 0xc0, 0xc0, 0xc0, 0xc0,
	0xc0, 0xc0, 0xc0, 0xc0, 0xc0, 0xc0, 0xc0, 0xc0,
	0xc0, 0xc0, 0xc0, 0xc0, 0xc0, 0xc0, 0xc0, 0xc0,
	0x1cd, 0x1cd, 0x1cd, 0x1cd, 0x1cd, 0x1cd, 0x1cd, 0x1cd,
	0x1cd, 0x1cd, 0x1cd, 0x1cd, 0x1cd, 0x1cd, 0x1cd, 0x1cd,
	0x1cd, 0x1cd, 0x1cd, 0x1cd, 0x1cd, 0x1cd, 0x1cd, 0x1cd,
	0x1cd, 0x1cd, 0x1cd, 0x1cd, 0x1cd, 0x1cd, 0x1cd, 0x1cd,
	0x1cc, 0x1cc, 0x1cc, 0x1cc, 0xc0, 0xc0, 0xc0, 0xc0,
	0xc0, 0xc0, 0xc0, 0xc0, 0xc0, 0xc0, 0xc0, 0xc0,
	0xc0, 0xc0, 0xc0, 0xc0, 0xc0, 0xc0, 0xc0, 0xc0,
	0xc0, 0xc0, 0xc0, 0xc0, 0xc0, 0xc0, 0xc0, 0xc0,
	0x1266c9, 0x1326c9, 0xc0, 0xc0, 0x13e6c9, 0x14a6c9, 0x1566c9, 0x1626c9,
	0xc0, 0xc0, 0xc0, 0xc0, 0xc0, 0xc0, 0xc0, 0xc0,
	0xc0, 0xc0, 0xc0, 0xc0, 0xc0, 0xc0, 0xc0, 0xc0,
	0xc0, 0xc0, 0xc0, 0xc0, 0xc0, 0xc0, 0x16e6c9, 0x17a6c9,
	0xc0, 0xc0, 0xc0, 0xc0, 0xc0, 0xc0, 0xc0, 0xc0,
	0xc0, 0xc0, 0xc0, 0xc0, 0xc0, 0xc0, 0x1866c9, 0x1926c9,
	0x19e6c9, 0x1aa6c9, 0x1b66c9, 0x1c26c9, 0xc0, 0xc0, 0xc0, 0xc0,
	0xc0, 0xc0, 0xc0, 0xc0, 0xc0, 0xc0, 0xc0, 0xc0,
	0xc0, 0xc0, 0xc0, 0xc0, 0xc0, 0xc0, 0xc0, 0xc0,
	0xc0, 0xc0, 0x1ce6c9, 0xc0, 0xc0, 0xc0, 0xc0, 0xc0,
	0xc0, 0xc0, 0xc0, 0xc0, 0x1da6c9, 0x1e66c9, 0xc0, 0xc0,
	0xc0, 0xc0, 0xc0, 0xc0, 0xc0, 0xc0, 0xc0, 0xc0,
	0x1f26c9, 0x1fe6c9, 0xc0, 0xc0, 0xc0, 0xc0, 0xc0, 0xc0,
	0xc0, 0xc0, 0xc0, 0xc0, 0xc0, 0xc0, 0xc0, 0xc0,
	0x1cc, 0x1cc, 0x1cc, 0x1cc, 0x1cc, 0x1cc, 0x1cc, 0x1cc,
	0x1cc, 0x1cc, 0x1cc, 0x1cc, 0x1cc, 0x1cc, 0x1cc, 0x1cc,
	0x1cc, 0x1cc, 0x1cc, 0x1cc, 0x1cc, 0x1cc, 0x1cc, 0x1cc,
	0x1cc, 0x1cc, 0x1cc, 0x1cc, 0x1cc, 0x1cc, 0x1cc, 0x1cc,
	0xc0, 0xc0, 0xc0, 0xc0
};

static constexpr int32_t s_coll_eoTrieIndexLength = 2112;
static constexpr int32_t s_coll_eoTrieDataLength = 756;
static constexpr char32_t s_coll_eoTrieHighStart = 0xe000;
static constexpr int32_t s_coll_eoTrieHighValueIndex = 752;

static constexpr uint32_t s_coll_eoCe32s[87] = {
	0x0, 0x30020586, 0xa005, 0x30020505, 0xa005, 0x38020586, 0xa005, 0x38020505,
	0xa005, 0x50020586, 0xa005, 0x50020505, 0xa005, 0x54020586, 0xa205, 0x54020505,
	0xa205, 0x54020586, 0xbe05, 0x54020505, 0xbe05, 0x50020586, 0xca05, 0x50020505,
	0xca05, 0x3a020586, 0xc405, 0x3a020505, 0xc405, 0x3a020586, 0xa005, 0x3a020505,
	0xa005, 0x3a020586, 0xce05, 0x3a020505, 0xce05, 0x50020586, 0xc405, 0x50020505,
	0xc405, 0x54020586, 0xc605, 0x54020505, 0xc605, 0x54020586, 0xd005, 0x54020505,
	0xd005, 0x54020586, 0xcc05, 0x54020505, 0xcc05, 0x3a020505, 0xd205, 0x54020586,
	0xc405, 0x54020505, 0xc405, 0x5300059c, 0xbe05, 0xc405, 0x54020586, 0xbe05,
	0xc405, 0x53000505, 0xbe05, 0xc405, 0x54020505, 0xbe05, 0xc405, 0x2b0070a0,
	0x330005a2, 0x4f007005, 0x4f000513, 0x2b007005, 0x33000513, 0x12000505, 0x14000505, 0x16000505,
	0x18000505, 0x1a000505, 0x1c000505, 0x1e000505, 0x20000505, 0x22000505, 0x24000505
};

static constexpr char16_t s_coll_eoContexts[261] = {
	0x2f00, 0x59c, 0x30, 0x302, 0xf002, 0x586, 0x3700, 0x59c, 0x30, 0x302, 0xf802, 0x586,
	0x3900, 0x59c, 0x30, 0x302, 0xfa02, 0x586, 0x3d00, 0x59c, 0x30, 0x302, 0xfe02, 0x586,
	0x4f00, 0x59c, 0x30, 0x302, 0xffff, 0x5002, 0x586, 0x5300, 0x59c, 0x30, 0x306, 0xffff,
	0x5402, 0x586, 0x2f00, 0x505, 0x30, 0x302, 0xf002, 0x505, 0x3700, 0x505, 0x30, 0x302,
	0xf802, 0x505, 0x3900, 0x505, 0x30, 0x302, 0xfa02, 0x505, 0x3d00, 0x505, 0x30, 0x302,
	0xfe02, 0x505, 0x4f00, 0x505, 0x30, 0x302, 0xffff, 0x5002, 0x505, 0x5300, 0x505, 0x30,
	0x306, 0xffff, 0x5402, 0x505, 0x2f9c, 0xa0c4, 0x30, 0x302, 0xa2c5, 0x2f05, 0xa0c4, 0x30,
	0x302, 0xc000, 0x62c5, 0x379c, 0xa0c4, 0x30, 0x302, 0xc000, 0xa2c5, 0x3705, 0xa0c4, 0x30,
	0x302, 0xc000, 0xe2c5, 0x4f9c, 0xa0c4, 0x30, 0x302, 0xc001, 0x22c5, 0x4f05, 0xa0c4, 0x30,
	0x302, 0xc001, 0x62c5, 0x539c, 0xa2c4, 0x30, 0x306, 0xc001, 0xa2c5, 0x5305, 0xa2c4, 0x30,
	0x306, 0xc001, 0xe2c5, 0x539c, 0xbec4, 0x30, 0x306, 0xc002, 0x22c5, 0x5305, 0xbec4, 0x30,
	0x306, 0xc002, 0x62c5, 0x4f9c, 0xcac4, 0x30, 0x302, 0xc002, 0xa2c5, 0x4f05, 0xcac4, 0x30,
	0x302, 0xc002, 0xe2c5, 0x399c, 0xc4c4, 0x30, 0x302, 0xc003, 0x22c5, 0x3905, 0xc4c4, 0x30,
	0x302, 0xc003, 0x62c5, 0x399c, 0xa0c4, 0x30, 0x302, 0xc003, 0xa2c5, 0x3905, 0xa0c4, 0x30,
	0x302, 0xc003, 0xe2c5, 0x399c, 0xcec4, 0x30, 0x302, 0xc004, 0x22c5, 0x3905, 0xcec4, 0x30,
	0x302, 0xc004, 0x62c5, 0x4f9c, 0xc4c4, 0x30, 0x302, 0xc004, 0xa2c5, 0x4f05, 0xc4c4, 0x30,
	0x302, 0xc004, 0xe2c5, 0x539c, 0xc6c4, 0x30, 0x306, 0xc005, 0x22c5, 0x5305, 0xc6c4, 0x30,
	0x306, 0xc005, 0x62c5, 0x539c, 0xd0c4, 0x30, 0x306, 0xc005, 0xa2c5, 0x5305, 0xd0c4, 0x30,
	0x306, 0xc005, 0xe2c5, 0x539c, 0xccc4, 0x30, 0x306, 0xc006, 0x22c5, 0x5305, 0xccc4, 0x30,
	0x306, 0xc006, 0x62c5, 0x3905, 0xd2c4, 0x30, 0x302, 0xc006, 0xa2c5, 0x539c, 0xc4c4, 0x30,
	0x306, 0xc006, 0xe2c5, 0x5305, 0xc4c4, 0x30, 0x306, 0xc007, 0x22c5, 0x7, 0x63c5, 0x30,
	0x306, 0xc007, 0xc3c5, 0x8, 0x23c5, 0x30, 0x306, 0xc008, 0x83c5
};

static constexpr uint16_t s_coll_eoFastLatin[520] = {
	0x205, 0xc40, 0xde0, 0xe80, 0xea8, 0x418, 0x0, 0x0, 0x0, 0x0, 0x0, 0x0,
	0x0, 0x0, 0xc00, 0xc08, 0xc10, 0xc18, 0xc20, 0x0, 0x0, 0x0, 0x0, 0x0,
	0x0, 0x0, 0x0, 0x0, 0x0, 0x0, 0x0, 0x0, 0x0, 0x0, 0x0, 0x0,
	0x0, 0xc40, 0xca8, 0xcf0, 0xd78, 0xe98, 0xd80, 0xd70, 0xcd8, 0xd08, 0xd10, 0xd58,
	0xe30, 0xc90, 0xc60, 0xcd0, 0xd60, 0x10a8, 0x14a8, 0x18a8, 0x1ca8, 0x20a8, 0x24a8, 0x28a8,
	0x2ca8, 0x30a8, 0x34a8, 0xca0, 0xc98, 0xe50, 0xe58, 0xe60, 0xcb8, 0xd50, 0x38b9, 0x3cb9,
	0x41a, 0x48b9, 0x4cba, 0x50b9, 0x41c, 0x41e, 0x64ba, 0x420, 0x74b9, 0x78b9, 0x7cb9, 0x80ba,
	0x88b9, 0x8cb9, 0x90b9, 0x98b9, 0x422, 0xa4b9, 0x424, 0xb4b9, 0xb8b9, 0xbcb9, 0xc0b9, 0xc4b9,
	0xd18, 0xd68, 0xd20, 0xdf8, 0xc50, 0xde8, 0x38a8, 0x3ca8, 0x426, 0x48a8, 0x4ca8, 0x50a8,
	0x428, 0x42a, 0x64a8, 0x42c, 0x74a8, 0x78a8, 0x7ca8, 0x80a8, 0x88a8, 0x8ca8, 0x90a8, 0x98a8,
	0x42e, 0xa4a8, 0x430, 0xb4a8, 0xb8a8, 0xbca8, 0xc0a8, 0xc4a8, 0xd28, 0xe70, 0xd30, 0xe80,
	0x0, 0x0, 0x0, 0x0, 0x0, 0x0, 0xc28, 0x0, 0x0, 0x0, 0x0, 0x0,
	0x0, 0x0, 0x0, 0x0, 0x0, 0x0, 0x0, 0x0, 0x0, 0x0, 0x0, 0x0,
	0x0, 0x0, 0x0, 0x0, 0x0, 0x0, 0x0, 0x0, 0x0, 0xc42, 0xcb0, 0xe90,
	0xea0, 0xe88, 0xea8, 0xe78, 0xd40, 0xe08, 0xe20, 0x38aa, 0xcf8, 0xe68, 0x0, 0xe28,
	0xe00, 0xe18, 0xe38, 0x18a9, 0x1ca9, 0xdf0, 0x1, 0xd48, 0x1, 0xe10, 0x14a9, 0x88aa,
	0xd00, 0x1, 0x1, 0x1, 0xcc0, 0x39b9, 0x3999, 0x39f9, 0x3a99, 0x3a59, 0x3a39, 0x800,
	0x432, 0x4dba, 0x4d9a, 0x4dfa, 0x4e5a, 0x65ba, 0x659a, 0x65fa, 0x665a, 0x48d9, 0x829a, 0x89b9,
	0x8999, 0x89f9, 0x8a99, 0x8a59, 0xe48, 0x8ad9, 0xadb9, 0xad99, 0xadf9, 0xae59, 0xc199, 0xc8b9,
	0x802, 0x39a8, 0x3988, 0x39e8, 0x3a88, 0x3a48, 0x3a28, 0x804, 0x434, 0x4da8, 0x4d88, 0x4de8,
	0x4e48, 0x65a8, 0x6588, 0x65e8, 0x6648, 0x48c8, 0x8288, 0x89a8, 0x8988, 0x89e8, 0x8a88, 0x8a48,
	0xe40, 0x8ac8, 0xada8, 0xad88, 0xade8, 0xae48, 0xc188, 0xc8a8, 0xc248, 0x3b39, 0x3b28, 0x39d9,
	0x39c8, 0x3b19, 0x3b08, 0x4199, 0x4188, 0x44b9, 0x44a8, 0x42b9, 0x42a8, 0x4219, 0x4208, 0x4a19,
	0x4a08, 0x4b59, 0x4b48, 0x4f3a, 0x4f28, 0x4dda, 0x4dc8, 0x4eba, 0x4ea8, 0x4f1a, 0x4f08, 0x4e1a,
	0x4e08, 0x58b9, 0x58a8, 0x55d9, 0x55c8, 0x56b9, 0x56a8, 0x436, 0x438, 0x60b9, 0x60a8, 0x5f59,
	0x5f48, 0x669a, 0x6688, 0x673a, 0x6728, 0x65da, 0x65c8, 0x671a, 0x6708, 0x66ba, 0x68a8, 0x806,
	0x808, 0x70b9, 0x70a8, 0x76f9, 0x76e8, 0x94a8, 0x7999, 0x7988, 0x7af9, 0x7ae8, 0x7a19, 0x7a08,
	0x7b79, 0x7b68, 0x7b59, 0x7b48, 0x819a, 0x8188, 0x82fa, 0x82e8, 0x821a, 0x8208, 0x80a, 0x84b9,
	0x84a8, 0x8b39, 0x8b28, 0x89d9, 0x89c8, 0x8a79, 0x8a68, 0x80c, 0x80e, 0x9999, 0x9988, 0x9af9,
	0x9ae8, 0x9a19, 0x9a08, 0x9d9a, 0x9d88, 0xa0b9, 0xa0a8, 0x43a, 0x43c, 0x9e1a, 0x9e08, 0xa6f9,
	0xa6e8, 0xa619, 0xa608, 0xa8b9, 0xa8a8, 0xae99, 0xae88, 0xaf39, 0xaf28, 0xb0b9, 0xb0a8, 0xae39,
	0xae28, 0xae79, 0xae68, 0x43e, 0x440, 0xb9f9, 0xb9e8, 0xc1f9, 0xc1e8, 0xc259, 0xc599, 0xc588,
	0xc6b9, 0xc6a8, 0xc619, 0xc608, 0x9ce8, 0xc41, 0xc41, 0xc41, 0xc41, 0xc41, 0xc41, 0xc41,
	0xc42, 0xc41, 0xc41, 0xc41, 0x0, 0x0, 0x0, 0x0, 0x0, 0xc68, 0xc69, 0xc70,
	0xc78, 0xc80, 0xc88, 0xd38, 0xc58, 0x1, 0x1, 0x1, 0x1, 0x1, 0x1, 0x1,
	0x1, 0xd98, 0xda0, 0xda8, 0xdb0, 0xcd1, 0x810, 0x1, 0xdb8, 0xc30, 0xc38, 0x0,
	0x0, 0x0, 0x0, 0x0, 0xc42, 0xd88, 0xd90, 0xdc0, 0x812, 0x1, 0xdc8, 0x814,
	0x1, 0xdd0, 0xce0, 0xce8, 0xdd8, 0x816, 0xcc8, 0xc48, 0xde0, 0x38d9, 0x4cbb, 0x9cc8,
	0x9ca9, 0x38c8, 0x4ca9, 0x64bb, 0x6cbb, 0x64a9, 0x6ca9, 0xcca9, 0x80a9, 0x88d9, 0x4cbb, 0x88c8,
	0x4ca9, 0xcd1, 0xcd1, 0xdc1, 0xdc1, 0xdc9, 0xdc9, 0xca9, 0xca9, 0x5ff, 0x0, 0x5ff,
	0x40b9, 0x5ff, 0x54b9, 0x5ff, 0x5cb9, 0x5ff, 0x6cba, 0x5ff, 0x9cba, 0x5ff, 0xacb9, 0x5ff,
	0x40a8, 0x5ff, 0x54a8, 0x5ff, 0x5ca8, 0x5ff, 0x6ca8, 0x5ff, 0x9ca8, 0x5ff, 0xaca8, 0x5ff,
	0x42f9, 0x5ff, 0x42e8, 0x5ff, 0x56f9, 0x5ff, 0x56e8, 0x5ff, 0x9efa, 0x5ff, 0x9ee8, 0x5ff,
	0xaf19, 0x5ff, 0xaf08, 0x1ff
};

static constexpr uint16_t s_coll_eoFastLatinPrimaries[384] = {
	0x0, 0x0, 0x0, 0x0, 0x0, 0x0, 0x0, 0x0, 0x0, 0xc00, 0xc08, 0xc10,
	0xc18, 0xc20, 0x0, 0x0, 0x0, 0x0, 0x0, 0x0, 0x0, 0x0, 0x0, 0x0,
	0x0, 0x0, 0x0, 0x0, 0x0, 0x0, 0x0, 0x0, 0xc40, 0xca8, 0xcf0, 0xd78,
	0xe98, 0xd80, 0xd70, 0xcd8, 0xd08, 0xd10, 0xd58, 0xe30, 0xc90, 0xc60, 0xcd0, 0xd60,
	0x1000, 0x1400, 0x1800, 0x1c00, 0x2000, 0x2400, 0x2800, 0x2c00, 0x3000, 0x3400, 0xca0, 0xc98,
	0xe50, 0xe58, 0xe60, 0xcb8, 0xd50, 0x3800, 0x3c00, 0x0, 0x4800, 0x4c00, 0x5000, 0x0,
	0x0, 0x6400, 0x0, 0x7400, 0x7800, 0x7c00, 0x8000, 0x8800, 0x8c00, 0x9000, 0x9800, 0x0,
	0xa400, 0x0, 0xb400, 0xb800, 0xbc00, 0xc000, 0xc400, 0xd18, 0xd68, 0xd20, 0xdf8, 0xc50,
	0xde8, 0x3800, 0x3c00, 0x0, 0x4800, 0x4c00, 0x5000, 0x0, 0x0, 0x6400, 0x0, 0x7400,
	0x7800, 0x7c00, 0x8000, 0x8800, 0x8c00, 0x9000, 0x9800, 0x0, 0xa400, 0x0, 0xb400, 0xb800,
	0xbc00, 0xc000, 0xc400, 0xd28, 0xe70, 0xd30, 0xe80, 0x0, 0x0, 0x0, 0x0, 0x0,
	0x0, 0xc28, 0x0, 0x0, 0x0, 0x0, 0x0, 0x0, 0x0, 0x0, 0x0, 0x0,
	0x0, 0x0, 0x0, 0x0, 0x0, 0x0, 0x0, 0x0, 0x0, 0x0, 0x0, 0x0,
	0x0, 0x0, 0x0, 0x0, 0xc40, 0xcb0, 0xe90, 0xea0, 0xe88, 0xea8, 0xe78, 0xd40,
	0xe08, 0xe20, 0x3800, 0xcf8, 0xe68, 0x0, 0xe28, 0xe00, 0xe18, 0xe38, 0x1800, 0x1c00,
	0xdf0, 0x0, 0xd48, 0x0, 0xe10, 0x1400, 0x8800, 0xd00, 0x0, 0x0, 0x0, 0xcc0,
	0x3800, 0x3800, 0x3800, 0x3800, 0x3800, 0x3800, 0x0, 0x0, 0x4c00, 0x4c00, 0x4c00, 0x4c00,
	0x6400, 0x6400, 0x6400, 0x6400, 0x4800, 0x8000, 0x8800, 0x8800, 0x8800, 0x8800, 0x8800, 0xe48,
	0x8800, 0xac00, 0xac00, 0xac00, 0xac00, 0xc000, 0xc800, 0x0, 0x3800, 0x3800, 0x3800, 0x3800,
	0x3800, 0x3800, 0x0, 0x0, 0x4c00, 0x4c00, 0x4c00, 0x4c00, 0x6400, 0x6400, 0x6400, 0x6400,
	0x4800, 0x8000, 0x8800, 0x8800, 0x8800, 0x8800, 0x8800, 0xe40, 0x8800, 0xac00, 0xac00, 0xac00,
	0xac00, 0xc000, 0xc800, 0xc000, 0x3800, 0x3800, 0x3800, 0x3800, 0x3800, 0x3800, 0x4000, 0x4000,
	0x4400, 0x4400, 0x4000, 0x4000, 0x4000, 0x4000, 0x4800, 0x4800, 0x4800, 0x4800, 0x4c00, 0x4c00,
	0x4c00, 0x4c00, 0x4c00, 0x4c00, 0x4c00, 0x4c00, 0x4c00, 0x4c00, 0x5800, 0x5800, 0x5400, 0x5400,
	0x5400, 0x5400, 0x0, 0x0, 0x6000, 0x6000, 0x5c00, 0x5c00, 0x6400, 0x6400, 0x6400, 0x6400,
	0x6400, 0x6400, 0x6400, 0x6400, 0x6400, 0x6800, 0x0, 0x0, 0x7000, 0x7000, 0x7400, 0x7400,
	0x9400, 0x7800, 0x7800, 0x7800, 0x7800, 0x7800, 0x7800, 0x7800, 0x7800, 0x7800, 0x7800, 0x8000,
	0x8000, 0x8000, 0x8000, 0x8000, 0x8000, 0x0, 0x8400, 0x8400, 0x8800, 0x8800, 0x8800, 0x8800,
	0x8800, 0x8800, 0x0, 0x0, 0x9800, 0x9800, 0x9800, 0x9800, 0x9800, 0x9800, 0x9c00, 0x9c00,
	0xa000, 0xa000, 0x0, 0x0, 0x9c00, 0x9c00, 0xa400, 0xa400, 0xa400, 0xa400, 0xa800, 0xa800,
	0xac00, 0xac00, 0xac00, 0xac00, 0xb000, 0xb000, 0xac00, 0xac00, 0xac00, 0xac00, 0x0, 0x0,
	0xb800, 0xb800, 0xc000, 0xc000, 0xc000, 0xc400, 0xc400, 0xc400, 0xc400, 0xc400, 0xc400, 0x9c00
};

static constexpr int32_t s_coll_eoFastLatinMiniVarTop = 0xbff;

static constexpr uint32_t s_coll_eoNumericPrimary = 0x10000000;
static constexpr int32_t s_coll_eoOptions = 0x2010;
static constexpr int32_t s_coll_eoJamoCe32sStart = -1;

static constexpr uint16_t s_coll_esTrieIndex[2112] = {
	0x0, 0x8, 0x10, 0x18, 0x30, 0x38, 0x40, 0x48, 0x30, 0x38, 0x50, 0x58, 0x30, 0x38, 0x30, 0x38,
	0x30, 0x38, 0x30, 0x38, 0x30, 0x38, 0x30, 0x38, 0x30, 0x38, 0x30, 0x38, 0x30, 0x38, 0x30, 0x38,
	0x30, 0x38, 0x30, 0x38, 0x30, 0x38, 0x30, 0x38, 0x30, 0x38, 0x30, 0x38, 0x30, 0x38, 0x30, 0x38,
	0x30, 0x38, 0x30, 0x38, 0x30, 0x38, 0x30, 0x38, 0x30, 0x38, 0x30, 0x38, 0x30, 0x38, 0x30, 0x38,
	0x30, 0x30, 0x30, 0x30, 0x30, 0x30, 0x30, 0x30, 0x30, 0x30, 0x30, 0x30, 0x30, 0x30, 0x30, 0x30,
	0x30, 0x30, 0x30, 0x30, 0x30, 0x30, 0x30, 0x30, 0x30, 0x30, 0x30, 0x30, 0x30, 0x30, 0x30, 0x30,
	0x30, 0x30, 0x30, 0x30, 0x30, 0x30, 0x30, 0x30, 0x30, 0x30, 0x30, 0x30, 0x30, 0x30, 0x30, 0x30,
	0x30, 0x30, 0x30, 0x30, 0x30, 0x30, 0x30, 0x30, 0x30, 0x30, 0x30, 0x30, 0x30, 0x30, 0x30, 0x30,
	0x30, 0x30, 0x30, 0x30, 0x30, 0x30, 0x30, 0x30, 0x30, 0x30, 0x30, 0x30, 0x30, 0x30, 0x30, 0x30,
	0x30, 0x30, 0x30, 0x30, 0x30, 0x30, 0x30, 0x30, 0x30, 0x30, 0x30, 0x30, 0x30, 0x30, 0x30, 0x30,
	0x30, 0x30, 0x30, 0x30, 0x30, 0x30, 0x30, 0x30, 0x30, 0x30, 0x30, 0x30, 0x30, 0x30, 0x30, 0x30,
	0x30, 0x30, 0x30, 0x30, 0x30, 0x30, 0x30, 0x30, 0x30, 0x30, 0x30, 0x30, 0x30, 0x30, 0x30, 0x30,
	0x30, 0x30, 0x30, 0x30, 0x30, 0x30, 0x30, 0x30, 0x30, 0x30, 0x30, 0x30, 0x30, 0x30, 0x30, 0x30,
	0x30, 0x30, 0x30, 0x30, 0x30, 0x30, 0x30, 0x30, 0x30, 0x30, 0x30, 0x30, 0x30, 0x30, 0x30, 0x30,
	0x30, 0x30, 0x30, 0x30, 0x30, 0x30, 0x30, 0x30, 0x30, 0x30, 0x30, 0x30, 0x30, 0x30, 0x30, 0x30,
	0x30, 0x30, 0x6f, 0x30, 0x30, 0x30, 0x30, 0x30, 0x30, 0x30, 0x30, 0x30, 0x30, 0x30, 0x30, 0x30,
	0x30, 0x30, 0x30, 0x30, 0x30, 0x30, 0x30, 0x30, 0x30, 0x30, 0x30, 0x30, 0x30, 0x30, 0x30, 0x30,
	0x30, 0x30, 0x30, 0x30, 0x30, 0x30, 0x30, 0x30, 0x30, 0x30, 0x30, 0x30, 0x30, 0x30, 0x30, 0x30,
	0x30, 0x30, 0x30, 0x30, 0x30, 0x30, 0x30, 0x30, 0x30, 0x30, 0x30, 0x30, 0x30, 0x30, 0x30, 0x30,
	0x30, 0x30, 0x30, 0x30, 0x30, 0x30, 0x30, 0x30, 0x30, 0x30, 0x30, 0x30, 0x30, 0x30, 0x30, 0x30,
	0x30, 0x30, 0x30, 0x30, 0x30, 0x30, 0x30, 0x30, 0x30, 0x30, 0x30, 0x30, 0x30, 0x30, 0x30, 0x30,
	0x30, 0x30, 0x30, 0x30, 0x30, 0x30, 0x30, 0x30, 0x30, 0x30, 0x30, 0x30, 0x30, 0x30, 0x30, 0x30,
	0x30, 0x30, 0x30, 0x30, 0x30, 0x30, 0x30, 0x30, 0x30, 0x30, 0x30, 0x30, 0x30, 0x30, 0x30, 0x30,
	0x30, 0x30, 0x30, 0x30, 0x30, 0x30, 0x30, 0x30, 0x30, 0x30, 0x30, 0x30, 0x30, 0x30, 0x30, 0x30,
	0x30, 0x30, 0x30, 0x30, 0x30, 0x30, 0x30, 0x30, 0x30, 0x30, 0x30, 0x30, 0x30, 0x30, 0x30, 0x30,
	0x30, 0x30, 0x30, 0x30, 0x30, 0x30, 0x30, 0x30, 0x30, 0x30, 0x30, 0x30, 0x30, 0x30, 0x30, 0x30,
	0x30, 0x30, 0x30, 0x30, 0x30, 0x30, 0x30, 0x30, 0x30, 0x30, 0x30, 0x30, 0x30, 0x30, 0x30, 0x30,
	0x30, 0x30, 0x30, 0x30, 0x30, 0x30, 0x30, 0x30, 0x30, 0x30, 0x30, 0x30, 0x30, 0x30, 0x30, 0x30,
	0x30, 0x30, 0x30, 0x30, 0x30, 0x30, 0x30, 0x30, 0x30, 0x30, 0x30, 0x30, 0x30, 0x30, 0x30, 0x30,
	0x30, 0x30, 0x30, 0x30, 0x30, 0x30, 0x30, 0x30, 0x30, 0x30, 0x30, 0x30, 0x30, 0x30, 0x30, 0x30,
	0x30, 0x30, 0x30, 0x30, 0x30, 0x30, 0x30, 0x30, 0x30, 0x30, 0x30, 0x30, 0x30, 0x30, 0x30, 0x30,
	0x30, 0x30, 0x30, 0x30, 0x30, 0x30, 0x30, 0x30, 0x30, 0x30, 0x30, 0x30, 0x30, 0x30, 0x30, 0x30,
	0x30, 0x30, 0x30, 0x30, 0x30, 0x30, 0x30, 0x30, 0x30, 0x30, 0x30, 0x30, 0x30, 0x30, 0x30, 0x30,
	0x30, 0x30, 0x30, 0x30, 0x30, 0x30, 0x30, 0x30, 0x30, 0x30, 0x30, 0x30, 0x30, 0x30, 0x30, 0x30,
	0x30, 0x30, 0x30, 0x30, 0x30, 0x30, 0x30, 0x30, 0x30, 0x30, 0x30, 0x30, 0x30, 0x30, 0x30, 0x30,
	0x30, 0x30, 0x30, 0x30, 0x30, 0x30, 0x30, 0x30, 0x30, 0x30, 0x30, 0x30, 0x30, 0x30, 0x30, 0x30,
	0x30, 0x30, 0x30, 0x30, 0x30, 0x30, 0x30, 0x30, 0x30, 0x30, 0x30, 0x30, 0x30, 0x30, 0x30, 0x30,
	0x30, 0x30, 0x30, 0x30, 0x30, 0x30, 0x30, 0x30, 0x30, 0x30, 0x30, 0x30, 0x30, 0x30, 0x30, 0x30,
	0x30, 0x30, 0x30, 0x30, 0x30, 0x30, 0x30, 0x30, 0x30, 0x30, 0x30, 0x30, 0x30, 0x30, 0x30, 0x30,
	0x30, 0x30, 0x30, 0x30, 0x30, 0x30, 0x30, 0x30, 0x30, 0x30, 0x30, 0x30, 0x30, 0x30, 0x30, 0x30,
	0x30, 0x30, 0x30, 0x30, 0x30, 0x30, 0x30, 0x30, 0x30, 0x30, 0x30, 0x30, 0x30, 0x30, 0x30, 0x30,
	0x30, 0x30, 0x30, 0x30, 0x30, 0x30, 0x30, 0x30, 0x30, 0x30, 0x30, 0x30, 0x30, 0x30, 0x30, 0x30,
	0x30, 0x30, 0x30, 0x30, 0x30, 0x30, 0x30, 0x30, 0x30, 0x30, 0x30, 0x30, 0x30, 0x30, 0x30, 0x30,
	0x30, 0x30, 0x30, 0x30, 0x30, 0x30, 0x30, 0x30, 0x30, 0x30, 0x30, 0x30, 0x30, 0x30, 0x30, 0x30,
	0x30, 0x30, 0x30, 0x30, 0x30, 0x30, 0x30, 0x30, 0x30, 0x30, 0x30, 0x30, 0x30, 0x30, 0x30, 0x30,
	0x30, 0x30, 0x30, 0x30, 0x30, 0x30, 0x30, 0x30, 0x30, 0x30, 0x30, 0x30, 0x30, 0x30, 0x30, 0x30,
	0x30, 0x30, 0x30, 0x30, 0x30, 0x30, 0x30, 0x30, 0x30, 0x30, 0x30, 0x30, 0x30, 0x30, 0x30, 0x30,
	0x30, 0x30, 0x30, 0x30, 0x30, 0x30, 0x30, 0x30, 0x30, 0x30, 0x30, 0x30, 0x30, 0x30, 0x30, 0x30,
	0x30, 0x30, 0x30, 0x30, 0x30, 0x30, 0x30, 0x30, 0x30, 0x30, 0x30, 0x30, 0x30, 0x30, 0x30, 0x30,
	0x30, 0x30, 0x30, 0x30, 0x30, 0x30, 0x30, 0x30, 0x30, 0x30, 0x30, 0x30, 0x30, 0x30, 0x30, 0x30,
	0x30, 0x30, 0x30, 0x30, 0x30, 0x30, 0x30, 0x30, 0x30, 0x30, 0x30, 0x30, 0x30, 0x30, 0x30, 0x30,
	0x30, 0x30, 0x30, 0x30, 0x30, 0x30, 0x30, 0x30, 0x30, 0x30, 0x30, 0x30, 0x30, 0x30, 0x30, 0x30,
	0x30, 0x30, 0x30, 0x30, 0x30, 0x30, 0x30, 0x30, 0x30, 0x30, 0x30, 0x30, 0x30, 0x30, 0x30, 0x30,
	0x30, 0x30, 0x30, 0x30, 0x30, 0x30, 0x30, 0x30, 0x30, 0x30, 0x30, 0x30, 0x30, 0x30, 0x30, 0x30,
	0x30, 0x30, 0x30, 0x30, 0x30, 0x30, 0x30, 0x30, 0x30, 0x30, 0x30, 0x30, 0x30, 0x30, 0x30, 0x30,
	0x30, 0x30, 0x30, 0x30, 0x30, 0x30, 0x30, 0x30, 0x30, 0x30, 0x30, 0x30, 0x30, 0x30, 0x30, 0x30,
	0x30, 0x30, 0x30, 0x30, 0x30, 0x30, 0x30, 0x30, 0x30, 0x30, 0x30, 0x30, 0x30, 0x30, 0x30, 0x30,
	0x30, 0x30, 0x30, 0x30, 0x30, 0x30, 0x30, 0x30, 0x30, 0x30, 0x30, 0x30, 0x30, 0x30, 0x30, 0x30,
	0x30, 0x30, 0x30, 0x30, 0x30, 0x30, 0x30, 0x30, 0x30, 0x30, 0x30, 0x30, 0x30, 0x30, 0x30, 0x30,
	0x30, 0x30, 0x30, 0x30, 0x30, 0x30, 0x30, 0x30, 0x30, 0x30, 0x30, 0x30, 0x30, 0x30, 0x30, 0x30,
	0x30, 0x30, 0x30, 0x30, 0x30, 0x30, 0x30, 0x30, 0x30, 0x30, 0x30, 0x30, 0x30, 0x30, 0x30, 0x30,
	0x30, 0x30, 0x30, 0x30, 0x30, 0x30, 0x30, 0x30, 0x30, 0x30, 0x30, 0x30, 0x30, 0x30, 0x30, 0x30,
	0x30, 0x30, 0x30, 0x30, 0x30, 0x30, 0x30, 0x30, 0x30, 0x30, 0x30, 0x30, 0x30, 0x30, 0x30, 0x30,
	0x30, 0x30, 0x30, 0x30, 0x30, 0x30, 0x30, 0x30, 0x30, 0x30, 0x30, 0x30, 0x30, 0x30, 0x30, 0x30,
	0x30, 0x30, 0x30, 0x30, 0x30, 0x30, 0x30, 0x30, 0x30, 0x30, 0x30, 0x30, 0x30, 0x30, 0x30, 0x30,
	0x30, 0x30, 0x30, 0x30, 0x30, 0x30, 0x30, 0x30, 0x30, 0x30, 0x30, 0x30, 0x30, 0x30, 0x30, 0x30,
	0x30, 0x30, 0x30, 0x30, 0x30, 0x30, 0x30, 0x30, 0x30, 0x30, 0x30, 0x30, 0x30, 0x30, 0x30, 0x30,
	0x30, 0x30, 0x30, 0x30, 0x30, 0x30, 0x30, 0x30, 0x30, 0x30, 0x30, 0x30, 0x30, 0x30, 0x30, 0x30,
	0x30, 0x30, 0x30, 0x30, 0x30, 0x30, 0x30, 0x30, 0x30, 0x30, 0x30, 0x30, 0x30, 0x30, 0x30, 0x30,
	0x30, 0x30, 0x30, 0x30, 0x30, 0x30, 0x30, 0x30, 0x30, 0x30, 0x30, 0x30, 0x30, 0x30, 0x30, 0x30,
	0x30, 0x30, 0x30, 0x30, 0x30, 0x30, 0x30, 0x30, 0x30, 0x30, 0x30, 0x30, 0x30, 0x30, 0x30, 0x30,
	0x30, 0x30, 0x30, 0x30, 0x30, 0x30, 0x30, 0x30, 0x30, 0x30, 0x30, 0x30, 0x30, 0x30, 0x30, 0x30,
	0x30, 0x30, 0x30, 0x30, 0x30, 0x30, 0x30, 0x30, 0x30, 0x30, 0x30, 0x30, 0x30, 0x30, 0x30, 0x30,
	0x30, 0x30, 0x30, 0x30, 0x30, 0x30, 0x30, 0x30, 0x30, 0x30, 0x30, 0x30, 0x30, 0x30, 0x30, 0x30,
	0x30, 0x30, 0x30, 0x30, 0x30, 0x30, 0x30, 0x30, 0x30, 0x30, 0x30, 0x30, 0x30, 0x30, 0x30, 0x30,
	0x30, 0x30, 0x30, 0x30, 0x30, 0x30, 0x30, 0x30, 0x30, 0x30, 0x30, 0x30, 0x30, 0x30, 0x30, 0x30,
	0x30, 0x30, 0x30, 0x30, 0x30, 0x30, 0x30, 0x30, 0x30, 0x30, 0x30, 0x30, 0x30, 0x30, 0x30, 0x30,
	0x30, 0x30, 0x30, 0x30, 0x30, 0x30, 0x30, 0x30, 0x30, 0x30, 0x30, 0x30, 0x30, 0x30, 0x30, 0x30,
	0x30, 0x30, 0x30, 0x30, 0x30, 0x30, 0x30, 0x30, 0x30, 0x30, 0x30, 0x30, 0x30, 0x30, 0x30, 0x30,
	0x30, 0x30, 0x30, 0x30, 0x30, 0x30, 0x30, 0x30, 0x30, 0x30, 0x30, 0x30, 0x30, 0x30, 0x30, 0x30,
	0x30, 0x30, 0x30, 0x30, 0x30, 0x30, 0x30, 0x30, 0x30, 0x30, 0x30, 0x30, 0x30, 0x30, 0x30, 0x30,
	0x30, 0x30, 0x30, 0x30, 0x30, 0x30, 0x30, 0x30, 0x30, 0x30, 0x30, 0x30, 0x30, 0x30, 0x30, 0x30,
	0x30, 0x30, 0x30, 0x30, 0x30, 0x30, 0x30, 0x30, 0x30, 0x30, 0x30, 0x30, 0x30, 0x30, 0x30, 0x30,
	0x30, 0x30, 0x30, 0x30, 0x30, 0x30, 0x30, 0x30, 0x30, 0x30, 0x30, 0x30, 0x30, 0x30, 0x30, 0x30,
	0x30, 0x30, 0x30, 0x30, 0x30, 0x30, 0x30, 0x30, 0x30, 0x30, 0x30, 0x30, 0x30, 0x30, 0x30, 0x30,
	0x30, 0x30, 0x30, 0x30, 0x30, 0x30, 0x30, 0x30, 0x30, 0x30, 0x30, 0x30, 0x30, 0x30, 0x30, 0x30,
	0x77, 0x77, 0x77, 0x77, 0x77, 0x77, 0x77, 0x77, 0x77, 0x77, 0x77, 0x77, 0x77, 0x77, 0x77, 0x77,
	0x77, 0x77, 0x77, 0x77, 0x77, 0x77, 0x77, 0x77, 0x77, 0x77, 0x77, 0x77, 0x77, 0x77, 0x77, 0x77,
	0x77, 0x77, 0x77, 0x77, 0x77, 0x77, 0x77, 0x77, 0x77, 0x77, 0x77, 0x77, 0x77, 0x77, 0x77, 0x77,
	0x77, 0x77, 0x77, 0x77, 0x77, 0x77, 0x77, 0x77, 0x77, 0x77, 0x77, 0x77, 0x77, 0x77, 0x77, 0x77,
	0x77, 0x77, 0x77, 0x77, 0x77, 0x77, 0x77, 0x77, 0x77, 0x77, 0x77, 0x77, 0x77, 0x77, 0x77, 0x77,
	0x77, 0x77, 0x77, 0x77, 0x77, 0x77, 0x77, 0x77, 0x77, 0x77, 0x77, 0x77, 0x77, 0x77, 0x77, 0x77,
	0x77, 0x77, 0x77, 0x77, 0x77, 0x77, 0x77, 0x77, 0x77, 0x77, 0x77, 0x77, 0x77, 0x77, 0x77, 0x77,
	0x77, 0x77, 0x77, 0x77, 0x77, 0x77, 0x77, 0x77, 0x77, 0x77, 0x77, 0x77, 0x77, 0x77, 0x77, 0x77,
	0x77, 0x77, 0x77, 0x77, 0x77, 0x77, 0x77, 0x77, 0x77, 0x77, 0x77, 0x77, 0x77, 0x77, 0x77, 0x77,
	0x77, 0x77, 0x77, 0x77, 0x77, 0x77, 0x77, 0x77, 0x77, 0x77, 0x77, 0x77, 0x77, 0x77, 0x77, 0x77,
	0x77, 0x77, 0x77, 0x77, 0x77, 0x77, 0x77, 0x77, 0x77, 0x77, 0x77, 0x77, 0x77, 0x77, 0x77, 0x77,
	0x77, 0x77, 0x77, 0x77, 0x77, 0x77, 0x77, 0x77, 0x77, 0x77, 0x77, 0x77, 0x77, 0x77, 0x77, 0x77,
	0x77, 0x77, 0x77, 0x77, 0x77, 0x77, 0x77, 0x77, 0x77, 0x77, 0x77, 0x77, 0x77, 0x77, 0x77, 0x77,
	0x77, 0x77, 0x77, 0x77, 0x77, 0x77, 0x77, 0x77, 0x77, 0x77, 0x77, 0x77, 0x77, 0x77, 0x77, 0x77,
	0x77, 0x77, 0x77, 0x77, 0x77, 0x77, 0x77, 0x77, 0x77, 0x77, 0x77, 0x77, 0x77, 0x77, 0x77, 0x77,
	0x77, 0x77, 0x77, 0x77, 0x77, 0x77, 0x77, 0x77, 0x77, 0x77, 0x77, 0x77, 0x77, 0x77, 0x77, 0x77,
	0x77, 0x77, 0x77, 0x77, 0x77, 0x77, 0x77, 0x77, 0x77, 0x77, 0x77, 0x77, 0x77, 0x77, 0x77, 0x77,
	0x77, 0x77, 0x77, 0x77, 0x77, 0x77, 0x77, 0x77, 0x77, 0x77, 0x77, 0x77, 0x77, 0x77, 0x77, 0x77,
	0x77, 0x77, 0x77, 0x77, 0x77, 0x77, 0x77, 0x77, 0x77, 0x77, 0x77, 0x77, 0x77, 0x77, 0x77, 0x77,
	0x77, 0x77, 0x77, 0x77, 0x77, 0x77, 0x77, 0x77, 0x77, 0x77, 0x77, 0x77, 0x77, 0x77, 0x77, 0x77,
	0x77, 0x77, 0x77, 0x77, 0x77, 0x77, 0x77, 0x77, 0x77, 0x77, 0x77, 0x77, 0x77, 0x77, 0x77, 0x77,
	0x77, 0x77, 0x77, 0x77, 0x77, 0x77, 0x77, 0x77, 0x77, 0x77, 0x77, 0x77, 0x77, 0x68, 0x30, 0x30,
	0x60, 0x60, 0x60, 0x60, 0x60, 0x60, 0x60, 0x60, 0x60, 0x60, 0x60, 0x60, 0x60, 0x60, 0x60, 0x60,
	0x60, 0x60, 0x60, 0x60, 0x60, 0x60, 0x60, 0x60, 0x60, 0x60, 0x60, 0x60, 0x60, 0x60, 0x60, 0x60,
	0x30, 0x30, 0x30, 0x30, 0x30, 0x30, 0x30, 0x30, 0x30, 0x30, 0x30, 0x30, 0x30, 0x30, 0x30, 0x30,
	0x30, 0x30, 0x30, 0x30, 0x30, 0x30, 0x30, 0x30, 0x30, 0x30, 0x30, 0x30, 0x30, 0x30, 0x30, 0x30,
	0x30, 0x30, 0x30, 0x30, 0x30, 0x30, 0x30, 0x30, 0x30, 0x30, 0x30, 0x30, 0x30, 0x30, 0x30, 0x30,
	0x30, 0x30, 0x30, 0x30, 0x30, 0x30, 0x30, 0x30, 0x30, 0x30, 0x30, 0x30, 0x30, 0x30, 0x30, 0x30,
	0x30, 0x30, 0x30, 0x30, 0x30, 0x30, 0x30, 0x30, 0x30, 0x30, 0x30, 0x30, 0x30, 0x30, 0x30, 0x30,
	0x30, 0x30, 0x30, 0x30, 0x30, 0x30, 0x30, 0x30, 0x30, 0x30, 0x30, 0x30, 0x30, 0x30, 0x30, 0x30,
	0x30, 0x30, 0x30, 0x30, 0x30, 0x30, 0x30, 0x30, 0x30, 0x30, 0x30, 0x30, 0x30, 0x30, 0x30, 0x30,
	0x30, 0x30, 0x30, 0x30, 0x30, 0x30, 0x30, 0x30, 0x30, 0x30, 0x30, 0x30, 0x30, 0x30, 0x30, 0x30,
	0x30, 0x30, 0x30, 0x30, 0x30, 0x30, 0x30, 0x30, 0x30, 0x30, 0x30, 0x30, 0x30, 0x30, 0x30, 0x30,
	0x30, 0x30, 0x30, 0x30, 0x30, 0x30, 0x30, 0x30, 0x30, 0x30, 0x30, 0x30, 0x30, 0x30, 0x30, 0x30,
	0x30, 0x30, 0x30, 0x30, 0x30, 0x30, 0x30, 0x30, 0x30, 0x30, 0x30, 0x30, 0x30, 0x30, 0x30, 0x30,
	0x30, 0x30, 0x30, 0x30, 0x30, 0x30, 0x30, 0x30, 0x30, 0x30, 0x30, 0x30, 0x30, 0x30, 0x30, 0x30,
	0x30, 0x30, 0x30, 0x30, 0x30, 0x30, 0x30, 0x30, 0x30, 0x30, 0x30, 0x30, 0x30, 0x30, 0x30, 0x30,
	0x30, 0x30, 0x30, 0x30, 0x30, 0x30, 0x30, 0x30, 0x30, 0x30, 0x30, 0x30, 0x30, 0x30, 0x30, 0x30,
	0x30, 0x30, 0x30, 0x30, 0x30, 0x30, 0x30, 0x30, 0x30, 0x30, 0x30, 0x30, 0x30, 0x30, 0x30, 0x30,
	0x30, 0x30, 0x30, 0x30, 0x30, 0x30, 0x30, 0x30, 0x30, 0x30, 0x30, 0x30, 0x30, 0x30, 0x30, 0x30,
	0x30, 0x30, 0x30, 0x30, 0x30, 0x30, 0x30, 0x30, 0x30, 0x30, 0x30, 0x30, 0x30, 0x30, 0x30, 0x30,
	0x30, 0x30, 0x30, 0x30, 0x30, 0x30, 0x30, 0x30, 0x30, 0x30, 0x30, 0x30, 0x30, 0x30, 0x30, 0x30,
	0x30, 0x30, 0x30, 0x30, 0x30, 0x30, 0x30, 0x30, 0x30, 0x30, 0x30, 0x30, 0x30, 0x30, 0x30, 0x30,
	0x30, 0x30, 0x30, 0x30, 0x30, 0x30, 0x30, 0x30, 0x30, 0x30, 0x30, 0x30, 0x30, 0x30, 0x30, 0x30,
	0x80, 0x80, 0xc0, 0x100, 0xc0, 0x140, 0xc0, 0xc0, 0xc0, 0xc0, 0xc0, 0xc0, 0xc0, 0xc0, 0xc0, 0xc0,
	0xc0, 0xc0, 0xc0, 0xc0, 0xc0, 0xc0, 0xc0, 0xc0, 0xc0, 0xc0, 0xc0, 0xc0, 0xc0, 0xc0, 0xc0, 0xc0
};

static constexpr uint32_t s_coll_esTrieData[512] = {
	0xcb, 0x0, 0x0, 0x0, 0x0, 0x0, 0x0, 0x0,
	0x0, 0x3040505, 0x3060505, 0x3080505, 0x30a0505, 0x30c0505, 0x0, 0x0,
	0x0, 0x0, 0x0, 0x0, 0x0, 0x0, 0x0, 0x0,
	0x0, 0x0, 0x0, 0x0, 0x0, 0x0, 0x0, 0x0,
	0x4000505, 0x75a0505, 0x9760505, 0xa940505, 0xda90505, 0xa960505, 0xa8e0505, 0x9700505,
	0x97c0505, 0x97e0505, 0xa7e0505, 0xc7b0505, 0x6000505, 0x50e0505, 0x8000505, 0xa880505,
	0x2e0ca, 0x301ca, 0x322ca, 0x343ca, 0x364ca, 0x385ca, 0x3a6ca, 0x3c7ca,
	0x3e8ca, 0x409ca, 0x7360505, 0x72a0505, 0xc850505, 0xc870505, 0xc890505, 0x7640505,
	0xa7c0505, 0x2b00059c, 0x2d00059c, 0x2f00059c, 0x3100059c, 0x3300059c, 0x3500059c, 0x3700059c,
	0x3900059c, 0x3b00059c, 0x3d00059c, 0x3f00059c, 0x4100059c, 0x4300059c, 0x6c9, 0x4700059c,
	0x4900059c, 0x4b00059c, 0x4d00059c, 0x4f00059c, 0x5100059c, 0x5300059c, 0x5500059c, 0x570005a0,
	0x5900059c, 0x5b00059c, 0x5d00059c, 0x9800505, 0xa8a0505, 0x9820505, 0xc0a0505, 0x50a0505,
	0xc040505, 0x2b000505, 0x2d000505, 0x2f000505, 0x31000505, 0x33000505, 0x35000505, 0x37000505,
	0x39000505, 0x3b000505, 0x3d000505, 0x3f000505, 0x41000505, 0x43000505, 0xe6c9, 0x47000505,
	0x49000505, 0x4b000505, 0x4d000505, 0x4f000505, 0x51000505, 0x53000505, 0x55000505, 0x57000505,
	0x59000505, 0x5b000505, 0x5d000505, 0x9840505, 0xc8d0505, 0x9860505, 0xc910505, 0x0,
	0xfffd0505, 0xfffd0505, 0xfffd0505, 0xfffd0505, 0xfffd0505, 0xfffd0505, 0xfffd0505, 0xfffd0505,
	0xfffd0505, 0xfffd0505, 0xfffd0505, 0xfffd0505, 0xfffd0505, 0xfffd0505, 0xfffd0505, 0xfffd0505,
	0xfffd0505, 0xfffd0505, 0xfffd0505, 0xfffd0505, 0xfffd0505, 0xfffd0505, 0xfffd0505, 0xfffd0505,
	0xfffd0505, 0xfffd0505, 0xfffd0505, 0xfffd0505, 0xfffd0505, 0xfffd0505, 0xfffd0505, 0xfffd0505,
	0xfffd0505, 0xfffd0505, 0xfffd0505, 0xfffd0505, 0xfffd0505, 0xfffd0505, 0xfffd0505, 0xfffd0505,
	0xfffd0505, 0xfffd0505, 0xfffd0505, 0xfffd0505, 0xfffd0505, 0xfffd0505, 0xfffd0505, 0xfffd0505,
	0xfffd0505, 0xfffd0505, 0xfffd0505, 0xfffd0505, 0xfffd0505, 0xfffd0505, 0xfffd0505, 0xfffd0505,
	0xfffd0505, 0xfffd0505, 0xfffd0505, 0xfffd0505, 0xfffd0505, 0xfffd0505, 0xfffd0505, 0xfffd0505,
	0xc0, 0xc0, 0xc0, 0xc0, 0xc0, 0xc0, 0xc0, 0xc0,
	0xc0, 0xc0, 0xc0, 0xc0, 0xc0, 0xc0, 0xc0, 0xc0,
	0xc0, 0xc0, 0xc0, 0xc0, 0xc0, 0xc0, 0xc0, 0xc0,
	0xc0, 0xc0, 0xc0, 0xc0, 0xc0, 0xc0, 0xc0, 0xc0,
	0xc0, 0xc0, 0xc0, 0xc0, 0xc0, 0xc0, 0xc0, 0xc0,
	0xc0, 0xc0, 0xc0, 0xc0, 0xc0, 0xc0, 0xc0, 0xc0,
	0xc0, 0xc0, 0xc0, 0xc0, 0xc0, 0xc0, 0xc0, 0xc0,
	0xc0, 0xc0, 0xc0, 0xc0, 0xc0, 0xc0, 0xc0, 0xc0,
	0x2b9c8ac4, 0x2b9c88c4, 0x2b9c8ec4, 0x2b9c9ac4, 0x2b9c96c4, 0x2b9c92c4, 0x222c5, 0x2f9ca0c4,
	0x339c8ac4, 0x339c88c4, 0x339c8ec4, 0x339c96c4, 0x3b9c8ac4, 0x3b9c88c4, 0x3b9c8ec4, 0x3b9c96c4,
	0x310070a0, 0x46020586, 0x479c8ac4, 0x479c88c4, 0x479c8ec4, 0x479c9ac4, 0x479c96c4, 0xc830505,
	0x479c9ec4, 0x539c8ac4, 0x539c88c4, 0x539c8ec4, 0x539c96c4, 0x5b9c88c4, 0x5e2805a0, 0x262c5,
	0x2b058ac4, 0x2b0588c4, 0x2b058ec4, 0x2b059ac4, 0x2b0596c4, 0x2b0592c4, 0x2a2c5, 0x2f05a0c4,
	0x33058ac4, 0x330588c4, 0x33058ec4, 0x330596c4, 0x3b058ac4, 0x3b0588c4, 0x3b058ec4, 0x3b0596c4,
	0x31007005, 0x46020505, 0x47058ac4, 0x470588c4, 0x47058ec4, 0x47059ac4, 0x470596c4, 0xc810505,
	0x47059ec4, 0x53058ac4, 0x530588c4, 0x53058ec4, 0x530596c4, 0x5b0588c4, 0x5e280505, 0x5b0596c4,
	0xc0, 0xc0, 0xc0, 0xc0, 0xc0, 0x1c6c9, 0x266c9, 0xc0,
	0xc0, 0xc0, 0xc0, 0xc0, 0xc0, 0xc0, 0xc0, 0xc0,
	0xc0, 0xc0, 0xc0, 0xc0, 0xc0, 0xc0, 0xc0, 0xc0,
	0xc0, 0xc0, 0xc0, 0xc0, 0xc0, 0xc0, 0xc0, 0xc0,
	0xc0, 0xc0, 0xc0, 0xc0, 0xc0, 0xc0, 0xc0, 0xc0,
	0xc0, 0xc0, 0xc0, 0xc0, 0xc0, 0xc0, 0xc0, 0xc0,
	0xc0, 0xc0, 0xc0, 0xc0, 0xc0, 0xc0, 0xc0, 0xc0,
	0xc0, 0xc0, 0xc0, 0xc0, 0xc0, 0xc0, 0xc0, 0xc0,
	0x1cd, 0x1cd, 0x1cd, 0x1cd, 0x1cd, 0x1cd, 0x1cd, 0x1cd,
	0x1cd, 0x1cd, 0x1cd, 0x1cd, 0x1cd, 0x1cd, 0x1cd, 0x1cd,
	0x1cd, 0x1cd, 0x1cd, 0x1cd, 0x1cd, 0x1cd, 0x1cd, 0x1cd,
	0x1cd, 0x1cd, 0x1cd, 0x1cd, 0x1cd, 0x1cd, 0x1cd, 0x1cd,
	0x1cc, 0x1cc, 0x1cc, 0x1cc, 0xc0, 0xc0, 0xc0, 0xc0,
	0xc0, 0xc0, 0xc0, 0xc0, 0xc0, 0xc0, 0xc0, 0xc0,
	0xc0, 0xc0, 0xc0, 0xc0, 0xc0, 0xc0, 0xc0, 0xc0,
	0xc0, 0xc0, 0xc0, 0xc0, 0xc0, 0xc0, 0xc0, 0xc0,
	0xc0, 0xc0, 0x326c9, 0x3e6c9, 0x4a6c9, 0x566c9, 0x626c9, 0x6e6c9,
	0xc0, 0xc0, 0xc0, 0xc0, 0xc0, 0xc0, 0xc0, 0xc0,
	0xc0, 0xc0, 0xc0, 0xc0, 0xc0, 0xc0, 0xc0, 0xc0,
	0xc0, 0xc0, 0xc0, 0xc0, 0x1cc, 0x1cc, 0x1cc, 0x1cc,
	0x1cc, 0x1cc, 0x1cc, 0x1cc, 0x1cc, 0x1cc, 0x1cc, 0x1cc,
	0x1cc, 0x1cc, 0x1cc, 0x1cc, 0x1cc, 0x1cc, 0x1cc, 0x1cc,
	0x1cc, 0x1cc, 0x1cc, 0x1cc, 0x1cc, 0x1cc, 0x1cc, 0x1cc,
	0x1cc, 0x1cc, 0x1cc, 0x1cc, 0xc0, 0xc0, 0xc0, 0xc0
};

static constexpr int32_t s_coll_esTrieIndexLength = 2112;
static constexpr int32_t s_coll_esTrieDataLength = 512;
static constexpr char32_t s_coll_esTrieHighStart = 0xe000;
static constexpr int32_t s_coll_esTrieHighValueIndex = 508;

static constexpr uint32_t s_coll_esCe32s[33] = {
	0x0, 0x46020586, 0xa005, 0x46020505, 0xa005, 0x46020586, 0xc405, 0x46020505,
	0xc405, 0x46020586, 0xd205, 0x46020505, 0xd205, 0x46020586, 0xcc05, 0x46020505,
	0xcc05, 0x2b0070a0, 0x330005a2, 0x4f007005, 0x4f000513, 0x2b007005, 0x33000513, 0x12000505,
	0x14000505, 0x16000505, 0x18000505, 0x1a000505, 0x1c000505, 0x1e000505, 0x20000505, 0x22000505,
	0x24000505
};

static constexpr char16_t s_coll_esContexts[61] = {
	0x4500, 0x59c, 0x30, 0x303, 0xffff, 0x4602, 0x586, 0x4500, 0x505, 0x30, 0x303, 0xffff,
	0x4602, 0x505, 0x459c, 0xa0c4, 0x30, 0x303, 0xa2c5, 0x4505, 0xa0c4, 0x30, 0x303, 0xc000,
	0x62c5, 0x459c, 0xc4c4, 0x30, 0x303, 0xc000, 0xa2c5, 0x4505, 0xc4c4, 0x30, 0x303, 0xc000,
	0xe2c5, 0x459c, 0xd2c4, 0x30, 0x303, 0xc001, 0x22c5, 0x4505, 0xd2c4, 0x30, 0x303, 0xc001,
	0x62c5, 0x459c, 0xccc4, 0x30, 0x303, 0xc001, 0xa2c5, 0x4505, 0xccc4, 0x30, 0x303, 0xc001,
	0xe2c5
};

static constexpr uint16_t s_coll_esFastLatin[488] = {
	0x205, 0xc40, 0xde0, 0xe80, 0xea8, 0x418, 0x0, 0x0, 0x0, 0x0, 0x0, 0x0,
	0x0, 0x0, 0xc00, 0xc08, 0xc10, 0xc18, 0xc20, 0x0, 0x0, 0x0, 0x0, 0x0,
	0x0, 0x0, 0x0, 0x0, 0x0, 0x0, 0x0, 0x0, 0x0, 0x0, 0x0, 0x0,
	0x0, 0xc40, 0xca8, 0xcf0, 0xd78, 0xe98, 0xd80, 0xd70, 0xcd8, 0xd08, 0xd10, 0xd58,
	0xe30, 0xc90, 0xc60, 0xcd0, 0xd60, 0x10a8, 0x14a8, 0x18a8, 0x1ca8, 0x20a8, 0x24a8, 0x28a8,
	0x2ca8, 0x30a8, 0x34a8, 0xca0, 0xc98, 0xe50, 0xe58, 0xe60, 0xcb8, 0xd50, 0x38b9, 0x3cb9,
	0x40b9, 0x44b9, 0x48ba, 0x4cb9, 0x50b9, 0x54b9, 0x58ba, 0x60ba, 0x64b9, 0x68b9, 0x6cb9, 0x41a,
	0x7cb9, 0x80b9, 0x84b9, 0x8cb9, 0x90ba, 0x94b9, 0x9cb9, 0xa0b9, 0xa4b9, 0xa8b9, 0xacb9, 0xb0b9,
	0xd18, 0xd68, 0xd20, 0xdf8, 0xc50, 0xde8, 0x38a8, 0x3ca8, 0x40a8, 0x44a8, 0x48a8, 0x4ca8,
	0x50a8, 0x54a8, 0x58a8, 0x60a8, 0x64a8, 0x68a8, 0x6ca8, 0x41c, 0x7ca8, 0x80a8, 0x84a8, 0x8ca8,
	0x90a8, 0x94a8, 0x9ca8, 0xa0a8, 0xa4a8, 0xa8a8, 0xaca8, 0xb0a8, 0xd28, 0xe70, 0xd30, 0xe80,
	0x0, 0x0, 0x0, 0x0, 0x0, 0x0, 0xc28, 0x0, 0x0, 0x0, 0x0, 0x0,
	0x0, 0x0, 0x0, 0x0, 0x0, 0x0, 0x0, 0x0, 0x0, 0x0, 0x0, 0x0,
	0x0, 0x0, 0x0, 0x0, 0x0, 0x0, 0x0, 0x0, 0x0, 0xc42, 0xcb0, 0xe90,
	0xea0, 0xe88, 0xea8, 0xe78, 0xd40, 0xe08, 0xe20, 0x38aa, 0xcf8, 0xe68, 0x0, 0xe28,
	0xe00, 0xe18, 0xe38, 0x18a9, 0x1ca9, 0xdf0, 0x1, 0xd48, 0x1, 0xe10, 0x14a9, 0x7caa,
	0xd00, 0x1, 0x1, 0x1, 0xcc0, 0x39b9, 0x3999, 0x39f9, 0x3a99, 0x3a59, 0x3a39, 0x800,
	0x42f9, 0x49ba, 0x499a, 0x49fa, 0x4a5a, 0x59ba, 0x599a, 0x59fa, 0x5a5a, 0x44d9, 0x74b9, 0x7db9,
	0x7d99, 0x7df9, 0x7e99, 0x7e59, 0xe48, 0x7ed9, 0x9db9, 0x9d99, 0x9df9, 0x9e59, 0xad99, 0xb4b9,
	0x802, 0x39a8, 0x3988, 0x39e8, 0x3a88, 0x3a48, 0x3a28, 0x804, 0x42e8, 0x49a8, 0x4988, 0x49e8,
	0x4a48, 0x59a8, 0x5988, 0x59e8, 0x5a48, 0x44c8, 0x74a8, 0x7da8, 0x7d88, 0x7de8, 0x7e88, 0x7e48,
	0xe40, 0x7ec8, 0x9da8, 0x9d88, 0x9de8, 0x9e48, 0xad88, 0xb4a8, 0xae48, 0x3b39, 0x3b28, 0x39d9,
	0x39c8, 0x3b19, 0x3b08, 0x4199, 0x4188, 0x41f9, 0x41e8, 0x42b9, 0x42a8, 0x4219, 0x4208, 0x4619,
	0x4608, 0x4759, 0x4748, 0x4b3a, 0x4b28, 0x49da, 0x49c8, 0x4aba, 0x4aa8, 0x4b1a, 0x4b08, 0x4a1a,
	0x4a08, 0x51f9, 0x51e8, 0x51d9, 0x51c8, 0x52b9, 0x52a8, 0x52f9, 0x52e8, 0x55f9, 0x55e8, 0x5759,
	0x5748, 0x5a9a, 0x5a88, 0x5b3a, 0x5b28, 0x59da, 0x59c8, 0x5b1a, 0x5b08, 0x5aba, 0x5ca8, 0x806,
	0x808, 0x61fa, 0x61e8, 0x66f9, 0x66e8, 0x88a8, 0x6999, 0x6988, 0x6af9, 0x6ae8, 0x6a19, 0x6a08,
	0x6b79, 0x6b68, 0x6b59, 0x6b48, 0x719a, 0x7188, 0x41e, 0x420, 0x721a, 0x7208, 0x80a, 0x78b9,
	0x78a8, 0x7f39, 0x7f28, 0x7dd9, 0x7dc8, 0x7e79, 0x7e68, 0x80c, 0x80e, 0x8d99, 0x8d88, 0x8ef9,
	0x8ee8, 0x8e19, 0x8e08, 0x919a, 0x9188, 0x91fa, 0x91e8, 0x92fa, 0x92e8, 0x921a, 0x9208, 0x96f9,
	0x96e8, 0x9619, 0x9608, 0x98b9, 0x98a8, 0x9e99, 0x9e88, 0x9f39, 0x9f28, 0x9dd9, 0x9dc8, 0x9e39,
	0x9e28, 0x9e79, 0x9e68, 0x9f19, 0x9f08, 0xa5f9, 0xa5e8, 0xadf9, 0xade8, 0xae59, 0xb199, 0xb188,
	0xb2b9, 0xb2a8, 0xb219, 0xb208, 0x90e8, 0xc41, 0xc41, 0xc41, 0xc41, 0xc41, 0xc41, 0xc41,
	0xc42, 0xc41, 0xc41, 0xc41, 0x0, 0x0, 0x0, 0x0, 0x0, 0xc68, 0xc69, 0xc70,
	0xc78, 0xc80, 0xc88, 0xd38, 0xc58, 0x1, 0x1, 0x1, 0x1, 0x1, 0x1, 0x1,
	0x1, 0xd98, 0xda0, 0xda8, 0xdb0, 0xcd1, 0x810, 0x1, 0xdb8, 0xc30, 0xc38, 0x0,
	0x0, 0x0, 0x0, 0x0, 0xc42, 0xd88, 0xd90, 0xdc0, 0x812, 0x1, 0xdc8, 0x814,
	0x1, 0xdd0, 0xce0, 0xce8, 0xdd8, 0x816, 0xcc8, 0xc48, 0xde0, 0x38d9, 0x48bb, 0x90c8,
	0x90a9, 0x38c8, 0x48a9, 0x58bb, 0x60bb, 0x58a9, 0x60a9, 0xb8a9, 0x70a9, 0x7cd9, 0x48bb, 0x7cc8,
	0x48a9, 0xcd1, 0xcd1, 0xdc1, 0xdc1, 0xdc9, 0xdc9, 0xca9, 0xca9, 0x5ff, 0x0, 0x5ff,
	0x70ba, 0x5ff, 0x70a8, 0x5ff, 0x72fa, 0x5ff, 0x72e8, 0x1ff
};

static constexpr uint16_t s_coll_esFastLatinPrimaries[384] = {
	0x0, 0x0, 0x0, 0x0, 0x0, 0x0, 0x0, 0x0, 0x0, 0xc00, 0xc08, 0xc10,
	0xc18, 0xc20, 0x0, 0x0, 0x0, 0x0, 0x0, 0x0, 0x0, 0x0, 0x0, 0x0,
	0x0, 0x0, 0x0, 0x0, 0x0, 0x0, 0x0, 0x0, 0xc40, 0xca8, 0xcf0, 0xd78,
	0xe98, 0xd80, 0xd70, 0xcd8, 0xd08, 0xd10, 0xd58, 0xe30, 0xc90, 0xc60, 0xcd0, 0xd60,
	0x1000, 0x1400, 0x1800, 0x1c00, 0x2000, 0x2400, 0x2800, 0x2c00, 0x3000, 0x3400, 0xca0, 0xc98,
	0xe50, 0xe58, 0xe60, 0xcb8, 0xd50, 0x3800, 0x3c00, 0x4000, 0x4400, 0x4800, 0x4c00, 0x5000,
	0x5400, 0x5800, 0x6000, 0x6400, 0x6800, 0x6c00, 0x0, 0x7c00, 0x8000, 0x8400, 0x8c00, 0x9000,
	0x9400, 0x9c00, 0xa000, 0xa400, 0xa800, 0xac00, 0xb000, 0xd18, 0xd68, 0xd20, 0xdf8, 0xc50,
	0xde8, 0x3800, 0x3c00, 0x4000, 0x4400, 0x4800, 0x4c00, 0x5000, 0x5400, 0x5800, 0x6000, 0x6400,
	0x6800, 0x6c00, 0x0, 0x7c00, 0x8000, 0x8400, 0x8c00, 0x9000, 0x9400, 0x9c00, 0xa000, 0xa400,
	0xa800, 0xac00, 0xb000, 0xd28, 0xe70, 0xd30, 0xe80, 0x0, 0x0, 0x0, 0x0, 0x0,
	0x0, 0xc28, 0x0, 0x0, 0x0, 0x0, 0x0, 0x0, 0x0, 0x0, 0x0, 0x0,
	0x0, 0x0, 0x0, 0x0, 0x0, 0x0, 0x0, 0x0, 0x0, 0x0, 0x0, 0x0,
	0x0, 0x0, 0x0, 0x0, 0xc40, 0xcb0, 0xe90, 0xea0, 0xe88, 0xea8, 0xe78, 0xd40,
	0xe08, 0xe20, 0x3800, 0xcf8, 0xe68, 0x0, 0xe28, 0xe00, 0xe18, 0xe38, 0x1800, 0x1c00,
	0xdf0, 0x0, 0xd48, 0x0, 0xe10, 0x1400, 0x7c00, 0xd00, 0x0, 0x0, 0x0, 0xcc0,
	0x3800, 0x3800, 0x3800, 0x3800, 0x3800, 0x3800, 0x0, 0x4000, 0x4800, 0x4800, 0x4800, 0x4800,
	0x5800, 0x5800, 0x5800, 0x5800, 0x4400, 0x7400, 0x7c00, 0x7c00, 0x7c00, 0x7c00, 0x7c00, 0xe48,
	0x7c00, 0x9c00, 0x9c00, 0x9c00, 0x9c00, 0xac00, 0xb400, 0x0, 0x3800, 0x3800, 0x3800, 0x3800,
	0x3800, 0x3800, 0x0, 0x4000, 0x4800, 0x4800, 0x4800, 0x4800, 0x5800, 0x5800, 0x5800, 0x5800,
	0x4400, 0x7400, 0x7c00, 0x7c00, 0x7c00, 0x7c00, 0x7c00, 0xe40, 0x7c00, 0x9c00, 0x9c00, 0x9c00,
	0x9c00, 0xac00, 0xb400, 0xac00, 0x3800, 0x3800, 0x3800, 0x3800, 0x3800, 0x3800, 0x4000, 0x4000,
	0x4000, 0x4000, 0x4000, 0x4000, 0x4000, 0x4000, 0x4400, 0x4400, 0x4400, 0x4400, 0x4800, 0x4800,
	0x4800, 0x4800, 0x4800, 0x4800, 0x4800, 0x4800, 0x4800, 0x4800, 0x5000, 0x5000, 0x5000, 0x5000,
	0x5000, 0x5000, 0x5000, 0x5000, 0x5400, 0x5400, 0x5400, 0x5400, 0x5800, 0x5800, 0x5800, 0x5800,
	0x5800, 0x5800, 0x5800, 0x5800, 0x5800, 0x5c00, 0x0, 0x0, 0x6000, 0x6000, 0x6400, 0x6400,
	0x8800, 0x6800, 0x6800, 0x6800, 0x6800, 0x6800, 0x6800, 0x6800, 0x6800, 0x6800, 0x6800, 0x7000,
	0x7000, 0x0, 0x0, 0x7000, 0x7000, 0x0, 0x7800, 0x7800, 0x7c00, 0x7c00, 0x7c00, 0x7c00,
	0x7c00, 0x7c00, 0x0, 0x0, 0x8c00, 0x8c00, 0x8c00, 0x8c00, 0x8c00, 0x8c00, 0x9000, 0x9000,
	0x9000, 0x9000, 0x9000, 0x9000, 0x9000, 0x9000, 0x9400, 0x9400, 0x9400, 0x9400, 0x9800, 0x9800,
	0x9c00, 0x9c00, 0x9c00, 0x9c00, 0x9c00, 0x9c00, 0x9c00, 0x9c00, 0x9c00, 0x9c00, 0x9c00, 0x9c00,
	0xa400, 0xa400, 0xac00, 0xac00, 0xac00, 0xb000, 0xb000, 0xb000, 0xb000, 0xb000, 0xb000, 0x9000
};

static constexpr int32_t s_coll_esFastLatinMiniVarTop = 0xbff;

static constexpr uint32_t s_coll_esNumericPrimary = 0x10000000;
static constexpr int32_t s_coll_esOptions = 0x2010;
static constexpr int32_t s_coll_esJamoCe32sStart = -1;

static constexpr uint32_t s_coll_fr_CANumericPrimary = 0x10000000;
static constexpr int32_t s_coll_fr_CAOptions = 0x2810;
static constexpr int32_t s_coll_fr_CAJamoCe32sStart = -1;

static constexpr uint16_t s_coll_huTrieIndex[2112] = {
	0x0, 0x8, 0x10, 0x18, 0x30, 0x38, 0x40, 0x48, 0x30, 0x38, 0x50, 0x58, 0x5d, 0x65, 0x6a, 0x72,
	0x75, 0x7d, 0x30, 0x38, 0x30, 0x38, 0x30, 0x38, 0x30, 0x38, 0x30, 0x38, 0x30, 0x38, 0x30, 0x38,
	0x30, 0x38, 0x30, 0x38, 0x30, 0x38, 0x30, 0x38, 0x30, 0x38, 0x30, 0x38, 0x30, 0x38, 0x30, 0x38,
	0x30, 0x38, 0x30, 0x38, 0x30, 0x38, 0x30, 0x38, 0x30, 0x38, 0x30, 0x38, 0x30, 0x38, 0x30, 0x38,
	0x30, 0x30, 0x30, 0x30, 0x30, 0x30, 0x30, 0x30, 0x30, 0x30, 0x30, 0x30, 0x30, 0x30, 0x30, 0x30,
	0x30, 0x30, 0x30, 0x30, 0x30, 0x30, 0x30, 0x30, 0x30, 0x30, 0x30, 0x30, 0x30, 0x30, 0x30, 0x30,
	0x30, 0x30, 0x30, 0x30, 0x30, 0x30, 0x30, 0x30, 0x30, 0x30, 0x30, 0x30, 0x30, 0x30, 0x30, 0x30,
	0x30, 0x30, 0x30, 0x30, 0x30, 0x30, 0x30, 0x30, 0x30, 0x30, 0x30, 0x30, 0x30, 0x30, 0x30, 0x30,
	0x30, 0x30, 0x30, 0x30, 0x30, 0x30, 0x30, 0x30, 0x30, 0x30, 0x30, 0x30, 0x30, 0x30, 0x30, 0x30,
	0x30, 0x30, 0x30, 0x30, 0x30, 0x30, 0x30, 0x30, 0x30, 0x30, 0x30, 0x30, 0x30, 0x30, 0x30, 0x30,
	0x30, 0x30, 0x30, 0x30, 0x30, 0x30, 0x30, 0x30, 0x30, 0x30, 0x30, 0x30, 0x30, 0x30, 0x30, 0x30,
	0x30, 0x30, 0x30, 0x30, 0x30, 0x30, 0x30, 0x30, 0x30, 0x30, 0x30, 0x30, 0x30, 0x30, 0x30, 0x30,
	0x30, 0x30, 0x30, 0x30, 0x30, 0x30, 0x30, 0x30, 0x30, 0x30, 0x30, 0x30, 0x30, 0x30, 0x30, 0x30,
	0x30, 0x30, 0x30, 0x30, 0x30, 0x30, 0x30, 0x30, 0x30, 0x30, 0x30, 0x30, 0x30, 0x30, 0x30, 0x30,
	0x30, 0x30, 0x30, 0x30, 0x30, 0x30, 0x30, 0x30, 0x30, 0x30, 0x30, 0x30, 0x30, 0x30, 0x30, 0x30,
	0x30, 0x30, 0x30, 0x91, 0x30, 0x30, 0x97, 0x9f, 0x30, 0x30, 0x30, 0x30, 0x30, 0x30, 0x30, 0x30,
	0x30, 0x30, 0x30, 0x30, 0x30, 0x30, 0x30, 0x30, 0x30, 0x30, 0x30, 0x30, 0x30, 0x30, 0x30, 0x30,
	0x30, 0x30, 0x30, 0x30, 0x30, 0x30, 0x30, 0x30, 0x30, 0x30, 0x30, 0x30, 0x30, 0x30, 0x30, 0x30,
	0x30, 0x30, 0x30, 0x30, 0x30, 0x30, 0x30, 0x30, 0x30, 0x30, 0x30, 0x30, 0x30, 0x30, 0x30, 0x30,
	0x30, 0x30, 0x30, 0x30, 0x30, 0x30, 0x30, 0x30, 0x30, 0x30, 0x30, 0x30, 0x30, 0x30, 0x30, 0x30,
	0x30, 0x30, 0x30, 0x30, 0x30, 0x30, 0x30, 0x30, 0x30, 0x30, 0x30, 0x30, 0x30, 0x30, 0x30, 0x30,
	0x30, 0x30, 0x30, 0x30, 0x30, 0x30, 0x30, 0x30, 0x30, 0x30, 0x30, 0x30, 0x30, 0x30, 0x30, 0x30,
	0x30, 0x30, 0x30, 0x30, 0x30, 0x30, 0x30, 0x30, 0x30, 0x30, 0x30, 0x30, 0x30, 0x30, 0x30, 0x30,
	0x30, 0x30, 0x30, 0x30, 0x30, 0x30, 0x30, 0x30, 0x30, 0x30, 0x30, 0x30, 0x30, 0x30, 0x30, 0x30,
	0x30, 0x30, 0x30, 0x30, 0x30, 0x30, 0x30, 0x30, 0x30, 0x30, 0x30, 0x30, 0x30, 0x30, 0x30, 0x30,
	0x30, 0x30, 0x30, 0x30, 0x30, 0x30, 0x30, 0x30, 0x30, 0x30, 0x30, 0x30, 0x30, 0x30, 0x30, 0x30,
	0x30, 0x30, 0x30, 0x30, 0x30, 0x30, 0x30, 0x30, 0x30, 0x30, 0x30, 0x30, 0x30, 0x30, 0x30, 0x30,
	0x30, 0x30, 0x30, 0x30, 0x30, 0x30, 0x30, 0x30, 0x30, 0x30, 0x30, 0x30, 0x30, 0x30, 0x30, 0x30,
	0x30, 0x30, 0x30, 0x30, 0x30, 0x30, 0x30, 0x30, 0x30, 0x30, 0x30, 0x30, 0x30, 0x30, 0x30, 0x30,
	0x30, 0x30, 0x30, 0x30, 0x30, 0x30, 0x30, 0x30, 0x30, 0x30, 0x30, 0x30, 0x30, 0x30, 0x30, 0x30,
	0x30, 0x30, 0x30, 0x30, 0x30, 0x30, 0x30, 0x30, 0x30, 0x30, 0x30, 0x30, 0x30, 0x30, 0x30, 0x30,
	0x30, 0x30, 0x30, 0x30, 0x30, 0x30, 0x30, 0x30, 0x30, 0x30, 0x30, 0x30, 0x30, 0x30, 0x30, 0x30,
	0x30, 0x30, 0x30, 0x30, 0x30, 0x30, 0x30, 0x30, 0x30, 0x30, 0x30, 0x30, 0x30, 0x30, 0x30, 0x30,
	0x30, 0x30, 0x30, 0x30, 0x30, 0x30, 0x30, 0x30, 0x30, 0x30, 0x30, 0x30, 0x30, 0x30, 0x30, 0x30,
	0x30, 0x30, 0x30, 0x30, 0x30, 0x30, 0x30, 0x30, 0x30, 0x30, 0x30, 0x30, 0x30, 0x30, 0x30, 0x30,
	0x30, 0x30, 0x30, 0x30, 0x30, 0x30, 0x30, 0x30, 0x30, 0x30, 0x30, 0x30, 0x30, 0x30, 0x30, 0x30,
	0x30, 0x30, 0x30, 0x30, 0x30, 0x30, 0x30, 0x30, 0x30, 0x30, 0x30, 0x30, 0x30, 0x30, 0x30, 0x30,
	0x30, 0x30, 0x30, 0x30, 0x30, 0x30, 0x30, 0x30, 0x30, 0x30, 0x30, 0x30, 0x30, 0x30, 0x30, 0x30,
	0x30, 0x30, 0x30, 0x30, 0x30, 0x30, 0x30, 0x30, 0x30, 0x30, 0x30, 0x30, 0x30, 0x30, 0x30, 0x30,
	0x30, 0x30, 0x30, 0x30, 0x30, 0x30, 0x30, 0x30, 0x30, 0x30, 0x30, 0x30, 0x30, 0x30, 0x30, 0x30,
	0x30, 0x30, 0x30, 0x30, 0x30, 0x30, 0x30, 0x30, 0x30, 0x30, 0x30, 0x30, 0x30, 0x30, 0x30, 0x30,
	0x30, 0x30, 0x30, 0x30, 0x30, 0x30, 0x30, 0x30, 0x30, 0x30, 0x30, 0x30, 0x30, 0x30, 0x30, 0x30,
	0x30, 0x30, 0x30, 0x30, 0x30, 0x30, 0x30, 0x30, 0x30, 0x30, 0x30, 0x30, 0x30, 0x30, 0x30, 0x30,
	0x30, 0x30, 0x30, 0x30, 0x30, 0x30, 0x30, 0x30, 0x30, 0x30, 0x30, 0x30, 0x30, 0x30, 0x30, 0x30,
	0x30, 0x30, 0x30, 0x30, 0x30, 0x30, 0x30, 0x30, 0x30, 0x30, 0x30, 0x30, 0x30, 0x30, 0x30, 0x30,
	0x30, 0x30, 0x30, 0x30, 0x30, 0x30, 0x30, 0x30, 0x30, 0x30, 0x30, 0x30, 0x30, 0x30, 0x30, 0x30,
	0x30, 0x30, 0x30, 0x30, 0x30, 0x30, 0x30, 0x30, 0x30, 0x30, 0x30, 0x30, 0x30, 0x30, 0x30, 0x30,
	0x30, 0x30, 0x30, 0x30, 0x30, 0x30, 0x30, 0x30, 0x30, 0x30, 0x30, 0x30, 0x30, 0x30, 0x30, 0x30,
	0x30, 0x30, 0x30, 0x30, 0x30, 0x30, 0x30, 0x30, 0x30, 0x30, 0x30, 0x30, 0x30, 0x30, 0x30, 0x30,
	0x30, 0x30, 0x30, 0x30, 0x30, 0x30, 0x30, 0x30, 0x30, 0x30, 0x30, 0x30, 0x30, 0x30, 0x30, 0x30,
	0x30, 0x30, 0x30, 0x30, 0x30, 0x30, 0x30, 0x30, 0x30, 0x30, 0x30, 0x30, 0x30, 0x30, 0x30, 0x30,
	0x30, 0x30, 0x30, 0x30, 0x30, 0x30, 0x30, 0x30, 0x30, 0x30, 0x30, 0x30, 0x30, 0x30, 0x30, 0x30,
	0x30, 0x30, 0x30, 0x30, 0x30, 0x30, 0x30, 0x30, 0x30, 0x30, 0x30, 0x30, 0x30, 0x30, 0x30, 0x30,
	0x30, 0x30, 0x30, 0x30, 0x30, 0x30, 0x30, 0x30, 0x30, 0x30, 0x30, 0x30, 0x30, 0x30, 0x30, 0x30,
	0x30, 0x30, 0x30, 0x30, 0x30, 0x30, 0x30, 0x30, 0x30, 0x30, 0x30, 0x30, 0x30, 0x30, 0x30, 0x30,
	0x30, 0x30, 0x30, 0x30, 0x30, 0x30, 0x30, 0x30, 0x30, 0x30, 0x30, 0x30, 0x30, 0x30, 0x30, 0x30,
	0x30, 0x30, 0x30, 0x30, 0x30, 0x30, 0x30, 0x30, 0x30, 0x30, 0x30, 0x30, 0x30, 0x30, 0x30, 0x30,
	0x30, 0x30, 0x30, 0x30, 0x30, 0x30, 0x30, 0x30, 0x30, 0x30, 0x30, 0x30, 0x30, 0x30, 0x30, 0x30,
	0x30, 0x30, 0x30, 0x30, 0x30, 0x30, 0x30, 0x30, 0x30, 0x30, 0x30, 0x30, 0x30, 0x30, 0x30, 0x30,
	0x30, 0x30, 0x30, 0x30, 0x30, 0x30, 0x30, 0x30, 0x30, 0x30, 0x30, 0x30, 0x30, 0x30, 0x30, 0x30,
	0x30, 0x30, 0x30, 0x30, 0x30, 0x30, 0x30, 0x30, 0x30, 0x30, 0x30, 0x30, 0x30, 0x30, 0x30, 0x30,
	0x30, 0x30, 0x30, 0x30, 0x30, 0x30, 0x30, 0x30, 0x30, 0x30, 0x30, 0x30, 0x30, 0x30, 0x30, 0x30,
	0x30, 0x30, 0x30, 0x30, 0x30, 0x30, 0x30, 0x30, 0x30, 0x30, 0x30, 0x30, 0x30, 0x30, 0x30, 0x30,
	0x30, 0x30, 0x30, 0x30, 0x30, 0x30, 0x30, 0x30, 0x30, 0x30, 0x30, 0x30, 0x30, 0x30, 0x30, 0x30,
	0x30, 0x30, 0x30, 0x30, 0x30, 0x30, 0x30, 0x30, 0x30, 0x30, 0x30, 0x30, 0x30, 0x30, 0x30, 0x30,
	0x30, 0x30, 0x30, 0x30, 0x30, 0x30, 0x30, 0x30, 0x30, 0x30, 0x30, 0x30, 0x30, 0x30, 0x30, 0x30,
	0x30, 0x30, 0x30, 0x30, 0x30, 0x30, 0x30, 0x30, 0x30, 0x30, 0x30, 0x30, 0x30, 0x30, 0x30, 0x30,
	0x30, 0x30, 0x30, 0x30, 0x30, 0x30, 0x30, 0x30, 0x30, 0x30, 0x30, 0x30, 0x30, 0x30, 0x30, 0x30,
	0x30, 0x30, 0x30, 0x30, 0x30, 0x30, 0x30, 0x30, 0x30, 0x30, 0x30, 0x30, 0x30, 0x30, 0x30, 0x30,
	0x30, 0x30, 0x30, 0x30, 0x30, 0x30, 0x30, 0x30, 0x30, 0x30, 0x30, 0x30, 0x30, 0x30, 0x30, 0x30,
	0x30, 0x30, 0x30, 0x30, 0x30, 0x30, 0x30, 0x30, 0x30, 0x30, 0x30, 0x30, 0x30, 0x30, 0x30, 0x30,
	0x30, 0x30, 0x30, 0x30, 0x30, 0x30, 0x30, 0x30, 0x30, 0x30, 0x30, 0x30, 0x30, 0x30, 0x30, 0x30,
	0x30, 0x30, 0x30, 0x30, 0x30, 0x30, 0x30, 0x30, 0x30, 0x30, 0x30, 0x30, 0x30, 0x30, 0x30, 0x30,
	0x30, 0x30, 0x30, 0x30, 0x30, 0x30, 0x30, 0x30, 0x30, 0x30, 0x30, 0x30, 0x30, 0x30, 0x30, 0x30,
	0x30, 0x30, 0x30, 0x30, 0x30, 0x30, 0x30, 0x30, 0x30, 0x30, 0x30, 0x30, 0x30, 0x30, 0x30, 0x30,
	0x30, 0x30, 0x30, 0x30, 0x30, 0x30, 0x30, 0x30, 0x30, 0x30, 0x30, 0x30, 0x30, 0x30, 0x30, 0x30,
	0x30, 0x30, 0x30, 0x30, 0x30, 0x30, 0x30, 0x30, 0x30, 0x30, 0x30, 0x30, 0x30, 0x30, 0x30, 0x30,
	0x30, 0x30, 0x30, 0x30, 0x30, 0x30, 0x30, 0x30, 0x30, 0x30, 0x30, 0x30, 0x30, 0x30, 0x30, 0x30,
	0x30, 0x30, 0x30, 0x30, 0x30, 0x30, 0x30, 0x30, 0x30, 0x30, 0x30, 0x30, 0x30, 0x30, 0x30, 0x30,
	0x30, 0x30, 0x30, 0x30, 0x30, 0x30, 0x30, 0x30, 0x30, 0x30, 0x30, 0x30, 0x30, 0x30, 0x30, 0x30,
	0x30, 0x30, 0x30, 0x30, 0x30, 0x30, 0x30, 0x30, 0x30, 0x30, 0x30, 0x30, 0x30, 0x30, 0x30, 0x30,
	0x30, 0x30, 0x30, 0x30, 0x30, 0x30, 0x30, 0x30, 0x30, 0x30, 0x30, 0x30, 0x30, 0x30, 0x30, 0x30,
	0x30, 0x30, 0x30, 0x30, 0x30, 0x30, 0x30, 0x30, 0x30, 0x30, 0x30, 0x30, 0x30, 0x30, 0x30, 0x30,
	0x30, 0x30, 0x30, 0x30, 0x30, 0x30, 0x30, 0x30, 0x30, 0x30, 0x30, 0x30, 0x30, 0x30, 0x30, 0x30,
	0x30, 0x30, 0x30, 0x30, 0x30, 0x30, 0x30, 0x30, 0x30, 0x30, 0x30, 0x30, 0x30, 0x30, 0x30, 0x30,
	0x30, 0x30, 0x30, 0x30, 0x30, 0x30, 0x30, 0x30, 0x30, 0x30, 0x30, 0x30, 0x30, 0x30, 0x30, 0x30,
	0xa7, 0xa7, 0xa7, 0xa7, 0xa7, 0xa7, 0xa7, 0xa7, 0xa7, 0xa7, 0xa7, 0xa7, 0xa7, 0xa7, 0xa7, 0xa7,
	0xa7, 0xa7, 0xa7, 0xa7, 0xa7, 0xa7, 0xa7, 0xa7, 0xa7, 0xa7, 0xa7, 0xa7, 0xa7, 0xa7, 0xa7, 0xa7,
	0xa7, 0xa7, 0xa7, 0xa7, 0xa7, 0xa7, 0xa7, 0xa7, 0xa7, 0xa7, 0xa7, 0xa7, 0xa7, 0xa7, 0xa7, 0xa7,
	0xa7, 0xa7, 0xa7, 0xa7, 0xa7, 0xa7, 0xa7, 0xa7, 0xa7, 0xa7, 0xa7, 0xa7, 0xa7, 0xa7, 0xa7, 0xa7,
	0xa7, 0xa7, 0xa7, 0xa7, 0xa7, 0xa7, 0xa7, 0xa7, 0xa7, 0xa7, 0xa7, 0xa7, 0xa7, 0xa7, 0xa7, 0xa7,
	0xa7, 0xa7, 0xa7, 0xa7, 0xa7, 0xa7, 0xa7, 0xa7, 0xa7, 0xa7, 0xa7, 0xa7, 0xa7, 0xa7, 0xa7, 0xa7,
	0xa7, 0xa7, 0xa7, 0xa7, 0xa7, 0xa7, 0xa7, 0xa7, 0xa7, 0xa7, 0xa7, 0xa7, 0xa7, 0xa7, 0xa7, 0xa7,
	0xa7, 0xa7, 0xa7, 0xa7, 0xa7, 0xa7, 0xa7, 0xa7, 0xa7, 0xa7, 0xa7, 0xa7, 0xa7, 0xa7, 0xa7, 0xa7,
	0xa7, 0xa7, 0xa7, 0xa7, 0xa7, 0xa7, 0xa7, 0xa7, 0xa7, 0xa7, 0xa7, 0xa7, 0xa7, 0xa7, 0xa7, 0xa7,
	0xa7, 0xa7, 0xa7, 0xa7, 0xa7, 0xa7, 0xa7, 0xa7, 0xa7, 0xa7, 0xa7, 0xa7, 0xa7, 0xa7, 0xa7, 0xa7,
	0xa7, 0xa7, 0xa7, 0xa7, 0xa7, 0xa7, 0xa7, 0xa7, 0xa7, 0xa7, 0xa7, 0xa7, 0xa7, 0xa7, 0xa7, 0xa7,
	0xa7, 0xa7, 0xa7, 0xa7, 0xa7, 0xa7, 0xa7, 0xa7, 0xa7, 0xa7, 0xa7, 0xa7, 0xa7, 0xa7, 0xa7, 0xa7,
	0xa7, 0xa7, 0xa7, 0xa7, 0xa7, 0xa7, 0xa7, 0xa7, 0xa7, 0xa7, 0xa7, 0xa7, 0xa7, 0xa7, 0xa7, 0xa7,
	0xa7, 0xa7, 0xa7, 0xa7, 0xa7, 0xa7, 0xa7, 0xa7, 0xa7, 0xa7, 0xa7, 0xa7, 0xa7, 0xa7, 0xa7, 0xa7,
	0xa7, 0xa7, 0xa7, 0xa7, 0xa7, 0xa7, 0xa7, 0xa7, 0xa7, 0xa7, 0xa7, 0xa7, 0xa7, 0xa7, 0xa7, 0xa7,
	0xa7, 0xa7, 0xa7, 0xa7, 0xa7, 0xa7, 0xa7, 0xa7, 0xa7, 0xa7, 0xa7, 0xa7, 0xa7, 0xa7, 0xa7, 0xa7,
	0xa7, 0xa7, 0xa7, 0xa7, 0xa7, 0xa7, 0xa7, 0xa7, 0xa7, 0xa7, 0xa7, 0xa7, 0xa7, 0xa7, 0xa7, 0xa7,
	0xa7, 0xa7, 0xa7, 0xa7, 0xa7, 0xa7, 0xa7, 0xa7, 0xa7, 0xa7, 0xa7, 0xa7, 0xa7, 0xa7, 0xa7, 0xa7,
	0xa7, 0xa7, 0xa7, 0xa7, 0xa7, 0xa7, 0xa7, 0xa7, 0xa7, 0xa7, 0xa7, 0xa7, 0xa7, 0xa7, 0xa7, 0xa7,
	0xa7, 0xa7, 0xa7, 0xa7, 0xa7, 0xa7, 0xa7, 0xa7, 0xa7, 0xa7, 0xa7, 0xa7, 0xa7, 0xa7, 0xa7, 0xa7,
	0xa7, 0xa7, 0xa7, 0xa7, 0xa7, 0xa7, 0xa7, 0xa7, 0xa7, 0xa7, 0xa7, 0xa7, 0xa7, 0xa7, 0xa7, 0xa7,
	0xa7, 0xa7, 0xa7, 0xa7, 0xa7, 0xa7, 0xa7, 0xa7, 0xa7, 0xa7, 0xa7, 0xa7, 0xa7, 0x8d, 0x30, 0x30,
	0x85, 0x85, 0x85, 0x85, 0x85, 0x85, 0x85, 0x85, 0x85, 0x85, 0x85, 0x85, 0x85, 0x85, 0x85, 0x85,
	0x85, 0x85, 0x85, 0x85, 0x85, 0x85, 0x85, 0x85, 0x85, 0x85, 0x85, 0x85, 0x85, 0x85, 0x85, 0x85,
	0x30, 0x30, 0x30, 0x30, 0x30, 0x30, 0x30, 0x30, 0x30, 0x30, 0x30, 0x30, 0x30, 0x30, 0x30, 0x30,
	0x30, 0x30, 0x30, 0x30, 0x30, 0x30, 0x30, 0x30, 0x30, 0x30, 0x30, 0x30, 0x30, 0x30, 0x30, 0x30,
	0x30, 0x30, 0x30, 0x30, 0x30, 0x30, 0x30, 0x30, 0x30, 0x30, 0x30, 0x30, 0x30, 0x30, 0x30, 0x30,
	0x30, 0x30, 0x30, 0x30, 0x30, 0x30, 0x30, 0x30, 0x30, 0x30, 0x30, 0x30, 0x30, 0x30, 0x30, 0x30,
	0x30, 0x30, 0x30, 0x30, 0x30, 0x30, 0x30, 0x30, 0x30, 0x30, 0x30, 0x30, 0x30, 0x30, 0x30, 0x30,
	0x30, 0x30, 0x30, 0x30, 0x30, 0x30, 0x30, 0x30, 0x30, 0x30, 0x30, 0x30, 0x30, 0x30, 0x30, 0x30,
	0x30, 0x30, 0x30, 0x30, 0x30, 0x30, 0x30, 0x30, 0x30, 0x30, 0x30, 0x30, 0x30, 0x30, 0x30, 0x30,
	0x30, 0x30, 0x30, 0x30, 0x30, 0x30, 0x30, 0x30, 0x30, 0x30, 0x30, 0x30, 0x30, 0x30, 0x30, 0x30,
	0x30, 0x30, 0x30, 0x30, 0x30, 0x30, 0x30, 0x30, 0x30, 0x30, 0x30, 0x30, 0x30, 0x30, 0x30, 0x30,
	0x30, 0x30, 0x30, 0x30, 0x30, 0x30, 0x30, 0x30, 0x30, 0x30, 0x30, 0x30, 0x30, 0x30, 0x30, 0x30,
	0x30, 0x30, 0x30, 0x30, 0x30, 0x30, 0x30, 0x30, 0x30, 0x30, 0x30, 0x30, 0x30, 0x30, 0x30, 0x30,
	0x30, 0x30, 0x30, 0x30, 0x30, 0x30, 0x30, 0x30, 0x30, 0x30, 0x30, 0x30, 0x30, 0x30, 0x30, 0x30,
	0x30, 0x30, 0x30, 0x30, 0x30, 0x30, 0x30, 0x30, 0x30, 0x30, 0x30, 0x30, 0x30, 0x30, 0x30, 0x30,
	0x30, 0x30, 0x30, 0x30, 0x30, 0x30, 0x30, 0x30, 0x30, 0x30, 0x30, 0x30, 0x30, 0x30, 0x30, 0x30,
	0x30, 0x30, 0x30, 0x30, 0x30, 0x30, 0x30, 0x30, 0x30, 0x30, 0x30, 0x30, 0x30, 0x30, 0x30, 0x30,
	0x30, 0x30, 0x30, 0x30, 0x30, 0x30, 0x30, 0x30, 0x30, 0x30, 0x30, 0x30, 0x30, 0x30, 0x30, 0x30,
	0x30, 0x30, 0x30, 0x30, 0x30, 0x30, 0x30, 0x30, 0x30, 0x30, 0x30, 0x30, 0x30, 0x30, 0x30, 0x30,
	0x30, 0x30, 0x30, 0x30, 0x30, 0x30, 0x30, 0x30, 0x30, 0x30, 0x30, 0x30, 0x30, 0x30, 0x30, 0x30,
	0x30, 0x30, 0x30, 0x30, 0x30, 0x30, 0x30, 0x30, 0x30, 0x30, 0x30, 0x30, 0x30, 0x30, 0x30, 0x30,
	0x30, 0x30, 0x30, 0x30, 0x30, 0x30, 0x30, 0x30, 0x30, 0x30, 0x30, 0x30, 0x30, 0x30, 0x30, 0x30,
	0x80, 0x80, 0xc0, 0x100, 0xc0, 0x140, 0x174, 0x1a8, 0x1d4, 0xc0, 0xc0, 0xc0, 0xc0, 0xc0, 0xc0, 0xc0,
	0xc0, 0xc0, 0xc0, 0xc0, 0xc0, 0xc0, 0xc0, 0xc0, 0xc0, 0xc0, 0xc0, 0xc0, 0xc0, 0xc0, 0xc0, 0xc0
};

static constexpr uint32_t s_coll_huTrieData[704] = {
	0xcb, 0x0, 0x0, 0x0, 0x0, 0x0, 0x0, 0x0,
	0x0, 0x3040505, 0x3060505, 0x3080505, 0x30a0505, 0x30c0505, 0x0, 0x0,
	0x0, 0x0, 0x0, 0x0, 0x0, 0x0, 0x0, 0x0,
	0x0, 0x0, 0x0, 0x0, 0x0, 0x0, 0x0, 0x0,
	0x4000505, 0x75a0505, 0x9760505, 0xa940505, 0xda90505, 0xa960505, 0xa8e0505, 0x9700505,
	0x97c0505, 0x97e0505, 0xa7e0505, 0xc7b0505, 0x6000505, 0x50e0505, 0x8000505, 0xa880505,
	0x8b60ca, 0x8b81ca, 0x8ba2ca, 0x8bc3ca, 0x8be4ca, 0x8c05ca, 0x8c26ca, 0x8c47ca,
	0x8c68ca, 0x8c89ca, 0x7360505, 0x72a0505, 0xc850505, 0xc870505, 0xc890505, 0x7640505,
	0xa7c0505, 0x2b00059c, 0x2d00059c, 0xc9, 0x1420c9, 0x3300059c, 0x3500059c, 0x3420c9,
	0x3900059c, 0x3b00059c, 0x3d00059c, 0x3f00059c, 0x4740c9, 0x4300059c, 0x5aa0c9, 0x6e06c9,
	0x4900059c, 0x4b00059c, 0x4d00059c, 0x6f60c9, 0x7c80c9, 0x8fe6c9, 0x5500059c, 0x570005a0,
	0x5900059c, 0x5b00059c, 0x91a0c9, 0x9800505, 0xa8a0505, 0x9820505, 0xc0a0505, 0x50a0505,
	0xc040505, 0x2b000505, 0x2d000505, 0xa640c9, 0xb080c9, 0x33000505, 0x35000505, 0xc0a0c9,
	0x39000505, 0x3b000505, 0x3d000505, 0x3f000505, 0xcae0c9, 0x43000505, 0xd540c9, 0xdfa6c9,
	0x49000505, 0x4b000505, 0x4d000505, 0xe100c9, 0xe7a0c9, 0xf206c9, 0x55000505, 0x57000505,
	0x59000505, 0x5b000505, 0xf3c0c9, 0x9840505, 0xc8d0505, 0x9860505, 0xc910505, 0x0,
	0xfffd0505, 0xfffd0505, 0xfffd0505, 0xfffd0505, 0xfffd0505, 0xfffd0505, 0xfffd0505, 0xfffd0505,
	0xfffd0505, 0xfffd0505, 0xfffd0505, 0xfffd0505, 0xfffd0505, 0xfffd0505, 0xfffd0505, 0xfffd0505,
	0xfffd0505, 0xfffd0505, 0xfffd0505, 0xfffd0505, 0xfffd0505, 0xfffd0505, 0xfffd0505, 0xfffd0505,
	0xfffd0505, 0xfffd0505, 0xfffd0505, 0xfffd0505, 0xfffd0505, 0xfffd0505, 0xfffd0505, 0xfffd0505,
	0xfffd0505, 0xfffd0505, 0xfffd0505, 0xfffd0505, 0xfffd0505, 0xfffd0505, 0xfffd0505, 0xfffd0505,
	0xfffd0505, 0xfffd0505, 0xfffd0505, 0xfffd0505, 0xfffd0505, 0xfffd0505, 0xfffd0505, 0xfffd0505,
	0xfffd0505, 0xfffd0505, 0xfffd0505, 0xfffd0505, 0xfffd0505, 0xfffd0505, 0xfffd0505, 0xfffd0505,
	0xfffd0505, 0xfffd0505, 0xfffd0505, 0xfffd0505, 0xfffd0505, 0xfffd0505, 0xfffd0505, 0xfffd0505,
	0xc0, 0xc0, 0xc0, 0xc0, 0xc0, 0xc0, 0xc0, 0xc0,
	0xc0, 0xc0, 0xc0, 0xc0, 0xc0, 0xc0, 0xc0, 0xc0,
	0xc0, 0xc0, 0xc0, 0xc0, 0xc0, 0xc0, 0xc0, 0xc0,
	0xc0, 0xc0, 0xc0, 0xc0, 0xc0, 0xc0, 0xc0, 0xc0,
	0xc0, 0xc0, 0xc0, 0xc0, 0xc0, 0xc0, 0xc0, 0xc0,
	0xc0, 0xc0, 0xc0, 0xc0, 0xc0, 0xc0, 0xc0, 0xc0,
	0xc0, 0xc0, 0xc0, 0xc0, 0xc0, 0xc0, 0xc0, 0xc0,
	0xc0, 0xc0, 0xc0, 0xc0, 0xc0, 0xc0, 0xc0, 0xc0,
	0x2b9c8ac4, 0x2b9c88c4, 0x2b9c8ec4, 0x2b9c9ac4, 0x2b9c96c4, 0x2b9c92c4, 0x8aa2c5, 0x2f9ca0c4,
	0x339c8ac4, 0x339c88c4, 0x339c8ec4, 0x339c96c4, 0x3b9c8ac4, 0x3b9c88c4, 0x3b9c8ec4, 0x3b9c96c4,
	0x310070a0, 0x459c9ac4, 0x479c8ac4, 0x479c88c4, 0x479c8ec4, 0x479c9ac4, 0x48020586, 0xc830505,
	0x479c9ec4, 0x539c8ac4, 0x539c88c4, 0x539c8ec4, 0x54020586, 0x5b9c88c4, 0x5e2805a0, 0x8ae2c5,
	0x2b058ac4, 0x2b0588c4, 0x2b058ec4, 0x2b059ac4, 0x2b0596c4, 0x2b0592c4, 0x8b22c5, 0x2f05a0c4,
	0x33058ac4, 0x330588c4, 0x33058ec4, 0x330596c4, 0x3b058ac4, 0x3b0588c4, 0x3b058ec4, 0x3b0596c4,
	0x31007005, 0x45059ac4, 0x47058ac4, 0x470588c4, 0x47058ec4, 0x47059ac4, 0x48020505, 0xc810505,
	0x47059ec4, 0x53058ac4, 0x530588c4, 0x53058ec4, 0x54020505, 0x5b0588c4, 0x5e280505, 0x5b0596c4,
	0xc0, 0xc0, 0xc0, 0xc0, 0xc0, 0xc0, 0xc0, 0xc0,
	0xc0, 0xc0, 0xc0, 0xc0, 0xc0, 0xc0, 0xc0, 0xc0,
	0x48024686, 0x48024605, 0xc0, 0xc0, 0xc0, 0xc0, 0xc0, 0xc0,
	0xc0, 0xc0, 0xc0, 0xc0, 0xc0, 0xc0, 0xc0, 0xc0,
	0xc0, 0xc0, 0xc0, 0xc0, 0xc0, 0xc0, 0xc0, 0xc0,
	0xc0, 0xc0, 0xc0, 0xc0, 0xc0, 0xc0, 0xc0, 0xc0,
	0x54024686, 0x54024605, 0xfe26c9, 0xff46c9, 0xc0, 0xc0, 0xc0, 0xc0,
	0xc0, 0xc0, 0xc0, 0xc0, 0xc0, 0xc0, 0xc0, 0xc0,
	0xc0, 0xc0, 0xc0, 0xc0, 0xc0, 0xc0, 0xc0, 0xc0,
	0xc0, 0xc0, 0xc0, 0xc0, 0xc0, 0xc0, 0xc0, 0xc0,
	0xc0, 0xc0, 0xc0, 0xc0, 0x10066c9, 0x10186c9, 0xc0, 0xc0,
	0xc0, 0xc0, 0xc0, 0xc0, 0xc0, 0xc0, 0xc0, 0xc0,
	0xc0, 0xc0, 0xc0, 0x102a6c9, 0x103c6c9, 0xc0, 0xc0, 0xc0,
	0xc0, 0xc0, 0xc0, 0xc0, 0xc0, 0xc0, 0xc0, 0xc0,
	0xc0, 0xc0, 0xc0, 0xc0, 0xc0, 0xc0, 0xc0, 0xc0,
	0xc0, 0xc0, 0xc0, 0xc0, 0xc0, 0x7e22c5, 0x7e62c5, 0x4ce2c5,
	0x7682c5, 0x7ea2c5, 0x7ee2c5, 0x7f22c5, 0x7f62c5, 0xc0, 0xc0, 0xc0,
	0xc0, 0xc0, 0xc0, 0xc0, 0xc0, 0xc0, 0xc0, 0xc0,
	0xc0, 0xc0, 0x104e6c9, 0x10606c9, 0xc0, 0xc0, 0xc0, 0xc0,
	0xc0, 0xc0, 0xc0, 0xc0, 0xc0, 0xc0, 0xc0, 0xc0,
	0xc0, 0xc0, 0xc0, 0xc0, 0xc0, 0xc0, 0xc0, 0xc0,
	0xc0, 0xc0, 0xc0, 0xc0, 0xc0, 0xc0, 0xc0, 0xc0,
	0xc0, 0xc0, 0xc0, 0xc0, 0xc0, 0xc0, 0xc0, 0xc0,
	0xc0, 0xc0, 0xc0, 0xc0, 0xc0, 0xc0, 0x80a2c5, 0x80e2c5,
	0xc0, 0xc0, 0xc0, 0xc0, 0xc0, 0xc0, 0xc0, 0xc0,
	0xc0, 0xc0, 0xc0, 0xc0, 0xc0, 0xc0, 0xc0, 0xc0,
	0xc0, 0xc0, 0xc0, 0xc0, 0x1cd, 0x1cd, 0x1cd, 0x1cd,
	0x1cd, 0x1cd, 0x1cd, 0x1cd, 0x1cd, 0x1cd, 0x1cd, 0x1cd,
	0x1cd, 0x1cd, 0x1cd, 0x1cd, 0x1cd, 0x1cd, 0x1cd, 0x1cd,
	0x1cd, 0x1cd, 0x1cd, 0x1cd, 0x1cd, 0x1cd, 0x1cd, 0x1cd,
	0x1cd, 0x1cd, 0x1cd, 0x1cd, 0x1cc, 0x1cc, 0x1cc, 0x1cc,
	0xc0, 0xc0, 0xc0, 0xc0, 0xc0, 0xc0, 0xc0, 0xc0,
	0xc0, 0xc0, 0xc0, 0xc0, 0xc0, 0xc0, 0xc0, 0xc0,
	0xc0, 0xc0, 0xc0, 0xc0, 0xc0, 0xc0, 0xc0, 0xc0,
	0xc0, 0xc0, 0xc0, 0xc0, 0xc0, 0xc0, 0x10726c9, 0x10846c9,
	0x10966c9, 0x10a86c9, 0x10ba6c9, 0x10cc6c9, 0xc0, 0xc0, 0xc0, 0xc0,
	0xc0, 0xc0, 0xc0, 0xc0, 0xc0, 0xc0, 0xc0, 0xc0,
	0x10de6c9, 0x10f06c9, 0xc0, 0xc0, 0xc0, 0xc0, 0xc0, 0xc0,
	0xc0, 0xc0, 0xc0, 0xc0, 0xc0, 0xc0, 0xc0, 0xc0,
	0xc0, 0xc0, 0xc0, 0xc0, 0xc0, 0xc0, 0x11026c9, 0x11146c9,
	0x11266c9, 0x11386c9, 0xc0, 0xc0, 0xc0, 0xc0, 0xc0, 0xc0,
	0xc0, 0xc0, 0xc0, 0xc0, 0x114a6c9, 0x115c6c9, 0xc0, 0xc0,
	0xc0, 0xc0, 0xc0, 0xc0, 0xc0, 0xc0, 0xc0, 0xc0,
	0xc0, 0xc0, 0xc0, 0xc0, 0x1cc, 0x1cc, 0x1cc, 0x1cc,
	0x1cc, 0x1cc, 0x1cc, 0x1cc, 0x1cc, 0x1cc, 0x1cc, 0x1cc,
	0x1cc, 0x1cc, 0x1cc, 0x1cc, 0x1cc, 0x1cc, 0x1cc, 0x1cc,
	0x1cc, 0x1cc, 0x1cc, 0x1cc, 0x1cc, 0x1cc, 0x1cc, 0x1cc,
	0x1cc, 0x1cc, 0x1cc, 0x1cc, 0xc0, 0xc0, 0xc0, 0xc0
};

static constexpr int32_t s_coll_huTrieIndexLength = 2112;
static constexpr int32_t s_coll_huTrieDataLength = 704;
static constexpr char32_t s_coll_huTrieHighStart = 0xe000;
static constexpr int32_t s_coll_huTrieHighValueIndex = 700;

static constexpr uint32_t s_coll_huCe32s[1125] = {
	0x0, 0x3002058a, 0x30020589, 0x3002058a, 0x30020589, 0x8805, 0x3002058a, 0x30020589,
	0x8e05, 0x3002058a, 0x30020589, 0xa005, 0x3002058a, 0x30020589, 0x9005, 0x3002058a,
	0x30020589, 0xca05, 0x3002058a, 0x30020589, 0x9c05, 0x3002058a, 0x30020589, 0xc405,
	0x3002058a, 0x30020589, 0x8805, 0x9c05, 0x3002058a, 0x30020589, 0x9005, 0x9c05,
	0x3002058a, 0x30020589, 0xc405, 0x9c05, 0x30020548, 0x30020505, 0x30020548, 0x30020505,
	0x8805, 0x30020548, 0x30020505, 0x8e05, 0x30020548, 0x30020505, 0xa005, 0x30020548,
	0x30020505, 0x9005, 0x30020548, 0x30020505, 0xca05, 0x30020548, 0x30020505, 0x9c05,
	0x30020548, 0x30020505, 0xc405, 0x30020548, 0x30020505, 0x8805, 0x9c05, 0x30020548,
	0x30020505, 0x9005, 0x9c05, 0x30020548, 0x30020505, 0xc405, 0x9c05, 0x30020547,
	0x8805, 0x30020547, 0x8e05, 0x30020547, 0xa005, 0x30020547, 0x9005, 0x30020547,
	0xca05, 0x30020547, 0x9c05, 0x30020547, 0xc405, 0x30020547, 0x8805, 0x9c05,
	0x30020547, 0x9005, 0x9c05, 0x30020547, 0xc405, 0x9c05, 0x3202058a, 0x32020589,
	0x3203058a, 0x32030589, 0x3203058a, 0x32030589, 0x8805, 0x3203058a, 0x32030589, 0x8e05,
	0x3203058a, 0x32030589, 0xa005, 0x3203058a, 0x32030589, 0x9005, 0x3203058a, 0x32030589,
	0xca05, 0x3203058a, 0x32030589, 0x9c05, 0x3203058a, 0x32030589, 0xc405, 0x3203058a,
	0x32030589, 0x8805, 0x9c05, 0x3203058a, 0x32030589, 0x9005, 0x9c05, 0x3203058a,
	0x32030589, 0xc405, 0x9c05, 0x3202058a, 0x32020589, 0x8805, 0x3202058a, 0x32020589,
	0x9c05, 0x3202058a, 0x32020589, 0x9005, 0x3202058a, 0x32020589, 0x8e05, 0x3202058a,
	0x32020589, 0xc405, 0x3202058a, 0x32020589, 0xd205, 0x32020548, 0x32020505, 0x32030548,
	0x32030505, 0x32030548, 0x32030505, 0x8805, 0x32030548, 0x32030505, 0x8e05, 0x32030548,
	0x32030505, 0xa005, 0x32030548, 0x32030505, 0x9005, 0x32030548, 0x32030505, 0xca05,
	0x32030548, 0x32030505, 0x9c05, 0x32030548, 0x32030505, 0xc405, 0x32030548, 0x32030505,
	0x8805, 0x9c05, 0x32030548, 0x32030505, 0x9005, 0x9c05, 0x32030548, 0x32030505,
	0xc405, 0x9c05, 0x32020548, 0x32020505, 0x8805, 0x32020548, 0x32020505, 0x9c05,
	0x32020548, 0x32020505, 0x9005, 0x32020548, 0x32020505, 0x8e05, 0x32020548, 0x32020505,
	0xc405, 0x32020548, 0x32020505, 0xd205, 0x32030547, 0x8805, 0x32030547, 0x8e05,
	0x32030547, 0xa005, 0x32030547, 0x9005, 0x32030547, 0xca05, 0x32030547, 0x9c05,
	0x32030547, 0xc405, 0x32030547, 0x8805, 0x9c05, 0x32030547, 0x9005, 0x9c05,
	0x32030547, 0xc405, 0x9c05, 0x32020547, 0x8805, 0x32020547, 0x9c05, 0x32020547,
	0x9005, 0x32020547, 0x8e05, 0x32020547, 0xc405, 0x32020547, 0xd205, 0x3802058a,
	0x38020589, 0x3802058a, 0x38020589, 0x8805, 0x3802058a, 0x38020589, 0x8e05, 0x3802058a,
	0x38020589, 0x9605, 0x3802058a, 0x38020589, 0xa405, 0x3802058a, 0x38020589, 0x9c05,
	0x3802058a, 0x38020589, 0x8a05, 0x3802058a, 0x38020589, 0xc405, 0x3802058a, 0x38020589,
	0xb605, 0x3802058a, 0x38020589, 0x9a05, 0x38020548, 0x38020505, 0x38020548, 0x38020505,
	0x8805, 0x38020548, 0x38020505, 0x9605, 0x38020548, 0x38020505, 0x8e05, 0x38020548,
	0x38020505, 0xa405, 0x38020548, 0x38020505, 0x9c05, 0x38020548, 0x38020505, 0x9205,
	0x38020548, 0x38020505, 0x8a05, 0x38020548, 0x38020505, 0xc405, 0x38020548, 0x38020505,
	0xb605, 0x38020548, 0x38020505, 0x9a05, 0x38020547, 0x8805, 0x38020547, 0x9605,
	0x38020547, 0x8e05, 0x38020547, 0xa405, 0x38020547, 0x9c05, 0x38020547, 0x9205,
	0x38020547, 0x8a05, 0x38020547, 0xc405, 0x38020547, 0xb605, 0x38020547, 0x9a05,
	0x4202058a, 0x42020589, 0x4202058a, 0x42020589, 0x8805, 0x4202058a, 0x42020589, 0x8e05,
	0x4202058a, 0x42020589, 0x9605, 0x4202058a, 0x42020589, 0xa405, 0x4202058a, 0x42020589,
	0x9c05, 0x4202058a, 0x42020589, 0x8a05, 0x4202058a, 0x42020589, 0xc405, 0x4202058a,
	0x42020589, 0xb605, 0x4202058a, 0x42020589, 0x9a05, 0x42020548, 0x42020505, 0x42020548,
	0x42020505, 0x8805, 0x42020548, 0x42020505, 0x9605, 0x42020548, 0x42020505, 0x8e05,
	0x42020548, 0x42020505, 0xa405, 0x42020548, 0x42020505, 0x9c05, 0x42020548, 0x42020505,
	0x9205, 0x42020548, 0x42020505, 0x8a05, 0x42020548, 0x42020505, 0xc405, 0x42020548,
	0x42020505, 0xb605, 0x42020548, 0x42020505, 0x9a05, 0x42020547, 0x8805, 0x42020547,
	0x9605, 0x42020547, 0x8e05, 0x42020547, 0xa405, 0x42020547, 0x9c05, 0x42020547,
	0x9205, 0x42020547, 0x8a05, 0x42020547, 0xc405, 0x42020547, 0xb605, 0x42020547,
	0x9a05, 0x4602058a, 0x46020589, 0x4602058a, 0x46020589, 0x8805, 0x4602058a, 0x46020589,
	0x8e05, 0x4602058a, 0x46020589, 0x9605, 0x4602058a, 0x46020589, 0xa405, 0x4602058a,
	0x46020589, 0x9c05, 0x4602058a, 0x46020589, 0x8a05, 0x4602058a, 0x46020589, 0xc405,
	0x4602058a, 0x46020589, 0xb605, 0x4602058a, 0x46020589, 0x9a05, 0x46020548, 0x46020505,
	0x46020548, 0x46020505, 0x8805, 0x46020548, 0x46020505, 0x9605, 0x46020548, 0x46020505,
	0x8e05, 0x46020548, 0x46020505, 0xa405, 0x46020548, 0x46020505, 0x9c05, 0x46020548,
	0x46020505, 0x9205, 0x46020548, 0x46020505, 0x8a05, 0x46020548, 0x46020505, 0xc405,
	0x46020548, 0x46020505, 0xb605, 0x46020548, 0x46020505, 0x9a05, 0x46020547, 0x8805,
	0x46020547, 0x9605, 0x46020547, 0x8e05, 0x46020547, 0xa405, 0x46020547, 0x9c05,
	0x46020547, 0x9205, 0x46020547, 0x8a05, 0x46020547, 0xc405, 0x46020547, 0xb605,
	0x46020547, 0x9a05, 0x5002058a, 0x50020589, 0x5002058a, 0x50020589, 0x8805, 0x5002058a,
	0x50020589, 0x9c05, 0x5002058a, 0x50020589, 0x9005, 0x5002058a, 0x50020589, 0x8e05,
	0x5002058a, 0x50020589, 0xc405, 0x5002058a, 0x50020589, 0xd205, 0x50020548, 0x50020505,
	0x50020548, 0x50020505, 0x8805, 0x50020548, 0x50020505, 0x9c05, 0x50020548, 0x50020505,
	0x9005, 0x50020548, 0x50020505, 0x8e05, 0x50020548, 0x50020505, 0xc405, 0x50020548,
	0x50020505, 0xd205, 0x50020547, 0x8805, 0x50020547, 0x9c05, 0x50020547, 0x9005,
	0x50020547, 0x8e05, 0x50020547, 0xc405, 0x50020547, 0xd205, 0x5202058a, 0x52020589,
	0x5202058a, 0x52020589, 0x8805, 0x5202058a, 0x52020589, 0x8e05, 0x5202058a, 0x52020589,
	0x9605, 0x5202058a, 0x52020589, 0xa405, 0x5202058a, 0x52020589, 0x9c05, 0x5202058a,
	0x52020589, 0x8a05, 0x5202058a, 0x52020589, 0xc405, 0x5202058a, 0x52020589, 0xb605,
	0x5202058a, 0x52020589, 0x9a05, 0x52020548, 0x52020505, 0x52020548, 0x52020505, 0x8805,
	0x52020548, 0x52020505, 0x9605, 0x52020548, 0x52020505, 0x8e05, 0x52020548, 0x52020505,
	0xa405, 0x52020548, 0x52020505, 0x9c05, 0x52020548, 0x52020505, 0x9205, 0x52020548,
	0x52020505, 0x8a05, 0x52020548, 0x52020505, 0xc405, 0x52020548, 0x52020505, 0xb605,
	0x52020548, 0x52020505, 0x9a05, 0x52020547, 0x8805, 0x52020547, 0x9605, 0x52020547,
	0x8e05, 0x52020547, 0xa405, 0x52020547, 0x9c05, 0x52020547, 0x9205, 0x52020547,
	0x8a05, 0x52020547, 0xc405, 0x52020547, 0xb605, 0x52020547, 0x9a05, 0x54020586,
	0x8805, 0x5e02058a, 0x5e020589, 0x5e02058a, 0x5e020589, 0x8805, 0x5e02058a, 0x5e020589,
	0x8e05, 0x5e02058a, 0x5e020589, 0xa005, 0x5e02058a, 0x5e020589, 0x9005, 0x5e02058a,
	0x5e020589, 0xca05, 0x5e02058a, 0x5e020589, 0x9c05, 0x5e02058a, 0x5e020589, 0xc405,
	0x5e02058a, 0x5e020589, 0x8805, 0x9c05, 0x5e02058a, 0x5e020589, 0x9005, 0x9c05,
	0x5e02058a, 0x5e020589, 0xc405, 0x9c05, 0x5e020548, 0x5e020505, 0x5e020548, 0x5e020505,
	0x8805, 0x5e020548, 0x5e020505, 0x8e05, 0x5e020548, 0x5e020505, 0xa005, 0x5e020548,
	0x5e020505, 0x9005, 0x5e020548, 0x5e020505, 0xca05, 0x5e020548, 0x5e020505, 0x9c05,
	0x5e020548, 0x5e020505, 0xc405, 0x5e020548, 0x5e020505, 0x8805, 0x9c05, 0x5e020548,
	0x5e020505, 0x9005, 0x9c05, 0x5e020548, 0x5e020505, 0xc405, 0x9c05, 0x5e020547,
	0x8805, 0x5e020547, 0x8e05, 0x5e020547, 0xa005, 0x5e020547, 0x9005, 0x5e020547,
	0xca05, 0x5e020547, 0x9c05, 0x5e020547, 0xc405, 0x5e020547, 0x8805, 0x9c05,
	0x5e020547, 0x9005, 0x9c05, 0x5e020547, 0xc405, 0x9c05, 0x30020506, 0x30020505,
	0x30020506, 0x30020505, 0x8805, 0x30020506, 0x30020505, 0x8e05, 0x30020506, 0x30020505,
	0xa005, 0x30020506, 0x30020505, 0x9005, 0x30020506, 0x30020505, 0xca05, 0x30020506,
	0x30020505, 0x9c05, 0x30020506, 0x30020505, 0xc405, 0x30020506, 0x30020505, 0x8805,
	0x9c05, 0x30020506, 0x30020505, 0x9005, 0x9c05, 0x30020506, 0x30020505, 0xc405,
	0x9c05, 0x32020506, 0x32020505, 0x32030506, 0x32030505, 0x32030506, 0x32030505, 0x8805,
	0x32030506, 0x32030505, 0x8e05, 0x32030506, 0x32030505, 0xa005, 0x32030506, 0x32030505,
	0x9005, 0x32030506, 0x32030505, 0xca05, 0x32030506, 0x32030505, 0x9c05, 0x32030506,
	0x32030505, 0xc405, 0x32030506, 0x32030505, 0x8805, 0x9c05, 0x32030506, 0x32030505,
	0x9005, 0x9c05, 0x32030506, 0x32030505, 0xc405, 0x9c05, 0x32020506, 0x32020505,
	0x8805, 0x32020506, 0x32020505, 0x9c05, 0x32020506, 0x32020505, 0x9005, 0x32020506,
	0x32020505, 0x8e05, 0x32020506, 0x32020505, 0xc405, 0x32020506, 0x32020505, 0xd205,
	0x38020506, 0x38020505, 0x38020506, 0x38020505, 0x8805, 0x38020506, 0x38020505, 0x9605,
	0x38020506, 0x38020505, 0x8e05, 0x38020506, 0x38020505, 0xa405, 0x38020506, 0x38020505,
	0x9c05, 0x38020506, 0x38020505, 0x9205, 0x38020506, 0x38020505, 0x8a05, 0x38020506,
	0x38020505, 0xc405, 0x38020506, 0x38020505, 0xb605, 0x38020506, 0x38020505, 0x9a05,
	0x42020506, 0x42020505, 0x42020506, 0x42020505, 0x8805, 0x42020506, 0x42020505, 0x9605,
	0x42020506, 0x42020505, 0x8e05, 0x42020506, 0x42020505, 0xa405, 0x42020506, 0x42020505,
	0x9c05, 0x42020506, 0x42020505, 0x9205, 0x42020506, 0x42020505, 0x8a05, 0x42020506,
	0x42020505, 0xc405, 0x42020506, 0x42020505, 0xb605, 0x42020506, 0x42020505, 0x9a05,
	0x46020506, 0x46020505, 0x46020506, 0x46020505, 0x8805, 0x46020506, 0x46020505, 0x9605,
	0x46020506, 0x46020505, 0x8e05, 0x46020506, 0x46020505, 0xa405, 0x46020506, 0x46020505,
	0x9c05, 0x46020506, 0x46020505, 0x9205, 0x46020506, 0x46020505, 0x8a05, 0x46020506,
	0x46020505, 0xc405, 0x46020506, 0x46020505, 0xb605, 0x46020506, 0x46020505, 0x9a05,
	0x50020506, 0x50020505, 0x50020506, 0x50020505, 0x8805, 0x50020506, 0x50020505, 0x9c05,
	0x50020506, 0x50020505, 0x9005, 0x50020506, 0x50020505, 0x8e05, 0x50020506, 0x50020505,
	0xc405, 0x50020506, 0x50020505, 0xd205, 0x52020506, 0x52020505, 0x52020506, 0x52020505,
	0x8805, 0x52020506, 0x52020505, 0x9605, 0x52020506, 0x52020505, 0x8e05, 0x52020506,
	0x52020505, 0xa405, 0x52020506, 0x52020505, 0x9c05, 0x52020506, 0x52020505, 0x9205,
	0x52020506, 0x52020505, 0x8a05, 0x52020506, 0x52020505, 0xc405, 0x52020506, 0x52020505,
	0xb605, 0x52020506, 0x52020505, 0x9a05, 0x54020505, 0x8805, 0x5e020506, 0x5e020505,
	0x5e020506, 0x5e020505, 0x8805, 0x5e020506, 0x5e020505, 0x8e05, 0x5e020506, 0x5e020505,
	0xa005, 0x5e020506, 0x5e020505, 0x9005, 0x5e020506, 0x5e020505, 0xca05, 0x5e020506,
	0x5e020505, 0x9c05, 0x5e020506, 0x5e020505, 0xc405, 0x5e020506, 0x5e020505, 0x8805,
	0x9c05, 0x5e020506, 0x5e020505, 0x9005, 0x9c05, 0x5e020506, 0x5e020505, 0xc405,
	0x9c05, 0x54020586, 0xa205, 0x54024686, 0xa205, 0x54020505, 0xa205, 0x54024605,
	0xa205, 0x48020586, 0xbe05, 0x48024686, 0xbe05, 0x48020505, 0xbe05, 0x48024605,
	0xbe05, 0x54020586, 0xbe05, 0x54024686, 0xbe05, 0x54020505, 0xbe05, 0x54024605,
	0xbe05, 0x54020586, 0xa405, 0x54020505, 0xa405, 0x54020586, 0x9005, 0x54020505,
	0x9005, 0x54020586, 0x8a05, 0x54020505, 0x8a05, 0x48020586, 0xa205, 0x48024686,
	0xa205, 0x48020505, 0xa205, 0x48024605, 0xa205, 0x48020586, 0xa405, 0x48020505,
	0xa405, 0x54020586, 0xc605, 0x54024686, 0xc605, 0x54020505, 0xc605, 0x54024605,
	0xc605, 0x54020586, 0xd005, 0x54024686, 0xd005, 0x54020505, 0xd005, 0x54024605,
	0xd005, 0x54020586, 0xcc05, 0x54024686, 0xcc05, 0x54020505, 0xcc05, 0x54024605,
	0xcc05, 0x48020586, 0xc405, 0x48024686, 0xc405, 0x48020505, 0xc405, 0x48024605,
	0xc405, 0x4700059c, 0xbe05, 0xc405, 0x48020586, 0xbe05, 0xc405, 0x48024686,
	0xbe05, 0xc405, 0x47000505, 0xbe05, 0xc405, 0x48020505, 0xbe05, 0xc405,
	0x48024605, 0xbe05, 0xc405, 0x54020586, 0xc405, 0x54024686, 0xc405, 0x54020505,
	0xc405, 0x54024605, 0xc405, 0x5300059c, 0xbe05, 0xc405, 0x54020586, 0xbe05,
	0xc405, 0x54024686, 0xbe05, 0xc405, 0x53000505, 0xbe05, 0xc405, 0x54020505,
	0xbe05, 0xc405, 0x54024605, 0xbe05, 0xc405, 0x2b0070a0, 0x330005a2, 0x4f007005,
	0x4f000513, 0x2b007005, 0x33000513, 0x12000505, 0x14000505, 0x16000505, 0x18000505, 0x1a000505,
	0x1c000505, 0x1e000505, 0x20000505, 0x22000505, 0x24000505
};

static constexpr char16_t s_coll_huContexts[2231] = {
	0x2f00, 0x59c, 0x17, 0x218, 0x2a, 0x1e64, 0x14, 0x1e67, 0x9, 0x1e67, 0xc00b, 0x3c5,
	0x1e68, 0xc004, 0x23c5, 0x1e69, 0xc00b, 0x63c5, 0x1e64, 0xc003, 0x23c5, 0x1e65, 0xc00a, 0xa3c5,
	0x1e66, 0xc003, 0xa3c5, 0x1e61, 0x9, 0x1e61, 0xc00a, 0x22c5, 0x1e62, 0xc002, 0xc2c5, 0x1e63,
	0xc00a, 0x62c5, 0x218, 0xc002, 0x2c5, 0x219, 0xc009, 0xe2c5, 0x1e60, 0xc002, 0x62c5, 0x15c,
	0x14, 0x15f, 0x9, 0x15f, 0xc009, 0x62c5, 0x160, 0xc001, 0xa2c5, 0x161, 0xc009, 0xa2c5,
	0x15c, 0xc000, 0xe2c5, 0x15d, 0xc009, 0x22c5, 0x15e, 0xc001, 0x42c5, 0x73, 0x9, 0x73,
	0xf002, 0x547, 0x15a, 0xc000, 0x82c5, 0x15b, 0xc008, 0xe2c5, 0x43, 0x2a, 0x53, 0xf002,
	0x589, 0x63, 0xa, 0x219, 0x14, 0x1e65, 0x9, 0x1e65, 0xc007, 0x64c5, 0x1e67, 0xc007,
	0xe4c5, 0x1e69, 0xc008, 0x64c5, 0x219, 0xc006, 0x43c5, 0x1e61, 0xc006, 0xa3c5, 0x1e63, 0xc007,
	0x3c5, 0x73, 0xc004, 0x82c5, 0x15b, 0xc004, 0xc3c5, 0x15d, 0xc005, 0x23c5, 0x15f, 0xc005,
	0x83c5, 0x161, 0xc005, 0xe3c5, 0xa, 0x218, 0x14, 0x1e64, 0x9, 0x1e64, 0xc003, 0x4c5,
	0x1e66, 0xc003, 0x84c5, 0x1e68, 0xc004, 0x4c5, 0x218, 0xc001, 0xe3c5, 0x1e60, 0xc002, 0x43c5,
	0x1e62, 0xc002, 0xa3c5, 0x53, 0xa2c5, 0x15a, 0xc000, 0x63c5, 0x15c, 0xc000, 0xc3c5, 0x15e,
	0xc001, 0x23c5, 0x160, 0xc001, 0x83c5, 0x3100, 0x59c, 0xf, 0x17d, 0x1a, 0x1e92, 0xc,
	0x1e92, 0xc012, 0x2c5, 0x1e93, 0xc01d, 0x62c5, 0x1e94, 0xc012, 0x62c5, 0x1e95, 0xc01d, 0xa2c5,
	0x17d, 0xc011, 0x42c5, 0x17e, 0xc01c, 0xe2c5, 0x1e90, 0xc011, 0xa2c5, 0x1e91, 0xc01d, 0x22c5,
	0x179, 0xc, 0x179, 0xc010, 0x82c5, 0x17a, 0xc01c, 0x62c5, 0x17b, 0xc010, 0xe2c5, 0x17c,
	0xc01c, 0xa2c5, 0x44, 0x2d, 0x5a, 0x69, 0x64, 0x8f, 0x7a, 0x7fca, 0x3202, 0x547,
	0x219, 0x14, 0x1e65, 0x9, 0x1e65, 0xc01b, 0x43c5, 0x1e67, 0xc01b, 0xa3c5, 0x1e69, 0xc01c,
	0x3c5, 0x219, 0xc01a, 0x82c5, 0x1e61, 0xc01a, 0xc2c5, 0x1e63, 0xc01b, 0x2c5, 0x73, 0xf203,
	0x547, 0x15b, 0xc019, 0x82c5, 0x15d, 0xc019, 0xc2c5, 0x15f, 0xc01a, 0x2c5, 0x161, 0xc01a,
	0x42c5, 0x6, 0x17d, 0xc, 0x17d, 0xc011, 0x23c5, 0x1e90, 0xc011, 0x83c5, 0x1e92, 0xc011,
	0xe3c5, 0x1e94, 0xc012, 0x43c5, 0x5a, 0x6, 0x179, 0xc010, 0x63c5, 0x17b, 0xc010, 0xc3c5,
	0x430a, 0xc2c5, 0x218, 0x14, 0x1e64, 0x9, 0x1e64, 0xc00e, 0xe4c5, 0x1e66, 0xc00f, 0x64c5,
	0x1e68, 0xc00f, 0xe4c5, 0x218, 0xc00d, 0xc3c5, 0x1e60, 0xc00e, 0x23c5, 0x1e62, 0xc00e, 0x83c5,
	0x53, 0xc00c, 0x2c5, 0x15a, 0xc00c, 0x43c5, 0x15c, 0xc00c, 0xa3c5, 0x15e, 0xc00d, 0x3c5,
	0x160, 0xc00d, 0x63c5, 0x7fca, 0x3202, 0x589, 0x218, 0x14, 0x1e64, 0x9, 0x1e64, 0xc00f,
	0x3c5, 0x1e66, 0xc00f, 0x83c5, 0x1e68, 0xc010, 0x3c5, 0x218, 0xc00d, 0xe2c5, 0x1e60, 0xc00e,
	0x42c5, 0x1e62, 0xc00e, 0xa2c5, 0x53, 0xf203, 0x589, 0x15a, 0xc00c, 0x62c5, 0x15c, 0xc00c,
	0xc2c5, 0x15e, 0xc00d, 0x22c5, 0x160, 0xc00d, 0x82c5, 0x6, 0x17e, 0xc, 0x17e, 0xc018,
	0x3c5, 0x1e91, 0xc018, 0x63c5, 0x1e93, 0xc018, 0xc3c5, 0x1e95, 0xc019, 0x23c5, 0x7a, 0x6,
	0x17a, 0xc017, 0x43c5, 0x17c, 0xc017, 0xa3c5, 0x44ca, 0xa2c5, 0x219, 0x14, 0x1e65, 0x9,
	0x1e65, 0xc015, 0xc4c5, 0x1e67, 0xc016, 0x44c5, 0x1e69, 0xc016, 0xc4c5, 0x219, 0xc014, 0xa3c5,
	0x1e61, 0xc015, 0x3c5, 0x1e63, 0xc015, 0x63c5, 0x73, 0xc012, 0xe2c5, 0x15b, 0xc013, 0x23c5,
	0x15d, 0xc013, 0x83c5, 0x15f, 0xc013, 0xe3c5, 0x161, 0xc014, 0x43c5, 0x3700, 0x59c, 0x16,
	0x233, 0x2a, 0x1ef4, 0x14, 0x1ef7, 0x9, 0x1ef7, 0xc027, 0x82c5, 0x1ef8, 0xc021, 0x42c5,
	0x1ef9, 0xc027, 0xc2c5, 0x1ef4, 0xc020, 0x82c5, 0x1ef5, 0xc027, 0x42c5, 0x1ef6, 0xc020, 0xe2c5,
	0x1e99, 0x9, 0x1e99, 0xc026, 0xc2c5, 0x1ef2, 0xc020, 0x22c5, 0x1ef3, 0xc027, 0x2c5, 0x233,
	0xc026, 0x42c5, 0x1e8e, 0xc01f, 0xc2c5, 0x1e8f, 0xc026, 0x82c5, 0xfd, 0x14, 0x177, 0x9,
	0x177, 0xc026, 0x2c5, 0x178, 0xc01f, 0x2c5, 0x232, 0xc01f, 0x62c5, 0xfd, 0xc025, 0x82c5,
	0xff, 0xc025, 0xc2c5, 0x176, 0xc01e, 0xa2c5, 0x47, 0xb, 0x59, 0xf802, 0x589, 0x67,
	0x27, 0x79, 0xf802, 0x547, 0xdd, 0xc01e, 0x42c5, 0x9, 0x1e8e, 0xf, 0x1e8e, 0xc01f,
	0xa3c5, 0x1ef2, 0xc020, 0x3c5, 0x1ef4, 0xc020, 0x63c5, 0x1ef6, 0xc020, 0xc3c5, 0x1ef8, 0xc021,
	0x23c5, 0x59, 0xc01d, 0xe2c5, 0xdd, 0xc01e, 0x23c5, 0x176, 0xc01e, 0x83c5, 0x178, 0xc01e,
	0xe3c5, 0x232, 0xc01f, 0x43c5, 0xa, 0x1e8f, 0x14, 0x1ef5, 0x9, 0x1ef5, 0xc024, 0x63c5,
	0x1ef7, 0xc024, 0xc3c5, 0x1ef9, 0xc025, 0x23c5, 0x1e8f, 0xc023, 0x43c5, 0x1e99, 0xc023, 0xa3c5,
	0x1ef3, 0xc024, 0x3c5, 0x79, 0xc021, 0x82c5, 0xfd, 0xc021, 0xc3c5, 0xff, 0xc022, 0x23c5,
	0x177, 0xc022, 0x83c5, 0x233, 0xc022, 0xe3c5, 0x4100, 0x59c, 0x16, 0x233, 0x2a, 0x1ef4,
	0x14, 0x1ef7, 0x9, 0x1ef7, 0xc031, 0xa2c5, 0x1ef8, 0xc02b, 0x62c5, 0x1ef9, 0xc031, 0xe2c5,
	0x1ef4, 0xc02a, 0xa2c5, 0x1ef5, 0xc031, 0x62c5, 0x1ef6, 0xc02b, 0x2c5, 0x1e99, 0x9, 0x1e99,
	0xc030, 0xe2c5, 0x1ef2, 0xc02a, 0x42c5, 0x1ef3, 0xc031, 0x22c5, 0x233, 0xc030, 0x62c5, 0x1e8e,
	0xc029, 0xe2c5, 0x1e8f, 0xc030, 0xa2c5, 0xfd, 0x14, 0x177, 0x9, 0x177, 0xc030, 0x22c5,
	0x178, 0xc029, 0x22c5, 0x232, 0xc029, 0x82c5, 0xfd, 0xc02f, 0xa2c5, 0xff, 0xc02f, 0xe2c5,
	0x176, 0xc028, 0xc2c5, 0x4c, 0xd, 0x59, 0xffff, 0x4202, 0x589, 0x6c, 0x28, 0x79,
	0xffff, 0x4202, 0x547, 0xdd, 0xc028, 0x62c5, 0x9, 0x1e8e, 0xf, 0x1e8e, 0xc029, 0xc3c5,
	0x1ef2, 0xc02a, 0x23c5, 0x1ef4, 0xc02a, 0x83c5, 0x1ef6, 0xc02a, 0xe3c5, 0x1ef8, 0xc02b, 0x43c5,
	0x59, 0xc028, 0x2c5, 0xdd, 0xc028, 0x43c5, 0x176, 0xc028, 0xa3c5, 0x178, 0xc029, 0x3c5,
	0x232, 0xc029, 0x63c5, 0xa, 0x1e8f, 0x14, 0x1ef5, 0x9, 0x1ef5, 0xc02e, 0x83c5, 0x1ef7,
	0xc02e, 0xe3c5, 0x1ef9, 0xc02f, 0x43c5, 0x1e8f, 0xc02d, 0x63c5, 0x1e99, 0xc02d, 0xc3c5, 0x1ef3,
	0xc02e, 0x23c5, 0x79, 0xc02b, 0xa2c5, 0xfd, 0xc02b, 0xe3c5, 0xff, 0xc02c, 0x43c5, 0x177,
	0xc02c, 0xa3c5, 0x233, 0xc02d, 0x3c5, 0x4500, 0x59c, 0x16, 0x233, 0x2a, 0x1ef4, 0x14,
	0x1ef7, 0x9, 0x1ef7, 0xc03b, 0xc2c5, 0x1ef8, 0xc035, 0x82c5, 0x1ef9, 0xc03c, 0x2c5, 0x1ef4,
	0xc034, 0xc2c5, 0x1ef5, 0xc03b, 0x82c5, 0x1ef6, 0xc035, 0x22c5, 0x1e99, 0x9, 0x1e99, 0xc03b,
	0x2c5, 0x1ef2, 0xc034, 0x62c5, 0x1ef3, 0xc03b, 0x42c5, 0x233, 0xc03a, 0x82c5, 0x1e8e, 0xc034,
	0x2c5, 0x1e8f, 0xc03a, 0xc2c5, 0xfd, 0x14, 0x177, 0x9, 0x177, 0xc03a, 0x42c5, 0x178,
	0xc033, 0x42c5, 0x232, 0xc033, 0xa2c5, 0xfd, 0xc039, 0xc2c5, 0xff, 0xc03a, 0x2c5, 0x176,
	0xc032, 0xe2c5, 0x4e, 0xd, 0x59, 0xffff, 0x4602, 0x589, 0x6e, 0x28, 0x79, 0xffff,
	0x4602, 0x547, 0xdd, 0xc032, 0x82c5, 0x9, 0x1e8e, 0xf, 0x1e8e, 0xc033, 0xe3c5, 0x1ef2,
	0xc034, 0x43c5, 0x1ef4, 0xc034, 0xa3c5, 0x1ef6, 0xc035, 0x3c5, 0x1ef8, 0xc035, 0x63c5, 0x59,
	0xc032, 0x22c5, 0xdd, 0xc032, 0x63c5, 0x176, 0xc032, 0xc3c5, 0x178, 0xc033, 0x23c5, 0x232,
	0xc033, 0x83c5, 0xa, 0x1e8f, 0x14, 0x1ef5, 0x9, 0x1ef5, 0xc038, 0xa3c5, 0x1ef7, 0xc039,
	0x3c5, 0x1ef9, 0xc039, 0x63c5, 0x1e8f, 0xc037, 0x83c5, 0x1e99, 0xc037, 0xe3c5, 0x1ef3, 0xc038,
	0x43c5, 0x79, 0xc035, 0xc2c5, 0xfd, 0xc036, 0x3c5, 0xff, 0xc036, 0x63c5, 0x177, 0xc036,
	0xc3c5, 0x233, 0xc037, 0x23c5, 0x4700, 0x59c, 0x1, 0x308, 0xffff, 0x4802, 0x586, 0x30b,
	0xffff, 0x4802, 0x4686, 0x4f00, 0x59c, 0xf, 0x17d, 0x1a, 0x1e92, 0xc, 0x1e92, 0xc03e,
	0x22c5, 0x1e93, 0xc042, 0x42c5, 0x1e94, 0xc03e, 0x82c5, 0x1e95, 0xc042, 0x82c5, 0x17d, 0xc03d,
	0x62c5, 0x17e, 0xc041, 0xc2c5, 0x1e90, 0xc03d, 0xc2c5, 0x1e91, 0xc042, 0x2c5, 0x179, 0xc,
	0x179, 0xc03c, 0xa2c5, 0x17a, 0xc041, 0x42c5, 0x17b, 0xc03d, 0x2c5, 0x17c, 0xc041, 0x82c5,
	0x53, 0xa, 0x5a, 0xffff, 0x5002, 0x589, 0x73, 0x1c, 0x7a, 0xffff, 0x5002, 0x547,
	0x6, 0x17d, 0xc, 0x17d, 0xc03d, 0x43c5, 0x1e90, 0xc03d, 0xa3c5, 0x1e92, 0xc03e, 0x3c5,
	0x1e94, 0xc03e, 0x63c5, 0x5a, 0xc03c, 0x42c5, 0x179, 0xc03c, 0x83c5, 0x17b, 0xc03c, 0xe3c5,
	0x6, 0x17e, 0xc, 0x17e, 0xc03f, 0xc3c5, 0x1e91, 0xc040, 0x23c5, 0x1e93, 0xc040, 0x83c5,
	0x1e95, 0xc040, 0xe3c5, 0x7a, 0xc03e, 0xc2c5, 0x17a, 0xc03f, 0x3c5, 0x17c, 0xc03f, 0x63c5,
	0x5100, 0x59c, 0x16, 0x233, 0x2a, 0x1ef4, 0x14, 0x1ef7, 0x9, 0x1ef7, 0xc04c, 0x62c5,
	0x1ef8, 0xc046, 0x22c5, 0x1ef9, 0xc04c, 0xa2c5, 0x1ef4, 0xc045, 0x62c5, 0x1ef5, 0xc04c, 0x22c5,
	0x1ef6, 0xc045, 0xc2c5, 0x1e99, 0x9, 0x1e99, 0xc04b, 0xa2c5, 0x1ef2, 0xc045, 0x2c5, 0x1ef3,
	0xc04b, 0xe2c5, 0x233, 0xc04b, 0x22c5, 0x1e8e, 0xc044, 0xa2c5, 0x1e8f, 0xc04b, 0x62c5, 0xfd,
	0x14, 0x177, 0x9, 0x177, 0xc04a, 0xe2c5, 0x178, 0xc043, 0xe2c5, 0x232, 0xc044, 0x42c5,
	0xfd, 0xc04a, 0x62c5, 0xff, 0xc04a, 0xa2c5, 0x176, 0xc043, 0x82c5, 0x54, 0xd, 0x59,
	0xffff, 0x5202, 0x589, 0x74, 0x28, 0x79, 0xffff, 0x5202, 0x547, 0xdd, 0xc043, 0x22c5,
	0x9, 0x1e8e, 0xf, 0x1e8e, 0xc044, 0x83c5, 0x1ef2, 0xc044, 0xe3c5, 0x1ef4, 0xc045, 0x43c5,
	0x1ef6, 0xc045, 0xa3c5, 0x1ef8, 0xc046, 0x3c5, 0x59, 0xc042, 0xc2c5, 0xdd, 0xc043, 0x3c5,
	0x176, 0xc043, 0x63c5, 0x178, 0xc043, 0xc3c5, 0x232, 0xc044, 0x23c5, 0xa, 0x1e8f, 0x14,
	0x1ef5, 0x9, 0x1ef5, 0xc049, 0x43c5, 0x1ef7, 0xc049, 0xa3c5, 0x1ef9, 0xc04a, 0x3c5, 0x1e8f,
	0xc048, 0x23c5, 0x1e99, 0xc048, 0x83c5, 0x1ef3, 0xc048, 0xe3c5, 0x79, 0xc046, 0x62c5, 0xfd,
	0xc046, 0xa3c5, 0xff, 0xc047, 0x3c5, 0x177, 0xc047, 0x63c5, 0x233, 0xc047, 0xc3c5, 0x5300,
	0x59c, 0x2, 0x308, 0xffff, 0x5402, 0x586, 0x30b, 0xffff, 0x5402, 0x4686, 0x344, 0xc04c,
	0xe2c5, 0x5d00, 0x59c, 0x17, 0x218, 0x2a, 0x1e64, 0x14, 0x1e67, 0x9, 0x1e67, 0xc058,
	0x3c5, 0x1e68, 0xc051, 0x23c5, 0x1e69, 0xc058, 0x63c5, 0x1e64, 0xc050, 0x23c5, 0x1e65, 0xc057,
	0xa3c5, 0x1e66, 0xc050, 0xa3c5, 0x1e61, 0x9, 0x1e61, 0xc057, 0x22c5, 0x1e62, 0xc04f, 0xc2c5,
	0x1e63, 0xc057, 0x62c5, 0x218, 0xc04f, 0x2c5, 0x219, 0xc056, 0xe2c5, 0x1e60, 0xc04f, 0x62c5,
	0x15c, 0x14, 0x15f, 0x9, 0x15f, 0xc056, 0x62c5, 0x160, 0xc04e, 0xa2c5, 0x161, 0xc056,
	0xa2c5, 0x15c, 0xc04d, 0xe2c5, 0x15d, 0xc056, 0x22c5, 0x15e, 0xc04e, 0x42c5, 0x7a, 0x2e,
	0x7a, 0x6, 0x15a, 0xc04d, 0x82c5, 0x15b, 0xc055, 0xe2c5, 0xa, 0x219, 0x14, 0x1e65,
	0x9, 0x1e65, 0xc054, 0x64c5, 0x1e67, 0xc054, 0xe4c5, 0x1e69, 0xc055, 0x64c5, 0x219, 0xc053,
	0x43c5, 0x1e61, 0xc053, 0xa3c5, 0x1e63, 0xc054, 0x3c5, 0x73, 0xc051, 0x82c5, 0x15b, 0xc051,
	0xc3c5, 0x15d, 0xc052, 0x23c5, 0x15f, 0xc052, 0x83c5, 0x161, 0xc052, 0xe3c5, 0x53, 0xffff,
	0x5e02, 0x589, 0x5a, 0x4, 0x73, 0xffff, 0x5e02, 0x547, 0xa, 0x218, 0x14, 0x1e64,
	0x9, 0x1e64, 0xc050, 0x4c5, 0x1e66, 0xc050, 0x84c5, 0x1e68, 0xc051, 0x4c5, 0x218, 0xc04e,
	0xe3c5, 0x1e60, 0xc04f, 0x43c5, 0x1e62, 0xc04f, 0xa3c5, 0x53, 0xc04d, 0x22c5, 0x15a, 0xc04d,
	0x63c5, 0x15c, 0xc04d, 0xc3c5, 0x15e, 0xc04e, 0x23c5, 0x160, 0xc04e, 0x83c5, 0x2f00, 0x505,
	0xb, 0x219, 0x14, 0x1e65, 0x9, 0x1e65, 0xc007, 0x83c5, 0x1e67, 0xc008, 0x3c5, 0x1e69,
	0xc008, 0x83c5, 0x219, 0xc006, 0x62c5, 0x1e61, 0xc006, 0xc2c5, 0x1e63, 0xc007, 0x22c5, 0x15d,
	0x9, 0x15d, 0xc005, 0x42c5, 0x15f, 0xc005, 0xa2c5, 0x161, 0xc006, 0x2c5, 0x63, 0x6,
	0x73, 0xf002, 0x505, 0x15b, 0xc004, 0xe2c5, 0xa, 0x219, 0x14, 0x1e65, 0x9, 0x1e65,
	0xc05b, 0xa4c5, 0x1e67, 0xc05c, 0x24c5, 0x1e69, 0xc05c, 0xa4c5, 0x219, 0xc05a, 0x83c5, 0x1e61,
	0xc05a, 0xe3c5, 0x1e63, 0xc05b, 0x43c5, 0x73, 0xc058, 0xc2c5, 0x15b, 0xc059, 0x3c5, 0x15d,
	0xc059, 0x63c5, 0x15f, 0xc059, 0xc3c5, 0x161, 0xc05a, 0x23c5, 0x3100, 0x505, 0x7, 0x17e,
	0xc, 0x17e, 0xc018, 0x22c5, 0x1e91, 0xc018, 0x82c5, 0x1e93, 0xc018, 0xe2c5, 0x1e95, 0xc019,
	0x42c5, 0x64, 0x8, 0x7a, 0x44, 0x17a, 0xc017, 0x62c5, 0x17c, 0xc017, 0xc2c5, 0x6,
	0x17e, 0xc, 0x17e, 0xc062, 0x83c5, 0x1e91, 0xc062, 0xe3c5, 0x1e93, 0xc063, 0x43c5, 0x1e95,
	0xc063, 0xa3c5, 0x7a, 0x6, 0x17a, 0xc061, 0xc3c5, 0x17c, 0xc062, 0x23c5, 0x578a, 0x22c5,
	0x219, 0x14, 0x1e65, 0x9, 0x1e65, 0xc060, 0x44c5, 0x1e67, 0xc060, 0xc4c5, 0x1e69, 0xc061,
	0x44c5, 0x219, 0xc05f, 0x23c5, 0x1e61, 0xc05f, 0x83c5, 0x1e63, 0xc05f, 0xe3c5, 0x73, 0xc05d,
	0x62c5, 0x15b, 0xc05d, 0xa3c5, 0x15d, 0xc05e, 0x3c5, 0x15f, 0xc05e, 0x63c5, 0x161, 0xc05e,
	0xc3c5, 0x7fca, 0x3202, 0x505, 0x219, 0x14, 0x1e65, 0x9, 0x1e65, 0xc015, 0xe3c5, 0x1e67,
	0xc016, 0x63c5, 0x1e69, 0xc016, 0xe3c5, 0x219, 0xc014, 0xc2c5, 0x1e61, 0xc015, 0x22c5, 0x1e63,
	0xc015, 0x82c5, 0x73, 0xf203, 0x505, 0x15b, 0xc013, 0x42c5, 0x15d, 0xc013, 0xa2c5, 0x15f,
	0xc014, 0x2c5, 0x161, 0xc014, 0x62c5, 0x3700, 0x505, 0xb, 0x1e8f, 0x14, 0x1ef5, 0x9,
	0x1ef5, 0xc024, 0x82c5, 0x1ef7, 0xc024, 0xe2c5, 0x1ef9, 0xc025, 0x42c5, 0x1e8f, 0xc023, 0x62c5,
	0x1e99, 0xc023, 0xc2c5, 0x1ef3, 0xc024, 0x22c5, 0xff, 0x9, 0xff, 0xc022, 0x42c5, 0x177,
	0xc022, 0xa2c5, 0x233, 0xc023, 0x2c5, 0x67, 0x6, 0x79, 0xf802, 0x505, 0xfd, 0xc021,
	0xe2c5, 0xa, 0x1e8f, 0x14, 0x1ef5, 0x9, 0x1ef5, 0xc066, 0xe3c5, 0x1ef7, 0xc067, 0x43c5,
	0x1ef9, 0xc067, 0xa3c5, 0x1e8f, 0xc065, 0xc3c5, 0x1e99, 0xc066, 0x23c5, 0x1ef3, 0xc066, 0x83c5,
	0x79, 0xc064, 0x2c5, 0xfd, 0xc064, 0x43c5, 0xff, 0xc064, 0xa3c5, 0x177, 0xc065, 0x3c5,
	0x233, 0xc065, 0x63c5, 0x4100, 0x505, 0xb, 0x1e8f, 0x14, 0x1ef5, 0x9, 0x1ef5, 0xc02e,
	0xa2c5, 0x1ef7, 0xc02f, 0x2c5, 0x1ef9, 0xc02f, 0x62c5, 0x1e8f, 0xc02d, 0x82c5, 0x1e99, 0xc02d,
	0xe2c5, 0x1ef3, 0xc02e, 0x42c5, 0xff, 0x9, 0xff, 0xc02c, 0x62c5, 0x177, 0xc02c, 0xc2c5,
	0x233, 0xc02d, 0x22c5, 0x6c, 0x7, 0x79, 0xffff, 0x4202, 0x505, 0xfd, 0xc02c, 0x2c5,
	0xa, 0x1e8f, 0x14, 0x1ef5, 0x9, 0x1ef5, 0xc06a, 0xe3c5, 0x1ef7, 0xc06b, 0x43c5, 0x1ef9,
	0xc06b, 0xa3c5, 0x1e8f, 0xc069, 0xc3c5, 0x1e99, 0xc06a, 0x23c5, 0x1ef3, 0xc06a, 0x83c5, 0x79,
	0xc068, 0x2c5, 0xfd, 0xc068, 0x43c5, 0xff, 0xc068, 0xa3c5, 0x177, 0xc069, 0x3c5, 0x233,
	0xc069, 0x63c5, 0x4500, 0x505, 0xb, 0x1e8f, 0x14, 0x1ef5, 0x9, 0x1ef5, 0xc038, 0xc2c5,
	0x1ef7, 0xc039, 0x22c5, 0x1ef9, 0xc039, 0x82c5, 0x1e8f, 0xc037, 0xa2c5, 0x1e99, 0xc038, 0x2c5,
	0x1ef3, 0xc038, 0x62c5, 0xff, 0x9, 0xff, 0xc036, 0x82c5, 0x177, 0xc036, 0xe2c5, 0x233,
	0xc037, 0x42c5, 0x6e, 0x7, 0x79, 0xffff, 0x4602, 0x505, 0xfd, 0xc036, 0x22c5, 0xa,
	0x1e8f, 0x14, 0x1ef5, 0x9, 0x1ef5, 0xc06e, 0xe3c5, 0x1ef7, 0xc06f, 0x43c5, 0x1ef9, 0xc06f,
	0xa3c5, 0x1e8f, 0xc06d, 0xc3c5, 0x1e99, 0xc06e, 0x23c5, 0x1ef3, 0xc06e, 0x83c5, 0x79, 0xc06c,
	0x2c5, 0xfd, 0xc06c, 0x43c5, 0xff, 0xc06c, 0xa3c5, 0x177, 0xc06d, 0x3c5, 0x233, 0xc06d,
	0x63c5, 0x4700, 0x505, 0x1, 0x308, 0xffff, 0x4802, 0x505, 0x30b, 0xffff, 0x4802, 0x4605,
	0x4f00, 0x505, 0x7, 0x17e, 0xc, 0x17e, 0xc03f, 0xe2c5, 0x1e91, 0xc040, 0x42c5, 0x1e93,
	0xc040, 0xa2c5, 0x1e95, 0xc041, 0x2c5, 0x73, 0xa, 0x7a, 0xffff, 0x5002, 0x505, 0x17a,
	0xc03f, 0x22c5, 0x17c, 0xc03f, 0x82c5, 0x6, 0x17e, 0xc, 0x17e, 0xc071, 0x3c5, 0x1e91,
	0xc071, 0x63c5, 0x1e93, 0xc071, 0xc3c5, 0x1e95, 0xc072, 0x23c5, 0x7a, 0xc070, 0x2c5, 0x17a,
	0xc070, 0x43c5, 0x17c, 0xc070, 0xa3c5, 0x5100, 0x505, 0xb, 0x1e8f, 0x14, 0x1ef5, 0x9,
	0x1ef5, 0xc049, 0x62c5, 0x1ef7, 0xc049, 0xc2c5, 0x1ef9, 0xc04a, 0x22c5, 0x1e8f, 0xc048, 0x42c5,
	0x1e99, 0xc048, 0xa2c5, 0x1ef3, 0xc049, 0x2c5, 0xff, 0x9, 0xff, 0xc047, 0x22c5, 0x177,
	0xc047, 0x82c5, 0x233, 0xc047, 0xe2c5, 0x74, 0x7, 0x79, 0xffff, 0x5202, 0x505, 0xfd,
	0xc046, 0xc2c5, 0xa, 0x1e8f, 0x14, 0x1ef5, 0x9, 0x1ef5, 0xc075, 0x63c5, 0x1ef7, 0xc075,
	0xc3c5, 0x1ef9, 0xc076, 0x23c5, 0x1e8f, 0xc074, 0x43c5, 0x1e99, 0xc074, 0xa3c5, 0x1ef3, 0xc075,
	0x3c5, 0x79, 0xc072, 0x82c5, 0xfd, 0xc072, 0xc3c5, 0xff, 0xc073, 0x23c5, 0x177, 0xc073,
	0x83c5, 0x233, 0xc073, 0xe3c5, 0x5300, 0x505, 0x2, 0x308, 0xffff, 0x5402, 0x505, 0x30b,
	0xffff, 0x5402, 0x4605, 0x344, 0xc076, 0x82c5, 0x5d00, 0x505, 0xb, 0x219, 0x14, 0x1e65,
	0x9, 0x1e65, 0xc054, 0x83c5, 0x1e67, 0xc055, 0x3c5, 0x1e69, 0xc055, 0x83c5, 0x219, 0xc053,
	0x62c5, 0x1e61, 0xc053, 0xc2c5, 0x1e63, 0xc054, 0x22c5, 0x15d, 0x9, 0x15d, 0xc052, 0x42c5,
	0x15f, 0xc052, 0xa2c5, 0x161, 0xc053, 0x2c5, 0x73, 0xffff, 0x5e02, 0x505, 0x7a, 0x3,
	0x15b, 0xc051, 0xe2c5, 0xa, 0x219, 0x14, 0x1e65, 0x9, 0x1e65, 0xc079, 0xa4c5, 0x1e67,
	0xc07a, 0x24c5, 0x1e69, 0xc07a, 0xa4c5, 0x219, 0xc078, 0x83c5, 0x1e61, 0xc078, 0xe3c5, 0x1e63,
	0xc079, 0x43c5, 0x73, 0xc076, 0xc2c5, 0x15b, 0xc077, 0x3c5, 0x15d, 0xc077, 0x63c5, 0x15f,
	0xc077, 0xc3c5, 0x161, 0xc078, 0x23c5, 0x539c, 0xa2c4, 0x1, 0x308, 0xc07b, 0x22c5, 0x30b,
	0xc07b, 0x62c5, 0x5305, 0xa2c4, 0x1, 0x308, 0xc07b, 0xa2c5, 0x30b, 0xc07b, 0xe2c5, 0x479c,
	0xbec4, 0x1, 0x308, 0xc07c, 0x22c5, 0x30b, 0xc07c, 0x62c5, 0x4705, 0xbec4, 0x1, 0x308,
	0xc07c, 0xa2c5, 0x30b, 0xc07c, 0xe2c5, 0x539c, 0xbec4, 0x1, 0x308, 0xc07d, 0x22c5, 0x30b,
	0xc07d, 0x62c5, 0x5305, 0xbec4, 0x1, 0x308, 0xc07d, 0xa2c5, 0x30b, 0xc07d, 0xe2c5, 0x479c,
	0xa2c4, 0x1, 0x308, 0xc07f, 0xa2c5, 0x30b, 0xc07f, 0xe2c5, 0x4705, 0xa2c4, 0x1, 0x308,
	0xc080, 0x22c5, 0x30b, 0xc080, 0x62c5, 0x539c, 0xc6c4, 0x1, 0x308, 0xc081, 0x22c5, 0x30b,
	0xc081, 0x62c5, 0x5305, 0xc6c4, 0x1, 0x308, 0xc081, 0xa2c5, 0x30b, 0xc081, 0xe2c5, 0x539c,
	0xd0c4, 0x1, 0x308, 0xc082, 0x22c5, 0x30b, 0xc082, 0x62c5, 0x5305, 0xd0c4, 0x1, 0x308,
	0xc082, 0xa2c5, 0x30b, 0xc082, 0xe2c5, 0x539c, 0xccc4, 0x1, 0x308, 0xc083, 0x22c5, 0x30b,
	0xc083, 0x62c5, 0x5305, 0xccc4, 0x1, 0x308, 0xc083, 0xa2c5, 0x30b, 0xc083, 0xe2c5, 0x479c,
	0xc4c4, 0x1, 0x308, 0xc084, 0x22c5, 0x30b, 0xc084, 0x62c5, 0x4705, 0xc4c4, 0x1, 0x308,
	0xc084, 0xa2c5, 0x30b, 0xc084, 0xe2c5, 0x85, 0x23c5, 0x1, 0x308, 0xc085, 0x83c5, 0x30b,
	0xc085, 0xe3c5, 0x86, 0x43c5, 0x1, 0x308, 0xc086, 0xa3c5, 0x30b, 0xc087, 0x3c5, 0x539c,
	0xc4c4, 0x1, 0x308, 0xc087, 0x62c5, 0x30b, 0xc087, 0xa2c5, 0x5305, 0xc4c4, 0x1, 0x308,
	0xc087, 0xe2c5, 0x30b, 0xc088, 0x22c5, 0x88, 0x63c5, 0x1, 0x308, 0xc088, 0xc3c5, 0x30b,
	0xc089, 0x23c5, 0x89, 0x83c5, 0x1, 0x308, 0xc089, 0xe3c5, 0x30b, 0xc08a, 0x43c5
};

static constexpr uint16_t s_coll_huFastLatin[749] = {
	0x205, 0xc40, 0xde0, 0xe80, 0xea8, 0x418, 0x0, 0x0, 0x0, 0x0, 0x0, 0x0,
	0x0, 0x0, 0xc00, 0xc08, 0xc10, 0xc18, 0xc20, 0x0, 0x0, 0x0, 0x0, 0x0,
	0x0, 0x0, 0x0, 0x0, 0x0, 0x0, 0x0, 0x0, 0x0, 0x0, 0x0, 0x0,
	0x0, 0xc40, 0xca8, 0xcf0, 0xd78, 0xe98, 0xd80, 0xd70, 0xcd8, 0xd08, 0xd10, 0xd58,
	0xe30, 0xc90, 0xc60, 0xcd0, 0xd60, 0x10a8, 0x14a8, 0x18a8, 0x1ca8, 0x20a8, 0x24a8, 0x28a8,
	0x2ca8, 0x30a8, 0x34a8, 0xca0, 0xc98, 0xe50, 0xe58, 0xe60, 0xcb8, 0xd50, 0x38b9, 0x3cb9,
	0x41a, 0x432, 0x50ba, 0x54b9, 0x444, 0x60b9, 0x64ba, 0x6cba, 0x70b9, 0x458, 0x7cb9, 0x46c,
	0x480, 0x94b9, 0x98b9, 0xa0b9, 0x482, 0x496, 0x4aa, 0xc0b9, 0xc4b9, 0xc8b9, 0xccb9, 0x4ac,
	0xd18, 0xd68, 0xd20, 0xdf8, 0xc50, 0xde8, 0x38a8, 0x3ca8, 0x4c4, 0x4d1, 0x50a8, 0x54a8,
	0x4db, 0x60a8, 0x64a8, 0x6ca8, 0x70a8, 0x4e6, 0x7ca8, 0x4f1, 0x4fc, 0x94a8, 0x98a8, 0xa0a8,
	0x4fe, 0x509, 0x514, 0xc0a8, 0xc4a8, 0xc8a8, 0xcca8, 0x516, 0xd28, 0xe70, 0xd30, 0xe80,
	0x0, 0x0, 0x0, 0x0, 0x0, 0x0, 0xc28, 0x0, 0x0, 0x0, 0x0, 0x0,
	0x0, 0x0, 0x0, 0x0, 0x0, 0x0, 0x0, 0x0, 0x0, 0x0, 0x0, 0x0,
	0x0, 0x0, 0x0, 0x0, 0x0, 0x0, 0x0, 0x0, 0x0, 0xc42, 0xcb0, 0xe90,
	0xea0, 0xe88, 0xea8, 0xe78, 0xd40, 0xe08, 0xe20, 0x38aa, 0xcf8, 0xe68, 0x0, 0xe28,
	0xe00, 0xe18, 0xe38, 0x18a9, 0x1ca9, 0xdf0, 0x1, 0xd48, 0x1, 0xe10, 0x14a9, 0x8caa,
	0xd00, 0x1, 0x1, 0x1, 0xcc0, 0x39b9, 0x3999, 0x39f9, 0x3a79, 0x3a59, 0x3a39, 0x800,
	0x42d9, 0x51ba, 0x519a, 0x51fa, 0x525a, 0x65ba, 0x659a, 0x65fa, 0x665a, 0x48d9, 0x827a, 0x8db9,
	0x8d99, 0x8df9, 0x8e79, 0x90b9, 0xe48, 0x8eb9, 0xb9b9, 0xb999, 0xb9f9, 0xbcb9, 0xcd99, 0xd8b9,
	0x802, 0x39a8, 0x3988, 0x39e8, 0x3a68, 0x3a48, 0x3a28, 0x804, 0x42c8, 0x51a8, 0x5188, 0x51e8,
	0x5248, 0x65a8, 0x6588, 0x65e8, 0x6648, 0x48c8, 0x8268, 0x8da8, 0x8d88, 0x8de8, 0x8e68, 0x90a8,
	0xe40, 0x8ea8, 0xb9a8, 0xb988, 0xb9e8, 0xbca8, 0xcd88, 0xd8a8, 0xce48, 0x3b19, 0x3b08, 0x39d9,
	0x39c8, 0x3af9, 0x3ae8, 0x4199, 0x4188, 0x41f9, 0x41e8, 0x4299, 0x4288, 0x4219, 0x4208, 0x4a19,
	0x4a08, 0x4b39, 0x4b28, 0x531a, 0x5308, 0x51da, 0x51c8, 0x529a, 0x5288, 0x52fa, 0x52e8, 0x521a,
	0x5208, 0x59f9, 0x59e8, 0x59d9, 0x59c8, 0x5a99, 0x5a88, 0x5ad9, 0x5ac8, 0x61f9, 0x61e8, 0x6339,
	0x6328, 0x667a, 0x6668, 0x671a, 0x6708, 0x65da, 0x65c8, 0x66fa, 0x66e8, 0x669a, 0x68a8, 0x806,
	0x808, 0x6dfa, 0x6de8, 0x72d9, 0x72c8, 0x9ca8, 0x7599, 0x7588, 0x76d9, 0x76c8, 0x7619, 0x7608,
	0x7759, 0x7748, 0x7739, 0x7728, 0x819a, 0x8188, 0x82da, 0x82c8, 0x821a, 0x8208, 0x80a, 0x88b9,
	0x88a8, 0x8f19, 0x8f08, 0x8dd9, 0x8dc8, 0x90d9, 0x90c8, 0x80c, 0x80e, 0xa199, 0xa188, 0xa2d9,
	0xa2c8, 0xa219, 0xa208, 0xa59a, 0xa588, 0xa5fa, 0xa5e8, 0xa6da, 0xa6c8, 0xa61a, 0xa608, 0xaed9,
	0xaec8, 0xae19, 0xae08, 0xb4b9, 0xb4a8, 0xba79, 0xba68, 0xbb19, 0xbb08, 0xb9d9, 0xb9c8, 0xba39,
	0xba28, 0xbcd9, 0xbcc8, 0x523, 0x525, 0xc5f9, 0xc5e8, 0xcdf9, 0xcde8, 0xce59, 0xd199, 0xd188,
	0xd299, 0xd288, 0xd219, 0xd208, 0xa4e8, 0xc41, 0xc41, 0xc41, 0xc41, 0xc41, 0xc41, 0xc41,
	0xc42, 0xc41, 0xc41, 0xc41, 0x0, 0x0, 0x0, 0x0, 0x0, 0xc68, 0xc69, 0xc70,
	0xc78, 0xc80, 0xc88, 0xd38, 0xc58, 0x1, 0x1, 0x1, 0x1, 0x1, 0x1, 0x1,
	0x1, 0xd98, 0xda0, 0xda8, 0xdb0, 0xcd1, 0x810, 0x1, 0xdb8, 0xc30, 0xc38, 0x0,
	0x0, 0x0, 0x0, 0x0, 0xc42, 0xd88, 0xd90, 0xdc0, 0x812, 0x1, 0xdc8, 0x814,
	0x1, 0xdd0, 0xce0, 0xce8, 0xdd8, 0x816, 0xcc8, 0xc48, 0xde0, 0x38d9, 0x50bb, 0xa4c8,
	0xa4a9, 0x38c8, 0x50a9, 0x64bb, 0x6cbb, 0x64a9, 0x6ca9, 0xdca9, 0x80a9, 0x8cd9, 0x50bb, 0x8cc8,
	0x50a9, 0xcd1, 0xcd1, 0xdc1, 0xdc1, 0xdc9, 0xdc9, 0xca9, 0xca9, 0x5ff, 0x0, 0x5ff,
	0x40b9, 0x243, 0x453, 0x44ba, 0x263, 0x473, 0x44b1, 0x55a, 0x459a, 0x55b, 0x4591, 0x55c,
	0x45fa, 0x55d, 0x45f1, 0x55e, 0x46da, 0x55f, 0x46d1, 0x560, 0x461a, 0x561, 0x4611, 0x5ff,
	0x48b9, 0x244, 0x25a, 0x264, 0x27a, 0x579, 0x4d9a, 0x57a, 0x4d91, 0x57b, 0x4e9a, 0x57c,
	0x4e91, 0x57d, 0x4e1a, 0x57e, 0x4e11, 0x5ff, 0x58b9, 0x247, 0x459, 0x5cba, 0x267, 0x479,
	0x5cb1, 0x4dd, 0x5d9a, 0x4fd, 0x5d91, 0x4ff, 0x5e51, 0x576, 0x5dfa, 0x577, 0x5df1, 0x578,
	0x5e5a, 0x5ff, 0x74b9, 0x24c, 0x459, 0x78ba, 0x26c, 0x479, 0x78b1, 0x4dd, 0x799a, 0x4fd,
	0x7991, 0x4ff, 0x7a51, 0x576, 0x79fa, 0x577, 0x79f1, 0x578, 0x7a5a, 0x5ff, 0x80ba, 0x24e,
	0x459, 0x84ba, 0x26e, 0x479, 0x84b1, 0x4dd, 0x859a, 0x4fd, 0x8591, 0x4ff, 0x8651, 0x576,
	0x85fa, 0x577, 0x85f1, 0x578, 0x865a, 0x5ff, 0x8cb9, 0x5ff, 0xa4ba, 0x253, 0x45a, 0xa8ba,
	0x273, 0x47a, 0xa8b1, 0x579, 0xa99a, 0x57a, 0xa991, 0x57b, 0xaa9a, 0x57c, 0xaa91, 0x57d,
	0xaa1a, 0x57e, 0xaa11, 0x5ff, 0xacb9, 0x254, 0x459, 0xb0ba, 0x274, 0x479, 0xb0b1, 0x4dd,
	0xb19a, 0x4fd, 0xb191, 0x4ff, 0xb251, 0x576, 0xb1fa, 0x577, 0xb1f1, 0x578, 0xb25a, 0x5ff,
	0xb8b9, 0x5ff, 0xd0b9, 0x453, 0xd4ba, 0x25a, 0x473, 0xd4b1, 0x27a, 0x55a, 0xd59a, 0x55b,
	0xd591, 0x55c, 0xd5fa, 0x55d, 0xd5f1, 0x55e, 0xd6da, 0x55f, 0xd6d1, 0x560, 0xd61a, 0x561,
	0xd611, 0x5ff, 0x40a8, 0x263, 0x473, 0x44a8, 0x55b, 0x4588, 0x55d, 0x45e8, 0x55f, 0x46c8,
	0x561, 0x4608, 0x5ff, 0x48a8, 0x264, 0x27a, 0x57a, 0x4d88, 0x57c, 0x4e88, 0x57e, 0x4e08,
	0x5ff, 0x58a8, 0x267, 0x479, 0x5ca8, 0x4fd, 0x5d88, 0x4ff, 0x5e48, 0x577, 0x5de8, 0x5ff,
	0x74a8, 0x26c, 0x479, 0x78a8, 0x4fd, 0x7988, 0x4ff, 0x7a48, 0x577, 0x79e8, 0x5ff, 0x80a8,
	0x26e, 0x479, 0x84a8, 0x4fd, 0x8588, 0x4ff, 0x8648, 0x577, 0x85e8, 0x5ff, 0x8ca8, 0x5ff,
	0xa4a8, 0x273, 0x47a, 0xa8a8, 0x57a, 0xa988, 0x57c, 0xaa88, 0x57e, 0xaa08, 0x5ff, 0xaca8,
	0x274, 0x479, 0xb0a8, 0x4fd, 0xb188, 0x4ff, 0xb248, 0x577, 0xb1e8, 0x5ff, 0xb8a8, 0x5ff,
	0xd0a8, 0x473, 0xd4a8, 0x27a, 0x55b, 0xd588, 0x55d, 0xd5e8, 0x55f, 0xd6c8, 0x561, 0xd608,
	0x5ff, 0xbaf9, 0x5ff, 0xbae8, 0x1ff
};

static constexpr uint16_t s_coll_huFastLatinPrimaries[384] = {
	0x0, 0x0, 0x0, 0x0, 0x0, 0x0, 0x0, 0x0, 0x0, 0xc00, 0xc08, 0xc10,
	0xc18, 0xc20, 0x0, 0x0, 0x0, 0x0, 0x0, 0x0, 0x0, 0x0, 0x0, 0x0,
	0x0, 0x0, 0x0, 0x0, 0x0, 0x0, 0x0, 0x0, 0xc40, 0xca8, 0xcf0, 0xd78,
	0xe98, 0xd80, 0xd70, 0xcd8, 0xd08, 0xd10, 0xd58, 0xe30, 0xc90, 0xc60, 0xcd0, 0xd60,
	0x1000, 0x1400, 0x1800, 0x1c00, 0x2000, 0x2400, 0x2800, 0x2c00, 0x3000, 0x3400, 0xca0, 0xc98,
	0xe50, 0xe58, 0xe60, 0xcb8, 0xd50, 0x3800, 0x3c00, 0x0, 0x0, 0x5000, 0x5400, 0x0,
	0x6000, 0x6400, 0x6c00, 0x7000, 0x0, 0x7c00, 0x0, 0x0, 0x9400, 0x9800, 0xa000, 0x0,
	0x0, 0x0, 0xc000, 0xc400, 0xc800, 0xcc00, 0x0, 0xd18, 0xd68, 0xd20, 0xdf8, 0xc50,
	0xde8, 0x3800, 0x3c00, 0x0, 0x0, 0x5000, 0x5400, 0x0, 0x6000, 0x6400, 0x6c00, 0x7000,
	0x0, 0x7c00, 0x0, 0x0, 0x9400, 0x9800, 0xa000, 0x0, 0x0, 0x0, 0xc000, 0xc400,
	0xc800, 0xcc00, 0x0, 0xd28, 0xe70, 0xd30, 0xe80, 0x0, 0x0, 0x0, 0x0, 0x0,
	0x0, 0xc28, 0x0, 0x0, 0x0, 0x0, 0x0, 0x0, 0x0, 0x0, 0x0, 0x0,
	0x0, 0x0, 0x0, 0x0, 0x0, 0x0, 0x0, 0x0, 0x0, 0x0, 0x0, 0x0,
	0x0, 0x0, 0x0, 0x0, 0xc40, 0xcb0, 0xe90, 0xea0, 0xe88, 0xea8, 0xe78, 0xd40,
	0xe08, 0xe20, 0x3800, 0xcf8, 0xe68, 0x0, 0xe28, 0xe00, 0xe18, 0xe38, 0x1800, 0x1c00,
	0xdf0, 0x0, 0xd48, 0x0, 0xe10, 0x1400, 0x8c00, 0xd00, 0x0, 0x0, 0x0, 0xcc0,
	0x3800, 0x3800, 0x3800, 0x3800, 0x3800, 0x3800, 0x0, 0x4000, 0x5000, 0x5000, 0x5000, 0x5000,
	0x6400, 0x6400, 0x6400, 0x6400, 0x4800, 0x8000, 0x8c00, 0x8c00, 0x8c00, 0x8c00, 0x9000, 0xe48,
	0x8c00, 0xb800, 0xb800, 0xb800, 0xbc00, 0xcc00, 0xd800, 0x0, 0x3800, 0x3800, 0x3800, 0x3800,
	0x3800, 0x3800, 0x0, 0x4000, 0x5000, 0x5000, 0x5000, 0x5000, 0x6400, 0x6400, 0x6400, 0x6400,
	0x4800, 0x8000, 0x8c00, 0x8c00, 0x8c00, 0x8c00, 0x9000, 0xe40, 0x8c00, 0xb800, 0xb800, 0xb800,
	0xbc00, 0xcc00, 0xd800, 0xcc00, 0x3800, 0x3800, 0x3800, 0x3800, 0x3800, 0x3800, 0x4000, 0x4000,
	0x4000, 0x4000, 0x4000, 0x4000, 0x4000, 0x4000, 0x4800, 0x4800, 0x4800, 0x4800, 0x5000, 0x5000,
	0x5000, 0x5000, 0x5000, 0x5000, 0x5000, 0x5000, 0x5000, 0x5000, 0x5800, 0x5800, 0x5800, 0x5800,
	0x5800, 0x5800, 0x5800, 0x5800, 0x6000, 0x6000, 0x6000, 0x6000, 0x6400, 0x6400, 0x6400, 0x6400,
	0x6400, 0x6400, 0x6400, 0x6400, 0x6400, 0x6800, 0x0, 0x0, 0x6c00, 0x6c00, 0x7000, 0x7000,
	0x9c00, 0x7400, 0x7400, 0x7400, 0x7400, 0x7400, 0x7400, 0x7400, 0x7400, 0x7400, 0x7400, 0x8000,
	0x8000, 0x8000, 0x8000, 0x8000, 0x8000, 0x0, 0x8800, 0x8800, 0x8c00, 0x8c00, 0x8c00, 0x8c00,
	0x9000, 0x9000, 0x0, 0x0, 0xa000, 0xa000, 0xa000, 0xa000, 0xa000, 0xa000, 0xa400, 0xa400,
	0xa400, 0xa400, 0xa400, 0xa400, 0xa400, 0xa400, 0xac00, 0xac00, 0xac00, 0xac00, 0xb400, 0xb400,
	0xb800, 0xb800, 0xb800, 0xb800, 0xb800, 0xb800, 0xb800, 0xb800, 0xbc00, 0xbc00, 0x0, 0x0,
	0xc400, 0xc400, 0xcc00, 0xcc00, 0xcc00, 0xd000, 0xd000, 0xd000, 0xd000, 0xd000, 0xd000, 0xa400
};

static constexpr int32_t s_coll_huFastLatinMiniVarTop = 0xbff;

static constexpr uint32_t s_coll_huNumericPrimary = 0x10000000;
static constexpr int32_t s_coll_huOptions = 0x2010;
static constexpr int32_t s_coll_huJamoCe32sStart = -1;

static constexpr uint32_t s_coll_huUnsafeBwd[886] = {
	0x34, 0x35, 0x43, 0x45, 0x47, 0x48, 0x4c, 0x4d, 0x4e, 0x4f, 0x53, 0x55,
	0x59, 0x5b, 0x63, 0x65, 0x67, 0x68, 0x6c, 0x6d, 0x6e, 0x6f, 0x73, 0x75,
	0x79, 0x7b, 0xa0, 0xa1, 0xdd, 0xde, 0xfd, 0xfe, 0xff, 0x100, 0x15a, 0x162,
	0x176, 0x17f, 0x218, 0x21a, 0x232, 0x234, 0x300, 0x34f, 0x350, 0x370, 0x3a9, 0x3aa,
	0x3e2, 0x3e3, 0x42f, 0x430, 0x483, 0x488, 0x531, 0x532, 0x591, 0x5be, 0x5bf, 0x5c0,
	0x5c1, 0x5c3, 0x5c4, 0x5c6, 0x5c7, 0x5c8, 0x5d0, 0x5d1, 0x610, 0x61b, 0x628, 0x629,
	0x64b, 0x660, 0x670, 0x671, 0x6d6, 0x6dd, 0x6df, 0x6e5, 0x6e7, 0x6e9, 0x6ea, 0x6ee,
	0x710, 0x712, 0x730, 0x74b, 0x78c, 0x78d, 0x7ca, 0x7cb, 0x7eb, 0x7f4, 0x7fd, 0x7fe,
	0x800, 0x801, 0x816, 0x81a, 0x81b, 0x824, 0x825, 0x828, 0x829, 0x82e, 0x840, 0x841,
	0x859, 0x85c, 0x897, 0x8a0, 0x8ca, 0x8e2, 0x8e3, 0x900, 0x905, 0x906, 0x93c, 0x93d,
	0x94d, 0x94e, 0x951, 0x955, 0x995, 0x996, 0x9bc, 0x9bd, 0x9be, 0x9bf, 0x9cd, 0x9ce,
	0x9d7, 0x9d8, 0x9fe, 0x9ff, 0xa15, 0xa16, 0xa3c, 0xa3d, 0xa4d, 0xa4e, 0xa95, 0xa96,
	0xabc, 0xabd, 0xacd, 0xace, 0xb15, 0xb16, 0xb3c, 0xb3d, 0xb3e, 0xb3f, 0xb4d, 0xb4e,
	0xb56, 0xb58, 0xb95, 0xb96, 0xbbe, 0xbbf, 0xbcd, 0xbce, 0xbd7, 0xbd8, 0xc15, 0xc16,
	0xc3c, 0xc3d, 0xc4d, 0xc4e, 0xc55, 0xc57, 0xc95, 0xc96, 0xcbc, 0xcbd, 0xcc2, 0xcc3,
	0xccd, 0xcce, 0xcd5, 0xcd7, 0xd15, 0xd16, 0xd3b, 0xd3d, 0xd3e, 0xd3f, 0xd4d, 0xd4e,
	0xd57, 0xd58, 0xd85, 0xd86, 0xdca, 0xdcb, 0xdcf, 0xdd0, 0xddf, 0xde0, 0xe01, 0xe2f,
	0xe32, 0xe33, 0xe38, 0xe3b, 0xe48, 0xe4c, 0xe81, 0xe83, 0xe84, 0xe85, 0xe86, 0xe8b,
	0xe8c, 0xea4, 0xea5, 0xea6, 0xea7, 0xeaf, 0xeb2, 0xeb3, 0xeb8, 0xebb, 0xec8, 0xecc,
	0xedc, 0xee0, 0xf18, 0xf1a, 0xf35, 0xf36, 0xf37, 0xf38, 0xf39, 0xf3a, 0xf40, 0xf41,
	0xf71, 0xf76, 0xf7a, 0xf7e, 0xf80, 0xf85, 0xf86, 0xf88, 0xfc6, 0xfc7, 0x1000, 0x1001,
	0x102e, 0x102f, 0x1037, 0x1038, 0x1039, 0x103b, 0x108d, 0x108e, 0x10d3, 0x10d4, 0x12a0, 0x12a1,
	0x135d, 0x1360, 0x13c4, 0x13c5, 0x14c0, 0x14c1, 0x168f, 0x1690, 0x16a0, 0x16a1, 0x1703, 0x1704,
	0x1714, 0x1716, 0x1723, 0x1724, 0x1734, 0x1735, 0x1743, 0x1744, 0x1763, 0x1764, 0x1780, 0x1781,
	0x17d2, 0x17d3, 0x17dd, 0x17de, 0x1826, 0x1827, 0x18a9, 0x18aa, 0x1900, 0x1901, 0x1939, 0x193c,
	0x1950, 0x1951, 0x1980, 0x19ac, 0x1a00, 0x1a01, 0x1a17, 0x1a19, 0x1a20, 0x1a21, 0x1a60, 0x1a61,
	0x1a75, 0x1a7d, 0x1a7f, 0x1a80, 0x1ab0, 0x1abe, 0x1abf, 0x1ade, 0x1ae0, 0x1aec, 0x1b05, 0x1b06,
	0x1b34, 0x1b36, 0x1b44, 0x1b45, 0x1b6b, 0x1b74, 0x1b83, 0x1b84, 0x1baa, 0x1bac, 0x1bc0, 0x1bc1,
	0x1be6, 0x1be7, 0x1bf2, 0x1bf4, 0x1c00, 0x1c01, 0x1c37, 0x1c38, 0x1c5a, 0x1c5b, 0x1cd0, 0x1cd3,
	0x1cd4, 0x1ce1, 0x1ce2, 0x1ce9, 0x1ced, 0x1cee, 0x1cf4, 0x1cf5, 0x1cf8, 0x1cfa, 0x1dc0, 0x1e00,
	0x1e60, 0x1e6a, 0x1e8e, 0x1e96, 0x1e99, 0x1e9a, 0x1ef2, 0x1efa, 0x201c, 0x201d, 0x20ac, 0x20ad,
	0x20d0, 0x20dd, 0x20e1, 0x20e2, 0x20e5, 0x20f1, 0x263a, 0x263b, 0x2c00, 0x2c01, 0x2cef, 0x2cf2,
	0x2d30, 0x2d31, 0x2d7f, 0x2d80, 0x2de0, 0x2e00, 0x302a, 0x3030, 0x304b, 0x304c, 0x3099, 0x309b,
	0x30ab, 0x30ac, 0x3105, 0x3106, 0x5b57, 0x5b58, 0xa288, 0xa289, 0xa4d0, 0xa4d1, 0xa549, 0xa54a,
	0xa66f, 0xa670, 0xa674, 0xa67e, 0xa69e, 0xa6a1, 0xa6f0, 0xa6f2, 0xa800, 0xa801, 0xa806, 0xa807,
	0xa82c, 0xa82d, 0xa840, 0xa841, 0xa882, 0xa883, 0xa8c4, 0xa8c5, 0xa8e0, 0xa8f2, 0xa90a, 0xa90b,
	0xa92b, 0xa92e, 0xa930, 0xa931, 0xa953, 0xa954, 0xa984, 0xa985, 0xa9b3, 0xa9b4, 0xa9c0, 0xa9c1,
	0xaa00, 0xaa01, 0xaa80, 0xaab1, 0xaab2, 0xaab5, 0xaab7, 0xaab9, 0xaabe, 0xaac0, 0xaac1, 0xaac2,
	0xaaf6, 0xaaf7, 0xabc0, 0xabc1, 0xabed, 0xabee, 0xac00, 0xac01, 0xd800, 0xd809, 0xd80b, 0xd80d,
	0xd811, 0xd812, 0xd818, 0xd819, 0xd81a, 0xd81c, 0xd820, 0xd821, 0xd823, 0xd824, 0xd82c, 0xd82d,
	0xd82f, 0xd830, 0xd834, 0xd835, 0xd838, 0xd83b, 0xdc00, 0xe000, 0xfb1e, 0xfb1f, 0xfdd0, 0xfdd1,
	0xfe20, 0xfe30, 0x10000, 0x10001, 0x101fd, 0x101fe, 0x10280, 0x10281, 0x102a0, 0x102a1, 0x102e0, 0x102e1,
	0x10300, 0x10301, 0x10330, 0x10331, 0x1036b, 0x1036c, 0x10376, 0x1037b, 0x10380, 0x10381, 0x103a0, 0x103a1,
	0x10414, 0x10415, 0x10450, 0x10451, 0x10480, 0x10481, 0x104b5, 0x104b6, 0x10500, 0x10501, 0x10537, 0x10538,
	0x10582, 0x10583, 0x105c2, 0x105c3, 0x10647, 0x10648, 0x10800, 0x10801, 0x10840, 0x10841, 0x10873, 0x10874,
	0x10896, 0x10897, 0x108f4, 0x108f5, 0x10900, 0x10901, 0x10920, 0x10921, 0x10950, 0x10951, 0x10980, 0x10981,
	0x109a0, 0x109a1, 0x10a00, 0x10a01, 0x10a0d, 0x10a0e, 0x10a0f, 0x10a10, 0x10a38, 0x10a3b, 0x10a3f, 0x10a40,
	0x10a60, 0x10a61, 0x10a95, 0x10a96, 0x10ad8, 0x10ad9, 0x10ae5, 0x10ae7, 0x10b00, 0x10b01, 0x10b40, 0x10b41,
	0x10b60, 0x10b61, 0x10b8f, 0x10b90, 0x10c00, 0x10c01, 0x10ca1, 0x10ca2, 0x10d12, 0x10d13, 0x10d24, 0x10d28,
	0x10d5d, 0x10d5e, 0x10d69, 0x10d6e, 0x10e88, 0x10e89, 0x10eab, 0x10ead, 0x10efa, 0x10efc, 0x10efd, 0x10f00,
	0x10f19, 0x10f1a, 0x10f42, 0x10f43, 0x10f46, 0x10f51, 0x10f7c, 0x10f7d, 0x10f82, 0x10f86, 0x10fbf, 0x10fc0,
	0x10ff1, 0x10ff2, 0x11005, 0x11006, 0x11046, 0x11047, 0x11070, 0x11071, 0x1107f, 0x11080, 0x11083, 0x11084,
	0x110b9, 0x110bb, 0x110d0, 0x110d1, 0x11100, 0x11104, 0x11127, 0x11128, 0x11133, 0x11135, 0x11152, 0x11153,
	0x11173, 0x11174, 0x11183, 0x11184, 0x111c0, 0x111c1, 0x111ca, 0x111cb, 0x11208, 0x11209, 0x11235, 0x11237,
	0x1128f, 0x11290, 0x112be, 0x112bf, 0x112e9, 0x112eb, 0x11315, 0x11316, 0x1133b, 0x1133d, 0x1133e, 0x1133f,
	0x1134d, 0x1134e, 0x11357, 0x11358, 0x11366, 0x1136d, 0x11370, 0x11375, 0x11392, 0x11393, 0x113b8, 0x113b9,
	0x113bb, 0x113bc, 0x113c2, 0x113c3, 0x113c9, 0x113ca, 0x113ce, 0x113d1, 0x11412, 0x11413, 0x11442, 0x11443,
	0x11446, 0x11447, 0x1145e, 0x1145f, 0x11484, 0x11485, 0x114b0, 0x114b1, 0x114ba, 0x114bb, 0x114bd, 0x114be,
	0x114c2, 0x114c4, 0x1158e, 0x1158f, 0x115af, 0x115b0, 0x115bf, 0x115c1, 0x1160e, 0x1160f, 0x1163f, 0x11640,
	0x11680, 0x11681, 0x116b6, 0x116b8, 0x11717, 0x11718, 0x1172b, 0x1172c, 0x1180b, 0x1180c, 0x11839, 0x1183b,
	0x118b4, 0x118b5, 0x1190c, 0x1190d, 0x11930, 0x11931, 0x1193d, 0x1193f, 0x11943, 0x11944, 0x119ce, 0x119cf,
	0x119e0, 0x119e1, 0x11a0b, 0x11a0c, 0x11a34, 0x11a35, 0x11a47, 0x11a48, 0x11a5c, 0x11a5d, 0x11a99, 0x11a9a,
	0x11ac0, 0x11ac1, 0x11bc4, 0x11bc5, 0x11c0e, 0x11c0f, 0x11c3f, 0x11c40, 0x11c72, 0x11c73, 0x11d10, 0x11d11,
	0x11d42, 0x11d43, 0x11d44, 0x11d46, 0x11d71, 0x11d72, 0x11d97, 0x11d98, 0x11dc6, 0x11dc7, 0x11ee5, 0x11ee6,
	0x11f1b, 0x11f1c, 0x11f41, 0x11f43, 0x12000, 0x12001, 0x12fe5, 0x12fe6, 0x13153, 0x13154, 0x14400, 0x14401,
	0x1611c, 0x1611d, 0x1611e, 0x16121, 0x16123, 0x16126, 0x16129, 0x1612a, 0x1612f, 0x16130, 0x16a4f, 0x16a50,
	0x16abc, 0x16abd, 0x16ae6, 0x16ae7, 0x16af0, 0x16af5, 0x16b1c, 0x16b1d, 0x16b30, 0x16b37, 0x16d45, 0x16d46,
	0x16d67, 0x16d69, 0x16e40, 0x16e41, 0x16ea1, 0x16ea2, 0x16f00, 0x16f01, 0x16ff0, 0x16ff2, 0x18229, 0x1822a,
	0x18c65, 0x18c66, 0x1b1c4, 0x1b1c5, 0x1bc20, 0x1bc21, 0x1bc9e, 0x1bc9f, 0x1d165, 0x1d16a, 0x1d16d, 0x1d173,
	0x1d17b, 0x1d183, 0x1d185, 0x1d18c, 0x1d1aa, 0x1d1ae, 0x1d242, 0x1d245, 0x1e000, 0x1e007, 0x1e008, 0x1e019,
	0x1e01b, 0x1e022, 0x1e023, 0x1e025, 0x1e026, 0x1e02b, 0x1e08f, 0x1e090, 0x1e108, 0x1e109, 0x1e130, 0x1e137,
	0x1e290, 0x1e291, 0x1e2ae, 0x1e2af, 0x1e2e1, 0x1e2e2, 0x1e2ec, 0x1e2f0, 0x1e4e6, 0x1e4e7, 0x1e4ec, 0x1e4f0,
	0x1e5d0, 0x1e5d1, 0x1e5ee, 0x1e5f0, 0x1e6d5, 0x1e6d6, 0x1e6e3, 0x1e6e4, 0x1e6e6, 0x1e6e7, 0x1e6ee, 0x1e6f0,
	0x1e6f5, 0x1e6f6, 0x1e802, 0x1e803, 0x1e8d0, 0x1e8d7, 0x1e909, 0x1e90a, 0x1e944, 0x1e94b
};

static constexpr int32_t s_coll_huUnsafeBwdLength = 886;

static constexpr uint16_t s_coll_mtTrieIndex[2112] = {
	0x0, 0x8, 0x10, 0x18, 0x30, 0x38, 0x40, 0x48, 0x50, 0x58, 0x5a, 0x62, 0x30, 0x38, 0x30, 0x38,
	0x30, 0x38, 0x30, 0x38, 0x30, 0x38, 0x30, 0x38, 0x30, 0x38, 0x30, 0x38, 0x30, 0x38, 0x30, 0x38,
	0x30, 0x38, 0x30, 0x38, 0x30, 0x38, 0x30, 0x38, 0x30, 0x38, 0x30, 0x38, 0x30, 0x38, 0x30, 0x38,
	0x30, 0x38, 0x30, 0x38, 0x30, 0x38, 0x30, 0x38, 0x30, 0x38, 0x30, 0x38, 0x30, 0x38, 0x30, 0x38,
	0x30, 0x30, 0x30, 0x30, 0x30, 0x30, 0x30, 0x30, 0x30, 0x30, 0x30, 0x30, 0x30, 0x30, 0x30, 0x30,
	0x30, 0x30, 0x30, 0x30, 0x30, 0x30, 0x30, 0x30, 0x30, 0x30, 0x30, 0x30, 0x30, 0x30, 0x30, 0x30,
	0x30, 0x30, 0x30, 0x30, 0x30, 0x30, 0x30, 0x30, 0x30, 0x30, 0x30, 0x30, 0x30, 0x30, 0x30, 0x30,
	0x30, 0x30, 0x30, 0x30, 0x30, 0x30, 0x30, 0x30, 0x30, 0x30, 0x30, 0x30, 0x30, 0x30, 0x30, 0x30,
	0x30, 0x30, 0x30, 0x30, 0x30, 0x30, 0x30, 0x30, 0x30, 0x30, 0x30, 0x30, 0x30, 0x30, 0x30, 0x30,
	0x30, 0x30, 0x30, 0x30, 0x30, 0x30, 0x30, 0x30, 0x30, 0x30, 0x30, 0x30, 0x30, 0x30, 0x30, 0x30,
	0x30, 0x30, 0x30, 0x30, 0x30, 0x30, 0x30, 0x30, 0x30, 0x30, 0x30, 0x30, 0x30, 0x30, 0x30, 0x30,
	0x30, 0x30, 0x30, 0x30, 0x30, 0x30, 0x30, 0x30, 0x30, 0x30, 0x30, 0x30, 0x30, 0x30, 0x30, 0x30,
	0x30, 0x30, 0x30, 0x30, 0x30, 0x30, 0x30, 0x30, 0x30, 0x30, 0x30, 0x30, 0x30, 0x30, 0x30, 0x30,
	0x30, 0x30, 0x30, 0x30, 0x30, 0x30, 0x30, 0x30, 0x30, 0x30, 0x30, 0x30, 0x30, 0x30, 0x30, 0x30,
	0x30, 0x30, 0x30, 0x30, 0x30, 0x30, 0x30, 0x30, 0x30, 0x30, 0x30, 0x30, 0x30, 0x30, 0x30, 0x30,
	0x30, 0x30, 0x30, 0x30, 0x76, 0x30, 0x30, 0x30, 0x30, 0x30, 0x30, 0x30, 0x30, 0x30, 0x30, 0x30,
	0x30, 0x30, 0x30, 0x30, 0x30, 0x30, 0x30, 0x30, 0x30, 0x30, 0x30, 0x30, 0x30, 0x30, 0x30, 0x30,
	0x30, 0x30, 0x30, 0x30, 0x30, 0x30, 0x30, 0x30, 0x30, 0x30, 0x30, 0x30, 0x30, 0x30, 0x30, 0x30,
	0x30, 0x30, 0x30, 0x30, 0x30, 0x30, 0x30, 0x30, 0x30, 0x30, 0x30, 0x30, 0x30, 0x30, 0x30, 0x30,
	0x30, 0x30, 0x30, 0x30, 0x30, 0x30, 0x30, 0x30, 0x30, 0x30, 0x30, 0x30, 0x30, 0x30, 0x30, 0x30,
	0x30, 0x30, 0x30, 0x30, 0x30, 0x30, 0x30, 0x30, 0x30, 0x30, 0x30, 0x30, 0x30, 0x30, 0x30, 0x30,
	0x30, 0x30, 0x30, 0x30, 0x30, 0x30, 0x30, 0x30, 0x30, 0x30, 0x30, 0x30, 0x30, 0x30, 0x30, 0x30,
	0x30, 0x30, 0x30, 0x30, 0x30, 0x30, 0x30, 0x30, 0x30, 0x30, 0x30, 0x30, 0x30, 0x30, 0x30, 0x30,
	0x30, 0x30, 0x30, 0x30, 0x30, 0x30, 0x30, 0x30, 0x30, 0x30, 0x30, 0x30, 0x30, 0x30, 0x30, 0x30,
	0x30, 0x30, 0x30, 0x30, 0x30, 0x30, 0x30, 0x30, 0x30, 0x30, 0x30, 0x30, 0x30, 0x30, 0x30, 0x30,
	0x30, 0x30, 0x30, 0x30, 0x30, 0x30, 0x30, 0x30, 0x30, 0x30, 0x30, 0x30, 0x30, 0x30, 0x30, 0x30,
	0x30, 0x30, 0x30, 0x30, 0x30, 0x30, 0x30, 0x30, 0x30, 0x30, 0x30, 0x30, 0x30, 0x30, 0x30, 0x30,
	0x30, 0x30, 0x30, 0x30, 0x30, 0x30, 0x30, 0x30, 0x30, 0x30, 0x30, 0x30, 0x30, 0x30, 0x30, 0x30,
	0x30, 0x30, 0x30, 0x30, 0x30, 0x30, 0x30, 0x30, 0x30, 0x30, 0x30, 0x30, 0x30, 0x30, 0x30, 0x30,
	0x30, 0x30, 0x30, 0x30, 0x30, 0x30, 0x30, 0x30, 0x30, 0x30, 0x30, 0x30, 0x30, 0x30, 0x30, 0x30,
	0x30, 0x30, 0x30, 0x30, 0x30, 0x30, 0x30, 0x30, 0x30, 0x30, 0x30, 0x30, 0x30, 0x30, 0x30, 0x30,
	0x30, 0x30, 0x30, 0x30, 0x30, 0x30, 0x30, 0x30, 0x30, 0x30, 0x30, 0x30, 0x30, 0x30, 0x30, 0x30,
	0x30, 0x30, 0x30, 0x30, 0x30, 0x30, 0x30, 0x30, 0x30, 0x30, 0x30, 0x30, 0x30, 0x30, 0x30, 0x30,
	0x30, 0x30, 0x30, 0x30, 0x30, 0x30, 0x30, 0x30, 0x30, 0x30, 0x30, 0x30, 0x30, 0x30, 0x30, 0x30,
	0x30, 0x30, 0x30, 0x30, 0x30, 0x30, 0x30, 0x30, 0x30, 0x30, 0x30, 0x30, 0x30, 0x30, 0x30, 0x30,
	0x30, 0x30, 0x30, 0x30, 0x30, 0x30, 0x30, 0x30, 0x30, 0x30, 0x30, 0x30, 0x30, 0x30, 0x30, 0x30,
	0x30, 0x30, 0x30, 0x30, 0x30, 0x30, 0x30, 0x30, 0x30, 0x30, 0x30, 0x30, 0x30, 0x30, 0x30, 0x30,
	0x30, 0x30, 0x30, 0x30, 0x30, 0x30, 0x30, 0x30, 0x30, 0x30, 0x30, 0x30, 0x30, 0x30, 0x30, 0x30,
	0x30, 0x30, 0x30, 0x30, 0x30, 0x30, 0x30, 0x30, 0x30, 0x30, 0x30, 0x30, 0x30, 0x30, 0x30, 0x30,
	0x30, 0x30, 0x30, 0x30, 0x30, 0x30, 0x30, 0x30, 0x30, 0x30, 0x30, 0x30, 0x30, 0x30, 0x30, 0x30,
	0x30, 0x30, 0x30, 0x30, 0x30, 0x30, 0x30, 0x30, 0x30, 0x30, 0x30, 0x30, 0x30, 0x30, 0x30, 0x30,
	0x30, 0x30, 0x30, 0x30, 0x30, 0x30, 0x30, 0x30, 0x30, 0x30, 0x30, 0x30, 0x30, 0x30, 0x30, 0x30,
	0x30, 0x30, 0x30, 0x30, 0x30, 0x30, 0x30, 0x30, 0x30, 0x30, 0x30, 0x30, 0x30, 0x30, 0x30, 0x30,
	0x30, 0x30, 0x30, 0x30, 0x30, 0x30, 0x30, 0x30, 0x30, 0x30, 0x30, 0x30, 0x30, 0x30, 0x30, 0x30,
	0x30, 0x30, 0x30, 0x30, 0x30, 0x30, 0x30, 0x30, 0x30, 0x30, 0x30, 0x30, 0x30, 0x30, 0x30, 0x30,
	0x30, 0x30, 0x30, 0x30, 0x30, 0x30, 0x30, 0x30, 0x30, 0x30, 0x30, 0x30, 0x30, 0x30, 0x30, 0x30,
	0x30, 0x30, 0x30, 0x30, 0x30, 0x30, 0x30, 0x30, 0x30, 0x30, 0x30, 0x30, 0x30, 0x30, 0x30, 0x30,
	0x30, 0x30, 0x30, 0x30, 0x30, 0x30, 0x30, 0x30, 0x30, 0x30, 0x30, 0x30, 0x30, 0x30, 0x30, 0x30,
	0x30, 0x30, 0x30, 0x30, 0x30, 0x30, 0x30, 0x30, 0x30, 0x30, 0x30, 0x30, 0x30, 0x30, 0x30, 0x30,
	0x30, 0x30, 0x30, 0x30, 0x30, 0x30, 0x30, 0x30, 0x30, 0x30, 0x30, 0x30, 0x30, 0x30, 0x30, 0x30,
	0x30, 0x30, 0x30, 0x30, 0x30, 0x30, 0x30, 0x30, 0x30, 0x30, 0x30, 0x30, 0x30, 0x30, 0x30, 0x30,
	0x30, 0x30, 0x30, 0x30, 0x30, 0x30, 0x30, 0x30, 0x30, 0x30, 0x30, 0x30, 0x30, 0x30, 0x30, 0x30,
	0x30, 0x30, 0x30, 0x30, 0x30, 0x30, 0x30, 0x30, 0x30, 0x30, 0x30, 0x30, 0x30, 0x30, 0x30, 0x30,
	0x30, 0x30, 0x30, 0x30, 0x30, 0x30, 0x30, 0x30, 0x30, 0x30, 0x30, 0x30, 0x30, 0x30, 0x30, 0x30,
	0x30, 0x30, 0x30, 0x30, 0x30, 0x30, 0x30, 0x30, 0x30, 0x30, 0x30, 0x30, 0x30, 0x30, 0x30, 0x30,
	0x30, 0x30, 0x30, 0x30, 0x30, 0x30, 0x30, 0x30, 0x30, 0x30, 0x30, 0x30, 0x30, 0x30, 0x30, 0x30,
	0x30, 0x30, 0x30, 0x30, 0x30, 0x30, 0x30, 0x30, 0x30, 0x30, 0x30, 0x30, 0x30, 0x30, 0x30, 0x30,
	0x30, 0x30, 0x30, 0x30, 0x30, 0x30, 0x30, 0x30, 0x30, 0x30, 0x30, 0x30, 0x30, 0x30, 0x30, 0x30,
	0x30, 0x30, 0x30, 0x30, 0x30, 0x30, 0x30, 0x30, 0x30, 0x30, 0x30, 0x30, 0x30, 0x30, 0x30, 0x30,
	0x30, 0x30, 0x30, 0x30, 0x30, 0x30, 0x30, 0x30, 0x30, 0x30, 0x30, 0x30, 0x30, 0x30, 0x30, 0x30,
	0x30, 0x30, 0x30, 0x30, 0x30, 0x30, 0x30, 0x30, 0x30, 0x30, 0x30, 0x30, 0x30, 0x30, 0x30, 0x30,
	0x30, 0x30, 0x30, 0x30, 0x30, 0x30, 0x30, 0x30, 0x30, 0x30, 0x30, 0x30, 0x30, 0x30, 0x30, 0x30,
	0x30, 0x30, 0x30, 0x30, 0x30, 0x30, 0x30, 0x30, 0x30, 0x30, 0x30, 0x30, 0x30, 0x30, 0x30, 0x30,
	0x30, 0x30, 0x30, 0x30, 0x30, 0x30, 0x30, 0x30, 0x30, 0x30, 0x30, 0x30, 0x30, 0x30, 0x30, 0x30,
	0x30, 0x30, 0x30, 0x30, 0x30, 0x30, 0x30, 0x30, 0x30, 0x30, 0x30, 0x30, 0x30, 0x30, 0x30, 0x30,
	0x30, 0x30, 0x30, 0x30, 0x30, 0x30, 0x30, 0x30, 0x30, 0x30, 0x30, 0x30, 0x30, 0x30, 0x30, 0x30,
	0x30, 0x30, 0x30, 0x30, 0x30, 0x30, 0x30, 0x30, 0x30, 0x30, 0x30, 0x30, 0x30, 0x30, 0x30, 0x30,
	0x30, 0x30, 0x30, 0x30, 0x30, 0x30, 0x30, 0x30, 0x30, 0x30, 0x30, 0x30, 0x30, 0x30, 0x30, 0x30,
	0x30, 0x30, 0x30, 0x30, 0x30, 0x30, 0x30, 0x30, 0x30, 0x30, 0x30, 0x30, 0x30, 0x30, 0x30, 0x30,
	0x30, 0x30, 0x30, 0x30, 0x30, 0x30, 0x30, 0x30, 0x30, 0x30, 0x30, 0x30, 0x30, 0x30, 0x30, 0x30,
	0x30, 0x30, 0x30, 0x30, 0x30, 0x30, 0x30, 0x30, 0x30, 0x30, 0x30, 0x30, 0x30, 0x30, 0x30, 0x30,
	0x30, 0x30, 0x30, 0x30, 0x30, 0x30, 0x30, 0x30, 0x30, 0x30, 0x30, 0x30, 0x30, 0x30, 0x30, 0x30,
	0x30, 0x30, 0x30, 0x30, 0x30, 0x30, 0x30, 0x30, 0x30, 0x30, 0x30, 0x30, 0x30, 0x30, 0x30, 0x30,
	0x30, 0x30, 0x30, 0x30, 0x30, 0x30, 0x30, 0x30, 0x30, 0x30, 0x30, 0x30, 0x30, 0x30, 0x30, 0x30,
	0x30, 0x30, 0x30, 0x30, 0x30, 0x30, 0x30, 0x30, 0x30, 0x30, 0x30, 0x30, 0x30, 0x30, 0x30, 0x30,
	0x30, 0x30, 0x30, 0x30, 0x30, 0x30, 0x30, 0x30, 0x30, 0x30, 0x30, 0x30, 0x30, 0x30, 0x30, 0x30,
	0x30, 0x30, 0x30, 0x30, 0x30, 0x30, 0x30, 0x30, 0x30, 0x30, 0x30, 0x30, 0x30, 0x30, 0x30, 0x30,
	0x30, 0x30, 0x30, 0x30, 0x30, 0x30, 0x30, 0x30, 0x30, 0x30, 0x30, 0x30, 0x30, 0x30, 0x30, 0x30,
	0x30, 0x30, 0x30, 0x30, 0x30, 0x30, 0x30, 0x30, 0x30, 0x30, 0x30, 0x30, 0x30, 0x30, 0x30, 0x30,
	0x30, 0x30, 0x30, 0x30, 0x30, 0x30, 0x30, 0x30, 0x30, 0x30, 0x30, 0x30, 0x30, 0x30, 0x30, 0x30,
	0x30, 0x30, 0x30, 0x30, 0x30, 0x30, 0x30, 0x30, 0x30, 0x30, 0x30, 0x30, 0x30, 0x30, 0x30, 0x30,
	0x30, 0x30, 0x30, 0x30, 0x30, 0x30, 0x30, 0x30, 0x30, 0x30, 0x30, 0x30, 0x30, 0x30, 0x30, 0x30,
	0x30, 0x30, 0x30, 0x30, 0x30, 0x30, 0x30, 0x30, 0x30, 0x30, 0x30, 0x30, 0x30, 0x30, 0x30, 0x30,
	0x30, 0x30, 0x30, 0x30, 0x30, 0x30, 0x30, 0x30, 0x30, 0x30, 0x30, 0x30, 0x30, 0x30, 0x30, 0x30,
	0x30, 0x30, 0x30, 0x30, 0x30, 0x30, 0x30, 0x30, 0x30, 0x30, 0x30, 0x30, 0x30, 0x30, 0x30, 0x30,
	0x30, 0x30, 0x30, 0x30, 0x30, 0x30, 0x30, 0x30, 0x30, 0x30, 0x30, 0x30, 0x30, 0x30, 0x30, 0x30,
	0x7e, 0x7e, 0x7e, 0x7e, 0x7e, 0x7e, 0x7e, 0x7e, 0x7e, 0x7e, 0x7e, 0x7e, 0x7e, 0x7e, 0x7e, 0x7e,
	0x7e, 0x7e, 0x7e, 0x7e, 0x7e, 0x7e, 0x7e, 0x7e, 0x7e, 0x7e, 0x7e, 0x7e, 0x7e, 0x7e, 0x7e, 0x7e,
	0x7e, 0x7e, 0x7e, 0x7e, 0x7e, 0x7e, 0x7e, 0x7e, 0x7e, 0x7e, 0x7e, 0x7e, 0x7e, 0x7e, 0x7e, 0x7e,
	0x7e, 0x7e, 0x7e, 0x7e, 0x7e, 0x7e, 0x7e, 0x7e, 0x7e, 0x7e, 0x7e, 0x7e, 0x7e, 0x7e, 0x7e, 0x7e,
	0x7e, 0x7e, 0x7e, 0x7e, 0x7e, 0x7e, 0x7e, 0x7e, 0x7e, 0x7e, 0x7e, 0x7e, 0x7e, 0x7e, 0x7e, 0x7e,
	0x7e, 0x7e, 0x7e, 0x7e, 0x7e, 0x7e, 0x7e, 0x7e, 0x7e, 0x7e, 0x7e, 0x7e, 0x7e, 0x7e, 0x7e, 0x7e,
	0x7e, 0x7e, 0x7e, 0x7e, 0x7e, 0x7e, 0x7e, 0x7e, 0x7e, 0x7e, 0x7e, 0x7e, 0x7e, 0x7e, 0x7e, 0x7e,
	0x7e, 0x7e, 0x7e, 0x7e, 0x7e, 0x7e, 0x7e, 0x7e, 0x7e, 0x7e, 0x7e, 0x7e, 0x7e, 0x7e, 0x7e, 0x7e,
	0x7e, 0x7e, 0x7e, 0x7e, 0x7e, 0x7e, 0x7e, 0x7e, 0x7e, 0x7e, 0x7e, 0x7e, 0x7e, 0x7e, 0x7e, 0x7e,
	0x7e, 0x7e, 0x7e, 0x7e, 0x7e, 0x7e, 0x7e, 0x7e, 0x7e, 0x7e, 0x7e, 0x7e, 0x7e, 0x7e, 0x7e, 0x7e,
	0x7e, 0x7e, 0x7e, 0x7e, 0x7e, 0x7e, 0x7e, 0x7e, 0x7e, 0x7e, 0x7e, 0x7e, 0x7e, 0x7e, 0x7e, 0x7e,
	0x7e, 0x7e, 0x7e, 0x7e, 0x7e, 0x7e, 0x7e, 0x7e, 0x7e, 0x7e, 0x7e, 0x7e, 0x7e, 0x7e, 0x7e, 0x7e,
	0x7e, 0x7e, 0x7e, 0x7e, 0x7e, 0x7e, 0x7e, 0x7e, 0x7e, 0x7e, 0x7e, 0x7e, 0x7e, 0x7e, 0x7e, 0x7e,
	0x7e, 0x7e, 0x7e, 0x7e, 0x7e, 0x7e, 0x7e, 0x7e, 0x7e, 0x7e, 0x7e, 0x7e, 0x7e, 0x7e, 0x7e, 0x7e,
	0x7e, 0x7e, 0x7e, 0x7e, 0x7e, 0x7e, 0x7e, 0x7e, 0x7e, 0x7e, 0x7e, 0x7e, 0x7e, 0x7e, 0x7e, 0x7e,
	0x7e, 0x7e, 0x7e, 0x7e, 0x7e, 0x7e, 0x7e, 0x7e, 0x7e, 0x7e, 0x7e, 0x7e, 0x7e, 0x7e, 0x7e, 0x7e,
	0x7e, 0x7e, 0x7e, 0x7e, 0x7e, 0x7e, 0x7e, 0x7e, 0x7e, 0x7e, 0x7e, 0x7e, 0x7e, 0x7e, 0x7e, 0x7e,
	0x7e, 0x7e, 0x7e, 0x7e, 0x7e, 0x7e, 0x7e, 0x7e, 0x7e, 0x7e, 0x7e, 0x7e, 0x7e, 0x7e, 0x7e, 0x7e,
	0x7e, 0x7e, 0x7e, 0x7e, 0x7e, 0x7e, 0x7e, 0x7e, 0x7e, 0x7e, 0x7e, 0x7e, 0x7e, 0x7e, 0x7e, 0x7e,
	0x7e, 0x7e, 0x7e, 0x7e, 0x7e, 0x7e, 0x7e, 0x7e, 0x7e, 0x7e, 0x7e, 0x7e, 0x7e, 0x7e, 0x7e, 0x7e,
	0x7e, 0x7e, 0x7e, 0x7e, 0x7e, 0x7e, 0x7e, 0x7e, 0x7e, 0x7e, 0x7e, 0x7e, 0x7e, 0x7e, 0x7e, 0x7e,
	0x7e, 0x7e, 0x7e, 0x7e, 0x7e, 0x7e, 0x7e, 0x7e, 0x7e, 0x7e, 0x7e, 0x7e, 0x7e, 0x72, 0x30, 0x30,
	0x6a, 0x6a, 0x6a, 0x6a, 0x6a, 0x6a, 0x6a, 0x6a, 0x6a, 0x6a, 0x6a, 0x6a, 0x6a, 0x6a, 0x6a, 0x6a,
	0x6a, 0x6a, 0x6a, 0x6a, 0x6a, 0x6a, 0x6a, 0x6a, 0x6a, 0x6a, 0x6a, 0x6a, 0x6a, 0x6a, 0x6a, 0x6a,
	0x30, 0x30, 0x30, 0x30, 0x30, 0x30, 0x30, 0x30, 0x30, 0x30, 0x30, 0x30, 0x30, 0x30, 0x30, 0x30,
	0x30, 0x30, 0x30, 0x30, 0x30, 0x30, 0x30, 0x30, 0x30, 0x30, 0x30, 0x30, 0x30, 0x30, 0x30, 0x30,
	0x30, 0x30, 0x30, 0x30, 0x30, 0x30, 0x30, 0x30, 0x30, 0x30, 0x30, 0x30, 0x30, 0x30, 0x30, 0x30,
	0x30, 0x30, 0x30, 0x30, 0x30, 0x30, 0x30, 0x30, 0x30, 0x30, 0x30, 0x30, 0x30, 0x30, 0x30, 0x30,
	0x30, 0x30, 0x30, 0x30, 0x30, 0x30, 0x30, 0x30, 0x30, 0x30, 0x30, 0x30, 0x30, 0x30, 0x30, 0x30,
	0x30, 0x30, 0x30, 0x30, 0x30, 0x30, 0x30, 0x30, 0x30, 0x30, 0x30, 0x30, 0x30, 0x30, 0x30, 0x30,
	0x30, 0x30, 0x30, 0x30, 0x30, 0x30, 0x30, 0x30, 0x30, 0x30, 0x30, 0x30, 0x30, 0x30, 0x30, 0x30,
	0x30, 0x30, 0x30, 0x30, 0x30, 0x30, 0x30, 0x30, 0x30, 0x30, 0x30, 0x30, 0x30, 0x30, 0x30, 0x30,
	0x30, 0x30, 0x30, 0x30, 0x30, 0x30, 0x30, 0x30, 0x30, 0x30, 0x30, 0x30, 0x30, 0x30, 0x30, 0x30,
	0x30, 0x30, 0x30, 0x30, 0x30, 0x30, 0x30, 0x30, 0x30, 0x30, 0x30, 0x30, 0x30, 0x30, 0x30, 0x30,
	0x30, 0x30, 0x30, 0x30, 0x30, 0x30, 0x30, 0x30, 0x30, 0x30, 0x30, 0x30, 0x30, 0x30, 0x30, 0x30,
	0x30, 0x30, 0x30, 0x30, 0x30, 0x30, 0x30, 0x30, 0x30, 0x30, 0x30, 0x30, 0x30, 0x30, 0x30, 0x30,
	0x30, 0x30, 0x30, 0x30, 0x30, 0x30, 0x30, 0x30, 0x30, 0x30, 0x30, 0x30, 0x30, 0x30, 0x30, 0x30,
	0x30, 0x30, 0x30, 0x30, 0x30, 0x30, 0x30, 0x30, 0x30, 0x30, 0x30, 0x30, 0x30, 0x30, 0x30, 0x30,
	0x30, 0x30, 0x30, 0x30, 0x30, 0x30, 0x30, 0x30, 0x30, 0x30, 0x30, 0x30, 0x30, 0x30, 0x30, 0x30,
	0x30, 0x30, 0x30, 0x30, 0x30, 0x30, 0x30, 0x30, 0x30, 0x30, 0x30, 0x30, 0x30, 0x30, 0x30, 0x30,
	0x30, 0x30, 0x30, 0x30, 0x30, 0x30, 0x30, 0x30, 0x30, 0x30, 0x30, 0x30, 0x30, 0x30, 0x30, 0x30,
	0x30, 0x30, 0x30, 0x30, 0x30, 0x30, 0x30, 0x30, 0x30, 0x30, 0x30, 0x30, 0x30, 0x30, 0x30, 0x30,
	0x30, 0x30, 0x30, 0x30, 0x30, 0x30, 0x30, 0x30, 0x30, 0x30, 0x30, 0x30, 0x30, 0x30, 0x30, 0x30,
	0x30, 0x30, 0x30, 0x30, 0x30, 0x30, 0x30, 0x30, 0x30, 0x30, 0x30, 0x30, 0x30, 0x30, 0x30, 0x30,
	0x80, 0x80, 0xc0, 0x100, 0x140, 0x168, 0xc0, 0xc0, 0xc0, 0xc0, 0xc0, 0xc0, 0xc0, 0xc0, 0xc0, 0xc0,
	0xc0, 0xc0, 0xc0, 0xc0, 0xc0, 0xc0, 0xc0, 0xc0, 0xc0, 0xc0, 0xc0, 0xc0, 0xc0, 0xc0, 0xc0, 0xc0
};

static constexpr uint32_t s_coll_mtTrieData[540] = {
	0xcb, 0x0, 0x0, 0x0, 0x0, 0x0, 0x0, 0x0,
	0x0, 0x3040505, 0x3060505, 0x3080505, 0x30a0505, 0x30c0505, 0x0, 0x0,
	0x0, 0x0, 0x0, 0x0, 0x0, 0x0, 0x0, 0x0,
	0x0, 0x0, 0x0, 0x0, 0x0, 0x0, 0x0, 0x0,
	0x4000505, 0x75a0505, 0x9760505, 0xa940505, 0xda90505, 0xa960505, 0xa8e0505, 0x9700505,
	0x97c0505, 0x97e0505, 0xa7e0505, 0xc7b0505, 0x6000505, 0x50e0505, 0x8000505, 0xa880505,
	0x2e0ca, 0x301ca, 0x322ca, 0x343ca, 0x364ca, 0x385ca, 0x3a6ca, 0x3c7ca,
	0x3e8ca, 0x409ca, 0x7360505, 0x72a0505, 0xc850505, 0xc870505, 0xc890505, 0x7640505,
	0xa7c0505, 0x2b00059c, 0x2d00059c, 0x6c9, 0x3100059c, 0x3300059c, 0x3500059c, 0xc4c9,
	0x3900059c, 0x3b00059c, 0x3d00059c, 0x3f00059c, 0x4100059c, 0x4300059c, 0x4500059c, 0x4700059c,
	0x4900059c, 0x4b00059c, 0x4d00059c, 0x4f00059c, 0x5100059c, 0x5300059c, 0x5500059c, 0x570005a0,
	0x5900059c, 0x5b00059c, 0x246c9, 0x9800505, 0xa8a0505, 0x9820505, 0xc0a0505, 0x50a0505,
	0xc040505, 0x2b000505, 0x2d000505, 0x326c9, 0x31000505, 0x33000505, 0x35000505, 0x3e4c9,
	0x39000505, 0x3b000505, 0x3d000505, 0x3f000505, 0x41000505, 0x43000505, 0x45000505, 0x47000505,
	0x49000505, 0x4b000505, 0x4d000505, 0x4f000505, 0x51000505, 0x53000505, 0x55000505, 0x57000505,
	0x59000505, 0x5b000505, 0x566c9, 0x9840505, 0xc8d0505, 0x9860505, 0xc910505, 0x0,
	0xfffd0505, 0xfffd0505, 0xfffd0505, 0xfffd0505, 0xfffd0505, 0xfffd0505, 0xfffd0505, 0xfffd0505,
	0xfffd0505, 0xfffd0505, 0xfffd0505, 0xfffd0505, 0xfffd0505, 0xfffd0505, 0xfffd0505, 0xfffd0505,
	0xfffd0505, 0xfffd0505, 0xfffd0505, 0xfffd0505, 0xfffd0505, 0xfffd0505, 0xfffd0505, 0xfffd0505,
	0xfffd0505, 0xfffd0505, 0xfffd0505, 0xfffd0505, 0xfffd0505, 0xfffd0505, 0xfffd0505, 0xfffd0505,
	0xfffd0505, 0xfffd0505, 0xfffd0505, 0xfffd0505, 0xfffd0505, 0xfffd0505, 0xfffd0505, 0xfffd0505,
	0xfffd0505, 0xfffd0505, 0xfffd0505, 0xfffd0505, 0xfffd0505, 0xfffd0505, 0xfffd0505, 0xfffd0505,
	0xfffd0505, 0xfffd0505, 0xfffd0505, 0xfffd0505, 0xfffd0505, 0xfffd0505, 0xfffd0505, 0xfffd0505,
	0xfffd0505, 0xfffd0505, 0xfffd0505, 0xfffd0505, 0xfffd0505, 0xfffd0505, 0xfffd0505, 0xfffd0505,
	0xc0, 0xc0, 0xc0, 0xc0, 0xc0, 0xc0, 0xc0, 0xc0,
	0xc0, 0xc0, 0xc0, 0xc0, 0xc0, 0xc0, 0xc0, 0xc0,
	0xc0, 0xc0, 0xc0, 0xc0, 0xc0, 0xc0, 0xc0, 0xc0,
	0xc0, 0xc0, 0xc0, 0xc0, 0xc0, 0xc0, 0xc0, 0xc0,
	0xc0, 0xc0, 0xc0, 0xc0, 0xc0, 0xc0, 0xc0, 0xc0,
	0xc0, 0xc0, 0xc0, 0xc0, 0xc0, 0xc0, 0xc0, 0xc0,
	0xc0, 0xc0, 0xc0, 0xc0, 0xc0, 0xc0, 0xc0, 0xc0,
	0xc0, 0xc0, 0xc0, 0xc0, 0xc0, 0xc0, 0xc0, 0xc0,
	0x2b9c8ac4, 0x2b9c88c4, 0x2b9c8ec4, 0x2b9c9ac4, 0x2b9c96c4, 0x2b9c92c4, 0x222c5, 0x646c9,
	0x339c8ac4, 0x339c88c4, 0x339c8ec4, 0x339c96c4, 0x3b9c8ac4, 0x3b9c88c4, 0x3b9c8ec4, 0x3b9c96c4,
	0x310070a0, 0x459c9ac4, 0x479c8ac4, 0x479c88c4, 0x479c8ec4, 0x479c9ac4, 0x479c96c4, 0xc830505,
	0x479c9ec4, 0x539c8ac4, 0x539c88c4, 0x539c8ec4, 0x539c96c4, 0x5b9c88c4, 0x5e2805a0, 0x262c5,
	0x2b058ac4, 0x2b0588c4, 0x2b058ec4, 0x2b059ac4, 0x2b0596c4, 0x2b0592c4, 0x2a2c5, 0x6e6c9,
	0x33058ac4, 0x330588c4, 0x33058ec4, 0x330596c4, 0x3b058ac4, 0x3b0588c4, 0x3b058ec4, 0x3b0596c4,
	0x31007005, 0x45059ac4, 0x47058ac4, 0x470588c4, 0x47058ec4, 0x47059ac4, 0x470596c4, 0xc810505,
	0x47059ec4, 0x53058ac4, 0x530588c4, 0x53058ec4, 0x530596c4, 0x5b0588c4, 0x5e280505, 0x5b0596c4,
	0xc0, 0xc0, 0xc0, 0xc0, 0xc0, 0xc0, 0xc0, 0xc0,
	0xc0, 0xc0, 0x2e190586, 0x2e190505, 0xc0, 0xc0, 0xc0, 0xc0,
	0xc0, 0xc0, 0xc0, 0xc0, 0xc0, 0xc0, 0xc0, 0xc0,
	0xc0, 0xc0, 0xc0, 0xc0, 0xc0, 0xc0, 0xc0, 0xc0,
	0x36150586, 0x36150505, 0x7a6c9, 0x866c9, 0xc0, 0xc0, 0x3a1b0586, 0x3a1b0505,
	0xc0, 0xc0, 0xc0, 0xc0, 0xc0, 0xc0, 0xc0, 0xc0,
	0xc0, 0xc0, 0xc0, 0xc0, 0xc0, 0xc0, 0xc0, 0xc0,
	0xc0, 0xc0, 0xc0, 0xc0, 0xc0, 0xc0, 0xc0, 0xc0,
	0xc0, 0xc0, 0xc0, 0xc0, 0xc0, 0xc0, 0xc0, 0xc0,
	0xc0, 0xc0, 0xc0, 0xc0, 0xc0, 0xc0, 0xc0, 0xc0,
	0xc0, 0xc0, 0xc0, 0xc0, 0xc0, 0xc0, 0xc0, 0xc0,
	0xc0, 0xc0, 0xc0, 0xc0, 0xc0, 0xc0, 0xc0, 0xc0,
	0xc0, 0xc0, 0xc0, 0x5c110586, 0x5c110505, 0xc0, 0xc0, 0xc0,
	0x1cd, 0x1cd, 0x1cd, 0x1cd, 0x1cd, 0x1cd, 0x1cd, 0x1cd,
	0x1cd, 0x1cd, 0x1cd, 0x1cd, 0x1cd, 0x1cd, 0x1cd, 0x1cd,
	0x1cd, 0x1cd, 0x1cd, 0x1cd, 0x1cd, 0x1cd, 0x1cd, 0x1cd,
	0x1cd, 0x1cd, 0x1cd, 0x1cd, 0x1cd, 0x1cd, 0x1cd, 0x1cd,
	0x1cc, 0x1cc, 0x1cc, 0x1cc, 0xc0, 0xc0, 0xc0, 0xc0,
	0xc0, 0xc0, 0xc0, 0xc0, 0xc0, 0xc0, 0xc0, 0xc0,
	0xc0, 0xc0, 0xc0, 0xc0, 0xc0, 0xc0, 0xc0, 0xc0,
	0xc0, 0xc0, 0xc0, 0xc0, 0xc0, 0xc0, 0xc0, 0xc0,
	0xc0, 0xc0, 0x926c9, 0x9e6c9, 0xaa6c9, 0xb66c9, 0xc0, 0xc0,
	0xc0, 0xc0, 0xc0, 0xc0, 0xc0, 0xc0, 0xc0, 0xc0,
	0x1cc, 0x1cc, 0x1cc, 0x1cc, 0x1cc, 0x1cc, 0x1cc, 0x1cc,
	0x1cc, 0x1cc, 0x1cc, 0x1cc, 0x1cc, 0x1cc, 0x1cc, 0x1cc,
	0x1cc, 0x1cc, 0x1cc, 0x1cc, 0x1cc, 0x1cc, 0x1cc, 0x1cc,
	0x1cc, 0x1cc, 0x1cc, 0x1cc, 0x1cc, 0x1cc, 0x1cc, 0x1cc,
	0xc0, 0xc0, 0xc0, 0xc0
};

static constexpr int32_t s_coll_mtTrieIndexLength = 2112;
static constexpr int32_t s_coll_mtTrieDataLength = 540;
static constexpr char32_t s_coll_mtTrieHighStart = 0xe000;
static constexpr int32_t s_coll_mtTrieHighValueIndex = 536;

static constexpr uint32_t s_coll_mtCe32s[33] = {
	0x0, 0x2e190586, 0xa005, 0x2e190505, 0xa005, 0x36150586, 0xa005, 0x36150505,
	0xa005, 0x5c110586, 0xc405, 0x5c110505, 0xc405, 0x5c110586, 0xd205, 0x5c110505,
	0xd205, 0x2b0070a0, 0x330005a2, 0x4f007005, 0x4f000513, 0x2b007005, 0x33000513, 0x12000505,
	0x14000505, 0x16000505, 0x18000505, 0x1a000505, 0x1c000505, 0x1e000505, 0x20000505, 0x22000505,
	0x24000505
};

static constexpr char16_t s_coll_mtContexts[97] = {
	0x2f00, 0x59c, 0x30, 0x307, 0xee19, 0x586, 0x3700, 0x59c, 0x2, 0x126, 0xf821, 0x588,
	0x127, 0xf821, 0x547, 0x307, 0xf615, 0x586, 0x5d00, 0x59c, 0x30, 0x307, 0xffff, 0x5c11,
	0x586, 0x2f00, 0x505, 0x30, 0x307, 0xee19, 0x505, 0x3700, 0x505, 0x2, 0x126, 0xf821,
	0x546, 0x127, 0xf821, 0x505, 0x307, 0xf615, 0x505, 0x5d00, 0x505, 0x30, 0x307, 0xffff,
	0x5c11, 0x505, 0x2f9c, 0xa0c4, 0x30, 0x307, 0xa2c5, 0x2f05, 0xa0c4, 0x30, 0x307, 0xc000,
	0x62c5, 0x379c, 0xa0c4, 0x30, 0x307, 0xc000, 0xa2c5, 0x3705, 0xa0c4, 0x30, 0x307, 0xc000,
	0xe2c5, 0x5d9c, 0xc4c4, 0x30, 0x307, 0xc001, 0x22c5, 0x5d05, 0xc4c4, 0x30, 0x307, 0xc001,
	0x62c5, 0x5d9c, 0xd2c4, 0x30, 0x307, 0xc001, 0xa2c5, 0x5d05, 0xd2c4, 0x30, 0x307, 0xc001,
	0xe2c5
};

static constexpr uint16_t s_coll_mtFastLatin[508] = {
	0x205, 0xc40, 0xde0, 0xe80, 0xea8, 0x418, 0x0, 0x0, 0x0, 0x0, 0x0, 0x0,
	0x0, 0x0, 0xc00, 0xc08, 0xc10, 0xc18, 0xc20, 0x0, 0x0, 0x0, 0x0, 0x0,
	0x0, 0x0, 0x0, 0x0, 0x0, 0x0, 0x0, 0x0, 0x0, 0x0, 0x0, 0x0,
	0x0, 0xc40, 0xca8, 0xcf0, 0xd78, 0xe98, 0xd80, 0xd70, 0xcd8, 0xd08, 0xd10, 0xd58,
	0xe30, 0xc90, 0xc60, 0xcd0, 0xd60, 0x10a8, 0x14a8, 0x18a8, 0x1ca8, 0x20a8, 0x24a8, 0x28a8,
	0x2ca8, 0x30a8, 0x34a8, 0xca0, 0xc98, 0xe50, 0xe58, 0xe60, 0xcb8, 0xd50, 0x38b9, 0x3cb9,
	0x41a, 0x48b9, 0x4cba, 0x50b9, 0x41c, 0x60b9, 0x68ba, 0x70ba, 0x74b9, 0x78b9, 0x7cb9, 0x80ba,
	0x88b9, 0x8cb9, 0x90b9, 0x98b9, 0x9cba, 0xa0b9, 0xa8b9, 0xacb9, 0xb0b9, 0xb4b9, 0xb8b9, 0x422,
	0xd18, 0xd68, 0xd20, 0xdf8, 0xc50, 0xde8, 0x38a8, 0x3ca8, 0x424, 0x48a8, 0x4ca8, 0x50a8,
	0x426, 0x60a8, 0x68a8, 0x70a8, 0x74a8, 0x78a8, 0x7ca8, 0x80a8, 0x88a8, 0x8ca8, 0x90a8, 0x98a8,
	0x9ca8, 0xa0a8, 0xa8a8, 0xaca8, 0xb0a8, 0xb4a8, 0xb8a8, 0x42c, 0xd28, 0xe70, 0xd30, 0xe80,
	0x0, 0x0, 0x0, 0x0, 0x0, 0x0, 0xc28, 0x0, 0x0, 0x0, 0x0, 0x0,
	0x0, 0x0, 0x0, 0x0, 0x0, 0x0, 0x0, 0x0, 0x0, 0x0, 0x0, 0x0,
	0x0, 0x0, 0x0, 0x0, 0x0, 0x0, 0x0, 0x0, 0x0, 0xc42, 0xcb0, 0xe90,
	0xea0, 0xe88, 0xea8, 0xe78, 0xd40, 0xe08, 0xe20, 0x38aa, 0xcf8, 0xe68, 0x0, 0xe28,
	0xe00, 0xe18, 0xe38, 0x18a9, 0x1ca9, 0xdf0, 0x1, 0xd48, 0x1, 0xe10, 0x14a9, 0x88aa,
	0xd00, 0x1, 0x1, 0x1, 0xcc0, 0x39b9, 0x3999, 0x39f9, 0x3a99, 0x3a59, 0x3a39, 0x800,
	0x42e, 0x4dba, 0x4d9a, 0x4dfa, 0x4e5a, 0x69ba, 0x699a, 0x69fa, 0x6a5a, 0x48d9, 0x829a, 0x89b9,
	0x8999, 0x89f9, 0x8a99, 0x8a59, 0xe48, 0x8ad9, 0xa9b9, 0xa999, 0xa9f9, 0xaa59, 0xb999, 0xc4b9,
	0x802, 0x39a8, 0x3988, 0x39e8, 0x3a88, 0x3a48, 0x3a28, 0x804, 0x430, 0x4da8, 0x4d88, 0x4de8,
	0x4e48, 0x69a8, 0x6988, 0x69e8, 0x6a48, 0x48c8, 0x8288, 0x89a8, 0x8988, 0x89e8, 0x8a88, 0x8a48,
	0xe40, 0x8ac8, 0xa9a8, 0xa988, 0xa9e8, 0xaa48, 0xb988, 0xc4a8, 0xba48, 0x3b39, 0x3b28, 0x39d9,
	0x39c8, 0x3b19, 0x3b08, 0x4599, 0x4588, 0x45f9, 0x45e8, 0x40b9, 0x40a8, 0x4619, 0x4608, 0x4a19,
	0x4a08, 0x4b59, 0x4b48, 0x4f3a, 0x4f28, 0x4dda, 0x4dc8, 0x4eba, 0x4ea8, 0x4f1a, 0x4f08, 0x4e1a,
	0x4e08, 0x59f9, 0x59e8, 0x59d9, 0x59c8, 0x54b9, 0x54a8, 0x432, 0x434, 0x61f9, 0x61e8, 0x64b9,
	0x64a8, 0x6a9a, 0x6a88, 0x6b3a, 0x6b28, 0x69da, 0x69c8, 0x6b1a, 0x6b08, 0x6aba, 0x6ca8, 0x806,
	0x808, 0x71fa, 0x71e8, 0x76f9, 0x76e8, 0x94a8, 0x7999, 0x7988, 0x7af9, 0x7ae8, 0x7a19, 0x7a08,
	0x7b79, 0x7b68, 0x7b59, 0x7b48, 0x819a, 0x8188, 0x82fa, 0x82e8, 0x821a, 0x8208, 0x80a, 0x84b9,
	0x84a8, 0x8b39, 0x8b28, 0x89d9, 0x89c8, 0x8a79, 0x8a68, 0x80c, 0x80e, 0x9999, 0x9988, 0x9af9,
	0x9ae8, 0x9a19, 0x9a08, 0x9d9a, 0x9d88, 0x9dfa, 0x9de8, 0x9efa, 0x9ee8, 0x9e1a, 0x9e08, 0xa2f9,
	0xa2e8, 0xa219, 0xa208, 0xa4b9, 0xa4a8, 0xaa99, 0xaa88, 0xab39, 0xab28, 0xa9d9, 0xa9c8, 0xaa39,
	0xaa28, 0xaa79, 0xaa68, 0xab19, 0xab08, 0xb1f9, 0xb1e8, 0xb9f9, 0xb9e8, 0xba59, 0xc199, 0xc188,
	0xbcb9, 0xbca8, 0xc219, 0xc208, 0x9ce8, 0xc41, 0xc41, 0xc41, 0xc41, 0xc41, 0xc41, 0xc41,
	0xc42, 0xc41, 0xc41, 0xc41, 0x0, 0x0, 0x0, 0x0, 0x0, 0xc68, 0xc69, 0xc70,
	0xc78, 0xc80, 0xc88, 0xd38, 0xc58, 0x1, 0x1, 0x1, 0x1, 0x1, 0x1, 0x1,
	0x1, 0xd98, 0xda0, 0xda8, 0xdb0, 0xcd1, 0x810, 0x1, 0xdb8, 0xc30, 0xc38, 0x0,
	0x0, 0x0, 0x0, 0x0, 0xc42, 0xd88, 0xd90, 0xdc0, 0x812, 0x1, 0xdc8, 0x814,
	0x1, 0xdd0, 0xce0, 0xce8, 0xdd8, 0x816, 0xcc8, 0xc48, 0xde0, 0x38d9, 0x4cbb, 0x9cc8,
	0x9ca9, 0x38c8, 0x4ca9, 0x68bb, 0x70bb, 0x68a9, 0x70a9, 0xc8a9, 0x80a9, 0x88d9, 0x4cbb, 0x88c8,
	0x4ca9, 0xcd1, 0xcd1, 0xdc1, 0xdc1, 0xdc9, 0xdc9, 0xca9, 0xca9, 0x5ff, 0x0, 0x5ff,
	0x44b9, 0x5ff, 0x58b9, 0x526, 0x5cbb, 0x527, 0x5cb2, 0x5ff, 0xc0b9, 0x5ff, 0x44a8, 0x5ff,
	0x58a8, 0x526, 0x5cb1, 0x527, 0x5ca8, 0x5ff, 0xc0a8, 0x5ff, 0x46f9, 0x5ff, 0x46e8, 0x5ff,
	0x5af9, 0x5ff, 0x5ae8, 0x1ff
};

static constexpr uint16_t s_coll_mtFastLatinPrimaries[384] = {
	0x0, 0x0, 0x0, 0x0, 0x0, 0x0, 0x0, 0x0, 0x0, 0xc00, 0xc08, 0xc10,
	0xc18, 0xc20, 0x0, 0x0, 0x0, 0x0, 0x0, 0x0, 0x0, 0x0, 0x0, 0x0,
	0x0, 0x0, 0x0, 0x0, 0x0, 0x0, 0x0, 0x0, 0xc40, 0xca8, 0xcf0, 0xd78,
	0xe98, 0xd80, 0xd70, 0xcd8, 0xd08, 0xd10, 0xd58, 0xe30, 0xc90, 0xc60, 0xcd0, 0xd60,
	0x1000, 0x1400, 0x1800, 0x1c00, 0x2000, 0x2400, 0x2800, 0x2c00, 0x3000, 0x3400, 0xca0, 0xc98,
	0xe50, 0xe58, 0xe60, 0xcb8, 0xd50, 0x3800, 0x3c00, 0x0, 0x4800, 0x4c00, 0x5000, 0x0,
	0x6000, 0x6800, 0x7000, 0x7400, 0x7800, 0x7c00, 0x8000, 0x8800, 0x8c00, 0x9000, 0x9800, 0x9c00,
	0xa000, 0xa800, 0xac00, 0xb000, 0xb400, 0xb800, 0x0, 0xd18, 0xd68, 0xd20, 0xdf8, 0xc50,
	0xde8, 0x3800, 0x3c00, 0x0, 0x4800, 0x4c00, 0x5000, 0x0, 0x6000, 0x6800, 0x7000, 0x7400,
	0x7800, 0x7c00, 0x8000, 0x8800, 0x8c00, 0x9000, 0x9800, 0x9c00, 0xa000, 0xa800, 0xac00, 0xb000,
	0xb400, 0xb800, 0x0, 0xd28, 0xe70, 0xd30, 0xe80, 0x0, 0x0, 0x0, 0x0, 0x0,
	0x0, 0xc28, 0x0, 0x0, 0x0, 0x0, 0x0, 0x0, 0x0, 0x0, 0x0, 0x0,
	0x0, 0x0, 0x0, 0x0, 0x0, 0x0, 0x0, 0x0, 0x0, 0x0, 0x0, 0x0,
	0x0, 0x0, 0x0, 0x0, 0xc40, 0xcb0, 0xe90, 0xea0, 0xe88, 0xea8, 0xe78, 0xd40,
	0xe08, 0xe20, 0x3800, 0xcf8, 0xe68, 0x0, 0xe28, 0xe00, 0xe18, 0xe38, 0x1800, 0x1c00,
	0xdf0, 0x0, 0xd48, 0x0, 0xe10, 0x1400, 0x8800, 0xd00, 0x0, 0x0, 0x0, 0xcc0,
	0x3800, 0x3800, 0x3800, 0x3800, 0x3800, 0x3800, 0x0, 0x0, 0x4c00, 0x4c00, 0x4c00, 0x4c00,
	0x6800, 0x6800, 0x6800, 0x6800, 0x4800, 0x8000, 0x8800, 0x8800, 0x8800, 0x8800, 0x8800, 0xe48,
	0x8800, 0xa800, 0xa800, 0xa800, 0xa800, 0xb800, 0xc400, 0x0, 0x3800, 0x3800, 0x3800, 0x3800,
	0x3800, 0x3800, 0x0, 0x0, 0x4c00, 0x4c00, 0x4c00, 0x4c00, 0x6800, 0x6800, 0x6800, 0x6800,
	0x4800, 0x8000, 0x8800, 0x8800, 0x8800, 0x8800, 0x8800, 0xe40, 0x8800, 0xa800, 0xa800, 0xa800,
	0xa800, 0xb800, 0xc400, 0xb800, 0x3800, 0x3800, 0x3800, 0x3800, 0x3800, 0x3800, 0x4400, 0x4400,
	0x4400, 0x4400, 0x4000, 0x4000, 0x4400, 0x4400, 0x4800, 0x4800, 0x4800, 0x4800, 0x4c00, 0x4c00,
	0x4c00, 0x4c00, 0x4c00, 0x4c00, 0x4c00, 0x4c00, 0x4c00, 0x4c00, 0x5800, 0x5800, 0x5800, 0x5800,
	0x5400, 0x5400, 0x0, 0x0, 0x6000, 0x6000, 0x6400, 0x6400, 0x6800, 0x6800, 0x6800, 0x6800,
	0x6800, 0x6800, 0x6800, 0x6800, 0x6800, 0x6c00, 0x0, 0x0, 0x7000, 0x7000, 0x7400, 0x7400,
	0x9400, 0x7800, 0x7800, 0x7800, 0x7800, 0x7800, 0x7800, 0x7800, 0x7800, 0x7800, 0x7800, 0x8000,
	0x8000, 0x8000, 0x8000, 0x8000, 0x8000, 0x0, 0x8400, 0x8400, 0x8800, 0x8800, 0x8800, 0x8800,
	0x8800, 0x8800, 0x0, 0x0, 0x9800, 0x9800, 0x9800, 0x9800, 0x9800, 0x9800, 0x9c00, 0x9c00,
	0x9c00, 0x9c00, 0x9c00, 0x9c00, 0x9c00, 0x9c00, 0xa000, 0xa000, 0xa000, 0xa000, 0xa400, 0xa400,
	0xa800, 0xa800, 0xa800, 0xa800, 0xa800, 0xa800, 0xa800, 0xa800, 0xa800, 0xa800, 0xa800, 0xa800,
	0xb000, 0xb000, 0xb800, 0xb800, 0xb800, 0xc000, 0xc000, 0xbc00, 0xbc00, 0xc000, 0xc000, 0x9c00
};

static constexpr int32_t s_coll_mtFastLatinMiniVarTop = 0xbff;

static constexpr uint32_t s_coll_mtNumericPrimary = 0x10000000;
static constexpr int32_t s_coll_mtOptions = 0x2310;
static constexpr int32_t s_coll_mtJamoCe32sStart = -1;

static constexpr uint32_t s_coll_mtUnsafeBwd[844] = {
	0x34, 0x35, 0x4c, 0x4d, 0xa0, 0xa1, 0x126, 0x128, 0x300, 0x34f, 0x350, 0x370,
	0x3a9, 0x3aa, 0x3e2, 0x3e3, 0x42f, 0x430, 0x483, 0x488, 0x531, 0x532, 0x591, 0x5be,
	0x5bf, 0x5c0, 0x5c1, 0x5c3, 0x5c4, 0x5c6, 0x5c7, 0x5c8, 0x5d0, 0x5d1, 0x610, 0x61b,
	0x628, 0x629, 0x64b, 0x660, 0x670, 0x671, 0x6d6, 0x6dd, 0x6df, 0x6e5, 0x6e7, 0x6e9,
	0x6ea, 0x6ee, 0x710, 0x712, 0x730, 0x74b, 0x78c, 0x78d, 0x7ca, 0x7cb, 0x7eb, 0x7f4,
	0x7fd, 0x7fe, 0x800, 0x801, 0x816, 0x81a, 0x81b, 0x824, 0x825, 0x828, 0x829, 0x82e,
	0x840, 0x841, 0x859, 0x85c, 0x897, 0x8a0, 0x8ca, 0x8e2, 0x8e3, 0x900, 0x905, 0x906,
	0x93c, 0x93d, 0x94d, 0x94e, 0x951, 0x955, 0x995, 0x996, 0x9bc, 0x9bd, 0x9be, 0x9bf,
	0x9cd, 0x9ce, 0x9d7, 0x9d8, 0x9fe, 0x9ff, 0xa15, 0xa16, 0xa3c, 0xa3d, 0xa4d, 0xa4e,
	0xa95, 0xa96, 0xabc, 0xabd, 0xacd, 0xace, 0xb15, 0xb16, 0xb3c, 0xb3d, 0xb3e, 0xb3f,
	0xb4d, 0xb4e, 0xb56, 0xb58, 0xb95, 0xb96, 0xbbe, 0xbbf, 0xbcd, 0xbce, 0xbd7, 0xbd8,
	0xc15, 0xc16, 0xc3c, 0xc3d, 0xc4d, 0xc4e, 0xc55, 0xc57, 0xc95, 0xc96, 0xcbc, 0xcbd,
	0xcc2, 0xcc3, 0xccd, 0xcce, 0xcd5, 0xcd7, 0xd15, 0xd16, 0xd3b, 0xd3d, 0xd3e, 0xd3f,
	0xd4d, 0xd4e, 0xd57, 0xd58, 0xd85, 0xd86, 0xdca, 0xdcb, 0xdcf, 0xdd0, 0xddf, 0xde0,
	0xe01, 0xe2f, 0xe32, 0xe33, 0xe38, 0xe3b, 0xe48, 0xe4c, 0xe81, 0xe83, 0xe84, 0xe85,
	0xe86, 0xe8b, 0xe8c, 0xea4, 0xea5, 0xea6, 0xea7, 0xeaf, 0xeb2, 0xeb3, 0xeb8, 0xebb,
	0xec8, 0xecc, 0xedc, 0xee0, 0xf18, 0xf1a, 0xf35, 0xf36, 0xf37, 0xf38, 0xf39, 0xf3a,
	0xf40, 0xf41, 0xf71, 0xf76, 0xf7a, 0xf7e, 0xf80, 0xf85, 0xf86, 0xf88, 0xfc6, 0xfc7,
	0x1000, 0x1001, 0x102e, 0x102f, 0x1037, 0x1038, 0x1039, 0x103b, 0x108d, 0x108e, 0x10d3, 0x10d4,
	0x12a0, 0x12a1, 0x135d, 0x1360, 0x13c4, 0x13c5, 0x14c0, 0x14c1, 0x168f, 0x1690, 0x16a0, 0x16a1,
	0x1703, 0x1704, 0x1714, 0x1716, 0x1723, 0x1724, 0x1734, 0x1735, 0x1743, 0x1744, 0x1763, 0x1764,
	0x1780, 0x1781, 0x17d2, 0x17d3, 0x17dd, 0x17de, 0x1826, 0x1827, 0x18a9, 0x18aa, 0x1900, 0x1901,
	0x1939, 0x193c, 0x1950, 0x1951, 0x1980, 0x19ac, 0x1a00, 0x1a01, 0x1a17, 0x1a19, 0x1a20, 0x1a21,
	0x1a60, 0x1a61, 0x1a75, 0x1a7d, 0x1a7f, 0x1a80, 0x1ab0, 0x1abe, 0x1abf, 0x1ade, 0x1ae0, 0x1aec,
	0x1b05, 0x1b06, 0x1b34, 0x1b36, 0x1b44, 0x1b45, 0x1b6b, 0x1b74, 0x1b83, 0x1b84, 0x1baa, 0x1bac,
	0x1bc0, 0x1bc1, 0x1be6, 0x1be7, 0x1bf2, 0x1bf4, 0x1c00, 0x1c01, 0x1c37, 0x1c38, 0x1c5a, 0x1c5b,
	0x1cd0, 0x1cd3, 0x1cd4, 0x1ce1, 0x1ce2, 0x1ce9, 0x1ced, 0x1cee, 0x1cf4, 0x1cf5, 0x1cf8, 0x1cfa,
	0x1dc0, 0x1e00, 0x201c, 0x201d, 0x20ac, 0x20ad, 0x20d0, 0x20dd, 0x20e1, 0x20e2, 0x20e5, 0x20f1,
	0x263a, 0x263b, 0x2c00, 0x2c01, 0x2cef, 0x2cf2, 0x2d30, 0x2d31, 0x2d7f, 0x2d80, 0x2de0, 0x2e00,
	0x302a, 0x3030, 0x304b, 0x304c, 0x3099, 0x309b, 0x30ab, 0x30ac, 0x3105, 0x3106, 0x5b57, 0x5b58,
	0xa288, 0xa289, 0xa4d0, 0xa4d1, 0xa549, 0xa54a, 0xa66f, 0xa670, 0xa674, 0xa67e, 0xa69e, 0xa6a1,
	0xa6f0, 0xa6f2, 0xa800, 0xa801, 0xa806, 0xa807, 0xa82c, 0xa82d, 0xa840, 0xa841, 0xa882, 0xa883,
	0xa8c4, 0xa8c5, 0xa8e0, 0xa8f2, 0xa90a, 0xa90b, 0xa92b, 0xa92e, 0xa930, 0xa931, 0xa953, 0xa954,
	0xa984, 0xa985, 0xa9b3, 0xa9b4, 0xa9c0, 0xa9c1, 0xaa00, 0xaa01, 0xaa80, 0xaab1, 0xaab2, 0xaab5,
	0xaab7, 0xaab9, 0xaabe, 0xaac0, 0xaac1, 0xaac2, 0xaaf6, 0xaaf7, 0xabc0, 0xabc1, 0xabed, 0xabee,
	0xac00, 0xac01, 0xd800, 0xd809, 0xd80b, 0xd80d, 0xd811, 0xd812, 0xd818, 0xd819, 0xd81a, 0xd81c,
	0xd820, 0xd821, 0xd823, 0xd824, 0xd82c, 0xd82d, 0xd82f, 0xd830, 0xd834, 0xd835, 0xd838, 0xd83b,
	0xdc00, 0xe000, 0xfb1e, 0xfb1f, 0xfdd0, 0xfdd1, 0xfe20, 0xfe30, 0x10000, 0x10001, 0x101fd, 0x101fe,
	0x10280, 0x10281, 0x102a0, 0x102a1, 0x102e0, 0x102e1, 0x10300, 0x10301, 0x10330, 0x10331, 0x1036b, 0x1036c,
	0x10376, 0x1037b, 0x10380, 0x10381, 0x103a0, 0x103a1, 0x10414, 0x10415, 0x10450, 0x10451, 0x10480, 0x10481,
	0x104b5, 0x104b6, 0x10500, 0x10501, 0x10537, 0x10538, 0x10582, 0x10583, 0x105c2, 0x105c3, 0x10647, 0x10648,
	0x10800, 0x10801, 0x10840, 0x10841, 0x10873, 0x10874, 0x10896, 0x10897, 0x108f4, 0x108f5, 0x10900, 0x10901,
	0x10920, 0x10921, 0x10950, 0x10951, 0x10980, 0x10981, 0x109a0, 0x109a1, 0x10a00, 0x10a01, 0x10a0d, 0x10a0e,
	0x10a0f, 0x10a10, 0x10a38, 0x10a3b, 0x10a3f, 0x10a40, 0x10a60, 0x10a61, 0x10a95, 0x10a96, 0x10ad8, 0x10ad9,
	0x10ae5, 0x10ae7, 0x10b00, 0x10b01, 0x10b40, 0x10b41, 0x10b60, 0x10b61, 0x10b8f, 0x10b90, 0x10c00, 0x10c01,
	0x10ca1, 0x10ca2, 0x10d12, 0x10d13, 0x10d24, 0x10d28, 0x10d5d, 0x10d5e, 0x10d69, 0x10d6e, 0x10e88, 0x10e89,
	0x10eab, 0x10ead, 0x10efa, 0x10efc, 0x10efd, 0x10f00, 0x10f19, 0x10f1a, 0x10f42, 0x10f43, 0x10f46, 0x10f51,
	0x10f7c, 0x10f7d, 0x10f82, 0x10f86, 0x10fbf, 0x10fc0, 0x10ff1, 0x10ff2, 0x11005, 0x11006, 0x11046, 0x11047,
	0x11070, 0x11071, 0x1107f, 0x11080, 0x11083, 0x11084, 0x110b9, 0x110bb, 0x110d0, 0x110d1, 0x11100, 0x11104,
	0x11127, 0x11128, 0x11133, 0x11135, 0x11152, 0x11153, 0x11173, 0x11174, 0x11183, 0x11184, 0x111c0, 0x111c1,
	0x111ca, 0x111cb, 0x11208, 0x11209, 0x11235, 0x11237, 0x1128f, 0x11290, 0x112be, 0x112bf, 0x112e9, 0x112eb,
	0x11315, 0x11316, 0x1133b, 0x1133d, 0x1133e, 0x1133f, 0x1134d, 0x1134e, 0x11357, 0x11358, 0x11366, 0x1136d,
	0x11370, 0x11375, 0x11392, 0x11393, 0x113b8, 0x113b9, 0x113bb, 0x113bc, 0x113c2, 0x113c3, 0x113c9, 0x113ca,
	0x113ce, 0x113d1, 0x11412, 0x11413, 0x11442, 0x11443, 0x11446, 0x11447, 0x1145e, 0x1145f, 0x11484, 0x11485,
	0x114b0, 0x114b1, 0x114ba, 0x114bb, 0x114bd, 0x114be, 0x114c2, 0x114c4, 0x1158e, 0x1158f, 0x115af, 0x115b0,
	0x115bf, 0x115c1, 0x1160e, 0x1160f, 0x1163f, 0x11640, 0x11680, 0x11681, 0x116b6, 0x116b8, 0x11717, 0x11718,
	0x1172b, 0x1172c, 0x1180b, 0x1180c, 0x11839, 0x1183b, 0x118b4, 0x118b5, 0x1190c, 0x1190d, 0x11930, 0x11931,
	0x1193d, 0x1193f, 0x11943, 0x11944, 0x119ce, 0x119cf, 0x119e0, 0x119e1, 0x11a0b, 0x11a0c, 0x11a34, 0x11a35,
	0x11a47, 0x11a48, 0x11a5c, 0x11a5d, 0x11a99, 0x11a9a, 0x11ac0, 0x11ac1, 0x11bc4, 0x11bc5, 0x11c0e, 0x11c0f,
	0x11c3f, 0x11c40, 0x11c72, 0x11c73, 0x11d10, 0x11d11, 0x11d42, 0x11d43, 0x11d44, 0x11d46, 0x11d71, 0x11d72,
	0x11d97, 0x11d98, 0x11dc6, 0x11dc7, 0x11ee5, 0x11ee6, 0x11f1b, 0x11f1c, 0x11f41, 0x11f43, 0x12000, 0x12001,
	0x12fe5, 0x12fe6, 0x13153, 0x13154, 0x14400, 0x14401, 0x1611c, 0x1611d, 0x1611e, 0x16121, 0x16123, 0x16126,
	0x16129, 0x1612a, 0x1612f, 0x16130, 0x16a4f, 0x16a50, 0x16abc, 0x16abd, 0x16ae6, 0x16ae7, 0x16af0, 0x16af5,
	0x16b1c, 0x16b1d, 0x16b30, 0x16b37, 0x16d45, 0x16d46, 0x16d67, 0x16d69, 0x16e40, 0x16e41, 0x16ea1, 0x16ea2,
	0x16f00, 0x16f01, 0x16ff0, 0x16ff2, 0x18229, 0x1822a, 0x18c65, 0x18c66, 0x1b1c4, 0x1b1c5, 0x1bc20, 0x1bc21,
	0x1bc9e, 0x1bc9f, 0x1d165, 0x1d16a, 0x1d16d, 0x1d173, 0x1d17b, 0x1d183, 0x1d185, 0x1d18c, 0x1d1aa, 0x1d1ae,
	0x1d242, 0x1d245, 0x1e000, 0x1e007, 0x1e008, 0x1e019, 0x1e01b, 0x1e022, 0x1e023, 0x1e025, 0x1e026, 0x1e02b,
	0x1e08f, 0x1e090, 0x1e108, 0x1e109, 0x1e130, 0x1e137, 0x1e290, 0x1e291, 0x1e2ae, 0x1e2af, 0x1e2e1, 0x1e2e2,
	0x1e2ec, 0x1e2f0, 0x1e4e6, 0x1e4e7, 0x1e4ec, 0x1e4f0, 0x1e5d0, 0x1e5d1, 0x1e5ee, 0x1e5f0, 0x1e6d5, 0x1e6d6,
	0x1e6e3, 0x1e6e4, 0x1e6e6, 0x1e6e7, 0x1e6ee, 0x1e6f0, 0x1e6f5, 0x1e6f6, 0x1e802, 0x1e803, 0x1e8d0, 0x1e8d7,
	0x1e909, 0x1e90a, 0x1e944, 0x1e94b
};

static constexpr int32_t s_coll_mtUnsafeBwdLength = 844;

static constexpr uint16_t s_coll_roTrieIndex[2112] = {
	0x0, 0x8, 0x10, 0x18, 0x30, 0x38, 0x40, 0x48, 0x50, 0x58, 0x5c, 0x64, 0x30, 0x38, 0x30, 0x38,
	0x66, 0x6e, 0x30, 0x38, 0x30, 0x38, 0x30, 0x38, 0x30, 0x38, 0x30, 0x38, 0x30, 0x38, 0x30, 0x38,
	0x30, 0x38, 0x30, 0x38, 0x30, 0x38, 0x30, 0x38, 0x30, 0x38, 0x30, 0x38, 0x30, 0x38, 0x30, 0x38,
	0x30, 0x38, 0x30, 0x38, 0x30, 0x38, 0x30, 0x38, 0x30, 0x38, 0x30, 0x38, 0x30, 0x38, 0x30, 0x38,
	0x30, 0x30, 0x30, 0x30, 0x30, 0x30, 0x30, 0x30, 0x30, 0x30, 0x30, 0x30, 0x30, 0x30, 0x30, 0x30,
	0x30, 0x30, 0x30, 0x30, 0x30, 0x30, 0x30, 0x30, 0x30, 0x30, 0x30, 0x30, 0x30, 0x30, 0x30, 0x30,
	0x30, 0x30, 0x30, 0x30, 0x30, 0x30, 0x30, 0x30, 0x30, 0x30, 0x30, 0x30, 0x30, 0x30, 0x30, 0x30,
	0x30, 0x30, 0x30, 0x30, 0x30, 0x30, 0x30, 0x30, 0x30, 0x30, 0x30, 0x30, 0x30, 0x30, 0x30, 0x30,
	0x30, 0x30, 0x30, 0x30, 0x30, 0x30, 0x30, 0x30, 0x30, 0x30, 0x30, 0x30, 0x30, 0x30, 0x30, 0x30,
	0x30, 0x30, 0x30, 0x30, 0x30, 0x30, 0x30, 0x30, 0x30, 0x30, 0x30, 0x30, 0x30, 0x30, 0x30, 0x30,
	0x30, 0x30, 0x30, 0x30, 0x30, 0x30, 0x30, 0x30, 0x30, 0x30, 0x30, 0x30, 0x30, 0x30, 0x30, 0x30,
	0x30, 0x30, 0x30, 0x30, 0x30, 0x30, 0x30, 0x30, 0x30, 0x30, 0x30, 0x30, 0x30, 0x30, 0x30, 0x30,
	0x30, 0x30, 0x30, 0x30, 0x30, 0x30, 0x30, 0x30, 0x30, 0x30, 0x30, 0x30, 0x30, 0x30, 0x30, 0x30,
	0x30, 0x30, 0x30, 0x30, 0x30, 0x30, 0x30, 0x30, 0x30, 0x30, 0x30, 0x30, 0x30, 0x30, 0x30, 0x30,
	0x30, 0x30, 0x30, 0x30, 0x30, 0x30, 0x30, 0x30, 0x30, 0x30, 0x30, 0x30, 0x30, 0x30, 0x30, 0x30,
	0x86, 0x8b, 0x30, 0x30, 0x30, 0x93, 0x99, 0x30, 0x30, 0x30, 0x30, 0x30, 0x30, 0x30, 0x30, 0x30,
	0x30, 0x30, 0x30, 0x30, 0x30, 0x30, 0x30, 0x30, 0x30, 0x30, 0x30, 0x30, 0x30, 0x30, 0x30, 0x30,
	0x30, 0x30, 0x30, 0x30, 0x30, 0x30, 0x30, 0x30, 0x30, 0x30, 0x30, 0x30, 0x30, 0x30, 0x30, 0x30,
	0x30, 0x30, 0x30, 0x30, 0x30, 0x30, 0x30, 0x30, 0x30, 0x30, 0x30, 0x30, 0x30, 0x30, 0x30, 0x30,
	0x30, 0x30, 0x30, 0x30, 0x30, 0x30, 0x30, 0x30, 0x30, 0x30, 0x30, 0x30, 0x30, 0x30, 0x30, 0x30,
	0x30, 0x30, 0x30, 0x30, 0x30, 0x30, 0x30, 0x30, 0x30, 0x30, 0x30, 0x30, 0x30, 0x30, 0x30, 0x30,
	0x30, 0x30, 0x30, 0x30, 0x30, 0x30, 0x30, 0x30, 0x30, 0x30, 0x30, 0x30, 0x30, 0x30, 0x30, 0x30,
	0x30, 0x30, 0x30, 0x30, 0x30, 0x30, 0x30, 0x30, 0x30, 0x30, 0x30, 0x30, 0x30, 0x30, 0x30, 0x30,
	0x30, 0x30, 0x30, 0x30, 0x30, 0x30, 0x30, 0x30, 0x30, 0x30, 0x30, 0x30, 0x30, 0x30, 0x30, 0x30,
	0x30, 0x30, 0x30, 0x30, 0x30, 0x30, 0x30, 0x30, 0x30, 0x30, 0x30, 0x30, 0x30, 0x30, 0x30, 0x30,
	0x30, 0x30, 0x30, 0x30, 0x30, 0x30, 0x30, 0x30, 0x30, 0x30, 0x30, 0x30, 0x30, 0x30, 0x30, 0x30,
	0x30, 0x30, 0x30, 0x30, 0x30, 0x30, 0x30, 0x30, 0x30, 0x30, 0x30, 0x30, 0x30, 0x30, 0x30, 0x30,
	0x30, 0x30, 0x30, 0x30, 0x30, 0x30, 0x30, 0x30, 0x30, 0x30, 0x30, 0x30, 0x30, 0x30, 0x30, 0x30,
	0x30, 0x30, 0x30, 0x30, 0x30, 0x30, 0x30, 0x30, 0x30, 0x30, 0x30, 0x30, 0x30, 0x30, 0x30, 0x30,
	0x30, 0x30, 0x30, 0x30, 0x30, 0x30, 0x30, 0x30, 0x30, 0x30, 0x30, 0x30, 0x30, 0x30, 0x30, 0x30,
	0x30, 0x30, 0x30, 0x30, 0x30, 0x30, 0x30, 0x30, 0x30, 0x30, 0x30, 0x30, 0x30, 0x30, 0x30, 0x30,
	0x30, 0x30, 0x30, 0x30, 0x30, 0x30, 0x30, 0x30, 0x30, 0x30, 0x30, 0x30, 0x30, 0x30, 0x30, 0x30,
	0x30, 0x30, 0x30, 0x30, 0x30, 0x30, 0x30, 0x30, 0x30, 0x30, 0x30, 0x30, 0x30, 0x30, 0x30, 0x30,
	0x30, 0x30, 0x30, 0x30, 0x30, 0x30, 0x30, 0x30, 0x30, 0x30, 0x30, 0x30, 0x30, 0x30, 0x30, 0x30,
	0x30, 0x30, 0x30, 0x30, 0x30, 0x30, 0x30, 0x30, 0x30, 0x30, 0x30, 0x30, 0x30, 0x30, 0x30, 0x30,
	0x30, 0x30, 0x30, 0x30, 0x30, 0x30, 0x30, 0x30, 0x30, 0x30, 0x30, 0x30, 0x30, 0x30, 0x30, 0x30,
	0x30, 0x30, 0x30, 0x30, 0x30, 0x30, 0x30, 0x30, 0x30, 0x30, 0x30, 0x30, 0x30, 0x30, 0x30, 0x30,
	0x30, 0x30, 0x30, 0x30, 0x30, 0x30, 0x30, 0x30, 0x30, 0x30, 0x30, 0x30, 0x30, 0x30, 0x30, 0x30,
	0x30, 0x30, 0x30, 0x30, 0x30, 0x30, 0x30, 0x30, 0x30, 0x30, 0x30, 0x30, 0x30, 0x30, 0x30, 0x30,
	0x30, 0x30, 0x30, 0x30, 0x30, 0x30, 0x30, 0x30, 0x30, 0x30, 0x30, 0x30, 0x30, 0x30, 0x30, 0x30,
	0x30, 0x30, 0x30, 0x30, 0x30, 0x30, 0x30, 0x30, 0x30, 0x30, 0x30, 0x30, 0x30, 0x30, 0x30, 0x30,
	0x30, 0x30, 0x30, 0x30, 0x30, 0x30, 0x30, 0x30, 0x30, 0x30, 0x30, 0x30, 0x30, 0x30, 0x30, 0x30,
	0x30, 0x30, 0x30, 0x30, 0x30, 0x30, 0x30, 0x30, 0x30, 0x30, 0x30, 0x30, 0x30, 0x30, 0x30, 0x30,
	0x30, 0x30, 0x30, 0x30, 0x30, 0x30, 0x30, 0x30, 0x30, 0x30, 0x30, 0x30, 0x30, 0x30, 0x30, 0x30,
	0x30, 0x30, 0x30, 0x30, 0x30, 0x30, 0x30, 0x30, 0x30, 0x30, 0x30, 0x30, 0x30, 0x30, 0x30, 0x30,
	0x30, 0x30, 0x30, 0x30, 0x30, 0x30, 0x30, 0x30, 0x30, 0x30, 0x30, 0x30, 0x30, 0x30, 0x30, 0x30,
	0x30, 0x30, 0x30, 0x30, 0x30, 0x30, 0x30, 0x30, 0x30, 0x30, 0x30, 0x30, 0x30, 0x30, 0x30, 0x30,
	0x30, 0x30, 0x30, 0x30, 0x30, 0x30, 0x30, 0x30, 0x30, 0x30, 0x30, 0x30, 0x30, 0x30, 0x30, 0x30,
	0x30, 0x30, 0x30, 0x30, 0x30, 0x30, 0x30, 0x30, 0x30, 0x30, 0x30, 0x30, 0x30, 0x30, 0x30, 0x30,
	0x30, 0x30, 0x30, 0x30, 0x30, 0x30, 0x30, 0x30, 0x30, 0x30, 0x30, 0x30, 0x30, 0x30, 0x30, 0x30,
	0x30, 0x30, 0x30, 0x30, 0x30, 0x30, 0x30, 0x30, 0x30, 0x30, 0x30, 0x30, 0x30, 0x30, 0x30, 0x30,
	0x30, 0x30, 0x30, 0x30, 0x30, 0x30, 0x30, 0x30, 0x30, 0x30, 0x30, 0x30, 0x30, 0x30, 0x30, 0x30,
	0x30, 0x30, 0x30, 0x30, 0x30, 0x30, 0x30, 0x30, 0x30, 0x30, 0x30, 0x30, 0x30, 0x30, 0x30, 0x30,
	0x30, 0x30, 0x30, 0x30, 0x30, 0x30, 0x30, 0x30, 0x30, 0x30, 0x30, 0x30, 0x30, 0x30, 0x30, 0x30,
	0x30, 0x30, 0x30, 0x30, 0x30, 0x30, 0x30, 0x30, 0x30, 0x30, 0x30, 0x30, 0x30, 0x30, 0x30, 0x30,
	0x30, 0x30, 0x30, 0x30, 0x30, 0x30, 0x30, 0x30, 0x30, 0x30, 0x30, 0x30, 0x30, 0x30, 0x30, 0x30,
	0x30, 0x30, 0x30, 0x30, 0x30, 0x30, 0x30, 0x30, 0x30, 0x30, 0x30, 0x30, 0x30, 0x30, 0x30, 0x30,
	0x30, 0x30, 0x30, 0x30, 0x30, 0x30, 0x30, 0x30, 0x30, 0x30, 0x30, 0x30, 0x30, 0x30, 0x30, 0x30,
	0x30, 0x30, 0x30, 0x30, 0x30, 0x30, 0x30, 0x30, 0x30, 0x30, 0x30, 0x30, 0x30, 0x30, 0x30, 0x30,
	0x30, 0x30, 0x30, 0x30, 0x30, 0x30, 0x30, 0x30, 0x30, 0x30, 0x30, 0x30, 0x30, 0x30, 0x30, 0x30,
	0x30, 0x30, 0x30, 0x30, 0x30, 0x30, 0x30, 0x30, 0x30, 0x30, 0x30, 0x30, 0x30, 0x30, 0x30, 0x30,
	0x30, 0x30, 0x30, 0x30, 0x30, 0x30, 0x30, 0x30, 0x30, 0x30, 0x30, 0x30, 0x30, 0x30, 0x30, 0x30,
	0x30, 0x30, 0x30, 0x30, 0x30, 0x30, 0x30, 0x30, 0x30, 0x30, 0x30, 0x30, 0x30, 0x30, 0x30, 0x30,
	0x30, 0x30, 0x30, 0x30, 0x30, 0x30, 0x30, 0x30, 0x30, 0x30, 0x30, 0x30, 0x30, 0x30, 0x30, 0x30,
	0x30, 0x30, 0x30, 0x30, 0x30, 0x30, 0x30, 0x30, 0x30, 0x30, 0x30, 0x30, 0x30, 0x30, 0x30, 0x30,
	0x30, 0x30, 0x30, 0x30, 0x30, 0x30, 0x30, 0x30, 0x30, 0x30, 0x30, 0x30, 0x30, 0x30, 0x30, 0x30,
	0x30, 0x30, 0x30, 0x30, 0x30, 0x30, 0x30, 0x30, 0x30, 0x30, 0x30, 0x30, 0x30, 0x30, 0x30, 0x30,
	0x30, 0x30, 0x30, 0x30, 0x30, 0x30, 0x30, 0x30, 0x30, 0x30, 0x30, 0x30, 0x30, 0x30, 0x30, 0x30,
	0x30, 0x30, 0x30, 0x30, 0x30, 0x30, 0x30, 0x30, 0x30, 0x30, 0x30, 0x30, 0x30, 0x30, 0x30, 0x30,
	0x30, 0x30, 0x30, 0x30, 0x30, 0x30, 0x30, 0x30, 0x30, 0x30, 0x30, 0x30, 0x30, 0x30, 0x30, 0x30,
	0x30, 0x30, 0x30, 0x30, 0x30, 0x30, 0x30, 0x30, 0x30, 0x30, 0x30, 0x30, 0x30, 0x30, 0x30, 0x30,
	0x30, 0x30, 0x30, 0x30, 0x30, 0x30, 0x30, 0x30, 0x30, 0x30, 0x30, 0x30, 0x30, 0x30, 0x30, 0x30,
	0x30, 0x30, 0x30, 0x30, 0x30, 0x30, 0x30, 0x30, 0x30, 0x30, 0x30, 0x30, 0x30, 0x30, 0x30, 0x30,
	0x30, 0x30, 0x30, 0x30, 0x30, 0x30, 0x30, 0x30, 0x30, 0x30, 0x30, 0x30, 0x30, 0x30, 0x30, 0x30,
	0x30, 0x30, 0x30, 0x30, 0x30, 0x30, 0x30, 0x30, 0x30, 0x30, 0x30, 0x30, 0x30, 0x30, 0x30, 0x30,
	0x30, 0x30, 0x30, 0x30, 0x30, 0x30, 0x30, 0x30, 0x30, 0x30, 0x30, 0x30, 0x30, 0x30, 0x30, 0x30,
	0x30, 0x30, 0x30, 0x30, 0x30, 0x30, 0x30, 0x30, 0x30, 0x30, 0x30, 0x30, 0x30, 0x30, 0x30, 0x30,
	0x30, 0x30, 0x30, 0x30, 0x30, 0x30, 0x30, 0x30, 0x30, 0x30, 0x30, 0x30, 0x30, 0x30, 0x30, 0x30,
	0x30, 0x30, 0x30, 0x30, 0x30, 0x30, 0x30, 0x30, 0x30, 0x30, 0x30, 0x30, 0x30, 0x30, 0x30, 0x30,
	0x30, 0x30, 0x30, 0x30, 0x30, 0x30, 0x30, 0x30, 0x30, 0x30, 0x30, 0x30, 0x30, 0x30, 0x30, 0x30,
	0x30, 0x30, 0x30, 0x30, 0x30, 0x30, 0x30, 0x30, 0x30, 0x30, 0x30, 0x30, 0x30, 0x30, 0x30, 0x30,
	0x30, 0x30, 0x30, 0x30, 0x30, 0x30, 0x30, 0x30, 0x30, 0x30, 0x30, 0x30, 0x30, 0x30, 0x30, 0x30,
	0x30, 0x30, 0x30, 0x30, 0x30, 0x30, 0x30, 0x30, 0x30, 0x30, 0x30, 0x30, 0x30, 0x30, 0x30, 0x30,
	0x30, 0x30, 0x30, 0x30, 0x30, 0x30, 0x30, 0x30, 0x30, 0x30, 0x30, 0x30, 0x30, 0x30, 0x30, 0x30,
	0x30, 0x30, 0x30, 0x30, 0x30, 0x30, 0x30, 0x30, 0x30, 0x30, 0x30, 0x30, 0x30, 0x30, 0x30, 0x30,
	0x30, 0x30, 0x30, 0x30, 0x30, 0x30, 0x30, 0x30, 0x30, 0x30, 0x30, 0x30, 0x30, 0x30, 0x30, 0x30,
	0xa1, 0xa1, 0xa1, 0xa1, 0xa1, 0xa1, 0xa1, 0xa1, 0xa1, 0xa1, 0xa1, 0xa1, 0xa1, 0xa1, 0xa1, 0xa1,
	0xa1, 0xa1, 0xa1, 0xa1, 0xa1, 0xa1, 0xa1, 0xa1, 0xa1, 0xa1, 0xa1, 0xa1, 0xa1, 0xa1, 0xa1, 0xa1,
	0xa1, 0xa1, 0xa1, 0xa1, 0xa1, 0xa1, 0xa1, 0xa1, 0xa1, 0xa1, 0xa1, 0xa1, 0xa1, 0xa1, 0xa1, 0xa1,
	0xa1, 0xa1, 0xa1, 0xa1, 0xa1, 0xa1, 0xa1, 0xa1, 0xa1, 0xa1, 0xa1, 0xa1, 0xa1, 0xa1, 0xa1, 0xa1,
	0xa1, 0xa1, 0xa1, 0xa1, 0xa1, 0xa1, 0xa1, 0xa1, 0xa1, 0xa1, 0xa1, 0xa1, 0xa1, 0xa1, 0xa1, 0xa1,
	0xa1, 0xa1, 0xa1, 0xa1, 0xa1, 0xa1, 0xa1, 0xa1, 0xa1, 0xa1, 0xa1, 0xa1, 0xa1, 0xa1, 0xa1, 0xa1,
	0xa1, 0xa1, 0xa1, 0xa1, 0xa1, 0xa1, 0xa1, 0xa1, 0xa1, 0xa1, 0xa1, 0xa1, 0xa1, 0xa1, 0xa1, 0xa1,
	0xa1, 0xa1, 0xa1, 0xa1, 0xa1, 0xa1, 0xa1, 0xa1, 0xa1, 0xa1, 0xa1, 0xa1, 0xa1, 0xa1, 0xa1, 0xa1,
	0xa1, 0xa1, 0xa1, 0xa1, 0xa1, 0xa1, 0xa1, 0xa1, 0xa1, 0xa1, 0xa1, 0xa1, 0xa1, 0xa1, 0xa1, 0xa1,
	0xa1, 0xa1, 0xa1, 0xa1, 0xa1, 0xa1, 0xa1, 0xa1, 0xa1, 0xa1, 0xa1, 0xa1, 0xa1, 0xa1, 0xa1, 0xa1,
	0xa1, 0xa1, 0xa1, 0xa1, 0xa1, 0xa1, 0xa1, 0xa1, 0xa1, 0xa1, 0xa1, 0xa1, 0xa1, 0xa1, 0xa1, 0xa1,
	0xa1, 0xa1, 0xa1, 0xa1, 0xa1, 0xa1, 0xa1, 0xa1, 0xa1, 0xa1, 0xa1, 0xa1, 0xa1, 0xa1, 0xa1, 0xa1,
	0xa1, 0xa1, 0xa1, 0xa1, 0xa1, 0xa1, 0xa1, 0xa1, 0xa1, 0xa1, 0xa1, 0xa1, 0xa1, 0xa1, 0xa1, 0xa1,
	0xa1, 0xa1, 0xa1, 0xa1, 0xa1, 0xa1, 0xa1, 0xa1, 0xa1, 0xa1, 0xa1, 0xa1, 0xa1, 0xa1, 0xa1, 0xa1,
	0xa1, 0xa1, 0xa1, 0xa1, 0xa1, 0xa1, 0xa1, 0xa1, 0xa1, 0xa1, 0xa1, 0xa1, 0xa1, 0xa1, 0xa1, 0xa1,
	0xa1, 0xa1, 0xa1, 0xa1, 0xa1, 0xa1, 0xa1, 0xa1, 0xa1, 0xa1, 0xa1, 0xa1, 0xa1, 0xa1, 0xa1, 0xa1,
	0xa1, 0xa1, 0xa1, 0xa1, 0xa1, 0xa1, 0xa1, 0xa1, 0xa1, 0xa1, 0xa1, 0xa1, 0xa1, 0xa1, 0xa1, 0xa1,
	0xa1, 0xa1, 0xa1, 0xa1, 0xa1, 0xa1, 0xa1, 0xa1, 0xa1, 0xa1, 0xa1, 0xa1, 0xa1, 0xa1, 0xa1, 0xa1,
	0xa1, 0xa1, 0xa1, 0xa1, 0xa1, 0xa1, 0xa1, 0xa1, 0xa1, 0xa1, 0xa1, 0xa1, 0xa1, 0xa1, 0xa1, 0xa1,
	0xa1, 0xa1, 0xa1, 0xa1, 0xa1, 0xa1, 0xa1, 0xa1, 0xa1, 0xa1, 0xa1, 0xa1, 0xa1, 0xa1, 0xa1, 0xa1,
	0xa1, 0xa1, 0xa1, 0xa1, 0xa1, 0xa1, 0xa1, 0xa1, 0xa1, 0xa1, 0xa1, 0xa1, 0xa1, 0xa1, 0xa1, 0xa1,
	0xa1, 0xa1, 0xa1, 0xa1, 0xa1, 0xa1, 0xa1, 0xa1, 0xa1, 0xa1, 0xa1, 0xa1, 0xa1, 0x7e, 0x30, 0x30,
	0x76, 0x76, 0x76, 0x76, 0x76, 0x76, 0x76, 0x76, 0x76, 0x76, 0x76, 0x76, 0x76, 0x76, 0x76, 0x76,
	0x76, 0x76, 0x76, 0x76, 0x76, 0x76, 0x76, 0x76, 0x76, 0x76, 0x76, 0x76, 0x76, 0x76, 0x76, 0x76,
	0x30, 0x30, 0x30, 0x30, 0x30, 0x30, 0x30, 0x30, 0x30, 0x30, 0x30, 0x30, 0x30, 0x30, 0x30, 0x30,
	0x30, 0x30, 0x30, 0x30, 0x30, 0x30, 0x30, 0x30, 0x30, 0x30, 0x30, 0x30, 0x30, 0x30, 0x30, 0x30,
	0x30, 0x30, 0x30, 0x30, 0x30, 0x30, 0x30, 0x30, 0x30, 0x30, 0x30, 0x30, 0x30, 0x30, 0x30, 0x30,
	0x30, 0x30, 0x30, 0x30, 0x30, 0x30, 0x30, 0x30, 0x30, 0x30, 0x30, 0x30, 0x30, 0x30, 0x30, 0x30,
	0x30, 0x30, 0x30, 0x30, 0x30, 0x30, 0x30, 0x30, 0x30, 0x30, 0x30, 0x30, 0x30, 0x30, 0x30, 0x30,
	0x30, 0x30, 0x30, 0x30, 0x30, 0x30, 0x30, 0x30, 0x30, 0x30, 0x30, 0x30, 0x30, 0x30, 0x30, 0x30,
	0x30, 0x30, 0x30, 0x30, 0x30, 0x30, 0x30, 0x30, 0x30, 0x30, 0x30, 0x30, 0x30, 0x30, 0x30, 0x30,
	0x30, 0x30, 0x30, 0x30, 0x30, 0x30, 0x30, 0x30, 0x30, 0x30, 0x30, 0x30, 0x30, 0x30, 0x30, 0x30,
	0x30, 0x30, 0x30, 0x30, 0x30, 0x30, 0x30, 0x30, 0x30, 0x30, 0x30, 0x30, 0x30, 0x30, 0x30, 0x30,
	0x30, 0x30, 0x30, 0x30, 0x30, 0x30, 0x30, 0x30, 0x30, 0x30, 0x30, 0x30, 0x30, 0x30, 0x30, 0x30,
	0x30, 0x30, 0x30, 0x30, 0x30, 0x30, 0x30, 0x30, 0x30, 0x30, 0x30, 0x30, 0x30, 0x30, 0x30, 0x30,
	0x30, 0x30, 0x30, 0x30, 0x30, 0x30, 0x30, 0x30, 0x30, 0x30, 0x30, 0x30, 0x30, 0x30, 0x30, 0x30,
	0x30, 0x30, 0x30, 0x30, 0x30, 0x30, 0x30, 0x30, 0x30, 0x30, 0x30, 0x30, 0x30, 0x30, 0x30, 0x30,
	0x30, 0x30, 0x30, 0x30, 0x30, 0x30, 0x30, 0x30, 0x30, 0x30, 0x30, 0x30, 0x30, 0x30, 0x30, 0x30,
	0x30, 0x30, 0x30, 0x30, 0x30, 0x30, 0x30, 0x30, 0x30, 0x30, 0x30, 0x30, 0x30, 0x30, 0x30, 0x30,
	0x30, 0x30, 0x30, 0x30, 0x30, 0x30, 0x30, 0x30, 0x30, 0x30, 0x30, 0x30, 0x30, 0x30, 0x30, 0x30,
	0x30, 0x30, 0x30, 0x30, 0x30, 0x30, 0x30, 0x30, 0x30, 0x30, 0x30, 0x30, 0x30, 0x30, 0x30, 0x30,
	0x30, 0x30, 0x30, 0x30, 0x30, 0x30, 0x30, 0x30, 0x30, 0x30, 0x30, 0x30, 0x30, 0x30, 0x30, 0x30,
	0x30, 0x30, 0x30, 0x30, 0x30, 0x30, 0x30, 0x30, 0x30, 0x30, 0x30, 0x30, 0x30, 0x30, 0x30, 0x30,
	0x30, 0x30, 0x30, 0x30, 0x30, 0x30, 0x30, 0x30, 0x30, 0x30, 0x30, 0x30, 0x30, 0x30, 0x30, 0x30,
	0x80, 0x80, 0xc0, 0x100, 0x140, 0x170, 0xc0, 0xc0, 0x198, 0xc0, 0xc0, 0xc0, 0xc0, 0xc0, 0xc0, 0xc0,
	0xc0, 0xc0, 0xc0, 0xc0, 0xc0, 0xc0, 0xc0, 0xc0, 0xc0, 0xc0, 0xc0, 0xc0, 0xc0, 0xc0, 0xc0, 0xc0
};

static constexpr uint32_t s_coll_roTrieData[680] = {
	0xcb, 0x0, 0x0, 0x0, 0x0, 0x0, 0x0, 0x0,
	0x0, 0x3040505, 0x3060505, 0x3080505, 0x30a0505, 0x30c0505, 0x0, 0x0,
	0x0, 0x0, 0x0, 0x0, 0x0, 0x0, 0x0, 0x0,
	0x0, 0x0, 0x0, 0x0, 0x0, 0x0, 0x0, 0x0,
	0x4000505, 0x75a0505, 0x9760505, 0xa940505, 0xda90505, 0xa960505, 0xa8e0505, 0x9700505,
	0x97c0505, 0x97e0505, 0xa7e0505, 0xc7b0505, 0x6000505, 0x50e0505, 0x8000505, 0xa880505,
	0x960ca, 0x981ca, 0x9a2ca, 0x9c3ca, 0x9e4ca, 0xa05ca, 0xa26ca, 0xa47ca,
	0xa68ca, 0xa89ca, 0x7360505, 0x72a0505, 0xc850505, 0xc870505, 0xc890505, 0x7640505,
	0xa7c0505, 0x6c9, 0x2d00059c, 0x2f00059c, 0x3100059c, 0x3300059c, 0x3500059c, 0x3700059c,
	0x3900059c, 0x126c9, 0x3d00059c, 0x3f00059c, 0x4100059c, 0x4300059c, 0x4500059c, 0x4700059c,
	0x4900059c, 0x4b00059c, 0x4d00059c, 0x1e6c9, 0x346c9, 0x5300059c, 0x5500059c, 0x570005a0,
	0x5900059c, 0x5b00059c, 0x5d00059c, 0x9800505, 0xa8a0505, 0x9820505, 0xc0a0505, 0x50a0505,
	0xc040505, 0x4a6c9, 0x2d000505, 0x2f000505, 0x31000505, 0x33000505, 0x35000505, 0x37000505,
	0x39000505, 0x5c6c9, 0x3d000505, 0x3f000505, 0x41000505, 0x43000505, 0x45000505, 0x47000505,
	0x49000505, 0x4b000505, 0x4d000505, 0x686c9, 0x7e6c9, 0x53000505, 0x55000505, 0x57000505,
	0x59000505, 0x5b000505, 0x5d000505, 0x9840505, 0xc8d0505, 0x9860505, 0xc910505, 0x0,
	0xfffd0505, 0xfffd0505, 0xfffd0505, 0xfffd0505, 0xfffd0505, 0xfffd0505, 0xfffd0505, 0xfffd0505,
	0xfffd0505, 0xfffd0505, 0xfffd0505, 0xfffd0505, 0xfffd0505, 0xfffd0505, 0xfffd0505, 0xfffd0505,
	0xfffd0505, 0xfffd0505, 0xfffd0505, 0xfffd0505, 0xfffd0505, 0xfffd0505, 0xfffd0505, 0xfffd0505,
	0xfffd0505, 0xfffd0505, 0xfffd0505, 0xfffd0505, 0xfffd0505, 0xfffd0505, 0xfffd0505, 0xfffd0505,
	0xfffd0505, 0xfffd0505, 0xfffd0505, 0xfffd0505, 0xfffd0505, 0xfffd0505, 0xfffd0505, 0xfffd0505,
	0xfffd0505, 0xfffd0505, 0xfffd0505, 0xfffd0505, 0xfffd0505, 0xfffd0505, 0xfffd0505, 0xfffd0505,
	0xfffd0505, 0xfffd0505, 0xfffd0505, 0xfffd0505, 0xfffd0505, 0xfffd0505, 0xfffd0505, 0xfffd0505,
	0xfffd0505, 0xfffd0505, 0xfffd0505, 0xfffd0505, 0xfffd0505, 0xfffd0505, 0xfffd0505, 0xfffd0505,
	0xc0, 0xc0, 0xc0, 0xc0, 0xc0, 0xc0, 0xc0, 0xc0,
	0xc0, 0xc0, 0xc0, 0xc0, 0xc0, 0xc0, 0xc0, 0xc0,
	0xc0, 0xc0, 0xc0, 0xc0, 0xc0, 0xc0, 0xc0, 0xc0,
	0xc0, 0xc0, 0xc0, 0xc0, 0xc0, 0xc0, 0xc0, 0xc0,
	0xc0, 0xc0, 0xc0, 0xc0, 0xc0, 0xc0, 0xc0, 0xc0,
	0xc0, 0xc0, 0xc0, 0xc0, 0xc0, 0xc0, 0xc0, 0xc0,
	0xc0, 0xc0, 0xc0, 0xc0, 0xc0, 0xc0, 0xc0, 0xc0,
	0xc0, 0xc0, 0xc0, 0xc0, 0xc0, 0xc0, 0xc0, 0xc0,
	0x2b9c8ac4, 0x2b9c88c4, 0x2c030586, 0x2b9c9ac4, 0x2b9c96c4, 0x2b9c92c4, 0x8a2c5, 0x2f9ca0c4,
	0x339c8ac4, 0x339c88c4, 0x339c8ec4, 0x339c96c4, 0x3b9c8ac4, 0x3b9c88c4, 0x3c020586, 0x3b9c96c4,
	0x310070a0, 0x459c9ac4, 0x479c8ac4, 0x479c88c4, 0x479c8ec4, 0x479c9ac4, 0x479c96c4, 0xc830505,
	0x479c9ec4, 0x539c8ac4, 0x539c88c4, 0x539c8ec4, 0x539c96c4, 0x5b9c88c4, 0x5e2805a0, 0x8e2c5,
	0x2b058ac4, 0x2b0588c4, 0x2c030505, 0x2b059ac4, 0x2b0596c4, 0x2b0592c4, 0x922c5, 0x2f05a0c4,
	0x33058ac4, 0x330588c4, 0x33058ec4, 0x330596c4, 0x3b058ac4, 0x3b0588c4, 0x3c020505, 0x3b0596c4,
	0x31007005, 0x45059ac4, 0x47058ac4, 0x470588c4, 0x47058ec4, 0x47059ac4, 0x470596c4, 0xc810505,
	0x47059ec4, 0x53058ac4, 0x530588c4, 0x53058ec4, 0x530596c4, 0x5b0588c4, 0x5e280505, 0x5b0596c4,
	0xc0, 0xc0, 0x2c020586, 0x2c020505, 0x946c9, 0xa46c9, 0xc0, 0xc0,
	0xc0, 0xc0, 0xc0, 0xc0, 0xc0, 0xc0, 0xc0, 0xc0,
	0xc0, 0xc0, 0xc0, 0xc0, 0xc0, 0xc0, 0xc0, 0xc0,
	0xc0, 0xc0, 0xc0, 0xc0, 0xc0, 0xc0, 0xc0, 0xc0,
	0xc0, 0xc0, 0xc0, 0xc0, 0xc0, 0xc0, 0xc0, 0xc0,
	0xc0, 0xc0, 0xc0, 0xc0, 0xc0, 0xc0, 0xb66c9, 0xc26c9,
	0xc0, 0xc0, 0xc0, 0xc0, 0xc0, 0xc0, 0xc0, 0xc0,
	0xc0, 0xc0, 0xc0, 0xc0, 0xc0, 0xc0, 0xc0, 0xc0,
	0xc0, 0xc0, 0xc0, 0xc0, 0xc0, 0xc0, 0xc0, 0xc0,
	0xc0, 0xc0, 0xc0, 0xc0, 0xc0, 0xc0, 0x50020586, 0x50020505,
	0xc0, 0xc0, 0x52020586, 0x52020505, 0xc0, 0xc0, 0xc0, 0xc0,
	0xc0, 0xc0, 0xc0, 0xc0, 0xc0, 0xc0, 0xc0, 0xc0,
	0xc0, 0xc0, 0xc0, 0xc0, 0xc0, 0xc0, 0xc0, 0xc0,
	0xc0, 0xc0, 0xc0, 0xc0, 0xc0, 0xc0, 0xc0, 0xc0,
	0x50020586, 0x50020505, 0x52020586, 0x52020505, 0xc0, 0xc0, 0xc0, 0xc0,
	0xc0, 0xc0, 0xc0, 0xc0, 0xc0, 0xc0, 0xc0, 0xc0,
	0xc0, 0xc0, 0xc0, 0xc0, 0xc0, 0xc0, 0xc0, 0xc0,
	0xc0, 0xc0, 0xc0, 0xc0, 0xc0, 0xc0, 0xc0, 0xc0,
	0xc0, 0xc0, 0xc0, 0xc0, 0xc0, 0xc0, 0xc0, 0xc0,
	0x1cd, 0x1cd, 0x1cd, 0x1cd, 0x1cd, 0x1cd, 0x1cd, 0x1cd,
	0x1cd, 0x1cd, 0x1cd, 0x1cd, 0x1cd, 0x1cd, 0x1cd, 0x1cd,
	0x1cd, 0x1cd, 0x1cd, 0x1cd, 0x1cd, 0x1cd, 0x1cd, 0x1cd,
	0x1cd, 0x1cd, 0x1cd, 0x1cd, 0x1cd, 0x1cd, 0x1cd, 0x1cd,
	0x1cc, 0x1cc, 0x1cc, 0x1cc, 0xc0, 0xc0, 0xc0, 0xc0,
	0xc0, 0xc0, 0xc0, 0xc0, 0xc0, 0xc0, 0xc0, 0xc0,
	0xc0, 0xc0, 0xc0, 0xc0, 0xc0, 0xc0, 0xc0, 0xc0,
	0xc0, 0xc0, 0xc0, 0xc0, 0xc0, 0xc0, 0xc0, 0xc0,
	0xce6c9, 0xe06c9, 0xc0, 0xc0, 0xc0, 0xc0, 0xc0, 0xc0,
	0xc0, 0xc0, 0xc0, 0xc0, 0xc0, 0xc0, 0xc0, 0xc0,
	0xc0, 0xc0, 0xc0, 0xc0, 0xc0, 0xc0, 0xc0, 0xc0,
	0xc0, 0xc0, 0xc0, 0xc0, 0xc0, 0xc0, 0xc0, 0xc0,
	0xf26c9, 0xfe6c9, 0xc0, 0xc0, 0xc0, 0xc0, 0xc0, 0xc0,
	0xc0, 0xc0, 0xc0, 0xc0, 0xc0, 0xc0, 0xc0, 0xc0,
	0xc0, 0xc0, 0xc0, 0xc0, 0x10a6c9, 0x11c6c9, 0xc0, 0xc0,
	0x422c5, 0x462c5, 0x4a2c5, 0x4e2c5, 0x522c5, 0x562c5, 0x5a2c5, 0x5e2c5,
	0x322c5, 0x3a2c5, 0x622c5, 0x662c5, 0x6a2c5, 0x6e2c5, 0x722c5, 0x762c5,
	0x7a2c5, 0x7e2c5, 0x362c5, 0x3e2c5, 0xc0, 0xc0, 0xc0, 0xc0,
	0xc0, 0xc0, 0xc0, 0xc0, 0xc0, 0xc0, 0x12e6c9, 0x13a6c9,
	0xc0, 0xc0, 0xc0, 0xc0, 0xc0, 0xc0, 0xc0, 0xc0,
	0xc0, 0xc0, 0xc0, 0xc0, 0xc0, 0xc0, 0xc0, 0xc0,
	0xc0, 0xc0, 0xc0, 0xc0, 0x1cc, 0x1cc, 0x1cc, 0x1cc,
	0x1cc, 0x1cc, 0x1cc, 0x1cc, 0x1cc, 0x1cc, 0x1cc, 0x1cc,
	0x1cc, 0x1cc, 0x1cc, 0x1cc, 0x1cc, 0x1cc, 0x1cc, 0x1cc,
	0x1cc, 0x1cc, 0x1cc, 0x1cc, 0x1cc, 0x1cc, 0x1cc, 0x1cc,
	0x1cc, 0x1cc, 0x1cc, 0x1cc, 0xc0, 0xc0, 0xc0, 0xc0
};

static constexpr int32_t s_coll_roTrieIndexLength = 2112;
static constexpr int32_t s_coll_roTrieDataLength = 680;
static constexpr char32_t s_coll_roTrieHighStart = 0xe000;
static constexpr int32_t s_coll_roTrieHighValueIndex = 676;

static constexpr uint32_t s_coll_roCe32s[85] = {
	0x0, 0x2c030586, 0xa205, 0x2c020586, 0xa205, 0x2c030505, 0xa205, 0x2c020505,
	0xa205, 0x3c020586, 0xa205, 0x3c020505, 0xa205, 0x2c030586, 0xc805, 0x2c020586,
	0xc805, 0x2c030505, 0xc805, 0x2c020505, 0xc805, 0x3c020586, 0xd005, 0x3c020505,
	0xd005, 0x2c030586, 0xc405, 0x2c020586, 0xc405, 0x2c030505, 0xc405, 0x2c020505,
	0xc405, 0x2c030586, 0x8805, 0x2c030505, 0x8805, 0x2c030586, 0x8a05, 0x2c030505,
	0x8a05, 0x2c030586, 0xb605, 0x2c030505, 0xb605, 0x2c030586, 0x9a05, 0x2c030505,
	0x9a05, 0x2c020586, 0x8805, 0x2c020505, 0x8805, 0x2c020586, 0x8a05, 0x2c020505,
	0x8a05, 0x2c020586, 0xb605, 0x2c020505, 0xb605, 0x2c020586, 0x9a05, 0x2c020505,
	0x9a05, 0x3c020586, 0xc405, 0x3c020505, 0xc405, 0x2b0070a0, 0x330005a2, 0x4f007005,
	0x4f000513, 0x2b007005, 0x33000513, 0x12000505, 0x14000505, 0x16000505, 0x18000505, 0x1a000505,
	0x1c000505, 0x1e000505, 0x20000505, 0x22000505, 0x24000505
};

static constexpr char16_t s_coll_roContexts[163] = {
	0x2b00, 0x59c, 0x1, 0x302, 0xec03, 0x586, 0x306, 0xec02, 0x586, 0x3b00, 0x59c, 0x30,
	0x302, 0xfc02, 0x586, 0x4f00, 0x59c, 0x1, 0x326, 0xffff, 0x5002, 0x586, 0x327, 0xffff,
	0x5002, 0x586, 0x5100, 0x59c, 0x1, 0x326, 0xffff, 0x5202, 0x586, 0x327, 0xffff, 0x5202,
	0x586, 0x2b00, 0x505, 0x1, 0x302, 0xec03, 0x505, 0x306, 0xec02, 0x505, 0x3b00, 0x505,
	0x30, 0x302, 0xfc02, 0x505, 0x4f00, 0x505, 0x1, 0x326, 0xffff, 0x5002, 0x505, 0x327,
	0xffff, 0x5002, 0x505, 0x5100, 0x505, 0x1, 0x326, 0xffff, 0x5202, 0x505, 0x327, 0xffff,
	0x5202, 0x505, 0x2b9c, 0xa2c4, 0x1, 0x302, 0xa2c5, 0x306, 0xc000, 0x62c5, 0x2b05, 0xa2c4,
	0x1, 0x302, 0xc000, 0xa2c5, 0x306, 0xc000, 0xe2c5, 0x3b9c, 0xa2c4, 0x30, 0x302, 0xc001,
	0x22c5, 0x3b05, 0xa2c4, 0x30, 0x302, 0xc001, 0x62c5, 0x2b9c, 0xc8c4, 0x1, 0x302, 0xc001,
	0xa2c5, 0x306, 0xc001, 0xe2c5, 0x2b05, 0xc8c4, 0x1, 0x302, 0xc002, 0x22c5, 0x306, 0xc002,
	0x62c5, 0x3b9c, 0xd0c4, 0x30, 0x302, 0xc002, 0xa2c5, 0x3b05, 0xd0c4, 0x30, 0x302, 0xc002,
	0xe2c5, 0x2b9c, 0xc4c4, 0x1, 0x302, 0xc003, 0x22c5, 0x306, 0xc003, 0x62c5, 0x2b05, 0xc4c4,
	0x1, 0x302, 0xc003, 0xa2c5, 0x306, 0xc003, 0xe2c5, 0x3b9c, 0xc4c4, 0x30, 0x302, 0xc008,
	0x22c5, 0x3b05, 0xc4c4, 0x30, 0x302, 0xc008, 0x62c5
};

static constexpr uint16_t s_coll_roFastLatin[504] = {
	0x205, 0xc40, 0xde0, 0xe80, 0xea8, 0x418, 0x0, 0x0, 0x0, 0x0, 0x0, 0x0,
	0x0, 0x0, 0xc00, 0xc08, 0xc10, 0xc18, 0xc20, 0x0, 0x0, 0x0, 0x0, 0x0,
	0x0, 0x0, 0x0, 0x0, 0x0, 0x0, 0x0, 0x0, 0x0, 0x0, 0x0, 0x0,
	0x0, 0xc40, 0xca8, 0xcf0, 0xd78, 0xe98, 0xd80, 0xd70, 0xcd8, 0xd08, 0xd10, 0xd58,
	0xe30, 0xc90, 0xc60, 0xcd0, 0xd60, 0x10a8, 0x14a8, 0x18a8, 0x1ca8, 0x20a8, 0x24a8, 0x28a8,
	0x2ca8, 0x30a8, 0x34a8, 0xca0, 0xc98, 0xe50, 0xe58, 0xe60, 0xcb8, 0xd50, 0x41a, 0x44b9,
	0x48b9, 0x4cb9, 0x50ba, 0x54b9, 0x58b9, 0x5cb9, 0x41c, 0x6cba, 0x70b9, 0x74b9, 0x78b9, 0x7cba,
	0x84b9, 0x88b9, 0x8cb9, 0x94b9, 0x41e, 0x420, 0xacb9, 0xb0b9, 0xb4b9, 0xb8b9, 0xbcb9, 0xc0b9,
	0xd18, 0xd68, 0xd20, 0xdf8, 0xc50, 0xde8, 0x422, 0x44a8, 0x48a8, 0x4ca8, 0x50a8, 0x54a8,
	0x58a8, 0x5ca8, 0x424, 0x6ca8, 0x70a8, 0x74a8, 0x78a8, 0x7ca8, 0x84a8, 0x88a8, 0x8ca8, 0x94a8,
	0x426, 0x428, 0xaca8, 0xb0a8, 0xb4a8, 0xb8a8, 0xbca8, 0xc0a8, 0xd28, 0xe70, 0xd30, 0xe80,
	0x0, 0x0, 0x0, 0x0, 0x0, 0x0, 0xc28, 0x0, 0x0, 0x0, 0x0, 0x0,
	0x0, 0x0, 0x0, 0x0, 0x0, 0x0, 0x0, 0x0, 0x0, 0x0, 0x0, 0x0,
	0x0, 0x0, 0x0, 0x0, 0x0, 0x0, 0x0, 0x0, 0x0, 0xc42, 0xcb0, 0xe90,
	0xea0, 0xe88, 0xea8, 0xe78, 0xd40, 0xe08, 0xe20, 0x38aa, 0xcf8, 0xe68, 0x0, 0xe28,
	0xe00, 0xe18, 0xe38, 0x18a9, 0x1ca9, 0xdf0, 0x1, 0xd48, 0x1, 0xe10, 0x14a9, 0x84aa,
	0xd00, 0x1, 0x1, 0x1, 0xcc0, 0x39b9, 0x3999, 0x40b9, 0x3a99, 0x3a59, 0x3a39, 0x800,
	0x4af9, 0x51ba, 0x519a, 0x51fa, 0x525a, 0x61ba, 0x619a, 0x64b9, 0x625a, 0x4cd9, 0x7e9a, 0x85b9,
	0x8599, 0x85f9, 0x8699, 0x8659, 0xe48, 0x86d9, 0xadb9, 0xad99, 0xadf9, 0xae59, 0xbd99, 0xc4b9,
	0x802, 0x39a8, 0x3988, 0x40a8, 0x3a88, 0x3a48, 0x3a28, 0x804, 0x4ae8, 0x51a8, 0x5188, 0x51e8,
	0x5248, 0x61a8, 0x6188, 0x64a8, 0x6248, 0x4cc8, 0x7e88, 0x85a8, 0x8588, 0x85e8, 0x8688, 0x8648,
	0xe40, 0x86c8, 0xada8, 0xad88, 0xade8, 0xae48, 0xbd88, 0xc4a8, 0xbe48, 0x3b39, 0x3b28, 0x3cb9,
	0x3ca8, 0x42a, 0x42c, 0x4999, 0x4988, 0x49f9, 0x49e8, 0x4ab9, 0x4aa8, 0x4a19, 0x4a08, 0x4e19,
	0x4e08, 0x4f59, 0x4f48, 0x533a, 0x5328, 0x51da, 0x51c8, 0x52ba, 0x52a8, 0x531a, 0x5308, 0x521a,
	0x5208, 0x59f9, 0x59e8, 0x59d9, 0x59c8, 0x5ab9, 0x5aa8, 0x5af9, 0x5ae8, 0x5df9, 0x5de8, 0x5f59,
	0x5f48, 0x629a, 0x6288, 0x633a, 0x6328, 0x61da, 0x61c8, 0x42e, 0x430, 0x62ba, 0x68a8, 0x806,
	0x808, 0x6dfa, 0x6de8, 0x72f9, 0x72e8, 0x90a8, 0x7599, 0x7588, 0x76f9, 0x76e8, 0x7619, 0x7608,
	0x7779, 0x7768, 0x7759, 0x7748, 0x7d9a, 0x7d88, 0x7efa, 0x7ee8, 0x7e1a, 0x7e08, 0x80a, 0x80b9,
	0x80a8, 0x8739, 0x8728, 0x85d9, 0x85c8, 0x8679, 0x8668, 0x80c, 0x80e, 0x9599, 0x9588, 0x96f9,
	0x96e8, 0x9619, 0x9608, 0x999a, 0x9988, 0x99fa, 0x99e8, 0x9cb9, 0x9ca8, 0x9a1a, 0x9a08, 0xa4b9,
	0xa4a8, 0xa219, 0xa208, 0xa8b9, 0xa8a8, 0xae99, 0xae88, 0xaf39, 0xaf28, 0xadd9, 0xadc8, 0xae39,
	0xae28, 0xae79, 0xae68, 0xaf19, 0xaf08, 0xb5f9, 0xb5e8, 0xbdf9, 0xbde8, 0xbe59, 0xc199, 0xc188,
	0xc2b9, 0xc2a8, 0xc219, 0xc208, 0x98e8, 0xc41, 0xc41, 0xc41, 0xc41, 0xc41, 0xc41, 0xc41,
	0xc42, 0xc41, 0xc41, 0xc41, 0x0, 0x0, 0x0, 0x0, 0x0, 0xc68, 0xc69, 0xc70,
	0xc78, 0xc80, 0xc88, 0xd38, 0xc58, 0x1, 0x1, 0x1, 0x1, 0x1, 0x1, 0x1,
	0x1, 0xd98, 0xda0, 0xda8, 0xdb0, 0xcd1, 0x810, 0x1, 0xdb8, 0xc30, 0xc38, 0x0,
	0x0, 0x0, 0x0, 0x0, 0xc42, 0xd88, 0xd90, 0xdc0, 0x812, 0x1, 0xdc8, 0x814,
	0x1, 0xdd0, 0xce0, 0xce8, 0xdd8, 0x816, 0xcc8, 0xc48, 0xde0, 0x38d9, 0x50bb, 0x98c8,
	0x98a9, 0x38c8, 0x50a9, 0x60bb, 0x6cbb, 0x60a9, 0x6ca9, 0xc8a9, 0x7ca9, 0x84d9, 0x50bb, 0x84c8,
	0x50a9, 0xcd1, 0xcd1, 0xdc1, 0xdc1, 0xdc9, 0xdc9, 0xca9, 0xca9, 0x5ff, 0x0, 0x5ff,
	0x38b9, 0x5ff, 0x60ba, 0x5ff, 0x98ba, 0x5ff, 0xa0b9, 0x5ff, 0x38a8, 0x5ff, 0x60a8, 0x5ff,
	0x98a8, 0x5ff, 0xa0a8, 0x5ff, 0x3b19, 0x5ff, 0x3b08, 0x5ff, 0x631a, 0x5ff, 0x6308, 0x1ff
};

static constexpr uint16_t s_coll_roFastLatinPrimaries[384] = {
	0x0, 0x0, 0x0, 0x0, 0x0, 0x0, 0x0, 0x0, 0x0, 0xc00, 0xc08, 0xc10,
	0xc18, 0xc20, 0x0, 0x0, 0x0, 0x0, 0x0, 0x0, 0x0, 0x0, 0x0, 0x0,
	0x0, 0x0, 0x0, 0x0, 0x0, 0x0, 0x0, 0x0, 0xc40, 0xca8, 0xcf0, 0xd78,
	0xe98, 0xd80, 0xd70, 0xcd8, 0xd08, 0xd10, 0xd58, 0xe30, 0xc90, 0xc60, 0xcd0, 0xd60,
	0x1000, 0x1400, 0x1800, 0x1c00, 0x2000, 0x2400, 0x2800, 0x2c00, 0x3000, 0x3400, 0xca0, 0xc98,
	0xe50, 0xe58, 0xe60, 0xcb8, 0xd50, 0x0, 0x4400, 0x4800, 0x4c00, 0x5000, 0x5400, 0x5800,
	0x5c00, 0x0, 0x6c00, 0x7000, 0x7400, 0x7800, 0x7c00, 0x8400, 0x8800, 0x8c00, 0x9400, 0x0,
	0x0, 0xac00, 0xb000, 0xb400, 0xb800, 0xbc00, 0xc000, 0xd18, 0xd68, 0xd20, 0xdf8, 0xc50,
	0xde8, 0x0, 0x4400, 0x4800, 0x4c00, 0x5000, 0x5400, 0x5800, 0x5c00, 0x0, 0x6c00, 0x7000,
	0x7400, 0x7800, 0x7c00, 0x8400, 0x8800, 0x8c00, 0x9400, 0x0, 0x0, 0xac00, 0xb000, 0xb400,
	0xb800, 0xbc00, 0xc000, 0xd28, 0xe70, 0xd30, 0xe80, 0x0, 0x0, 0x0, 0x0, 0x0,
	0x0, 0xc28, 0x0, 0x0, 0x0, 0x0, 0x0, 0x0, 0x0, 0x0, 0x0, 0x0,
	0x0, 0x0, 0x0, 0x0, 0x0, 0x0, 0x0, 0x0, 0x0, 0x0, 0x0, 0x0,
	0x0, 0x0, 0x0, 0x0, 0xc40, 0xcb0, 0xe90, 0xea0, 0xe88, 0xea8, 0xe78, 0xd40,
	0xe08, 0xe20, 0x3800, 0xcf8, 0xe68, 0x0, 0xe28, 0xe00, 0xe18, 0xe38, 0x1800, 0x1c00,
	0xdf0, 0x0, 0xd48, 0x0, 0xe10, 0x1400, 0x8400, 0xd00, 0x0, 0x0, 0x0, 0xcc0,
	0x3800, 0x3800, 0x4000, 0x3800, 0x3800, 0x3800, 0x0, 0x4800, 0x5000, 0x5000, 0x5000, 0x5000,
	0x6000, 0x6000, 0x6400, 0x6000, 0x4c00, 0x7c00, 0x8400, 0x8400, 0x8400, 0x8400, 0x8400, 0xe48,
	0x8400, 0xac00, 0xac00, 0xac00, 0xac00, 0xbc00, 0xc400, 0x0, 0x3800, 0x3800, 0x4000, 0x3800,
	0x3800, 0x3800, 0x0, 0x4800, 0x5000, 0x5000, 0x5000, 0x5000, 0x6000, 0x6000, 0x6400, 0x6000,
	0x4c00, 0x7c00, 0x8400, 0x8400, 0x8400, 0x8400, 0x8400, 0xe40, 0x8400, 0xac00, 0xac00, 0xac00,
	0xac00, 0xbc00, 0xc400, 0xbc00, 0x3800, 0x3800, 0x3c00, 0x3c00, 0x0, 0x0, 0x4800, 0x4800,
	0x4800, 0x4800, 0x4800, 0x4800, 0x4800, 0x4800, 0x4c00, 0x4c00, 0x4c00, 0x4c00, 0x5000, 0x5000,
	0x5000, 0x5000, 0x5000, 0x5000, 0x5000, 0x5000, 0x5000, 0x5000, 0x5800, 0x5800, 0x5800, 0x5800,
	0x5800, 0x5800, 0x5800, 0x5800, 0x5c00, 0x5c00, 0x5c00, 0x5c00, 0x6000, 0x6000, 0x6000, 0x6000,
	0x6000, 0x6000, 0x0, 0x0, 0x6000, 0x6800, 0x0, 0x0, 0x6c00, 0x6c00, 0x7000, 0x7000,
	0x9000, 0x7400, 0x7400, 0x7400, 0x7400, 0x7400, 0x7400, 0x7400, 0x7400, 0x7400, 0x7400, 0x7c00,
	0x7c00, 0x7c00, 0x7c00, 0x7c00, 0x7c00, 0x0, 0x8000, 0x8000, 0x8400, 0x8400, 0x8400, 0x8400,
	0x8400, 0x8400, 0x0, 0x0, 0x9400, 0x9400, 0x9400, 0x9400, 0x9400, 0x9400, 0x9800, 0x9800,
	0x9800, 0x9800, 0x9c00, 0x9c00, 0x9800, 0x9800, 0xa400, 0xa400, 0xa000, 0xa000, 0xa800, 0xa800,
	0xac00, 0xac00, 0xac00, 0xac00, 0xac00, 0xac00, 0xac00, 0xac00, 0xac00, 0xac00, 0xac00, 0xac00,
	0xb400, 0xb400, 0xbc00, 0xbc00, 0xbc00, 0xc000, 0xc000, 0xc000, 0xc000, 0xc000, 0xc000, 0x9800
};

static constexpr int32_t s_coll_roFastLatinMiniVarTop = 0xbff;

static constexpr uint32_t s_coll_roNumericPrimary = 0x10000000;
static constexpr int32_t s_coll_roOptions = 0x2010;
static constexpr int32_t s_coll_roJamoCe32sStart = -1;

static constexpr uint16_t s_coll_sqTrieIndex[2112] = {
	0x0, 0x8, 0x10, 0x18, 0x30, 0x38, 0x40, 0x48, 0x50, 0x58, 0x30, 0x38, 0x30, 0x38, 0x30, 0x38,
	0x57, 0x5f, 0x30, 0x38, 0x30, 0x38, 0x30, 0x38, 0x30, 0x38, 0x30, 0x38, 0x30, 0x38, 0x30, 0x38,
	0x30, 0x38, 0x30, 0x38, 0x30, 0x38, 0x30, 0x38, 0x30, 0x38, 0x30, 0x38, 0x30, 0x38, 0x30, 0x38,
	0x30, 0x38, 0x30, 0x38, 0x30, 0x38, 0x30, 0x38, 0x30, 0x38, 0x30, 0x38, 0x30, 0x38, 0x30, 0x38,
	0x30, 0x30, 0x30, 0x30, 0x30, 0x30, 0x30, 0x30, 0x30, 0x30, 0x30, 0x30, 0x30, 0x30, 0x30, 0x30,
	0x30, 0x30, 0x30, 0x30, 0x30, 0x30, 0x30, 0x30, 0x30, 0x30, 0x30, 0x30, 0x30, 0x30, 0x30, 0x30,
	0x30, 0x30, 0x30, 0x30, 0x30, 0x30, 0x30, 0x30, 0x30, 0x30, 0x30, 0x30, 0x30, 0x30, 0x30, 0x30,
	0x30, 0x30, 0x30, 0x30, 0x30, 0x30, 0x30, 0x30, 0x30, 0x30, 0x30, 0x30, 0x30, 0x30, 0x30, 0x30,
	0x30, 0x30, 0x30, 0x30, 0x30, 0x30, 0x30, 0x30, 0x30, 0x30, 0x30, 0x30, 0x30, 0x30, 0x30, 0x30,
	0x30, 0x30, 0x30, 0x30, 0x30, 0x30, 0x30, 0x30, 0x30, 0x30, 0x30, 0x30, 0x30, 0x30, 0x30, 0x30,
	0x30, 0x30, 0x30, 0x30, 0x30, 0x30, 0x30, 0x30, 0x30, 0x30, 0x30, 0x30, 0x30, 0x30, 0x30, 0x30,
	0x30, 0x30, 0x30, 0x30, 0x30, 0x30, 0x30, 0x30, 0x30, 0x30, 0x30, 0x30, 0x30, 0x30, 0x30, 0x30,
	0x30, 0x30, 0x30, 0x30, 0x30, 0x30, 0x30, 0x30, 0x30, 0x30, 0x30, 0x30, 0x30, 0x30, 0x30, 0x30,
	0x30, 0x30, 0x30, 0x30, 0x30, 0x30, 0x30, 0x30, 0x30, 0x30, 0x30, 0x30, 0x30, 0x30, 0x30, 0x30,
	0x30, 0x30, 0x30, 0x30, 0x30, 0x30, 0x30, 0x30, 0x30, 0x30, 0x30, 0x30, 0x30, 0x30, 0x30, 0x30,
	0x75, 0x30, 0x30, 0x30, 0x30, 0x7c, 0x30, 0x30, 0x30, 0x30, 0x30, 0x30, 0x30, 0x30, 0x30, 0x30,
	0x30, 0x30, 0x30, 0x30, 0x30, 0x30, 0x30, 0x30, 0x30, 0x30, 0x30, 0x30, 0x30, 0x30, 0x30, 0x30,
	0x30, 0x30, 0x30, 0x30, 0x30, 0x30, 0x30, 0x30, 0x30, 0x30, 0x30, 0x30, 0x30, 0x30, 0x30, 0x30,
	0x30, 0x30, 0x30, 0x30, 0x30, 0x30, 0x30, 0x30, 0x30, 0x30, 0x30, 0x30, 0x30, 0x30, 0x30, 0x30,
	0x30, 0x30, 0x30, 0x30, 0x30, 0x30, 0x30, 0x30, 0x30, 0x30, 0x30, 0x30, 0x30, 0x30, 0x30, 0x30,
	0x30, 0x30, 0x30, 0x30, 0x30, 0x30, 0x30, 0x30, 0x30, 0x30, 0x30, 0x30, 0x30, 0x30, 0x30, 0x30,
	0x30, 0x30, 0x30, 0x30, 0x30, 0x30, 0x30, 0x30, 0x30, 0x30, 0x30, 0x30, 0x30, 0x30, 0x30, 0x30,
	0x30, 0x30, 0x30, 0x30, 0x30, 0x30, 0x30, 0x30, 0x30, 0x30, 0x30, 0x30, 0x30, 0x30, 0x30, 0x30,
	0x30, 0x30, 0x30, 0x30, 0x30, 0x30, 0x30, 0x30, 0x30, 0x30, 0x30, 0x30, 0x30, 0x30, 0x30, 0x30,
	0x30, 0x30, 0x30, 0x30, 0x30, 0x30, 0x30, 0x30, 0x30, 0x30, 0x30, 0x30, 0x30, 0x30, 0x30, 0x30,
	0x30, 0x30, 0x30, 0x30, 0x30, 0x30, 0x30, 0x30, 0x30, 0x30, 0x30, 0x30, 0x30, 0x30, 0x30, 0x30,
	0x30, 0x30, 0x30, 0x30, 0x30, 0x30, 0x30, 0x30, 0x30, 0x30, 0x30, 0x30, 0x30, 0x30, 0x30, 0x30,
	0x30, 0x30, 0x30, 0x30, 0x30, 0x30, 0x30, 0x30, 0x30, 0x30, 0x30, 0x30, 0x30, 0x30, 0x30, 0x30,
	0x30, 0x30, 0x30, 0x30, 0x30, 0x30, 0x30, 0x30, 0x30, 0x30, 0x30, 0x30, 0x30, 0x30, 0x30, 0x30,
	0x30, 0x30, 0x30, 0x30, 0x30, 0x30, 0x30, 0x30, 0x30, 0x30, 0x30, 0x30, 0x30, 0x30, 0x30, 0x30,
	0x30, 0x30, 0x30, 0x30, 0x30, 0x30, 0x30, 0x30, 0x30, 0x30, 0x30, 0x30, 0x30, 0x30, 0x30, 0x30,
	0x30, 0x30, 0x30, 0x30, 0x30, 0x30, 0x30, 0x30, 0x30, 0x30, 0x30, 0x30, 0x30, 0x30, 0x30, 0x30,
	0x30, 0x30, 0x30, 0x30, 0x30, 0x30, 0x30, 0x30, 0x30, 0x30, 0x30, 0x30, 0x30, 0x30, 0x30, 0x30,
	0x30, 0x30, 0x30, 0x30, 0x30, 0x30, 0x30, 0x30, 0x30, 0x30, 0x30, 0x30, 0x30, 0x30, 0x30, 0x30,
	0x30, 0x30, 0x30, 0x30, 0x30, 0x30, 0x30, 0x30, 0x30, 0x30, 0x30, 0x30, 0x30, 0x30, 0x30, 0x30,
	0x30, 0x30, 0x30, 0x30, 0x30, 0x30, 0x30, 0x30, 0x30, 0x30, 0x30, 0x30, 0x30, 0x30, 0x30, 0x30,
	0x30, 0x30, 0x30, 0x30, 0x30, 0x30, 0x30, 0x30, 0x30, 0x30, 0x30, 0x30, 0x30, 0x30, 0x30, 0x30,
	0x30, 0x30, 0x30, 0x30, 0x30, 0x30, 0x30, 0x30, 0x30, 0x30, 0x30, 0x30, 0x30, 0x30, 0x30, 0x30,
	0x30, 0x30, 0x30, 0x30, 0x30, 0x30, 0x30, 0x30, 0x30, 0x30, 0x30, 0x30, 0x30, 0x30, 0x30, 0x30,
	0x30, 0x30, 0x30, 0x30, 0x30, 0x30, 0x30, 0x30, 0x30, 0x30, 0x30, 0x30, 0x30, 0x30, 0x30, 0x30,
	0x30, 0x30, 0x30, 0x30, 0x30, 0x30, 0x30, 0x30, 0x30, 0x30, 0x30, 0x30, 0x30, 0x30, 0x30, 0x30,
	0x30, 0x30, 0x30, 0x30, 0x30, 0x30, 0x30, 0x30, 0x30, 0x30, 0x30, 0x30, 0x30, 0x30, 0x30, 0x30,
	0x30, 0x30, 0x30, 0x30, 0x30, 0x30, 0x30, 0x30, 0x30, 0x30, 0x30, 0x30, 0x30, 0x30, 0x30, 0x30,
	0x30, 0x30, 0x30, 0x30, 0x30, 0x30, 0x30, 0x30, 0x30, 0x30, 0x30, 0x30, 0x30, 0x30, 0x30, 0x30,
	0x30, 0x30, 0x30, 0x30, 0x30, 0x30, 0x30, 0x30, 0x30, 0x30, 0x30, 0x30, 0x30, 0x30, 0x30, 0x30,
	0x30, 0x30, 0x30, 0x30, 0x30, 0x30, 0x30, 0x30, 0x30, 0x30, 0x30, 0x30, 0x30, 0x30, 0x30, 0x30,
	0x30, 0x30, 0x30, 0x30, 0x30, 0x30, 0x30, 0x30, 0x30, 0x30, 0x30, 0x30, 0x30, 0x30, 0x30, 0x30,
	0x30, 0x30, 0x30, 0x30, 0x30, 0x30, 0x30, 0x30, 0x30, 0x30, 0x30, 0x30, 0x30, 0x30, 0x30, 0x30,
	0x30, 0x30, 0x30, 0x30, 0x30, 0x30, 0x30, 0x30, 0x30, 0x30, 0x30, 0x30, 0x30, 0x30, 0x30, 0x30,
	0x30, 0x30, 0x30, 0x30, 0x30, 0x30, 0x30, 0x30, 0x30, 0x30, 0x30, 0x30, 0x30, 0x30, 0x30, 0x30,
	0x30, 0x30, 0x30, 0x30, 0x30, 0x30, 0x30, 0x30, 0x30, 0x30, 0x30, 0x30, 0x30, 0x30, 0x30, 0x30,
	0x30, 0x30, 0x30, 0x30, 0x30, 0x30, 0x30, 0x30, 0x30, 0x30, 0x30, 0x30, 0x30, 0x30, 0x30, 0x30,
	0x30, 0x30, 0x30, 0x30, 0x30, 0x30, 0x30, 0x30, 0x30, 0x30, 0x30, 0x30, 0x30, 0x30, 0x30, 0x30,
	0x30, 0x30, 0x30, 0x30, 0x30, 0x30, 0x30, 0x30, 0x30, 0x30, 0x30, 0x30, 0x30, 0x30, 0x30, 0x30,
	0x30, 0x30, 0x30, 0x30, 0x30, 0x30, 0x30, 0x30, 0x30, 0x30, 0x30, 0x30, 0x30, 0x30, 0x30, 0x30,
	0x30, 0x30, 0x30, 0x30, 0x30, 0x30, 0x30, 0x30, 0x30, 0x30, 0x30, 0x30, 0x30, 0x30, 0x30, 0x30,
	0x30, 0x30, 0x30, 0x30, 0x30, 0x30, 0x30, 0x30, 0x30, 0x30, 0x30, 0x30, 0x30, 0x30, 0x30, 0x30,
	0x30, 0x30, 0x30, 0x30, 0x30, 0x30, 0x30, 0x30, 0x30, 0x30, 0x30, 0x30, 0x30, 0x30, 0x30, 0x30,
	0x30, 0x30, 0x30, 0x30, 0x30, 0x30, 0x30, 0x30, 0x30, 0x30, 0x30, 0x30, 0x30, 0x30, 0x30, 0x30,
	0x30, 0x30, 0x30, 0x30, 0x30, 0x30, 0x30, 0x30, 0x30, 0x30, 0x30, 0x30, 0x30, 0x30, 0x30, 0x30,
	0x30, 0x30, 0x30, 0x30, 0x30, 0x30, 0x30, 0x30, 0x30, 0x30, 0x30, 0x30, 0x30, 0x30, 0x30, 0x30,
	0x30, 0x30, 0x30, 0x30, 0x30, 0x30, 0x30, 0x30, 0x30, 0x30, 0x30, 0x30, 0x30, 0x30, 0x30, 0x30,
	0x30, 0x30, 0x30, 0x30, 0x30, 0x30, 0x30, 0x30, 0x30, 0x30, 0x30, 0x30, 0x30, 0x30, 0x30, 0x30,
	0x30, 0x30, 0x30, 0x30, 0x30, 0x30, 0x30, 0x30, 0x30, 0x30, 0x30, 0x30, 0x30, 0x30, 0x30, 0x30,
	0x30, 0x30, 0x30, 0x30, 0x30, 0x30, 0x30, 0x30, 0x30, 0x30, 0x30, 0x30, 0x30, 0x30, 0x30, 0x30,
	0x30, 0x30, 0x30, 0x30, 0x30, 0x30, 0x30, 0x30, 0x30, 0x30, 0x30, 0x30, 0x30, 0x30, 0x30, 0x30,
	0x30, 0x30, 0x30, 0x30, 0x30, 0x30, 0x30, 0x30, 0x30, 0x30, 0x30, 0x30, 0x30, 0x30, 0x30, 0x30,
	0x30, 0x30, 0x30, 0x30, 0x30, 0x30, 0x30, 0x30, 0x30, 0x30, 0x30, 0x30, 0x30, 0x30, 0x30, 0x30,
	0x30, 0x30, 0x30, 0x30, 0x30, 0x30, 0x30, 0x30, 0x30, 0x30, 0x30, 0x30, 0x30, 0x30, 0x30, 0x30,
	0x30, 0x30, 0x30, 0x30, 0x30, 0x30, 0x30, 0x30, 0x30, 0x30, 0x30, 0x30, 0x30, 0x30, 0x30, 0x30,
	0x30, 0x30, 0x30, 0x30, 0x30, 0x30, 0x30, 0x30, 0x30, 0x30, 0x30, 0x30, 0x30, 0x30, 0x30, 0x30,
	0x30, 0x30, 0x30, 0x30, 0x30, 0x30, 0x30, 0x30, 0x30, 0x30, 0x30, 0x30, 0x30, 0x30, 0x30, 0x30,
	0x30, 0x30, 0x30, 0x30, 0x30, 0x30, 0x30, 0x30, 0x30, 0x30, 0x30, 0x30, 0x30, 0x30, 0x30, 0x30,
	0x30, 0x30, 0x30, 0x30, 0x30, 0x30, 0x30, 0x30, 0x30, 0x30, 0x30, 0x30, 0x30, 0x30, 0x30, 0x30,
	0x30, 0x30, 0x30, 0x30, 0x30, 0x30, 0x30, 0x30, 0x30, 0x30, 0x30, 0x30, 0x30, 0x30, 0x30, 0x30,
	0x30, 0x30, 0x30, 0x30, 0x30, 0x30, 0x30, 0x30, 0x30, 0x30, 0x30, 0x30, 0x30, 0x30, 0x30, 0x30,
	0x30, 0x30, 0x30, 0x30, 0x30, 0x30, 0x30, 0x30, 0x30, 0x30, 0x30, 0x30, 0x30, 0x30, 0x30, 0x30,
	0x30, 0x30, 0x30, 0x30, 0x30, 0x30, 0x30, 0x30, 0x30, 0x30, 0x30, 0x30, 0x30, 0x30, 0x30, 0x30,
	0x30, 0x30, 0x30, 0x30, 0x30, 0x30, 0x30, 0x30, 0x30, 0x30, 0x30, 0x30, 0x30, 0x30, 0x30, 0x30,
	0x30, 0x30, 0x30, 0x30, 0x30, 0x30, 0x30, 0x30, 0x30, 0x30, 0x30, 0x30, 0x30, 0x30, 0x30, 0x30,
	0x30, 0x30, 0x30, 0x30, 0x30, 0x30, 0x30, 0x30, 0x30, 0x30, 0x30, 0x30, 0x30, 0x30, 0x30, 0x30,
	0x30, 0x30, 0x30, 0x30, 0x30, 0x30, 0x30, 0x30, 0x30, 0x30, 0x30, 0x30, 0x30, 0x30, 0x30, 0x30,
	0x30, 0x30, 0x30, 0x30, 0x30, 0x30, 0x30, 0x30, 0x30, 0x30, 0x30, 0x30, 0x30, 0x30, 0x30, 0x30,
	0x30, 0x30, 0x30, 0x30, 0x30, 0x30, 0x30, 0x30, 0x30, 0x30, 0x30, 0x30, 0x30, 0x30, 0x30, 0x30,
	0x30, 0x30, 0x30, 0x30, 0x30, 0x30, 0x30, 0x30, 0x30, 0x30, 0x30, 0x30, 0x30, 0x30, 0x30, 0x30,
	0x30, 0x30, 0x30, 0x30, 0x30, 0x30, 0x30, 0x30, 0x30, 0x30, 0x30, 0x30, 0x30, 0x30, 0x30, 0x30,
	0x84, 0x84, 0x84, 0x84, 0x84, 0x84, 0x84, 0x84, 0x84, 0x84, 0x84, 0x84, 0x84, 0x84, 0x84, 0x84,
	0x84, 0x84, 0x84, 0x84, 0x84, 0x84, 0x84, 0x84, 0x84, 0x84, 0x84, 0x84, 0x84, 0x84, 0x84, 0x84,
	0x84, 0x84, 0x84, 0x84, 0x84, 0x84, 0x84, 0x84, 0x84, 0x84, 0x84, 0x84, 0x84, 0x84, 0x84, 0x84,
	0x84, 0x84, 0x84, 0x84, 0x84, 0x84, 0x84, 0x84, 0x84, 0x84, 0x84, 0x84, 0x84, 0x84, 0x84, 0x84,
	0x84, 0x84, 0x84, 0x84, 0x84, 0x84, 0x84, 0x84, 0x84, 0x84, 0x84, 0x84, 0x84, 0x84, 0x84, 0x84,
	0x84, 0x84, 0x84, 0x84, 0x84, 0x84, 0x84, 0x84, 0x84, 0x84, 0x84, 0x84, 0x84, 0x84, 0x84, 0x84,
	0x84, 0x84, 0x84, 0x84, 0x84, 0x84, 0x84, 0x84, 0x84, 0x84, 0x84, 0x84, 0x84, 0x84, 0x84, 0x84,
	0x84, 0x84, 0x84, 0x84, 0x84, 0x84, 0x84, 0x84, 0x84, 0x84, 0x84, 0x84, 0x84, 0x84, 0x84, 0x84,
	0x84, 0x84, 0x84, 0x84, 0x84, 0x84, 0x84, 0x84, 0x84, 0x84, 0x84, 0x84, 0x84, 0x84, 0x84, 0x84,
	0x84, 0x84, 0x84, 0x84, 0x84, 0x84, 0x84, 0x84, 0x84, 0x84, 0x84, 0x84, 0x84, 0x84, 0x84, 0x84,
	0x84, 0x84, 0x84, 0x84, 0x84, 0x84, 0x84, 0x84, 0x84, 0x84, 0x84, 0x84, 0x84, 0x84, 0x84, 0x84,
	0x84, 0x84, 0x84, 0x84, 0x84, 0x84, 0x84, 0x84, 0x84, 0x84, 0x84, 0x84, 0x84, 0x84, 0x84, 0x84,
	0x84, 0x84, 0x84, 0x84, 0x84, 0x84, 0x84, 0x84, 0x84, 0x84, 0x84, 0x84, 0x84, 0x84, 0x84, 0x84,
	0x84, 0x84, 0x84, 0x84, 0x84, 0x84, 0x84, 0x84, 0x84, 0x84, 0x84, 0x84, 0x84, 0x84, 0x84, 0x84,
	0x84, 0x84, 0x84, 0x84, 0x84, 0x84, 0x84, 0x84, 0x84, 0x84, 0x84, 0x84, 0x84, 0x84, 0x84, 0x84,
	0x84, 0x84, 0x84, 0x84, 0x84, 0x84, 0x84, 0x84, 0x84, 0x84, 0x84, 0x84, 0x84, 0x84, 0x84, 0x84,
	0x84, 0x84, 0x84, 0x84, 0x84, 0x84, 0x84, 0x84, 0x84, 0x84, 0x84, 0x84, 0x84, 0x84, 0x84, 0x84,
	0x84, 0x84, 0x84, 0x84, 0x84, 0x84, 0x84, 0x84, 0x84, 0x84, 0x84, 0x84, 0x84, 0x84, 0x84, 0x84,
	0x84, 0x84, 0x84, 0x84, 0x84, 0x84, 0x84, 0x84, 0x84, 0x84, 0x84, 0x84, 0x84, 0x84, 0x84, 0x84,
	0x84, 0x84, 0x84, 0x84, 0x84, 0x84, 0x84, 0x84, 0x84, 0x84, 0x84, 0x84, 0x84, 0x84, 0x84, 0x84,
	0x84, 0x84, 0x84, 0x84, 0x84, 0x84, 0x84, 0x84, 0x84, 0x84, 0x84, 0x84, 0x84, 0x84, 0x84, 0x84,
	0x84, 0x84, 0x84, 0x84, 0x84, 0x84, 0x84, 0x84, 0x84, 0x84, 0x84, 0x84, 0x84, 0x6f, 0x30, 0x30,
	0x67, 0x67, 0x67, 0x67, 0x67, 0x67, 0x67, 0x67, 0x67, 0x67, 0x67, 0x67, 0x67, 0x67, 0x67, 0x67,
	0x67, 0x67, 0x67, 0x67, 0x67, 0x67, 0x67, 0x67, 0x67, 0x67, 0x67, 0x67, 0x67, 0x67, 0x67, 0x67,
	0x30, 0x30, 0x30, 0x30, 0x30, 0x30, 0x30, 0x30, 0x30, 0x30, 0x30, 0x30, 0x30, 0x30, 0x30, 0x30,
	0x30, 0x30, 0x30, 0x30, 0x30, 0x30, 0x30, 0x30, 0x30, 0x30, 0x30, 0x30, 0x30, 0x30, 0x30, 0x30,
	0x30, 0x30, 0x30, 0x30, 0x30, 0x30, 0x30, 0x30, 0x30, 0x30, 0x30, 0x30, 0x30, 0x30, 0x30, 0x30,
	0x30, 0x30, 0x30, 0x30, 0x30, 0x30, 0x30, 0x30, 0x30, 0x30, 0x30, 0x30, 0x30, 0x30, 0x30, 0x30,
	0x30, 0x30, 0x30, 0x30, 0x30, 0x30, 0x30, 0x30, 0x30, 0x30, 0x30, 0x30, 0x30, 0x30, 0x30, 0x30,
	0x30, 0x30, 0x30, 0x30, 0x30, 0x30, 0x30, 0x30, 0x30, 0x30, 0x30, 0x30, 0x30, 0x30, 0x30, 0x30,
	0x30, 0x30, 0x30, 0x30, 0x30, 0x30, 0x30, 0x30, 0x30, 0x30, 0x30, 0x30, 0x30, 0x30, 0x30, 0x30,
	0x30, 0x30, 0x30, 0x30, 0x30, 0x30, 0x30, 0x30, 0x30, 0x30, 0x30, 0x30, 0x30, 0x30, 0x30, 0x30,
	0x30, 0x30, 0x30, 0x30, 0x30, 0x30, 0x30, 0x30, 0x30, 0x30, 0x30, 0x30, 0x30, 0x30, 0x30, 0x30,
	0x30, 0x30, 0x30, 0x30, 0x30, 0x30, 0x30, 0x30, 0x30, 0x30, 0x30, 0x30, 0x30, 0x30, 0x30, 0x30,
	0x30, 0x30, 0x30, 0x30, 0x30, 0x30, 0x30, 0x30, 0x30, 0x30, 0x30, 0x30, 0x30, 0x30, 0x30, 0x30,
	0x30, 0x30, 0x30, 0x30, 0x30, 0x30, 0x30, 0x30, 0x30, 0x30, 0x30, 0x30, 0x30, 0x30, 0x30, 0x30,
	0x30, 0x30, 0x30, 0x30, 0x30, 0x30, 0x30, 0x30, 0x30, 0x30, 0x30, 0x30, 0x30, 0x30, 0x30, 0x30,
	0x30, 0x30, 0x30, 0x30, 0x30, 0x30, 0x30, 0x30, 0x30, 0x30, 0x30, 0x30, 0x30, 0x30, 0x30, 0x30,
	0x30, 0x30, 0x30, 0x30, 0x30, 0x30, 0x30, 0x30, 0x30, 0x30, 0x30, 0x30, 0x30, 0x30, 0x30, 0x30,
	0x30, 0x30, 0x30, 0x30, 0x30, 0x30, 0x30, 0x30, 0x30, 0x30, 0x30, 0x30, 0x30, 0x30, 0x30, 0x30,
	0x30, 0x30, 0x30, 0x30, 0x30, 0x30, 0x30, 0x30, 0x30, 0x30, 0x30, 0x30, 0x30, 0x30, 0x30, 0x30,
	0x30, 0x30, 0x30, 0x30, 0x30, 0x30, 0x30, 0x30, 0x30, 0x30, 0x30, 0x30, 0x30, 0x30, 0x30, 0x30,
	0x30, 0x30, 0x30, 0x30, 0x30, 0x30, 0x30, 0x30, 0x30, 0x30, 0x30, 0x30, 0x30, 0x30, 0x30, 0x30,
	0x30, 0x30, 0x30, 0x30, 0x30, 0x30, 0x30, 0x30, 0x30, 0x30, 0x30, 0x30, 0x30, 0x30, 0x30, 0x30,
	0x80, 0x80, 0xc0, 0x100, 0x140, 0xc0, 0xc0, 0xc0, 0x15c, 0xc0, 0xc0, 0xc0, 0xc0, 0xc0, 0xc0, 0xc0,
	0xc0, 0xc0, 0xc0, 0xc0, 0xc0, 0xc0, 0xc0, 0xc0, 0xc0, 0xc0, 0xc0, 0xc0, 0xc0, 0xc0, 0xc0, 0xc0
};

static constexpr uint32_t s_coll_sqTrieData[564] = {
	0xcb, 0x0, 0x0, 0x0, 0x0, 0x0, 0x0, 0x0,
	0x0, 0x3040505, 0x3060505, 0x3080505, 0x30a0505, 0x30c0505, 0x0, 0x0,
	0x0, 0x0, 0x0, 0x0, 0x0, 0x0, 0x0, 0x0,
	0x0, 0x0, 0x0, 0x0, 0x0, 0x0, 0x0, 0x0,
	0x4000505, 0x75a0505, 0x9760505, 0xa940505, 0xda90505, 0xa960505, 0xa8e0505, 0x9700505,
	0x97c0505, 0x97e0505, 0xa7e0505, 0xc7b0505, 0x6000505, 0x50e0505, 0x8000505, 0xa880505,
	0x2fe0ca, 0x3001ca, 0x3022ca, 0x3043ca, 0x3064ca, 0x3085ca, 0x30a6ca, 0x30c7ca,
	0x30e8ca, 0x3109ca, 0x7360505, 0x72a0505, 0xc850505, 0xc870505, 0xc890505, 0x7640505,
	0xa7c0505, 0x2b00059c, 0x2d00059c, 0x6c9, 0xc0c9, 0x826c9, 0x3500059c, 0x8e0c9,
	0x3900059c, 0x3b00059c, 0x3d00059c, 0x3f00059c, 0xb20c9, 0x4300059c, 0x1280c9, 0x4700059c,
	0x4900059c, 0x4b00059c, 0x1500c9, 0x1de0c9, 0x25a0c9, 0x5300059c, 0x5500059c, 0x570005a0,
	0x2d60c9, 0x5b00059c, 0x3520c9, 0x9800505, 0xa8a0505, 0x9820505, 0xc0a0505, 0x50a0505,
	0xc040505, 0x2b000505, 0x2d000505, 0x3ce6c9, 0x3da0c9, 0x41a6c9, 0x35000505, 0x4260c9,
	0x39000505, 0x3b000505, 0x3d000505, 0x3f000505, 0x43e0c9, 0x43000505, 0x47a0c9, 0x47000505,
	0x49000505, 0x4b000505, 0x4940c9, 0x4dc0c9, 0x51e0c9, 0x53000505, 0x55000505, 0x57000505,
	0x5600c9, 0x5b000505, 0x5a20c9, 0x9840505, 0xc8d0505, 0x9860505, 0xc910505, 0x0,
	0xfffd0505, 0xfffd0505, 0xfffd0505, 0xfffd0505, 0xfffd0505, 0xfffd0505, 0xfffd0505, 0xfffd0505,
	0xfffd0505, 0xfffd0505, 0xfffd0505, 0xfffd0505, 0xfffd0505, 0xfffd0505, 0xfffd0505, 0xfffd0505,
	0xfffd0505, 0xfffd0505, 0xfffd0505, 0xfffd0505, 0xfffd0505, 0xfffd0505, 0xfffd0505, 0xfffd0505,
	0xfffd0505, 0xfffd0505, 0xfffd0505, 0xfffd0505, 0xfffd0505, 0xfffd0505, 0xfffd0505, 0xfffd0505,
	0xfffd0505, 0xfffd0505, 0xfffd0505, 0xfffd0505, 0xfffd0505, 0xfffd0505, 0xfffd0505, 0xfffd0505,
	0xfffd0505, 0xfffd0505, 0xfffd0505, 0xfffd0505, 0xfffd0505, 0xfffd0505, 0xfffd0505, 0xfffd0505,
	0xfffd0505, 0xfffd0505, 0xfffd0505, 0xfffd0505, 0xfffd0505, 0xfffd0505, 0xfffd0505, 0xfffd0505,
	0xfffd0505, 0xfffd0505, 0xfffd0505, 0xfffd0505, 0xfffd0505, 0xfffd0505, 0xfffd0505, 0xfffd0505,
	0xc0, 0xc0, 0xc0, 0xc0, 0xc0, 0xc0, 0xc0, 0xc0,
	0xc0, 0xc0, 0xc0, 0xc0, 0xc0, 0xc0, 0xc0, 0xc0,
	0xc0, 0xc0, 0xc0, 0xc0, 0xc0, 0xc0, 0xc0, 0xc0,
	0xc0, 0xc0, 0xc0, 0xc0, 0xc0, 0xc0, 0xc0, 0xc0,
	0xc0, 0xc0, 0xc0, 0xc0, 0xc0, 0xc0, 0xc0, 0xc0,
	0xc0, 0xc0, 0xc0, 0xc0, 0xc0, 0xc0, 0xc0, 0xc0,
	0xc0, 0xc0, 0xc0, 0xc0, 0xc0, 0xc0, 0xc0, 0xc0,
	0xc0, 0xc0, 0xc0, 0xc0, 0xc0, 0xc0, 0xc0, 0xc0,
	0x2b9c8ac4, 0x2b9c88c4, 0x2b9c8ec4, 0x2b9c9ac4, 0x2b9c96c4, 0x2b9c92c4, 0x2f22c5, 0x30170586,
	0x339c8ac4, 0x339c88c4, 0x339c8ec4, 0x34310586, 0x3b9c8ac4, 0x3b9c88c4, 0x3b9c8ec4, 0x3b9c96c4,
	0x310070a0, 0x459c9ac4, 0x479c8ac4, 0x479c88c4, 0x479c8ec4, 0x479c9ac4, 0x479c96c4, 0xc830505,
	0x479c9ec4, 0x539c8ac4, 0x539c88c4, 0x539c8ec4, 0x539c96c4, 0x5b9c88c4, 0x5e2805a0, 0x2f62c5,
	0x2b058ac4, 0x2b0588c4, 0x2b058ec4, 0x2b059ac4, 0x2b0596c4, 0x2b0592c4, 0x2fa2c5, 0x30170505,
	0x33058ac4, 0x330588c4, 0x33058ec4, 0x34310505, 0x3b058ac4, 0x3b0588c4, 0x3b058ec4, 0x3b0596c4,
	0x31007005, 0x45059ac4, 0x47058ac4, 0x470588c4, 0x47058ec4, 0x47059ac4, 0x470596c4, 0xc810505,
	0x47059ec4, 0x53058ac4, 0x530588c4, 0x53058ec4, 0x530596c4, 0x5b0588c4, 0x5e280505, 0x5b0596c4,
	0xc0, 0xc0, 0xc0, 0xc0, 0xc0, 0xc0, 0xc0, 0xc0,
	0xc0, 0xc0, 0xc0, 0xc0, 0xc0, 0xc0, 0xc0, 0xc0,
	0xc0, 0xc0, 0xc0, 0xc0, 0xc0, 0xc0, 0xc0, 0xc0,
	0x5e46c9, 0x5f06c9, 0xc0, 0xc0, 0xc0, 0xc0, 0xc0, 0xc0,
	0xc0, 0xc0, 0xc0, 0xc0, 0xc0, 0xc0, 0xc0, 0xc0,
	0xc0, 0xc0, 0xc0, 0xc0, 0xc0, 0xc0, 0xc0, 0xc0,
	0xc0, 0xc0, 0xc0, 0xc0, 0xc0, 0xc0, 0xc0, 0xc0,
	0xc0, 0xc0, 0xc0, 0xc0, 0xc0, 0xc0, 0xc0, 0xc0,
	0xc0, 0xc0, 0xc0, 0xc0, 0x5fc6c9, 0x6086c9, 0xc0, 0xc0,
	0xc0, 0xc0, 0xc0, 0xc0, 0xc0, 0xc0, 0xc0, 0xc0,
	0xc0, 0xc0, 0xc0, 0xc0, 0xc0, 0xc0, 0xc0, 0xc0,
	0xc0, 0xc0, 0xc0, 0xc0, 0x1cd, 0x1cd, 0x1cd, 0x1cd,
	0x1cd, 0x1cd, 0x1cd, 0x1cd, 0x1cd, 0x1cd, 0x1cd, 0x1cd,
	0x1cd, 0x1cd, 0x1cd, 0x1cd, 0x1cd, 0x1cd, 0x1cd, 0x1cd,
	0x1cd, 0x1cd, 0x1cd, 0x1cd, 0x1cd, 0x1cd, 0x1cd, 0x1cd,
	0x1cd, 0x1cd, 0x1cd, 0x1cd, 0x1cc, 0x1cc, 0x1cc, 0x1cc,
	0xc0, 0xc0, 0xc0, 0xc0, 0xc0, 0xc0, 0xc0, 0xc0,
	0xc0, 0xc0, 0xc0, 0xc0, 0xc0, 0xc0, 0xc0, 0xc0,
	0xc0, 0xc0, 0xc0, 0xc0, 0xc0, 0xc0, 0xc0, 0xc0,
	0xc0, 0xc0, 0xc0, 0xc0, 0x2d22c5, 0x2d62c5, 0xc0, 0xc0,
	0xc0, 0xc0, 0xc0, 0xc0, 0xc0, 0xc0, 0xc0, 0xc0,
	0xc0, 0xc0, 0xc0, 0xc0, 0x6146c9, 0x6206c9, 0x62c6c9, 0x6386c9,
	0xc0, 0xc0, 0xc0, 0xc0, 0xc0, 0xc0, 0xc0, 0xc0,
	0xc0, 0xc0, 0xc0, 0xc0, 0xc0, 0xc0, 0xc0, 0xc0,
	0xc0, 0xc0, 0xc0, 0xc0, 0xc0, 0xc0, 0xc0, 0xc0,
	0x6446c9, 0x6506c9, 0xc0, 0xc0, 0xc0, 0xc0, 0xc0, 0xc0,
	0x1cc, 0x1cc, 0x1cc, 0x1cc, 0x1cc, 0x1cc, 0x1cc, 0x1cc,
	0x1cc, 0x1cc, 0x1cc, 0x1cc, 0x1cc, 0x1cc, 0x1cc, 0x1cc,
	0x1cc, 0x1cc, 0x1cc, 0x1cc, 0x1cc, 0x1cc, 0x1cc, 0x1cc,
	0x1cc, 0x1cc, 0x1cc, 0x1cc, 0x1cc, 0x1cc, 0x1cc, 0x1cc,
	0xc0, 0xc0, 0xc0, 0xc0
};

static constexpr int32_t s_coll_sqTrieIndexLength = 2112;
static constexpr int32_t s_coll_sqTrieDataLength = 564;
static constexpr char32_t s_coll_sqTrieHighStart = 0xe000;
static constexpr int32_t s_coll_sqTrieHighValueIndex = 560;

static constexpr uint32_t s_coll_sqCe32s[393] = {
	0x0, 0x321f0587, 0x8e05, 0x321f0546, 0x8e05, 0x321f0587, 0x9005, 0x321f0546,
	0x9005, 0x321f0587, 0x9c05, 0x321f0546, 0x9c05, 0x321f0587, 0xc405, 0x321f0546,
	0xc405, 0x321f0587, 0x9605, 0x321f0546, 0x9605, 0x321f0587, 0xa005, 0x321f0546,
	0xa005, 0x321f0587, 0xce05, 0x321f0546, 0xce05, 0x321f0546, 0xd205, 0x38210587,
	0x8e05, 0x38210546, 0x8e05, 0x38210546, 0x9005, 0x423b0587, 0x8805, 0x423b0546,
	0x8805, 0x423b0587, 0xa005, 0x423b0546, 0xa005, 0x423b0587, 0x9005, 0x423b0546,
	0x9005, 0x423b0587, 0xc405, 0x423b0546, 0xc405, 0x423b0587, 0xc405, 0xa405,
	0x423b0546, 0xc405, 0xa405, 0x423b0587, 0xd205, 0x423b0546, 0xd205, 0x423b0587,
	0xcc05, 0x423b0546, 0xcc05, 0x46270587, 0x8e05, 0x46270546, 0x8e05, 0x46270546,
	0x9005, 0x4e450587, 0x8805, 0x4e450546, 0x8805, 0x4e450587, 0xa005, 0x4e450546,
	0xa005, 0x4e450587, 0x9005, 0x4e450546, 0x9005, 0x4e450587, 0xb805, 0x4e450546,
	0xb805, 0x4e450587, 0xbc05, 0x4e450546, 0xbc05, 0x4e450587, 0x9c05, 0x4e450546,
	0x9c05, 0x4e450587, 0xc405, 0x4e450546, 0xc405, 0x4e450587, 0xc405, 0xa405,
	0x4e450546, 0xc405, 0xa405, 0x4e450587, 0xd205, 0x4e450546, 0xd205, 0x502f0587,
	0x8e05, 0x502f0546, 0x8e05, 0x502f0587, 0x9005, 0x502f0546, 0x9005, 0x502f0587,
	0x9c05, 0x502f0546, 0x9c05, 0x502f0587, 0xc405, 0x502f0546, 0xc405, 0x502f0587,
	0x9605, 0x502f0546, 0x9605, 0x502f0587, 0xa005, 0x502f0546, 0xa005, 0x502f0587,
	0xce05, 0x502f0546, 0xce05, 0x502f0546, 0xd205, 0x521f0587, 0x8e05, 0x521f0546,
	0x8e05, 0x521f0587, 0x9005, 0x521f0546, 0x9005, 0x521f0587, 0x9c05, 0x521f0546,
	0x9c05, 0x521f0587, 0xc405, 0x521f0546, 0xc405, 0x521f0587, 0x9605, 0x521f0546,
	0x9605, 0x521f0587, 0xa005, 0x521f0546, 0xa005, 0x521f0587, 0xce05, 0x521f0546,
	0xce05, 0x521f0546, 0xd205, 0x5a150587, 0x8e05, 0x5a150546, 0x8e05, 0x5a150587,
	0x9005, 0x5a150546, 0x9005, 0x5a150587, 0x9c05, 0x5a150546, 0x9c05, 0x5a150587,
	0xc405, 0x5a150546, 0xc405, 0x5a150587, 0x9605, 0x5a150546, 0x9605, 0x5a150587,
	0xa005, 0x5a150546, 0xa005, 0x5a150587, 0xce05, 0x5a150546, 0xce05, 0x5a150546,
	0xd205, 0x5e190587, 0x8e05, 0x5e190546, 0x8e05, 0x5e190587, 0x9005, 0x5e190546,
	0x9005, 0x5e190587, 0x9c05, 0x5e190546, 0x9c05, 0x5e190587, 0xc405, 0x5e190546,
	0xc405, 0x5e190587, 0x9605, 0x5e190546, 0x9605, 0x5e190587, 0xa005, 0x5e190546,
	0xa005, 0x5e190587, 0xce05, 0x5e190546, 0xce05, 0x5e190546, 0xd205, 0x321f0505,
	0x8e05, 0x321f0505, 0x9005, 0x321f0505, 0x9c05, 0x321f0505, 0xc405, 0x321f0505,
	0x9605, 0x321f0505, 0xa005, 0x321f0505, 0xce05, 0x321f0505, 0xd205, 0x38210505,
	0x8e05, 0x38210505, 0x9005, 0x423b0505, 0x8805, 0x423b0505, 0xa005, 0x423b0505,
	0x9005, 0x423b0505, 0xc405, 0x423b0505, 0xc405, 0xa405, 0x423b0505, 0xd205,
	0x423b0505, 0xcc05, 0x46270505, 0x8e05, 0x46270505, 0x9005, 0x4e450505, 0x8805,
	0x4e450505, 0xa005, 0x4e450505, 0x9005, 0x4e450505, 0xb805, 0x4e450505, 0xbc05,
	0x4e450505, 0x9c05, 0x4e450505, 0xc405, 0x4e450505, 0xc405, 0xa405, 0x4e450505,
	0xd205, 0x502f0505, 0x8e05, 0x502f0505, 0x9005, 0x502f0505, 0x9c05, 0x502f0505,
	0xc405, 0x502f0505, 0x9605, 0x502f0505, 0xa005, 0x502f0505, 0xce05, 0x502f0505,
	0xd205, 0x521f0505, 0x8e05, 0x521f0505, 0x9005, 0x521f0505, 0x9c05, 0x521f0505,
	0xc405, 0x521f0505, 0x9605, 0x521f0505, 0xa005, 0x521f0505, 0xce05, 0x521f0505,
	0xd205, 0x5a150505, 0x8e05, 0x5a150505, 0x9005, 0x5a150505, 0x9c05, 0x5a150505,
	0xc405, 0x5a150505, 0x9605, 0x5a150505, 0xa005, 0x5a150505, 0xce05, 0x5a150505,
	0xd205, 0x5e190505, 0x8e05, 0x5e190505, 0x9005, 0x5e190505, 0x9c05, 0x5e190505,
	0xc405, 0x5e190505, 0x9605, 0x5e190505, 0xa005, 0x5e190505, 0xce05, 0x5e190505,
	0xd205, 0x34310586, 0xa205, 0x34310505, 0xa205, 0x34310586, 0xa005, 0x34310505,
	0xa005, 0x30170586, 0x8805, 0x30170505, 0x8805, 0x34310586, 0xcc05, 0x34310505,
	0xcc05, 0x34310586, 0xd005, 0x34310505, 0xd005, 0x34310586, 0xc405, 0x34310505,
	0xc405, 0x2b0070a0, 0x330005a2, 0x4f007005, 0x4f000513, 0x2b007005, 0x33000513, 0x12000505,
	0x14000505, 0x16000505, 0x18000505, 0x1a000505, 0x1c000505, 0x1e000505, 0x20000505, 0x22000505,
	0x24000505
};

static constexpr char16_t s_coll_sqContexts[814] = {
	0x2f00, 0x59c, 0x30, 0x327, 0xf017, 0x586, 0x3100, 0x59c, 0x10, 0x1e24, 0x1d, 0x1e28,
	0xf, 0x1e28, 0xc002, 0xa2c5, 0x1e29, 0xc002, 0xe2c5, 0x1e2a, 0xc003, 0x22c5, 0x1e2b, 0xc003,
	0x62c5, 0x1e96, 0xc003, 0xa2c5, 0x1e24, 0xc001, 0xa2c5, 0x1e25, 0xc001, 0xe2c5, 0x1e26, 0xc002,
	0x22c5, 0x1e27, 0xc002, 0x62c5, 0x21e, 0xc, 0x21e, 0xc000, 0xa2c5, 0x21f, 0xc000, 0xe2c5,
	0x1e22, 0xc001, 0x22c5, 0x1e23, 0xc001, 0x62c5, 0x48, 0xf21f, 0x587, 0x68, 0xf21f, 0x546,
	0x124, 0xa2c5, 0x125, 0xc000, 0x62c5, 0x3300, 0x59c, 0x30, 0x308, 0xf431, 0x586, 0x3700,
	0x59c, 0x4, 0x4a, 0xf821, 0x587, 0x6a, 0xf821, 0x546, 0x134, 0xc003, 0xe2c5, 0x135,
	0xc004, 0x22c5, 0x1f0, 0xc004, 0x62c5, 0x4100, 0x59c, 0xf, 0x1e36, 0x1a, 0x1e3a, 0xc,
	0x1e3a, 0xc007, 0x62c5, 0x1e3b, 0xc007, 0xa2c5, 0x1e3c, 0xc007, 0xe2c5, 0x1e3d, 0xc008, 0x22c5,
	0x1e36, 0xc006, 0x22c5, 0x1e37, 0xc006, 0x62c5, 0x1e38, 0xc006, 0xa3c5, 0x1e39, 0xc007, 0x3c5,
	0x13b, 0xc, 0x13b, 0xc005, 0x22c5, 0x13c, 0xc005, 0x62c5, 0x13d, 0xc005, 0xa2c5, 0x13e,
	0xc005, 0xe2c5, 0x4c, 0xffff, 0x423b, 0x587, 0x6c, 0xffff, 0x423b, 0x546, 0x139, 0xc004,
	0xa2c5, 0x13a, 0xc004, 0xe2c5, 0x4500, 0x59c, 0x4, 0x4a, 0xffff, 0x4627, 0x587, 0x6a,
	0xffff, 0x4627, 0x546, 0x134, 0xc008, 0x62c5, 0x135, 0xc008, 0xa2c5, 0x1f0, 0xc008, 0xe2c5,
	0x4d00, 0x59c, 0x13, 0x212, 0x20, 0x1e5b, 0xf, 0x1e5b, 0xc00c, 0x62c5, 0x1e5c, 0xc00c,
	0xa3c5, 0x1e5d, 0xc00d, 0x3c5, 0x1e5e, 0xc00d, 0x62c5, 0x1e5f, 0xc00d, 0xa2c5, 0x212, 0xc00b,
	0x22c5, 0x213, 0xc00b, 0x62c5, 0x1e58, 0xc00b, 0xa2c5, 0x1e59, 0xc00b, 0xe2c5, 0x1e5a, 0xc00c,
	0x22c5, 0x157, 0xf, 0x157, 0xc009, 0xe2c5, 0x158, 0xc00a, 0x22c5, 0x159, 0xc00a, 0x62c5,
	0x210, 0xc00a, 0xa2c5, 0x211, 0xc00a, 0xe2c5, 0x52, 0xffff, 0x4e45, 0x587, 0x72, 0xffff,
	0x4e45, 0x546, 0x154, 0xc009, 0x22c5, 0x155, 0xc009, 0x62c5, 0x156, 0xc009, 0xa2c5, 0x4f00,
	0x59c, 0x10, 0x1e24, 0x1d, 0x1e28, 0xf, 0x1e28, 0xc010, 0x62c5, 0x1e29, 0xc010, 0xa2c5,
	0x1e2a, 0xc010, 0xe2c5, 0x1e2b, 0xc011, 0x22c5, 0x1e96, 0xc011, 0x62c5, 0x1e24, 0xc00f, 0x62c5,
	0x1e25, 0xc00f, 0xa2c5, 0x1e26, 0xc00f, 0xe2c5, 0x1e27, 0xc010, 0x22c5, 0x21e, 0xc, 0x21e,
	0xc00e, 0x62c5, 0x21f, 0xc00e, 0xa2c5, 0x1e22, 0xc00e, 0xe2c5, 0x1e23, 0xc00f, 0x22c5, 0x48,
	0xffff, 0x502f, 0x587, 0x68, 0xffff, 0x502f, 0x546, 0x124, 0xc00d, 0xe2c5, 0x125, 0xc00e,
	0x22c5, 0x5100, 0x59c, 0x10, 0x1e24, 0x1d, 0x1e28, 0xf, 0x1e28, 0xc014, 0x22c5, 0x1e29,
	0xc014, 0x62c5, 0x1e2a, 0xc014, 0xa2c5, 0x1e2b, 0xc014, 0xe2c5, 0x1e96, 0xc015, 0x22c5, 0x1e24,
	0xc013, 0x22c5, 0x1e25, 0xc013, 0x62c5, 0x1e26, 0xc013, 0xa2c5, 0x1e27, 0xc013, 0xe2c5, 0x21e,
	0xc, 0x21e, 0xc012, 0x22c5, 0x21f, 0xc012, 0x62c5, 0x1e22, 0xc012, 0xa2c5, 0x1e23, 0xc012,
	0xe2c5, 0x48, 0xffff, 0x521f, 0x587, 0x68, 0xffff, 0x521f, 0x546, 0x124, 0xc011, 0xa2c5,
	0x125, 0xc011, 0xe2c5, 0x5900, 0x59c, 0x10, 0x1e24, 0x1d, 0x1e28, 0xf, 0x1e28, 0xc017,
	0xe2c5, 0x1e29, 0xc018, 0x22c5, 0x1e2a, 0xc018, 0x62c5, 0x1e2b, 0xc018, 0xa2c5, 0x1e96, 0xc018,
	0xe2c5, 0x1e24, 0xc016, 0xe2c5, 0x1e25, 0xc017, 0x22c5, 0x1e26, 0xc017, 0x62c5, 0x1e27, 0xc017,
	0xa2c5, 0x21e, 0xc, 0x21e, 0xc015, 0xe2c5, 0x21f, 0xc016, 0x22c5, 0x1e22, 0xc016, 0x62c5,
	0x1e23, 0xc016, 0xa2c5, 0x48, 0xffff, 0x5a15, 0x587, 0x68, 0xffff, 0x5a15, 0x546, 0x124,
	0xc015, 0x62c5, 0x125, 0xc015, 0xa2c5, 0x5d00, 0x59c, 0x10, 0x1e24, 0x1d, 0x1e28, 0xf,
	0x1e28, 0xc01b, 0xa2c5, 0x1e29, 0xc01b, 0xe2c5, 0x1e2a, 0xc01c, 0x22c5, 0x1e2b, 0xc01c, 0x62c5,
	0x1e96, 0xc01c, 0xa2c5, 0x1e24, 0xc01a, 0xa2c5, 0x1e25, 0xc01a, 0xe2c5, 0x1e26, 0xc01b, 0x22c5,
	0x1e27, 0xc01b, 0x62c5, 0x21e, 0xc, 0x21e, 0xc019, 0xa2c5, 0x21f, 0xc019, 0xe2c5, 0x1e22,
	0xc01a, 0x22c5, 0x1e23, 0xc01a, 0x62c5, 0x48, 0xffff, 0x5e19, 0x587, 0x68, 0xffff, 0x5e19,
	0x546, 0x124, 0xc019, 0x22c5, 0x125, 0xc019, 0x62c5, 0x2f00, 0x505, 0x30, 0x327, 0xf017,
	0x505, 0x3100, 0x505, 0x8, 0x1e25, 0xf, 0x1e25, 0xc01d, 0xa2c5, 0x1e27, 0xc01d, 0xe2c5,
	0x1e29, 0xc01e, 0x22c5, 0x1e2b, 0xc01e, 0x62c5, 0x1e96, 0xc01e, 0xa2c5, 0x68, 0xf21f, 0x505,
	0x125, 0xc01c, 0xe2c5, 0x21f, 0xc01d, 0x22c5, 0x1e23, 0xc01d, 0x62c5, 0x3300, 0x505, 0x30,
	0x308, 0xf431, 0x505, 0x3700, 0x505, 0x2, 0x6a, 0xf821, 0x505, 0x135, 0xc01e, 0xe2c5,
	0x1f0, 0xc01f, 0x22c5, 0x4100, 0x505, 0x7, 0x1e37, 0xc, 0x1e37, 0xc020, 0x22c5, 0x1e39,
	0xc020, 0x63c5, 0x1e3b, 0xc020, 0xc2c5, 0x1e3d, 0xc021, 0x2c5, 0x6c, 0xffff, 0x423b, 0x505,
	0x13a, 0xc01f, 0x62c5, 0x13c, 0xc01f, 0xa2c5, 0x13e, 0xc01f, 0xe2c5, 0x4500, 0x505, 0x2,
	0x6a, 0xffff, 0x4627, 0x505, 0x135, 0xc021, 0x42c5, 0x1f0, 0xc021, 0x82c5, 0x4d00, 0x505,
	0x9, 0x213, 0xf, 0x213, 0xc022, 0xc2c5, 0x1e59, 0xc023, 0x2c5, 0x1e5b, 0xc023, 0x42c5,
	0x1e5d, 0xc023, 0x83c5, 0x1e5f, 0xc023, 0xe2c5, 0x72, 0xffff, 0x4e45, 0x505, 0x155, 0xc021,
	0xc2c5, 0x157, 0xc022, 0x2c5, 0x159, 0xc022, 0x42c5, 0x211, 0xc022, 0x82c5, 0x4f00, 0x505,
	0x8, 0x1e25, 0xf, 0x1e25, 0xc024, 0xe2c5, 0x1e27, 0xc025, 0x22c5, 0x1e29, 0xc025, 0x62c5,
	0x1e2b, 0xc025, 0xa2c5, 0x1e96, 0xc025, 0xe2c5, 0x68, 0xffff, 0x502f, 0x505, 0x125, 0xc024,
	0x22c5, 0x21f, 0xc024, 0x62c5, 0x1e23, 0xc024, 0xa2c5, 0x5100, 0x505, 0x8, 0x1e25, 0xf,
	0x1e25, 0xc026, 0xe2c5, 0x1e27, 0xc027, 0x22c5, 0x1e29, 0xc027, 0x62c5, 0x1e2b, 0xc027, 0xa2c5,
	0x1e96, 0xc027, 0xe2c5, 0x68, 0xffff, 0x521f, 0x505, 0x125, 0xc026, 0x22c5, 0x21f, 0xc026,
	0x62c5, 0x1e23, 0xc026, 0xa2c5, 0x5900, 0x505, 0x8, 0x1e25, 0xf, 0x1e25, 0xc028, 0xe2c5,
	0x1e27, 0xc029, 0x22c5, 0x1e29, 0xc029, 0x62c5, 0x1e2b, 0xc029, 0xa2c5, 0x1e96, 0xc029, 0xe2c5,
	0x68, 0xffff, 0x5a15, 0x505, 0x125, 0xc028, 0x22c5, 0x21f, 0xc028, 0x62c5, 0x1e23, 0xc028,
	0xa2c5, 0x5d00, 0x505, 0x8, 0x1e25, 0xf, 0x1e25, 0xc02a, 0xe2c5, 0x1e27, 0xc02b, 0x22c5,
	0x1e29, 0xc02b, 0x62c5, 0x1e2b, 0xc02b, 0xa2c5, 0x1e96, 0xc02b, 0xe2c5, 0x68, 0xffff, 0x5e19,
	0x505, 0x125, 0xc02a, 0x22c5, 0x21f, 0xc02a, 0x62c5, 0x1e23, 0xc02a, 0xa2c5, 0x339c, 0xa2c4,
	0x30, 0x308, 0xc02c, 0x22c5, 0x3305, 0xa2c4, 0x30, 0x308, 0xc02c, 0x62c5, 0x339c, 0xa0c4,
	0x30, 0x308, 0xc02c, 0xa2c5, 0x3305, 0xa0c4, 0x30, 0x308, 0xc02c, 0xe2c5, 0x339c, 0xccc4,
	0x30, 0x308, 0xc02d, 0xa2c5, 0x3305, 0xccc4, 0x30, 0x308, 0xc02d, 0xe2c5, 0x339c, 0xd0c4,
	0x30, 0x308, 0xc02e, 0x22c5, 0x3305, 0xd0c4, 0x30, 0x308, 0xc02e, 0x62c5, 0x339c, 0xc4c4,
	0x30, 0x308, 0xc02e, 0xa2c5, 0x3305, 0xc4c4, 0x30, 0x308, 0xc02e, 0xe2c5
};

static constexpr uint16_t s_coll_sqFastLatin[660] = {
	0x205, 0xc40, 0xde0, 0xe80, 0xea8, 0x418, 0x0, 0x0, 0x0, 0x0, 0x0, 0x0,
	0x0, 0x0, 0xc00, 0xc08, 0xc10, 0xc18, 0xc20, 0x0, 0x0, 0x0, 0x0, 0x0,
	0x0, 0x0, 0x0, 0x0, 0x0, 0x0, 0x0, 0x0, 0x0, 0x0, 0x0, 0x0,
	0x0, 0xc40, 0xca8, 0xcf0, 0xd78, 0xe98, 0xd80, 0xd70, 0xcd8, 0xd08, 0xd10, 0xd58,
	0xe30, 0xc90, 0xc60, 0xcd0, 0xd60, 0x10a8, 0x14a8, 0x18a8, 0x1ca8, 0x20a8, 0x24a8, 0x28a8,
	0x2ca8, 0x30a8, 0x34a8, 0xca0, 0xc98, 0xe50, 0xe58, 0xe60, 0xcb8, 0xd50, 0x38b9, 0x3cb9,
	0x41a, 0x41c, 0x426, 0x58b9, 0x428, 0x64b9, 0x68ba, 0x70ba, 0x74b9, 0x432, 0x80b9, 0x444,
	0x90b9, 0x94b9, 0x98b9, 0x44e, 0x460, 0x46a, 0xbcb9, 0xc0b9, 0xc4b9, 0x474, 0xd0b9, 0x47e,
	0xd18, 0xd68, 0xd20, 0xdf8, 0xc50, 0xde8, 0x38a8, 0x3ca8, 0x488, 0x48a, 0x490, 0x58a8,
	0x492, 0x64a8, 0x68a8, 0x70a8, 0x74a8, 0x498, 0x80a8, 0x4a2, 0x90a8, 0x94a8, 0x98a8, 0x4a8,
	0x4b2, 0x4b8, 0xbca8, 0xc0a8, 0xc4a8, 0x4be, 0xd0a8, 0x4c4, 0xd28, 0xe70, 0xd30, 0xe80,
	0x0, 0x0, 0x0, 0x0, 0x0, 0x0, 0xc28, 0x0, 0x0, 0x0, 0x0, 0x0,
	0x0, 0x0, 0x0, 0x0, 0x0, 0x0, 0x0, 0x0, 0x0, 0x0, 0x0, 0x0,
	0x0, 0x0, 0x0, 0x0, 0x0, 0x0, 0x0, 0x0, 0x0, 0xc42, 0xcb0, 0xe90,
	0xea0, 0xe88, 0xea8, 0xe78, 0xd40, 0xe08, 0xe20, 0x38aa, 0xcf8, 0xe68, 0x0, 0xe28,
	0xe00, 0xe18, 0xe38, 0x18a9, 0x1ca9, 0xdf0, 0x1, 0xd48, 0x1, 0xe10, 0x14a9, 0x90aa,
	0xd00, 0x1, 0x1, 0x1, 0xcc0, 0x39b9, 0x3999, 0x39f9, 0x3a99, 0x3a59, 0x3a39, 0x800,
	0x44b9, 0x51ba, 0x519a, 0x51fa, 0x54b9, 0x69ba, 0x699a, 0x69fa, 0x6a5a, 0x48d9, 0x869a, 0x91b9,
	0x9199, 0x91f9, 0x9299, 0x9259, 0xe48, 0x92d9, 0xbdb9, 0xbd99, 0xbdf9, 0xbe59, 0xd199, 0xdcb9,
	0x802, 0x39a8, 0x3988, 0x39e8, 0x3a88, 0x3a48, 0x3a28, 0x804, 0x44a8, 0x51a8, 0x5188, 0x51e8,
	0x54a8, 0x69a8, 0x6988, 0x69e8, 0x6a48, 0x48c8, 0x8688, 0x91a8, 0x9188, 0x91e8, 0x9288, 0x9248,
	0xe40, 0x92c8, 0xbda8, 0xbd88, 0xbde8, 0xbe48, 0xd188, 0xdca8, 0xd248, 0x3b39, 0x3b28, 0x39d9,
	0x39c8, 0x3b19, 0x3b08, 0x4199, 0x4188, 0x41f9, 0x41e8, 0x42b9, 0x42a8, 0x4219, 0x4208, 0x4a19,
	0x4a08, 0x4b59, 0x4b48, 0x533a, 0x5328, 0x51da, 0x51c8, 0x52ba, 0x52a8, 0x4ca, 0x4cc, 0x521a,
	0x5208, 0x5df9, 0x5de8, 0x5dd9, 0x5dc8, 0x5eb9, 0x5ea8, 0x5ef9, 0x5ee8, 0x65f9, 0x65e8, 0x6759,
	0x6748, 0x6a9a, 0x6a88, 0x6b3a, 0x6b28, 0x69da, 0x69c8, 0x6b1a, 0x6b08, 0x6aba, 0x6ca8, 0x806,
	0x808, 0x71fa, 0x71e8, 0x76f9, 0x76e8, 0x9ca8, 0x7999, 0x7988, 0x7af9, 0x7ae8, 0x7a19, 0x7a08,
	0x7b79, 0x7b68, 0x7b59, 0x7b48, 0x859a, 0x8588, 0x86fa, 0x86e8, 0x861a, 0x8608, 0x80a, 0x88b9,
	0x88a8, 0x9339, 0x9328, 0x91d9, 0x91c8, 0x9279, 0x9268, 0x80c, 0x80e, 0xa199, 0xa188, 0xa2f9,
	0xa2e8, 0xa219, 0xa208, 0xa99a, 0xa988, 0xa9fa, 0xa9e8, 0xaafa, 0xaae8, 0xaa1a, 0xaa08, 0xb2f9,
	0xb2e8, 0xb219, 0xb208, 0xb4b9, 0xb4a8, 0xbe99, 0xbe88, 0xbf39, 0xbf28, 0xbdd9, 0xbdc8, 0xbe39,
	0xbe28, 0xbe79, 0xbe68, 0xbf19, 0xbf08, 0xc5f9, 0xc5e8, 0xd1f9, 0xd1e8, 0xd259, 0xd599, 0xd588,
	0xd6b9, 0xd6a8, 0xd619, 0xd608, 0xa8e8, 0xc41, 0xc41, 0xc41, 0xc41, 0xc41, 0xc41, 0xc41,
	0xc42, 0xc41, 0xc41, 0xc41, 0x0, 0x0, 0x0, 0x0, 0x0, 0xc68, 0xc69, 0xc70,
	0xc78, 0xc80, 0xc88, 0xd38, 0xc58, 0x1, 0x1, 0x1, 0x1, 0x1, 0x1, 0x1,
	0x1, 0xd98, 0xda0, 0xda8, 0xdb0, 0xcd1, 0x810, 0x1, 0xdb8, 0xc30, 0xc38, 0x0,
	0x0, 0x0, 0x0, 0x0, 0xc42, 0xd88, 0xd90, 0xdc0, 0x812, 0x1, 0xdc8, 0x814,
	0x1, 0xdd0, 0xce0, 0xce8, 0xdd8, 0x816, 0xcc8, 0xc48, 0xde0, 0x38d9, 0x50bb, 0xa8c8,
	0xa8a9, 0x38c8, 0x50a9, 0x68bb, 0x70bb, 0x68a9, 0x70a9, 0xe0a9, 0x84a9, 0x90d9, 0x50bb, 0x90c8,
	0x50a9, 0xcd1, 0xcd1, 0xdc1, 0xdc1, 0xdc9, 0xdc9, 0xca9, 0xca9, 0x5ff, 0x0, 0x5ff,
	0x40b9, 0x5ff, 0x48b9, 0x448, 0x4cba, 0x468, 0x4cb1, 0x524, 0x4dfa, 0x525, 0x4df1, 0x5ff,
	0x50ba, 0x5ff, 0x5cb9, 0x44a, 0x60ba, 0x46a, 0x60b1, 0x534, 0x61fa, 0x535, 0x61f1, 0x5ff,
	0x78b9, 0x44c, 0x7cba, 0x46c, 0x7cb1, 0x539, 0x7d9a, 0x53a, 0x7d91, 0x53b, 0x7efa, 0x53c,
	0x7ef1, 0x53d, 0x7e1a, 0x53e, 0x7e11, 0x5ff, 0x84ba, 0x44a, 0x8cba, 0x46a, 0x8cb1, 0x534,
	0x8dfa, 0x535, 0x8df1, 0x5ff, 0xa0b9, 0x452, 0xa4ba, 0x472, 0xa4b1, 0x554, 0xa59a, 0x555,
	0xa591, 0x556, 0xa6fa, 0x557, 0xa6f1, 0x558, 0xa61a, 0x559, 0xa611, 0x5ff, 0xa8ba, 0x448,
	0xacba, 0x468, 0xacb1, 0x524, 0xadfa, 0x525, 0xadf1, 0x5ff, 0xb0b9, 0x448, 0xb8ba, 0x468,
	0xb8b1, 0x524, 0xb9fa, 0x525, 0xb9f1, 0x5ff, 0xc8b9, 0x448, 0xccba, 0x468, 0xccb1, 0x524,
	0xcdfa, 0x525, 0xcdf1, 0x5ff, 0xd4b9, 0x448, 0xd8ba, 0x468, 0xd8b1, 0x524, 0xd9fa, 0x525,
	0xd9f1, 0x5ff, 0x40a8, 0x5ff, 0x48a8, 0x468, 0x4ca8, 0x525, 0x4de8, 0x5ff, 0x50a8, 0x5ff,
	0x5ca8, 0x46a, 0x60a8, 0x535, 0x61e8, 0x5ff, 0x78a8, 0x46c, 0x7ca8, 0x53a, 0x7d88, 0x53c,
	0x7ee8, 0x53e, 0x7e08, 0x5ff, 0x84a8, 0x46a, 0x8ca8, 0x535, 0x8de8, 0x5ff, 0xa0a8, 0x472,
	0xa4a8, 0x555, 0xa588, 0x557, 0xa6e8, 0x559, 0xa608, 0x5ff, 0xa8a8, 0x468, 0xaca8, 0x525,
	0xade8, 0x5ff, 0xb0a8, 0x468, 0xb8a8, 0x525, 0xb9e8, 0x5ff, 0xc8a8, 0x468, 0xcca8, 0x525,
	0xcde8, 0x5ff, 0xd4a8, 0x468, 0xd8a8, 0x525, 0xd9e8, 0x5ff, 0x531a, 0x5ff, 0x5308, 0x1ff
};

static constexpr uint16_t s_coll_sqFastLatinPrimaries[384] = {
	0x0, 0x0, 0x0, 0x0, 0x0, 0x0, 0x0, 0x0, 0x0, 0xc00, 0xc08, 0xc10,
	0xc18, 0xc20, 0x0, 0x0, 0x0, 0x0, 0x0, 0x0, 0x0, 0x0, 0x0, 0x0,
	0x0, 0x0, 0x0, 0x0, 0x0, 0x0, 0x0, 0x0, 0xc40, 0xca8, 0xcf0, 0xd78,
	0xe98, 0xd80, 0xd70, 0xcd8, 0xd08, 0xd10, 0xd58, 0xe30, 0xc90, 0xc60, 0xcd0, 0xd60,
	0x1000, 0x1400, 0x1800, 0x1c00, 0x2000, 0x2400, 0x2800, 0x2c00, 0x3000, 0x3400, 0xca0, 0xc98,
	0xe50, 0xe58, 0xe60, 0xcb8, 0xd50, 0x3800, 0x3c00, 0x0, 0x0, 0x0, 0x5800, 0x0,
	0x6400, 0x6800, 0x7000, 0x7400, 0x0, 0x8000, 0x0, 0x9000, 0x9400, 0x9800, 0x0, 0x0,
	0x0, 0xbc00, 0xc000, 0xc400, 0x0, 0xd000, 0x0, 0xd18, 0xd68, 0xd20, 0xdf8, 0xc50,
	0xde8, 0x3800, 0x3c00, 0x0, 0x0, 0x0, 0x5800, 0x0, 0x6400, 0x6800, 0x7000, 0x7400,
	0x0, 0x8000, 0x0, 0x9000, 0x9400, 0x9800, 0x0, 0x0, 0x0, 0xbc00, 0xc000, 0xc400,
	0x0, 0xd000, 0x0, 0xd28, 0xe70, 0xd30, 0xe80, 0x0, 0x0, 0x0, 0x0, 0x0,
	0x0, 0xc28, 0x0, 0x0, 0x0, 0x0, 0x0, 0x0, 0x0, 0x0, 0x0, 0x0,
	0x0, 0x0, 0x0, 0x0, 0x0, 0x0, 0x0, 0x0, 0x0, 0x0, 0x0, 0x0,
	0x0, 0x0, 0x0, 0x0, 0xc40, 0xcb0, 0xe90, 0xea0, 0xe88, 0xea8, 0xe78, 0xd40,
	0xe08, 0xe20, 0x3800, 0xcf8, 0xe68, 0x0, 0xe28, 0xe00, 0xe18, 0xe38, 0x1800, 0x1c00,
	0xdf0, 0x0, 0xd48, 0x0, 0xe10, 0x1400, 0x9000, 0xd00, 0x0, 0x0, 0x0, 0xcc0,
	0x3800, 0x3800, 0x3800, 0x3800, 0x3800, 0x3800, 0x0, 0x4400, 0x5000, 0x5000, 0x5000, 0x5400,
	0x6800, 0x6800, 0x6800, 0x6800, 0x4800, 0x8400, 0x9000, 0x9000, 0x9000, 0x9000, 0x9000, 0xe48,
	0x9000, 0xbc00, 0xbc00, 0xbc00, 0xbc00, 0xd000, 0xdc00, 0x0, 0x3800, 0x3800, 0x3800, 0x3800,
	0x3800, 0x3800, 0x0, 0x4400, 0x5000, 0x5000, 0x5000, 0x5400, 0x6800, 0x6800, 0x6800, 0x6800,
	0x4800, 0x8400, 0x9000, 0x9000, 0x9000, 0x9000, 0x9000, 0xe40, 0x9000, 0xbc00, 0xbc00, 0xbc00,
	0xbc00, 0xd000, 0xdc00, 0xd000, 0x3800, 0x3800, 0x3800, 0x3800, 0x3800, 0x3800, 0x4000, 0x4000,
	0x4000, 0x4000, 0x4000, 0x4000, 0x4000, 0x4000, 0x4800, 0x4800, 0x4800, 0x4800, 0x5000, 0x5000,
	0x5000, 0x5000, 0x5000, 0x5000, 0x0, 0x0, 0x5000, 0x5000, 0x5c00, 0x5c00, 0x5c00, 0x5c00,
	0x5c00, 0x5c00, 0x5c00, 0x5c00, 0x6400, 0x6400, 0x6400, 0x6400, 0x6800, 0x6800, 0x6800, 0x6800,
	0x6800, 0x6800, 0x6800, 0x6800, 0x6800, 0x6c00, 0x0, 0x0, 0x7000, 0x7000, 0x7400, 0x7400,
	0x9c00, 0x7800, 0x7800, 0x7800, 0x7800, 0x7800, 0x7800, 0x7800, 0x7800, 0x7800, 0x7800, 0x8400,
	0x8400, 0x8400, 0x8400, 0x8400, 0x8400, 0x0, 0x8800, 0x8800, 0x9000, 0x9000, 0x9000, 0x9000,
	0x9000, 0x9000, 0x0, 0x0, 0xa000, 0xa000, 0xa000, 0xa000, 0xa000, 0xa000, 0xa800, 0xa800,
	0xa800, 0xa800, 0xa800, 0xa800, 0xa800, 0xa800, 0xb000, 0xb000, 0xb000, 0xb000, 0xb400, 0xb400,
	0xbc00, 0xbc00, 0xbc00, 0xbc00, 0xbc00, 0xbc00, 0xbc00, 0xbc00, 0xbc00, 0xbc00, 0xbc00, 0xbc00,
	0xc400, 0xc400, 0xd000, 0xd000, 0xd000, 0xd400, 0xd400, 0xd400, 0xd400, 0xd400, 0xd400, 0xa800
};

static constexpr int32_t s_coll_sqFastLatinMiniVarTop = 0xbff;

static constexpr uint32_t s_coll_sqNumericPrimary = 0x10000000;
static constexpr int32_t s_coll_sqOptions = 0x2010;
static constexpr int32_t s_coll_sqJamoCe32sStart = -1;

static constexpr uint32_t s_coll_sqUnsafeBwd[878] = {
	0x34, 0x35, 0x48, 0x49, 0x4a, 0x4b, 0x4c, 0x4d, 0x52, 0x53, 0x68, 0x69,
	0x6a, 0x6b, 0x6c, 0x6d, 0x72, 0x73, 0xa0, 0xa1, 0x124, 0x126, 0x134, 0x136,
	0x139, 0x13f, 0x154, 0x15a, 0x1f0, 0x1f1, 0x210, 0x214, 0x21e, 0x220, 0x300, 0x34f,
	0x350, 0x370, 0x3a9, 0x3aa, 0x3e2, 0x3e3, 0x42f, 0x430, 0x483, 0x488, 0x531, 0x532,
	0x591, 0x5be, 0x5bf, 0x5c0, 0x5c1, 0x5c3, 0x5c4, 0x5c6, 0x5c7, 0x5c8, 0x5d0, 0x5d1,
	0x610, 0x61b, 0x628, 0x629, 0x64b, 0x660, 0x670, 0x671, 0x6d6, 0x6dd, 0x6df, 0x6e5,
	0x6e7, 0x6e9, 0x6ea, 0x6ee, 0x710, 0x712, 0x730, 0x74b, 0x78c, 0x78d, 0x7ca, 0x7cb,
	0x7eb, 0x7f4, 0x7fd, 0x7fe, 0x800, 0x801, 0x816, 0x81a, 0x81b, 0x824, 0x825, 0x828,
	0x829, 0x82e, 0x840, 0x841, 0x859, 0x85c, 0x897, 0x8a0, 0x8ca, 0x8e2, 0x8e3, 0x900,
	0x905, 0x906, 0x93c, 0x93d, 0x94d, 0x94e, 0x951, 0x955, 0x995, 0x996, 0x9bc, 0x9bd,
	0x9be, 0x9bf, 0x9cd, 0x9ce, 0x9d7, 0x9d8, 0x9fe, 0x9ff, 0xa15, 0xa16, 0xa3c, 0xa3d,
	0xa4d, 0xa4e, 0xa95, 0xa96, 0xabc, 0xabd, 0xacd, 0xace, 0xb15, 0xb16, 0xb3c, 0xb3d,
	0xb3e, 0xb3f, 0xb4d, 0xb4e, 0xb56, 0xb58, 0xb95, 0xb96, 0xbbe, 0xbbf, 0xbcd, 0xbce,
	0xbd7, 0xbd8, 0xc15, 0xc16, 0xc3c, 0xc3d, 0xc4d, 0xc4e, 0xc55, 0xc57, 0xc95, 0xc96,
	0xcbc, 0xcbd, 0xcc2, 0xcc3, 0xccd, 0xcce, 0xcd5, 0xcd7, 0xd15, 0xd16, 0xd3b, 0xd3d,
	0xd3e, 0xd3f, 0xd4d, 0xd4e, 0xd57, 0xd58, 0xd85, 0xd86, 0xdca, 0xdcb, 0xdcf, 0xdd0,
	0xddf, 0xde0, 0xe01, 0xe2f, 0xe32, 0xe33, 0xe38, 0xe3b, 0xe48, 0xe4c, 0xe81, 0xe83,
	0xe84, 0xe85, 0xe86, 0xe8b, 0xe8c, 0xea4, 0xea5, 0xea6, 0xea7, 0xeaf, 0xeb2, 0xeb3,
	0xeb8, 0xebb, 0xec8, 0xecc, 0xedc, 0xee0, 0xf18, 0xf1a, 0xf35, 0xf36, 0xf37, 0xf38,
	0xf39, 0xf3a, 0xf40, 0xf41, 0xf71, 0xf76, 0xf7a, 0xf7e, 0xf80, 0xf85, 0xf86, 0xf88,
	0xfc6, 0xfc7, 0x1000, 0x1001, 0x102e, 0x102f, 0x1037, 0x1038, 0x1039, 0x103b, 0x108d, 0x108e,
	0x10d3, 0x10d4, 0x12a0, 0x12a1, 0x135d, 0x1360, 0x13c4, 0x13c5, 0x14c0, 0x14c1, 0x168f, 0x1690,
	0x16a0, 0x16a1, 0x1703, 0x1704, 0x1714, 0x1716, 0x1723, 0x1724, 0x1734, 0x1735, 0x1743, 0x1744,
	0x1763, 0x1764, 0x1780, 0x1781, 0x17d2, 0x17d3, 0x17dd, 0x17de, 0x1826, 0x1827, 0x18a9, 0x18aa,
	0x1900, 0x1901, 0x1939, 0x193c, 0x1950, 0x1951, 0x1980, 0x19ac, 0x1a00, 0x1a01, 0x1a17, 0x1a19,
	0x1a20, 0x1a21, 0x1a60, 0x1a61, 0x1a75, 0x1a7d, 0x1a7f, 0x1a80, 0x1ab0, 0x1abe, 0x1abf, 0x1ade,
	0x1ae0, 0x1aec, 0x1b05, 0x1b06, 0x1b34, 0x1b36, 0x1b44, 0x1b45, 0x1b6b, 0x1b74, 0x1b83, 0x1b84,
	0x1baa, 0x1bac, 0x1bc0, 0x1bc1, 0x1be6, 0x1be7, 0x1bf2, 0x1bf4, 0x1c00, 0x1c01, 0x1c37, 0x1c38,
	0x1c5a, 0x1c5b, 0x1cd0, 0x1cd3, 0x1cd4, 0x1ce1, 0x1ce2, 0x1ce9, 0x1ced, 0x1cee, 0x1cf4, 0x1cf5,
	0x1cf8, 0x1cfa, 0x1dc0, 0x1e00, 0x1e22, 0x1e2c, 0x1e36, 0x1e3e, 0x1e58, 0x1e60, 0x1e96, 0x1e97,
	0x201c, 0x201d, 0x20ac, 0x20ad, 0x20d0, 0x20dd, 0x20e1, 0x20e2, 0x20e5, 0x20f1, 0x263a, 0x263b,
	0x2c00, 0x2c01, 0x2cef, 0x2cf2, 0x2d30, 0x2d31, 0x2d7f, 0x2d80, 0x2de0, 0x2e00, 0x302a, 0x3030,
	0x304b, 0x304c, 0x3099, 0x309b, 0x30ab, 0x30ac, 0x3105, 0x3106, 0x5b57, 0x5b58, 0xa288, 0xa289,
	0xa4d0, 0xa4d1, 0xa549, 0xa54a, 0xa66f, 0xa670, 0xa674, 0xa67e, 0xa69e, 0xa6a1, 0xa6f0, 0xa6f2,
	0xa800, 0xa801, 0xa806, 0xa807, 0xa82c, 0xa82d, 0xa840, 0xa841, 0xa882, 0xa883, 0xa8c4, 0xa8c5,
	0xa8e0, 0xa8f2, 0xa90a, 0xa90b, 0xa92b, 0xa92e, 0xa930, 0xa931, 0xa953, 0xa954, 0xa984, 0xa985,
	0xa9b3, 0xa9b4, 0xa9c0, 0xa9c1, 0xaa00, 0xaa01, 0xaa80, 0xaab1, 0xaab2, 0xaab5, 0xaab7, 0xaab9,
	0xaabe, 0xaac0, 0xaac1, 0xaac2, 0xaaf6, 0xaaf7, 0xabc0, 0xabc1, 0xabed, 0xabee, 0xac00, 0xac01,
	0xd800, 0xd809, 0xd80b, 0xd80d, 0xd811, 0xd812, 0xd818, 0xd819, 0xd81a, 0xd81c, 0xd820, 0xd821,
	0xd823, 0xd824, 0xd82c, 0xd82d, 0xd82f, 0xd830, 0xd834, 0xd835, 0xd838, 0xd83b, 0xdc00, 0xe000,
	0xfb1e, 0xfb1f, 0xfdd0, 0xfdd1, 0xfe20, 0xfe30, 0x10000, 0x10001, 0x101fd, 0x101fe, 0x10280, 0x10281,
	0x102a0, 0x102a1, 0x102e0, 0x102e1, 0x10300, 0x10301, 0x10330, 0x10331, 0x1036b, 0x1036c, 0x10376, 0x1037b,
	0x10380, 0x10381, 0x103a0, 0x103a1, 0x10414, 0x10415, 0x10450, 0x10451, 0x10480, 0x10481, 0x104b5, 0x104b6,
	0x10500, 0x10501, 0x10537, 0x10538, 0x10582, 0x10583, 0x105c2, 0x105c3, 0x10647, 0x10648, 0x10800, 0x10801,
	0x10840, 0x10841, 0x10873, 0x10874, 0x10896, 0x10897, 0x108f4, 0x108f5, 0x10900, 0x10901, 0x10920, 0x10921,
	0x10950, 0x10951, 0x10980, 0x10981, 0x109a0, 0x109a1, 0x10a00, 0x10a01, 0x10a0d, 0x10a0e, 0x10a0f, 0x10a10,
	0x10a38, 0x10a3b, 0x10a3f, 0x10a40, 0x10a60, 0x10a61, 0x10a95, 0x10a96, 0x10ad8, 0x10ad9, 0x10ae5, 0x10ae7,
	0x10b00, 0x10b01, 0x10b40, 0x10b41, 0x10b60, 0x10b61, 0x10b8f, 0x10b90, 0x10c00, 0x10c01, 0x10ca1, 0x10ca2,
	0x10d12, 0x10d13, 0x10d24, 0x10d28, 0x10d5d, 0x10d5e, 0x10d69, 0x10d6e, 0x10e88, 0x10e89, 0x10eab, 0x10ead,
	0x10efa, 0x10efc, 0x10efd, 0x10f00, 0x10f19, 0x10f1a, 0x10f42, 0x10f43, 0x10f46, 0x10f51, 0x10f7c, 0x10f7d,
	0x10f82, 0x10f86, 0x10fbf, 0x10fc0, 0x10ff1, 0x10ff2, 0x11005, 0x11006, 0x11046, 0x11047, 0x11070, 0x11071,
	0x1107f, 0x11080, 0x11083, 0x11084, 0x110b9, 0x110bb, 0x110d0, 0x110d1, 0x11100, 0x11104, 0x11127, 0x11128,
	0x11133, 0x11135, 0x11152, 0x11153, 0x11173, 0x11174, 0x11183, 0x11184, 0x111c0, 0x111c1, 0x111ca, 0x111cb,
	0x11208, 0x11209, 0x11235, 0x11237, 0x1128f, 0x11290, 0x112be, 0x112bf, 0x112e9, 0x112eb, 0x11315, 0x11316,
	0x1133b, 0x1133d, 0x1133e, 0x1133f, 0x1134d, 0x1134e, 0x11357, 0x11358, 0x11366, 0x1136d, 0x11370, 0x11375,
	0x11392, 0x11393, 0x113b8, 0x113b9, 0x113bb, 0x113bc, 0x113c2, 0x113c3, 0x113c9, 0x113ca, 0x113ce, 0x113d1,
	0x11412, 0x11413, 0x11442, 0x11443, 0x11446, 0x11447, 0x1145e, 0x1145f, 0x11484, 0x11485, 0x114b0, 0x114b1,
	0x114ba, 0x114bb, 0x114bd, 0x114be, 0x114c2, 0x114c4, 0x1158e, 0x1158f, 0x115af, 0x115b0, 0x115bf, 0x115c1,
	0x1160e, 0x1160f, 0x1163f, 0x11640, 0x11680, 0x11681, 0x116b6, 0x116b8, 0x11717, 0x11718, 0x1172b, 0x1172c,
	0x1180b, 0x1180c, 0x11839, 0x1183b, 0x118b4, 0x118b5, 0x1190c, 0x1190d, 0x11930, 0x11931, 0x1193d, 0x1193f,
	0x11943, 0x11944, 0x119ce, 0x119cf, 0x119e0, 0x119e1, 0x11a0b, 0x11a0c, 0x11a34, 0x11a35, 0x11a47, 0x11a48,
	0x11a5c, 0x11a5d, 0x11a99, 0x11a9a, 0x11ac0, 0x11ac1, 0x11bc4, 0x11bc5, 0x11c0e, 0x11c0f, 0x11c3f, 0x11c40,
	0x11c72, 0x11c73, 0x11d10, 0x11d11, 0x11d42, 0x11d43, 0x11d44, 0x11d46, 0x11d71, 0x11d72, 0x11d97, 0x11d98,
	0x11dc6, 0x11dc7, 0x11ee5, 0x11ee6, 0x11f1b, 0x11f1c, 0x11f41, 0x11f43, 0x12000, 0x12001, 0x12fe5, 0x12fe6,
	0x13153, 0x13154, 0x14400, 0x14401, 0x1611c, 0x1611d, 0x1611e, 0x16121, 0x16123, 0x16126, 0x16129, 0x1612a,
	0x1612f, 0x16130, 0x16a4f, 0x16a50, 0x16abc, 0x16abd, 0x16ae6, 0x16ae7, 0x16af0, 0x16af5, 0x16b1c, 0x16b1d,
	0x16b30, 0x16b37, 0x16d45, 0x16d46, 0x16d67, 0x16d69, 0x16e40, 0x16e41, 0x16ea1, 0x16ea2, 0x16f00, 0x16f01,
	0x16ff0, 0x16ff2, 0x18229, 0x1822a, 0x18c65, 0x18c66, 0x1b1c4, 0x1b1c5, 0x1bc20, 0x1bc21, 0x1bc9e, 0x1bc9f,
	0x1d165, 0x1d16a, 0x1d16d, 0x1d173, 0x1d17b, 0x1d183, 0x1d185, 0x1d18c, 0x1d1aa, 0x1d1ae, 0x1d242, 0x1d245,
	0x1e000, 0x1e007, 0x1e008, 0x1e019, 0x1e01b, 0x1e022, 0x1e023, 0x1e025, 0x1e026, 0x1e02b, 0x1e08f, 0x1e090,
	0x1e108, 0x1e109, 0x1e130, 0x1e137, 0x1e290, 0x1e291, 0x1e2ae, 0x1e2af, 0x1e2e1, 0x1e2e2, 0x1e2ec, 0x1e2f0,
	0x1e4e6, 0x1e4e7, 0x1e4ec, 0x1e4f0, 0x1e5d0, 0x1e5d1, 0x1e5ee, 0x1e5f0, 0x1e6d5, 0x1e6d6, 0x1e6e3, 0x1e6e4,
	0x1e6e6, 0x1e6e7, 0x1e6ee, 0x1e6f0, 0x1e6f5, 0x1e6f6, 0x1e802, 0x1e803, 0x1e8d0, 0x1e8d7, 0x1e909, 0x1e90a,
	0x1e944, 0x1e94b
};

static constexpr int32_t s_coll_sqUnsafeBwdLength = 878;

static constexpr CollationData s_coll_brData = {
	{s_coll_brTrieIndex, s_coll_brTrieData, s_coll_brTrieIndexLength, s_coll_brTrieDataLength,
		s_coll_brTrieHighStart, s_coll_brTrieHighValueIndex},
	s_coll_brCe32s, 109,
	s_collRootCes, 2041,
	s_coll_brContexts, 231,
	&s_collRootData,
	s_collRootCe32s + s_collRootJamoCe32sStart,
	s_coll_brNumericPrimary,
	s_collRootCompressible,
	s_coll_brUnsafeBwd, s_coll_brUnsafeBwdLength,
	s_coll_brFastLatin, 500,
	s_coll_brFastLatinPrimaries,
	s_collRootNumScripts, s_collRootScripts + 1, s_collRootScripts + s_collRootScriptStartsOffset,
		s_collRootScriptStartsLength,
};

static constexpr CollationData s_coll_cyData = {
	{s_coll_cyTrieIndex, s_coll_cyTrieData, s_coll_cyTrieIndexLength, s_coll_cyTrieDataLength,
		s_coll_cyTrieHighStart, s_coll_cyTrieHighValueIndex},
	s_coll_cyCe32s, 330,
	s_collRootCes, 2041,
	s_coll_cyContexts, 652,
	&s_collRootData,
	s_collRootCe32s + s_collRootJamoCe32sStart,
	s_coll_cyNumericPrimary,
	s_collRootCompressible,
	s_coll_cyUnsafeBwd, s_coll_cyUnsafeBwdLength,
	s_coll_cyFastLatin, 632,
	s_coll_cyFastLatinPrimaries,
	s_collRootNumScripts, s_collRootScripts + 1, s_collRootScripts + s_collRootScriptStartsOffset,
		s_collRootScriptStartsLength,
};

static constexpr CollationData s_coll_eoData = {
	{s_coll_eoTrieIndex, s_coll_eoTrieData, s_coll_eoTrieIndexLength, s_coll_eoTrieDataLength,
		s_coll_eoTrieHighStart, s_coll_eoTrieHighValueIndex},
	s_coll_eoCe32s, 87,
	s_collRootCes, 2041,
	s_coll_eoContexts, 261,
	&s_collRootData,
	s_collRootCe32s + s_collRootJamoCe32sStart,
	s_coll_eoNumericPrimary,
	s_collRootCompressible,
	s_collRootUnsafeBwd, s_collRootUnsafeBwdLength,
	s_coll_eoFastLatin, 520,
	s_coll_eoFastLatinPrimaries,
	s_collRootNumScripts, s_collRootScripts + 1, s_collRootScripts + s_collRootScriptStartsOffset,
		s_collRootScriptStartsLength,
};

static constexpr CollationData s_coll_esData = {
	{s_coll_esTrieIndex, s_coll_esTrieData, s_coll_esTrieIndexLength, s_coll_esTrieDataLength,
		s_coll_esTrieHighStart, s_coll_esTrieHighValueIndex},
	s_coll_esCe32s, 33,
	s_collRootCes, 2041,
	s_coll_esContexts, 61,
	&s_collRootData,
	s_collRootCe32s + s_collRootJamoCe32sStart,
	s_coll_esNumericPrimary,
	s_collRootCompressible,
	s_collRootUnsafeBwd, s_collRootUnsafeBwdLength,
	s_coll_esFastLatin, 488,
	s_coll_esFastLatinPrimaries,
	s_collRootNumScripts, s_collRootScripts + 1, s_collRootScripts + s_collRootScriptStartsOffset,
		s_collRootScriptStartsLength,
};

static constexpr CollationData s_coll_fr_CAData = {
	{s_collRootTrieIndex, s_collRootTrieData, s_collRootTrieIndexLength, s_collRootTrieDataLength,
		s_collRootTrieHighStart, s_collRootTrieHighValueIndex},
	s_collRootCe32s, 6153,
	s_collRootCes, 2041,
	s_collRootContexts, 4619,
	&s_collRootData,
	s_collRootCe32s + s_collRootJamoCe32sStart,
	s_coll_fr_CANumericPrimary,
	s_collRootCompressible,
	s_collRootUnsafeBwd, s_collRootUnsafeBwdLength,
	s_collRootFastLatin, 480,
	s_collRootFastLatinPrimaries,
	s_collRootNumScripts, s_collRootScripts + 1, s_collRootScripts + s_collRootScriptStartsOffset,
		s_collRootScriptStartsLength,
};

static constexpr CollationData s_coll_huData = {
	{s_coll_huTrieIndex, s_coll_huTrieData, s_coll_huTrieIndexLength, s_coll_huTrieDataLength,
		s_coll_huTrieHighStart, s_coll_huTrieHighValueIndex},
	s_coll_huCe32s, 1125,
	s_collRootCes, 2041,
	s_coll_huContexts, 2231,
	&s_collRootData,
	s_collRootCe32s + s_collRootJamoCe32sStart,
	s_coll_huNumericPrimary,
	s_collRootCompressible,
	s_coll_huUnsafeBwd, s_coll_huUnsafeBwdLength,
	s_coll_huFastLatin, 749,
	s_coll_huFastLatinPrimaries,
	s_collRootNumScripts, s_collRootScripts + 1, s_collRootScripts + s_collRootScriptStartsOffset,
		s_collRootScriptStartsLength,
};

static constexpr CollationData s_coll_mtData = {
	{s_coll_mtTrieIndex, s_coll_mtTrieData, s_coll_mtTrieIndexLength, s_coll_mtTrieDataLength,
		s_coll_mtTrieHighStart, s_coll_mtTrieHighValueIndex},
	s_coll_mtCe32s, 33,
	s_collRootCes, 2041,
	s_coll_mtContexts, 97,
	&s_collRootData,
	s_collRootCe32s + s_collRootJamoCe32sStart,
	s_coll_mtNumericPrimary,
	s_collRootCompressible,
	s_coll_mtUnsafeBwd, s_coll_mtUnsafeBwdLength,
	s_coll_mtFastLatin, 508,
	s_coll_mtFastLatinPrimaries,
	s_collRootNumScripts, s_collRootScripts + 1, s_collRootScripts + s_collRootScriptStartsOffset,
		s_collRootScriptStartsLength,
};

static constexpr CollationData s_coll_roData = {
	{s_coll_roTrieIndex, s_coll_roTrieData, s_coll_roTrieIndexLength, s_coll_roTrieDataLength,
		s_coll_roTrieHighStart, s_coll_roTrieHighValueIndex},
	s_coll_roCe32s, 85,
	s_collRootCes, 2041,
	s_coll_roContexts, 163,
	&s_collRootData,
	s_collRootCe32s + s_collRootJamoCe32sStart,
	s_coll_roNumericPrimary,
	s_collRootCompressible,
	s_collRootUnsafeBwd, s_collRootUnsafeBwdLength,
	s_coll_roFastLatin, 504,
	s_coll_roFastLatinPrimaries,
	s_collRootNumScripts, s_collRootScripts + 1, s_collRootScripts + s_collRootScriptStartsOffset,
		s_collRootScriptStartsLength,
};

static constexpr CollationData s_coll_sqData = {
	{s_coll_sqTrieIndex, s_coll_sqTrieData, s_coll_sqTrieIndexLength, s_coll_sqTrieDataLength,
		s_coll_sqTrieHighStart, s_coll_sqTrieHighValueIndex},
	s_coll_sqCe32s, 393,
	s_collRootCes, 2041,
	s_coll_sqContexts, 814,
	&s_collRootData,
	s_collRootCe32s + s_collRootJamoCe32sStart,
	s_coll_sqNumericPrimary,
	s_collRootCompressible,
	s_coll_sqUnsafeBwd, s_coll_sqUnsafeBwdLength,
	s_coll_sqFastLatin, 660,
	s_coll_sqFastLatinPrimaries,
	s_collRootNumScripts, s_collRootScripts + 1, s_collRootScripts + s_collRootScriptStartsOffset,
		s_collRootScriptStartsLength,
};

static constexpr CollationTailoring s_coll_brTailoring = {
	&s_coll_brData,
	s_coll_brOptions,
	nullptr,
	nullptr, 0, 0,
};

static constexpr CollationTailoring s_coll_cyTailoring = {
	&s_coll_cyData,
	s_coll_cyOptions,
	nullptr,
	nullptr, 0, 0,
};

static constexpr CollationTailoring s_coll_eoTailoring = {
	&s_coll_eoData,
	s_coll_eoOptions,
	nullptr,
	nullptr, 0, 0,
};

static constexpr CollationTailoring s_coll_esTailoring = {
	&s_coll_esData,
	s_coll_esOptions,
	nullptr,
	nullptr, 0, 0,
};

static constexpr CollationTailoring s_coll_fr_CATailoring = {
	&s_coll_fr_CAData,
	s_coll_fr_CAOptions,
	nullptr,
	nullptr, 0, 0,
};

static constexpr CollationTailoring s_coll_huTailoring = {
	&s_coll_huData,
	s_coll_huOptions,
	nullptr,
	nullptr, 0, 0,
};

static constexpr CollationTailoring s_coll_mtTailoring = {
	&s_coll_mtData,
	s_coll_mtOptions,
	nullptr,
	nullptr, 0, 0,
};

static constexpr CollationTailoring s_coll_roTailoring = {
	&s_coll_roData,
	s_coll_roOptions,
	nullptr,
	nullptr, 0, 0,
};

static constexpr CollationTailoring s_coll_sqTailoring = {
	&s_coll_sqData,
	s_coll_sqOptions,
	nullptr,
	nullptr, 0, 0,
};

} // namespace sprt::unicode::detail
