/**
 Copyright (c) 2026 Xenolith Team <admin@xenolith.studio>

 Permission is hereby granted, free of charge, to any person obtaining a copy
 of this software and associated documentation files (the "Software"), to deal
 in the Software without restriction, including without limitation the rights
 to use, copy, modify, merge, publish, distribute, sublicense, and/or sell
 copies of the Software, and to permit persons to whom the Software is
 furnished to do so, subject to the following conditions:

 The above copyright notice and this permission notice shall be included in
 all copies or substantial portions of the Software.

 THE SOFTWARE IS PROVIDED "AS IS", WITHOUT WARRANTY OF ANY KIND, EXPRESS OR
 IMPLIED, INCLUDING BUT NOT LIMITED TO THE WARRANTIES OF MERCHANTABILITY,
 FITNESS FOR A PARTICULAR PURPOSE AND NONINFRINGEMENT. IN NO EVENT SHALL THE
 AUTHORS OR COPYRIGHT HOLDERS BE LIABLE FOR ANY CLAIM, DAMAGES OR OTHER
 LIABILITY, WHETHER IN AN ACTION OF CONTRACT, TORT OR OTHERWISE, ARISING FROM,
 OUT OF OR IN CONNECTION WITH THE SOFTWARE OR THE USE OR OTHER DEALINGS IN
 THE SOFTWARE.
 **/

// © 2016 and later: Unicode, Inc. and others.
// License & terms of use: http://www.unicode.org/copyright.html
// Copyright (C) 1999-2016, International Business Machines Corporation and others.
// All Rights Reserved.
//
// GENERATED FILE - do not edit.  Produced by
// runtime/src/unicode/data/gen-collation-tables.py from the icu4c checkout in
// runtime/toolchains/src/icu4c.  See data/README.adoc to regenerate.

// Collation tailorings: Latin, Nordic and Germanic.
//
// Each of these sits on top of the root table: its trie answers with
// FallbackCE32 for every character the language does not move, and the
// engine follows the base from there.

///@ SP_EXCLUDE

#pragma once

namespace sprt::unicode::detail {

static constexpr uint16_t s_coll_daTrieIndex[2112] = {
	0x0, 0x8, 0x10, 0x18, 0x30, 0x38, 0x40, 0x48, 0x50, 0x58, 0x5c, 0x64, 0x69, 0x71, 0x76, 0x7e,
	0x86, 0x8e, 0x30, 0x38, 0x30, 0x38, 0x30, 0x38, 0x30, 0x38, 0x30, 0x38, 0x30, 0x38, 0x30, 0x38,
	0x30, 0x38, 0x30, 0x38, 0x30, 0x38, 0x30, 0x38, 0x30, 0x38, 0x30, 0x38, 0x30, 0x38, 0x30, 0x38,
	0x30, 0x38, 0x30, 0x38, 0x30, 0x38, 0x30, 0x38, 0x30, 0x38, 0x30, 0x38, 0x30, 0x38, 0x30, 0x38,
	0x30, 0x30, 0x30, 0x30, 0x30, 0x30, 0x30, 0x30, 0x30, 0x30, 0x30, 0x30, 0x30, 0x30, 0x30, 0x30,
	0x30, 0x30, 0x30, 0x30, 0x30, 0x30, 0x30, 0x30, 0x30, 0x30, 0x30, 0x30, 0x30, 0x30, 0x30, 0x30,
	0x30, 0x30, 0x30, 0x30, 0x30, 0x30, 0x30, 0x30, 0x30, 0x30, 0x30, 0x30, 0x30, 0x30, 0x30, 0x30,
	0x30, 0x30, 0x30, 0x30, 0x30, 0x30, 0x30, 0x30, 0x30, 0x30, 0x30, 0x30, 0x30, 0x30, 0x30, 0x30,
	0x30, 0x30, 0x30, 0x30, 0x30, 0x30, 0x30, 0x30, 0x30, 0x30, 0x30, 0x30, 0x30, 0x30, 0x30, 0x30,
	0x30, 0x30, 0x30, 0x30, 0x30, 0x30, 0x30, 0x30, 0x30, 0x30, 0x30, 0x30, 0x30, 0x30, 0x30, 0x30,
	0x30, 0x30, 0x30, 0x30, 0x30, 0x30, 0x30, 0x30, 0x30, 0x30, 0x30, 0x30, 0x30, 0x30, 0x30, 0x30,
	0x30, 0x30, 0x30, 0x30, 0x30, 0x30, 0x30, 0x30, 0x30, 0x30, 0x30, 0x30, 0x30, 0x30, 0x30, 0x30,
	0x30, 0x30, 0x30, 0x30, 0x30, 0x30, 0x30, 0x30, 0x30, 0x30, 0x30, 0x30, 0x30, 0x30, 0x30, 0x30,
	0x30, 0x30, 0x30, 0x30, 0x30, 0x30, 0x30, 0x30, 0x30, 0x30, 0x30, 0x30, 0x30, 0x30, 0x30, 0x30,
	0x30, 0x30, 0x30, 0x30, 0x30, 0x30, 0x30, 0x30, 0x30, 0x30, 0x30, 0x30, 0x30, 0x30, 0x30, 0x30,
	0xa6, 0x30, 0x30, 0xaa, 0x30, 0xb2, 0xb7, 0xbf, 0x30, 0x30, 0x30, 0x30, 0x30, 0x30, 0x30, 0x30,
	0x30, 0x30, 0x30, 0x30, 0x30, 0x30, 0x30, 0x30, 0x30, 0xc5, 0x30, 0x30, 0x30, 0x30, 0x30, 0x30,
	0x30, 0x30, 0x30, 0x30, 0x30, 0x30, 0x30, 0x30, 0x30, 0x30, 0x30, 0x30, 0x30, 0x30, 0x30, 0x30,
	0x30, 0x30, 0x30, 0x30, 0x30, 0x30, 0x30, 0x30, 0x30, 0x30, 0x30, 0x30, 0x30, 0x30, 0x30, 0x30,
	0x30, 0x30, 0x30, 0x30, 0x30, 0x30, 0x30, 0x30, 0x30, 0x30, 0x30, 0x30, 0x30, 0x30, 0x30, 0x30,
	0x30, 0x30, 0x30, 0x30, 0x30, 0x30, 0x30, 0x30, 0x30, 0x30, 0x30, 0x30, 0x30, 0x30, 0x30, 0x30,
	0x30, 0x30, 0x30, 0x30, 0x30, 0x30, 0x30, 0x30, 0x30, 0x30, 0x30, 0x30, 0x30, 0x30, 0x30, 0x30,
	0x30, 0x30, 0x30, 0x30, 0x30, 0x30, 0x30, 0x30, 0x30, 0x30, 0x30, 0x30, 0x30, 0x30, 0x30, 0x30,
	0x30, 0x30, 0x30, 0x30, 0x30, 0x30, 0x30, 0x30, 0x30, 0x30, 0x30, 0x30, 0x30, 0x30, 0x30, 0x30,
	0x30, 0x30, 0x30, 0x30, 0x30, 0x30, 0x30, 0x30, 0x30, 0x30, 0x30, 0x30, 0x30, 0x30, 0x30, 0x30,
	0x30, 0x30, 0x30, 0x30, 0x30, 0x30, 0x30, 0x30, 0x30, 0x30, 0x30, 0x30, 0x30, 0x30, 0x30, 0x30,
	0x30, 0x30, 0x30, 0x30, 0x30, 0x30, 0x30, 0x30, 0x30, 0x30, 0x30, 0x30, 0x30, 0x30, 0x30, 0x30,
	0x30, 0x30, 0x30, 0x30, 0x30, 0x30, 0x30, 0x30, 0x30, 0x30, 0x30, 0x30, 0x30, 0x30, 0x30, 0x30,
	0x30, 0x30, 0x30, 0x30, 0x30, 0x30, 0x30, 0x30, 0x30, 0x30, 0x30, 0x30, 0x30, 0x30, 0x30, 0x30,
	0x30, 0x30, 0x30, 0x30, 0x30, 0x30, 0x30, 0x30, 0x30, 0x30, 0x30, 0x30, 0x30, 0x30, 0x30, 0x30,
	0x30, 0x30, 0x30, 0x30, 0x30, 0x30, 0x30, 0x30, 0x30, 0x30, 0x30, 0x30, 0x30, 0x30, 0x30, 0x30,
	0x30, 0x30, 0x30, 0x30, 0x30, 0x30, 0x30, 0x30, 0x30, 0x30, 0x30, 0x30, 0x30, 0x30, 0x30, 0x30,
	0x30, 0x30, 0x30, 0x30, 0x30, 0x30, 0x30, 0x30, 0x30, 0x30, 0x30, 0x30, 0x30, 0x30, 0x30, 0x30,
	0x30, 0x30, 0x30, 0x30, 0x30, 0x30, 0x30, 0x30, 0x30, 0x30, 0x30, 0x30, 0x30, 0x30, 0x30, 0x30,
	0x30, 0x30, 0x30, 0x30, 0x30, 0x30, 0x30, 0x30, 0x30, 0x30, 0x30, 0x30, 0x30, 0x30, 0x30, 0x30,
	0x30, 0x30, 0x30, 0x30, 0x30, 0x30, 0x30, 0x30, 0x30, 0x30, 0x30, 0x30, 0x30, 0x30, 0x30, 0x30,
	0x30, 0x30, 0x30, 0x30, 0x30, 0x30, 0x30, 0x30, 0x30, 0x30, 0x30, 0x30, 0x30, 0x30, 0x30, 0x30,
	0x30, 0x30, 0x30, 0x30, 0x30, 0x30, 0x30, 0x30, 0x30, 0x30, 0x30, 0x30, 0x30, 0x30, 0x30, 0x30,
	0x30, 0x30, 0x30, 0x30, 0x30, 0x30, 0x30, 0x30, 0x30, 0x30, 0x30, 0x30, 0x30, 0x30, 0x30, 0x30,
	0x30, 0x30, 0x30, 0x30, 0x30, 0x30, 0x30, 0x30, 0x30, 0x30, 0x30, 0x30, 0x30, 0x30, 0x30, 0x30,
	0x30, 0x30, 0x30, 0x30, 0x30, 0x30, 0x30, 0x30, 0x30, 0x30, 0x30, 0x30, 0x30, 0x30, 0x30, 0x30,
	0x30, 0x30, 0x30, 0x30, 0x30, 0x30, 0x30, 0x30, 0x30, 0x30, 0x30, 0x30, 0x30, 0x30, 0x30, 0x30,
	0x30, 0x30, 0x30, 0x30, 0x30, 0x30, 0x30, 0x30, 0x30, 0x30, 0x30, 0x30, 0x30, 0x30, 0x30, 0x30,
	0x30, 0x30, 0x30, 0x30, 0x30, 0x30, 0x30, 0x30, 0x30, 0x30, 0x30, 0x30, 0x30, 0x30, 0x30, 0x30,
	0x30, 0x30, 0x30, 0x30, 0x30, 0x30, 0x30, 0x30, 0x30, 0x30, 0x30, 0x30, 0x30, 0x30, 0x30, 0x30,
	0x30, 0x30, 0x30, 0x30, 0x30, 0x30, 0x30, 0x30, 0x30, 0x30, 0x30, 0x30, 0x30, 0x30, 0x30, 0x30,
	0x30, 0x30, 0x30, 0x30, 0x30, 0x30, 0x30, 0x30, 0x30, 0x30, 0x30, 0x30, 0x30, 0x30, 0x30, 0x30,
	0x30, 0x30, 0x30, 0x30, 0x30, 0x30, 0x30, 0x30, 0x30, 0x30, 0x30, 0x30, 0x30, 0x30, 0x30, 0x30,
	0x30, 0x30, 0x30, 0x30, 0x30, 0x30, 0x30, 0x30, 0x30, 0x30, 0x30, 0x30, 0x30, 0x30, 0x30, 0x30,
	0x30, 0x30, 0x30, 0x30, 0x30, 0x30, 0x30, 0x30, 0x30, 0x30, 0x30, 0x30, 0x30, 0x30, 0x30, 0x30,
	0x30, 0x30, 0x30, 0x30, 0x30, 0x30, 0x30, 0x30, 0x30, 0x30, 0x30, 0x30, 0x30, 0x30, 0x30, 0x30,
	0x30, 0x30, 0x30, 0x30, 0x30, 0x30, 0x30, 0x30, 0x30, 0x30, 0x30, 0x30, 0x30, 0x30, 0x30, 0x30,
	0x30, 0x30, 0x30, 0x30, 0x30, 0x30, 0x30, 0x30, 0x30, 0x30, 0x30, 0x30, 0x30, 0x30, 0x30, 0x30,
	0x30, 0x30, 0x30, 0x30, 0x30, 0x30, 0x30, 0x30, 0x30, 0x30, 0x30, 0x30, 0x30, 0x30, 0x30, 0x30,
	0x30, 0x30, 0x30, 0x30, 0x30, 0x30, 0x30, 0x30, 0x30, 0x30, 0x30, 0x30, 0x30, 0x30, 0x30, 0x30,
	0x30, 0x30, 0x30, 0x30, 0x30, 0x30, 0x30, 0x30, 0x30, 0x30, 0x30, 0x30, 0x30, 0x30, 0x30, 0x30,
	0x30, 0x30, 0x30, 0x30, 0x30, 0x30, 0x30, 0x30, 0x30, 0x30, 0x30, 0x30, 0x30, 0x30, 0x30, 0x30,
	0x30, 0x30, 0x30, 0x30, 0x30, 0x30, 0x30, 0x30, 0x30, 0x30, 0x30, 0x30, 0x30, 0x30, 0x30, 0x30,
	0x30, 0x30, 0x30, 0x30, 0x30, 0x30, 0x30, 0x30, 0x30, 0x30, 0x30, 0x30, 0x30, 0x30, 0x30, 0x30,
	0x30, 0x30, 0x30, 0x30, 0x30, 0x30, 0x30, 0x30, 0x30, 0x30, 0x30, 0x30, 0x30, 0x30, 0x30, 0x30,
	0x30, 0x30, 0x30, 0x30, 0x30, 0x30, 0x30, 0x30, 0x30, 0x30, 0x30, 0x30, 0x30, 0x30, 0x30, 0x30,
	0x30, 0x30, 0x30, 0x30, 0x30, 0x30, 0x30, 0x30, 0x30, 0x30, 0x30, 0x30, 0x30, 0x30, 0x30, 0x30,
	0x30, 0x30, 0x30, 0x30, 0x30, 0x30, 0x30, 0x30, 0x30, 0x30, 0x30, 0x30, 0x30, 0x30, 0x30, 0x30,
	0x30, 0x30, 0x30, 0x30, 0x30, 0x30, 0x30, 0x30, 0x30, 0x30, 0x30, 0x30, 0x30, 0x30, 0x30, 0x30,
	0x30, 0x30, 0x30, 0x30, 0x30, 0x30, 0x30, 0x30, 0x30, 0x30, 0x30, 0x30, 0x30, 0x30, 0x30, 0x30,
	0x30, 0x30, 0x30, 0x30, 0x30, 0x30, 0x30, 0x30, 0x30, 0x30, 0x30, 0x30, 0x30, 0x30, 0x30, 0x30,
	0x30, 0x30, 0x30, 0x30, 0x30, 0x30, 0x30, 0x30, 0x30, 0x30, 0x30, 0x30, 0x30, 0x30, 0x30, 0x30,
	0x30, 0x30, 0x30, 0x30, 0x30, 0x30, 0x30, 0x30, 0x30, 0x30, 0x30, 0x30, 0x30, 0x30, 0x30, 0x30,
	0x30, 0x30, 0x30, 0x30, 0x30, 0x30, 0x30, 0x30, 0x30, 0x30, 0x30, 0x30, 0x30, 0x30, 0x30, 0x30,
	0x30, 0x30, 0x30, 0x30, 0x30, 0x30, 0x30, 0x30, 0x30, 0x30, 0x30, 0x30, 0x30, 0x30, 0x30, 0x30,
	0x30, 0x30, 0x30, 0x30, 0x30, 0x30, 0x30, 0x30, 0x30, 0x30, 0x30, 0x30, 0x30, 0x30, 0x30, 0x30,
	0x30, 0x30, 0x30, 0x30, 0x30, 0x30, 0x30, 0x30, 0x30, 0x30, 0x30, 0x30, 0x30, 0x30, 0x30, 0x30,
	0x30, 0x30, 0x30, 0x30, 0x30, 0x30, 0x30, 0x30, 0x30, 0x30, 0x30, 0x30, 0x30, 0x30, 0x30, 0x30,
	0x30, 0x30, 0x30, 0x30, 0x30, 0x30, 0x30, 0x30, 0x30, 0x30, 0x30, 0x30, 0x30, 0x30, 0x30, 0x30,
	0x30, 0x30, 0x30, 0x30, 0x30, 0x30, 0x30, 0x30, 0x30, 0x30, 0x30, 0x30, 0x30, 0x30, 0x30, 0x30,
	0x30, 0x30, 0x30, 0x30, 0x30, 0x30, 0x30, 0x30, 0x30, 0x30, 0x30, 0x30, 0x30, 0x30, 0x30, 0x30,
	0x30, 0x30, 0x30, 0x30, 0x30, 0x30, 0x30, 0x30, 0x30, 0x30, 0x30, 0x30, 0x30, 0x30, 0x30, 0x30,
	0x30, 0x30, 0x30, 0x30, 0x30, 0x30, 0x30, 0x30, 0x30, 0x30, 0x30, 0x30, 0x30, 0x30, 0x30, 0x30,
	0x30, 0x30, 0x30, 0x30, 0x30, 0x30, 0x30, 0x30, 0x30, 0x30, 0x30, 0x30, 0x30, 0x30, 0x30, 0x30,
	0x30, 0x30, 0x30, 0x30, 0x30, 0x30, 0x30, 0x30, 0x30, 0x30, 0x30, 0x30, 0x30, 0x30, 0x30, 0x30,
	0x30, 0x30, 0x30, 0x30, 0x30, 0x30, 0x30, 0x30, 0x30, 0x30, 0x30, 0x30, 0x30, 0x30, 0x30, 0x30,
	0x30, 0x30, 0x30, 0x30, 0x30, 0x30, 0x30, 0x30, 0x30, 0x30, 0x30, 0x30, 0x30, 0x30, 0x30, 0x30,
	0x30, 0x30, 0x30, 0x30, 0x30, 0x30, 0x30, 0x30, 0x30, 0x30, 0x30, 0x30, 0x30, 0x30, 0x30, 0x30,
	0x30, 0x30, 0x30, 0x30, 0x30, 0x30, 0x30, 0x30, 0x30, 0x30, 0x30, 0x30, 0x30, 0x30, 0x30, 0x30,
	0x30, 0x30, 0x30, 0x30, 0x30, 0x30, 0x30, 0x30, 0x30, 0x30, 0x30, 0x30, 0x30, 0x30, 0x30, 0x30,
	0x30, 0x30, 0x30, 0x30, 0x30, 0x30, 0x30, 0x30, 0x30, 0x30, 0x30, 0x30, 0x30, 0x30, 0x30, 0x30,
	0xcd, 0xcd, 0xcd, 0xcd, 0xcd, 0xcd, 0xcd, 0xcd, 0xcd, 0xcd, 0xcd, 0xcd, 0xcd, 0xcd, 0xcd, 0xcd,
	0xcd, 0xcd, 0xcd, 0xcd, 0xcd, 0xcd, 0xcd, 0xcd, 0xcd, 0xcd, 0xcd, 0xcd, 0xcd, 0xcd, 0xcd, 0xcd,
	0xcd, 0xcd, 0xcd, 0xcd, 0xcd, 0xcd, 0xcd, 0xcd, 0xcd, 0xcd, 0xcd, 0xcd, 0xcd, 0xcd, 0xcd, 0xcd,
	0xcd, 0xcd, 0xcd, 0xcd, 0xcd, 0xcd, 0xcd, 0xcd, 0xcd, 0xcd, 0xcd, 0xcd, 0xcd, 0xcd, 0xcd, 0xcd,
	0xcd, 0xcd, 0xcd, 0xcd, 0xcd, 0xcd, 0xcd, 0xcd, 0xcd, 0xcd, 0xcd, 0xcd, 0xcd, 0xcd, 0xcd, 0xcd,
	0xcd, 0xcd, 0xcd, 0xcd, 0xcd, 0xcd, 0xcd, 0xcd, 0xcd, 0xcd, 0xcd, 0xcd, 0xcd, 0xcd, 0xcd, 0xcd,
	0xcd, 0xcd, 0xcd, 0xcd, 0xcd, 0xcd, 0xcd, 0xcd, 0xcd, 0xcd, 0xcd, 0xcd, 0xcd, 0xcd, 0xcd, 0xcd,
	0xcd, 0xcd, 0xcd, 0xcd, 0xcd, 0xcd, 0xcd, 0xcd, 0xcd, 0xcd, 0xcd, 0xcd, 0xcd, 0xcd, 0xcd, 0xcd,
	0xcd, 0xcd, 0xcd, 0xcd, 0xcd, 0xcd, 0xcd, 0xcd, 0xcd, 0xcd, 0xcd, 0xcd, 0xcd, 0xcd, 0xcd, 0xcd,
	0xcd, 0xcd, 0xcd, 0xcd, 0xcd, 0xcd, 0xcd, 0xcd, 0xcd, 0xcd, 0xcd, 0xcd, 0xcd, 0xcd, 0xcd, 0xcd,
	0xcd, 0xcd, 0xcd, 0xcd, 0xcd, 0xcd, 0xcd, 0xcd, 0xcd, 0xcd, 0xcd, 0xcd, 0xcd, 0xcd, 0xcd, 0xcd,
	0xcd, 0xcd, 0xcd, 0xcd, 0xcd, 0xcd, 0xcd, 0xcd, 0xcd, 0xcd, 0xcd, 0xcd, 0xcd, 0xcd, 0xcd, 0xcd,
	0xcd, 0xcd, 0xcd, 0xcd, 0xcd, 0xcd, 0xcd, 0xcd, 0xcd, 0xcd, 0xcd, 0xcd, 0xcd, 0xcd, 0xcd, 0xcd,
	0xcd, 0xcd, 0xcd, 0xcd, 0xcd, 0xcd, 0xcd, 0xcd, 0xcd, 0xcd, 0xcd, 0xcd, 0xcd, 0xcd, 0xcd, 0xcd,
	0xcd, 0xcd, 0xcd, 0xcd, 0xcd, 0xcd, 0xcd, 0xcd, 0xcd, 0xcd, 0xcd, 0xcd, 0xcd, 0xcd, 0xcd, 0xcd,
	0xcd, 0xcd, 0xcd, 0xcd, 0xcd, 0xcd, 0xcd, 0xcd, 0xcd, 0xcd, 0xcd, 0xcd, 0xcd, 0xcd, 0xcd, 0xcd,
	0xcd, 0xcd, 0xcd, 0xcd, 0xcd, 0xcd, 0xcd, 0xcd, 0xcd, 0xcd, 0xcd, 0xcd, 0xcd, 0xcd, 0xcd, 0xcd,
	0xcd, 0xcd, 0xcd, 0xcd, 0xcd, 0xcd, 0xcd, 0xcd, 0xcd, 0xcd, 0xcd, 0xcd, 0xcd, 0xcd, 0xcd, 0xcd,
	0xcd, 0xcd, 0xcd, 0xcd, 0xcd, 0xcd, 0xcd, 0xcd, 0xcd, 0xcd, 0xcd, 0xcd, 0xcd, 0xcd, 0xcd, 0xcd,
	0xcd, 0xcd, 0xcd, 0xcd, 0xcd, 0xcd, 0xcd, 0xcd, 0xcd, 0xcd, 0xcd, 0xcd, 0xcd, 0xcd, 0xcd, 0xcd,
	0xcd, 0xcd, 0xcd, 0xcd, 0xcd, 0xcd, 0xcd, 0xcd, 0xcd, 0xcd, 0xcd, 0xcd, 0xcd, 0xcd, 0xcd, 0xcd,
	0xcd, 0xcd, 0xcd, 0xcd, 0xcd, 0xcd, 0xcd, 0xcd, 0xcd, 0xcd, 0xcd, 0xcd, 0xcd, 0x9e, 0x30, 0x30,
	0x96, 0x96, 0x96, 0x96, 0x96, 0x96, 0x96, 0x96, 0x96, 0x96, 0x96, 0x96, 0x96, 0x96, 0x96, 0x96,
	0x96, 0x96, 0x96, 0x96, 0x96, 0x96, 0x96, 0x96, 0x96, 0x96, 0x96, 0x96, 0x96, 0x96, 0x96, 0x96,
	0x30, 0x30, 0x30, 0x30, 0x30, 0x30, 0x30, 0x30, 0x30, 0x30, 0x30, 0x30, 0x30, 0x30, 0x30, 0x30,
	0x30, 0x30, 0x30, 0x30, 0x30, 0x30, 0x30, 0x30, 0x30, 0x30, 0x30, 0x30, 0x30, 0x30, 0x30, 0x30,
	0x30, 0x30, 0x30, 0x30, 0x30, 0x30, 0x30, 0x30, 0x30, 0x30, 0x30, 0x30, 0x30, 0x30, 0x30, 0x30,
	0x30, 0x30, 0x30, 0x30, 0x30, 0x30, 0x30, 0x30, 0x30, 0x30, 0x30, 0x30, 0x30, 0x30, 0x30, 0x30,
	0x30, 0x30, 0x30, 0x30, 0x30, 0x30, 0x30, 0x30, 0x30, 0x30, 0x30, 0x30, 0x30, 0x30, 0x30, 0x30,
	0x30, 0x30, 0x30, 0x30, 0x30, 0x30, 0x30, 0x30, 0x30, 0x30, 0x30, 0x30, 0x30, 0x30, 0x30, 0x30,
	0x30, 0x30, 0x30, 0x30, 0x30, 0x30, 0x30, 0x30, 0x30, 0x30, 0x30, 0x30, 0x30, 0x30, 0x30, 0x30,
	0x30, 0x30, 0x30, 0x30, 0x30, 0x30, 0x30, 0x30, 0x30, 0x30, 0x30, 0x30, 0x30, 0x30, 0x30, 0x30,
	0x30, 0x30, 0x30, 0x30, 0x30, 0x30, 0x30, 0x30, 0x30, 0x30, 0x30, 0x30, 0x30, 0x30, 0x30, 0x30,
	0x30, 0x30, 0x30, 0x30, 0x30, 0x30, 0x30, 0x30, 0x30, 0x30, 0x30, 0x30, 0x30, 0x30, 0x30, 0x30,
	0x30, 0x30, 0x30, 0x30, 0x30, 0x30, 0x30, 0x30, 0x30, 0x30, 0x30, 0x30, 0x30, 0x30, 0x30, 0x30,
	0x30, 0x30, 0x30, 0x30, 0x30, 0x30, 0x30, 0x30, 0x30, 0x30, 0x30, 0x30, 0x30, 0x30, 0x30, 0x30,
	0x30, 0x30, 0x30, 0x30, 0x30, 0x30, 0x30, 0x30, 0x30, 0x30, 0x30, 0x30, 0x30, 0x30, 0x30, 0x30,
	0x30, 0x30, 0x30, 0x30, 0x30, 0x30, 0x30, 0x30, 0x30, 0x30, 0x30, 0x30, 0x30, 0x30, 0x30, 0x30,
	0x30, 0x30, 0x30, 0x30, 0x30, 0x30, 0x30, 0x30, 0x30, 0x30, 0x30, 0x30, 0x30, 0x30, 0x30, 0x30,
	0x30, 0x30, 0x30, 0x30, 0x30, 0x30, 0x30, 0x30, 0x30, 0x30, 0x30, 0x30, 0x30, 0x30, 0x30, 0x30,
	0x30, 0x30, 0x30, 0x30, 0x30, 0x30, 0x30, 0x30, 0x30, 0x30, 0x30, 0x30, 0x30, 0x30, 0x30, 0x30,
	0x30, 0x30, 0x30, 0x30, 0x30, 0x30, 0x30, 0x30, 0x30, 0x30, 0x30, 0x30, 0x30, 0x30, 0x30, 0x30,
	0x30, 0x30, 0x30, 0x30, 0x30, 0x30, 0x30, 0x30, 0x30, 0x30, 0x30, 0x30, 0x30, 0x30, 0x30, 0x30,
	0x30, 0x30, 0x30, 0x30, 0x30, 0x30, 0x30, 0x30, 0x30, 0x30, 0x30, 0x30, 0x30, 0x30, 0x30, 0x30,
	0x80, 0x80, 0xc0, 0x100, 0x140, 0x170, 0x1a4, 0x1d8, 0x218, 0xc0, 0xc0, 0xc0, 0xc0, 0xc0, 0xc0, 0xc0,
	0xc0, 0xc0, 0xc0, 0xc0, 0xc0, 0xc0, 0xc0, 0xc0, 0xc0, 0xc0, 0xc0, 0xc0, 0xc0, 0xc0, 0xc0, 0xc0
};

static constexpr uint32_t s_coll_daTrieData[856] = {
	0xcb, 0x0, 0x0, 0x0, 0x0, 0x0, 0x0, 0x0,
	0x0, 0x3040505, 0x3060505, 0x3080505, 0x30a0505, 0x30c0505, 0x0, 0x0,
	0x0, 0x0, 0x0, 0x0, 0x0, 0x0, 0x0, 0x0,
	0x0, 0x0, 0x0, 0x0, 0x0, 0x0, 0x0, 0x0,
	0x4000505, 0x75a0505, 0x9760505, 0xa940505, 0xda90505, 0xa960505, 0xa8e0505, 0x9700505,
	0x97c0505, 0x97e0505, 0xa7e0505, 0xc7b0505, 0x6000505, 0x50e0505, 0x8000505, 0xa880505,
	0xe20ca, 0xe41ca, 0xe62ca, 0xe83ca, 0xea4ca, 0xec5ca, 0xee6ca, 0xf07ca,
	0xf28ca, 0xf49ca, 0x7360505, 0x72a0505, 0xc850505, 0xc870505, 0xc890505, 0x7640505,
	0xa7c0505, 0x4c9, 0x2d00059c, 0x2f00059c, 0x3100059c, 0x3300059c, 0x3500059c, 0x3700059c,
	0x3900059c, 0x3b00059c, 0x3d00059c, 0x3f00059c, 0x4100059c, 0x4300059c, 0x4500059c, 0x1ca6c9,
	0x4900059c, 0x4b00059c, 0x4d00059c, 0x4f00059c, 0x5100059c, 0x1dc6c9, 0x5500059c, 0x570005a0,
	0x5900059c, 0x5b00059c, 0x5d00059c, 0x9800505, 0xa8a0505, 0x9820505, 0xc0a0505, 0x50a0505,
	0xc040505, 0x1f64c9, 0x2d000505, 0x2f000505, 0x31000505, 0x33000505, 0x35000505, 0x37000505,
	0x39000505, 0x3b000505, 0x3d000505, 0x3f000505, 0x41000505, 0x43000505, 0x45000505, 0x2e26c9,
	0x49000505, 0x4b000505, 0x4d000505, 0x4f000505, 0x51000505, 0x2f46c9, 0x55000505, 0x57000505,
	0x59000505, 0x5b000505, 0x5d000505, 0x9840505, 0xc8d0505, 0x9860505, 0xc910505, 0x0,
	0xfffd0505, 0xfffd0505, 0xfffd0505, 0xfffd0505, 0xfffd0505, 0xfffd0505, 0xfffd0505, 0xfffd0505,
	0xfffd0505, 0xfffd0505, 0xfffd0505, 0xfffd0505, 0xfffd0505, 0xfffd0505, 0xfffd0505, 0xfffd0505,
	0xfffd0505, 0xfffd0505, 0xfffd0505, 0xfffd0505, 0xfffd0505, 0xfffd0505, 0xfffd0505, 0xfffd0505,
	0xfffd0505, 0xfffd0505, 0xfffd0505, 0xfffd0505, 0xfffd0505, 0xfffd0505, 0xfffd0505, 0xfffd0505,
	0xfffd0505, 0xfffd0505, 0xfffd0505, 0xfffd0505, 0xfffd0505, 0xfffd0505, 0xfffd0505, 0xfffd0505,
	0xfffd0505, 0xfffd0505, 0xfffd0505, 0xfffd0505, 0xfffd0505, 0xfffd0505, 0xfffd0505, 0xfffd0505,
	0xfffd0505, 0xfffd0505, 0xfffd0505, 0xfffd0505, 0xfffd0505, 0xfffd0505, 0xfffd0505, 0xfffd0505,
	0xfffd0505, 0xfffd0505, 0xfffd0505, 0xfffd0505, 0xfffd0505, 0xfffd0505, 0xfffd0505, 0xfffd0505,
	0xc0, 0xc0, 0xc0, 0xc0, 0xc0, 0xc0, 0xc0, 0xc0,
	0xc0, 0xc0, 0xc0, 0xc0, 0xc0, 0xc0, 0xc0, 0xc0,
	0xc0, 0xc0, 0xc0, 0xc0, 0xc0, 0xc0, 0xc0, 0xc0,
	0xc0, 0xc0, 0xc0, 0xc0, 0xc0, 0xc0, 0xc0, 0xc0,
	0xc0, 0xc0, 0xc0, 0xc0, 0xc0, 0xc0, 0xc0, 0xc0,
	0xc0, 0xc0, 0xc0, 0xc0, 0xc0, 0xc0, 0xc0, 0xc0,
	0xc0, 0xc0, 0xc0, 0xc0, 0xc0, 0xc0, 0xc0, 0xc0,
	0xc0, 0xc0, 0xc0, 0xc0, 0xc0, 0xc0, 0xc0, 0xc0,
	0x2b9c8ac4, 0x2b9c88c4, 0x2b9c8ec4, 0x2b9c9ac4, 0x881c6, 0x8a1c6, 0x1b21c6, 0x2f9ca0c4,
	0x339c8ac4, 0x339c88c4, 0x339c8ec4, 0x339c96c4, 0x3b9c8ac4, 0x3b9c88c4, 0x3b9c8ec4, 0x3b9c96c4,
	0x31004786, 0x459c9ac4, 0x479c8ac4, 0x479c88c4, 0x479c8ec4, 0x479c9ac4, 0x11c1c6, 0xc830505,
	0x1b41c6, 0x539c8ac4, 0x539c88c4, 0x539c8ec4, 0x5b004686, 0x5b9c88c4, 0xa2c5, 0xde2c5,
	0x2b058ac4, 0x2b0588c4, 0x2b058ec4, 0x2b059ac4, 0x1641c6, 0x5e7904c1, 0x5e7902c1, 0x2f05a0c4,
	0x33058ac4, 0x330588c4, 0x33058ec4, 0x330596c4, 0x3b058ac4, 0x3b0588c4, 0x3b058ec4, 0x3b0596c4,
	0x31004705, 0x45059ac4, 0x47058ac4, 0x470588c4, 0x47058ec4, 0x47059ac4, 0x1ae1c6, 0xc810505,
	0x5e7903c1, 0x53058ac4, 0x530588c4, 0x53058ec4, 0x5b004605, 0x5b0588c4, 0xe2c5, 0x5b0596c4,
	0xc0, 0xc0, 0xc0, 0xc0, 0x3106c9, 0x3226c9, 0xc0, 0xc0,
	0xc0, 0xc0, 0xc0, 0xc0, 0xc0, 0xc0, 0xc0, 0xc0,
	0x31004686, 0x31004605, 0xc0, 0xc0, 0xc0, 0xc0, 0xc0, 0xc0,
	0xc0, 0xc0, 0xc0, 0xc0, 0xc0, 0xc0, 0xc0, 0xc0,
	0xc0, 0xc0, 0xc0, 0xc0, 0xc0, 0xc0, 0xc0, 0xc0,
	0xc0, 0xc0, 0xc0, 0xc0, 0xc0, 0xc0, 0xc0, 0xc0,
	0xc0, 0xc0, 0xc0, 0xc0, 0xc0, 0xc0, 0xc0, 0xc0,
	0xc0, 0xc0, 0xc0, 0xc0, 0xc0, 0xc0, 0xc0, 0xc0,
	0x11e1c6, 0x1b01c6, 0x162c5, 0x1a2c5, 0xc0, 0xc0, 0xc0, 0xc0,
	0xc0, 0xc0, 0xc0, 0xc0, 0xc0, 0xc0, 0xc0, 0xc0,
	0xc0, 0xc0, 0xc0, 0xc0, 0xc0, 0xc0, 0xc0, 0xc0,
	0xc0, 0xc0, 0xc0, 0xc0, 0xc0, 0xc0, 0xc0, 0xc0,
	0x5b004786, 0x5b004705, 0x3346c9, 0x3466c9, 0xc0, 0xc0, 0xc0, 0xc0,
	0xc0, 0xc0, 0xc0, 0xc0, 0xc0, 0xc0, 0xc0, 0xc0,
	0xc0, 0xc0, 0xc0, 0xc0, 0xc0, 0xc0, 0xc0, 0xc0,
	0xc0, 0xc0, 0xc0, 0xc0, 0xc0, 0xc0, 0xc0, 0xc0,
	0xc0, 0xc0, 0xc0, 0xc0, 0x3586c9, 0x36a6c9, 0xc0, 0xc0,
	0xc0, 0xc0, 0xc0, 0xc0, 0xc0, 0xc0, 0xc0, 0xc0,
	0xc0, 0xc0, 0xc0, 0x37c6c9, 0x38e6c9, 0xc0, 0xc0, 0xc0,
	0xc0, 0xc0, 0xc0, 0xc0, 0xc0, 0xc0, 0xc0, 0xc0,
	0xc0, 0xc0, 0xc0, 0xc0, 0xc0, 0xc0, 0xc0, 0xc0,
	0xc0, 0xc0, 0xc0, 0xc0, 0xc0, 0x3e2c5, 0x422c5, 0x22c5,
	0x62c5, 0x462c5, 0x4a2c5, 0x4e2c5, 0x522c5, 0xc0, 0x1d22c6, 0x1d62c6,
	0xc0, 0xc0, 0x1da2c6, 0x562c5, 0xc0, 0xc0, 0xc0, 0xc0,
	0xc0, 0xc0, 0x3a06c9, 0x3b26c9, 0xc0, 0xc0, 0xc0, 0xc0,
	0xc0, 0xc0, 0xc0, 0xc0, 0xc0, 0xc0, 0xc0, 0xc0,
	0xc0, 0xc0, 0x1ee2c6, 0x5a2c5, 0x1f22c6, 0x5e2c5, 0x1f62c6, 0x622c5,
	0xc0, 0xc0, 0xc0, 0xc0, 0xc0, 0xc0, 0xc0, 0xc0,
	0xc0, 0xc0, 0xc0, 0xc0, 0xc0, 0xc0, 0xc0, 0xc0,
	0xc0, 0xc0, 0xc0, 0xc0, 0xc0, 0xc0, 0xc0, 0xc0,
	0xc0, 0xc0, 0xc0, 0xc0, 0xc0, 0xc0, 0xc0, 0xc0,
	0xc0, 0xc0, 0xc0, 0xc0, 0xc0, 0xc0, 0xc0, 0xc0,
	0xc0, 0xc0, 0x1fa2c6, 0x1fe2c6, 0xc0, 0xc0, 0xc0, 0xc0,
	0xc0, 0xc0, 0xc0, 0xc0, 0xc0, 0xc0, 0xc0, 0xc0,
	0xc0, 0xc0, 0xc0, 0xc0, 0xc0, 0xc0, 0xc0, 0xc0,
	0x1cd, 0x1cd, 0x1cd, 0x1cd, 0x1cd, 0x1cd, 0x1cd, 0x1cd,
	0x1cd, 0x1cd, 0x1cd, 0x1cd, 0x1cd, 0x1cd, 0x1cd, 0x1cd,
	0x1cd, 0x1cd, 0x1cd, 0x1cd, 0x1cd, 0x1cd, 0x1cd, 0x1cd,
	0x1cd, 0x1cd, 0x1cd, 0x1cd, 0x1cd, 0x1cd, 0x1cd, 0x1cd,
	0x1cc, 0x1cc, 0x1cc, 0x1cc, 0xc0, 0xc0, 0xc0, 0xc0,
	0xc0, 0xc0, 0xc0, 0xc0, 0xc0, 0xc0, 0xc0, 0xc0,
	0xc0, 0xc0, 0xc0, 0xc0, 0xc0, 0xc0, 0xc0, 0xc0,
	0xc0, 0xc0, 0xc0, 0xc0, 0xc0, 0xc0, 0xc0, 0xc0,
	0x3c46c9, 0x3d66c9, 0xc0, 0xc0, 0xc0, 0xc0, 0xc0, 0xc0,
	0xc0, 0xc0, 0xc0, 0xc0, 0xc0, 0xc0, 0xc0, 0xc0,
	0xc0, 0xc0, 0xc0, 0xc0, 0xc0, 0xc0, 0xc0, 0xc0,
	0xc0, 0xc0, 0xc0, 0xc0, 0xc0, 0xc0, 0xc0, 0xc0,
	0xc0, 0xc0, 0x3e86c9, 0x3fa6c9, 0x40c6c9, 0x41e6c9, 0x4306c9, 0x4426c9,
	0xc0, 0xc0, 0xc0, 0xc0, 0xc0, 0xc0, 0xc0, 0xc0,
	0x4546c9, 0x4666c9, 0xc0, 0xc0, 0xc0, 0xc0, 0xc0, 0xc0,
	0xc0, 0xc0, 0xc0, 0xc0, 0xc0, 0xc0, 0xc0, 0xc0,
	0xc0, 0xc0, 0xc0, 0xc0, 0xc0, 0xc0, 0xc0, 0xc0,
	0xc0, 0xc0, 0xc0, 0xc0, 0xc0, 0xc0, 0xc0, 0xc0,
	0x4786c9, 0x48a6c9, 0xc0, 0xc0, 0xc0, 0xc0, 0xc0, 0xc0,
	0xc0, 0xc0, 0xc0, 0xc0, 0xc0, 0xc0, 0xc0, 0xc0,
	0xc0, 0xc0, 0xc0, 0xc0, 0xc0, 0xc0, 0x49c6c9, 0x4ae6c9,
	0x4c06c9, 0x4d26c9, 0xc0, 0xc0, 0xc0, 0xc0, 0xc0, 0xc0,
	0xc0, 0xc0, 0xc0, 0xc0, 0x4e46c9, 0x4f66c9, 0xc0, 0xc0,
	0xc0, 0xc0, 0xc0, 0xc0, 0xc0, 0xc0, 0xc0, 0xc0,
	0xc0, 0xc0, 0xc0, 0xc0, 0xc0, 0xc0, 0xc0, 0x8a1c6,
	0xc0, 0xc0, 0xc0, 0xc0, 0xc0, 0xc0, 0xc0, 0xc0,
	0xc0, 0xc0, 0xc0, 0xc0, 0xc0, 0xc0, 0xc0, 0xc0,
	0xc0, 0xc0, 0xc0, 0xc0, 0x1cc, 0x1cc, 0x1cc, 0x1cc,
	0x1cc, 0x1cc, 0x1cc, 0x1cc, 0x1cc, 0x1cc, 0x1cc, 0x1cc,
	0x1cc, 0x1cc, 0x1cc, 0x1cc, 0x1cc, 0x1cc, 0x1cc, 0x1cc,
	0x1cc, 0x1cc, 0x1cc, 0x1cc, 0x1cc, 0x1cc, 0x1cc, 0x1cc,
	0x1cc, 0x1cc, 0x1cc, 0x1cc, 0xc0, 0xc0, 0xc0, 0xc0
};

static constexpr int32_t s_coll_daTrieIndexLength = 2112;
static constexpr int32_t s_coll_daTrieDataLength = 856;
static constexpr char32_t s_coll_daTrieHighStart = 0xe000;
static constexpr int32_t s_coll_daTrieHighValueIndex = 852;

static constexpr uint32_t s_coll_daCe32s[123] = {
	0x0, 0x5b004686, 0x8805, 0x5b004605, 0x8805, 0x5100059c, 0x3900051d, 0x51000505,
	0x39000506, 0x5e7904c1, 0xa205, 0x47000585, 0x33004686, 0x47000505, 0x33004605, 0x5b004686,
	0xa205, 0x5b004786, 0xa205, 0x5b004605, 0xa205, 0x5b004705, 0xa205, 0x5b004686,
	0xbe05, 0x5b004786, 0xbe05, 0x5b004605, 0xbe05, 0x5b004705, 0xbe05, 0x5b004686,
	0xa405, 0x5b004605, 0xa405, 0x5b004686, 0x9005, 0x5b004605, 0x9005, 0x5b004686,
	0x8a05, 0x5b004605, 0x8a05, 0x5e7902c1, 0xa405, 0x5e7904c1, 0x8805, 0x5e7902c1,
	0x8805, 0x5e7903c1, 0x8805, 0x5e7904c1, 0xc805, 0x5b004686, 0xc605, 0x5b004786,
	0xc605, 0x5b004605, 0xc605, 0x5b004705, 0xc605, 0x5b004686, 0xd005, 0x5b004786,
	0xd005, 0x5b004605, 0xd005, 0x5b004705, 0xd005, 0x5b004686, 0xcc05, 0x5b004786,
	0xcc05, 0x5b004605, 0xcc05, 0x5b004705, 0xcc05, 0x5e7904c1, 0xc405, 0x4700059c,
	0xbe05, 0xc405, 0x47000505, 0xbe05, 0xc405, 0x5b004686, 0xc405, 0x5b004786,
	0xc405, 0x5b004605, 0xc405, 0x5b004705, 0xc405, 0x5300059c, 0xbe05, 0xc405,
	0x5b004686, 0xbe05, 0xc405, 0x5b004786, 0xbe05, 0xc405, 0x53000505, 0xbe05,
	0xc405, 0x5b004605, 0xbe05, 0xc405, 0x5b004705, 0xbe05, 0xc405, 0x4f007005,
	0x4f000513, 0x12000505, 0x14000505, 0x16000505, 0x18000505, 0x1a000505, 0x1c000505, 0x1e000505,
	0x20000505, 0x22000505, 0x24000505
};

static constexpr int64_t s_coll_daCes[289] = {
	int64_t(0x5e79040005008900ULL), int64_t(0x5e79040005004800ULL), int64_t(0x5e79040005008900ULL), int64_t(0x8a000500ULL), int64_t(0x5e79040005008900ULL),
	int64_t(0x88000500ULL), int64_t(0x5e79040005008900ULL), int64_t(0x8e000500ULL), int64_t(0x5e79040005008900ULL), int64_t(0x9a000500ULL),
	int64_t(0x5e79040005008900ULL), int64_t(0x96000500ULL), int64_t(0x5e79040005008900ULL), int64_t(0x92000500ULL), int64_t(0x5e79040005004800ULL),
	int64_t(0x8a000500ULL), int64_t(0x5e79040005004800ULL), int64_t(0x88000500ULL), int64_t(0x5e79040005004800ULL), int64_t(0x8e000500ULL),
	int64_t(0x5e79040005004800ULL), int64_t(0x9a000500ULL), int64_t(0x5e79040005004800ULL), int64_t(0x96000500ULL), int64_t(0x5e79040005004800ULL),
	int64_t(0x92000500ULL), int64_t(0x5e79040005008900ULL), int64_t(0xa4000500ULL), int64_t(0x5e79040005004800ULL), int64_t(0xa4000500ULL),
	int64_t(0x5e79040005008900ULL), int64_t(0x8c000500ULL), int64_t(0x5e79040005004800ULL), int64_t(0x8c000500ULL), int64_t(0x5e79040005008900ULL),
	int64_t(0xa2000500ULL), int64_t(0x5e79040005004800ULL), int64_t(0xa2000500ULL), int64_t(0x5e79040005008900ULL), int64_t(0x90000500ULL),
	int64_t(0x5e79040005004800ULL), int64_t(0x90000500ULL), int64_t(0x5e79040005008900ULL), int64_t(0x96000500ULL), int64_t(0xa4000500ULL),
	int64_t(0x5e79040005004800ULL), int64_t(0x96000500ULL), int64_t(0xa4000500ULL), int64_t(0x5e79040005008900ULL), int64_t(0x9c000500ULL),
	int64_t(0xa4000500ULL), int64_t(0x5e79040005004800ULL), int64_t(0x9c000500ULL), int64_t(0xa4000500ULL), int64_t(0x5e79040005008900ULL),
	int64_t(0x92000500ULL), int64_t(0x88000500ULL), int64_t(0x5e79040005004800ULL), int64_t(0x92000500ULL), int64_t(0x88000500ULL),
	int64_t(0x5e79040005008900ULL), int64_t(0xb8000500ULL), int64_t(0x5e79040005004800ULL), int64_t(0xb8000500ULL), int64_t(0x5e79040005008900ULL),
	int64_t(0xbc000500ULL), int64_t(0x5e79040005004800ULL), int64_t(0xbc000500ULL), int64_t(0x5e79020046008600ULL), int64_t(0x5e79040005008600ULL),
	int64_t(0x5e79040005008900ULL), int64_t(0xc8000500ULL), int64_t(0x5e79040005004800ULL), int64_t(0xc8000500ULL), int64_t(0x5e79040005008900ULL),
	int64_t(0xc4000500ULL), int64_t(0x5e79040005004800ULL), int64_t(0xc4000500ULL), int64_t(0x5e79040005008900ULL), int64_t(0xb6000500ULL),
	int64_t(0x5e79040005004800ULL), int64_t(0xb6000500ULL), int64_t(0x5e79040005008900ULL), int64_t(0x8e000500ULL), int64_t(0x88000500ULL),
	int64_t(0x5e79040005004800ULL), int64_t(0x8e000500ULL), int64_t(0x88000500ULL), int64_t(0x5e79040005008900ULL), int64_t(0x8e000500ULL),
	int64_t(0x8a000500ULL), int64_t(0x5e79040005004800ULL), int64_t(0x8e000500ULL), int64_t(0x8a000500ULL), int64_t(0x5e79040005008900ULL),
	int64_t(0x8e000500ULL), int64_t(0xb6000500ULL), int64_t(0x5e79040005004800ULL), int64_t(0x8e000500ULL), int64_t(0xb6000500ULL),
	int64_t(0x5e79040005008900ULL), int64_t(0x8e000500ULL), int64_t(0x9a000500ULL), int64_t(0x5e79040005004800ULL), int64_t(0x8e000500ULL),
	int64_t(0x9a000500ULL), int64_t(0x5e79040005008900ULL), int64_t(0xc4000500ULL), int64_t(0x8e000500ULL), int64_t(0x5e79040005004800ULL),
	int64_t(0xc4000500ULL), int64_t(0x8e000500ULL), int64_t(0x5e79040005008900ULL), int64_t(0x8c000500ULL), int64_t(0x88000500ULL),
	int64_t(0x5e79040005004800ULL), int64_t(0x8c000500ULL), int64_t(0x88000500ULL), int64_t(0x5e79040005008900ULL), int64_t(0x8c000500ULL),
	int64_t(0x8a000500ULL), int64_t(0x5e79040005004800ULL), int64_t(0x8c000500ULL), int64_t(0x8a000500ULL), int64_t(0x5e79040005008900ULL),
	int64_t(0x8c000500ULL), int64_t(0xb6000500ULL), int64_t(0x5e79040005004800ULL), int64_t(0x8c000500ULL), int64_t(0xb6000500ULL),
	int64_t(0x5e79040005008900ULL), int64_t(0x8c000500ULL), int64_t(0x9a000500ULL), int64_t(0x5e79040005004800ULL), int64_t(0x8c000500ULL),
	int64_t(0x9a000500ULL), int64_t(0x5e79040005008900ULL), int64_t(0xc4000500ULL), int64_t(0x8c000500ULL), int64_t(0x5e79040005004800ULL),
	int64_t(0xc4000500ULL), int64_t(0x8c000500ULL), int64_t(0x5e79030046008600ULL), int64_t(0x5e79030047008600ULL), int64_t(0x5e79040005000700ULL),
	int64_t(0x5e79040005000700ULL), int64_t(0x8a000500ULL), int64_t(0x5e79040005000700ULL), int64_t(0x88000500ULL), int64_t(0x5e79040005000700ULL),
	int64_t(0x8e000500ULL), int64_t(0x5e79040005000700ULL), int64_t(0x9a000500ULL), int64_t(0x5e79040005000700ULL), int64_t(0x96000500ULL),
	int64_t(0x5e79040005000700ULL), int64_t(0x92000500ULL), int64_t(0x5e79040005000700ULL), int64_t(0xa4000500ULL), int64_t(0x5e79040005000700ULL),
	int64_t(0x8c000500ULL), int64_t(0x5e79040005000700ULL), int64_t(0xa2000500ULL), int64_t(0x5e79040005000700ULL), int64_t(0x90000500ULL),
	int64_t(0x5e79040005000700ULL), int64_t(0x96000500ULL), int64_t(0xa4000500ULL), int64_t(0x5e79040005000700ULL), int64_t(0x9c000500ULL),
	int64_t(0xa4000500ULL), int64_t(0x5e79040005000700ULL), int64_t(0x92000500ULL), int64_t(0x88000500ULL), int64_t(0x5e79040005000700ULL),
	int64_t(0xb8000500ULL), int64_t(0x5e79040005000700ULL), int64_t(0xbc000500ULL), int64_t(0x5e79020046000500ULL), int64_t(0x5e79040005000700ULL),
	int64_t(0xc8000500ULL), int64_t(0x5e79040005000700ULL), int64_t(0xc4000500ULL), int64_t(0x5e79040005000700ULL), int64_t(0xb6000500ULL),
	int64_t(0x5e79040005000700ULL), int64_t(0x8e000500ULL), int64_t(0x88000500ULL), int64_t(0x5e79040005000700ULL), int64_t(0x8e000500ULL),
	int64_t(0x8a000500ULL), int64_t(0x5e79040005000700ULL), int64_t(0x8e000500ULL), int64_t(0xb6000500ULL), int64_t(0x5e79040005000700ULL),
	int64_t(0x8e000500ULL), int64_t(0x9a000500ULL), int64_t(0x5e79040005000700ULL), int64_t(0xc4000500ULL), int64_t(0x8e000500ULL),
	int64_t(0x5e79040005000700ULL), int64_t(0x8c000500ULL), int64_t(0x88000500ULL), int64_t(0x5e79040005000700ULL), int64_t(0x8c000500ULL),
	int64_t(0x8a000500ULL), int64_t(0x5e79040005000700ULL), int64_t(0x8c000500ULL), int64_t(0xb6000500ULL), int64_t(0x5e79040005000700ULL),
	int64_t(0x8c000500ULL), int64_t(0x9a000500ULL), int64_t(0x5e79040005000700ULL), int64_t(0xc4000500ULL), int64_t(0x8c000500ULL),
	int64_t(0x5e79030046000500ULL), int64_t(0x5e79030047000500ULL), int64_t(0x5e79020005008600ULL), int64_t(0x5e79030005008600ULL), int64_t(0x5e79020046008600ULL),
	int64_t(0xa2000500ULL), int64_t(0x5e79040005008600ULL), int64_t(0xa2000500ULL), int64_t(0x5e79020046000500ULL), int64_t(0xa2000500ULL),
	int64_t(0x5e79030046008600ULL), int64_t(0xbe000500ULL), int64_t(0x5e79030047008600ULL), int64_t(0xbe000500ULL), int64_t(0x5e79030046000500ULL),
	int64_t(0xbe000500ULL), int64_t(0x5e79030047000500ULL), int64_t(0xbe000500ULL), int64_t(0x5e79020046008600ULL), int64_t(0xa4000500ULL),
	int64_t(0x5e79020046000500ULL), int64_t(0xa4000500ULL), int64_t(0x5e79020005008600ULL), int64_t(0xa4000500ULL), int64_t(0x5e79030046008600ULL),
	int64_t(0xa2000500ULL), int64_t(0x5e79030047008600ULL), int64_t(0xa2000500ULL), int64_t(0x5e79030046000500ULL), int64_t(0xa2000500ULL),
	int64_t(0x5e79030047000500ULL), int64_t(0xa2000500ULL), int64_t(0x5e79040005008600ULL), int64_t(0x88000500ULL), int64_t(0x5e79020005008600ULL),
	int64_t(0x88000500ULL), int64_t(0x5e79030005008600ULL), int64_t(0x88000500ULL), int64_t(0x5e79030046008600ULL), int64_t(0xa4000500ULL),
	int64_t(0x5e79030046000500ULL), int64_t(0xa4000500ULL), int64_t(0x5e79020046008600ULL), int64_t(0xc8000500ULL), int64_t(0x5e79040005008600ULL),
	int64_t(0xc8000500ULL), int64_t(0x5e79020046000500ULL), int64_t(0xc8000500ULL), int64_t(0x5e79020046008600ULL), int64_t(0xc4000500ULL),
	int64_t(0x5e79040005008600ULL), int64_t(0xc4000500ULL), int64_t(0x5e79020046000500ULL), int64_t(0xc4000500ULL), int64_t(0x5e79030046008600ULL),
	int64_t(0xc4000500ULL), int64_t(0x5e79030047008600ULL), int64_t(0xc4000500ULL), int64_t(0x5e79030046000500ULL), int64_t(0xc4000500ULL),
	int64_t(0x5e79030047000500ULL), int64_t(0xc4000500ULL), int64_t(0x5e79030046008600ULL), int64_t(0xbe000500ULL), int64_t(0xc4000500ULL),
	int64_t(0x5e79030047008600ULL), int64_t(0xbe000500ULL), int64_t(0xc4000500ULL), int64_t(0x5e79030046000500ULL), int64_t(0xbe000500ULL),
	int64_t(0xc4000500ULL), int64_t(0x5e79030047000500ULL), int64_t(0xbe000500ULL), int64_t(0xc4000500ULL)
};

static constexpr char16_t s_coll_daContexts[644] = {
	0x2b00, 0x59c, 0x0, 0x3e, 0x203, 0x76, 0x1ea9, 0x36, 0x1eb1, 0x1a, 0x1eb5, 0xc,
	0x1eb5, 0xc010, 0xa3c6, 0x1eb6, 0xc011, 0x3c6, 0x1eb7, 0xc011, 0x63c6, 0x212b, 0xc001, 0x82c6,
	0x1eb1, 0xc00f, 0x23c6, 0x1eb2, 0xc00f, 0x83c6, 0x1eb3, 0xc00f, 0xe3c6, 0x1eb4, 0xc010, 0x43c6,
	0x1ead, 0xc, 0x1ead, 0xc00d, 0xa3c6, 0x1eae, 0xc00e, 0x3c6, 0x1eaf, 0xc00e, 0x63c6, 0x1eb0,
	0xc00e, 0xc3c6, 0x1ea9, 0xc00c, 0x23c6, 0x1eaa, 0xc00c, 0x83c6, 0x1eab, 0xc00c, 0xe3c6, 0x1eac,
	0xc00d, 0x43c6, 0x1ea1, 0x1a, 0x1ea5, 0xc, 0x1ea5, 0xc00a, 0xa3c6, 0x1ea6, 0xc00b, 0x3c6,
	0x1ea7, 0xc00b, 0x63c6, 0x1ea8, 0xc00b, 0xc3c6, 0x1ea1, 0xc009, 0x82c6, 0x1ea2, 0xc009, 0xc2c6,
	0x1ea3, 0xc00a, 0x2c6, 0x1ea4, 0xc00a, 0x43c6, 0x30a, 0xc, 0x30a, 0xc008, 0xa1c6, 0x1e00,
	0xc008, 0xc2c6, 0x1e01, 0xc009, 0x2c6, 0x1ea0, 0xc009, 0x42c6, 0x203, 0xc008, 0x42c6, 0x226,
	0x5, 0x227, 0x8, 0x308, 0xc008, 0x81c6, 0x41f0, 0x2c6, 0x304, 0xc006, 0x3c6, 0x41f0,
	0x62c6, 0x304, 0xc006, 0x63c6, 0x101, 0x36, 0x1df, 0x1a, 0x1fb, 0xc, 0x1fb, 0xc007,
	0x23c6, 0x200, 0xc007, 0x82c6, 0x201, 0xc007, 0xc2c6, 0x202, 0xc008, 0x2c6, 0x1df, 0xc005,
	0xa3c6, 0x1e0, 0xc006, 0x3c6, 0x1e1, 0xc006, 0x63c6, 0x1fa, 0xc006, 0xc3c6, 0x105, 0xc,
	0x105, 0xc004, 0x82c6, 0x1cd, 0xc004, 0xc2c6, 0x1ce, 0xc005, 0x2c6, 0x1de, 0xc005, 0x43c6,
	0x101, 0xc003, 0x82c6, 0x102, 0xc003, 0xc2c6, 0x103, 0xc004, 0x2c6, 0x104, 0xc004, 0x42c6,
	0xc5, 0x1a, 0xe3, 0xc, 0xe3, 0xc002, 0x82c6, 0xe4, 0xc002, 0xc2c6, 0xe5, 0xc003,
	0x2c6, 0x100, 0xc003, 0x42c6, 0xc5, 0xc001, 0x82c6, 0xe0, 0xc001, 0xc2c6, 0xe1, 0xc002,
	0x2c6, 0xe2, 0xc002, 0x42c6, 0xc1, 0xc, 0xc1, 0xc000, 0x82c6, 0xc2, 0xc000, 0xc2c6,
	0xc3, 0xc001, 0x2c6, 0xc4, 0xc001, 0x42c6, 0x41, 0x81c6, 0x61, 0xa1c6, 0xc0, 0xc000,
	0x42c6, 0x4700, 0x59c, 0x1, 0x308, 0xc011, 0xc1c6, 0x30b, 0xc011, 0xe1c6, 0x5300, 0x59c,
	0x2, 0x308, 0xffff, 0x5b00, 0x4686, 0x30b, 0xffff, 0x5b00, 0x4786, 0x344, 0xa2c5, 0x2b00,
	0x505, 0x1f, 0x227, 0x3b, 0x1ea9, 0x1a, 0x1eb1, 0xc, 0x1eb1, 0xc019, 0x63c6, 0x1eb3,
	0xc019, 0xc3c6, 0x1eb5, 0xc01a, 0x23c6, 0x1eb7, 0xc01a, 0x83c6, 0x1ea9, 0xc017, 0xe3c6, 0x1eab,
	0xc018, 0x43c6, 0x1ead, 0xc018, 0xa3c6, 0x1eaf, 0xc019, 0x3c6, 0x1ea1, 0xc, 0x1ea1, 0xc016,
	0xa2c6, 0x1ea3, 0xc016, 0xe2c6, 0x1ea5, 0xc017, 0x23c6, 0x1ea7, 0xc017, 0x83c6, 0x227, 0xa,
	0x308, 0xc016, 0x41c6, 0x30a, 0xffff, 0x5e79, 0x4c1, 0x1e01, 0xc016, 0x62c6, 0x45b0, 0x2c6,
	0x304, 0xc015, 0x3c6, 0x103, 0x1a, 0x1e1, 0xc, 0x1e1, 0xc015, 0x3c6, 0x1fb, 0xc015,
	0x63c6, 0x201, 0xc015, 0xc2c6, 0x203, 0xc016, 0x2c6, 0x103, 0xc013, 0xe2c6, 0x105, 0xc014,
	0x22c6, 0x1ce, 0xc014, 0x62c6, 0x1df, 0xc014, 0xa3c6, 0xe3, 0xc, 0xe3, 0xc012, 0xe2c6,
	0xe4, 0xc013, 0x22c6, 0xe5, 0xc013, 0x62c6, 0x101, 0xc013, 0xa2c6, 0x61, 0xc012, 0x1c6,
	0xe0, 0xc012, 0x22c6, 0xe1, 0xc012, 0x62c6, 0xe2, 0xc012, 0xa2c6, 0x4700, 0x505, 0x1,
	0x308, 0xc01a, 0xe1c6, 0x30b, 0xc01b, 0x1c6, 0x5300, 0x505, 0x2, 0x308, 0xffff, 0x5b00,
	0x4605, 0x30b, 0xffff, 0x5b00, 0x4705, 0x344, 0xc000, 0x62c5, 0x2b9c, 0xa2c4, 0x1, 0x308,
	0xc01b, 0x62c6, 0x30a, 0xc01b, 0xa2c6, 0x2b05, 0xa2c4, 0x1, 0x308, 0xc01b, 0xe2c6, 0x30a,
	0xc001, 0x22c5, 0x539c, 0xa2c4, 0x1, 0x308, 0xc001, 0xe2c5, 0x30b, 0xc002, 0x22c5, 0x5305,
	0xa2c4, 0x1, 0x308, 0xc002, 0x62c5, 0x30b, 0xc002, 0xa2c5, 0x479c, 0xbec4, 0x1, 0x308,
	0xc01c, 0x22c6, 0x30b, 0xc01c, 0x62c6, 0x4705, 0xbec4, 0x1, 0x308, 0xc01c, 0xa2c6, 0x30b,
	0xc01c, 0xe2c6, 0x539c, 0xbec4, 0x1, 0x308, 0xc002, 0xe2c5, 0x30b, 0xc003, 0x22c5, 0x5305,
	0xbec4, 0x1, 0x308, 0xc003, 0x62c5, 0x30b, 0xc003, 0xa2c5, 0x479c, 0xa2c4, 0x1, 0x308,
	0xc01d, 0xe2c6, 0x30b, 0xc01e, 0x22c6, 0x4705, 0xa2c4, 0x1, 0x308, 0xc01e, 0x62c6, 0x30b,
	0xc01e, 0xa2c6, 0x2b9c, 0xc8c4, 0x1, 0x308, 0xc020, 0x22c6, 0x30a, 0xc020, 0x62c6, 0x2b05,
	0xc8c4, 0x1, 0x308, 0xc020, 0xa2c6, 0x30a, 0xc006, 0x62c5, 0x539c, 0xc6c4, 0x1, 0x308,
	0xc006, 0xa2c5, 0x30b, 0xc006, 0xe2c5, 0x5305, 0xc6c4, 0x1, 0x308, 0xc007, 0x22c5, 0x30b,
	0xc007, 0x62c5, 0x539c, 0xd0c4, 0x1, 0x308, 0xc007, 0xa2c5, 0x30b, 0xc007, 0xe2c5, 0x5305,
	0xd0c4, 0x1, 0x308, 0xc008, 0x22c5, 0x30b, 0xc008, 0x62c5, 0x539c, 0xccc4, 0x1, 0x308,
	0xc008, 0xa2c5, 0x30b, 0xc008, 0xe2c5, 0x5305, 0xccc4, 0x1, 0x308, 0xc009, 0x22c5, 0x30b,
	0xc009, 0x62c5, 0x2b9c, 0xc4c4, 0x1, 0x308, 0xc020, 0xe2c6, 0x30a, 0xc021, 0x22c6, 0x2b05,
	0xc4c4, 0x1, 0x308, 0xc021, 0x62c6, 0x30a, 0xc009, 0xa2c5, 0x479c, 0xc4c4, 0x1, 0x308,
	0xc021, 0xa2c6, 0x30b, 0xc021, 0xe2c6, 0x4705, 0xc4c4, 0x1, 0x308, 0xc022, 0x22c6, 0x30b,
	0xc022, 0x62c6, 0x9, 0xe3c5, 0x1, 0x308, 0xc022, 0xa3c6, 0x30b, 0xc023, 0x3c6, 0xa,
	0x43c5, 0x1, 0x308, 0xc023, 0x63c6, 0x30b, 0xc023, 0xc3c6, 0x539c, 0xc4c4, 0x1, 0x308,
	0xc00a, 0xa2c5, 0x30b, 0xc00a, 0xe2c5, 0x5305, 0xc4c4, 0x1, 0x308, 0xc00b, 0x22c5, 0x30b,
	0xc00b, 0x62c5, 0xb, 0xa3c5, 0x1, 0x308, 0xc00c, 0x3c5, 0x30b, 0xc00c, 0x63c5, 0xc,
	0xc3c5, 0x1, 0x308, 0xc00d, 0x23c5, 0x30b, 0xc00d, 0x83c5
};

static constexpr uint16_t s_coll_daFastLatin[560] = {
	0x205, 0xc40, 0xde0, 0xe80, 0xea8, 0x418, 0x0, 0x0, 0x0, 0x0, 0x0, 0x0,
	0x0, 0x0, 0xc00, 0xc08, 0xc10, 0xc18, 0xc20, 0x0, 0x0, 0x0, 0x0, 0x0,
	0x0, 0x0, 0x0, 0x0, 0x0, 0x0, 0x0, 0x0, 0x0, 0x0, 0x0, 0x0,
	0x0, 0xc40, 0xca8, 0xcf0, 0xd78, 0xe98, 0xd80, 0xd70, 0xcd8, 0xd08, 0xd10, 0xd58,
	0xe30, 0xc90, 0xc60, 0xcd0, 0xd60, 0x10a8, 0x14a8, 0x18a8, 0x1ca8, 0x20a8, 0x24a8, 0x28a8,
	0x2ca8, 0x30a8, 0x34a8, 0xca0, 0xc98, 0xe50, 0xe58, 0xe60, 0xcb8, 0xd50, 0x41a, 0x3cb9,
	0x40b9, 0x44b9, 0x48b9, 0x4cb9, 0x50b9, 0x54ba, 0x58ba, 0x60ba, 0x64b9, 0x68b9, 0x6cb9, 0x70ba,
	0x444, 0x7cb9, 0x80b9, 0x88b9, 0x8cba, 0x90b9, 0x446, 0x9cb9, 0xa0b9, 0xa4b9, 0xa8b9, 0xacb9,
	0xd18, 0xd68, 0xd20, 0xdf8, 0xc50, 0xde8, 0x448, 0x3ca8, 0x40a8, 0x44a8, 0x48a8, 0x4ca8,
	0x50a8, 0x54a8, 0x58a8, 0x60a8, 0x64a8, 0x68a8, 0x6ca8, 0x70a8, 0x45e, 0x7ca8, 0x80a8, 0x88a8,
	0x8ca8, 0x90a8, 0x460, 0x9ca8, 0xa0a8, 0xa4a8, 0xa8a8, 0xaca8, 0xd28, 0xe70, 0xd30, 0xe80,
	0x0, 0x0, 0x0, 0x0, 0x0, 0x0, 0xc28, 0x0, 0x0, 0x0, 0x0, 0x0,
	0x0, 0x0, 0x0, 0x0, 0x0, 0x0, 0x0, 0x0, 0x0, 0x0, 0x0, 0x0,
	0x0, 0x0, 0x0, 0x0, 0x0, 0x0, 0x0, 0x0, 0x0, 0xc42, 0xcb0, 0xe90,
	0xea0, 0xe88, 0xea8, 0xe78, 0xd40, 0xe08, 0xe20, 0x38aa, 0xcf8, 0xe68, 0x0, 0xe28,
	0xe00, 0xe18, 0xe38, 0x18a9, 0x1ca9, 0xdf0, 0x1, 0xd48, 0x1, 0xe10, 0x14a9, 0x78aa,
	0xd00, 0x1, 0x1, 0x1, 0xcc0, 0x39b9, 0x3999, 0x39f9, 0x3a79, 0xb4d9, 0xbcb9, 0xb4b9,
	0x42b9, 0x49b9, 0x4999, 0x49f9, 0x4a59, 0x59ba, 0x599a, 0x59fa, 0x5a5a, 0x44f9, 0x727a, 0x79b9,
	0x7999, 0x79f9, 0x7a79, 0xb8d9, 0xe48, 0xb8b9, 0x99b9, 0x9999, 0x99f9, 0xa8d9, 0xa999, 0x800,
	0x802, 0x39a8, 0x3988, 0x39e8, 0x3a68, 0xb4c8, 0xbca8, 0xb4a8, 0x42a8, 0x49a8, 0x4988, 0x49e8,
	0x4a48, 0x59a8, 0x5988, 0x59e8, 0x5a48, 0x44e8, 0x7268, 0x79a8, 0x7988, 0x79e8, 0x7a68, 0xb8c8,
	0xe40, 0xb8a8, 0x99a8, 0x9988, 0x99e8, 0xa8c8, 0xa988, 0x804, 0xaa48, 0x3af9, 0x3ae8, 0x39d9,
	0x39c8, 0x462, 0x464, 0x4199, 0x4188, 0x41f9, 0x41e8, 0x4299, 0x4288, 0x4219, 0x4208, 0x4619,
	0x4608, 0x44d9, 0x44c8, 0x4af9, 0x4ae8, 0x49d9, 0x49c8, 0x4a99, 0x4a88, 0x4ad9, 0x4ac8, 0x4a19,
	0x4a08, 0x51f9, 0x51e8, 0x51d9, 0x51c8, 0x5299, 0x5288, 0x52b9, 0x52a8, 0x55fa, 0x55e8, 0x571a,
	0x5708, 0x5a7a, 0x5a68, 0x5afa, 0x5ae8, 0x59da, 0x59c8, 0x5ada, 0x5ac8, 0x5a9a, 0x5ca8, 0x806,
	0x808, 0x61fa, 0x61e8, 0x66b9, 0x66a8, 0x84a8, 0x6999, 0x6988, 0x6ab9, 0x6aa8, 0x6a19, 0x6a08,
	0x6b39, 0x6b28, 0x6b19, 0x6b08, 0x719a, 0x7188, 0x72ba, 0x72a8, 0x721a, 0x7208, 0x80a, 0x74b9,
	0x74a8, 0x7af9, 0x7ae8, 0x79d9, 0x79c8, 0xb8f9, 0xb8e8, 0x80c, 0x80e, 0x8999, 0x8988, 0x8ab9,
	0x8aa8, 0x8a19, 0x8a08, 0x8d9a, 0x8d88, 0x8dfa, 0x8de8, 0x8eba, 0x8ea8, 0x8e1a, 0x8e08, 0x92b9,
	0x92a8, 0x9219, 0x9208, 0x94b9, 0x94a8, 0x9a79, 0x9a68, 0x9af9, 0x9ae8, 0x99d9, 0x99c8, 0x9a39,
	0x9a28, 0xa8f9, 0xa8e8, 0x466, 0x468, 0xa1f9, 0xa1e8, 0xa9f9, 0xa9e8, 0xaa59, 0xad99, 0xad88,
	0xae99, 0xae88, 0xae19, 0xae08, 0x8ce8, 0xc41, 0xc41, 0xc41, 0xc41, 0xc41, 0xc41, 0xc41,
	0xc42, 0xc41, 0xc41, 0xc41, 0x0, 0x0, 0x0, 0x0, 0x0, 0xc68, 0xc69, 0xc70,
	0xc78, 0xc80, 0xc88, 0xd38, 0xc58, 0x1, 0x1, 0x1, 0x1, 0x1, 0x1, 0x1,
	0x1, 0xd98, 0xda0, 0xda8, 0xdb0, 0xcd1, 0x810, 0x1, 0xdb8, 0xc30, 0xc38, 0x0,
	0x0, 0x0, 0x0, 0x0, 0xc42, 0xd88, 0xd90, 0xdc0, 0x812, 0x1, 0xdc8, 0x814,
	0x1, 0xdd0, 0xce0, 0xce8, 0xdd8, 0x816, 0xcc8, 0xc48, 0xde0, 0x90b9, 0x54ab, 0x8cc8,
	0x8ca9, 0x90a8, 0x54a9, 0x58bb, 0x60bb, 0x58a9, 0x60a9, 0xb0a9, 0x70a9, 0x78b8, 0x48d9, 0x78a8,
	0x48c8, 0xcd1, 0xcd1, 0xdc1, 0xdc1, 0xdc9, 0xdc9, 0xca9, 0xca9, 0x5ff, 0x0, 0x5ff,
	0x38b9, 0x441, 0xbcbc, 0x461, 0xbcb3, 0x4c0, 0xbdbc, 0x4c1, 0xbd9c, 0x4c2, 0xbdfc, 0x4c3,
	0xbe7c, 0x4c4, 0xbe5c, 0x4c5, 0xbe3c, 0x4e0, 0xbdb3, 0x4e1, 0xbd93, 0x4e2, 0xbdf3, 0x4e3,
	0xbe73, 0x4e4, 0xbe53, 0x4e5, 0xbe33, 0x500, 0xbefc, 0x501, 0xbef3, 0x502, 0xbddc, 0x503,
	0xbdd3, 0x504, 0xbedc, 0x505, 0xbed3, 0x5ff, 0x78b9, 0x5ff, 0x98b9, 0x5ff, 0x38a8, 0x461,
	0xbcaa, 0x4e0, 0xbdaa, 0x4e1, 0xbd8a, 0x4e2, 0xbdea, 0x4e3, 0xbe6a, 0x4e4, 0xbe4a, 0x4e5,
	0xbe2a, 0x501, 0xbeea, 0x503, 0xbdca, 0x505, 0xbeca, 0x5ff, 0x78a8, 0x5ff, 0x98a8, 0x5ff,
	0x3ad9, 0x5ff, 0x3ac8, 0x5ff, 0x9ad9, 0x5ff, 0x9ac8, 0x1ff
};

static constexpr uint16_t s_coll_daFastLatinPrimaries[384] = {
	0x0, 0x0, 0x0, 0x0, 0x0, 0x0, 0x0, 0x0, 0x0, 0xc00, 0xc08, 0xc10,
	0xc18, 0xc20, 0x0, 0x0, 0x0, 0x0, 0x0, 0x0, 0x0, 0x0, 0x0, 0x0,
	0x0, 0x0, 0x0, 0x0, 0x0, 0x0, 0x0, 0x0, 0xc40, 0xca8, 0xcf0, 0xd78,
	0xe98, 0xd80, 0xd70, 0xcd8, 0xd08, 0xd10, 0xd58, 0xe30, 0xc90, 0xc60, 0xcd0, 0xd60,
	0x1000, 0x1400, 0x1800, 0x1c00, 0x2000, 0x2400, 0x2800, 0x2c00, 0x3000, 0x3400, 0xca0, 0xc98,
	0xe50, 0xe58, 0xe60, 0xcb8, 0xd50, 0x0, 0x3c00, 0x4000, 0x4400, 0x4800, 0x4c00, 0x5000,
	0x5400, 0x5800, 0x6000, 0x6400, 0x6800, 0x6c00, 0x7000, 0x0, 0x7c00, 0x8000, 0x8800, 0x8c00,
	0x9000, 0x0, 0x9c00, 0xa000, 0xa400, 0xa800, 0xac00, 0xd18, 0xd68, 0xd20, 0xdf8, 0xc50,
	0xde8, 0x0, 0x3c00, 0x4000, 0x4400, 0x4800, 0x4c00, 0x5000, 0x5400, 0x5800, 0x6000, 0x6400,
	0x6800, 0x6c00, 0x7000, 0x0, 0x7c00, 0x8000, 0x8800, 0x8c00, 0x9000, 0x0, 0x9c00, 0xa000,
	0xa400, 0xa800, 0xac00, 0xd28, 0xe70, 0xd30, 0xe80, 0x0, 0x0, 0x0, 0x0, 0x0,
	0x0, 0xc28, 0x0, 0x0, 0x0, 0x0, 0x0, 0x0, 0x0, 0x0, 0x0, 0x0,
	0x0, 0x0, 0x0, 0x0, 0x0, 0x0, 0x0, 0x0, 0x0, 0x0, 0x0, 0x0,
	0x0, 0x0, 0x0, 0x0, 0xc40, 0xcb0, 0xe90, 0xea0, 0xe88, 0xea8, 0xe78, 0xd40,
	0xe08, 0xe20, 0x3800, 0xcf8, 0xe68, 0x0, 0xe28, 0xe00, 0xe18, 0xe38, 0x1800, 0x1c00,
	0xdf0, 0x0, 0xd48, 0x0, 0xe10, 0x1400, 0x7800, 0xd00, 0x0, 0x0, 0x0, 0xcc0,
	0x3800, 0x3800, 0x3800, 0x3800, 0xb400, 0xbc00, 0xb400, 0x4000, 0x4800, 0x4800, 0x4800, 0x4800,
	0x5800, 0x5800, 0x5800, 0x5800, 0x4400, 0x7000, 0x7800, 0x7800, 0x7800, 0x7800, 0xb800, 0xe48,
	0xb800, 0x9800, 0x9800, 0x9800, 0xa800, 0xa800, 0x0, 0x0, 0x3800, 0x3800, 0x3800, 0x3800,
	0xb400, 0xbc00, 0xb400, 0x4000, 0x4800, 0x4800, 0x4800, 0x4800, 0x5800, 0x5800, 0x5800, 0x5800,
	0x4400, 0x7000, 0x7800, 0x7800, 0x7800, 0x7800, 0xb800, 0xe40, 0xb800, 0x9800, 0x9800, 0x9800,
	0xa800, 0xa800, 0x0, 0xa800, 0x3800, 0x3800, 0x3800, 0x3800, 0x0, 0x0, 0x4000, 0x4000,
	0x4000, 0x4000, 0x4000, 0x4000, 0x4000, 0x4000, 0x4400, 0x4400, 0x4400, 0x4400, 0x4800, 0x4800,
	0x4800, 0x4800, 0x4800, 0x4800, 0x4800, 0x4800, 0x4800, 0x4800, 0x5000, 0x5000, 0x5000, 0x5000,
	0x5000, 0x5000, 0x5000, 0x5000, 0x5400, 0x5400, 0x5400, 0x5400, 0x5800, 0x5800, 0x5800, 0x5800,
	0x5800, 0x5800, 0x5800, 0x5800, 0x5800, 0x5c00, 0x0, 0x0, 0x6000, 0x6000, 0x6400, 0x6400,
	0x8400, 0x6800, 0x6800, 0x6800, 0x6800, 0x6800, 0x6800, 0x6800, 0x6800, 0x6800, 0x6800, 0x7000,
	0x7000, 0x7000, 0x7000, 0x7000, 0x7000, 0x0, 0x7400, 0x7400, 0x7800, 0x7800, 0x7800, 0x7800,
	0xb800, 0xb800, 0x0, 0x0, 0x8800, 0x8800, 0x8800, 0x8800, 0x8800, 0x8800, 0x8c00, 0x8c00,
	0x8c00, 0x8c00, 0x8c00, 0x8c00, 0x8c00, 0x8c00, 0x9000, 0x9000, 0x9000, 0x9000, 0x9400, 0x9400,
	0x9800, 0x9800, 0x9800, 0x9800, 0x9800, 0x9800, 0x9800, 0x9800, 0xa800, 0xa800, 0x0, 0x0,
	0xa000, 0xa000, 0xa800, 0xa800, 0xa800, 0xac00, 0xac00, 0xac00, 0xac00, 0xac00, 0xac00, 0x8c00
};

static constexpr int32_t s_coll_daFastLatinMiniVarTop = 0xbff;

static constexpr uint32_t s_coll_daNumericPrimary = 0x10000000;
static constexpr int32_t s_coll_daOptions = 0x2310;
static constexpr int32_t s_coll_daJamoCe32sStart = -1;

static constexpr uint32_t s_coll_daUnsafeBwd[866] = {
	0x34, 0x35, 0x41, 0x42, 0x4c, 0x4d, 0x61, 0x62, 0xa0, 0xa1, 0xc0, 0xc6,
	0xe0, 0xe6, 0x100, 0x106, 0x1cd, 0x1cf, 0x1de, 0x1e2, 0x1fa, 0x1fc, 0x200, 0x204,
	0x226, 0x228, 0x300, 0x34f, 0x350, 0x370, 0x3a9, 0x3aa, 0x3e2, 0x3e3, 0x42f, 0x430,
	0x483, 0x488, 0x531, 0x532, 0x591, 0x5be, 0x5bf, 0x5c0, 0x5c1, 0x5c3, 0x5c4, 0x5c6,
	0x5c7, 0x5c8, 0x5d0, 0x5d1, 0x610, 0x61b, 0x628, 0x629, 0x64b, 0x660, 0x670, 0x671,
	0x6d6, 0x6dd, 0x6df, 0x6e5, 0x6e7, 0x6e9, 0x6ea, 0x6ee, 0x710, 0x712, 0x730, 0x74b,
	0x78c, 0x78d, 0x7ca, 0x7cb, 0x7eb, 0x7f4, 0x7fd, 0x7fe, 0x800, 0x801, 0x816, 0x81a,
	0x81b, 0x824, 0x825, 0x828, 0x829, 0x82e, 0x840, 0x841, 0x859, 0x85c, 0x897, 0x8a0,
	0x8ca, 0x8e2, 0x8e3, 0x900, 0x905, 0x906, 0x93c, 0x93d, 0x94d, 0x94e, 0x951, 0x955,
	0x995, 0x996, 0x9bc, 0x9bd, 0x9be, 0x9bf, 0x9cd, 0x9ce, 0x9d7, 0x9d8, 0x9fe, 0x9ff,
	0xa15, 0xa16, 0xa3c, 0xa3d, 0xa4d, 0xa4e, 0xa95, 0xa96, 0xabc, 0xabd, 0xacd, 0xace,
	0xb15, 0xb16, 0xb3c, 0xb3d, 0xb3e, 0xb3f, 0xb4d, 0xb4e, 0xb56, 0xb58, 0xb95, 0xb96,
	0xbbe, 0xbbf, 0xbcd, 0xbce, 0xbd7, 0xbd8, 0xc15, 0xc16, 0xc3c, 0xc3d, 0xc4d, 0xc4e,
	0xc55, 0xc57, 0xc95, 0xc96, 0xcbc, 0xcbd, 0xcc2, 0xcc3, 0xccd, 0xcce, 0xcd5, 0xcd7,
	0xd15, 0xd16, 0xd3b, 0xd3d, 0xd3e, 0xd3f, 0xd4d, 0xd4e, 0xd57, 0xd58, 0xd85, 0xd86,
	0xdca, 0xdcb, 0xdcf, 0xdd0, 0xddf, 0xde0, 0xe01, 0xe2f, 0xe32, 0xe33, 0xe38, 0xe3b,
	0xe48, 0xe4c, 0xe81, 0xe83, 0xe84, 0xe85, 0xe86, 0xe8b, 0xe8c, 0xea4, 0xea5, 0xea6,
	0xea7, 0xeaf, 0xeb2, 0xeb3, 0xeb8, 0xebb, 0xec8, 0xecc, 0xedc, 0xee0, 0xf18, 0xf1a,
	0xf35, 0xf36, 0xf37, 0xf38, 0xf39, 0xf3a, 0xf40, 0xf41, 0xf71, 0xf76, 0xf7a, 0xf7e,
	0xf80, 0xf85, 0xf86, 0xf88, 0xfc6, 0xfc7, 0x1000, 0x1001, 0x102e, 0x102f, 0x1037, 0x1038,
	0x1039, 0x103b, 0x108d, 0x108e, 0x10d3, 0x10d4, 0x12a0, 0x12a1, 0x135d, 0x1360, 0x13c4, 0x13c5,
	0x14c0, 0x14c1, 0x168f, 0x1690, 0x16a0, 0x16a1, 0x1703, 0x1704, 0x1714, 0x1716, 0x1723, 0x1724,
	0x1734, 0x1735, 0x1743, 0x1744, 0x1763, 0x1764, 0x1780, 0x1781, 0x17d2, 0x17d3, 0x17dd, 0x17de,
	0x1826, 0x1827, 0x18a9, 0x18aa, 0x1900, 0x1901, 0x1939, 0x193c, 0x1950, 0x1951, 0x1980, 0x19ac,
	0x1a00, 0x1a01, 0x1a17, 0x1a19, 0x1a20, 0x1a21, 0x1a60, 0x1a61, 0x1a75, 0x1a7d, 0x1a7f, 0x1a80,
	0x1ab0, 0x1abe, 0x1abf, 0x1ade, 0x1ae0, 0x1aec, 0x1b05, 0x1b06, 0x1b34, 0x1b36, 0x1b44, 0x1b45,
	0x1b6b, 0x1b74, 0x1b83, 0x1b84, 0x1baa, 0x1bac, 0x1bc0, 0x1bc1, 0x1be6, 0x1be7, 0x1bf2, 0x1bf4,
	0x1c00, 0x1c01, 0x1c37, 0x1c38, 0x1c5a, 0x1c5b, 0x1cd0, 0x1cd3, 0x1cd4, 0x1ce1, 0x1ce2, 0x1ce9,
	0x1ced, 0x1cee, 0x1cf4, 0x1cf5, 0x1cf8, 0x1cfa, 0x1dc0, 0x1e02, 0x1ea0, 0x1eb8, 0x201c, 0x201d,
	0x20ac, 0x20ad, 0x20d0, 0x20dd, 0x20e1, 0x20e2, 0x20e5, 0x20f1, 0x212b, 0x212c, 0x263a, 0x263b,
	0x2c00, 0x2c01, 0x2cef, 0x2cf2, 0x2d30, 0x2d31, 0x2d7f, 0x2d80, 0x2de0, 0x2e00, 0x302a, 0x3030,
	0x304b, 0x304c, 0x3099, 0x309b, 0x30ab, 0x30ac, 0x3105, 0x3106, 0x5b57, 0x5b58, 0xa288, 0xa289,
	0xa4d0, 0xa4d1, 0xa549, 0xa54a, 0xa66f, 0xa670, 0xa674, 0xa67e, 0xa69e, 0xa6a1, 0xa6f0, 0xa6f2,
	0xa800, 0xa801, 0xa806, 0xa807, 0xa82c, 0xa82d, 0xa840, 0xa841, 0xa882, 0xa883, 0xa8c4, 0xa8c5,
	0xa8e0, 0xa8f2, 0xa90a, 0xa90b, 0xa92b, 0xa92e, 0xa930, 0xa931, 0xa953, 0xa954, 0xa984, 0xa985,
	0xa9b3, 0xa9b4, 0xa9c0, 0xa9c1, 0xaa00, 0xaa01, 0xaa80, 0xaab1, 0xaab2, 0xaab5, 0xaab7, 0xaab9,
	0xaabe, 0xaac0, 0xaac1, 0xaac2, 0xaaf6, 0xaaf7, 0xabc0, 0xabc1, 0xabed, 0xabee, 0xac00, 0xac01,
	0xd800, 0xd809, 0xd80b, 0xd80d, 0xd811, 0xd812, 0xd818, 0xd819, 0xd81a, 0xd81c, 0xd820, 0xd821,
	0xd823, 0xd824, 0xd82c, 0xd82d, 0xd82f, 0xd830, 0xd834, 0xd835, 0xd838, 0xd83b, 0xdc00, 0xe000,
	0xfb1e, 0xfb1f, 0xfdd0, 0xfdd1, 0xfe20, 0xfe30, 0x10000, 0x10001, 0x101fd, 0x101fe, 0x10280, 0x10281,
	0x102a0, 0x102a1, 0x102e0, 0x102e1, 0x10300, 0x10301, 0x10330, 0x10331, 0x1036b, 0x1036c, 0x10376, 0x1037b,
	0x10380, 0x10381, 0x103a0, 0x103a1, 0x10414, 0x10415, 0x10450, 0x10451, 0x10480, 0x10481, 0x104b5, 0x104b6,
	0x10500, 0x10501, 0x10537, 0x10538, 0x10582, 0x10583, 0x105c2, 0x105c3, 0x10647, 0x10648, 0x10800, 0x10801,
	0x10840, 0x10841, 0x10873, 0x10874, 0x10896, 0x10897, 0x108f4, 0x108f5, 0x10900, 0x10901, 0x10920, 0x10921,
	0x10950, 0x10951, 0x10980, 0x10981, 0x109a0, 0x109a1, 0x10a00, 0x10a01, 0x10a0d, 0x10a0e, 0x10a0f, 0x10a10,
	0x10a38, 0x10a3b, 0x10a3f, 0x10a40, 0x10a60, 0x10a61, 0x10a95, 0x10a96, 0x10ad8, 0x10ad9, 0x10ae5, 0x10ae7,
	0x10b00, 0x10b01, 0x10b40, 0x10b41, 0x10b60, 0x10b61, 0x10b8f, 0x10b90, 0x10c00, 0x10c01, 0x10ca1, 0x10ca2,
	0x10d12, 0x10d13, 0x10d24, 0x10d28, 0x10d5d, 0x10d5e, 0x10d69, 0x10d6e, 0x10e88, 0x10e89, 0x10eab, 0x10ead,
	0x10efa, 0x10efc, 0x10efd, 0x10f00, 0x10f19, 0x10f1a, 0x10f42, 0x10f43, 0x10f46, 0x10f51, 0x10f7c, 0x10f7d,
	0x10f82, 0x10f86, 0x10fbf, 0x10fc0, 0x10ff1, 0x10ff2, 0x11005, 0x11006, 0x11046, 0x11047, 0x11070, 0x11071,
	0x1107f, 0x11080, 0x11083, 0x11084, 0x110b9, 0x110bb, 0x110d0, 0x110d1, 0x11100, 0x11104, 0x11127, 0x11128,
	0x11133, 0x11135, 0x11152, 0x11153, 0x11173, 0x11174, 0x11183, 0x11184, 0x111c0, 0x111c1, 0x111ca, 0x111cb,
	0x11208, 0x11209, 0x11235, 0x11237, 0x1128f, 0x11290, 0x112be, 0x112bf, 0x112e9, 0x112eb, 0x11315, 0x11316,
	0x1133b, 0x1133d, 0x1133e, 0x1133f, 0x1134d, 0x1134e, 0x11357, 0x11358, 0x11366, 0x1136d, 0x11370, 0x11375,
	0x11392, 0x11393, 0x113b8, 0x113b9, 0x113bb, 0x113bc, 0x113c2, 0x113c3, 0x113c9, 0x113ca, 0x113ce, 0x113d1,
	0x11412, 0x11413, 0x11442, 0x11443, 0x11446, 0x11447, 0x1145e, 0x1145f, 0x11484, 0x11485, 0x114b0, 0x114b1,
	0x114ba, 0x114bb, 0x114bd, 0x114be, 0x114c2, 0x114c4, 0x1158e, 0x1158f, 0x115af, 0x115b0, 0x115bf, 0x115c1,
	0x1160e, 0x1160f, 0x1163f, 0x11640, 0x11680, 0x11681, 0x116b6, 0x116b8, 0x11717, 0x11718, 0x1172b, 0x1172c,
	0x1180b, 0x1180c, 0x11839, 0x1183b, 0x118b4, 0x118b5, 0x1190c, 0x1190d, 0x11930, 0x11931, 0x1193d, 0x1193f,
	0x11943, 0x11944, 0x119ce, 0x119cf, 0x119e0, 0x119e1, 0x11a0b, 0x11a0c, 0x11a34, 0x11a35, 0x11a47, 0x11a48,
	0x11a5c, 0x11a5d, 0x11a99, 0x11a9a, 0x11ac0, 0x11ac1, 0x11bc4, 0x11bc5, 0x11c0e, 0x11c0f, 0x11c3f, 0x11c40,
	0x11c72, 0x11c73, 0x11d10, 0x11d11, 0x11d42, 0x11d43, 0x11d44, 0x11d46, 0x11d71, 0x11d72, 0x11d97, 0x11d98,
	0x11dc6, 0x11dc7, 0x11ee5, 0x11ee6, 0x11f1b, 0x11f1c, 0x11f41, 0x11f43, 0x12000, 0x12001, 0x12fe5, 0x12fe6,
	0x13153, 0x13154, 0x14400, 0x14401, 0x1611c, 0x1611d, 0x1611e, 0x16121, 0x16123, 0x16126, 0x16129, 0x1612a,
	0x1612f, 0x16130, 0x16a4f, 0x16a50, 0x16abc, 0x16abd, 0x16ae6, 0x16ae7, 0x16af0, 0x16af5, 0x16b1c, 0x16b1d,
	0x16b30, 0x16b37, 0x16d45, 0x16d46, 0x16d67, 0x16d69, 0x16e40, 0x16e41, 0x16ea1, 0x16ea2, 0x16f00, 0x16f01,
	0x16ff0, 0x16ff2, 0x18229, 0x1822a, 0x18c65, 0x18c66, 0x1b1c4, 0x1b1c5, 0x1bc20, 0x1bc21, 0x1bc9e, 0x1bc9f,
	0x1d165, 0x1d16a, 0x1d16d, 0x1d173, 0x1d17b, 0x1d183, 0x1d185, 0x1d18c, 0x1d1aa, 0x1d1ae, 0x1d242, 0x1d245,
	0x1e000, 0x1e007, 0x1e008, 0x1e019, 0x1e01b, 0x1e022, 0x1e023, 0x1e025, 0x1e026, 0x1e02b, 0x1e08f, 0x1e090,
	0x1e108, 0x1e109, 0x1e130, 0x1e137, 0x1e290, 0x1e291, 0x1e2ae, 0x1e2af, 0x1e2e1, 0x1e2e2, 0x1e2ec, 0x1e2f0,
	0x1e4e6, 0x1e4e7, 0x1e4ec, 0x1e4f0, 0x1e5d0, 0x1e5d1, 0x1e5ee, 0x1e5f0, 0x1e6d5, 0x1e6d6, 0x1e6e3, 0x1e6e4,
	0x1e6e6, 0x1e6e7, 0x1e6ee, 0x1e6f0, 0x1e6f5, 0x1e6f6, 0x1e802, 0x1e803, 0x1e8d0, 0x1e8d7, 0x1e909, 0x1e90a,
	0x1e944, 0x1e94b
};

static constexpr int32_t s_coll_daUnsafeBwdLength = 866;

static constexpr uint16_t s_coll_foTrieIndex[2112] = {
	0x0, 0x8, 0x10, 0x18, 0x30, 0x38, 0x40, 0x48, 0x50, 0x58, 0x5c, 0x64, 0x69, 0x71, 0x76, 0x7e,
	0x86, 0x8e, 0x30, 0x38, 0x30, 0x38, 0x30, 0x38, 0x30, 0x38, 0x30, 0x38, 0x30, 0x38, 0x30, 0x38,
	0x30, 0x38, 0x30, 0x38, 0x30, 0x38, 0x30, 0x38, 0x30, 0x38, 0x30, 0x38, 0x30, 0x38, 0x30, 0x38,
	0x30, 0x38, 0x30, 0x38, 0x30, 0x38, 0x30, 0x38, 0x30, 0x38, 0x30, 0x38, 0x30, 0x38, 0x30, 0x38,
	0x30, 0x30, 0x30, 0x30, 0x30, 0x30, 0x30, 0x30, 0x30, 0x30, 0x30, 0x30, 0x30, 0x30, 0x30, 0x30,
	0x30, 0x30, 0x30, 0x30, 0x30, 0x30, 0x30, 0x30, 0x30, 0x30, 0x30, 0x30, 0x30, 0x30, 0x30, 0x30,
	0x30, 0x30, 0x30, 0x30, 0x30, 0x30, 0x30, 0x30, 0x30, 0x30, 0x30, 0x30, 0x30, 0x30, 0x30, 0x30,
	0x30, 0x30, 0x30, 0x30, 0x30, 0x30, 0x30, 0x30, 0x30, 0x30, 0x30, 0x30, 0x30, 0x30, 0x30, 0x30,
	0x30, 0x30, 0x30, 0x30, 0x30, 0x30, 0x30, 0x30, 0x30, 0x30, 0x30, 0x30, 0x30, 0x30, 0x30, 0x30,
	0x30, 0x30, 0x30, 0x30, 0x30, 0x30, 0x30, 0x30, 0x30, 0x30, 0x30, 0x30, 0x30, 0x30, 0x30, 0x30,
	0x30, 0x30, 0x30, 0x30, 0x30, 0x30, 0x30, 0x30, 0x30, 0x30, 0x30, 0x30, 0x30, 0x30, 0x30, 0x30,
	0x30, 0x30, 0x30, 0x30, 0x30, 0x30, 0x30, 0x30, 0x30, 0x30, 0x30, 0x30, 0x30, 0x30, 0x30, 0x30,
	0x30, 0x30, 0x30, 0x30, 0x30, 0x30, 0x30, 0x30, 0x30, 0x30, 0x30, 0x30, 0x30, 0x30, 0x30, 0x30,
	0x30, 0x30, 0x30, 0x30, 0x30, 0x30, 0x30, 0x30, 0x30, 0x30, 0x30, 0x30, 0x30, 0x30, 0x30, 0x30,
	0x30, 0x30, 0x30, 0x30, 0x30, 0x30, 0x30, 0x30, 0x30, 0x30, 0x30, 0x30, 0x30, 0x30, 0x30, 0x30,
	0xa6, 0x30, 0x30, 0xaa, 0x30, 0xb2, 0xb7, 0xbf, 0x30, 0x30, 0x30, 0x30, 0x30, 0x30, 0x30, 0x30,
	0x30, 0x30, 0x30, 0x30, 0x30, 0x30, 0x30, 0x30, 0x30, 0xc5, 0x30, 0x30, 0x30, 0x30, 0x30, 0x30,
	0x30, 0x30, 0x30, 0x30, 0x30, 0x30, 0x30, 0x30, 0x30, 0x30, 0x30, 0x30, 0x30, 0x30, 0x30, 0x30,
	0x30, 0x30, 0x30, 0x30, 0x30, 0x30, 0x30, 0x30, 0x30, 0x30, 0x30, 0x30, 0x30, 0x30, 0x30, 0x30,
	0x30, 0x30, 0x30, 0x30, 0x30, 0x30, 0x30, 0x30, 0x30, 0x30, 0x30, 0x30, 0x30, 0x30, 0x30, 0x30,
	0x30, 0x30, 0x30, 0x30, 0x30, 0x30, 0x30, 0x30, 0x30, 0x30, 0x30, 0x30, 0x30, 0x30, 0x30, 0x30,
	0x30, 0x30, 0x30, 0x30, 0x30, 0x30, 0x30, 0x30, 0x30, 0x30, 0x30, 0x30, 0x30, 0x30, 0x30, 0x30,
	0x30, 0x30, 0x30, 0x30, 0x30, 0x30, 0x30, 0x30, 0x30, 0x30, 0x30, 0x30, 0x30, 0x30, 0x30, 0x30,
	0x30, 0x30, 0x30, 0x30, 0x30, 0x30, 0x30, 0x30, 0x30, 0x30, 0x30, 0x30, 0x30, 0x30, 0x30, 0x30,
	0x30, 0x30, 0x30, 0x30, 0x30, 0x30, 0x30, 0x30, 0x30, 0x30, 0x30, 0x30, 0x30, 0x30, 0x30, 0x30,
	0x30, 0x30, 0x30, 0x30, 0x30, 0x30, 0x30, 0x30, 0x30, 0x30, 0x30, 0x30, 0x30, 0x30, 0x30, 0x30,
	0x30, 0x30, 0x30, 0x30, 0x30, 0x30, 0x30, 0x30, 0x30, 0x30, 0x30, 0x30, 0x30, 0x30, 0x30, 0x30,
	0x30, 0x30, 0x30, 0x30, 0x30, 0x30, 0x30, 0x30, 0x30, 0x30, 0x30, 0x30, 0x30, 0x30, 0x30, 0x30,
	0x30, 0x30, 0x30, 0x30, 0x30, 0x30, 0x30, 0x30, 0x30, 0x30, 0x30, 0x30, 0x30, 0x30, 0x30, 0x30,
	0x30, 0x30, 0x30, 0x30, 0x30, 0x30, 0x30, 0x30, 0x30, 0x30, 0x30, 0x30, 0x30, 0x30, 0x30, 0x30,
	0x30, 0x30, 0x30, 0x30, 0x30, 0x30, 0x30, 0x30, 0x30, 0x30, 0x30, 0x30, 0x30, 0x30, 0x30, 0x30,
	0x30, 0x30, 0x30, 0x30, 0x30, 0x30, 0x30, 0x30, 0x30, 0x30, 0x30, 0x30, 0x30, 0x30, 0x30, 0x30,
	0x30, 0x30, 0x30, 0x30, 0x30, 0x30, 0x30, 0x30, 0x30, 0x30, 0x30, 0x30, 0x30, 0x30, 0x30, 0x30,
	0x30, 0x30, 0x30, 0x30, 0x30, 0x30, 0x30, 0x30, 0x30, 0x30, 0x30, 0x30, 0x30, 0x30, 0x30, 0x30,
	0x30, 0x30, 0x30, 0x30, 0x30, 0x30, 0x30, 0x30, 0x30, 0x30, 0x30, 0x30, 0x30, 0x30, 0x30, 0x30,
	0x30, 0x30, 0x30, 0x30, 0x30, 0x30, 0x30, 0x30, 0x30, 0x30, 0x30, 0x30, 0x30, 0x30, 0x30, 0x30,
	0x30, 0x30, 0x30, 0x30, 0x30, 0x30, 0x30, 0x30, 0x30, 0x30, 0x30, 0x30, 0x30, 0x30, 0x30, 0x30,
	0x30, 0x30, 0x30, 0x30, 0x30, 0x30, 0x30, 0x30, 0x30, 0x30, 0x30, 0x30, 0x30, 0x30, 0x30, 0x30,
	0x30, 0x30, 0x30, 0x30, 0x30, 0x30, 0x30, 0x30, 0x30, 0x30, 0x30, 0x30, 0x30, 0x30, 0x30, 0x30,
	0x30, 0x30, 0x30, 0x30, 0x30, 0x30, 0x30, 0x30, 0x30, 0x30, 0x30, 0x30, 0x30, 0x30, 0x30, 0x30,
	0x30, 0x30, 0x30, 0x30, 0x30, 0x30, 0x30, 0x30, 0x30, 0x30, 0x30, 0x30, 0x30, 0x30, 0x30, 0x30,
	0x30, 0x30, 0x30, 0x30, 0x30, 0x30, 0x30, 0x30, 0x30, 0x30, 0x30, 0x30, 0x30, 0x30, 0x30, 0x30,
	0x30, 0x30, 0x30, 0x30, 0x30, 0x30, 0x30, 0x30, 0x30, 0x30, 0x30, 0x30, 0x30, 0x30, 0x30, 0x30,
	0x30, 0x30, 0x30, 0x30, 0x30, 0x30, 0x30, 0x30, 0x30, 0x30, 0x30, 0x30, 0x30, 0x30, 0x30, 0x30,
	0x30, 0x30, 0x30, 0x30, 0x30, 0x30, 0x30, 0x30, 0x30, 0x30, 0x30, 0x30, 0x30, 0x30, 0x30, 0x30,
	0x30, 0x30, 0x30, 0x30, 0x30, 0x30, 0x30, 0x30, 0x30, 0x30, 0x30, 0x30, 0x30, 0x30, 0x30, 0x30,
	0x30, 0x30, 0x30, 0x30, 0x30, 0x30, 0x30, 0x30, 0x30, 0x30, 0x30, 0x30, 0x30, 0x30, 0x30, 0x30,
	0x30, 0x30, 0x30, 0x30, 0x30, 0x30, 0x30, 0x30, 0x30, 0x30, 0x30, 0x30, 0x30, 0x30, 0x30, 0x30,
	0x30, 0x30, 0x30, 0x30, 0x30, 0x30, 0x30, 0x30, 0x30, 0x30, 0x30, 0x30, 0x30, 0x30, 0x30, 0x30,
	0x30, 0x30, 0x30, 0x30, 0x30, 0x30, 0x30, 0x30, 0x30, 0x30, 0x30, 0x30, 0x30, 0x30, 0x30, 0x30,
	0x30, 0x30, 0x30, 0x30, 0x30, 0x30, 0x30, 0x30, 0x30, 0x30, 0x30, 0x30, 0x30, 0x30, 0x30, 0x30,
	0x30, 0x30, 0x30, 0x30, 0x30, 0x30, 0x30, 0x30, 0x30, 0x30, 0x30, 0x30, 0x30, 0x30, 0x30, 0x30,
	0x30, 0x30, 0x30, 0x30, 0x30, 0x30, 0x30, 0x30, 0x30, 0x30, 0x30, 0x30, 0x30, 0x30, 0x30, 0x30,
	0x30, 0x30, 0x30, 0x30, 0x30, 0x30, 0x30, 0x30, 0x30, 0x30, 0x30, 0x30, 0x30, 0x30, 0x30, 0x30,
	0x30, 0x30, 0x30, 0x30, 0x30, 0x30, 0x30, 0x30, 0x30, 0x30, 0x30, 0x30, 0x30, 0x30, 0x30, 0x30,
	0x30, 0x30, 0x30, 0x30, 0x30, 0x30, 0x30, 0x30, 0x30, 0x30, 0x30, 0x30, 0x30, 0x30, 0x30, 0x30,
	0x30, 0x30, 0x30, 0x30, 0x30, 0x30, 0x30, 0x30, 0x30, 0x30, 0x30, 0x30, 0x30, 0x30, 0x30, 0x30,
	0x30, 0x30, 0x30, 0x30, 0x30, 0x30, 0x30, 0x30, 0x30, 0x30, 0x30, 0x30, 0x30, 0x30, 0x30, 0x30,
	0x30, 0x30, 0x30, 0x30, 0x30, 0x30, 0x30, 0x30, 0x30, 0x30, 0x30, 0x30, 0x30, 0x30, 0x30, 0x30,
	0x30, 0x30, 0x30, 0x30, 0x30, 0x30, 0x30, 0x30, 0x30, 0x30, 0x30, 0x30, 0x30, 0x30, 0x30, 0x30,
	0x30, 0x30, 0x30, 0x30, 0x30, 0x30, 0x30, 0x30, 0x30, 0x30, 0x30, 0x30, 0x30, 0x30, 0x30, 0x30,
	0x30, 0x30, 0x30, 0x30, 0x30, 0x30, 0x30, 0x30, 0x30, 0x30, 0x30, 0x30, 0x30, 0x30, 0x30, 0x30,
	0x30, 0x30, 0x30, 0x30, 0x30, 0x30, 0x30, 0x30, 0x30, 0x30, 0x30, 0x30, 0x30, 0x30, 0x30, 0x30,
	0x30, 0x30, 0x30, 0x30, 0x30, 0x30, 0x30, 0x30, 0x30, 0x30, 0x30, 0x30, 0x30, 0x30, 0x30, 0x30,
	0x30, 0x30, 0x30, 0x30, 0x30, 0x30, 0x30, 0x30, 0x30, 0x30, 0x30, 0x30, 0x30, 0x30, 0x30, 0x30,
	0x30, 0x30, 0x30, 0x30, 0x30, 0x30, 0x30, 0x30, 0x30, 0x30, 0x30, 0x30, 0x30, 0x30, 0x30, 0x30,
	0x30, 0x30, 0x30, 0x30, 0x30, 0x30, 0x30, 0x30, 0x30, 0x30, 0x30, 0x30, 0x30, 0x30, 0x30, 0x30,
	0x30, 0x30, 0x30, 0x30, 0x30, 0x30, 0x30, 0x30, 0x30, 0x30, 0x30, 0x30, 0x30, 0x30, 0x30, 0x30,
	0x30, 0x30, 0x30, 0x30, 0x30, 0x30, 0x30, 0x30, 0x30, 0x30, 0x30, 0x30, 0x30, 0x30, 0x30, 0x30,
	0x30, 0x30, 0x30, 0x30, 0x30, 0x30, 0x30, 0x30, 0x30, 0x30, 0x30, 0x30, 0x30, 0x30, 0x30, 0x30,
	0x30, 0x30, 0x30, 0x30, 0x30, 0x30, 0x30, 0x30, 0x30, 0x30, 0x30, 0x30, 0x30, 0x30, 0x30, 0x30,
	0x30, 0x30, 0x30, 0x30, 0x30, 0x30, 0x30, 0x30, 0x30, 0x30, 0x30, 0x30, 0x30, 0x30, 0x30, 0x30,
	0x30, 0x30, 0x30, 0x30, 0x30, 0x30, 0x30, 0x30, 0x30, 0x30, 0x30, 0x30, 0x30, 0x30, 0x30, 0x30,
	0x30, 0x30, 0x30, 0x30, 0x30, 0x30, 0x30, 0x30, 0x30, 0x30, 0x30, 0x30, 0x30, 0x30, 0x30, 0x30,
	0x30, 0x30, 0x30, 0x30, 0x30, 0x30, 0x30, 0x30, 0x30, 0x30, 0x30, 0x30, 0x30, 0x30, 0x30, 0x30,
	0x30, 0x30, 0x30, 0x30, 0x30, 0x30, 0x30, 0x30, 0x30, 0x30, 0x30, 0x30, 0x30, 0x30, 0x30, 0x30,
	0x30, 0x30, 0x30, 0x30, 0x30, 0x30, 0x30, 0x30, 0x30, 0x30, 0x30, 0x30, 0x30, 0x30, 0x30, 0x30,
	0x30, 0x30, 0x30, 0x30, 0x30, 0x30, 0x30, 0x30, 0x30, 0x30, 0x30, 0x30, 0x30, 0x30, 0x30, 0x30,
	0x30, 0x30, 0x30, 0x30, 0x30, 0x30, 0x30, 0x30, 0x30, 0x30, 0x30, 0x30, 0x30, 0x30, 0x30, 0x30,
	0x30, 0x30, 0x30, 0x30, 0x30, 0x30, 0x30, 0x30, 0x30, 0x30, 0x30, 0x30, 0x30, 0x30, 0x30, 0x30,
	0x30, 0x30, 0x30, 0x30, 0x30, 0x30, 0x30, 0x30, 0x30, 0x30, 0x30, 0x30, 0x30, 0x30, 0x30, 0x30,
	0x30, 0x30, 0x30, 0x30, 0x30, 0x30, 0x30, 0x30, 0x30, 0x30, 0x30, 0x30, 0x30, 0x30, 0x30, 0x30,
	0x30, 0x30, 0x30, 0x30, 0x30, 0x30, 0x30, 0x30, 0x30, 0x30, 0x30, 0x30, 0x30, 0x30, 0x30, 0x30,
	0x30, 0x30, 0x30, 0x30, 0x30, 0x30, 0x30, 0x30, 0x30, 0x30, 0x30, 0x30, 0x30, 0x30, 0x30, 0x30,
	0x30, 0x30, 0x30, 0x30, 0x30, 0x30, 0x30, 0x30, 0x30, 0x30, 0x30, 0x30, 0x30, 0x30, 0x30, 0x30,
	0x30, 0x30, 0x30, 0x30, 0x30, 0x30, 0x30, 0x30, 0x30, 0x30, 0x30, 0x30, 0x30, 0x30, 0x30, 0x30,
	0xcd, 0xcd, 0xcd, 0xcd, 0xcd, 0xcd, 0xcd, 0xcd, 0xcd, 0xcd, 0xcd, 0xcd, 0xcd, 0xcd, 0xcd, 0xcd,
	0xcd, 0xcd, 0xcd, 0xcd, 0xcd, 0xcd, 0xcd, 0xcd, 0xcd, 0xcd, 0xcd, 0xcd, 0xcd, 0xcd, 0xcd, 0xcd,
	0xcd, 0xcd, 0xcd, 0xcd, 0xcd, 0xcd, 0xcd, 0xcd, 0xcd, 0xcd, 0xcd, 0xcd, 0xcd, 0xcd, 0xcd, 0xcd,
	0xcd, 0xcd, 0xcd, 0xcd, 0xcd, 0xcd, 0xcd, 0xcd, 0xcd, 0xcd, 0xcd, 0xcd, 0xcd, 0xcd, 0xcd, 0xcd,
	0xcd, 0xcd, 0xcd, 0xcd, 0xcd, 0xcd, 0xcd, 0xcd, 0xcd, 0xcd, 0xcd, 0xcd, 0xcd, 0xcd, 0xcd, 0xcd,
	0xcd, 0xcd, 0xcd, 0xcd, 0xcd, 0xcd, 0xcd, 0xcd, 0xcd, 0xcd, 0xcd, 0xcd, 0xcd, 0xcd, 0xcd, 0xcd,
	0xcd, 0xcd, 0xcd, 0xcd, 0xcd, 0xcd, 0xcd, 0xcd, 0xcd, 0xcd, 0xcd, 0xcd, 0xcd, 0xcd, 0xcd, 0xcd,
	0xcd, 0xcd, 0xcd, 0xcd, 0xcd, 0xcd, 0xcd, 0xcd, 0xcd, 0xcd, 0xcd, 0xcd, 0xcd, 0xcd, 0xcd, 0xcd,
	0xcd, 0xcd, 0xcd, 0xcd, 0xcd, 0xcd, 0xcd, 0xcd, 0xcd, 0xcd, 0xcd, 0xcd, 0xcd, 0xcd, 0xcd, 0xcd,
	0xcd, 0xcd, 0xcd, 0xcd, 0xcd, 0xcd, 0xcd, 0xcd, 0xcd, 0xcd, 0xcd, 0xcd, 0xcd, 0xcd, 0xcd, 0xcd,
	0xcd, 0xcd, 0xcd, 0xcd, 0xcd, 0xcd, 0xcd, 0xcd, 0xcd, 0xcd, 0xcd, 0xcd, 0xcd, 0xcd, 0xcd, 0xcd,
	0xcd, 0xcd, 0xcd, 0xcd, 0xcd, 0xcd, 0xcd, 0xcd, 0xcd, 0xcd, 0xcd, 0xcd, 0xcd, 0xcd, 0xcd, 0xcd,
	0xcd, 0xcd, 0xcd, 0xcd, 0xcd, 0xcd, 0xcd, 0xcd, 0xcd, 0xcd, 0xcd, 0xcd, 0xcd, 0xcd, 0xcd, 0xcd,
	0xcd, 0xcd, 0xcd, 0xcd, 0xcd, 0xcd, 0xcd, 0xcd, 0xcd, 0xcd, 0xcd, 0xcd, 0xcd, 0xcd, 0xcd, 0xcd,
	0xcd, 0xcd, 0xcd, 0xcd, 0xcd, 0xcd, 0xcd, 0xcd, 0xcd, 0xcd, 0xcd, 0xcd, 0xcd, 0xcd, 0xcd, 0xcd,
	0xcd, 0xcd, 0xcd, 0xcd, 0xcd, 0xcd, 0xcd, 0xcd, 0xcd, 0xcd, 0xcd, 0xcd, 0xcd, 0xcd, 0xcd, 0xcd,
	0xcd, 0xcd, 0xcd, 0xcd, 0xcd, 0xcd, 0xcd, 0xcd, 0xcd, 0xcd, 0xcd, 0xcd, 0xcd, 0xcd, 0xcd, 0xcd,
	0xcd, 0xcd, 0xcd, 0xcd, 0xcd, 0xcd, 0xcd, 0xcd, 0xcd, 0xcd, 0xcd, 0xcd, 0xcd, 0xcd, 0xcd, 0xcd,
	0xcd, 0xcd, 0xcd, 0xcd, 0xcd, 0xcd, 0xcd, 0xcd, 0xcd, 0xcd, 0xcd, 0xcd, 0xcd, 0xcd, 0xcd, 0xcd,
	0xcd, 0xcd, 0xcd, 0xcd, 0xcd, 0xcd, 0xcd, 0xcd, 0xcd, 0xcd, 0xcd, 0xcd, 0xcd, 0xcd, 0xcd, 0xcd,
	0xcd, 0xcd, 0xcd, 0xcd, 0xcd, 0xcd, 0xcd, 0xcd, 0xcd, 0xcd, 0xcd, 0xcd, 0xcd, 0xcd, 0xcd, 0xcd,
	0xcd, 0xcd, 0xcd, 0xcd, 0xcd, 0xcd, 0xcd, 0xcd, 0xcd, 0xcd, 0xcd, 0xcd, 0xcd, 0x9e, 0x30, 0x30,
	0x96, 0x96, 0x96, 0x96, 0x96, 0x96, 0x96, 0x96, 0x96, 0x96, 0x96, 0x96, 0x96, 0x96, 0x96, 0x96,
	0x96, 0x96, 0x96, 0x96, 0x96, 0x96, 0x96, 0x96, 0x96, 0x96, 0x96, 0x96, 0x96, 0x96, 0x96, 0x96,
	0x30, 0x30, 0x30, 0x30, 0x30, 0x30, 0x30, 0x30, 0x30, 0x30, 0x30, 0x30, 0x30, 0x30, 0x30, 0x30,
	0x30, 0x30, 0x30, 0x30, 0x30, 0x30, 0x30, 0x30, 0x30, 0x30, 0x30, 0x30, 0x30, 0x30, 0x30, 0x30,
	0x30, 0x30, 0x30, 0x30, 0x30, 0x30, 0x30, 0x30, 0x30, 0x30, 0x30, 0x30, 0x30, 0x30, 0x30, 0x30,
	0x30, 0x30, 0x30, 0x30, 0x30, 0x30, 0x30, 0x30, 0x30, 0x30, 0x30, 0x30, 0x30, 0x30, 0x30, 0x30,
	0x30, 0x30, 0x30, 0x30, 0x30, 0x30, 0x30, 0x30, 0x30, 0x30, 0x30, 0x30, 0x30, 0x30, 0x30, 0x30,
	0x30, 0x30, 0x30, 0x30, 0x30, 0x30, 0x30, 0x30, 0x30, 0x30, 0x30, 0x30, 0x30, 0x30, 0x30, 0x30,
	0x30, 0x30, 0x30, 0x30, 0x30, 0x30, 0x30, 0x30, 0x30, 0x30, 0x30, 0x30, 0x30, 0x30, 0x30, 0x30,
	0x30, 0x30, 0x30, 0x30, 0x30, 0x30, 0x30, 0x30, 0x30, 0x30, 0x30, 0x30, 0x30, 0x30, 0x30, 0x30,
	0x30, 0x30, 0x30, 0x30, 0x30, 0x30, 0x30, 0x30, 0x30, 0x30, 0x30, 0x30, 0x30, 0x30, 0x30, 0x30,
	0x30, 0x30, 0x30, 0x30, 0x30, 0x30, 0x30, 0x30, 0x30, 0x30, 0x30, 0x30, 0x30, 0x30, 0x30, 0x30,
	0x30, 0x30, 0x30, 0x30, 0x30, 0x30, 0x30, 0x30, 0x30, 0x30, 0x30, 0x30, 0x30, 0x30, 0x30, 0x30,
	0x30, 0x30, 0x30, 0x30, 0x30, 0x30, 0x30, 0x30, 0x30, 0x30, 0x30, 0x30, 0x30, 0x30, 0x30, 0x30,
	0x30, 0x30, 0x30, 0x30, 0x30, 0x30, 0x30, 0x30, 0x30, 0x30, 0x30, 0x30, 0x30, 0x30, 0x30, 0x30,
	0x30, 0x30, 0x30, 0x30, 0x30, 0x30, 0x30, 0x30, 0x30, 0x30, 0x30, 0x30, 0x30, 0x30, 0x30, 0x30,
	0x30, 0x30, 0x30, 0x30, 0x30, 0x30, 0x30, 0x30, 0x30, 0x30, 0x30, 0x30, 0x30, 0x30, 0x30, 0x30,
	0x30, 0x30, 0x30, 0x30, 0x30, 0x30, 0x30, 0x30, 0x30, 0x30, 0x30, 0x30, 0x30, 0x30, 0x30, 0x30,
	0x30, 0x30, 0x30, 0x30, 0x30, 0x30, 0x30, 0x30, 0x30, 0x30, 0x30, 0x30, 0x30, 0x30, 0x30, 0x30,
	0x30, 0x30, 0x30, 0x30, 0x30, 0x30, 0x30, 0x30, 0x30, 0x30, 0x30, 0x30, 0x30, 0x30, 0x30, 0x30,
	0x30, 0x30, 0x30, 0x30, 0x30, 0x30, 0x30, 0x30, 0x30, 0x30, 0x30, 0x30, 0x30, 0x30, 0x30, 0x30,
	0x30, 0x30, 0x30, 0x30, 0x30, 0x30, 0x30, 0x30, 0x30, 0x30, 0x30, 0x30, 0x30, 0x30, 0x30, 0x30,
	0x80, 0x80, 0xc0, 0x100, 0x140, 0x170, 0x1a4, 0x1d8, 0x218, 0xc0, 0xc0, 0xc0, 0xc0, 0xc0, 0xc0, 0xc0,
	0xc0, 0xc0, 0xc0, 0xc0, 0xc0, 0xc0, 0xc0, 0xc0, 0xc0, 0xc0, 0xc0, 0xc0, 0xc0, 0xc0, 0xc0, 0xc0
};

static constexpr uint32_t s_coll_foTrieData[856] = {
	0xcb, 0x0, 0x0, 0x0, 0x0, 0x0, 0x0, 0x0,
	0x0, 0x3040505, 0x3060505, 0x3080505, 0x30a0505, 0x30c0505, 0x0, 0x0,
	0x0, 0x0, 0x0, 0x0, 0x0, 0x0, 0x0, 0x0,
	0x0, 0x0, 0x0, 0x0, 0x0, 0x0, 0x0, 0x0,
	0x4000505, 0x75a0505, 0x9760505, 0xa940505, 0xda90505, 0xa960505, 0xa8e0505, 0x9700505,
	0x97c0505, 0x97e0505, 0xa7e0505, 0xc7b0505, 0x6000505, 0x50e0505, 0x8000505, 0xa880505,
	0xda0ca, 0xdc1ca, 0xde2ca, 0xe03ca, 0xe24ca, 0xe45ca, 0xe66ca, 0xe87ca,
	0xea8ca, 0xec9ca, 0x7360505, 0x72a0505, 0xc850505, 0xc870505, 0xc890505, 0x7640505,
	0xa7c0505, 0x4c9, 0x2d00059c, 0x2f00059c, 0x3100059c, 0x1ca6c9, 0x3500059c, 0x3700059c,
	0x3900059c, 0x3b00059c, 0x3d00059c, 0x3f00059c, 0x4100059c, 0x4300059c, 0x4500059c, 0x1d66c9,
	0x4900059c, 0x4b00059c, 0x4d00059c, 0x4f00059c, 0x5100059c, 0x1e86c9, 0x5500059c, 0x570005a0,
	0x5900059c, 0x5b00059c, 0x5d00059c, 0x9800505, 0xa8a0505, 0x9820505, 0xc0a0505, 0x50a0505,
	0xc040505, 0x2024c9, 0x2d000505, 0x2f000505, 0x31000505, 0x2ee6c9, 0x35000505, 0x37000505,
	0x39000505, 0x3b000505, 0x3d000505, 0x3f000505, 0x41000505, 0x43000505, 0x45000505, 0x2fa6c9,
	0x49000505, 0x4b000505, 0x4d000505, 0x4f000505, 0x51000505, 0x30c6c9, 0x55000505, 0x57000505,
	0x59000505, 0x5b000505, 0x5d000505, 0x9840505, 0xc8d0505, 0x9860505, 0xc910505, 0x0,
	0xfffd0505, 0xfffd0505, 0xfffd0505, 0xfffd0505, 0xfffd0505, 0xfffd0505, 0xfffd0505, 0xfffd0505,
	0xfffd0505, 0xfffd0505, 0xfffd0505, 0xfffd0505, 0xfffd0505, 0xfffd0505, 0xfffd0505, 0xfffd0505,
	0xfffd0505, 0xfffd0505, 0xfffd0505, 0xfffd0505, 0xfffd0505, 0xfffd0505, 0xfffd0505, 0xfffd0505,
	0xfffd0505, 0xfffd0505, 0xfffd0505, 0xfffd0505, 0xfffd0505, 0xfffd0505, 0xfffd0505, 0xfffd0505,
	0xfffd0505, 0xfffd0505, 0xfffd0505, 0xfffd0505, 0xfffd0505, 0xfffd0505, 0xfffd0505, 0xfffd0505,
	0xfffd0505, 0xfffd0505, 0xfffd0505, 0xfffd0505, 0xfffd0505, 0xfffd0505, 0xfffd0505, 0xfffd0505,
	0xfffd0505, 0xfffd0505, 0xfffd0505, 0xfffd0505, 0xfffd0505, 0xfffd0505, 0xfffd0505, 0xfffd0505,
	0xfffd0505, 0xfffd0505, 0xfffd0505, 0xfffd0505, 0xfffd0505, 0xfffd0505, 0xfffd0505, 0xfffd0505,
	0xc0, 0xc0, 0xc0, 0xc0, 0xc0, 0xc0, 0xc0, 0xc0,
	0xc0, 0xc0, 0xc0, 0xc0, 0xc0, 0xc0, 0xc0, 0xc0,
	0xc0, 0xc0, 0xc0, 0xc0, 0xc0, 0xc0, 0xc0, 0xc0,
	0xc0, 0xc0, 0xc0, 0xc0, 0xc0, 0xc0, 0xc0, 0xc0,
	0xc0, 0xc0, 0xc0, 0xc0, 0xc0, 0xc0, 0xc0, 0xc0,
	0xc0, 0xc0, 0xc0, 0xc0, 0xc0, 0xc0, 0xc0, 0xc0,
	0xc0, 0xc0, 0xc0, 0xc0, 0xc0, 0xc0, 0xc0, 0xc0,
	0xc0, 0xc0, 0xc0, 0xc0, 0xc0, 0xc0, 0xc0, 0xc0,
	0x2b9c8ac4, 0x2b9c88c4, 0x2b9c8ec4, 0x2b9c9ac4, 0x881c6, 0x8a1c6, 0x1b61c6, 0x2f9ca0c4,
	0x339c8ac4, 0x339c88c4, 0x339c8ec4, 0x339c96c4, 0x3b9c8ac4, 0x3b9c88c4, 0x3b9c8ec4, 0x3b9c96c4,
	0x31004786, 0x459c9ac4, 0x479c8ac4, 0x479c88c4, 0x479c8ec4, 0x479c9ac4, 0x11e1c6, 0xc830505,
	0x1b81c6, 0x539c8ac4, 0x539c88c4, 0x539c8ec4, 0x5b004686, 0x5b9c88c4, 0xa2c5, 0xd62c5,
	0x2b058ac4, 0x2b0588c4, 0x2b058ec4, 0x2b059ac4, 0x1661c6, 0x5e7904c1, 0x5e7902c1, 0x2f05a0c4,
	0x33058ac4, 0x330588c4, 0x33058ec4, 0x330596c4, 0x3b058ac4, 0x3b0588c4, 0x3b058ec4, 0x3b0596c4,
	0x31004705, 0x45059ac4, 0x47058ac4, 0x470588c4, 0x47058ec4, 0x47059ac4, 0x1b21c6, 0xc810505,
	0x5e7903c1, 0x53058ac4, 0x530588c4, 0x53058ec4, 0x5b004605, 0x5b0588c4, 0xe2c5, 0x5b0596c4,
	0xc0, 0xc0, 0xc0, 0xc0, 0x3286c9, 0x33a6c9, 0xc0, 0xc0,
	0xc0, 0xc0, 0xc0, 0xc0, 0xc0, 0xc0, 0xc0, 0xc0,
	0x31004686, 0x31004605, 0xc0, 0xc0, 0xc0, 0xc0, 0xc0, 0xc0,
	0x11c1c6, 0x1b01c6, 0xc0, 0xc0, 0xc0, 0xc0, 0xc0, 0xc0,
	0xc0, 0xc0, 0xc0, 0xc0, 0xc0, 0xc0, 0xc0, 0xc0,
	0xc0, 0xc0, 0xc0, 0xc0, 0xc0, 0xc0, 0xc0, 0xc0,
	0xc0, 0xc0, 0xc0, 0xc0, 0xc0, 0xc0, 0xc0, 0xc0,
	0xc0, 0xc0, 0xc0, 0xc0, 0xc0, 0xc0, 0xc0, 0xc0,
	0x1201c6, 0x1b41c6, 0x1c61c6, 0x1c81c6, 0xc0, 0xc0, 0xc0, 0xc0,
	0xc0, 0xc0, 0xc0, 0xc0, 0xc0, 0xc0, 0xc0, 0xc0,
	0xc0, 0xc0, 0xc0, 0xc0, 0xc0, 0xc0, 0xc0, 0xc0,
	0xc0, 0xc0, 0xc0, 0xc0, 0xc0, 0xc0, 0xc0, 0xc0,
	0x5b004786, 0x5b004705, 0x34c6c9, 0x35e6c9, 0xc0, 0xc0, 0xc0, 0xc0,
	0xc0, 0xc0, 0xc0, 0xc0, 0xc0, 0xc0, 0xc0, 0xc0,
	0xc0, 0xc0, 0xc0, 0xc0, 0xc0, 0xc0, 0xc0, 0xc0,
	0xc0, 0xc0, 0xc0, 0xc0, 0xc0, 0xc0, 0xc0, 0xc0,
	0xc0, 0xc0, 0xc0, 0xc0, 0x3706c9, 0x3826c9, 0xc0, 0xc0,
	0xc0, 0xc0, 0xc0, 0xc0, 0xc0, 0xc0, 0xc0, 0xc0,
	0xc0, 0xc0, 0xc0, 0x3946c9, 0x3a66c9, 0xc0, 0xc0, 0xc0,
	0xc0, 0xc0, 0xc0, 0xc0, 0xc0, 0xc0, 0xc0, 0xc0,
	0xc0, 0xc0, 0xc0, 0xc0, 0xc0, 0xc0, 0xc0, 0xc0,
	0xc0, 0xc0, 0xc0, 0xc0, 0xc0, 0x362c5, 0x3a2c5, 0x22c5,
	0x62c5, 0x3e2c5, 0x422c5, 0x462c5, 0x4a2c5, 0xc0, 0x1da2c6, 0x1de2c6,
	0xc0, 0xc0, 0x1e22c6, 0x4e2c5, 0xc0, 0xc0, 0xc0, 0xc0,
	0xc0, 0xc0, 0x3b86c9, 0x3ca6c9, 0xc0, 0xc0, 0xc0, 0xc0,
	0xc0, 0xc0, 0xc0, 0xc0, 0xc0, 0xc0, 0xc0, 0xc0,
	0xc0, 0xc0, 0x1f62c6, 0x522c5, 0x1fa2c6, 0x562c5, 0x1fe2c6, 0x5a2c5,
	0xc0, 0xc0, 0xc0, 0xc0, 0xc0, 0xc0, 0xc0, 0xc0,
	0xc0, 0xc0, 0xc0, 0xc0, 0xc0, 0xc0, 0xc0, 0xc0,
	0xc0, 0xc0, 0xc0, 0xc0, 0xc0, 0xc0, 0xc0, 0xc0,
	0xc0, 0xc0, 0xc0, 0xc0, 0xc0, 0xc0, 0xc0, 0xc0,
	0xc0, 0xc0, 0xc0, 0xc0, 0xc0, 0xc0, 0xc0, 0xc0,
	0xc0, 0xc0, 0x2022c6, 0x2062c6, 0xc0, 0xc0, 0xc0, 0xc0,
	0xc0, 0xc0, 0xc0, 0xc0, 0xc0, 0xc0, 0xc0, 0xc0,
	0xc0, 0xc0, 0xc0, 0xc0, 0xc0, 0xc0, 0xc0, 0xc0,
	0x1cd, 0x1cd, 0x1cd, 0x1cd, 0x1cd, 0x1cd, 0x1cd, 0x1cd,
	0x1cd, 0x1cd, 0x1cd, 0x1cd, 0x1cd, 0x1cd, 0x1cd, 0x1cd,
	0x1cd, 0x1cd, 0x1cd, 0x1cd, 0x1cd, 0x1cd, 0x1cd, 0x1cd,
	0x1cd, 0x1cd, 0x1cd, 0x1cd, 0x1cd, 0x1cd, 0x1cd, 0x1cd,
	0x1cc, 0x1cc, 0x1cc, 0x1cc, 0xc0, 0xc0, 0xc0, 0xc0,
	0xc0, 0xc0, 0xc0, 0xc0, 0xc0, 0xc0, 0xc0, 0xc0,
	0xc0, 0xc0, 0xc0, 0xc0, 0xc0, 0xc0, 0xc0, 0xc0,
	0xc0, 0xc0, 0xc0, 0xc0, 0xc0, 0xc0, 0xc0, 0xc0,
	0x3dc6c9, 0x3ee6c9, 0xc0, 0xc0, 0xc0, 0xc0, 0xc0, 0xc0,
	0xc0, 0xc0, 0xc0, 0xc0, 0xc0, 0xc0, 0xc0, 0xc0,
	0xc0, 0xc0, 0xc0, 0xc0, 0xc0, 0xc0, 0xc0, 0xc0,
	0xc0, 0xc0, 0xc0, 0xc0, 0xc0, 0xc0, 0xc0, 0xc0,
	0xc0, 0xc0, 0x4006c9, 0x4126c9, 0x4246c9, 0x4366c9, 0x4486c9, 0x45a6c9,
	0xc0, 0xc0, 0xc0, 0xc0, 0xc0, 0xc0, 0xc0, 0xc0,
	0x46c6c9, 0x47e6c9, 0xc0, 0xc0, 0xc0, 0xc0, 0xc0, 0xc0,
	0xc0, 0xc0, 0xc0, 0xc0, 0xc0, 0xc0, 0xc0, 0xc0,
	0xc0, 0xc0, 0xc0, 0xc0, 0xc0, 0xc0, 0xc0, 0xc0,
	0xc0, 0xc0, 0xc0, 0xc0, 0xc0, 0xc0, 0xc0, 0xc0,
	0x4906c9, 0x4a26c9, 0xc0, 0xc0, 0xc0, 0xc0, 0xc0, 0xc0,
	0xc0, 0xc0, 0xc0, 0xc0, 0xc0, 0xc0, 0xc0, 0xc0,
	0xc0, 0xc0, 0xc0, 0xc0, 0xc0, 0xc0, 0x4b46c9, 0x4c66c9,
	0x4d86c9, 0x4ea6c9, 0xc0, 0xc0, 0xc0, 0xc0, 0xc0, 0xc0,
	0xc0, 0xc0, 0xc0, 0xc0, 0x4fc6c9, 0x50e6c9, 0xc0, 0xc0,
	0xc0, 0xc0, 0xc0, 0xc0, 0xc0, 0xc0, 0xc0, 0xc0,
	0xc0, 0xc0, 0xc0, 0xc0, 0xc0, 0xc0, 0xc0, 0x8a1c6,
	0xc0, 0xc0, 0xc0, 0xc0, 0xc0, 0xc0, 0xc0, 0xc0,
	0xc0, 0xc0, 0xc0, 0xc0, 0xc0, 0xc0, 0xc0, 0xc0,
	0xc0, 0xc0, 0xc0, 0xc0, 0x1cc, 0x1cc, 0x1cc, 0x1cc,
	0x1cc, 0x1cc, 0x1cc, 0x1cc, 0x1cc, 0x1cc, 0x1cc, 0x1cc,
	0x1cc, 0x1cc, 0x1cc, 0x1cc, 0x1cc, 0x1cc, 0x1cc, 0x1cc,
	0x1cc, 0x1cc, 0x1cc, 0x1cc, 0x1cc, 0x1cc, 0x1cc, 0x1cc,
	0x1cc, 0x1cc, 0x1cc, 0x1cc, 0xc0, 0xc0, 0xc0, 0xc0
};

static constexpr int32_t s_coll_foTrieIndexLength = 2112;
static constexpr int32_t s_coll_foTrieDataLength = 856;
static constexpr char32_t s_coll_foTrieHighStart = 0xe000;
static constexpr int32_t s_coll_foTrieHighValueIndex = 852;

static constexpr uint32_t s_coll_foCe32s[119] = {
	0x0, 0x5b004686, 0x8805, 0x5b004605, 0x8805, 0x5100059d, 0x3900059c, 0x51000506,
	0x39000505, 0x5e7904c1, 0xa205, 0x5b004686, 0xa205, 0x5b004786, 0xa205, 0x5b004605,
	0xa205, 0x5b004705, 0xa205, 0x5b004686, 0xbe05, 0x5b004786, 0xbe05, 0x5b004605,
	0xbe05, 0x5b004705, 0xbe05, 0x5b004686, 0xa405, 0x5b004605, 0xa405, 0x5b004686,
	0x9005, 0x5b004605, 0x9005, 0x5b004686, 0x8a05, 0x5b004605, 0x8a05, 0x5e7902c1,
	0xa405, 0x5e7904c1, 0x8805, 0x5e7902c1, 0x8805, 0x5e7903c1, 0x8805, 0x5e7904c1,
	0xc805, 0x5b004686, 0xc605, 0x5b004786, 0xc605, 0x5b004605, 0xc605, 0x5b004705,
	0xc605, 0x5b004686, 0xd005, 0x5b004786, 0xd005, 0x5b004605, 0xd005, 0x5b004705,
	0xd005, 0x5b004686, 0xcc05, 0x5b004786, 0xcc05, 0x5b004605, 0xcc05, 0x5b004705,
	0xcc05, 0x5e7904c1, 0xc405, 0x4700059c, 0xbe05, 0xc405, 0x47000505, 0xbe05,
	0xc405, 0x5b004686, 0xc405, 0x5b004786, 0xc405, 0x5b004605, 0xc405, 0x5b004705,
	0xc405, 0x5300059c, 0xbe05, 0xc405, 0x5b004686, 0xbe05, 0xc405, 0x5b004786,
	0xbe05, 0xc405, 0x53000505, 0xbe05, 0xc405, 0x5b004605, 0xbe05, 0xc405,
	0x5b004705, 0xbe05, 0xc405, 0x4f007005, 0x4f000513, 0x12000505, 0x14000505, 0x16000505,
	0x18000505, 0x1a000505, 0x1c000505, 0x1e000505, 0x20000505, 0x22000505, 0x24000505
};

static constexpr int64_t s_coll_foCes[293] = {
	int64_t(0x5e79040005008900ULL), int64_t(0x5e79040005004800ULL), int64_t(0x5e79040005008900ULL), int64_t(0x8a000500ULL), int64_t(0x5e79040005008900ULL),
	int64_t(0x88000500ULL), int64_t(0x5e79040005008900ULL), int64_t(0x8e000500ULL), int64_t(0x5e79040005008900ULL), int64_t(0x9a000500ULL),
	int64_t(0x5e79040005008900ULL), int64_t(0x96000500ULL), int64_t(0x5e79040005008900ULL), int64_t(0x92000500ULL), int64_t(0x5e79040005004800ULL),
	int64_t(0x8a000500ULL), int64_t(0x5e79040005004800ULL), int64_t(0x88000500ULL), int64_t(0x5e79040005004800ULL), int64_t(0x8e000500ULL),
	int64_t(0x5e79040005004800ULL), int64_t(0x9a000500ULL), int64_t(0x5e79040005004800ULL), int64_t(0x96000500ULL), int64_t(0x5e79040005004800ULL),
	int64_t(0x92000500ULL), int64_t(0x5e79040005008900ULL), int64_t(0xa4000500ULL), int64_t(0x5e79040005004800ULL), int64_t(0xa4000500ULL),
	int64_t(0x5e79040005008900ULL), int64_t(0x8c000500ULL), int64_t(0x5e79040005004800ULL), int64_t(0x8c000500ULL), int64_t(0x5e79040005008900ULL),
	int64_t(0xa2000500ULL), int64_t(0x5e79040005004800ULL), int64_t(0xa2000500ULL), int64_t(0x5e79040005008900ULL), int64_t(0x90000500ULL),
	int64_t(0x5e79040005004800ULL), int64_t(0x90000500ULL), int64_t(0x5e79040005008900ULL), int64_t(0x96000500ULL), int64_t(0xa4000500ULL),
	int64_t(0x5e79040005004800ULL), int64_t(0x96000500ULL), int64_t(0xa4000500ULL), int64_t(0x5e79040005008900ULL), int64_t(0x9c000500ULL),
	int64_t(0xa4000500ULL), int64_t(0x5e79040005004800ULL), int64_t(0x9c000500ULL), int64_t(0xa4000500ULL), int64_t(0x5e79040005008900ULL),
	int64_t(0x92000500ULL), int64_t(0x88000500ULL), int64_t(0x5e79040005004800ULL), int64_t(0x92000500ULL), int64_t(0x88000500ULL),
	int64_t(0x5e79040005008900ULL), int64_t(0xb8000500ULL), int64_t(0x5e79040005004800ULL), int64_t(0xb8000500ULL), int64_t(0x5e79040005008900ULL),
	int64_t(0xbc000500ULL), int64_t(0x5e79040005004800ULL), int64_t(0xbc000500ULL), int64_t(0x5e79020046008600ULL), int64_t(0x5e79040005008600ULL),
	int64_t(0x5e79040005008900ULL), int64_t(0xc8000500ULL), int64_t(0x5e79040005004800ULL), int64_t(0xc8000500ULL), int64_t(0x5e79040005008900ULL),
	int64_t(0xc4000500ULL), int64_t(0x5e79040005004800ULL), int64_t(0xc4000500ULL), int64_t(0x5e79040005008900ULL), int64_t(0xb6000500ULL),
	int64_t(0x5e79040005004800ULL), int64_t(0xb6000500ULL), int64_t(0x5e79040005008900ULL), int64_t(0x8e000500ULL), int64_t(0x88000500ULL),
	int64_t(0x5e79040005004800ULL), int64_t(0x8e000500ULL), int64_t(0x88000500ULL), int64_t(0x5e79040005008900ULL), int64_t(0x8e000500ULL),
	int64_t(0x8a000500ULL), int64_t(0x5e79040005004800ULL), int64_t(0x8e000500ULL), int64_t(0x8a000500ULL), int64_t(0x5e79040005008900ULL),
	int64_t(0x8e000500ULL), int64_t(0xb6000500ULL), int64_t(0x5e79040005004800ULL), int64_t(0x8e000500ULL), int64_t(0xb6000500ULL),
	int64_t(0x5e79040005008900ULL), int64_t(0x8e000500ULL), int64_t(0x9a000500ULL), int64_t(0x5e79040005004800ULL), int64_t(0x8e000500ULL),
	int64_t(0x9a000500ULL), int64_t(0x5e79040005008900ULL), int64_t(0xc4000500ULL), int64_t(0x8e000500ULL), int64_t(0x5e79040005004800ULL),
	int64_t(0xc4000500ULL), int64_t(0x8e000500ULL), int64_t(0x5e79040005008900ULL), int64_t(0x8c000500ULL), int64_t(0x88000500ULL),
	int64_t(0x5e79040005004800ULL), int64_t(0x8c000500ULL), int64_t(0x88000500ULL), int64_t(0x5e79040005008900ULL), int64_t(0x8c000500ULL),
	int64_t(0x8a000500ULL), int64_t(0x5e79040005004800ULL), int64_t(0x8c000500ULL), int64_t(0x8a000500ULL), int64_t(0x5e79040005008900ULL),
	int64_t(0x8c000500ULL), int64_t(0xb6000500ULL), int64_t(0x5e79040005004800ULL), int64_t(0x8c000500ULL), int64_t(0xb6000500ULL),
	int64_t(0x5e79040005008900ULL), int64_t(0x8c000500ULL), int64_t(0x9a000500ULL), int64_t(0x5e79040005004800ULL), int64_t(0x8c000500ULL),
	int64_t(0x9a000500ULL), int64_t(0x5e79040005008900ULL), int64_t(0xc4000500ULL), int64_t(0x8c000500ULL), int64_t(0x5e79040005004800ULL),
	int64_t(0xc4000500ULL), int64_t(0x8c000500ULL), int64_t(0x5e79020047008600ULL), int64_t(0x5e79030046008600ULL), int64_t(0x5e79030047008600ULL),
	int64_t(0x5e79040005000700ULL), int64_t(0x5e79040005000700ULL), int64_t(0x8a000500ULL), int64_t(0x5e79040005000700ULL), int64_t(0x88000500ULL),
	int64_t(0x5e79040005000700ULL), int64_t(0x8e000500ULL), int64_t(0x5e79040005000700ULL), int64_t(0x9a000500ULL), int64_t(0x5e79040005000700ULL),
	int64_t(0x96000500ULL), int64_t(0x5e79040005000700ULL), int64_t(0x92000500ULL), int64_t(0x5e79040005000700ULL), int64_t(0xa4000500ULL),
	int64_t(0x5e79040005000700ULL), int64_t(0x8c000500ULL), int64_t(0x5e79040005000700ULL), int64_t(0xa2000500ULL), int64_t(0x5e79040005000700ULL),
	int64_t(0x90000500ULL), int64_t(0x5e79040005000700ULL), int64_t(0x96000500ULL), int64_t(0xa4000500ULL), int64_t(0x5e79040005000700ULL),
	int64_t(0x9c000500ULL), int64_t(0xa4000500ULL), int64_t(0x5e79040005000700ULL), int64_t(0x92000500ULL), int64_t(0x88000500ULL),
	int64_t(0x5e79040005000700ULL), int64_t(0xb8000500ULL), int64_t(0x5e79040005000700ULL), int64_t(0xbc000500ULL), int64_t(0x5e79020046000500ULL),
	int64_t(0x5e79040005000700ULL), int64_t(0xc8000500ULL), int64_t(0x5e79040005000700ULL), int64_t(0xc4000500ULL), int64_t(0x5e79040005000700ULL),
	int64_t(0xb6000500ULL), int64_t(0x5e79040005000700ULL), int64_t(0x8e000500ULL), int64_t(0x88000500ULL), int64_t(0x5e79040005000700ULL),
	int64_t(0x8e000500ULL), int64_t(0x8a000500ULL), int64_t(0x5e79040005000700ULL), int64_t(0x8e000500ULL), int64_t(0xb6000500ULL),
	int64_t(0x5e79040005000700ULL), int64_t(0x8e000500ULL), int64_t(0x9a000500ULL), int64_t(0x5e79040005000700ULL), int64_t(0xc4000500ULL),
	int64_t(0x8e000500ULL), int64_t(0x5e79040005000700ULL), int64_t(0x8c000500ULL), int64_t(0x88000500ULL), int64_t(0x5e79040005000700ULL),
	int64_t(0x8c000500ULL), int64_t(0x8a000500ULL), int64_t(0x5e79040005000700ULL), int64_t(0x8c000500ULL), int64_t(0xb6000500ULL),
	int64_t(0x5e79040005000700ULL), int64_t(0x8c000500ULL), int64_t(0x9a000500ULL), int64_t(0x5e79040005000700ULL), int64_t(0xc4000500ULL),
	int64_t(0x8c000500ULL), int64_t(0x5e79020047000500ULL), int64_t(0x5e79030046000500ULL), int64_t(0x5e79030047000500ULL), int64_t(0x5e79020005008600ULL),
	int64_t(0x5e79030005008600ULL), int64_t(0x5e79020046008600ULL), int64_t(0xa2000500ULL), int64_t(0x5e79040005008600ULL), int64_t(0xa2000500ULL),
	int64_t(0x5e79020046000500ULL), int64_t(0xa2000500ULL), int64_t(0x5e79030048008600ULL), int64_t(0x5e79030048000500ULL), int64_t(0x5e79030046008600ULL),
	int64_t(0xbe000500ULL), int64_t(0x5e79030047008600ULL), int64_t(0xbe000500ULL), int64_t(0x5e79030046000500ULL), int64_t(0xbe000500ULL),
	int64_t(0x5e79030047000500ULL), int64_t(0xbe000500ULL), int64_t(0x5e79020046008600ULL), int64_t(0xa4000500ULL), int64_t(0x5e79020046000500ULL),
	int64_t(0xa4000500ULL), int64_t(0x5e79020005008600ULL), int64_t(0xa4000500ULL), int64_t(0x5e79030046008600ULL), int64_t(0xa2000500ULL),
	int64_t(0x5e79030047008600ULL), int64_t(0xa2000500ULL), int64_t(0x5e79030046000500ULL), int64_t(0xa2000500ULL), int64_t(0x5e79030047000500ULL),
	int64_t(0xa2000500ULL), int64_t(0x5e79040005008600ULL), int64_t(0x88000500ULL), int64_t(0x5e79020005008600ULL), int64_t(0x88000500ULL),
	int64_t(0x5e79030005008600ULL), int64_t(0x88000500ULL), int64_t(0x5e79030046008600ULL), int64_t(0xa4000500ULL), int64_t(0x5e79030046000500ULL),
	int64_t(0xa4000500ULL), int64_t(0x5e79020046008600ULL), int64_t(0xc8000500ULL), int64_t(0x5e79040005008600ULL), int64_t(0xc8000500ULL),
	int64_t(0x5e79020046000500ULL), int64_t(0xc8000500ULL), int64_t(0x5e79020046008600ULL), int64_t(0xc4000500ULL), int64_t(0x5e79040005008600ULL),
	int64_t(0xc4000500ULL), int64_t(0x5e79020046000500ULL), int64_t(0xc4000500ULL), int64_t(0x5e79030046008600ULL), int64_t(0xc4000500ULL),
	int64_t(0x5e79030047008600ULL), int64_t(0xc4000500ULL), int64_t(0x5e79030046000500ULL), int64_t(0xc4000500ULL), int64_t(0x5e79030047000500ULL),
	int64_t(0xc4000500ULL), int64_t(0x5e79030046008600ULL), int64_t(0xbe000500ULL), int64_t(0xc4000500ULL), int64_t(0x5e79030047008600ULL),
	int64_t(0xbe000500ULL), int64_t(0xc4000500ULL), int64_t(0x5e79030046000500ULL), int64_t(0xbe000500ULL), int64_t(0xc4000500ULL),
	int64_t(0x5e79030047000500ULL), int64_t(0xbe000500ULL), int64_t(0xc4000500ULL)
};

static constexpr char16_t s_coll_foContexts[656] = {
	0x2b00, 0x59c, 0x0, 0x3e, 0x203, 0x76, 0x1ea9, 0x36, 0x1eb1, 0x1a, 0x1eb5, 0xc,
	0x1eb5, 0xc010, 0xa3c6, 0x1eb6, 0xc011, 0x3c6, 0x1eb7, 0xc011, 0x63c6, 0x212b, 0xc001, 0x82c6,
	0x1eb1, 0xc00f, 0x23c6, 0x1eb2, 0xc00f, 0x83c6, 0x1eb3, 0xc00f, 0xe3c6, 0x1eb4, 0xc010, 0x43c6,
	0x1ead, 0xc, 0x1ead, 0xc00d, 0xa3c6, 0x1eae, 0xc00e, 0x3c6, 0x1eaf, 0xc00e, 0x63c6, 0x1eb0,
	0xc00e, 0xc3c6, 0x1ea9, 0xc00c, 0x23c6, 0x1eaa, 0xc00c, 0x83c6, 0x1eab, 0xc00c, 0xe3c6, 0x1eac,
	0xc00d, 0x43c6, 0x1ea1, 0x1a, 0x1ea5, 0xc, 0x1ea5, 0xc00a, 0xa3c6, 0x1ea6, 0xc00b, 0x3c6,
	0x1ea7, 0xc00b, 0x63c6, 0x1ea8, 0xc00b, 0xc3c6, 0x1ea1, 0xc009, 0x82c6, 0x1ea2, 0xc009, 0xc2c6,
	0x1ea3, 0xc00a, 0x2c6, 0x1ea4, 0xc00a, 0x43c6, 0x30a, 0xc, 0x30a, 0xc008, 0xa1c6, 0x1e00,
	0xc008, 0xc2c6, 0x1e01, 0xc009, 0x2c6, 0x1ea0, 0xc009, 0x42c6, 0x203, 0xc008, 0x42c6, 0x226,
	0x5, 0x227, 0x8, 0x308, 0xc008, 0x81c6, 0x41f0, 0x2c6, 0x304, 0xc006, 0x3c6, 0x41f0,
	0x62c6, 0x304, 0xc006, 0x63c6, 0x101, 0x36, 0x1df, 0x1a, 0x1fb, 0xc, 0x1fb, 0xc007,
	0x23c6, 0x200, 0xc007, 0x82c6, 0x201, 0xc007, 0xc2c6, 0x202, 0xc008, 0x2c6, 0x1df, 0xc005,
	0xa3c6, 0x1e0, 0xc006, 0x3c6, 0x1e1, 0xc006, 0x63c6, 0x1fa, 0xc006, 0xc3c6, 0x105, 0xc,
	0x105, 0xc004, 0x82c6, 0x1cd, 0xc004, 0xc2c6, 0x1ce, 0xc005, 0x2c6, 0x1de, 0xc005, 0x43c6,
	0x101, 0xc003, 0x82c6, 0x102, 0xc003, 0xc2c6, 0x103, 0xc004, 0x2c6, 0x104, 0xc004, 0x42c6,
	0xc5, 0x1a, 0xe3, 0xc, 0xe3, 0xc002, 0x82c6, 0xe4, 0xc002, 0xc2c6, 0xe5, 0xc003,
	0x2c6, 0x100, 0xc003, 0x42c6, 0xc5, 0xc001, 0x82c6, 0xe0, 0xc001, 0xc2c6, 0xe1, 0xc002,
	0x2c6, 0xe2, 0xc002, 0x42c6, 0xc1, 0xc, 0xc1, 0xc000, 0x82c6, 0xc2, 0xc000, 0xc2c6,
	0xc3, 0xc001, 0x2c6, 0xc4, 0xc001, 0x42c6, 0x41, 0x81c6, 0x61, 0xa1c6, 0xc0, 0xc000,
	0x42c6, 0x3300, 0x59c, 0x30, 0x328, 0xc011, 0xc1c6, 0x4700, 0x59c, 0x1, 0x308, 0xc011,
	0xe1c6, 0x30b, 0xc012, 0x1c6, 0x5300, 0x59c, 0x2, 0x308, 0xffff, 0x5b00, 0x4686, 0x30b,
	0xffff, 0x5b00, 0x4786, 0x344, 0xa2c5, 0x2b00, 0x505, 0x1f, 0x227, 0x3b, 0x1ea9, 0x1a,
	0x1eb1, 0xc, 0x1eb1, 0xc019, 0x83c6, 0x1eb3, 0xc019, 0xe3c6, 0x1eb5, 0xc01a, 0x43c6, 0x1eb7,
	0xc01a, 0xa3c6, 0x1ea9, 0xc018, 0x3c6, 0x1eab, 0xc018, 0x63c6, 0x1ead, 0xc018, 0xc3c6, 0x1eaf,
	0xc019, 0x23c6, 0x1ea1, 0xc, 0x1ea1, 0xc016, 0xc2c6, 0x1ea3, 0xc017, 0x2c6, 0x1ea5, 0xc017,
	0x43c6, 0x1ea7, 0xc017, 0xa3c6, 0x227, 0xa, 0x308, 0xc016, 0x61c6, 0x30a, 0xffff, 0x5e79,
	0x4c1, 0x1e01, 0xc016, 0x82c6, 0x45b0, 0x22c6, 0x304, 0xc015, 0x23c6, 0x103, 0x1a, 0x1e1,
	0xc, 0x1e1, 0xc015, 0x23c6, 0x1fb, 0xc015, 0x83c6, 0x201, 0xc015, 0xe2c6, 0x203, 0xc016,
	0x22c6, 0x103, 0xc014, 0x2c6, 0x105, 0xc014, 0x42c6, 0x1ce, 0xc014, 0x82c6, 0x1df, 0xc014,
	0xc3c6, 0xe3, 0xc, 0xe3, 0xc013, 0x2c6, 0xe4, 0xc013, 0x42c6, 0xe5, 0xc013, 0x82c6,
	0x101, 0xc013, 0xc2c6, 0x61, 0xc012, 0x21c6, 0xe0, 0xc012, 0x42c6, 0xe1, 0xc012, 0x82c6,
	0xe2, 0xc012, 0xc2c6, 0x3300, 0x505, 0x30, 0x328, 0xc01b, 0x1c6, 0x4700, 0x505, 0x1,
	0x308, 0xc01b, 0x21c6, 0x30b, 0xc01b, 0x41c6, 0x5300, 0x505, 0x2, 0x308, 0xffff, 0x5b00,
	0x4605, 0x30b, 0xffff, 0x5b00, 0x4705, 0x344, 0xc000, 0x62c5, 0x2b9c, 0xa2c4, 0x1, 0x308,
	0xc01b, 0xa2c6, 0x30a, 0xc01b, 0xe2c6, 0x2b05, 0xa2c4, 0x1, 0x308, 0xc01c, 0x22c6, 0x30a,
	0xc001, 0x22c5, 0x539c, 0xa2c4, 0x1, 0x308, 0xc001, 0x62c5, 0x30b, 0xc001, 0xa2c5, 0x5305,
	0xa2c4, 0x1, 0x308, 0xc001, 0xe2c5, 0x30b, 0xc002, 0x22c5, 0x479c, 0xbec4, 0x1, 0x308,
	0xc01c, 0xa2c6, 0x30b, 0xc01c, 0xe2c6, 0x4705, 0xbec4, 0x1, 0x308, 0xc01d, 0x22c6, 0x30b,
	0xc01d, 0x62c6, 0x539c, 0xbec4, 0x1, 0x308, 0xc002, 0x62c5, 0x30b, 0xc002, 0xa2c5, 0x5305,
	0xbec4, 0x1, 0x308, 0xc002, 0xe2c5, 0x30b, 0xc003, 0x22c5, 0x479c, 0xa2c4, 0x1, 0x308,
	0xc01e, 0x62c6, 0x30b, 0xc01e, 0xa2c6, 0x4705, 0xa2c4, 0x1, 0x308, 0xc01e, 0xe2c6, 0x30b,
	0xc01f, 0x22c6, 0x2b9c, 0xc8c4, 0x1, 0x308, 0xc020, 0xa2c6, 0x30a, 0xc020, 0xe2c6, 0x2b05,
	0xc8c4, 0x1, 0x308, 0xc021, 0x22c6, 0x30a, 0xc005, 0xe2c5, 0x539c, 0xc6c4, 0x1, 0x308,
	0xc006, 0x22c5, 0x30b, 0xc006, 0x62c5, 0x5305, 0xc6c4, 0x1, 0x308, 0xc006, 0xa2c5, 0x30b,
	0xc006, 0xe2c5, 0x539c, 0xd0c4, 0x1, 0x308, 0xc007, 0x22c5, 0x30b, 0xc007, 0x62c5, 0x5305,
	0xd0c4, 0x1, 0x308, 0xc007, 0xa2c5, 0x30b, 0xc007, 0xe2c5, 0x539c, 0xccc4, 0x1, 0x308,
	0xc008, 0x22c5, 0x30b, 0xc008, 0x62c5, 0x5305, 0xccc4, 0x1, 0x308, 0xc008, 0xa2c5, 0x30b,
	0xc008, 0xe2c5, 0x2b9c, 0xc4c4, 0x1, 0x308, 0xc021, 0x62c6, 0x30a, 0xc021, 0xa2c6, 0x2b05,
	0xc4c4, 0x1, 0x308, 0xc021, 0xe2c6, 0x30a, 0xc009, 0x22c5, 0x479c, 0xc4c4, 0x1, 0x308,
	0xc022, 0x22c6, 0x30b, 0xc022, 0x62c6, 0x4705, 0xc4c4, 0x1, 0x308, 0xc022, 0xa2c6, 0x30b,
	0xc022, 0xe2c6, 0x9, 0x63c5, 0x1, 0x308, 0xc023, 0x23c6, 0x30b, 0xc023, 0x83c6, 0x9,
	0xc3c5, 0x1, 0x308, 0xc023, 0xe3c6, 0x30b, 0xc024, 0x43c6, 0x539c, 0xc4c4, 0x1, 0x308,
	0xc00a, 0x22c5, 0x30b, 0xc00a, 0x62c5, 0x5305, 0xc4c4, 0x1, 0x308, 0xc00a, 0xa2c5, 0x30b,
	0xc00a, 0xe2c5, 0xb, 0x23c5, 0x1, 0x308, 0xc00b, 0x83c5, 0x30b, 0xc00b, 0xe3c5, 0xc,
	0x43c5, 0x1, 0x308, 0xc00c, 0xa3c5, 0x30b, 0xc00d, 0x3c5
};

static constexpr uint16_t s_coll_foFastLatin[560] = {
	0x205, 0xc40, 0xde0, 0xe80, 0xea8, 0x414, 0x0, 0x0, 0x0, 0x0, 0x0, 0x0,
	0x0, 0x0, 0xc00, 0xc08, 0xc10, 0xc18, 0xc20, 0x0, 0x0, 0x0, 0x0, 0x0,
	0x0, 0x0, 0x0, 0x0, 0x0, 0x0, 0x0, 0x0, 0x0, 0x0, 0x0, 0x0,
	0x0, 0xc40, 0xca8, 0xcf0, 0xd78, 0xe98, 0xd80, 0xd70, 0xcd8, 0xd08, 0xd10, 0xd58,
	0xe30, 0xc90, 0xc60, 0xcd0, 0xd60, 0x10a8, 0x14a8, 0x18a8, 0x1ca8, 0x20a8, 0x24a8, 0x28a8,
	0x2ca8, 0x30a8, 0x34a8, 0xca0, 0xc98, 0xe50, 0xe58, 0xe60, 0xcb8, 0xd50, 0x416, 0x3cb9,
	0x40b9, 0x44b9, 0x440, 0x4cb9, 0x50b9, 0x54b9, 0x58ba, 0x60ba, 0x64b9, 0x68b9, 0x6cb9, 0x70ba,
	0x442, 0x7cb9, 0x80b9, 0x88b9, 0x8cba, 0x90ba, 0x444, 0x9cb9, 0xa0b9, 0xa4b9, 0xa8b9, 0xacb9,
	0xd18, 0xd68, 0xd20, 0xdf8, 0xc50, 0xde8, 0x446, 0x3ca8, 0x40a8, 0x44a8, 0x45c, 0x4ca8,
	0x50a8, 0x54a8, 0x58a8, 0x60a8, 0x64a8, 0x68a8, 0x6ca8, 0x70a8, 0x45e, 0x7ca8, 0x80a8, 0x88a8,
	0x8ca8, 0x90a8, 0x460, 0x9ca8, 0xa0a8, 0xa4a8, 0xa8a8, 0xaca8, 0xd28, 0xe70, 0xd30, 0xe80,
	0x0, 0x0, 0x0, 0x0, 0x0, 0x0, 0xc28, 0x0, 0x0, 0x0, 0x0, 0x0,
	0x0, 0x0, 0x0, 0x0, 0x0, 0x0, 0x0, 0x0, 0x0, 0x0, 0x0, 0x0,
	0x0, 0x0, 0x0, 0x0, 0x0, 0x0, 0x0, 0x0, 0x0, 0xc42, 0xcb0, 0xe90,
	0xea0, 0xe88, 0xea8, 0xe78, 0xd40, 0xe08, 0xe20, 0x38aa, 0xcf8, 0xe68, 0x0, 0xe28,
	0xe00, 0xe18, 0xe38, 0x18a9, 0x1ca9, 0xdf0, 0x1, 0xd48, 0x1, 0xe10, 0x14a9, 0x78aa,
	0xd00, 0x1, 0x1, 0x1, 0xcc0, 0x39b9, 0x3999, 0x39f9, 0x3a79, 0xb4d9, 0xbcb9, 0xb4b9,
	0x42b9, 0x49b9, 0x4999, 0x49f9, 0x4a59, 0x59ba, 0x599a, 0x59fa, 0x5a5a, 0x44f9, 0x727a, 0x79b9,
	0x7999, 0x79f9, 0x7a79, 0xb8d9, 0xe48, 0xb8b9, 0x99b9, 0x9999, 0x99f9, 0xa8d9, 0xa999, 0x800,
	0x802, 0x39a8, 0x3988, 0x39e8, 0x3a68, 0xb4c8, 0xbca8, 0xb4a8, 0x42a8, 0x49a8, 0x4988, 0x49e8,
	0x4a48, 0x59a8, 0x5988, 0x59e8, 0x5a48, 0x44e8, 0x7268, 0x79a8, 0x7988, 0x79e8, 0x7a68, 0xb8c8,
	0xe40, 0xb8a8, 0x99a8, 0x9988, 0x99e8, 0xa8c8, 0xa988, 0x804, 0xaa48, 0x3af9, 0x3ae8, 0x39d9,
	0x39c8, 0x462, 0x464, 0x4199, 0x4188, 0x41f9, 0x41e8, 0x4299, 0x4288, 0x4219, 0x4208, 0x4619,
	0x4608, 0x44d9, 0x44c8, 0x4af9, 0x4ae8, 0x49d9, 0x49c8, 0x4a99, 0x4a88, 0xb4f9, 0xb4e8, 0x4a19,
	0x4a08, 0x51f9, 0x51e8, 0x51d9, 0x51c8, 0x5299, 0x5288, 0x52b9, 0x52a8, 0x55f9, 0x55e8, 0x5719,
	0x5708, 0x5a7a, 0x5a68, 0x5afa, 0x5ae8, 0x59da, 0x59c8, 0x5ada, 0x5ac8, 0x5a9a, 0x5ca8, 0x806,
	0x808, 0x61fa, 0x61e8, 0x66b9, 0x66a8, 0x84a8, 0x6999, 0x6988, 0x6ab9, 0x6aa8, 0x6a19, 0x6a08,
	0x6b39, 0x6b28, 0x6b19, 0x6b08, 0x719a, 0x7188, 0x72ba, 0x72a8, 0x721a, 0x7208, 0x80a, 0x74b9,
	0x74a8, 0x7af9, 0x7ae8, 0x79d9, 0x79c8, 0xb8f9, 0xb8e8, 0xb919, 0xb908, 0x8999, 0x8988, 0x8ab9,
	0x8aa8, 0x8a19, 0x8a08, 0x8d9a, 0x8d88, 0x8dfa, 0x8de8, 0x8eba, 0x8ea8, 0x8e1a, 0x8e08, 0x92ba,
	0x92a8, 0x921a, 0x9208, 0x94b9, 0x94a8, 0x9a79, 0x9a68, 0x9af9, 0x9ae8, 0x99d9, 0x99c8, 0x9a39,
	0x9a28, 0xa8f9, 0xa8e8, 0x466, 0x468, 0xa1f9, 0xa1e8, 0xa9f9, 0xa9e8, 0xaa59, 0xad99, 0xad88,
	0xae99, 0xae88, 0xae19, 0xae08, 0x8ce8, 0xc41, 0xc41, 0xc41, 0xc41, 0xc41, 0xc41, 0xc41,
	0xc42, 0xc41, 0xc41, 0xc41, 0x0, 0x0, 0x0, 0x0, 0x0, 0xc68, 0xc69, 0xc70,
	0xc78, 0xc80, 0xc88, 0xd38, 0xc58, 0x1, 0x1, 0x1, 0x1, 0x1, 0x1, 0x1,
	0x1, 0xd98, 0xda0, 0xda8, 0xdb0, 0xcd1, 0x80c, 0x1, 0xdb8, 0xc30, 0xc38, 0x0,
	0x0, 0x0, 0x0, 0x0, 0xc42, 0xd88, 0xd90, 0xdc0, 0x80e, 0x1, 0xdc8, 0x810,
	0x1, 0xdd0, 0xce0, 0xce8, 0xdd8, 0x812, 0xcc8, 0xc48, 0xde0, 0x90bb, 0x54b9, 0x8cc8,
	0x8ca9, 0x90a9, 0x54a8, 0x58bb, 0x60bb, 0x58a9, 0x60a9, 0xb0a9, 0x70a9, 0xcd1, 0xcd1, 0xdc1,
	0xdc1, 0xdc9, 0xdc9, 0xca9, 0xca9, 0x5ff, 0x0, 0x5ff, 0x38b9, 0x441, 0xbcbc, 0x461,
	0xbcb3, 0x4c0, 0xbdbc, 0x4c1, 0xbd9c, 0x4c2, 0xbdfc, 0x4c3, 0xbe7c, 0x4c4, 0xbe5c, 0x4c5,
	0xbe3c, 0x4e0, 0xbdb3, 0x4e1, 0xbd93, 0x4e2, 0xbdf3, 0x4e3, 0xbe73, 0x4e4, 0xbe53, 0x4e5,
	0xbe33, 0x500, 0xbefc, 0x501, 0xbef3, 0x502, 0xbddc, 0x503, 0xbdd3, 0x504, 0xbedc, 0x505,
	0xbed3, 0x5ff, 0x48b9, 0x5ff, 0x78b9, 0x5ff, 0x98b9, 0x5ff, 0x38a8, 0x461, 0xbcaa, 0x4e0,
	0xbdaa, 0x4e1, 0xbd8a, 0x4e2, 0xbdea, 0x4e3, 0xbe6a, 0x4e4, 0xbe4a, 0x4e5, 0xbe2a, 0x501,
	0xbeea, 0x503, 0xbdca, 0x505, 0xbeca, 0x5ff, 0x48a8, 0x5ff, 0x78a8, 0x5ff, 0x98a8, 0x5ff,
	0x3ad9, 0x5ff, 0x3ac8, 0x5ff, 0x9ad9, 0x5ff, 0x9ac8, 0x1ff
};

static constexpr uint16_t s_coll_foFastLatinPrimaries[384] = {
	0x0, 0x0, 0x0, 0x0, 0x0, 0x0, 0x0, 0x0, 0x0, 0xc00, 0xc08, 0xc10,
	0xc18, 0xc20, 0x0, 0x0, 0x0, 0x0, 0x0, 0x0, 0x0, 0x0, 0x0, 0x0,
	0x0, 0x0, 0x0, 0x0, 0x0, 0x0, 0x0, 0x0, 0xc40, 0xca8, 0xcf0, 0xd78,
	0xe98, 0xd80, 0xd70, 0xcd8, 0xd08, 0xd10, 0xd58, 0xe30, 0xc90, 0xc60, 0xcd0, 0xd60,
	0x1000, 0x1400, 0x1800, 0x1c00, 0x2000, 0x2400, 0x2800, 0x2c00, 0x3000, 0x3400, 0xca0, 0xc98,
	0xe50, 0xe58, 0xe60, 0xcb8, 0xd50, 0x0, 0x3c00, 0x4000, 0x4400, 0x0, 0x4c00, 0x5000,
	0x5400, 0x5800, 0x6000, 0x6400, 0x6800, 0x6c00, 0x7000, 0x0, 0x7c00, 0x8000, 0x8800, 0x8c00,
	0x9000, 0x0, 0x9c00, 0xa000, 0xa400, 0xa800, 0xac00, 0xd18, 0xd68, 0xd20, 0xdf8, 0xc50,
	0xde8, 0x0, 0x3c00, 0x4000, 0x4400, 0x0, 0x4c00, 0x5000, 0x5400, 0x5800, 0x6000, 0x6400,
	0x6800, 0x6c00, 0x7000, 0x0, 0x7c00, 0x8000, 0x8800, 0x8c00, 0x9000, 0x0, 0x9c00, 0xa000,
	0xa400, 0xa800, 0xac00, 0xd28, 0xe70, 0xd30, 0xe80, 0x0, 0x0, 0x0, 0x0, 0x0,
	0x0, 0xc28, 0x0, 0x0, 0x0, 0x0, 0x0, 0x0, 0x0, 0x0, 0x0, 0x0,
	0x0, 0x0, 0x0, 0x0, 0x0, 0x0, 0x0, 0x0, 0x0, 0x0, 0x0, 0x0,
	0x0, 0x0, 0x0, 0x0, 0xc40, 0xcb0, 0xe90, 0xea0, 0xe88, 0xea8, 0xe78, 0xd40,
	0xe08, 0xe20, 0x3800, 0xcf8, 0xe68, 0x0, 0xe28, 0xe00, 0xe18, 0xe38, 0x1800, 0x1c00,
	0xdf0, 0x0, 0xd48, 0x0, 0xe10, 0x1400, 0x7800, 0xd00, 0x0, 0x0, 0x0, 0xcc0,
	0x3800, 0x3800, 0x3800, 0x3800, 0xb400, 0xbc00, 0xb400, 0x4000, 0x4800, 0x4800, 0x4800, 0x4800,
	0x5800, 0x5800, 0x5800, 0x5800, 0x4400, 0x7000, 0x7800, 0x7800, 0x7800, 0x7800, 0xb800, 0xe48,
	0xb800, 0x9800, 0x9800, 0x9800, 0xa800, 0xa800, 0x0, 0x0, 0x3800, 0x3800, 0x3800, 0x3800,
	0xb400, 0xbc00, 0xb400, 0x4000, 0x4800, 0x4800, 0x4800, 0x4800, 0x5800, 0x5800, 0x5800, 0x5800,
	0x4400, 0x7000, 0x7800, 0x7800, 0x7800, 0x7800, 0xb800, 0xe40, 0xb800, 0x9800, 0x9800, 0x9800,
	0xa800, 0xa800, 0x0, 0xa800, 0x3800, 0x3800, 0x3800, 0x3800, 0x0, 0x0, 0x4000, 0x4000,
	0x4000, 0x4000, 0x4000, 0x4000, 0x4000, 0x4000, 0x4400, 0x4400, 0x4400, 0x4400, 0x4800, 0x4800,
	0x4800, 0x4800, 0x4800, 0x4800, 0xb400, 0xb400, 0x4800, 0x4800, 0x5000, 0x5000, 0x5000, 0x5000,
	0x5000, 0x5000, 0x5000, 0x5000, 0x5400, 0x5400, 0x5400, 0x5400, 0x5800, 0x5800, 0x5800, 0x5800,
	0x5800, 0x5800, 0x5800, 0x5800, 0x5800, 0x5c00, 0x0, 0x0, 0x6000, 0x6000, 0x6400, 0x6400,
	0x8400, 0x6800, 0x6800, 0x6800, 0x6800, 0x6800, 0x6800, 0x6800, 0x6800, 0x6800, 0x6800, 0x7000,
	0x7000, 0x7000, 0x7000, 0x7000, 0x7000, 0x0, 0x7400, 0x7400, 0x7800, 0x7800, 0x7800, 0x7800,
	0xb800, 0xb800, 0xb800, 0xb800, 0x8800, 0x8800, 0x8800, 0x8800, 0x8800, 0x8800, 0x8c00, 0x8c00,
	0x8c00, 0x8c00, 0x8c00, 0x8c00, 0x8c00, 0x8c00, 0x9000, 0x9000, 0x9000, 0x9000, 0x9400, 0x9400,
	0x9800, 0x9800, 0x9800, 0x9800, 0x9800, 0x9800, 0x9800, 0x9800, 0xa800, 0xa800, 0x0, 0x0,
	0xa000, 0xa000, 0xa800, 0xa800, 0xa800, 0xac00, 0xac00, 0xac00, 0xac00, 0xac00, 0xac00, 0x8c00
};

static constexpr int32_t s_coll_foFastLatinMiniVarTop = 0xbff;

static constexpr uint32_t s_coll_foNumericPrimary = 0x10000000;
static constexpr int32_t s_coll_foOptions = 0x2010;
static constexpr int32_t s_coll_foJamoCe32sStart = -1;

static constexpr uint32_t s_coll_foUnsafeBwd[866] = {
	0x34, 0x35, 0x41, 0x42, 0x4c, 0x4d, 0x61, 0x62, 0xa0, 0xa1, 0xc0, 0xc6,
	0xe0, 0xe6, 0x100, 0x106, 0x1cd, 0x1cf, 0x1de, 0x1e2, 0x1fa, 0x1fc, 0x200, 0x204,
	0x226, 0x228, 0x300, 0x34f, 0x350, 0x370, 0x3a9, 0x3aa, 0x3e2, 0x3e3, 0x42f, 0x430,
	0x483, 0x488, 0x531, 0x532, 0x591, 0x5be, 0x5bf, 0x5c0, 0x5c1, 0x5c3, 0x5c4, 0x5c6,
	0x5c7, 0x5c8, 0x5d0, 0x5d1, 0x610, 0x61b, 0x628, 0x629, 0x64b, 0x660, 0x670, 0x671,
	0x6d6, 0x6dd, 0x6df, 0x6e5, 0x6e7, 0x6e9, 0x6ea, 0x6ee, 0x710, 0x712, 0x730, 0x74b,
	0x78c, 0x78d, 0x7ca, 0x7cb, 0x7eb, 0x7f4, 0x7fd, 0x7fe, 0x800, 0x801, 0x816, 0x81a,
	0x81b, 0x824, 0x825, 0x828, 0x829, 0x82e, 0x840, 0x841, 0x859, 0x85c, 0x897, 0x8a0,
	0x8ca, 0x8e2, 0x8e3, 0x900, 0x905, 0x906, 0x93c, 0x93d, 0x94d, 0x94e, 0x951, 0x955,
	0x995, 0x996, 0x9bc, 0x9bd, 0x9be, 0x9bf, 0x9cd, 0x9ce, 0x9d7, 0x9d8, 0x9fe, 0x9ff,
	0xa15, 0xa16, 0xa3c, 0xa3d, 0xa4d, 0xa4e, 0xa95, 0xa96, 0xabc, 0xabd, 0xacd, 0xace,
	0xb15, 0xb16, 0xb3c, 0xb3d, 0xb3e, 0xb3f, 0xb4d, 0xb4e, 0xb56, 0xb58, 0xb95, 0xb96,
	0xbbe, 0xbbf, 0xbcd, 0xbce, 0xbd7, 0xbd8, 0xc15, 0xc16, 0xc3c, 0xc3d, 0xc4d, 0xc4e,
	0xc55, 0xc57, 0xc95, 0xc96, 0xcbc, 0xcbd, 0xcc2, 0xcc3, 0xccd, 0xcce, 0xcd5, 0xcd7,
	0xd15, 0xd16, 0xd3b, 0xd3d, 0xd3e, 0xd3f, 0xd4d, 0xd4e, 0xd57, 0xd58, 0xd85, 0xd86,
	0xdca, 0xdcb, 0xdcf, 0xdd0, 0xddf, 0xde0, 0xe01, 0xe2f, 0xe32, 0xe33, 0xe38, 0xe3b,
	0xe48, 0xe4c, 0xe81, 0xe83, 0xe84, 0xe85, 0xe86, 0xe8b, 0xe8c, 0xea4, 0xea5, 0xea6,
	0xea7, 0xeaf, 0xeb2, 0xeb3, 0xeb8, 0xebb, 0xec8, 0xecc, 0xedc, 0xee0, 0xf18, 0xf1a,
	0xf35, 0xf36, 0xf37, 0xf38, 0xf39, 0xf3a, 0xf40, 0xf41, 0xf71, 0xf76, 0xf7a, 0xf7e,
	0xf80, 0xf85, 0xf86, 0xf88, 0xfc6, 0xfc7, 0x1000, 0x1001, 0x102e, 0x102f, 0x1037, 0x1038,
	0x1039, 0x103b, 0x108d, 0x108e, 0x10d3, 0x10d4, 0x12a0, 0x12a1, 0x135d, 0x1360, 0x13c4, 0x13c5,
	0x14c0, 0x14c1, 0x168f, 0x1690, 0x16a0, 0x16a1, 0x1703, 0x1704, 0x1714, 0x1716, 0x1723, 0x1724,
	0x1734, 0x1735, 0x1743, 0x1744, 0x1763, 0x1764, 0x1780, 0x1781, 0x17d2, 0x17d3, 0x17dd, 0x17de,
	0x1826, 0x1827, 0x18a9, 0x18aa, 0x1900, 0x1901, 0x1939, 0x193c, 0x1950, 0x1951, 0x1980, 0x19ac,
	0x1a00, 0x1a01, 0x1a17, 0x1a19, 0x1a20, 0x1a21, 0x1a60, 0x1a61, 0x1a75, 0x1a7d, 0x1a7f, 0x1a80,
	0x1ab0, 0x1abe, 0x1abf, 0x1ade, 0x1ae0, 0x1aec, 0x1b05, 0x1b06, 0x1b34, 0x1b36, 0x1b44, 0x1b45,
	0x1b6b, 0x1b74, 0x1b83, 0x1b84, 0x1baa, 0x1bac, 0x1bc0, 0x1bc1, 0x1be6, 0x1be7, 0x1bf2, 0x1bf4,
	0x1c00, 0x1c01, 0x1c37, 0x1c38, 0x1c5a, 0x1c5b, 0x1cd0, 0x1cd3, 0x1cd4, 0x1ce1, 0x1ce2, 0x1ce9,
	0x1ced, 0x1cee, 0x1cf4, 0x1cf5, 0x1cf8, 0x1cfa, 0x1dc0, 0x1e02, 0x1ea0, 0x1eb8, 0x201c, 0x201d,
	0x20ac, 0x20ad, 0x20d0, 0x20dd, 0x20e1, 0x20e2, 0x20e5, 0x20f1, 0x212b, 0x212c, 0x263a, 0x263b,
	0x2c00, 0x2c01, 0x2cef, 0x2cf2, 0x2d30, 0x2d31, 0x2d7f, 0x2d80, 0x2de0, 0x2e00, 0x302a, 0x3030,
	0x304b, 0x304c, 0x3099, 0x309b, 0x30ab, 0x30ac, 0x3105, 0x3106, 0x5b57, 0x5b58, 0xa288, 0xa289,
	0xa4d0, 0xa4d1, 0xa549, 0xa54a, 0xa66f, 0xa670, 0xa674, 0xa67e, 0xa69e, 0xa6a1, 0xa6f0, 0xa6f2,
	0xa800, 0xa801, 0xa806, 0xa807, 0xa82c, 0xa82d, 0xa840, 0xa841, 0xa882, 0xa883, 0xa8c4, 0xa8c5,
	0xa8e0, 0xa8f2, 0xa90a, 0xa90b, 0xa92b, 0xa92e, 0xa930, 0xa931, 0xa953, 0xa954, 0xa984, 0xa985,
	0xa9b3, 0xa9b4, 0xa9c0, 0xa9c1, 0xaa00, 0xaa01, 0xaa80, 0xaab1, 0xaab2, 0xaab5, 0xaab7, 0xaab9,
	0xaabe, 0xaac0, 0xaac1, 0xaac2, 0xaaf6, 0xaaf7, 0xabc0, 0xabc1, 0xabed, 0xabee, 0xac00, 0xac01,
	0xd800, 0xd809, 0xd80b, 0xd80d, 0xd811, 0xd812, 0xd818, 0xd819, 0xd81a, 0xd81c, 0xd820, 0xd821,
	0xd823, 0xd824, 0xd82c, 0xd82d, 0xd82f, 0xd830, 0xd834, 0xd835, 0xd838, 0xd83b, 0xdc00, 0xe000,
	0xfb1e, 0xfb1f, 0xfdd0, 0xfdd1, 0xfe20, 0xfe30, 0x10000, 0x10001, 0x101fd, 0x101fe, 0x10280, 0x10281,
	0x102a0, 0x102a1, 0x102e0, 0x102e1, 0x10300, 0x10301, 0x10330, 0x10331, 0x1036b, 0x1036c, 0x10376, 0x1037b,
	0x10380, 0x10381, 0x103a0, 0x103a1, 0x10414, 0x10415, 0x10450, 0x10451, 0x10480, 0x10481, 0x104b5, 0x104b6,
	0x10500, 0x10501, 0x10537, 0x10538, 0x10582, 0x10583, 0x105c2, 0x105c3, 0x10647, 0x10648, 0x10800, 0x10801,
	0x10840, 0x10841, 0x10873, 0x10874, 0x10896, 0x10897, 0x108f4, 0x108f5, 0x10900, 0x10901, 0x10920, 0x10921,
	0x10950, 0x10951, 0x10980, 0x10981, 0x109a0, 0x109a1, 0x10a00, 0x10a01, 0x10a0d, 0x10a0e, 0x10a0f, 0x10a10,
	0x10a38, 0x10a3b, 0x10a3f, 0x10a40, 0x10a60, 0x10a61, 0x10a95, 0x10a96, 0x10ad8, 0x10ad9, 0x10ae5, 0x10ae7,
	0x10b00, 0x10b01, 0x10b40, 0x10b41, 0x10b60, 0x10b61, 0x10b8f, 0x10b90, 0x10c00, 0x10c01, 0x10ca1, 0x10ca2,
	0x10d12, 0x10d13, 0x10d24, 0x10d28, 0x10d5d, 0x10d5e, 0x10d69, 0x10d6e, 0x10e88, 0x10e89, 0x10eab, 0x10ead,
	0x10efa, 0x10efc, 0x10efd, 0x10f00, 0x10f19, 0x10f1a, 0x10f42, 0x10f43, 0x10f46, 0x10f51, 0x10f7c, 0x10f7d,
	0x10f82, 0x10f86, 0x10fbf, 0x10fc0, 0x10ff1, 0x10ff2, 0x11005, 0x11006, 0x11046, 0x11047, 0x11070, 0x11071,
	0x1107f, 0x11080, 0x11083, 0x11084, 0x110b9, 0x110bb, 0x110d0, 0x110d1, 0x11100, 0x11104, 0x11127, 0x11128,
	0x11133, 0x11135, 0x11152, 0x11153, 0x11173, 0x11174, 0x11183, 0x11184, 0x111c0, 0x111c1, 0x111ca, 0x111cb,
	0x11208, 0x11209, 0x11235, 0x11237, 0x1128f, 0x11290, 0x112be, 0x112bf, 0x112e9, 0x112eb, 0x11315, 0x11316,
	0x1133b, 0x1133d, 0x1133e, 0x1133f, 0x1134d, 0x1134e, 0x11357, 0x11358, 0x11366, 0x1136d, 0x11370, 0x11375,
	0x11392, 0x11393, 0x113b8, 0x113b9, 0x113bb, 0x113bc, 0x113c2, 0x113c3, 0x113c9, 0x113ca, 0x113ce, 0x113d1,
	0x11412, 0x11413, 0x11442, 0x11443, 0x11446, 0x11447, 0x1145e, 0x1145f, 0x11484, 0x11485, 0x114b0, 0x114b1,
	0x114ba, 0x114bb, 0x114bd, 0x114be, 0x114c2, 0x114c4, 0x1158e, 0x1158f, 0x115af, 0x115b0, 0x115bf, 0x115c1,
	0x1160e, 0x1160f, 0x1163f, 0x11640, 0x11680, 0x11681, 0x116b6, 0x116b8, 0x11717, 0x11718, 0x1172b, 0x1172c,
	0x1180b, 0x1180c, 0x11839, 0x1183b, 0x118b4, 0x118b5, 0x1190c, 0x1190d, 0x11930, 0x11931, 0x1193d, 0x1193f,
	0x11943, 0x11944, 0x119ce, 0x119cf, 0x119e0, 0x119e1, 0x11a0b, 0x11a0c, 0x11a34, 0x11a35, 0x11a47, 0x11a48,
	0x11a5c, 0x11a5d, 0x11a99, 0x11a9a, 0x11ac0, 0x11ac1, 0x11bc4, 0x11bc5, 0x11c0e, 0x11c0f, 0x11c3f, 0x11c40,
	0x11c72, 0x11c73, 0x11d10, 0x11d11, 0x11d42, 0x11d43, 0x11d44, 0x11d46, 0x11d71, 0x11d72, 0x11d97, 0x11d98,
	0x11dc6, 0x11dc7, 0x11ee5, 0x11ee6, 0x11f1b, 0x11f1c, 0x11f41, 0x11f43, 0x12000, 0x12001, 0x12fe5, 0x12fe6,
	0x13153, 0x13154, 0x14400, 0x14401, 0x1611c, 0x1611d, 0x1611e, 0x16121, 0x16123, 0x16126, 0x16129, 0x1612a,
	0x1612f, 0x16130, 0x16a4f, 0x16a50, 0x16abc, 0x16abd, 0x16ae6, 0x16ae7, 0x16af0, 0x16af5, 0x16b1c, 0x16b1d,
	0x16b30, 0x16b37, 0x16d45, 0x16d46, 0x16d67, 0x16d69, 0x16e40, 0x16e41, 0x16ea1, 0x16ea2, 0x16f00, 0x16f01,
	0x16ff0, 0x16ff2, 0x18229, 0x1822a, 0x18c65, 0x18c66, 0x1b1c4, 0x1b1c5, 0x1bc20, 0x1bc21, 0x1bc9e, 0x1bc9f,
	0x1d165, 0x1d16a, 0x1d16d, 0x1d173, 0x1d17b, 0x1d183, 0x1d185, 0x1d18c, 0x1d1aa, 0x1d1ae, 0x1d242, 0x1d245,
	0x1e000, 0x1e007, 0x1e008, 0x1e019, 0x1e01b, 0x1e022, 0x1e023, 0x1e025, 0x1e026, 0x1e02b, 0x1e08f, 0x1e090,
	0x1e108, 0x1e109, 0x1e130, 0x1e137, 0x1e290, 0x1e291, 0x1e2ae, 0x1e2af, 0x1e2e1, 0x1e2e2, 0x1e2ec, 0x1e2f0,
	0x1e4e6, 0x1e4e7, 0x1e4ec, 0x1e4f0, 0x1e5d0, 0x1e5d1, 0x1e5ee, 0x1e5f0, 0x1e6d5, 0x1e6d6, 0x1e6e3, 0x1e6e4,
	0x1e6e6, 0x1e6e7, 0x1e6ee, 0x1e6f0, 0x1e6f5, 0x1e6f6, 0x1e802, 0x1e803, 0x1e8d0, 0x1e8d7, 0x1e909, 0x1e90a,
	0x1e944, 0x1e94b
};

static constexpr int32_t s_coll_foUnsafeBwdLength = 866;

static constexpr uint16_t s_coll_fiTrieIndex[2112] = {
	0x0, 0x8, 0x10, 0x18, 0x30, 0x38, 0x40, 0x48, 0x50, 0x58, 0x5e, 0x66, 0x6b, 0x73, 0x79, 0x81,
	0x89, 0x91, 0x30, 0x38, 0x95, 0x9d, 0x30, 0x38, 0x30, 0x38, 0x30, 0x38, 0x30, 0x38, 0x30, 0x38,
	0x30, 0x38, 0x30, 0x38, 0x30, 0x38, 0x30, 0x38, 0x30, 0x38, 0x30, 0x38, 0x30, 0x38, 0x30, 0x38,
	0x30, 0x38, 0x30, 0x38, 0x30, 0x38, 0x30, 0x38, 0x30, 0x38, 0x30, 0x38, 0x30, 0x38, 0x30, 0x38,
	0x30, 0x30, 0x30, 0x30, 0x30, 0x30, 0x30, 0x30, 0x30, 0x30, 0x30, 0x30, 0x30, 0x30, 0x30, 0x30,
	0x30, 0x30, 0x30, 0x30, 0x30, 0x30, 0x30, 0x30, 0x30, 0x30, 0x30, 0x30, 0x30, 0x30, 0x30, 0x30,
	0x30, 0x30, 0x30, 0x30, 0x30, 0x30, 0x30, 0x30, 0x30, 0x30, 0x30, 0x30, 0x30, 0x30, 0x30, 0x30,
	0x30, 0x30, 0x30, 0x30, 0x30, 0x30, 0x30, 0x30, 0x30, 0x30, 0x30, 0x30, 0x30, 0x30, 0x30, 0x30,
	0x30, 0x30, 0x30, 0x30, 0x30, 0x30, 0x30, 0x30, 0x30, 0x30, 0x30, 0x30, 0x30, 0x30, 0x30, 0x30,
	0x30, 0x30, 0x30, 0x30, 0x30, 0x30, 0x30, 0x30, 0x30, 0x30, 0x30, 0x30, 0x30, 0x30, 0x30, 0x30,
	0x30, 0x30, 0x30, 0x30, 0x30, 0x30, 0x30, 0x30, 0x30, 0x30, 0x30, 0x30, 0x30, 0x30, 0x30, 0x30,
	0x30, 0x30, 0x30, 0x30, 0x30, 0x30, 0x30, 0x30, 0x30, 0x30, 0x30, 0x30, 0x30, 0x30, 0x30, 0x30,
	0x30, 0x30, 0x30, 0x30, 0x30, 0x30, 0x30, 0x30, 0x30, 0x30, 0x30, 0x30, 0x30, 0x30, 0x30, 0x30,
	0x30, 0x30, 0x30, 0x30, 0x30, 0x30, 0x30, 0x30, 0x30, 0x30, 0x30, 0x30, 0x30, 0x30, 0x30, 0x30,
	0x30, 0x30, 0x30, 0x30, 0x30, 0x30, 0x30, 0x30, 0x30, 0x30, 0x30, 0x30, 0x30, 0x30, 0x30, 0x30,
	0xb5, 0x30, 0x30, 0xb9, 0x30, 0xc1, 0xc6, 0xce, 0x30, 0x30, 0x30, 0x30, 0x30, 0x30, 0x30, 0x30,
	0x30, 0x30, 0x30, 0x30, 0x30, 0x30, 0x30, 0x30, 0x30, 0xd4, 0x30, 0x30, 0x30, 0x30, 0x30, 0x30,
	0x30, 0x30, 0x30, 0x30, 0x30, 0x30, 0x30, 0x30, 0x30, 0x30, 0x30, 0x30, 0x30, 0x30, 0x30, 0x30,
	0x30, 0x30, 0x30, 0x30, 0x30, 0x30, 0x30, 0x30, 0x30, 0x30, 0x30, 0x30, 0x30, 0x30, 0x30, 0x30,
	0x30, 0x30, 0x30, 0x30, 0x30, 0x30, 0x30, 0x30, 0x30, 0x30, 0x30, 0x30, 0x30, 0x30, 0x30, 0x30,
	0x30, 0x30, 0x30, 0x30, 0x30, 0x30, 0x30, 0x30, 0x30, 0x30, 0x30, 0x30, 0x30, 0x30, 0x30, 0x30,
	0x30, 0x30, 0x30, 0x30, 0x30, 0x30, 0x30, 0x30, 0x30, 0x30, 0x30, 0x30, 0x30, 0x30, 0x30, 0x30,
	0x30, 0x30, 0x30, 0x30, 0x30, 0x30, 0x30, 0x30, 0x30, 0x30, 0x30, 0x30, 0x30, 0x30, 0x30, 0x30,
	0x30, 0x30, 0x30, 0x30, 0x30, 0x30, 0x30, 0x30, 0x30, 0x30, 0x30, 0x30, 0x30, 0x30, 0x30, 0x30,
	0x30, 0x30, 0x30, 0x30, 0x30, 0x30, 0x30, 0x30, 0x30, 0x30, 0x30, 0x30, 0x30, 0x30, 0x30, 0x30,
	0x30, 0x30, 0x30, 0x30, 0x30, 0x30, 0x30, 0x30, 0x30, 0x30, 0x30, 0x30, 0x30, 0x30, 0x30, 0x30,
	0x30, 0x30, 0x30, 0x30, 0x30, 0x30, 0x30, 0x30, 0x30, 0x30, 0x30, 0x30, 0x30, 0x30, 0x30, 0x30,
	0x30, 0x30, 0x30, 0x30, 0x30, 0x30, 0x30, 0x30, 0x30, 0x30, 0x30, 0x30, 0x30, 0x30, 0x30, 0x30,
	0x30, 0x30, 0x30, 0x30, 0x30, 0x30, 0x30, 0x30, 0x30, 0x30, 0x30, 0x30, 0x30, 0x30, 0x30, 0x30,
	0x30, 0x30, 0x30, 0x30, 0x30, 0x30, 0x30, 0x30, 0x30, 0x30, 0x30, 0x30, 0x30, 0x30, 0x30, 0x30,
	0x30, 0x30, 0x30, 0x30, 0x30, 0x30, 0x30, 0x30, 0x30, 0x30, 0x30, 0x30, 0x30, 0x30, 0x30, 0x30,
	0x30, 0x30, 0x30, 0x30, 0x30, 0x30, 0x30, 0x30, 0x30, 0x30, 0x30, 0x30, 0x30, 0x30, 0x30, 0x30,
	0x30, 0x30, 0x30, 0x30, 0x30, 0x30, 0x30, 0x30, 0x30, 0x30, 0x30, 0x30, 0x30, 0x30, 0x30, 0x30,
	0x30, 0x30, 0x30, 0x30, 0x30, 0x30, 0x30, 0x30, 0x30, 0x30, 0x30, 0x30, 0x30, 0x30, 0x30, 0x30,
	0x30, 0x30, 0x30, 0x30, 0x30, 0x30, 0x30, 0x30, 0x30, 0x30, 0x30, 0x30, 0x30, 0x30, 0x30, 0x30,
	0x30, 0x30, 0x30, 0x30, 0x30, 0x30, 0x30, 0x30, 0x30, 0x30, 0x30, 0x30, 0x30, 0x30, 0x30, 0x30,
	0x30, 0x30, 0x30, 0x30, 0x30, 0x30, 0x30, 0x30, 0x30, 0x30, 0x30, 0x30, 0x30, 0x30, 0x30, 0x30,
	0x30, 0x30, 0x30, 0x30, 0x30, 0x30, 0x30, 0x30, 0x30, 0x30, 0x30, 0x30, 0x30, 0x30, 0x30, 0x30,
	0x30, 0x30, 0x30, 0x30, 0x30, 0x30, 0x30, 0x30, 0x30, 0x30, 0x30, 0x30, 0x30, 0x30, 0x30, 0x30,
	0x30, 0x30, 0x30, 0x30, 0x30, 0x30, 0x30, 0x30, 0x30, 0x30, 0x30, 0x30, 0x30, 0x30, 0x30, 0x30,
	0x30, 0x30, 0x30, 0x30, 0x30, 0x30, 0x30, 0x30, 0x30, 0x30, 0x30, 0x30, 0x30, 0x30, 0x30, 0x30,
	0x30, 0x30, 0x30, 0x30, 0x30, 0x30, 0x30, 0x30, 0x30, 0x30, 0x30, 0x30, 0x30, 0x30, 0x30, 0x30,
	0x30, 0x30, 0x30, 0x30, 0x30, 0x30, 0x30, 0x30, 0x30, 0x30, 0x30, 0x30, 0x30, 0x30, 0x30, 0x30,
	0x30, 0x30, 0x30, 0x30, 0x30, 0x30, 0x30, 0x30, 0x30, 0x30, 0x30, 0x30, 0x30, 0x30, 0x30, 0x30,
	0x30, 0x30, 0x30, 0x30, 0x30, 0x30, 0x30, 0x30, 0x30, 0x30, 0x30, 0x30, 0x30, 0x30, 0x30, 0x30,
	0x30, 0x30, 0x30, 0x30, 0x30, 0x30, 0x30, 0x30, 0x30, 0x30, 0x30, 0x30, 0x30, 0x30, 0x30, 0x30,
	0x30, 0x30, 0x30, 0x30, 0x30, 0x30, 0x30, 0x30, 0x30, 0x30, 0x30, 0x30, 0x30, 0x30, 0x30, 0x30,
	0x30, 0x30, 0x30, 0x30, 0x30, 0x30, 0x30, 0x30, 0x30, 0x30, 0x30, 0x30, 0x30, 0x30, 0x30, 0x30,
	0x30, 0x30, 0x30, 0x30, 0x30, 0x30, 0x30, 0x30, 0x30, 0x30, 0x30, 0x30, 0x30, 0x30, 0x30, 0x30,
	0x30, 0x30, 0x30, 0x30, 0x30, 0x30, 0x30, 0x30, 0x30, 0x30, 0x30, 0x30, 0x30, 0x30, 0x30, 0x30,
	0x30, 0x30, 0x30, 0x30, 0x30, 0x30, 0x30, 0x30, 0x30, 0x30, 0x30, 0x30, 0x30, 0x30, 0x30, 0x30,
	0x30, 0x30, 0x30, 0x30, 0x30, 0x30, 0x30, 0x30, 0x30, 0x30, 0x30, 0x30, 0x30, 0x30, 0x30, 0x30,
	0x30, 0x30, 0x30, 0x30, 0x30, 0x30, 0x30, 0x30, 0x30, 0x30, 0x30, 0x30, 0x30, 0x30, 0x30, 0x30,
	0x30, 0x30, 0x30, 0x30, 0x30, 0x30, 0x30, 0x30, 0x30, 0x30, 0x30, 0x30, 0x30, 0x30, 0x30, 0x30,
	0x30, 0x30, 0x30, 0x30, 0x30, 0x30, 0x30, 0x30, 0x30, 0x30, 0x30, 0x30, 0x30, 0x30, 0x30, 0x30,
	0x30, 0x30, 0x30, 0x30, 0x30, 0x30, 0x30, 0x30, 0x30, 0x30, 0x30, 0x30, 0x30, 0x30, 0x30, 0x30,
	0x30, 0x30, 0x30, 0x30, 0x30, 0x30, 0x30, 0x30, 0x30, 0x30, 0x30, 0x30, 0x30, 0x30, 0x30, 0x30,
	0x30, 0x30, 0x30, 0x30, 0x30, 0x30, 0x30, 0x30, 0x30, 0x30, 0x30, 0x30, 0x30, 0x30, 0x30, 0x30,
	0x30, 0x30, 0x30, 0x30, 0x30, 0x30, 0x30, 0x30, 0x30, 0x30, 0x30, 0x30, 0x30, 0x30, 0x30, 0x30,
	0x30, 0x30, 0x30, 0x30, 0x30, 0x30, 0x30, 0x30, 0x30, 0x30, 0x30, 0x30, 0x30, 0x30, 0x30, 0x30,
	0x30, 0x30, 0x30, 0x30, 0x30, 0x30, 0x30, 0x30, 0x30, 0x30, 0x30, 0x30, 0x30, 0x30, 0x30, 0x30,
	0x30, 0x30, 0x30, 0x30, 0x30, 0x30, 0x30, 0x30, 0x30, 0x30, 0x30, 0x30, 0x30, 0x30, 0x30, 0x30,
	0x30, 0x30, 0x30, 0x30, 0x30, 0x30, 0x30, 0x30, 0x30, 0x30, 0x30, 0x30, 0x30, 0x30, 0x30, 0x30,
	0x30, 0x30, 0x30, 0x30, 0x30, 0x30, 0x30, 0x30, 0x30, 0x30, 0x30, 0x30, 0x30, 0x30, 0x30, 0x30,
	0x30, 0x30, 0x30, 0x30, 0x30, 0x30, 0x30, 0x30, 0x30, 0x30, 0x30, 0x30, 0x30, 0x30, 0x30, 0x30,
	0x30, 0x30, 0x30, 0x30, 0x30, 0x30, 0x30, 0x30, 0x30, 0x30, 0x30, 0x30, 0x30, 0x30, 0x30, 0x30,
	0x30, 0x30, 0x30, 0x30, 0x30, 0x30, 0x30, 0x30, 0x30, 0x30, 0x30, 0x30, 0x30, 0x30, 0x30, 0x30,
	0x30, 0x30, 0x30, 0x30, 0x30, 0x30, 0x30, 0x30, 0x30, 0x30, 0x30, 0x30, 0x30, 0x30, 0x30, 0x30,
	0x30, 0x30, 0x30, 0x30, 0x30, 0x30, 0x30, 0x30, 0x30, 0x30, 0x30, 0x30, 0x30, 0x30, 0x30, 0x30,
	0x30, 0x30, 0x30, 0x30, 0x30, 0x30, 0x30, 0x30, 0x30, 0x30, 0x30, 0x30, 0x30, 0x30, 0x30, 0x30,
	0x30, 0x30, 0x30, 0x30, 0x30, 0x30, 0x30, 0x30, 0x30, 0x30, 0x30, 0x30, 0x30, 0x30, 0x30, 0x30,
	0x30, 0x30, 0x30, 0x30, 0x30, 0x30, 0x30, 0x30, 0x30, 0x30, 0x30, 0x30, 0x30, 0x30, 0x30, 0x30,
	0x30, 0x30, 0x30, 0x30, 0x30, 0x30, 0x30, 0x30, 0x30, 0x30, 0x30, 0x30, 0x30, 0x30, 0x30, 0x30,
	0x30, 0x30, 0x30, 0x30, 0x30, 0x30, 0x30, 0x30, 0x30, 0x30, 0x30, 0x30, 0x30, 0x30, 0x30, 0x30,
	0x30, 0x30, 0x30, 0x30, 0x30, 0x30, 0x30, 0x30, 0x30, 0x30, 0x30, 0x30, 0x30, 0x30, 0x30, 0x30,
	0x30, 0x30, 0x30, 0x30, 0x30, 0x30, 0x30, 0x30, 0x30, 0x30, 0x30, 0x30, 0x30, 0x30, 0x30, 0x30,
	0x30, 0x30, 0x30, 0x30, 0x30, 0x30, 0x30, 0x30, 0x30, 0x30, 0x30, 0x30, 0x30, 0x30, 0x30, 0x30,
	0x30, 0x30, 0x30, 0x30, 0x30, 0x30, 0x30, 0x30, 0x30, 0x30, 0x30, 0x30, 0x30, 0x30, 0x30, 0x30,
	0x30, 0x30, 0x30, 0x30, 0x30, 0x30, 0x30, 0x30, 0x30, 0x30, 0x30, 0x30, 0x30, 0x30, 0x30, 0x30,
	0x30, 0x30, 0x30, 0x30, 0x30, 0x30, 0x30, 0x30, 0x30, 0x30, 0x30, 0x30, 0x30, 0x30, 0x30, 0x30,
	0x30, 0x30, 0x30, 0x30, 0x30, 0x30, 0x30, 0x30, 0x30, 0x30, 0x30, 0x30, 0x30, 0x30, 0x30, 0x30,
	0x30, 0x30, 0x30, 0x30, 0x30, 0x30, 0x30, 0x30, 0x30, 0x30, 0x30, 0x30, 0x30, 0x30, 0x30, 0x30,
	0x30, 0x30, 0x30, 0x30, 0x30, 0x30, 0x30, 0x30, 0x30, 0x30, 0x30, 0x30, 0x30, 0x30, 0x30, 0x30,
	0x30, 0x30, 0x30, 0x30, 0x30, 0x30, 0x30, 0x30, 0x30, 0x30, 0x30, 0x30, 0x30, 0x30, 0x30, 0x30,
	0x30, 0x30, 0x30, 0x30, 0x30, 0x30, 0x30, 0x30, 0x30, 0x30, 0x30, 0x30, 0x30, 0x30, 0x30, 0x30,
	0x30, 0x30, 0x30, 0x30, 0x30, 0x30, 0x30, 0x30, 0x30, 0x30, 0x30, 0x30, 0x30, 0x30, 0x30, 0x30,
	0xdc, 0xdc, 0xdc, 0xdc, 0xdc, 0xdc, 0xdc, 0xdc, 0xdc, 0xdc, 0xdc, 0xdc, 0xdc, 0xdc, 0xdc, 0xdc,
	0xdc, 0xdc, 0xdc, 0xdc, 0xdc, 0xdc, 0xdc, 0xdc, 0xdc, 0xdc, 0xdc, 0xdc, 0xdc, 0xdc, 0xdc, 0xdc,
	0xdc, 0xdc, 0xdc, 0xdc, 0xdc, 0xdc, 0xdc, 0xdc, 0xdc, 0xdc, 0xdc, 0xdc, 0xdc, 0xdc, 0xdc, 0xdc,
	0xdc, 0xdc, 0xdc, 0xdc, 0xdc, 0xdc, 0xdc, 0xdc, 0xdc, 0xdc, 0xdc, 0xdc, 0xdc, 0xdc, 0xdc, 0xdc,
	0xdc, 0xdc, 0xdc, 0xdc, 0xdc, 0xdc, 0xdc, 0xdc, 0xdc, 0xdc, 0xdc, 0xdc, 0xdc, 0xdc, 0xdc, 0xdc,
	0xdc, 0xdc, 0xdc, 0xdc, 0xdc, 0xdc, 0xdc, 0xdc, 0xdc, 0xdc, 0xdc, 0xdc, 0xdc, 0xdc, 0xdc, 0xdc,
	0xdc, 0xdc, 0xdc, 0xdc, 0xdc, 0xdc, 0xdc, 0xdc, 0xdc, 0xdc, 0xdc, 0xdc, 0xdc, 0xdc, 0xdc, 0xdc,
	0xdc, 0xdc, 0xdc, 0xdc, 0xdc, 0xdc, 0xdc, 0xdc, 0xdc, 0xdc, 0xdc, 0xdc, 0xdc, 0xdc, 0xdc, 0xdc,
	0xdc, 0xdc, 0xdc, 0xdc, 0xdc, 0xdc, 0xdc, 0xdc, 0xdc, 0xdc, 0xdc, 0xdc, 0xdc, 0xdc, 0xdc, 0xdc,
	0xdc, 0xdc, 0xdc, 0xdc, 0xdc, 0xdc, 0xdc, 0xdc, 0xdc, 0xdc, 0xdc, 0xdc, 0xdc, 0xdc, 0xdc, 0xdc,
	0xdc, 0xdc, 0xdc, 0xdc, 0xdc, 0xdc, 0xdc, 0xdc, 0xdc, 0xdc, 0xdc, 0xdc, 0xdc, 0xdc, 0xdc, 0xdc,
	0xdc, 0xdc, 0xdc, 0xdc, 0xdc, 0xdc, 0xdc, 0xdc, 0xdc, 0xdc, 0xdc, 0xdc, 0xdc, 0xdc, 0xdc, 0xdc,
	0xdc, 0xdc, 0xdc, 0xdc, 0xdc, 0xdc, 0xdc, 0xdc, 0xdc, 0xdc, 0xdc, 0xdc, 0xdc, 0xdc, 0xdc, 0xdc,
	0xdc, 0xdc, 0xdc, 0xdc, 0xdc, 0xdc, 0xdc, 0xdc, 0xdc, 0xdc, 0xdc, 0xdc, 0xdc, 0xdc, 0xdc, 0xdc,
	0xdc, 0xdc, 0xdc, 0xdc, 0xdc, 0xdc, 0xdc, 0xdc, 0xdc, 0xdc, 0xdc, 0xdc, 0xdc, 0xdc, 0xdc, 0xdc,
	0xdc, 0xdc, 0xdc, 0xdc, 0xdc, 0xdc, 0xdc, 0xdc, 0xdc, 0xdc, 0xdc, 0xdc, 0xdc, 0xdc, 0xdc, 0xdc,
	0xdc, 0xdc, 0xdc, 0xdc, 0xdc, 0xdc, 0xdc, 0xdc, 0xdc, 0xdc, 0xdc, 0xdc, 0xdc, 0xdc, 0xdc, 0xdc,
	0xdc, 0xdc, 0xdc, 0xdc, 0xdc, 0xdc, 0xdc, 0xdc, 0xdc, 0xdc, 0xdc, 0xdc, 0xdc, 0xdc, 0xdc, 0xdc,
	0xdc, 0xdc, 0xdc, 0xdc, 0xdc, 0xdc, 0xdc, 0xdc, 0xdc, 0xdc, 0xdc, 0xdc, 0xdc, 0xdc, 0xdc, 0xdc,
	0xdc, 0xdc, 0xdc, 0xdc, 0xdc, 0xdc, 0xdc, 0xdc, 0xdc, 0xdc, 0xdc, 0xdc, 0xdc, 0xdc, 0xdc, 0xdc,
	0xdc, 0xdc, 0xdc, 0xdc, 0xdc, 0xdc, 0xdc, 0xdc, 0xdc, 0xdc, 0xdc, 0xdc, 0xdc, 0xdc, 0xdc, 0xdc,
	0xdc, 0xdc, 0xdc, 0xdc, 0xdc, 0xdc, 0xdc, 0xdc, 0xdc, 0xdc, 0xdc, 0xdc, 0xdc, 0xad, 0x30, 0x30,
	0xa5, 0xa5, 0xa5, 0xa5, 0xa5, 0xa5, 0xa5, 0xa5, 0xa5, 0xa5, 0xa5, 0xa5, 0xa5, 0xa5, 0xa5, 0xa5,
	0xa5, 0xa5, 0xa5, 0xa5, 0xa5, 0xa5, 0xa5, 0xa5, 0xa5, 0xa5, 0xa5, 0xa5, 0xa5, 0xa5, 0xa5, 0xa5,
	0x30, 0x30, 0x30, 0x30, 0x30, 0x30, 0x30, 0x30, 0x30, 0x30, 0x30, 0x30, 0x30, 0x30, 0x30, 0x30,
	0x30, 0x30, 0x30, 0x30, 0x30, 0x30, 0x30, 0x30, 0x30, 0x30, 0x30, 0x30, 0x30, 0x30, 0x30, 0x30,
	0x30, 0x30, 0x30, 0x30, 0x30, 0x30, 0x30, 0x30, 0x30, 0x30, 0x30, 0x30, 0x30, 0x30, 0x30, 0x30,
	0x30, 0x30, 0x30, 0x30, 0x30, 0x30, 0x30, 0x30, 0x30, 0x30, 0x30, 0x30, 0x30, 0x30, 0x30, 0x30,
	0x30, 0x30, 0x30, 0x30, 0x30, 0x30, 0x30, 0x30, 0x30, 0x30, 0x30, 0x30, 0x30, 0x30, 0x30, 0x30,
	0x30, 0x30, 0x30, 0x30, 0x30, 0x30, 0x30, 0x30, 0x30, 0x30, 0x30, 0x30, 0x30, 0x30, 0x30, 0x30,
	0x30, 0x30, 0x30, 0x30, 0x30, 0x30, 0x30, 0x30, 0x30, 0x30, 0x30, 0x30, 0x30, 0x30, 0x30, 0x30,
	0x30, 0x30, 0x30, 0x30, 0x30, 0x30, 0x30, 0x30, 0x30, 0x30, 0x30, 0x30, 0x30, 0x30, 0x30, 0x30,
	0x30, 0x30, 0x30, 0x30, 0x30, 0x30, 0x30, 0x30, 0x30, 0x30, 0x30, 0x30, 0x30, 0x30, 0x30, 0x30,
	0x30, 0x30, 0x30, 0x30, 0x30, 0x30, 0x30, 0x30, 0x30, 0x30, 0x30, 0x30, 0x30, 0x30, 0x30, 0x30,
	0x30, 0x30, 0x30, 0x30, 0x30, 0x30, 0x30, 0x30, 0x30, 0x30, 0x30, 0x30, 0x30, 0x30, 0x30, 0x30,
	0x30, 0x30, 0x30, 0x30, 0x30, 0x30, 0x30, 0x30, 0x30, 0x30, 0x30, 0x30, 0x30, 0x30, 0x30, 0x30,
	0x30, 0x30, 0x30, 0x30, 0x30, 0x30, 0x30, 0x30, 0x30, 0x30, 0x30, 0x30, 0x30, 0x30, 0x30, 0x30,
	0x30, 0x30, 0x30, 0x30, 0x30, 0x30, 0x30, 0x30, 0x30, 0x30, 0x30, 0x30, 0x30, 0x30, 0x30, 0x30,
	0x30, 0x30, 0x30, 0x30, 0x30, 0x30, 0x30, 0x30, 0x30, 0x30, 0x30, 0x30, 0x30, 0x30, 0x30, 0x30,
	0x30, 0x30, 0x30, 0x30, 0x30, 0x30, 0x30, 0x30, 0x30, 0x30, 0x30, 0x30, 0x30, 0x30, 0x30, 0x30,
	0x30, 0x30, 0x30, 0x30, 0x30, 0x30, 0x30, 0x30, 0x30, 0x30, 0x30, 0x30, 0x30, 0x30, 0x30, 0x30,
	0x30, 0x30, 0x30, 0x30, 0x30, 0x30, 0x30, 0x30, 0x30, 0x30, 0x30, 0x30, 0x30, 0x30, 0x30, 0x30,
	0x30, 0x30, 0x30, 0x30, 0x30, 0x30, 0x30, 0x30, 0x30, 0x30, 0x30, 0x30, 0x30, 0x30, 0x30, 0x30,
	0x30, 0x30, 0x30, 0x30, 0x30, 0x30, 0x30, 0x30, 0x30, 0x30, 0x30, 0x30, 0x30, 0x30, 0x30, 0x30,
	0x80, 0x80, 0xc0, 0x100, 0x140, 0x178, 0x1ac, 0x1e4, 0x224, 0xc0, 0x254, 0xc0, 0xc0, 0xc0, 0xc0, 0xc0,
	0xc0, 0xc0, 0xc0, 0xc0, 0xc0, 0xc0, 0xc0, 0xc0, 0xc0, 0xc0, 0xc0, 0xc0, 0xc0, 0xc0, 0xc0, 0xc0
};

static constexpr uint32_t s_coll_fiTrieData[916] = {
	0xcb, 0x0, 0x0, 0x0, 0x0, 0x0, 0x0, 0x0,
	0x0, 0x3040505, 0x3060505, 0x3080505, 0x30a0505, 0x30c0505, 0x0, 0x0,
	0x0, 0x0, 0x0, 0x0, 0x0, 0x0, 0x0, 0x0,
	0x0, 0x0, 0x0, 0x0, 0x0, 0x0, 0x0, 0x0,
	0x4000505, 0x75a0505, 0x9760505, 0xa940505, 0xda90505, 0xa960505, 0xa8e0505, 0x9700505,
	0x97c0505, 0x97e0505, 0xa7e0505, 0xc7b0505, 0x6000505, 0x50e0505, 0x8000505, 0xa880505,
	0xe00ca, 0xe21ca, 0xe42ca, 0xe63ca, 0xe84ca, 0xea5ca, 0xec6ca, 0xee7ca,
	0xf08ca, 0xf29ca, 0x7360505, 0x72a0505, 0xc850505, 0xc870505, 0xc890505, 0x7640505,
	0xa7c0505, 0x6c9, 0x2d00059c, 0x2f00059c, 0x3100059c, 0x3300059c, 0x3500059c, 0x3700059c,
	0x3900059c, 0x3b00059c, 0x3d00059c, 0x3f00059c, 0x4100059c, 0x4300059c, 0x4500059c, 0xe6c9,
	0x4900059c, 0x4b00059c, 0x4d00059c, 0x4f00059c, 0x5100059c, 0x1a6c9, 0x5500059c, 0x570005a0,
	0x5900059c, 0x5b00059c, 0x5d00059c, 0x9800505, 0xa8a0505, 0x9820505, 0xc0a0505, 0x50a0505,
	0xc040505, 0x2c6c9, 0x2d000505, 0x2f000505, 0x31000505, 0x33000505, 0x35000505, 0x37000505,
	0x39000505, 0x3b000505, 0x3d000505, 0x3f000505, 0x41000505, 0x43000505, 0x45000505, 0x426c9,
	0x49000505, 0x4b000505, 0x4d000505, 0x4f000505, 0x51000505, 0x506c9, 0x55000505, 0x57000505,
	0x59000505, 0x5b000505, 0x5d000505, 0x9840505, 0xc8d0505, 0x9860505, 0xc910505, 0x0,
	0xfffd0505, 0xfffd0505, 0xfffd0505, 0xfffd0505, 0xfffd0505, 0xfffd0505, 0xfffd0505, 0xfffd0505,
	0xfffd0505, 0xfffd0505, 0xfffd0505, 0xfffd0505, 0xfffd0505, 0xfffd0505, 0xfffd0505, 0xfffd0505,
	0xfffd0505, 0xfffd0505, 0xfffd0505, 0xfffd0505, 0xfffd0505, 0xfffd0505, 0xfffd0505, 0xfffd0505,
	0xfffd0505, 0xfffd0505, 0xfffd0505, 0xfffd0505, 0xfffd0505, 0xfffd0505, 0xfffd0505, 0xfffd0505,
	0xfffd0505, 0xfffd0505, 0xfffd0505, 0xfffd0505, 0xfffd0505, 0xfffd0505, 0xfffd0505, 0xfffd0505,
	0xfffd0505, 0xfffd0505, 0xfffd0505, 0xfffd0505, 0xfffd0505, 0xfffd0505, 0xfffd0505, 0xfffd0505,
	0xfffd0505, 0xfffd0505, 0xfffd0505, 0xfffd0505, 0xfffd0505, 0xfffd0505, 0xfffd0505, 0xfffd0505,
	0xfffd0505, 0xfffd0505, 0xfffd0505, 0xfffd0505, 0xfffd0505, 0xfffd0505, 0xfffd0505, 0xfffd0505,
	0xc0, 0xc0, 0xc0, 0xc0, 0xc0, 0xc0, 0xc0, 0xc0,
	0xc0, 0xc0, 0xc0, 0xc0, 0xc0, 0xc0, 0xc0, 0xc0,
	0xc0, 0xc0, 0xc0, 0xc0, 0xc0, 0xc0, 0xc0, 0xc0,
	0xc0, 0xc0, 0xc0, 0xc0, 0xc0, 0xc0, 0xc0, 0xc0,
	0xc0, 0xc0, 0xc0, 0xc0, 0xc0, 0xc0, 0xc0, 0xc0,
	0xc0, 0xc0, 0xc0, 0xc0, 0xc0, 0xc0, 0xc0, 0xc0,
	0xc0, 0xc0, 0xc0, 0xc0, 0xc0, 0xc0, 0xc0, 0xc0,
	0xc0, 0xc0, 0xc0, 0xc0, 0xc0, 0xc0, 0xc0, 0xc0,
	0x2b9c8ac4, 0x2b9c88c4, 0x2b9c8ec4, 0x2b9c9ac4, 0x1c6, 0x21c6, 0x61c6, 0x2f9ca0c4,
	0x339c8ac4, 0x339c88c4, 0x339c8ec4, 0x339c96c4, 0x3b9c8ac4, 0x3b9c88c4, 0x3b9c8ec4, 0x3b9c96c4,
	0x310070a0, 0x459c9ac4, 0x479c8ac4, 0x479c88c4, 0x479c8ec4, 0x479c9ac4, 0x41c6, 0xc830505,
	0x81c6, 0x539c8ac4, 0x539c88c4, 0x539c8ec4, 0x5b004686, 0x5b9c88c4, 0x5e2805a0, 0xdc2c5,
	0x2b058ac4, 0x2b0588c4, 0x2b058ec4, 0x2b059ac4, 0x5e7903c1, 0x5e7902c1, 0xa1c6, 0x2f05a0c4,
	0x33058ac4, 0x330588c4, 0x33058ec4, 0x330596c4, 0x3b058ac4, 0x3b0588c4, 0x3b058ec4, 0x3b0596c4,
	0x31007005, 0x45059ac4, 0x47058ac4, 0x470588c4, 0x47058ec4, 0x47059ac4, 0x5e7904c1, 0xc810505,
	0xc1c6, 0x53058ac4, 0x530588c4, 0x53058ec4, 0x5b004605, 0x5b0588c4, 0x5e280505, 0x5b0596c4,
	0xc0, 0xc0, 0xc0, 0xc0, 0x646c9, 0x766c9, 0xc0, 0xc0,
	0xc0, 0xc0, 0xc0, 0xc0, 0xc0, 0xc0, 0xc0, 0xc0,
	0x122c5, 0x162c5, 0xc0, 0xc0, 0xc0, 0xc0, 0xc0, 0xc0,
	0xc0, 0xc0, 0xc0, 0xc0, 0xc0, 0xc0, 0xc0, 0xc0,
	0xc0, 0xc0, 0xc0, 0xc0, 0xc0, 0xc0, 0xc0, 0xc0,
	0xc0, 0xc0, 0xc0, 0xc0, 0xc0, 0xc0, 0xc0, 0xc0,
	0xc0, 0xc0, 0xc0, 0xc0, 0xc0, 0xc0, 0xc0, 0xc0,
	0xc0, 0xc0, 0xc0, 0xc0, 0xc0, 0xc0, 0xc0, 0xc0,
	0xc0, 0xc0, 0x1a2c5, 0x1e2c5, 0xc0, 0xc0, 0xc0, 0xc0,
	0xc0, 0xc0, 0xc0, 0xc0, 0xc0, 0xc0, 0xc0, 0xc0,
	0xc0, 0xc0, 0xc0, 0xc0, 0xc0, 0xc0, 0xc0, 0xc0,
	0xc0, 0xc0, 0xc0, 0xc0, 0xc0, 0xc0, 0x222c5, 0x262c5,
	0xc0, 0xc0, 0xc0, 0xc0, 0xc0, 0xc0, 0xc0, 0xc0,
	0xc0, 0xc0, 0x886c9, 0x946c9, 0xc0, 0xc0, 0xc0, 0xc0,
	0xc0, 0xc0, 0xc0, 0xc0, 0xc0, 0xc0, 0xc0, 0xc0,
	0xc0, 0xc0, 0xc0, 0xc0, 0xc0, 0xc0, 0xc0, 0xc0,
	0xc0, 0xc0, 0xc0, 0xc0, 0xc0, 0xc0, 0xc0, 0xc0,
	0xc0, 0xc0, 0xc0, 0xc0, 0xa06c9, 0xac6c9, 0xc0, 0xc0,
	0xc0, 0xc0, 0xc0, 0xc0, 0xc0, 0xc0, 0xc0, 0xc0,
	0xc0, 0xc0, 0xc0, 0xb86c9, 0xc46c9, 0xc0, 0xc0, 0xc0,
	0xc0, 0xc0, 0xc0, 0x3e2c5, 0xc0, 0xc0, 0xc0, 0xc0,
	0xc0, 0xc0, 0xc0, 0xc0, 0xc0, 0xc0, 0xc0, 0xc0,
	0xc0, 0xc0, 0xc0, 0xc0, 0xc0, 0xc0, 0xc0, 0xc0,
	0xc0, 0x422c5, 0x462c5, 0x22c5, 0x62c5, 0x4a2c5, 0x4e2c5, 0x522c5,
	0x562c5, 0xc0, 0x1a2c6, 0x5a2c5, 0xc0, 0xc0, 0x1e2c6, 0x222c6,
	0x5e2c5, 0x622c5, 0xc0, 0xc0, 0xc0, 0xc0, 0xd06c9, 0xdc6c9,
	0xc0, 0xc0, 0x6a3c5, 0x703c5, 0xc0, 0xc0, 0xc0, 0xc0,
	0xc0, 0xc0, 0xc0, 0xc0, 0xc0, 0xc0, 0x2a2c6, 0x762c5,
	0x2e2c6, 0x322c6, 0x362c6, 0x3a2c6, 0xc0, 0xc0, 0xc0, 0xc0,
	0xc0, 0xc0, 0xc0, 0xc0, 0xc0, 0xc0, 0xc0, 0xc0,
	0xc0, 0xc0, 0xc0, 0xc0, 0xc0, 0xc0, 0xc0, 0xc0,
	0xc0, 0xc0, 0xc0, 0xc0, 0xc0, 0xc0, 0xc0, 0xc0,
	0xc0, 0xc0, 0xc0, 0xc0, 0xc0, 0xc0, 0xc0, 0xc0,
	0xc0, 0xc0, 0xc0, 0xc0, 0xc0, 0xc0, 0x3e2c6, 0x7a2c5,
	0xc0, 0xc0, 0xc0, 0xc0, 0xc0, 0xc0, 0xc0, 0xc0,
	0xc0, 0xc0, 0xc0, 0xc0, 0xc0, 0xc0, 0xc0, 0xc0,
	0xc0, 0xc0, 0xc0, 0xc0, 0xc0, 0xc0, 0x702c5, 0xc0,
	0xc0, 0xc0, 0xc0, 0xc0, 0xc0, 0xc0, 0xc0, 0xc0,
	0xc0, 0xc0, 0xc0, 0xc0, 0xc0, 0xc0, 0xc0, 0xc0,
	0xc0, 0xc0, 0xc0, 0xc0, 0xc0, 0xc0, 0xc0, 0xc0,
	0xc0, 0xc0, 0xc0, 0xc0, 0xc0, 0xc0, 0xc0, 0xc0,
	0xc0, 0xc0, 0xc0, 0xc0, 0xc0, 0xc0, 0xc0, 0xc0,
	0xc0, 0xc0, 0xc0, 0xc0, 0x1cd, 0x1cd, 0x1cd, 0x1cd,
	0x1cd, 0x1cd, 0x1cd, 0x1cd, 0x1cd, 0x1cd, 0x1cd, 0x1cd,
	0x1cd, 0x1cd, 0x1cd, 0x1cd, 0x1cd, 0x1cd, 0x1cd, 0x1cd,
	0x1cd, 0x1cd, 0x1cd, 0x1cd, 0x1cd, 0x1cd, 0x1cd, 0x1cd,
	0x1cd, 0x1cd, 0x1cd, 0x1cd, 0x1cc, 0x1cc, 0x1cc, 0x1cc,
	0xc0, 0xc0, 0xc0, 0xc0, 0xc0, 0xc0, 0xc0, 0xc0,
	0xc0, 0xc0, 0xc0, 0xc0, 0xc0, 0xc0, 0xc0, 0xc0,
	0xc0, 0xc0, 0xc0, 0xc0, 0xc0, 0xc0, 0xc0, 0xc0,
	0xc0, 0xc0, 0xc0, 0xc0, 0xe86c9, 0xfa6c9, 0xc0, 0xc0,
	0xc0, 0xc0, 0xc0, 0xc0, 0xc0, 0xc0, 0xc0, 0xc0,
	0xc0, 0xc0, 0xc0, 0xc0, 0xc0, 0xc0, 0xc0, 0xc0,
	0xc0, 0xc0, 0xc0, 0xc0, 0xc0, 0xc0, 0xc0, 0xc0,
	0xc0, 0xc0, 0xc0, 0xc0, 0xc0, 0xc0, 0x10c6c9, 0x1186c9,
	0x1246c9, 0x1306c9, 0x13c6c9, 0x1486c9, 0xc0, 0xc0, 0xc0, 0xc0,
	0xc0, 0xc0, 0xc0, 0xc0, 0x1546c9, 0x1666c9, 0xc0, 0xc0,
	0xc0, 0xc0, 0xc0, 0xc0, 0xc0, 0xc0, 0xc0, 0xc0,
	0xc0, 0xc0, 0xc0, 0xc0, 0xc0, 0xc0, 0xc0, 0xc0,
	0xc0, 0xc0, 0xc0, 0xc0, 0xc0, 0xc0, 0xc0, 0xc0,
	0xc0, 0xc0, 0xc0, 0xc0, 0x1786c9, 0x1846c9, 0xc0, 0xc0,
	0xc0, 0xc0, 0xc0, 0xc0, 0xc0, 0xc0, 0xc0, 0xc0,
	0xc0, 0xc0, 0xc0, 0xc0, 0xc0, 0xc0, 0xc0, 0xc0,
	0xc0, 0xc0, 0x1906c9, 0x19c6c9, 0x1a86c9, 0x1b46c9, 0xc0, 0xc0,
	0xc0, 0xc0, 0xc0, 0xc0, 0xc0, 0xc0, 0xc0, 0xc0,
	0x1c06c9, 0x1cc6c9, 0xc0, 0xc0, 0xc0, 0xc0, 0xc0, 0xc0,
	0xc0, 0xc0, 0xc0, 0xc0, 0xc0, 0xc0, 0xc0, 0xc0,
	0xc0, 0xc0, 0xc0, 0x21c6, 0xc0, 0xc0, 0xc0, 0xc0,
	0xc0, 0xc0, 0xc0, 0xc0, 0xc0, 0xc0, 0xc0, 0xc0,
	0xc0, 0xc0, 0xc0, 0xc0, 0xc0, 0xc0, 0xc0, 0xc0,
	0x1cc, 0x1cc, 0x1cc, 0x1cc, 0x1cc, 0x1cc, 0x1cc, 0x1cc,
	0x1cc, 0x1cc, 0x1cc, 0x1cc, 0x1cc, 0x1cc, 0x1cc, 0x1cc,
	0x1cc, 0x1cc, 0x1cc, 0x1cc, 0x1cc, 0x1cc, 0x1cc, 0x1cc,
	0x1cc, 0x1cc, 0x1cc, 0x1cc, 0x1cc, 0x1cc, 0x1cc, 0x1cc,
	0xc0, 0xc0, 0xc0, 0xc0
};

static constexpr int32_t s_coll_fiTrieIndexLength = 2112;
static constexpr int32_t s_coll_fiTrieDataLength = 916;
static constexpr char32_t s_coll_fiTrieHighStart = 0xe000;
static constexpr int32_t s_coll_fiTrieHighValueIndex = 912;

static constexpr uint32_t s_coll_fiCe32s[122] = {
	0x0, 0x5b004686, 0x8805, 0x5b004605, 0x8805, 0x5e7903c1, 0xa205, 0x5e7902c1,
	0xa205, 0x3100059c, 0xb30606c2, 0x3100051c, 0xb30605c2, 0x4500059c, 0xb30406c2, 0x4500051c,
	0xb30405c2, 0x5100059c, 0xb30306c2, 0x5100051c, 0xb30305c2, 0x5b004686, 0xa205, 0x5b004605,
	0xa205, 0x5e7904c1, 0xbe05, 0x5b004686, 0xbe05, 0x5b004605, 0xbe05, 0x5d00059c,
	0xb30206c2, 0x5b004686, 0xa405, 0x5b004605, 0xa405, 0x5b004686, 0x9005, 0x5b004605,
	0x9005, 0x5b004686, 0x8a05, 0x5b004605, 0x8a05, 0x5e7903c1, 0xa405, 0x3700059c,
	0xb30506c2, 0x3700051c, 0xb30505c2, 0x5e7904c1, 0xa205, 0x5d00059c, 0xb30206c2, 0x9005,
	0x5d00051c, 0xb30205c2, 0x9005, 0x5e7902c1, 0x8805, 0x5e7904c1, 0xa405, 0x5e7903c1,
	0xc805, 0x5e7902c1, 0xc805, 0x5b004686, 0xc605, 0x5b004605, 0xc605, 0x5b004686,
	0xd005, 0x5b004605, 0xd005, 0x5b004686, 0xcc05, 0x5b004605, 0xcc05, 0x5e7903c1,
	0xc405, 0x5e7902c1, 0xc405, 0x5e7904c1, 0xc405, 0x4700059c, 0xbe05, 0xc405,
	0x47000505, 0xbe05, 0xc405, 0x5e7904c1, 0xbe05, 0xc405, 0x5b004686, 0xc405,
	0x5b004605, 0xc405, 0x5300059c, 0xbe05, 0xc405, 0x5b004686, 0xbe05, 0xc405,
	0x53000505, 0xbe05, 0xc405, 0x5b004605, 0xbe05, 0xc405, 0x4f007005, 0x4f000513,
	0x12000505, 0x14000505, 0x16000505, 0x18000505, 0x1a000505, 0x1c000505, 0x1e000505, 0x20000505,
	0x22000505, 0x24000505
};

static constexpr int64_t s_coll_fiCes[46] = {
	int64_t(0x5e79030005008600ULL), int64_t(0x5e79020005008600ULL), int64_t(0x5e79040005008600ULL), int64_t(0x5e79030046008600ULL), int64_t(0x5e79040046008600ULL),
	int64_t(0x5e79030046000500ULL), int64_t(0x5e79040046000500ULL), int64_t(0x5e79030005008600ULL), int64_t(0xa2000500ULL), int64_t(0x5e79020005008600ULL),
	int64_t(0xa2000500ULL), int64_t(0x5e79040005008600ULL), int64_t(0xbe000500ULL), int64_t(0x5e79030005008600ULL), int64_t(0xa4000500ULL),
	int64_t(0x5e79030046008600ULL), int64_t(0xa4000500ULL), int64_t(0x5e79030046000500ULL), int64_t(0xa4000500ULL), int64_t(0x5e79040005008600ULL),
	int64_t(0xa2000500ULL), int64_t(0x5e79020005008600ULL), int64_t(0x88000500ULL), int64_t(0x5e79030046008600ULL), int64_t(0x88000500ULL),
	int64_t(0x5e79030046000500ULL), int64_t(0x88000500ULL), int64_t(0x5e79040046008600ULL), int64_t(0x88000500ULL), int64_t(0x5e79040046000500ULL),
	int64_t(0x88000500ULL), int64_t(0x5e79040005008600ULL), int64_t(0xa4000500ULL), int64_t(0x5e79030005008600ULL), int64_t(0xc8000500ULL),
	int64_t(0x5e79020005008600ULL), int64_t(0xc8000500ULL), int64_t(0x5e79030005008600ULL), int64_t(0xc4000500ULL), int64_t(0x5e79020005008600ULL),
	int64_t(0xc4000500ULL), int64_t(0x5e79040005008600ULL), int64_t(0xc4000500ULL), int64_t(0x5e79040005008600ULL), int64_t(0xbe000500ULL),
	int64_t(0xc4000500ULL)
};

static constexpr char16_t s_coll_fiContexts[236] = {
	0x2b00, 0x59c, 0x1, 0x308, 0x81c6, 0x30a, 0xa1c6, 0x4700, 0x59c, 0x30, 0x308, 0xc000,
	0x41c6, 0x5300, 0x59c, 0x1, 0x308, 0xffff, 0x5b00, 0x4686, 0x344, 0xa2c5, 0x2b00, 0x505,
	0x1, 0x308, 0xffff, 0x5e79, 0x3c1, 0x30a, 0xffff, 0x5e79, 0x2c1, 0x4700, 0x505, 0x30,
	0x308, 0xffff, 0x5e79, 0x4c1, 0x5300, 0x505, 0x1, 0x308, 0xffff, 0x5b00, 0x4605, 0x344,
	0xc000, 0x62c5, 0x2b9c, 0xa2c4, 0x1, 0x308, 0xc000, 0xe2c6, 0x30a, 0xc001, 0x22c6, 0x2b05,
	0xa2c4, 0x1, 0x308, 0xc000, 0xa2c5, 0x30a, 0xc000, 0xe2c5, 0x539c, 0xa2c4, 0x30, 0x308,
	0xc002, 0xa2c5, 0x5305, 0xa2c4, 0x30, 0x308, 0xc002, 0xe2c5, 0x479c, 0xbec4, 0x30, 0x308,
	0xc001, 0x62c6, 0x4705, 0xbec4, 0x30, 0x308, 0xc003, 0x22c5, 0x539c, 0xbec4, 0x30, 0x308,
	0xc003, 0x62c5, 0x5305, 0xbec4, 0x30, 0x308, 0xc003, 0xa2c5, 0x479c, 0xa2c4, 0x30, 0x308,
	0xc002, 0x62c6, 0x4705, 0xa2c4, 0x30, 0x308, 0xc006, 0x62c5, 0x2b9c, 0xc8c4, 0x1, 0x308,
	0xc004, 0x22c6, 0x30a, 0xc004, 0x62c6, 0x2b05, 0xc8c4, 0x1, 0x308, 0xc007, 0xe2c5, 0x30a,
	0xc008, 0x22c5, 0x539c, 0xc6c4, 0x30, 0x308, 0xc008, 0x62c5, 0x5305, 0xc6c4, 0x30, 0x308,
	0xc008, 0xa2c5, 0x539c, 0xd0c4, 0x30, 0x308, 0xc008, 0xe2c5, 0x5305, 0xd0c4, 0x30, 0x308,
	0xc009, 0x22c5, 0x539c, 0xccc4, 0x30, 0x308, 0xc009, 0x62c5, 0x5305, 0xccc4, 0x30, 0x308,
	0xc009, 0xa2c5, 0x2b9c, 0xc4c4, 0x1, 0x308, 0xc004, 0xa2c6, 0x30a, 0xc004, 0xe2c6, 0x2b05,
	0xc4c4, 0x1, 0x308, 0xc009, 0xe2c5, 0x30a, 0xc00a, 0x22c5, 0x479c, 0xc4c4, 0x30, 0x308,
	0xc005, 0x22c6, 0x4705, 0xc4c4, 0x30, 0x308, 0xc00a, 0x62c5, 0xa, 0xa3c5, 0x30, 0x308,
	0xc005, 0x63c6, 0xb, 0x3c5, 0x30, 0x308, 0xc00b, 0x63c5, 0x539c, 0xc4c4, 0x30, 0x308,
	0xc00b, 0xc2c5, 0x5305, 0xc4c4, 0x30, 0x308, 0xc00c, 0x2c5, 0xc, 0x43c5, 0x30, 0x308,
	0xc00c, 0xa3c5, 0xd, 0x3c5, 0x30, 0x308, 0xc00d, 0x63c5
};

static constexpr uint16_t s_coll_fiFastLatin[502] = {
	0x205, 0xc40, 0xde0, 0xe80, 0xea8, 0x41a, 0x0, 0x0, 0x0, 0x0, 0x0, 0x0,
	0x0, 0x0, 0xc00, 0xc08, 0xc10, 0xc18, 0xc20, 0x0, 0x0, 0x0, 0x0, 0x0,
	0x0, 0x0, 0x0, 0x0, 0x0, 0x0, 0x0, 0x0, 0x0, 0x0, 0x0, 0x0,
	0x0, 0xc40, 0xca8, 0xcf0, 0xd78, 0xe98, 0xd80, 0xd70, 0xcd8, 0xd08, 0xd10, 0xd58,
	0xe30, 0xc90, 0xc60, 0xcd0, 0xd60, 0x10a8, 0x14a8, 0x18a8, 0x1ca8, 0x20a8, 0x24a8, 0x28a8,
	0x2ca8, 0x30a8, 0x34a8, 0xca0, 0xc98, 0xe50, 0xe58, 0xe60, 0xcb8, 0xd50, 0x41c, 0x3cb9,
	0x40b9, 0x44b9, 0x48ba, 0x4cb9, 0x50b9, 0x54b9, 0x58ba, 0x60ba, 0x64b9, 0x68b9, 0x6cb9, 0x70ba,
	0x41e, 0x78b9, 0x7cb9, 0x84b9, 0x88ba, 0x8cb9, 0x420, 0x94b9, 0x98b9, 0x9cb9, 0xa0b9, 0xa4b9,
	0xd18, 0xd68, 0xd20, 0xdf8, 0xc50, 0xde8, 0x422, 0x3ca8, 0x40a8, 0x44a8, 0x48a8, 0x4ca8,
	0x50a8, 0x54a8, 0x58a8, 0x60a8, 0x64a8, 0x68a8, 0x6ca8, 0x70a8, 0x424, 0x78a8, 0x7ca8, 0x84a8,
	0x88a8, 0x8ca8, 0x426, 0x94a8, 0x98a8, 0x9ca8, 0xa0a8, 0xa4a8, 0xd28, 0xe70, 0xd30, 0xe80,
	0x0, 0x0, 0x0, 0x0, 0x0, 0x0, 0xc28, 0x0, 0x0, 0x0, 0x0, 0x0,
	0x0, 0x0, 0x0, 0x0, 0x0, 0x0, 0x0, 0x0, 0x0, 0x0, 0x0, 0x0,
	0x0, 0x0, 0x0, 0x0, 0x0, 0x0, 0x0, 0x0, 0x0, 0xc42, 0xcb0, 0xe90,
	0xea0, 0xe88, 0xea8, 0xe78, 0xd40, 0xe08, 0xe20, 0x38aa, 0xcf8, 0xe68, 0x0, 0xe28,
	0xe00, 0xe18, 0xe38, 0x18a9, 0x1ca9, 0xdf0, 0x1, 0xd48, 0x1, 0xe10, 0x14a9, 0x74aa,
	0xd00, 0x1, 0x1, 0x1, 0xcc0, 0x39b9, 0x3999, 0x39f9, 0x3a99, 0xb4b9, 0xb0b9, 0xb4d9,
	0x42d9, 0x49ba, 0x499a, 0x49fa, 0x4a5a, 0x59ba, 0x599a, 0x59fa, 0x5a5a, 0x44d9, 0x729a, 0x75b9,
	0x7599, 0x75f9, 0x7699, 0xb8b9, 0xe48, 0xb8d9, 0x91b9, 0x9199, 0x91f9, 0xa0d9, 0xa199, 0xa8b9,
	0x800, 0x39a8, 0x3988, 0x39e8, 0x3a88, 0xb4a8, 0xb0a8, 0xb4c8, 0x42c8, 0x49a8, 0x4988, 0x49e8,
	0x4a48, 0x59a8, 0x5988, 0x59e8, 0x5a48, 0x44c8, 0x7288, 0x75a8, 0x7588, 0x75e8, 0x7688, 0xb8a8,
	0xe40, 0xb8c8, 0x91a8, 0x9188, 0x91e8, 0xa0c8, 0xa188, 0xa8a8, 0xa248, 0x3b19, 0x3b08, 0x39d9,
	0x39c8, 0x428, 0x42a, 0x4199, 0x4188, 0x41f9, 0x41e8, 0x42b9, 0x42a8, 0x4219, 0x4208, 0x4619,
	0x4608, 0x802, 0x4789, 0x4b1a, 0x4b08, 0x49da, 0x49c8, 0x4aba, 0x4aa8, 0x4afa, 0x4ae8, 0x4a1a,
	0x4a08, 0x51f9, 0x51e8, 0x51d9, 0x51c8, 0x52b9, 0x52a8, 0x52d9, 0x52c8, 0x55f9, 0x55e8, 0x5739,
	0x5728, 0x5a9a, 0x5a88, 0x5b1a, 0x5b08, 0x59da, 0x59c8, 0x5afa, 0x5ae8, 0x5aba, 0x5ca8, 0x804,
	0x806, 0x61fa, 0x61e8, 0x66d9, 0x66c8, 0x80a8, 0x6999, 0x6988, 0x6ad9, 0x6ac8, 0x6a19, 0x6a08,
	0x6bb9, 0x6ba8, 0x6b39, 0x6b28, 0x719a, 0x7188, 0x72da, 0x72c8, 0x721a, 0x7208, 0x808, 0x80a,
	0x736a, 0x7719, 0x7708, 0x75d9, 0x75c8, 0x7679, 0x7668, 0x80c, 0x80e, 0x8599, 0x8588, 0x86d9,
	0x86c8, 0x8619, 0x8608, 0x899a, 0x8988, 0x89fa, 0x89e8, 0x8ada, 0x8ac8, 0x8a1a, 0x8a08, 0x8ed9,
	0x8ec8, 0x8e19, 0x8e08, 0x810, 0x8f49, 0x9299, 0x9288, 0x9319, 0x9308, 0x91d9, 0x91c8, 0x9239,
	0x9228, 0x9279, 0x9268, 0x42c, 0x42e, 0x99f9, 0x99e8, 0xa1f9, 0xa1e8, 0xa259, 0xa599, 0xa588,
	0xa6b9, 0xa6a8, 0xa619, 0xa608, 0x88e8, 0xc41, 0xc41, 0xc41, 0xc41, 0xc41, 0xc41, 0xc41,
	0xc42, 0xc41, 0xc41, 0xc41, 0x0, 0x0, 0x0, 0x0, 0x0, 0xc68, 0xc69, 0xc70,
	0xc78, 0xc80, 0xc88, 0xd38, 0xc58, 0x1, 0x1, 0x1, 0x1, 0x1, 0x1, 0x1,
	0x1, 0xd98, 0xda0, 0xda8, 0xdb0, 0xcd1, 0x812, 0x1, 0xdb8, 0xc30, 0xc38, 0x0,
	0x0, 0x0, 0x0, 0x0, 0xc42, 0xd88, 0xd90, 0xdc0, 0x814, 0x1, 0xdc8, 0x816,
	0x1, 0xdd0, 0xce0, 0xce8, 0xdd8, 0x818, 0xcc8, 0xc48, 0xde0, 0x88c8, 0x88a9, 0x44b9,
	0x389, 0x58bb, 0x60bb, 0x58a9, 0x60a9, 0xaca9, 0x70a9, 0x70ba, 0x369, 0x74d9, 0x48bb, 0x74c8,
	0x48a9, 0x8cb9, 0x349, 0xcd1, 0xcd1, 0xdc1, 0xdc1, 0xdc9, 0xdc9, 0xca9, 0xca9, 0x5ff,
	0x0, 0x5ff, 0x38b9, 0x5ff, 0x74b9, 0x5ff, 0x90b9, 0x5ff, 0x38a8, 0x5ff, 0x74a8, 0x5ff,
	0x90a8, 0x5ff, 0x3af9, 0x5ff, 0x3ae8, 0x5ff, 0x92f9, 0x5ff, 0x92e8, 0x1ff
};

static constexpr uint16_t s_coll_fiFastLatinPrimaries[384] = {
	0x0, 0x0, 0x0, 0x0, 0x0, 0x0, 0x0, 0x0, 0x0, 0xc00, 0xc08, 0xc10,
	0xc18, 0xc20, 0x0, 0x0, 0x0, 0x0, 0x0, 0x0, 0x0, 0x0, 0x0, 0x0,
	0x0, 0x0, 0x0, 0x0, 0x0, 0x0, 0x0, 0x0, 0xc40, 0xca8, 0xcf0, 0xd78,
	0xe98, 0xd80, 0xd70, 0xcd8, 0xd08, 0xd10, 0xd58, 0xe30, 0xc90, 0xc60, 0xcd0, 0xd60,
	0x1000, 0x1400, 0x1800, 0x1c00, 0x2000, 0x2400, 0x2800, 0x2c00, 0x3000, 0x3400, 0xca0, 0xc98,
	0xe50, 0xe58, 0xe60, 0xcb8, 0xd50, 0x0, 0x3c00, 0x4000, 0x4400, 0x4800, 0x4c00, 0x5000,
	0x5400, 0x5800, 0x6000, 0x6400, 0x6800, 0x6c00, 0x7000, 0x0, 0x7800, 0x7c00, 0x8400, 0x8800,
	0x8c00, 0x0, 0x9400, 0x9800, 0x9c00, 0xa000, 0xa400, 0xd18, 0xd68, 0xd20, 0xdf8, 0xc50,
	0xde8, 0x0, 0x3c00, 0x4000, 0x4400, 0x4800, 0x4c00, 0x5000, 0x5400, 0x5800, 0x6000, 0x6400,
	0x6800, 0x6c00, 0x7000, 0x0, 0x7800, 0x7c00, 0x8400, 0x8800, 0x8c00, 0x0, 0x9400, 0x9800,
	0x9c00, 0xa000, 0xa400, 0xd28, 0xe70, 0xd30, 0xe80, 0x0, 0x0, 0x0, 0x0, 0x0,
	0x0, 0xc28, 0x0, 0x0, 0x0, 0x0, 0x0, 0x0, 0x0, 0x0, 0x0, 0x0,
	0x0, 0x0, 0x0, 0x0, 0x0, 0x0, 0x0, 0x0, 0x0, 0x0, 0x0, 0x0,
	0x0, 0x0, 0x0, 0x0, 0xc40, 0xcb0, 0xe90, 0xea0, 0xe88, 0xea8, 0xe78, 0xd40,
	0xe08, 0xe20, 0x3800, 0xcf8, 0xe68, 0x0, 0xe28, 0xe00, 0xe18, 0xe38, 0x1800, 0x1c00,
	0xdf0, 0x0, 0xd48, 0x0, 0xe10, 0x1400, 0x7400, 0xd00, 0x0, 0x0, 0x0, 0xcc0,
	0x3800, 0x3800, 0x3800, 0x3800, 0xb400, 0xb000, 0xb400, 0x4000, 0x4800, 0x4800, 0x4800, 0x4800,
	0x5800, 0x5800, 0x5800, 0x5800, 0x4400, 0x7000, 0x7400, 0x7400, 0x7400, 0x7400, 0xb800, 0xe48,
	0xb800, 0x9000, 0x9000, 0x9000, 0xa000, 0xa000, 0xa800, 0x0, 0x3800, 0x3800, 0x3800, 0x3800,
	0xb400, 0xb000, 0xb400, 0x4000, 0x4800, 0x4800, 0x4800, 0x4800, 0x5800, 0x5800, 0x5800, 0x5800,
	0x4400, 0x7000, 0x7400, 0x7400, 0x7400, 0x7400, 0xb800, 0xe40, 0xb800, 0x9000, 0x9000, 0x9000,
	0xa000, 0xa000, 0xa800, 0xa000, 0x3800, 0x3800, 0x3800, 0x3800, 0x0, 0x0, 0x4000, 0x4000,
	0x4000, 0x4000, 0x4000, 0x4000, 0x4000, 0x4000, 0x4400, 0x4400, 0x0, 0x4400, 0x4800, 0x4800,
	0x4800, 0x4800, 0x4800, 0x4800, 0x4800, 0x4800, 0x4800, 0x4800, 0x5000, 0x5000, 0x5000, 0x5000,
	0x5000, 0x5000, 0x5000, 0x5000, 0x5400, 0x5400, 0x5400, 0x5400, 0x5800, 0x5800, 0x5800, 0x5800,
	0x5800, 0x5800, 0x5800, 0x5800, 0x5800, 0x5c00, 0x0, 0x0, 0x6000, 0x6000, 0x6400, 0x6400,
	0x8000, 0x6800, 0x6800, 0x6800, 0x6800, 0x6800, 0x6800, 0x6800, 0x6800, 0x6800, 0x6800, 0x7000,
	0x7000, 0x7000, 0x7000, 0x7000, 0x7000, 0x0, 0x0, 0x7000, 0x7400, 0x7400, 0x7400, 0x7400,
	0x7400, 0x7400, 0x0, 0x0, 0x8400, 0x8400, 0x8400, 0x8400, 0x8400, 0x8400, 0x8800, 0x8800,
	0x8800, 0x8800, 0x8800, 0x8800, 0x8800, 0x8800, 0x8c00, 0x8c00, 0x8c00, 0x8c00, 0x0, 0x8c00,
	0x9000, 0x9000, 0x9000, 0x9000, 0x9000, 0x9000, 0x9000, 0x9000, 0x9000, 0x9000, 0x0, 0x0,
	0x9800, 0x9800, 0xa000, 0xa000, 0xa000, 0xa400, 0xa400, 0xa400, 0xa400, 0xa400, 0xa400, 0x8800
};

static constexpr int32_t s_coll_fiFastLatinMiniVarTop = 0xbff;

static constexpr uint32_t s_coll_fiNumericPrimary = 0x10000000;
static constexpr int32_t s_coll_fiOptions = 0x2010;
static constexpr int32_t s_coll_fiJamoCe32sStart = -1;

static constexpr uint16_t s_coll_isTrieIndex[2112] = {
	0x0, 0x8, 0x10, 0x18, 0x30, 0x38, 0x40, 0x48, 0x50, 0x58, 0x5c, 0x64, 0x69, 0x71, 0x76, 0x7e,
	0x86, 0x8e, 0x30, 0x38, 0x30, 0x38, 0x30, 0x38, 0x30, 0x38, 0x30, 0x38, 0x30, 0x38, 0x30, 0x38,
	0x30, 0x38, 0x30, 0x38, 0x30, 0x38, 0x30, 0x38, 0x30, 0x38, 0x30, 0x38, 0x30, 0x38, 0x30, 0x38,
	0x30, 0x38, 0x30, 0x38, 0x30, 0x38, 0x30, 0x38, 0x30, 0x38, 0x30, 0x38, 0x30, 0x38, 0x30, 0x38,
	0x30, 0x30, 0x30, 0x30, 0x30, 0x30, 0x30, 0x30, 0x30, 0x30, 0x30, 0x30, 0x30, 0x30, 0x30, 0x30,
	0x30, 0x30, 0x30, 0x30, 0x30, 0x30, 0x30, 0x30, 0x30, 0x30, 0x30, 0x30, 0x30, 0x30, 0x30, 0x30,
	0x30, 0x30, 0x30, 0x30, 0x30, 0x30, 0x30, 0x30, 0x30, 0x30, 0x30, 0x30, 0x30, 0x30, 0x30, 0x30,
	0x30, 0x30, 0x30, 0x30, 0x30, 0x30, 0x30, 0x30, 0x30, 0x30, 0x30, 0x30, 0x30, 0x30, 0x30, 0x30,
	0x30, 0x30, 0x30, 0x30, 0x30, 0x30, 0x30, 0x30, 0x30, 0x30, 0x30, 0x30, 0x30, 0x30, 0x30, 0x30,
	0x30, 0x30, 0x30, 0x30, 0x30, 0x30, 0x30, 0x30, 0x30, 0x30, 0x30, 0x30, 0x30, 0x30, 0x30, 0x30,
	0x30, 0x30, 0x30, 0x30, 0x30, 0x30, 0x30, 0x30, 0x30, 0x30, 0x30, 0x30, 0x30, 0x30, 0x30, 0x30,
	0x30, 0x30, 0x30, 0x30, 0x30, 0x30, 0x30, 0x30, 0x30, 0x30, 0x30, 0x30, 0x30, 0x30, 0x30, 0x30,
	0x30, 0x30, 0x30, 0x30, 0x30, 0x30, 0x30, 0x30, 0x30, 0x30, 0x30, 0x30, 0x30, 0x30, 0x30, 0x30,
	0x30, 0x30, 0x30, 0x30, 0x30, 0x30, 0x30, 0x30, 0x30, 0x30, 0x30, 0x30, 0x30, 0x30, 0x30, 0x30,
	0x30, 0x30, 0x30, 0x30, 0x30, 0x30, 0x30, 0x30, 0x30, 0x30, 0x30, 0x30, 0x30, 0x30, 0x30, 0x30,
	0xa6, 0xad, 0x30, 0xb1, 0x30, 0xb9, 0xc0, 0xc8, 0x30, 0x30, 0x30, 0x30, 0x30, 0x30, 0x30, 0x30,
	0x30, 0x30, 0x30, 0x30, 0x30, 0x30, 0x30, 0x30, 0x30, 0xce, 0x30, 0x30, 0x30, 0x30, 0x30, 0x30,
	0x30, 0x30, 0x30, 0x30, 0x30, 0x30, 0x30, 0x30, 0x30, 0x30, 0x30, 0x30, 0x30, 0x30, 0x30, 0x30,
	0x30, 0x30, 0x30, 0x30, 0x30, 0x30, 0x30, 0x30, 0x30, 0x30, 0x30, 0x30, 0x30, 0x30, 0x30, 0x30,
	0x30, 0x30, 0x30, 0x30, 0x30, 0x30, 0x30, 0x30, 0x30, 0x30, 0x30, 0x30, 0x30, 0x30, 0x30, 0x30,
	0x30, 0x30, 0x30, 0x30, 0x30, 0x30, 0x30, 0x30, 0x30, 0x30, 0x30, 0x30, 0x30, 0x30, 0x30, 0x30,
	0x30, 0x30, 0x30, 0x30, 0x30, 0x30, 0x30, 0x30, 0x30, 0x30, 0x30, 0x30, 0x30, 0x30, 0x30, 0x30,
	0x30, 0x30, 0x30, 0x30, 0x30, 0x30, 0x30, 0x30, 0x30, 0x30, 0x30, 0x30, 0x30, 0x30, 0x30, 0x30,
	0x30, 0x30, 0x30, 0x30, 0x30, 0x30, 0x30, 0x30, 0x30, 0x30, 0x30, 0x30, 0x30, 0x30, 0x30, 0x30,
	0x30, 0x30, 0x30, 0x30, 0x30, 0x30, 0x30, 0x30, 0x30, 0x30, 0x30, 0x30, 0x30, 0x30, 0x30, 0x30,
	0x30, 0x30, 0x30, 0x30, 0x30, 0x30, 0x30, 0x30, 0x30, 0x30, 0x30, 0x30, 0x30, 0x30, 0x30, 0x30,
	0x30, 0x30, 0x30, 0x30, 0x30, 0x30, 0x30, 0x30, 0x30, 0x30, 0x30, 0x30, 0x30, 0x30, 0x30, 0x30,
	0x30, 0x30, 0x30, 0x30, 0x30, 0x30, 0x30, 0x30, 0x30, 0x30, 0x30, 0x30, 0x30, 0x30, 0x30, 0x30,
	0x30, 0x30, 0x30, 0x30, 0x30, 0x30, 0x30, 0x30, 0x30, 0x30, 0x30, 0x30, 0x30, 0x30, 0x30, 0x30,
	0x30, 0x30, 0x30, 0x30, 0x30, 0x30, 0x30, 0x30, 0x30, 0x30, 0x30, 0x30, 0x30, 0x30, 0x30, 0x30,
	0x30, 0x30, 0x30, 0x30, 0x30, 0x30, 0x30, 0x30, 0x30, 0x30, 0x30, 0x30, 0x30, 0x30, 0x30, 0x30,
	0x30, 0x30, 0x30, 0x30, 0x30, 0x30, 0x30, 0x30, 0x30, 0x30, 0x30, 0x30, 0x30, 0x30, 0x30, 0x30,
	0x30, 0x30, 0x30, 0x30, 0x30, 0x30, 0x30, 0x30, 0x30, 0x30, 0x30, 0x30, 0x30, 0x30, 0x30, 0x30,
	0x30, 0x30, 0x30, 0x30, 0x30, 0x30, 0x30, 0x30, 0x30, 0x30, 0x30, 0x30, 0x30, 0x30, 0x30, 0x30,
	0x30, 0x30, 0x30, 0x30, 0x30, 0x30, 0x30, 0x30, 0x30, 0x30, 0x30, 0x30, 0x30, 0x30, 0x30, 0x30,
	0x30, 0x30, 0x30, 0x30, 0x30, 0x30, 0x30, 0x30, 0x30, 0x30, 0x30, 0x30, 0x30, 0x30, 0x30, 0x30,
	0x30, 0x30, 0x30, 0x30, 0x30, 0x30, 0x30, 0x30, 0x30, 0x30, 0x30, 0x30, 0x30, 0x30, 0x30, 0x30,
	0x30, 0x30, 0x30, 0x30, 0x30, 0x30, 0x30, 0x30, 0x30, 0x30, 0x30, 0x30, 0x30, 0x30, 0x30, 0x30,
	0x30, 0x30, 0x30, 0x30, 0x30, 0x30, 0x30, 0x30, 0x30, 0x30, 0x30, 0x30, 0x30, 0x30, 0x30, 0x30,
	0x30, 0x30, 0x30, 0x30, 0x30, 0x30, 0x30, 0x30, 0x30, 0x30, 0x30, 0x30, 0x30, 0x30, 0x30, 0x30,
	0x30, 0x30, 0x30, 0x30, 0x30, 0x30, 0x30, 0x30, 0x30, 0x30, 0x30, 0x30, 0x30, 0x30, 0x30, 0x30,
	0x30, 0x30, 0x30, 0x30, 0x30, 0x30, 0x30, 0x30, 0x30, 0x30, 0x30, 0x30, 0x30, 0x30, 0x30, 0x30,
	0x30, 0x30, 0x30, 0x30, 0x30, 0x30, 0x30, 0x30, 0x30, 0x30, 0x30, 0x30, 0x30, 0x30, 0x30, 0x30,
	0x30, 0x30, 0x30, 0x30, 0x30, 0x30, 0x30, 0x30, 0x30, 0x30, 0x30, 0x30, 0x30, 0x30, 0x30, 0x30,
	0x30, 0x30, 0x30, 0x30, 0x30, 0x30, 0x30, 0x30, 0x30, 0x30, 0x30, 0x30, 0x30, 0x30, 0x30, 0x30,
	0x30, 0x30, 0x30, 0x30, 0x30, 0x30, 0x30, 0x30, 0x30, 0x30, 0x30, 0x30, 0x30, 0x30, 0x30, 0x30,
	0x30, 0x30, 0x30, 0x30, 0x30, 0x30, 0x30, 0x30, 0x30, 0x30, 0x30, 0x30, 0x30, 0x30, 0x30, 0x30,
	0x30, 0x30, 0x30, 0x30, 0x30, 0x30, 0x30, 0x30, 0x30, 0x30, 0x30, 0x30, 0x30, 0x30, 0x30, 0x30,
	0x30, 0x30, 0x30, 0x30, 0x30, 0x30, 0x30, 0x30, 0x30, 0x30, 0x30, 0x30, 0x30, 0x30, 0x30, 0x30,
	0x30, 0x30, 0x30, 0x30, 0x30, 0x30, 0x30, 0x30, 0x30, 0x30, 0x30, 0x30, 0x30, 0x30, 0x30, 0x30,
	0x30, 0x30, 0x30, 0x30, 0x30, 0x30, 0x30, 0x30, 0x30, 0x30, 0x30, 0x30, 0x30, 0x30, 0x30, 0x30,
	0x30, 0x30, 0x30, 0x30, 0x30, 0x30, 0x30, 0x30, 0x30, 0x30, 0x30, 0x30, 0x30, 0x30, 0x30, 0x30,
	0x30, 0x30, 0x30, 0x30, 0x30, 0x30, 0x30, 0x30, 0x30, 0x30, 0x30, 0x30, 0x30, 0x30, 0x30, 0x30,
	0x30, 0x30, 0x30, 0x30, 0x30, 0x30, 0x30, 0x30, 0x30, 0x30, 0x30, 0x30, 0x30, 0x30, 0x30, 0x30,
	0x30, 0x30, 0x30, 0x30, 0x30, 0x30, 0x30, 0x30, 0x30, 0x30, 0x30, 0x30, 0x30, 0x30, 0x30, 0x30,
	0x30, 0x30, 0x30, 0x30, 0x30, 0x30, 0x30, 0x30, 0x30, 0x30, 0x30, 0x30, 0x30, 0x30, 0x30, 0x30,
	0x30, 0x30, 0x30, 0x30, 0x30, 0x30, 0x30, 0x30, 0x30, 0x30, 0x30, 0x30, 0x30, 0x30, 0x30, 0x30,
	0x30, 0x30, 0x30, 0x30, 0x30, 0x30, 0x30, 0x30, 0x30, 0x30, 0x30, 0x30, 0x30, 0x30, 0x30, 0x30,
	0x30, 0x30, 0x30, 0x30, 0x30, 0x30, 0x30, 0x30, 0x30, 0x30, 0x30, 0x30, 0x30, 0x30, 0x30, 0x30,
	0x30, 0x30, 0x30, 0x30, 0x30, 0x30, 0x30, 0x30, 0x30, 0x30, 0x30, 0x30, 0x30, 0x30, 0x30, 0x30,
	0x30, 0x30, 0x30, 0x30, 0x30, 0x30, 0x30, 0x30, 0x30, 0x30, 0x30, 0x30, 0x30, 0x30, 0x30, 0x30,
	0x30, 0x30, 0x30, 0x30, 0x30, 0x30, 0x30, 0x30, 0x30, 0x30, 0x30, 0x30, 0x30, 0x30, 0x30, 0x30,
	0x30, 0x30, 0x30, 0x30, 0x30, 0x30, 0x30, 0x30, 0x30, 0x30, 0x30, 0x30, 0x30, 0x30, 0x30, 0x30,
	0x30, 0x30, 0x30, 0x30, 0x30, 0x30, 0x30, 0x30, 0x30, 0x30, 0x30, 0x30, 0x30, 0x30, 0x30, 0x30,
	0x30, 0x30, 0x30, 0x30, 0x30, 0x30, 0x30, 0x30, 0x30, 0x30, 0x30, 0x30, 0x30, 0x30, 0x30, 0x30,
	0x30, 0x30, 0x30, 0x30, 0x30, 0x30, 0x30, 0x30, 0x30, 0x30, 0x30, 0x30, 0x30, 0x30, 0x30, 0x30,
	0x30, 0x30, 0x30, 0x30, 0x30, 0x30, 0x30, 0x30, 0x30, 0x30, 0x30, 0x30, 0x30, 0x30, 0x30, 0x30,
	0x30, 0x30, 0x30, 0x30, 0x30, 0x30, 0x30, 0x30, 0x30, 0x30, 0x30, 0x30, 0x30, 0x30, 0x30, 0x30,
	0x30, 0x30, 0x30, 0x30, 0x30, 0x30, 0x30, 0x30, 0x30, 0x30, 0x30, 0x30, 0x30, 0x30, 0x30, 0x30,
	0x30, 0x30, 0x30, 0x30, 0x30, 0x30, 0x30, 0x30, 0x30, 0x30, 0x30, 0x30, 0x30, 0x30, 0x30, 0x30,
	0x30, 0x30, 0x30, 0x30, 0x30, 0x30, 0x30, 0x30, 0x30, 0x30, 0x30, 0x30, 0x30, 0x30, 0x30, 0x30,
	0x30, 0x30, 0x30, 0x30, 0x30, 0x30, 0x30, 0x30, 0x30, 0x30, 0x30, 0x30, 0x30, 0x30, 0x30, 0x30,
	0x30, 0x30, 0x30, 0x30, 0x30, 0x30, 0x30, 0x30, 0x30, 0x30, 0x30, 0x30, 0x30, 0x30, 0x30, 0x30,
	0x30, 0x30, 0x30, 0x30, 0x30, 0x30, 0x30, 0x30, 0x30, 0x30, 0x30, 0x30, 0x30, 0x30, 0x30, 0x30,
	0x30, 0x30, 0x30, 0x30, 0x30, 0x30, 0x30, 0x30, 0x30, 0x30, 0x30, 0x30, 0x30, 0x30, 0x30, 0x30,
	0x30, 0x30, 0x30, 0x30, 0x30, 0x30, 0x30, 0x30, 0x30, 0x30, 0x30, 0x30, 0x30, 0x30, 0x30, 0x30,
	0x30, 0x30, 0x30, 0x30, 0x30, 0x30, 0x30, 0x30, 0x30, 0x30, 0x30, 0x30, 0x30, 0x30, 0x30, 0x30,
	0x30, 0x30, 0x30, 0x30, 0x30, 0x30, 0x30, 0x30, 0x30, 0x30, 0x30, 0x30, 0x30, 0x30, 0x30, 0x30,
	0x30, 0x30, 0x30, 0x30, 0x30, 0x30, 0x30, 0x30, 0x30, 0x30, 0x30, 0x30, 0x30, 0x30, 0x30, 0x30,
	0x30, 0x30, 0x30, 0x30, 0x30, 0x30, 0x30, 0x30, 0x30, 0x30, 0x30, 0x30, 0x30, 0x30, 0x30, 0x30,
	0x30, 0x30, 0x30, 0x30, 0x30, 0x30, 0x30, 0x30, 0x30, 0x30, 0x30, 0x30, 0x30, 0x30, 0x30, 0x30,
	0x30, 0x30, 0x30, 0x30, 0x30, 0x30, 0x30, 0x30, 0x30, 0x30, 0x30, 0x30, 0x30, 0x30, 0x30, 0x30,
	0x30, 0x30, 0x30, 0x30, 0x30, 0x30, 0x30, 0x30, 0x30, 0x30, 0x30, 0x30, 0x30, 0x30, 0x30, 0x30,
	0x30, 0x30, 0x30, 0x30, 0x30, 0x30, 0x30, 0x30, 0x30, 0x30, 0x30, 0x30, 0x30, 0x30, 0x30, 0x30,
	0x30, 0x30, 0x30, 0x30, 0x30, 0x30, 0x30, 0x30, 0x30, 0x30, 0x30, 0x30, 0x30, 0x30, 0x30, 0x30,
	0x30, 0x30, 0x30, 0x30, 0x30, 0x30, 0x30, 0x30, 0x30, 0x30, 0x30, 0x30, 0x30, 0x30, 0x30, 0x30,
	0xd6, 0xd6, 0xd6, 0xd6, 0xd6, 0xd6, 0xd6, 0xd6, 0xd6, 0xd6, 0xd6, 0xd6, 0xd6, 0xd6, 0xd6, 0xd6,
	0xd6, 0xd6, 0xd6, 0xd6, 0xd6, 0xd6, 0xd6, 0xd6, 0xd6, 0xd6, 0xd6, 0xd6, 0xd6, 0xd6, 0xd6, 0xd6,
	0xd6, 0xd6, 0xd6, 0xd6, 0xd6, 0xd6, 0xd6, 0xd6, 0xd6, 0xd6, 0xd6, 0xd6, 0xd6, 0xd6, 0xd6, 0xd6,
	0xd6, 0xd6, 0xd6, 0xd6, 0xd6, 0xd6, 0xd6, 0xd6, 0xd6, 0xd6, 0xd6, 0xd6, 0xd6, 0xd6, 0xd6, 0xd6,
	0xd6, 0xd6, 0xd6, 0xd6, 0xd6, 0xd6, 0xd6, 0xd6, 0xd6, 0xd6, 0xd6, 0xd6, 0xd6, 0xd6, 0xd6, 0xd6,
	0xd6, 0xd6, 0xd6, 0xd6, 0xd6, 0xd6, 0xd6, 0xd6, 0xd6, 0xd6, 0xd6, 0xd6, 0xd6, 0xd6, 0xd6, 0xd6,
	0xd6, 0xd6, 0xd6, 0xd6, 0xd6, 0xd6, 0xd6, 0xd6, 0xd6, 0xd6, 0xd6, 0xd6, 0xd6, 0xd6, 0xd6, 0xd6,
	0xd6, 0xd6, 0xd6, 0xd6, 0xd6, 0xd6, 0xd6, 0xd6, 0xd6, 0xd6, 0xd6, 0xd6, 0xd6, 0xd6, 0xd6, 0xd6,
	0xd6, 0xd6, 0xd6, 0xd6, 0xd6, 0xd6, 0xd6, 0xd6, 0xd6, 0xd6, 0xd6, 0xd6, 0xd6, 0xd6, 0xd6, 0xd6,
	0xd6, 0xd6, 0xd6, 0xd6, 0xd6, 0xd6, 0xd6, 0xd6, 0xd6, 0xd6, 0xd6, 0xd6, 0xd6, 0xd6, 0xd6, 0xd6,
	0xd6, 0xd6, 0xd6, 0xd6, 0xd6, 0xd6, 0xd6, 0xd6, 0xd6, 0xd6, 0xd6, 0xd6, 0xd6, 0xd6, 0xd6, 0xd6,
	0xd6, 0xd6, 0xd6, 0xd6, 0xd6, 0xd6, 0xd6, 0xd6, 0xd6, 0xd6, 0xd6, 0xd6, 0xd6, 0xd6, 0xd6, 0xd6,
	0xd6, 0xd6, 0xd6, 0xd6, 0xd6, 0xd6, 0xd6, 0xd6, 0xd6, 0xd6, 0xd6, 0xd6, 0xd6, 0xd6, 0xd6, 0xd6,
	0xd6, 0xd6, 0xd6, 0xd6, 0xd6, 0xd6, 0xd6, 0xd6, 0xd6, 0xd6, 0xd6, 0xd6, 0xd6, 0xd6, 0xd6, 0xd6,
	0xd6, 0xd6, 0xd6, 0xd6, 0xd6, 0xd6, 0xd6, 0xd6, 0xd6, 0xd6, 0xd6, 0xd6, 0xd6, 0xd6, 0xd6, 0xd6,
	0xd6, 0xd6, 0xd6, 0xd6, 0xd6, 0xd6, 0xd6, 0xd6, 0xd6, 0xd6, 0xd6, 0xd6, 0xd6, 0xd6, 0xd6, 0xd6,
	0xd6, 0xd6, 0xd6, 0xd6, 0xd6, 0xd6, 0xd6, 0xd6, 0xd6, 0xd6, 0xd6, 0xd6, 0xd6, 0xd6, 0xd6, 0xd6,
	0xd6, 0xd6, 0xd6, 0xd6, 0xd6, 0xd6, 0xd6, 0xd6, 0xd6, 0xd6, 0xd6, 0xd6, 0xd6, 0xd6, 0xd6, 0xd6,
	0xd6, 0xd6, 0xd6, 0xd6, 0xd6, 0xd6, 0xd6, 0xd6, 0xd6, 0xd6, 0xd6, 0xd6, 0xd6, 0xd6, 0xd6, 0xd6,
	0xd6, 0xd6, 0xd6, 0xd6, 0xd6, 0xd6, 0xd6, 0xd6, 0xd6, 0xd6, 0xd6, 0xd6, 0xd6, 0xd6, 0xd6, 0xd6,
	0xd6, 0xd6, 0xd6, 0xd6, 0xd6, 0xd6, 0xd6, 0xd6, 0xd6, 0xd6, 0xd6, 0xd6, 0xd6, 0xd6, 0xd6, 0xd6,
	0xd6, 0xd6, 0xd6, 0xd6, 0xd6, 0xd6, 0xd6, 0xd6, 0xd6, 0xd6, 0xd6, 0xd6, 0xd6, 0x9e, 0x30, 0x30,
	0x96, 0x96, 0x96, 0x96, 0x96, 0x96, 0x96, 0x96, 0x96, 0x96, 0x96, 0x96, 0x96, 0x96, 0x96, 0x96,
	0x96, 0x96, 0x96, 0x96, 0x96, 0x96, 0x96, 0x96, 0x96, 0x96, 0x96, 0x96, 0x96, 0x96, 0x96, 0x96,
	0x30, 0x30, 0x30, 0x30, 0x30, 0x30, 0x30, 0x30, 0x30, 0x30, 0x30, 0x30, 0x30, 0x30, 0x30, 0x30,
	0x30, 0x30, 0x30, 0x30, 0x30, 0x30, 0x30, 0x30, 0x30, 0x30, 0x30, 0x30, 0x30, 0x30, 0x30, 0x30,
	0x30, 0x30, 0x30, 0x30, 0x30, 0x30, 0x30, 0x30, 0x30, 0x30, 0x30, 0x30, 0x30, 0x30, 0x30, 0x30,
	0x30, 0x30, 0x30, 0x30, 0x30, 0x30, 0x30, 0x30, 0x30, 0x30, 0x30, 0x30, 0x30, 0x30, 0x30, 0x30,
	0x30, 0x30, 0x30, 0x30, 0x30, 0x30, 0x30, 0x30, 0x30, 0x30, 0x30, 0x30, 0x30, 0x30, 0x30, 0x30,
	0x30, 0x30, 0x30, 0x30, 0x30, 0x30, 0x30, 0x30, 0x30, 0x30, 0x30, 0x30, 0x30, 0x30, 0x30, 0x30,
	0x30, 0x30, 0x30, 0x30, 0x30, 0x30, 0x30, 0x30, 0x30, 0x30, 0x30, 0x30, 0x30, 0x30, 0x30, 0x30,
	0x30, 0x30, 0x30, 0x30, 0x30, 0x30, 0x30, 0x30, 0x30, 0x30, 0x30, 0x30, 0x30, 0x30, 0x30, 0x30,
	0x30, 0x30, 0x30, 0x30, 0x30, 0x30, 0x30, 0x30, 0x30, 0x30, 0x30, 0x30, 0x30, 0x30, 0x30, 0x30,
	0x30, 0x30, 0x30, 0x30, 0x30, 0x30, 0x30, 0x30, 0x30, 0x30, 0x30, 0x30, 0x30, 0x30, 0x30, 0x30,
	0x30, 0x30, 0x30, 0x30, 0x30, 0x30, 0x30, 0x30, 0x30, 0x30, 0x30, 0x30, 0x30, 0x30, 0x30, 0x30,
	0x30, 0x30, 0x30, 0x30, 0x30, 0x30, 0x30, 0x30, 0x30, 0x30, 0x30, 0x30, 0x30, 0x30, 0x30, 0x30,
	0x30, 0x30, 0x30, 0x30, 0x30, 0x30, 0x30, 0x30, 0x30, 0x30, 0x30, 0x30, 0x30, 0x30, 0x30, 0x30,
	0x30, 0x30, 0x30, 0x30, 0x30, 0x30, 0x30, 0x30, 0x30, 0x30, 0x30, 0x30, 0x30, 0x30, 0x30, 0x30,
	0x30, 0x30, 0x30, 0x30, 0x30, 0x30, 0x30, 0x30, 0x30, 0x30, 0x30, 0x30, 0x30, 0x30, 0x30, 0x30,
	0x30, 0x30, 0x30, 0x30, 0x30, 0x30, 0x30, 0x30, 0x30, 0x30, 0x30, 0x30, 0x30, 0x30, 0x30, 0x30,
	0x30, 0x30, 0x30, 0x30, 0x30, 0x30, 0x30, 0x30, 0x30, 0x30, 0x30, 0x30, 0x30, 0x30, 0x30, 0x30,
	0x30, 0x30, 0x30, 0x30, 0x30, 0x30, 0x30, 0x30, 0x30, 0x30, 0x30, 0x30, 0x30, 0x30, 0x30, 0x30,
	0x30, 0x30, 0x30, 0x30, 0x30, 0x30, 0x30, 0x30, 0x30, 0x30, 0x30, 0x30, 0x30, 0x30, 0x30, 0x30,
	0x30, 0x30, 0x30, 0x30, 0x30, 0x30, 0x30, 0x30, 0x30, 0x30, 0x30, 0x30, 0x30, 0x30, 0x30, 0x30,
	0x80, 0x80, 0xc0, 0x100, 0x140, 0x170, 0x1a4, 0x1d8, 0x218, 0xc0, 0xc0, 0xc0, 0xc0, 0xc0, 0xc0, 0xc0,
	0xc0, 0xc0, 0xc0, 0xc0, 0xc0, 0xc0, 0xc0, 0xc0, 0xc0, 0xc0, 0xc0, 0xc0, 0xc0, 0xc0, 0xc0, 0xc0
};

static constexpr uint32_t s_coll_isTrieData[892] = {
	0xcb, 0x0, 0x0, 0x0, 0x0, 0x0, 0x0, 0x0,
	0x0, 0x3040505, 0x3060505, 0x3080505, 0x30a0505, 0x30c0505, 0x0, 0x0,
	0x0, 0x0, 0x0, 0x0, 0x0, 0x0, 0x0, 0x0,
	0x0, 0x0, 0x0, 0x0, 0x0, 0x0, 0x0, 0x0,
	0x4000505, 0x75a0505, 0x9760505, 0xa940505, 0xda90505, 0xa960505, 0xa8e0505, 0x9700505,
	0x97c0505, 0x97e0505, 0xa7e0505, 0xc7b0505, 0x6000505, 0x50e0505, 0x8000505, 0xa880505,
	0x10c0ca, 0x10e1ca, 0x1102ca, 0x1123ca, 0x1144ca, 0x1165ca, 0x1186ca, 0x11a7ca,
	0x11c8ca, 0x11e9ca, 0x7360505, 0x72a0505, 0xc850505, 0xc870505, 0xc890505, 0x7640505,
	0xa7c0505, 0x6c9, 0x2d00059c, 0x2f00059c, 0x3100059c, 0x1a6c9, 0x3500059c, 0x3700059c,
	0x3900059c, 0x2c6c9, 0x3d00059c, 0x3f00059c, 0x4100059c, 0x4300059c, 0x4500059c, 0x3e6c9,
	0x4900059c, 0x4b00059c, 0x4d00059c, 0x4f00059c, 0x5100059c, 0x5a6c9, 0x5500059c, 0x570005a0,
	0x5900059c, 0x706c9, 0x5d00059c, 0x9800505, 0xa8a0505, 0x9820505, 0xc0a0505, 0x50a0505,
	0xc040505, 0x866c9, 0x2d000505, 0x2f000505, 0x31000505, 0xa66c9, 0x35000505, 0x37000505,
	0x39000505, 0xb86c9, 0x3d000505, 0x3f000505, 0x41000505, 0x43000505, 0x45000505, 0xca6c9,
	0x49000505, 0x4b000505, 0x4d000505, 0x4f000505, 0x51000505, 0xe86c9, 0x55000505, 0x57000505,
	0x59000505, 0xfe6c9, 0x5d000505, 0x9840505, 0xc8d0505, 0x9860505, 0xc910505, 0x0,
	0xfffd0505, 0xfffd0505, 0xfffd0505, 0xfffd0505, 0xfffd0505, 0xfffd0505, 0xfffd0505, 0xfffd0505,
	0xfffd0505, 0xfffd0505, 0xfffd0505, 0xfffd0505, 0xfffd0505, 0xfffd0505, 0xfffd0505, 0xfffd0505,
	0xfffd0505, 0xfffd0505, 0xfffd0505, 0xfffd0505, 0xfffd0505, 0xfffd0505, 0xfffd0505, 0xfffd0505,
	0xfffd0505, 0xfffd0505, 0xfffd0505, 0xfffd0505, 0xfffd0505, 0xfffd0505, 0xfffd0505, 0xfffd0505,
	0xfffd0505, 0xfffd0505, 0xfffd0505, 0xfffd0505, 0xfffd0505, 0xfffd0505, 0xfffd0505, 0xfffd0505,
	0xfffd0505, 0xfffd0505, 0xfffd0505, 0xfffd0505, 0xfffd0505, 0xfffd0505, 0xfffd0505, 0xfffd0505,
	0xfffd0505, 0xfffd0505, 0xfffd0505, 0xfffd0505, 0xfffd0505, 0xfffd0505, 0xfffd0505, 0xfffd0505,
	0xfffd0505, 0xfffd0505, 0xfffd0505, 0xfffd0505, 0xfffd0505, 0xfffd0505, 0xfffd0505, 0xfffd0505,
	0xc0, 0xc0, 0xc0, 0xc0, 0xc0, 0xc0, 0xc0, 0xc0,
	0xc0, 0xc0, 0xc0, 0xc0, 0xc0, 0xc0, 0xc0, 0xc0,
	0xc0, 0xc0, 0xc0, 0xc0, 0xc0, 0xc0, 0xc0, 0xc0,
	0xc0, 0xc0, 0xc0, 0xc0, 0xc0, 0xc0, 0xc0, 0xc0,
	0xc0, 0xc0, 0xc0, 0xc0, 0xc0, 0xc0, 0xc0, 0xc0,
	0xc0, 0xc0, 0xc0, 0xc0, 0xc0, 0xc0, 0xc0, 0xc0,
	0xc0, 0xc0, 0xc0, 0xc0, 0xc0, 0xc0, 0xc0, 0xc0,
	0xc0, 0xc0, 0xc0, 0xc0, 0xc0, 0xc0, 0xc0, 0xc0,
	0x2b9c8ac4, 0x2c1f0586, 0x2b9c8ec4, 0x2b9c9ac4, 0x1c6, 0x21c6, 0x81c6, 0x2f9ca0c4,
	0x339c8ac4, 0x34310586, 0x339c8ec4, 0x339c96c4, 0x3b9c8ac4, 0x3c1d0586, 0x3b9c8ec4, 0x3b9c96c4,
	0x32020586, 0x459c9ac4, 0x479c8ac4, 0x483f0586, 0x479c8ec4, 0x479c9ac4, 0x41c6, 0xc830505,
	0xa1c6, 0x539c8ac4, 0x54330586, 0x539c8ec4, 0x539c96c4, 0x5c110586, 0x5e2805a0, 0x1082c5,
	0x2b058ac4, 0x2c1f0505, 0x2b058ec4, 0x2b059ac4, 0x61c6, 0x5e7904c1, 0x5e7902c1, 0x2f05a0c4,
	0x33058ac4, 0x34310505, 0x33058ec4, 0x330596c4, 0x3b058ac4, 0x3c1d0505, 0x3b058ec4, 0x3b0596c4,
	0x32020505, 0x45059ac4, 0x47058ac4, 0x483f0505, 0x47058ec4, 0x47059ac4, 0x5e7903c1, 0xc810505,
	0xc1c6, 0x53058ac4, 0x54330505, 0x53058ec4, 0x530596c4, 0x5c110505, 0x5e280505, 0x5b0596c4,
	0xc0, 0xc0, 0xc0, 0xc0, 0x1146c9, 0x12e6c9, 0xc0, 0xc0,
	0xc0, 0xc0, 0xc0, 0xc0, 0xc0, 0xc0, 0xc0, 0xc0,
	0x31004686, 0x31004605, 0xc0, 0xc0, 0xc0, 0xc0, 0xc0, 0xc0,
	0x14c6c9, 0x15e6c9, 0xc0, 0xc0, 0xc0, 0xc0, 0xc0, 0xc0,
	0xc0, 0xc0, 0xc0, 0xc0, 0xc0, 0xc0, 0xc0, 0xc0,
	0xc0, 0xc0, 0xc0, 0xc0, 0xc0, 0xc0, 0x1706c9, 0x1826c9,
	0xc0, 0xc0, 0xc0, 0xc0, 0xc0, 0xc0, 0xc0, 0xc0,
	0xc0, 0xc0, 0xc0, 0xc0, 0xc0, 0xc0, 0xc0, 0xc0,
	0xc0, 0xc0, 0xc0, 0xc0, 0xc0, 0xc0, 0xc0, 0xc0,
	0xc0, 0xc0, 0xc0, 0xc0, 0xc0, 0xc0, 0xc0, 0xc0,
	0xc0, 0xc0, 0xc0, 0xc0, 0xc0, 0xc0, 0xc0, 0xc0,
	0xc0, 0xc0, 0xc0, 0xc0, 0xc0, 0xc0, 0xc0, 0xc0,
	0xc0, 0xc0, 0x1946c9, 0x1a66c9, 0xc0, 0xc0, 0xc0, 0xc0,
	0xc0, 0xc0, 0xc0, 0xc0, 0xc0, 0xc0, 0xc0, 0xc0,
	0xc0, 0xc0, 0xc0, 0xc0, 0xc0, 0xc0, 0xc0, 0xc0,
	0xc0, 0xc0, 0xc0, 0xc0, 0xc0, 0xc0, 0xc0, 0xc0,
	0xc0, 0xc0, 0xc0, 0xc0, 0x1b86c9, 0x1d06c9, 0xc0, 0xc0,
	0xc0, 0xc0, 0xc0, 0xc0, 0xc0, 0xc0, 0xc0, 0xc0,
	0xc0, 0xc0, 0xc0, 0x1e86c9, 0x1fa6c9, 0xc0, 0xc0, 0xc0,
	0xc0, 0xc0, 0xc0, 0xc0, 0xc0, 0xc0, 0xc0, 0xc0,
	0xc0, 0xc0, 0xc0, 0xc0, 0xc0, 0xc0, 0xc0, 0xc0,
	0xc0, 0xc0, 0xc0, 0xc0, 0xc0, 0xc0, 0xc0, 0xc0,
	0xc0, 0xc0, 0xc0, 0xc0, 0xc0, 0xc0, 0x1e2c6, 0x222c6,
	0xc0, 0xc0, 0x262c6, 0x3a2c5, 0xc0, 0xc0, 0xc0, 0xc0,
	0xc0, 0xc0, 0x20c6c9, 0x2246c9, 0xc0, 0xc0, 0xc0, 0xc0,
	0xc0, 0xc0, 0xc0, 0xc0, 0xc0, 0xc0, 0xc0, 0xc0,
	0xc0, 0xc0, 0x2e2c6, 0x4a2c5, 0x322c6, 0x4e2c5, 0x362c6, 0x3a2c6,
	0xc0, 0xc0, 0xc0, 0xc0, 0xc0, 0xc0, 0xc0, 0xc0,
	0xc0, 0xc0, 0xc0, 0xc0, 0xc0, 0xc0, 0xc0, 0xc0,
	0xc0, 0xc0, 0xc0, 0xc0, 0xc0, 0xc0, 0xc0, 0xc0,
	0xc0, 0xc0, 0xc0, 0xc0, 0xc0, 0xc0, 0xc0, 0xc0,
	0xc0, 0xc0, 0xc0, 0xc0, 0xc0, 0xc0, 0xc0, 0xc0,
	0x23c6c9, 0x24e6c9, 0x3e2c6, 0x5a2c5, 0xc0, 0xc0, 0xc0, 0xc0,
	0xc0, 0xc0, 0xc0, 0xc0, 0xc0, 0xc0, 0xc0, 0xc0,
	0xc0, 0xc0, 0xc0, 0xc0, 0xc0, 0xc0, 0xc0, 0xc0,
	0x1cd, 0x1cd, 0x1cd, 0x1cd, 0x1cd, 0x1cd, 0x1cd, 0x1cd,
	0x1cd, 0x1cd, 0x1cd, 0x1cd, 0x1cd, 0x1cd, 0x1cd, 0x1cd,
	0x1cd, 0x1cd, 0x1cd, 0x1cd, 0x1cd, 0x1cd, 0x1cd, 0x1cd,
	0x1cd, 0x1cd, 0x1cd, 0x1cd, 0x1cd, 0x1cd, 0x1cd, 0x1cd,
	0x1cc, 0x1cc, 0x1cc, 0x1cc, 0xc0, 0xc0, 0xc0, 0xc0,
	0xc0, 0xc0, 0xc0, 0xc0, 0xc0, 0xc0, 0xc0, 0xc0,
	0xc0, 0xc0, 0xc0, 0xc0, 0xc0, 0xc0, 0xc0, 0xc0,
	0xc0, 0xc0, 0xc0, 0xc0, 0xc0, 0xc0, 0xc0, 0xc0,
	0x2606c9, 0x27e6c9, 0xc0, 0xc0, 0xc0, 0xc0, 0xc0, 0xc0,
	0xc0, 0xc0, 0xc0, 0xc0, 0xc0, 0xc0, 0xc0, 0xc0,
	0xc0, 0xc0, 0xc0, 0xc0, 0xc0, 0xc0, 0xc0, 0xc0,
	0x29c6c9, 0x2ae6c9, 0x2c06c9, 0x2d26c9, 0xc0, 0xc0, 0xc0, 0xc0,
	0xc0, 0xc0, 0xc0, 0xc0, 0xc0, 0xc0, 0xc0, 0xc0,
	0x2e46c9, 0x2f66c9, 0xc0, 0xc0, 0xc0, 0xc0, 0xc0, 0xc0,
	0xc0, 0xc0, 0xc0, 0xc0, 0xc0, 0xc0, 0xc0, 0xc0,
	0xc0, 0xc0, 0xc0, 0xc0, 0xc0, 0xc0, 0x3086c9, 0x31a6c9,
	0x32c6c9, 0x33e6c9, 0x3506c9, 0x3626c9, 0xc0, 0xc0, 0xc0, 0xc0,
	0xc0, 0xc0, 0xc0, 0xc0, 0x3746c9, 0x3926c9, 0xc0, 0xc0,
	0xc0, 0xc0, 0xc0, 0xc0, 0xc0, 0xc0, 0xc0, 0xc0,
	0xc0, 0xc0, 0xc0, 0xc0, 0xc0, 0xc0, 0xc0, 0xc0,
	0xc0, 0xc0, 0xc0, 0xc0, 0x3b06c9, 0x3c26c9, 0xc0, 0xc0,
	0xc0, 0xc0, 0xc0, 0xc0, 0xc0, 0xc0, 0xc0, 0xc0,
	0xc0, 0xc0, 0x3d46c9, 0x3e66c9, 0x3f86c9, 0x4106c9, 0xc0, 0xc0,
	0xc0, 0xc0, 0xc0, 0xc0, 0xc0, 0xc0, 0xc0, 0xc0,
	0xc0, 0xc0, 0x262c5, 0x2a2c5, 0xc0, 0xc0, 0xc0, 0xc0,
	0xc0, 0xc0, 0x4286c9, 0x4406c9, 0x4586c9, 0x46a6c9, 0xc0, 0xc0,
	0x322c5, 0x362c5, 0xc0, 0xc0, 0xc0, 0xc0, 0xc0, 0xc0,
	0x47c6c9, 0x48e6c9, 0xc0, 0xc0, 0x4a06c9, 0x4b26c9, 0xc0, 0xc0,
	0xc0, 0xc0, 0xc0, 0xc0, 0xc0, 0xc0, 0xc0, 0xc0,
	0xc0, 0xc0, 0xc0, 0x21c6, 0xc0, 0xc0, 0xc0, 0xc0,
	0xc0, 0xc0, 0xc0, 0xc0, 0xc0, 0xc0, 0xc0, 0xc0,
	0xc0, 0xc0, 0xc0, 0xc0, 0xc0, 0xc0, 0xc0, 0xc0,
	0x1cc, 0x1cc, 0x1cc, 0x1cc, 0x1cc, 0x1cc, 0x1cc, 0x1cc,
	0x1cc, 0x1cc, 0x1cc, 0x1cc, 0x1cc, 0x1cc, 0x1cc, 0x1cc,
	0x1cc, 0x1cc, 0x1cc, 0x1cc, 0x1cc, 0x1cc, 0x1cc, 0x1cc,
	0x1cc, 0x1cc, 0x1cc, 0x1cc, 0x1cc, 0x1cc, 0x1cc, 0x1cc,
	0xc0, 0xc0, 0xc0, 0xc0
};

static constexpr int32_t s_coll_isTrieIndexLength = 2112;
static constexpr int32_t s_coll_isTrieDataLength = 892;
static constexpr char32_t s_coll_isTrieHighStart = 0xe000;
static constexpr int32_t s_coll_isTrieHighValueIndex = 888;

static constexpr uint32_t s_coll_isCe32s[144] = {
	0x0, 0x2c1f0586, 0xa205, 0x2c1f0505, 0xa205, 0x5e7904c1, 0xa205, 0x34310586,
	0xa205, 0x34310505, 0xa205, 0x3c1d0586, 0xa205, 0x3c1d0505, 0xa205, 0x54330586,
	0xa205, 0x54330505, 0xa205, 0x483f0586, 0xbe05, 0x483f0505, 0xbe05, 0x5e7903c1,
	0xbe05, 0x54330586, 0xbe05, 0x54330505, 0xbe05, 0x5e7902c1, 0xa405, 0x483f0586,
	0xa205, 0x483f0505, 0xa205, 0x5e7903c1, 0xa205, 0x5e7904c1, 0x8805, 0x5e7902c1,
	0x8805, 0x34310586, 0xa005, 0x34310505, 0xa005, 0x5e7903c1, 0xa405, 0x2c1f0586,
	0xc805, 0x2c1f0505, 0xc805, 0x5e7904c1, 0xc805, 0x34310586, 0xcc05, 0x34310505,
	0xcc05, 0x34310586, 0xd005, 0x34310505, 0xd005, 0x3c1d0586, 0xd005, 0x3c1d0505,
	0xd005, 0x54330586, 0xc605, 0x54330505, 0xc605, 0x54330586, 0xd005, 0x54330505,
	0xd005, 0x54330586, 0xcc05, 0x54330505, 0xcc05, 0x2c1f0586, 0xc405, 0x2c1f0505,
	0xc405, 0x5e7904c1, 0xc405, 0x34310586, 0xc405, 0x34310505, 0xc405, 0x3c1d0586,
	0xc405, 0x3c1d0505, 0xc405, 0x483f0586, 0xc405, 0x483f0505, 0xc405, 0x5e7903c1,
	0xc405, 0x4700059c, 0xbe05, 0xc405, 0x483f0586, 0xbe05, 0xc405, 0x47000505,
	0xbe05, 0xc405, 0x483f0505, 0xbe05, 0xc405, 0x5e7903c1, 0xbe05, 0xc405,
	0x54330586, 0xc405, 0x54330505, 0xc405, 0x5300059c, 0xbe05, 0xc405, 0x54330586,
	0xbe05, 0xc405, 0x53000505, 0xbe05, 0xc405, 0x54330505, 0xbe05, 0xc405,
	0x5c110586, 0xc405, 0x5c110505, 0xc405, 0x4f007005, 0x4f000513, 0x12000505, 0x14000505,
	0x16000505, 0x18000505, 0x1a000505, 0x1c000505, 0x1e000505, 0x20000505, 0x22000505, 0x24000505
};

static constexpr int64_t s_coll_isCes[50] = {
	int64_t(0x5e79020046008600ULL), int64_t(0x5e79040005008600ULL), int64_t(0x5e79030005008600ULL), int64_t(0x5e79020046000500ULL), int64_t(0x5e79020005008600ULL),
	int64_t(0x5e79030046008600ULL), int64_t(0x5e79030046000500ULL), int64_t(0x5e79020046008600ULL), int64_t(0xa2000500ULL), int64_t(0x5e79040005008600ULL),
	int64_t(0xa2000500ULL), int64_t(0x5e79020046000500ULL), int64_t(0xa2000500ULL), int64_t(0x5e79030005008600ULL), int64_t(0xbe000500ULL),
	int64_t(0x5e79020046008600ULL), int64_t(0xa4000500ULL), int64_t(0x5e79020046000500ULL), int64_t(0xa4000500ULL), int64_t(0x5e79020005008600ULL),
	int64_t(0xa4000500ULL), int64_t(0x5e79030005008600ULL), int64_t(0xa2000500ULL), int64_t(0x5e79040005008600ULL), int64_t(0x88000500ULL),
	int64_t(0x5e79020005008600ULL), int64_t(0x88000500ULL), int64_t(0x5e79030046008600ULL), int64_t(0x88000500ULL), int64_t(0x5e79030046000500ULL),
	int64_t(0x88000500ULL), int64_t(0x5e79030005008600ULL), int64_t(0xa4000500ULL), int64_t(0x5e79020046008600ULL), int64_t(0xc8000500ULL),
	int64_t(0x5e79040005008600ULL), int64_t(0xc8000500ULL), int64_t(0x5e79020046000500ULL), int64_t(0xc8000500ULL), int64_t(0x5e79020046008600ULL),
	int64_t(0xc4000500ULL), int64_t(0x5e79040005008600ULL), int64_t(0xc4000500ULL), int64_t(0x5e79020046000500ULL), int64_t(0xc4000500ULL),
	int64_t(0x5e79030005008600ULL), int64_t(0xc4000500ULL), int64_t(0x5e79030005008600ULL), int64_t(0xbe000500ULL), int64_t(0xc4000500ULL)
};

static constexpr char16_t s_coll_isContexts[610] = {
	0x2b00, 0x59c, 0x3, 0x301, 0xec1f, 0x586, 0x308, 0x81c6, 0x30a, 0xa1c6, 0x341, 0xec1f,
	0x586, 0x3300, 0x59c, 0x1, 0x301, 0xf431, 0x586, 0x341, 0xf431, 0x586, 0x3b00, 0x59c,
	0x1, 0x301, 0xfc1d, 0x586, 0x341, 0xfc1d, 0x586, 0x4700, 0x59c, 0x2, 0x301, 0xffff,
	0x483f, 0x586, 0x308, 0xc000, 0x41c6, 0x341, 0xffff, 0x483f, 0x586, 0x5300, 0x59c, 0x1,
	0x301, 0xffff, 0x5433, 0x586, 0x341, 0xffff, 0x5433, 0x586, 0x5b00, 0x59c, 0x1, 0x301,
	0xffff, 0x5c11, 0x586, 0x341, 0xffff, 0x5c11, 0x586, 0x2b00, 0x505, 0x3, 0x301, 0xec1f,
	0x505, 0x308, 0xc000, 0x61c6, 0x30a, 0xffff, 0x5e79, 0x4c1, 0x341, 0xec1f, 0x505, 0x3300,
	0x505, 0x1, 0x301, 0xf431, 0x505, 0x341, 0xf431, 0x505, 0x3b00, 0x505, 0x1, 0x301,
	0xfc1d, 0x505, 0x341, 0xfc1d, 0x505, 0x4700, 0x505, 0x2, 0x301, 0xffff, 0x483f, 0x505,
	0x308, 0xffff, 0x5e79, 0x3c1, 0x341, 0xffff, 0x483f, 0x505, 0x5300, 0x505, 0x1, 0x301,
	0xffff, 0x5433, 0x505, 0x341, 0xffff, 0x5433, 0x505, 0x5b00, 0x505, 0x1, 0x301, 0xffff,
	0x5c11, 0x505, 0x341, 0xffff, 0x5c11, 0x505, 0x2b9c, 0xa2c4, 0x3, 0x301, 0xa2c5, 0x308,
	0xc000, 0xe2c6, 0x30a, 0xc001, 0x22c6, 0x341, 0xa2c5, 0x2b05, 0xa2c4, 0x3, 0x301, 0xc000,
	0x62c5, 0x308, 0xc001, 0x62c6, 0x30a, 0xc000, 0xa2c5, 0x341, 0xc000, 0x62c5, 0x339c, 0xa2c4,
	0x1, 0x301, 0xc000, 0xe2c5, 0x341, 0xc000, 0xe2c5, 0x3305, 0xa2c4, 0x1, 0x301, 0xc001,
	0x22c5, 0x341, 0xc001, 0x22c5, 0x3b9c, 0xa2c4, 0x1, 0x301, 0xc001, 0x62c5, 0x341, 0xc001,
	0x62c5, 0x3b05, 0xa2c4, 0x1, 0x301, 0xc001, 0xa2c5, 0x341, 0xc001, 0xa2c5, 0x539c, 0xa2c4,
	0x1, 0x301, 0xc001, 0xe2c5, 0x341, 0xc001, 0xe2c5, 0x5305, 0xa2c4, 0x1, 0x301, 0xc002,
	0x22c5, 0x341, 0xc002, 0x22c5, 0x479c, 0xbec4, 0x2, 0x301, 0xc002, 0x62c5, 0x308, 0xc001,
	0xa2c6, 0x341, 0xc002, 0x62c5, 0x4705, 0xbec4, 0x2, 0x301, 0xc002, 0xa2c5, 0x308, 0xc002,
	0xe2c5, 0x341, 0xc002, 0xa2c5, 0x539c, 0xbec4, 0x1, 0x301, 0xc003, 0x22c5, 0x341, 0xc003,
	0x22c5, 0x5305, 0xbec4, 0x1, 0x301, 0xc003, 0x62c5, 0x341, 0xc003, 0x62c5, 0x479c, 0xa2c4,
	0x2, 0x301, 0xc003, 0xe2c5, 0x308, 0xc002, 0xa2c6, 0x341, 0xc003, 0xe2c5, 0x4705, 0xa2c4,
	0x2, 0x301, 0xc004, 0x22c5, 0x308, 0xc004, 0x62c5, 0x341, 0xc004, 0x22c5, 0x339c, 0xa0c4,
	0x1, 0x301, 0xc005, 0x22c5, 0x341, 0xc005, 0x22c5, 0x3305, 0xa0c4, 0x1, 0x301, 0xc005,
	0x62c5, 0x341, 0xc005, 0x62c5, 0x2b9c, 0xc8c4, 0x3, 0x301, 0xc005, 0xe2c5, 0x308, 0xc004,
	0x22c6, 0x30a, 0xc004, 0x62c6, 0x341, 0xc005, 0xe2c5, 0x2b05, 0xc8c4, 0x3, 0x301, 0xc006,
	0x22c5, 0x308, 0xc004, 0xa2c6, 0x30a, 0xc006, 0x62c5, 0x341, 0xc006, 0x22c5, 0x339c, 0xccc4,
	0x1, 0x301, 0xc006, 0xa2c5, 0x341, 0xc006, 0xa2c5, 0x3305, 0xccc4, 0x1, 0x301, 0xc006,
	0xe2c5, 0x341, 0xc006, 0xe2c5, 0x339c, 0xd0c4, 0x1, 0x301, 0xc007, 0x22c5, 0x341, 0xc007,
	0x22c5, 0x3305, 0xd0c4, 0x1, 0x301, 0xc007, 0x62c5, 0x341, 0xc007, 0x62c5, 0x3b9c, 0xd0c4,
	0x1, 0x301, 0xc007, 0xa2c5, 0x341, 0xc007, 0xa2c5, 0x3b05, 0xd0c4, 0x1, 0x301, 0xc007,
	0xe2c5, 0x341, 0xc007, 0xe2c5, 0x539c, 0xc6c4, 0x1, 0x301, 0xc008, 0x22c5, 0x341, 0xc008,
	0x22c5, 0x5305, 0xc6c4, 0x1, 0x301, 0xc008, 0x62c5, 0x341, 0xc008, 0x62c5, 0x539c, 0xd0c4,
	0x1, 0x301, 0xc008, 0xa2c5, 0x341, 0xc008, 0xa2c5, 0x5305, 0xd0c4, 0x1, 0x301, 0xc008,
	0xe2c5, 0x341, 0xc008, 0xe2c5, 0x539c, 0xccc4, 0x1, 0x301, 0xc009, 0x22c5, 0x341, 0xc009,
	0x22c5, 0x5305, 0xccc4, 0x1, 0x301, 0xc009, 0x62c5, 0x341, 0xc009, 0x62c5, 0x2b9c, 0xc4c4,
	0x3, 0x301, 0xc009, 0xa2c5, 0x308, 0xc004, 0xe2c6, 0x30a, 0xc005, 0x22c6, 0x341, 0xc009,
	0xa2c5, 0x2b05, 0xc4c4, 0x3, 0x301, 0xc009, 0xe2c5, 0x308, 0xc005, 0x62c6, 0x30a, 0xc00a,
	0x22c5, 0x341, 0xc009, 0xe2c5, 0x339c, 0xc4c4, 0x1, 0x301, 0xc00a, 0x62c5, 0x341, 0xc00a,
	0x62c5, 0x3305, 0xc4c4, 0x1, 0x301, 0xc00a, 0xa2c5, 0x341, 0xc00a, 0xa2c5, 0x3b9c, 0xc4c4,
	0x1, 0x301, 0xc00a, 0xe2c5, 0x341, 0xc00a, 0xe2c5, 0x3b05, 0xc4c4, 0x1, 0x301, 0xc00b,
	0x22c5, 0x341, 0xc00b, 0x22c5, 0x479c, 0xc4c4, 0x2, 0x301, 0xc00b, 0x62c5, 0x308, 0xc005,
	0xa2c6, 0x341, 0xc00b, 0x62c5, 0x4705, 0xc4c4, 0x2, 0x301, 0xc00b, 0xa2c5, 0x308, 0xc00b,
	0xe2c5, 0x341, 0xc00b, 0xa2c5, 0xc, 0x23c5, 0x2, 0x301, 0xc00c, 0x83c5, 0x308, 0xc005,
	0xe3c6, 0x341, 0xc00c, 0x83c5, 0xc, 0xe3c5, 0x2, 0x301, 0xc00d, 0x43c5, 0x308, 0xc00d,
	0xa3c5, 0x341, 0xc00d, 0x43c5, 0x539c, 0xc4c4, 0x1, 0x301, 0xc00e, 0x2c5, 0x341, 0xc00e,
	0x2c5, 0x5305, 0xc4c4, 0x1, 0x301, 0xc00e, 0x42c5, 0x341, 0xc00e, 0x42c5, 0xe, 0x83c5,
	0x1, 0x301, 0xc00e, 0xe3c5, 0x341, 0xc00e, 0xe3c5, 0xf, 0x43c5, 0x1, 0x301, 0xc00f,
	0xa3c5, 0x341, 0xc00f, 0xa3c5, 0x5b9c, 0xc4c4, 0x1, 0x301, 0xc010, 0x2c5, 0x341, 0xc010,
	0x2c5, 0x5b05, 0xc4c4, 0x1, 0x301, 0xc010, 0x42c5, 0x341, 0xc010, 0x42c5
};

static constexpr uint16_t s_coll_isFastLatin[516] = {
	0x205, 0xc40, 0xde0, 0xe80, 0xea8, 0x414, 0x0, 0x0, 0x0, 0x0, 0x0, 0x0,
	0x0, 0x0, 0xc00, 0xc08, 0xc10, 0xc18, 0xc20, 0x0, 0x0, 0x0, 0x0, 0x0,
	0x0, 0x0, 0x0, 0x0, 0x0, 0x0, 0x0, 0x0, 0x0, 0x0, 0x0, 0x0,
	0x0, 0xc40, 0xca8, 0xcf0, 0xd78, 0xe98, 0xd80, 0xd70, 0xcd8, 0xd08, 0xd10, 0xd58,
	0xe30, 0xc90, 0xc60, 0xcd0, 0xd60, 0x10a8, 0x14a8, 0x18a8, 0x1ca8, 0x20a8, 0x24a8, 0x28a8,
	0x2ca8, 0x30a8, 0x34a8, 0xca0, 0xc98, 0xe50, 0xe58, 0xe60, 0xcb8, 0xd50, 0x416, 0x40b9,
	0x44b9, 0x48b9, 0x418, 0x58b9, 0x5cb9, 0x60b9, 0x41a, 0x70ba, 0x74b9, 0x78b9, 0x7cb9, 0x80ba,
	0x41c, 0x90b9, 0x94b9, 0x9cb9, 0xa0ba, 0xa4b9, 0x41e, 0xb4b9, 0xb8b9, 0xbcb9, 0x420, 0xc8b9,
	0xd18, 0xd68, 0xd20, 0xdf8, 0xc50, 0xde8, 0x422, 0x40a8, 0x44a8, 0x48a8, 0x424, 0x58a8,
	0x5ca8, 0x60a8, 0x426, 0x70a8, 0x74a8, 0x78a8, 0x7ca8, 0x80a8, 0x428, 0x90a8, 0x94a8, 0x9ca8,
	0xa0a8, 0xa4a8, 0x42a, 0xb4a8, 0xb8a8, 0xbca8, 0x42c, 0xc8a8, 0xd28, 0xe70, 0xd30, 0xe80,
	0x0, 0x0, 0x0, 0x0, 0x0, 0x0, 0xc28, 0x0, 0x0, 0x0, 0x0, 0x0,
	0x0, 0x0, 0x0, 0x0, 0x0, 0x0, 0x0, 0x0, 0x0, 0x0, 0x0, 0x0,
	0x0, 0x0, 0x0, 0x0, 0x0, 0x0, 0x0, 0x0, 0x0, 0xc42, 0xcb0, 0xe90,
	0xea0, 0xe88, 0xea8, 0xe78, 0xd40, 0xe08, 0xe20, 0x38aa, 0xcf8, 0xe68, 0x0, 0xe28,
	0xe00, 0xe18, 0xe38, 0x18a9, 0x1ca9, 0xdf0, 0x1, 0xd48, 0x1, 0xe10, 0x14a9, 0x88aa,
	0xd00, 0x1, 0x1, 0x1, 0xcc0, 0x39b9, 0x3cb9, 0x39f9, 0x3a99, 0xd4d9, 0xdcb9, 0xd4b9,
	0x46d9, 0x51ba, 0x54b9, 0x51fa, 0x525a, 0x65ba, 0x6cb9, 0x65fa, 0x665a, 0x4cb9, 0x829a, 0x89b9,
	0x8cb9, 0x89f9, 0x8a99, 0xd8b9, 0xe48, 0xd8d9, 0xadb9, 0xb0b9, 0xadf9, 0xae59, 0xc4b9, 0xccb9,
	0x800, 0x39a8, 0x3ca8, 0x39e8, 0x3a88, 0xd4c8, 0xdca8, 0xd4a8, 0x46c8, 0x51a8, 0x54a8, 0x51e8,
	0x5248, 0x65a8, 0x6ca8, 0x65e8, 0x6648, 0x4ca8, 0x8288, 0x89a8, 0x8ca8, 0x89e8, 0x8a88, 0xd8a8,
	0xe40, 0xd8c8, 0xada8, 0xb0a8, 0xade8, 0xae48, 0xc4a8, 0xcca8, 0xc248, 0x3b19, 0x3b08, 0x39d9,
	0x39c8, 0x42e, 0x430, 0x4599, 0x4588, 0x45f9, 0x45e8, 0x46b9, 0x46a8, 0x4619, 0x4608, 0x4a19,
	0x4a08, 0x48d9, 0x48c8, 0x531a, 0x5308, 0x51da, 0x51c8, 0x52ba, 0x52a8, 0x432, 0x434, 0x521a,
	0x5208, 0x5df9, 0x5de8, 0x5dd9, 0x5dc8, 0x5eb9, 0x5ea8, 0x5ed9, 0x5ec8, 0x61f9, 0x61e8, 0x6339,
	0x6328, 0x669a, 0x6688, 0x671a, 0x6708, 0x65da, 0x65c8, 0x436, 0x438, 0x66ba, 0x68a8, 0x802,
	0x804, 0x71fa, 0x71e8, 0x76d9, 0x76c8, 0x98a8, 0x7999, 0x7988, 0x7ad9, 0x7ac8, 0x7a19, 0x7a08,
	0x7b59, 0x7b48, 0x7b39, 0x7b28, 0x819a, 0x8188, 0x82da, 0x82c8, 0x821a, 0x8208, 0x806, 0x84b9,
	0x84a8, 0x8b19, 0x8b08, 0x89d9, 0x89c8, 0x8a79, 0x8a68, 0x808, 0x80a, 0x9d99, 0x9d88, 0x9ed9,
	0x9ec8, 0x9e19, 0x9e08, 0xa19a, 0xa188, 0xa1fa, 0xa1e8, 0xa2da, 0xa2c8, 0xa21a, 0xa208, 0xa6d9,
	0xa6c8, 0xa619, 0xa608, 0xa8b9, 0xa8a8, 0xae99, 0xae88, 0xaf19, 0xaf08, 0xadd9, 0xadc8, 0xae39,
	0xae28, 0xae79, 0xae68, 0x43a, 0x43c, 0xb9f9, 0xb9e8, 0xc1f9, 0xc1e8, 0xc259, 0xc999, 0xc988,
	0xcab9, 0xcaa8, 0xca19, 0xca08, 0xa0e8, 0xc41, 0xc41, 0xc41, 0xc41, 0xc41, 0xc41, 0xc41,
	0xc42, 0xc41, 0xc41, 0xc41, 0x0, 0x0, 0x0, 0x0, 0x0, 0xc68, 0xc69, 0xc70,
	0xc78, 0xc80, 0xc88, 0xd38, 0xc58, 0x1, 0x1, 0x1, 0x1, 0x1, 0x1, 0x1,
	0x1, 0xd98, 0xda0, 0xda8, 0xdb0, 0xcd1, 0x80c, 0x1, 0xdb8, 0xc30, 0xc38, 0x0,
	0x0, 0x0, 0x0, 0x0, 0xc42, 0xd88, 0xd90, 0xdc0, 0x80e, 0x1, 0xdc8, 0x810,
	0x1, 0xdd0, 0xce0, 0xce8, 0xdd8, 0x812, 0xcc8, 0xc48, 0xde0, 0xa0c8, 0xa0a9, 0x64bb,
	0x70bb, 0x64a9, 0x70a9, 0xd0a9, 0x80a9, 0x88d9, 0x50bb, 0x88c8, 0x50a9, 0xcd1, 0xcd1, 0xdc1,
	0xdc1, 0xdc9, 0xdc9, 0xca9, 0xca9, 0x5ff, 0x0, 0x5ff, 0x38b9, 0x5ff, 0x50ba, 0x5ff,
	0x64ba, 0x5ff, 0x88b9, 0x5ff, 0xacb9, 0x5ff, 0xc0b9, 0x5ff, 0x38a8, 0x5ff, 0x50a8, 0x5ff,
	0x64a8, 0x5ff, 0x88a8, 0x5ff, 0xaca8, 0x5ff, 0xc0a8, 0x5ff, 0x3af9, 0x5ff, 0x3ae8, 0x5ff,
	0x52fa, 0x5ff, 0x52e8, 0x5ff, 0x66fa, 0x5ff, 0x66e8, 0x5ff, 0xaef9, 0x5ff, 0xaee8, 0x1ff
};

static constexpr uint16_t s_coll_isFastLatinPrimaries[384] = {
	0x0, 0x0, 0x0, 0x0, 0x0, 0x0, 0x0, 0x0, 0x0, 0xc00, 0xc08, 0xc10,
	0xc18, 0xc20, 0x0, 0x0, 0x0, 0x0, 0x0, 0x0, 0x0, 0x0, 0x0, 0x0,
	0x0, 0x0, 0x0, 0x0, 0x0, 0x0, 0x0, 0x0, 0xc40, 0xca8, 0xcf0, 0xd78,
	0xe98, 0xd80, 0xd70, 0xcd8, 0xd08, 0xd10, 0xd58, 0xe30, 0xc90, 0xc60, 0xcd0, 0xd60,
	0x1000, 0x1400, 0x1800, 0x1c00, 0x2000, 0x2400, 0x2800, 0x2c00, 0x3000, 0x3400, 0xca0, 0xc98,
	0xe50, 0xe58, 0xe60, 0xcb8, 0xd50, 0x0, 0x4000, 0x4400, 0x4800, 0x0, 0x5800, 0x5c00,
	0x6000, 0x0, 0x7000, 0x7400, 0x7800, 0x7c00, 0x8000, 0x0, 0x9000, 0x9400, 0x9c00, 0xa000,
	0xa400, 0x0, 0xb400, 0xb800, 0xbc00, 0x0, 0xc800, 0xd18, 0xd68, 0xd20, 0xdf8, 0xc50,
	0xde8, 0x0, 0x4000, 0x4400, 0x4800, 0x0, 0x5800, 0x5c00, 0x6000, 0x0, 0x7000, 0x7400,
	0x7800, 0x7c00, 0x8000, 0x0, 0x9000, 0x9400, 0x9c00, 0xa000, 0xa400, 0x0, 0xb400, 0xb800,
	0xbc00, 0x0, 0xc800, 0xd28, 0xe70, 0xd30, 0xe80, 0x0, 0x0, 0x0, 0x0, 0x0,
	0x0, 0xc28, 0x0, 0x0, 0x0, 0x0, 0x0, 0x0, 0x0, 0x0, 0x0, 0x0,
	0x0, 0x0, 0x0, 0x0, 0x0, 0x0, 0x0, 0x0, 0x0, 0x0, 0x0, 0x0,
	0x0, 0x0, 0x0, 0x0, 0xc40, 0xcb0, 0xe90, 0xea0, 0xe88, 0xea8, 0xe78, 0xd40,
	0xe08, 0xe20, 0x3800, 0xcf8, 0xe68, 0x0, 0xe28, 0xe00, 0xe18, 0xe38, 0x1800, 0x1c00,
	0xdf0, 0x0, 0xd48, 0x0, 0xe10, 0x1400, 0x8800, 0xd00, 0x0, 0x0, 0x0, 0xcc0,
	0x3800, 0x3c00, 0x3800, 0x3800, 0xd400, 0xdc00, 0xd400, 0x4400, 0x5000, 0x5400, 0x5000, 0x5000,
	0x6400, 0x6c00, 0x6400, 0x6400, 0x4c00, 0x8000, 0x8800, 0x8c00, 0x8800, 0x8800, 0xd800, 0xe48,
	0xd800, 0xac00, 0xb000, 0xac00, 0xac00, 0xc400, 0xcc00, 0x0, 0x3800, 0x3c00, 0x3800, 0x3800,
	0xd400, 0xdc00, 0xd400, 0x4400, 0x5000, 0x5400, 0x5000, 0x5000, 0x6400, 0x6c00, 0x6400, 0x6400,
	0x4c00, 0x8000, 0x8800, 0x8c00, 0x8800, 0x8800, 0xd800, 0xe40, 0xd800, 0xac00, 0xb000, 0xac00,
	0xac00, 0xc400, 0xcc00, 0xc000, 0x3800, 0x3800, 0x3800, 0x3800, 0x0, 0x0, 0x4400, 0x4400,
	0x4400, 0x4400, 0x4400, 0x4400, 0x4400, 0x4400, 0x4800, 0x4800, 0x4800, 0x4800, 0x5000, 0x5000,
	0x5000, 0x5000, 0x5000, 0x5000, 0x0, 0x0, 0x5000, 0x5000, 0x5c00, 0x5c00, 0x5c00, 0x5c00,
	0x5c00, 0x5c00, 0x5c00, 0x5c00, 0x6000, 0x6000, 0x6000, 0x6000, 0x6400, 0x6400, 0x6400, 0x6400,
	0x6400, 0x6400, 0x0, 0x0, 0x6400, 0x6800, 0x0, 0x0, 0x7000, 0x7000, 0x7400, 0x7400,
	0x9800, 0x7800, 0x7800, 0x7800, 0x7800, 0x7800, 0x7800, 0x7800, 0x7800, 0x7800, 0x7800, 0x8000,
	0x8000, 0x8000, 0x8000, 0x8000, 0x8000, 0x0, 0x8400, 0x8400, 0x8800, 0x8800, 0x8800, 0x8800,
	0x8800, 0x8800, 0x0, 0x0, 0x9c00, 0x9c00, 0x9c00, 0x9c00, 0x9c00, 0x9c00, 0xa000, 0xa000,
	0xa000, 0xa000, 0xa000, 0xa000, 0xa000, 0xa000, 0xa400, 0xa400, 0xa400, 0xa400, 0xa800, 0xa800,
	0xac00, 0xac00, 0xac00, 0xac00, 0xac00, 0xac00, 0xac00, 0xac00, 0xac00, 0xac00, 0x0, 0x0,
	0xb800, 0xb800, 0xc000, 0xc000, 0xc000, 0xc800, 0xc800, 0xc800, 0xc800, 0xc800, 0xc800, 0xa000
};

static constexpr int32_t s_coll_isFastLatinMiniVarTop = 0xbff;

static constexpr uint32_t s_coll_isNumericPrimary = 0x10000000;
static constexpr int32_t s_coll_isOptions = 0x2010;
static constexpr int32_t s_coll_isJamoCe32sStart = -1;

static constexpr uint16_t s_coll_klTrieIndex[2112] = {
	0x0, 0x8, 0x10, 0x18, 0x30, 0x38, 0x40, 0x48, 0x50, 0x58, 0x5f, 0x67, 0x6c, 0x74, 0x79, 0x81,
	0x89, 0x91, 0x30, 0x38, 0x30, 0x38, 0x30, 0x38, 0x30, 0x38, 0x30, 0x38, 0x30, 0x38, 0x30, 0x38,
	0x30, 0x38, 0x30, 0x38, 0x30, 0x38, 0x30, 0x38, 0x30, 0x38, 0x30, 0x38, 0x30, 0x38, 0x30, 0x38,
	0x30, 0x38, 0x30, 0x38, 0x30, 0x38, 0x30, 0x38, 0x30, 0x38, 0x30, 0x38, 0x30, 0x38, 0x30, 0x38,
	0x30, 0x30, 0x30, 0x30, 0x30, 0x30, 0x30, 0x30, 0x30, 0x30, 0x30, 0x30, 0x30, 0x30, 0x30, 0x30,
	0x30, 0x30, 0x30, 0x30, 0x30, 0x30, 0x30, 0x30, 0x30, 0x30, 0x30, 0x30, 0x30, 0x30, 0x30, 0x30,
	0x30, 0x30, 0x30, 0x30, 0x30, 0x30, 0x30, 0x30, 0x30, 0x30, 0x30, 0x30, 0x30, 0x30, 0x30, 0x30,
	0x30, 0x30, 0x30, 0x30, 0x30, 0x30, 0x30, 0x30, 0x30, 0x30, 0x30, 0x30, 0x30, 0x30, 0x30, 0x30,
	0x30, 0x30, 0x30, 0x30, 0x30, 0x30, 0x30, 0x30, 0x30, 0x30, 0x30, 0x30, 0x30, 0x30, 0x30, 0x30,
	0x30, 0x30, 0x30, 0x30, 0x30, 0x30, 0x30, 0x30, 0x30, 0x30, 0x30, 0x30, 0x30, 0x30, 0x30, 0x30,
	0x30, 0x30, 0x30, 0x30, 0x30, 0x30, 0x30, 0x30, 0x30, 0x30, 0x30, 0x30, 0x30, 0x30, 0x30, 0x30,
	0x30, 0x30, 0x30, 0x30, 0x30, 0x30, 0x30, 0x30, 0x30, 0x30, 0x30, 0x30, 0x30, 0x30, 0x30, 0x30,
	0x30, 0x30, 0x30, 0x30, 0x30, 0x30, 0x30, 0x30, 0x30, 0x30, 0x30, 0x30, 0x30, 0x30, 0x30, 0x30,
	0x30, 0x30, 0x30, 0x30, 0x30, 0x30, 0x30, 0x30, 0x30, 0x30, 0x30, 0x30, 0x30, 0x30, 0x30, 0x30,
	0x30, 0x30, 0x30, 0x30, 0x30, 0x30, 0x30, 0x30, 0x30, 0x30, 0x30, 0x30, 0x30, 0x30, 0x30, 0x30,
	0xa9, 0x30, 0x30, 0xad, 0x30, 0xb5, 0xba, 0xc2, 0x30, 0x30, 0x30, 0x30, 0x30, 0x30, 0x30, 0x30,
	0x30, 0x30, 0x30, 0x30, 0x30, 0x30, 0x30, 0x30, 0x30, 0xc8, 0x30, 0x30, 0x30, 0x30, 0x30, 0x30,
	0x30, 0x30, 0x30, 0x30, 0x30, 0x30, 0x30, 0x30, 0x30, 0x30, 0x30, 0x30, 0x30, 0x30, 0x30, 0x30,
	0x30, 0x30, 0x30, 0x30, 0x30, 0x30, 0x30, 0x30, 0x30, 0x30, 0x30, 0x30, 0x30, 0x30, 0x30, 0x30,
	0x30, 0x30, 0x30, 0x30, 0x30, 0x30, 0x30, 0x30, 0x30, 0x30, 0x30, 0x30, 0x30, 0x30, 0x30, 0x30,
	0x30, 0x30, 0x30, 0x30, 0x30, 0x30, 0x30, 0x30, 0x30, 0x30, 0x30, 0x30, 0x30, 0x30, 0x30, 0x30,
	0x30, 0x30, 0x30, 0x30, 0x30, 0x30, 0x30, 0x30, 0x30, 0x30, 0x30, 0x30, 0x30, 0x30, 0x30, 0x30,
	0x30, 0x30, 0x30, 0x30, 0x30, 0x30, 0x30, 0x30, 0x30, 0x30, 0x30, 0x30, 0x30, 0x30, 0x30, 0x30,
	0x30, 0x30, 0x30, 0x30, 0x30, 0x30, 0x30, 0x30, 0x30, 0x30, 0x30, 0x30, 0x30, 0x30, 0x30, 0x30,
	0x30, 0x30, 0x30, 0x30, 0x30, 0x30, 0x30, 0x30, 0x30, 0x30, 0x30, 0x30, 0x30, 0x30, 0x30, 0x30,
	0x30, 0x30, 0x30, 0x30, 0x30, 0x30, 0x30, 0x30, 0x30, 0x30, 0x30, 0x30, 0x30, 0x30, 0x30, 0x30,
	0x30, 0x30, 0x30, 0x30, 0x30, 0x30, 0x30, 0x30, 0x30, 0x30, 0x30, 0x30, 0x30, 0x30, 0x30, 0x30,
	0x30, 0x30, 0x30, 0x30, 0x30, 0x30, 0x30, 0x30, 0x30, 0x30, 0x30, 0x30, 0x30, 0x30, 0x30, 0x30,
	0x30, 0x30, 0x30, 0x30, 0x30, 0x30, 0x30, 0x30, 0x30, 0x30, 0x30, 0x30, 0x30, 0x30, 0x30, 0x30,
	0x30, 0x30, 0x30, 0x30, 0x30, 0x30, 0x30, 0x30, 0x30, 0x30, 0x30, 0x30, 0x30, 0x30, 0x30, 0x30,
	0x30, 0x30, 0x30, 0x30, 0x30, 0x30, 0x30, 0x30, 0x30, 0x30, 0x30, 0x30, 0x30, 0x30, 0x30, 0x30,
	0x30, 0x30, 0x30, 0x30, 0x30, 0x30, 0x30, 0x30, 0x30, 0x30, 0x30, 0x30, 0x30, 0x30, 0x30, 0x30,
	0x30, 0x30, 0x30, 0x30, 0x30, 0x30, 0x30, 0x30, 0x30, 0x30, 0x30, 0x30, 0x30, 0x30, 0x30, 0x30,
	0x30, 0x30, 0x30, 0x30, 0x30, 0x30, 0x30, 0x30, 0x30, 0x30, 0x30, 0x30, 0x30, 0x30, 0x30, 0x30,
	0x30, 0x30, 0x30, 0x30, 0x30, 0x30, 0x30, 0x30, 0x30, 0x30, 0x30, 0x30, 0x30, 0x30, 0x30, 0x30,
	0x30, 0x30, 0x30, 0x30, 0x30, 0x30, 0x30, 0x30, 0x30, 0x30, 0x30, 0x30, 0x30, 0x30, 0x30, 0x30,
	0x30, 0x30, 0x30, 0x30, 0x30, 0x30, 0x30, 0x30, 0x30, 0x30, 0x30, 0x30, 0x30, 0x30, 0x30, 0x30,
	0x30, 0x30, 0x30, 0x30, 0x30, 0x30, 0x30, 0x30, 0x30, 0x30, 0x30, 0x30, 0x30, 0x30, 0x30, 0x30,
	0x30, 0x30, 0x30, 0x30, 0x30, 0x30, 0x30, 0x30, 0x30, 0x30, 0x30, 0x30, 0x30, 0x30, 0x30, 0x30,
	0x30, 0x30, 0x30, 0x30, 0x30, 0x30, 0x30, 0x30, 0x30, 0x30, 0x30, 0x30, 0x30, 0x30, 0x30, 0x30,
	0x30, 0x30, 0x30, 0x30, 0x30, 0x30, 0x30, 0x30, 0x30, 0x30, 0x30, 0x30, 0x30, 0x30, 0x30, 0x30,
	0x30, 0x30, 0x30, 0x30, 0x30, 0x30, 0x30, 0x30, 0x30, 0x30, 0x30, 0x30, 0x30, 0x30, 0x30, 0x30,
	0x30, 0x30, 0x30, 0x30, 0x30, 0x30, 0x30, 0x30, 0x30, 0x30, 0x30, 0x30, 0x30, 0x30, 0x30, 0x30,
	0x30, 0x30, 0x30, 0x30, 0x30, 0x30, 0x30, 0x30, 0x30, 0x30, 0x30, 0x30, 0x30, 0x30, 0x30, 0x30,
	0x30, 0x30, 0x30, 0x30, 0x30, 0x30, 0x30, 0x30, 0x30, 0x30, 0x30, 0x30, 0x30, 0x30, 0x30, 0x30,
	0x30, 0x30, 0x30, 0x30, 0x30, 0x30, 0x30, 0x30, 0x30, 0x30, 0x30, 0x30, 0x30, 0x30, 0x30, 0x30,
	0x30, 0x30, 0x30, 0x30, 0x30, 0x30, 0x30, 0x30, 0x30, 0x30, 0x30, 0x30, 0x30, 0x30, 0x30, 0x30,
	0x30, 0x30, 0x30, 0x30, 0x30, 0x30, 0x30, 0x30, 0x30, 0x30, 0x30, 0x30, 0x30, 0x30, 0x30, 0x30,
	0x30, 0x30, 0x30, 0x30, 0x30, 0x30, 0x30, 0x30, 0x30, 0x30, 0x30, 0x30, 0x30, 0x30, 0x30, 0x30,
	0x30, 0x30, 0x30, 0x30, 0x30, 0x30, 0x30, 0x30, 0x30, 0x30, 0x30, 0x30, 0x30, 0x30, 0x30, 0x30,
	0x30, 0x30, 0x30, 0x30, 0x30, 0x30, 0x30, 0x30, 0x30, 0x30, 0x30, 0x30, 0x30, 0x30, 0x30, 0x30,
	0x30, 0x30, 0x30, 0x30, 0x30, 0x30, 0x30, 0x30, 0x30, 0x30, 0x30, 0x30, 0x30, 0x30, 0x30, 0x30,
	0x30, 0x30, 0x30, 0x30, 0x30, 0x30, 0x30, 0x30, 0x30, 0x30, 0x30, 0x30, 0x30, 0x30, 0x30, 0x30,
	0x30, 0x30, 0x30, 0x30, 0x30, 0x30, 0x30, 0x30, 0x30, 0x30, 0x30, 0x30, 0x30, 0x30, 0x30, 0x30,
	0x30, 0x30, 0x30, 0x30, 0x30, 0x30, 0x30, 0x30, 0x30, 0x30, 0x30, 0x30, 0x30, 0x30, 0x30, 0x30,
	0x30, 0x30, 0x30, 0x30, 0x30, 0x30, 0x30, 0x30, 0x30, 0x30, 0x30, 0x30, 0x30, 0x30, 0x30, 0x30,
	0x30, 0x30, 0x30, 0x30, 0x30, 0x30, 0x30, 0x30, 0x30, 0x30, 0x30, 0x30, 0x30, 0x30, 0x30, 0x30,
	0x30, 0x30, 0x30, 0x30, 0x30, 0x30, 0x30, 0x30, 0x30, 0x30, 0x30, 0x30, 0x30, 0x30, 0x30, 0x30,
	0x30, 0x30, 0x30, 0x30, 0x30, 0x30, 0x30, 0x30, 0x30, 0x30, 0x30, 0x30, 0x30, 0x30, 0x30, 0x30,
	0x30, 0x30, 0x30, 0x30, 0x30, 0x30, 0x30, 0x30, 0x30, 0x30, 0x30, 0x30, 0x30, 0x30, 0x30, 0x30,
	0x30, 0x30, 0x30, 0x30, 0x30, 0x30, 0x30, 0x30, 0x30, 0x30, 0x30, 0x30, 0x30, 0x30, 0x30, 0x30,
	0x30, 0x30, 0x30, 0x30, 0x30, 0x30, 0x30, 0x30, 0x30, 0x30, 0x30, 0x30, 0x30, 0x30, 0x30, 0x30,
	0x30, 0x30, 0x30, 0x30, 0x30, 0x30, 0x30, 0x30, 0x30, 0x30, 0x30, 0x30, 0x30, 0x30, 0x30, 0x30,
	0x30, 0x30, 0x30, 0x30, 0x30, 0x30, 0x30, 0x30, 0x30, 0x30, 0x30, 0x30, 0x30, 0x30, 0x30, 0x30,
	0x30, 0x30, 0x30, 0x30, 0x30, 0x30, 0x30, 0x30, 0x30, 0x30, 0x30, 0x30, 0x30, 0x30, 0x30, 0x30,
	0x30, 0x30, 0x30, 0x30, 0x30, 0x30, 0x30, 0x30, 0x30, 0x30, 0x30, 0x30, 0x30, 0x30, 0x30, 0x30,
	0x30, 0x30, 0x30, 0x30, 0x30, 0x30, 0x30, 0x30, 0x30, 0x30, 0x30, 0x30, 0x30, 0x30, 0x30, 0x30,
	0x30, 0x30, 0x30, 0x30, 0x30, 0x30, 0x30, 0x30, 0x30, 0x30, 0x30, 0x30, 0x30, 0x30, 0x30, 0x30,
	0x30, 0x30, 0x30, 0x30, 0x30, 0x30, 0x30, 0x30, 0x30, 0x30, 0x30, 0x30, 0x30, 0x30, 0x30, 0x30,
	0x30, 0x30, 0x30, 0x30, 0x30, 0x30, 0x30, 0x30, 0x30, 0x30, 0x30, 0x30, 0x30, 0x30, 0x30, 0x30,
	0x30, 0x30, 0x30, 0x30, 0x30, 0x30, 0x30, 0x30, 0x30, 0x30, 0x30, 0x30, 0x30, 0x30, 0x30, 0x30,
	0x30, 0x30, 0x30, 0x30, 0x30, 0x30, 0x30, 0x30, 0x30, 0x30, 0x30, 0x30, 0x30, 0x30, 0x30, 0x30,
	0x30, 0x30, 0x30, 0x30, 0x30, 0x30, 0x30, 0x30, 0x30, 0x30, 0x30, 0x30, 0x30, 0x30, 0x30, 0x30,
	0x30, 0x30, 0x30, 0x30, 0x30, 0x30, 0x30, 0x30, 0x30, 0x30, 0x30, 0x30, 0x30, 0x30, 0x30, 0x30,
	0x30, 0x30, 0x30, 0x30, 0x30, 0x30, 0x30, 0x30, 0x30, 0x30, 0x30, 0x30, 0x30, 0x30, 0x30, 0x30,
	0x30, 0x30, 0x30, 0x30, 0x30, 0x30, 0x30, 0x30, 0x30, 0x30, 0x30, 0x30, 0x30, 0x30, 0x30, 0x30,
	0x30, 0x30, 0x30, 0x30, 0x30, 0x30, 0x30, 0x30, 0x30, 0x30, 0x30, 0x30, 0x30, 0x30, 0x30, 0x30,
	0x30, 0x30, 0x30, 0x30, 0x30, 0x30, 0x30, 0x30, 0x30, 0x30, 0x30, 0x30, 0x30, 0x30, 0x30, 0x30,
	0x30, 0x30, 0x30, 0x30, 0x30, 0x30, 0x30, 0x30, 0x30, 0x30, 0x30, 0x30, 0x30, 0x30, 0x30, 0x30,
	0x30, 0x30, 0x30, 0x30, 0x30, 0x30, 0x30, 0x30, 0x30, 0x30, 0x30, 0x30, 0x30, 0x30, 0x30, 0x30,
	0x30, 0x30, 0x30, 0x30, 0x30, 0x30, 0x30, 0x30, 0x30, 0x30, 0x30, 0x30, 0x30, 0x30, 0x30, 0x30,
	0x30, 0x30, 0x30, 0x30, 0x30, 0x30, 0x30, 0x30, 0x30, 0x30, 0x30, 0x30, 0x30, 0x30, 0x30, 0x30,
	0x30, 0x30, 0x30, 0x30, 0x30, 0x30, 0x30, 0x30, 0x30, 0x30, 0x30, 0x30, 0x30, 0x30, 0x30, 0x30,
	0x30, 0x30, 0x30, 0x30, 0x30, 0x30, 0x30, 0x30, 0x30, 0x30, 0x30, 0x30, 0x30, 0x30, 0x30, 0x30,
	0x30, 0x30, 0x30, 0x30, 0x30, 0x30, 0x30, 0x30, 0x30, 0x30, 0x30, 0x30, 0x30, 0x30, 0x30, 0x30,
	0x30, 0x30, 0x30, 0x30, 0x30, 0x30, 0x30, 0x30, 0x30, 0x30, 0x30, 0x30, 0x30, 0x30, 0x30, 0x30,
	0xd0, 0xd0, 0xd0, 0xd0, 0xd0, 0xd0, 0xd0, 0xd0, 0xd0, 0xd0, 0xd0, 0xd0, 0xd0, 0xd0, 0xd0, 0xd0,
	0xd0, 0xd0, 0xd0, 0xd0, 0xd0, 0xd0, 0xd0, 0xd0, 0xd0, 0xd0, 0xd0, 0xd0, 0xd0, 0xd0, 0xd0, 0xd0,
	0xd0, 0xd0, 0xd0, 0xd0, 0xd0, 0xd0, 0xd0, 0xd0, 0xd0, 0xd0, 0xd0, 0xd0, 0xd0, 0xd0, 0xd0, 0xd0,
	0xd0, 0xd0, 0xd0, 0xd0, 0xd0, 0xd0, 0xd0, 0xd0, 0xd0, 0xd0, 0xd0, 0xd0, 0xd0, 0xd0, 0xd0, 0xd0,
	0xd0, 0xd0, 0xd0, 0xd0, 0xd0, 0xd0, 0xd0, 0xd0, 0xd0, 0xd0, 0xd0, 0xd0, 0xd0, 0xd0, 0xd0, 0xd0,
	0xd0, 0xd0, 0xd0, 0xd0, 0xd0, 0xd0, 0xd0, 0xd0, 0xd0, 0xd0, 0xd0, 0xd0, 0xd0, 0xd0, 0xd0, 0xd0,
	0xd0, 0xd0, 0xd0, 0xd0, 0xd0, 0xd0, 0xd0, 0xd0, 0xd0, 0xd0, 0xd0, 0xd0, 0xd0, 0xd0, 0xd0, 0xd0,
	0xd0, 0xd0, 0xd0, 0xd0, 0xd0, 0xd0, 0xd0, 0xd0, 0xd0, 0xd0, 0xd0, 0xd0, 0xd0, 0xd0, 0xd0, 0xd0,
	0xd0, 0xd0, 0xd0, 0xd0, 0xd0, 0xd0, 0xd0, 0xd0, 0xd0, 0xd0, 0xd0, 0xd0, 0xd0, 0xd0, 0xd0, 0xd0,
	0xd0, 0xd0, 0xd0, 0xd0, 0xd0, 0xd0, 0xd0, 0xd0, 0xd0, 0xd0, 0xd0, 0xd0, 0xd0, 0xd0, 0xd0, 0xd0,
	0xd0, 0xd0, 0xd0, 0xd0, 0xd0, 0xd0, 0xd0, 0xd0, 0xd0, 0xd0, 0xd0, 0xd0, 0xd0, 0xd0, 0xd0, 0xd0,
	0xd0, 0xd0, 0xd0, 0xd0, 0xd0, 0xd0, 0xd0, 0xd0, 0xd0, 0xd0, 0xd0, 0xd0, 0xd0, 0xd0, 0xd0, 0xd0,
	0xd0, 0xd0, 0xd0, 0xd0, 0xd0, 0xd0, 0xd0, 0xd0, 0xd0, 0xd0, 0xd0, 0xd0, 0xd0, 0xd0, 0xd0, 0xd0,
	0xd0, 0xd0, 0xd0, 0xd0, 0xd0, 0xd0, 0xd0, 0xd0, 0xd0, 0xd0, 0xd0, 0xd0, 0xd0, 0xd0, 0xd0, 0xd0,
	0xd0, 0xd0, 0xd0, 0xd0, 0xd0, 0xd0, 0xd0, 0xd0, 0xd0, 0xd0, 0xd0, 0xd0, 0xd0, 0xd0, 0xd0, 0xd0,
	0xd0, 0xd0, 0xd0, 0xd0, 0xd0, 0xd0, 0xd0, 0xd0, 0xd0, 0xd0, 0xd0, 0xd0, 0xd0, 0xd0, 0xd0, 0xd0,
	0xd0, 0xd0, 0xd0, 0xd0, 0xd0, 0xd0, 0xd0, 0xd0, 0xd0, 0xd0, 0xd0, 0xd0, 0xd0, 0xd0, 0xd0, 0xd0,
	0xd0, 0xd0, 0xd0, 0xd0, 0xd0, 0xd0, 0xd0, 0xd0, 0xd0, 0xd0, 0xd0, 0xd0, 0xd0, 0xd0, 0xd0, 0xd0,
	0xd0, 0xd0, 0xd0, 0xd0, 0xd0, 0xd0, 0xd0, 0xd0, 0xd0, 0xd0, 0xd0, 0xd0, 0xd0, 0xd0, 0xd0, 0xd0,
	0xd0, 0xd0, 0xd0, 0xd0, 0xd0, 0xd0, 0xd0, 0xd0, 0xd0, 0xd0, 0xd0, 0xd0, 0xd0, 0xd0, 0xd0, 0xd0,
	0xd0, 0xd0, 0xd0, 0xd0, 0xd0, 0xd0, 0xd0, 0xd0, 0xd0, 0xd0, 0xd0, 0xd0, 0xd0, 0xd0, 0xd0, 0xd0,
	0xd0, 0xd0, 0xd0, 0xd0, 0xd0, 0xd0, 0xd0, 0xd0, 0xd0, 0xd0, 0xd0, 0xd0, 0xd0, 0xa1, 0x30, 0x30,
	0x99, 0x99, 0x99, 0x99, 0x99, 0x99, 0x99, 0x99, 0x99, 0x99, 0x99, 0x99, 0x99, 0x99, 0x99, 0x99,
	0x99, 0x99, 0x99, 0x99, 0x99, 0x99, 0x99, 0x99, 0x99, 0x99, 0x99, 0x99, 0x99, 0x99, 0x99, 0x99,
	0x30, 0x30, 0x30, 0x30, 0x30, 0x30, 0x30, 0x30, 0x30, 0x30, 0x30, 0x30, 0x30, 0x30, 0x30, 0x30,
	0x30, 0x30, 0x30, 0x30, 0x30, 0x30, 0x30, 0x30, 0x30, 0x30, 0x30, 0x30, 0x30, 0x30, 0x30, 0x30,
	0x30, 0x30, 0x30, 0x30, 0x30, 0x30, 0x30, 0x30, 0x30, 0x30, 0x30, 0x30, 0x30, 0x30, 0x30, 0x30,
	0x30, 0x30, 0x30, 0x30, 0x30, 0x30, 0x30, 0x30, 0x30, 0x30, 0x30, 0x30, 0x30, 0x30, 0x30, 0x30,
	0x30, 0x30, 0x30, 0x30, 0x30, 0x30, 0x30, 0x30, 0x30, 0x30, 0x30, 0x30, 0x30, 0x30, 0x30, 0x30,
	0x30, 0x30, 0x30, 0x30, 0x30, 0x30, 0x30, 0x30, 0x30, 0x30, 0x30, 0x30, 0x30, 0x30, 0x30, 0x30,
	0x30, 0x30, 0x30, 0x30, 0x30, 0x30, 0x30, 0x30, 0x30, 0x30, 0x30, 0x30, 0x30, 0x30, 0x30, 0x30,
	0x30, 0x30, 0x30, 0x30, 0x30, 0x30, 0x30, 0x30, 0x30, 0x30, 0x30, 0x30, 0x30, 0x30, 0x30, 0x30,
	0x30, 0x30, 0x30, 0x30, 0x30, 0x30, 0x30, 0x30, 0x30, 0x30, 0x30, 0x30, 0x30, 0x30, 0x30, 0x30,
	0x30, 0x30, 0x30, 0x30, 0x30, 0x30, 0x30, 0x30, 0x30, 0x30, 0x30, 0x30, 0x30, 0x30, 0x30, 0x30,
	0x30, 0x30, 0x30, 0x30, 0x30, 0x30, 0x30, 0x30, 0x30, 0x30, 0x30, 0x30, 0x30, 0x30, 0x30, 0x30,
	0x30, 0x30, 0x30, 0x30, 0x30, 0x30, 0x30, 0x30, 0x30, 0x30, 0x30, 0x30, 0x30, 0x30, 0x30, 0x30,
	0x30, 0x30, 0x30, 0x30, 0x30, 0x30, 0x30, 0x30, 0x30, 0x30, 0x30, 0x30, 0x30, 0x30, 0x30, 0x30,
	0x30, 0x30, 0x30, 0x30, 0x30, 0x30, 0x30, 0x30, 0x30, 0x30, 0x30, 0x30, 0x30, 0x30, 0x30, 0x30,
	0x30, 0x30, 0x30, 0x30, 0x30, 0x30, 0x30, 0x30, 0x30, 0x30, 0x30, 0x30, 0x30, 0x30, 0x30, 0x30,
	0x30, 0x30, 0x30, 0x30, 0x30, 0x30, 0x30, 0x30, 0x30, 0x30, 0x30, 0x30, 0x30, 0x30, 0x30, 0x30,
	0x30, 0x30, 0x30, 0x30, 0x30, 0x30, 0x30, 0x30, 0x30, 0x30, 0x30, 0x30, 0x30, 0x30, 0x30, 0x30,
	0x30, 0x30, 0x30, 0x30, 0x30, 0x30, 0x30, 0x30, 0x30, 0x30, 0x30, 0x30, 0x30, 0x30, 0x30, 0x30,
	0x30, 0x30, 0x30, 0x30, 0x30, 0x30, 0x30, 0x30, 0x30, 0x30, 0x30, 0x30, 0x30, 0x30, 0x30, 0x30,
	0x30, 0x30, 0x30, 0x30, 0x30, 0x30, 0x30, 0x30, 0x30, 0x30, 0x30, 0x30, 0x30, 0x30, 0x30, 0x30,
	0x80, 0x80, 0xc0, 0x100, 0x140, 0x17c, 0x1b0, 0x1e4, 0x224, 0xc0, 0xc0, 0xc0, 0xc0, 0xc0, 0xc0, 0xc0,
	0xc0, 0xc0, 0xc0, 0xc0, 0xc0, 0xc0, 0xc0, 0xc0, 0xc0, 0xc0, 0xc0, 0xc0, 0xc0, 0xc0, 0xc0, 0xc0
};

static constexpr uint32_t s_coll_klTrieData[868] = {
	0xcb, 0x0, 0x0, 0x0, 0x0, 0x0, 0x0, 0x0,
	0x0, 0x3040505, 0x3060505, 0x3080505, 0x30a0505, 0x30c0505, 0x0, 0x0,
	0x0, 0x0, 0x0, 0x0, 0x0, 0x0, 0x0, 0x0,
	0x0, 0x0, 0x0, 0x0, 0x0, 0x0, 0x0, 0x0,
	0x4000505, 0x75a0505, 0x9760505, 0xa940505, 0xda90505, 0xa960505, 0xa8e0505, 0x9700505,
	0x97c0505, 0x97e0505, 0xa7e0505, 0xc7b0505, 0x6000505, 0x50e0505, 0x8000505, 0xa880505,
	0xda0ca, 0xdc1ca, 0xde2ca, 0xe03ca, 0xe24ca, 0xe45ca, 0xe66ca, 0xe87ca,
	0xea8ca, 0xec9ca, 0x7360505, 0x72a0505, 0xc850505, 0xc870505, 0xc890505, 0x7640505,
	0xa7c0505, 0x6c9, 0x2d00059c, 0x2f00059c, 0x3100059c, 0xe6c9, 0x3500059c, 0x3700059c,
	0x3900059c, 0x3b00059c, 0x3d00059c, 0x1a0c9, 0x4100059c, 0x4300059c, 0x4500059c, 0x286c9,
	0x4900059c, 0x4b00059c, 0x4d00059c, 0x4f00059c, 0x5100059c, 0x3a6c9, 0x5500059c, 0x570005a0,
	0x5900059c, 0x5b00059c, 0x5d00059c, 0x9800505, 0xa8a0505, 0x9820505, 0xc0a0505, 0x50a0505,
	0xc040505, 0x546c9, 0x2d000505, 0x2f000505, 0x31000505, 0x686c9, 0x35000505, 0x37000505,
	0x39000505, 0x3b000505, 0x3d000505, 0x3f000505, 0x41000505, 0x43000505, 0x45000505, 0x746c9,
	0x49000505, 0x4b000505, 0x4d000505, 0x4f000505, 0x51000505, 0x866c9, 0x55000505, 0x57000505,
	0x59000505, 0x5b000505, 0x5d000505, 0x9840505, 0xc8d0505, 0x9860505, 0xc910505, 0x0,
	0xfffd0505, 0xfffd0505, 0xfffd0505, 0xfffd0505, 0xfffd0505, 0xfffd0505, 0xfffd0505, 0xfffd0505,
	0xfffd0505, 0xfffd0505, 0xfffd0505, 0xfffd0505, 0xfffd0505, 0xfffd0505, 0xfffd0505, 0xfffd0505,
	0xfffd0505, 0xfffd0505, 0xfffd0505, 0xfffd0505, 0xfffd0505, 0xfffd0505, 0xfffd0505, 0xfffd0505,
	0xfffd0505, 0xfffd0505, 0xfffd0505, 0xfffd0505, 0xfffd0505, 0xfffd0505, 0xfffd0505, 0xfffd0505,
	0xfffd0505, 0xfffd0505, 0xfffd0505, 0xfffd0505, 0xfffd0505, 0xfffd0505, 0xfffd0505, 0xfffd0505,
	0xfffd0505, 0xfffd0505, 0xfffd0505, 0xfffd0505, 0xfffd0505, 0xfffd0505, 0xfffd0505, 0xfffd0505,
	0xfffd0505, 0xfffd0505, 0xfffd0505, 0xfffd0505, 0xfffd0505, 0xfffd0505, 0xfffd0505, 0xfffd0505,
	0xfffd0505, 0xfffd0505, 0xfffd0505, 0xfffd0505, 0xfffd0505, 0xfffd0505, 0xfffd0505, 0xfffd0505,
	0xc0, 0xc0, 0xc0, 0xc0, 0xc0, 0xc0, 0xc0, 0xc0,
	0xc0, 0xc0, 0xc0, 0xc0, 0xc0, 0xc0, 0xc0, 0xc0,
	0xc0, 0xc0, 0xc0, 0xc0, 0xc0, 0xc0, 0xc0, 0xc0,
	0xc0, 0xc0, 0xc0, 0xc0, 0xc0, 0xc0, 0xc0, 0xc0,
	0xc0, 0xc0, 0xc0, 0xc0, 0xc0, 0xc0, 0xc0, 0xc0,
	0xc0, 0xc0, 0xc0, 0xc0, 0xc0, 0xc0, 0xc0, 0xc0,
	0xc0, 0xc0, 0xc0, 0xc0, 0xc0, 0xc0, 0xc0, 0xc0,
	0xc0, 0xc0, 0xc0, 0xc0, 0xc0, 0xc0, 0xc0, 0xc0,
	0x2b9c8ac4, 0x2b9c88c4, 0x2b9c8ec4, 0x2b9c9ac4, 0x1c6, 0x21c6, 0x121c6, 0x2f9ca0c4,
	0x339c8ac4, 0x339c88c4, 0x339c8ec4, 0x339c96c4, 0x3b9c8ac4, 0x3b9c88c4, 0x3b9c8ec4, 0x3b9c96c4,
	0x31004786, 0x459c9ac4, 0x479c8ac4, 0x479c88c4, 0x479c8ec4, 0x479c9ac4, 0x61c6, 0xc830505,
	0x141c6, 0x539c8ac4, 0x539c88c4, 0x539c8ec4, 0x5b004686, 0x5b9c88c4, 0xa2c5, 0xd62c5,
	0x2b058ac4, 0x2b0588c4, 0x2b058ec4, 0x2b059ac4, 0xa1c6, 0x5e7904c1, 0x5e7902c1, 0x2f05a0c4,
	0x33058ac4, 0x330588c4, 0x33058ec4, 0x330596c4, 0x3b058ac4, 0x3b0588c4, 0x3b058ec4, 0x3b0596c4,
	0x31004705, 0x45059ac4, 0x47058ac4, 0x470588c4, 0x47058ec4, 0x47059ac4, 0xe1c6, 0xc810505,
	0x5e7903c1, 0x53058ac4, 0x530588c4, 0x53058ec4, 0x5b004605, 0x5b0588c4, 0xe2c5, 0x5b0596c4,
	0xc0, 0xc0, 0xc0, 0xc0, 0xa26c9, 0xb46c9, 0xc0, 0xc0,
	0xc0, 0xc0, 0xc0, 0xc0, 0xc0, 0xc0, 0xc0, 0xc0,
	0x31004686, 0x31004605, 0xc0, 0xc0, 0xc0, 0xc0, 0xc0, 0xc0,
	0x41c6, 0xc1c6, 0xc0, 0xc0, 0xc0, 0xc0, 0xc0, 0xc0,
	0xc0, 0xc0, 0xc0, 0xc0, 0xc0, 0xc0, 0xc0, 0xc0,
	0xc0, 0xc0, 0xc0, 0xc0, 0xc0, 0xc0, 0xc0, 0xc0,
	0xc0, 0xc0, 0xc0, 0xc0, 0xc0, 0xc0, 0xc0, 0xc0,
	0x4b004605, 0xc0, 0xc0, 0xc0, 0xc0, 0xc0, 0xc0, 0xc0,
	0xc0, 0xc0, 0xc0, 0xc0, 0xc0, 0xc0, 0xc0, 0xc0,
	0xc0, 0xc0, 0xc0, 0xc0, 0x81c6, 0x101c6, 0x221c6, 0x241c6,
	0xc0, 0xc0, 0xc0, 0xc0, 0xc0, 0xc0, 0xc0, 0xc0,
	0xc0, 0xc0, 0xc0, 0xc0, 0xc0, 0xc0, 0xc0, 0xc0,
	0xc0, 0xc0, 0xc0, 0xc0, 0xc0, 0xc0, 0xc0, 0xc0,
	0xc0, 0xc0, 0xc0, 0xc0, 0x5b004786, 0x5b004705, 0xc66c9, 0xd86c9,
	0xc0, 0xc0, 0xc0, 0xc0, 0xc0, 0xc0, 0xc0, 0xc0,
	0xc0, 0xc0, 0xc0, 0xc0, 0xc0, 0xc0, 0xc0, 0xc0,
	0xc0, 0xc0, 0xc0, 0xc0, 0xc0, 0xc0, 0xc0, 0xc0,
	0xc0, 0xc0, 0xc0, 0xc0, 0xc0, 0xc0, 0xc0, 0xc0,
	0xea6c9, 0xfc6c9, 0xc0, 0xc0, 0xc0, 0xc0, 0xc0, 0xc0,
	0xc0, 0xc0, 0xc0, 0xc0, 0xc0, 0xc0, 0xc0, 0x10e6c9,
	0x1206c9, 0xc0, 0xc0, 0xc0, 0xc0, 0xc0, 0xc0, 0xc0,
	0xc0, 0xc0, 0xc0, 0xc0, 0xc0, 0xc0, 0xc0, 0xc0,
	0xc0, 0xc0, 0xc0, 0xc0, 0xc0, 0xc0, 0xc0, 0xc0,
	0xc0, 0x362c5, 0x3a2c5, 0x22c5, 0x62c5, 0x3e2c5, 0x422c5, 0x462c5,
	0x4a2c5, 0xc0, 0x362c6, 0x3a2c6, 0xc0, 0xc0, 0x3e2c6, 0x4e2c5,
	0xc0, 0xc0, 0xc0, 0xc0, 0xc0, 0xc0, 0x1326c9, 0x1446c9,
	0xc0, 0xc0, 0xc0, 0xc0, 0xc0, 0xc0, 0xc0, 0xc0,
	0xc0, 0xc0, 0xc0, 0xc0, 0xc0, 0xc0, 0x522c6, 0x522c5,
	0x562c6, 0x562c5, 0x5a2c6, 0x5a2c5, 0xc0, 0xc0, 0xc0, 0xc0,
	0xc0, 0xc0, 0xc0, 0xc0, 0xc0, 0xc0, 0xc0, 0xc0,
	0xc0, 0xc0, 0xc0, 0xc0, 0xc0, 0xc0, 0xc0, 0xc0,
	0xc0, 0xc0, 0xc0, 0xc0, 0xc0, 0xc0, 0xc0, 0xc0,
	0xc0, 0xc0, 0xc0, 0xc0, 0xc0, 0xc0, 0xc0, 0xc0,
	0xc0, 0xc0, 0xc0, 0xc0, 0xc0, 0xc0, 0x5e2c6, 0x622c6,
	0xc0, 0xc0, 0xc0, 0xc0, 0xc0, 0xc0, 0xc0, 0xc0,
	0xc0, 0xc0, 0xc0, 0xc0, 0xc0, 0xc0, 0xc0, 0xc0,
	0xc0, 0xc0, 0xc0, 0xc0, 0x1cd, 0x1cd, 0x1cd, 0x1cd,
	0x1cd, 0x1cd, 0x1cd, 0x1cd, 0x1cd, 0x1cd, 0x1cd, 0x1cd,
	0x1cd, 0x1cd, 0x1cd, 0x1cd, 0x1cd, 0x1cd, 0x1cd, 0x1cd,
	0x1cd, 0x1cd, 0x1cd, 0x1cd, 0x1cd, 0x1cd, 0x1cd, 0x1cd,
	0x1cd, 0x1cd, 0x1cd, 0x1cd, 0x1cc, 0x1cc, 0x1cc, 0x1cc,
	0xc0, 0xc0, 0xc0, 0xc0, 0xc0, 0xc0, 0xc0, 0xc0,
	0xc0, 0xc0, 0xc0, 0xc0, 0xc0, 0xc0, 0xc0, 0xc0,
	0xc0, 0xc0, 0xc0, 0xc0, 0xc0, 0xc0, 0xc0, 0xc0,
	0xc0, 0xc0, 0xc0, 0xc0, 0x1566c9, 0x1686c9, 0xc0, 0xc0,
	0xc0, 0xc0, 0xc0, 0xc0, 0xc0, 0xc0, 0xc0, 0xc0,
	0xc0, 0xc0, 0xc0, 0xc0, 0xc0, 0xc0, 0xc0, 0xc0,
	0xc0, 0xc0, 0xc0, 0xc0, 0xc0, 0xc0, 0xc0, 0xc0,
	0xc0, 0xc0, 0xc0, 0xc0, 0xc0, 0xc0, 0x17a6c9, 0x18c6c9,
	0x19e6c9, 0x1b06c9, 0x1c26c9, 0x1d46c9, 0xc0, 0xc0, 0xc0, 0xc0,
	0xc0, 0xc0, 0xc0, 0xc0, 0x1e66c9, 0x1f86c9, 0xc0, 0xc0,
	0xc0, 0xc0, 0xc0, 0xc0, 0xc0, 0xc0, 0xc0, 0xc0,
	0xc0, 0xc0, 0xc0, 0xc0, 0xc0, 0xc0, 0xc0, 0xc0,
	0xc0, 0xc0, 0xc0, 0xc0, 0xc0, 0xc0, 0xc0, 0xc0,
	0xc0, 0xc0, 0xc0, 0xc0, 0x20a6c9, 0x21c6c9, 0xc0, 0xc0,
	0xc0, 0xc0, 0xc0, 0xc0, 0xc0, 0xc0, 0xc0, 0xc0,
	0xc0, 0xc0, 0xc0, 0xc0, 0xc0, 0xc0, 0xc0, 0xc0,
	0xc0, 0xc0, 0x22e6c9, 0x2406c9, 0x2526c9, 0x2646c9, 0xc0, 0xc0,
	0xc0, 0xc0, 0xc0, 0xc0, 0xc0, 0xc0, 0xc0, 0xc0,
	0x2766c9, 0x2886c9, 0xc0, 0xc0, 0xc0, 0xc0, 0xc0, 0xc0,
	0xc0, 0xc0, 0xc0, 0xc0, 0xc0, 0xc0, 0xc0, 0xc0,
	0xc0, 0xc0, 0x1a0c9, 0x21c6, 0xc0, 0xc0, 0xc0, 0xc0,
	0xc0, 0xc0, 0xc0, 0xc0, 0xc0, 0xc0, 0xc0, 0xc0,
	0xc0, 0xc0, 0xc0, 0xc0, 0xc0, 0xc0, 0xc0, 0xc0,
	0x1cc, 0x1cc, 0x1cc, 0x1cc, 0x1cc, 0x1cc, 0x1cc, 0x1cc,
	0x1cc, 0x1cc, 0x1cc, 0x1cc, 0x1cc, 0x1cc, 0x1cc, 0x1cc,
	0x1cc, 0x1cc, 0x1cc, 0x1cc, 0x1cc, 0x1cc, 0x1cc, 0x1cc,
	0x1cc, 0x1cc, 0x1cc, 0x1cc, 0x1cc, 0x1cc, 0x1cc, 0x1cc,
	0xc0, 0xc0, 0xc0, 0xc0
};

static constexpr int32_t s_coll_klTrieIndexLength = 2112;
static constexpr int32_t s_coll_klTrieDataLength = 868;
static constexpr char32_t s_coll_klTrieHighStart = 0xe000;
static constexpr int32_t s_coll_klTrieHighValueIndex = 864;

static constexpr uint32_t s_coll_klCe32s[119] = {
	0x0, 0x5b004686, 0x8805, 0x5b004605, 0x8805, 0x5100059d, 0x3900059c, 0x51000506,
	0x39000505, 0x5e7904c1, 0xa205, 0x5b004686, 0xa205, 0x5b004786, 0xa205, 0x5b004605,
	0xa205, 0x5b004705, 0xa205, 0x5b004686, 0xbe05, 0x5b004786, 0xbe05, 0x5b004605,
	0xbe05, 0x5b004705, 0xbe05, 0x5b004686, 0xa405, 0x5b004605, 0xa405, 0x5b004686,
	0x9005, 0x5b004605, 0x9005, 0x5b004686, 0x8a05, 0x5b004605, 0x8a05, 0x5e7902c1,
	0xa405, 0x5e7904c1, 0x8805, 0x5e7902c1, 0x8805, 0x5e7903c1, 0x8805, 0x5e7904c1,
	0xc805, 0x5b004686, 0xc605, 0x5b004786, 0xc605, 0x5b004605, 0xc605, 0x5b004705,
	0xc605, 0x5b004686, 0xd005, 0x5b004786, 0xd005, 0x5b004605, 0xd005, 0x5b004705,
	0xd005, 0x5b004686, 0xcc05, 0x5b004786, 0xcc05, 0x5b004605, 0xcc05, 0x5b004705,
	0xcc05, 0x5e7904c1, 0xc405, 0x4700059c, 0xbe05, 0xc405, 0x47000505, 0xbe05,
	0xc405, 0x5b004686, 0xc405, 0x5b004786, 0xc405, 0x5b004605, 0xc405, 0x5b004705,
	0xc405, 0x5300059c, 0xbe05, 0xc405, 0x5b004686, 0xbe05, 0xc405, 0x5b004786,
	0xbe05, 0xc405, 0x53000505, 0xbe05, 0xc405, 0x5b004605, 0xbe05, 0xc405,
	0x5b004705, 0xbe05, 0xc405, 0x4f007005, 0x4f000513, 0x12000505, 0x14000505, 0x16000505,
	0x18000505, 0x1a000505, 0x1c000505, 0x1e000505, 0x20000505, 0x22000505, 0x24000505
};

static constexpr int64_t s_coll_klCes[83] = {
	int64_t(0x5e79020046008600ULL), int64_t(0x5e79040005008600ULL), int64_t(0x5e79020047008600ULL), int64_t(0x5e79030046008600ULL), int64_t(0x5e79030047008600ULL),
	int64_t(0x5e79020046000500ULL), int64_t(0x5e79020047000500ULL), int64_t(0x5e79030046000500ULL), int64_t(0x5e79030047000500ULL), int64_t(0x5e79020005008600ULL),
	int64_t(0x5e79030005008600ULL), int64_t(0x5e79020046008600ULL), int64_t(0xa2000500ULL), int64_t(0x5e79040005008600ULL), int64_t(0xa2000500ULL),
	int64_t(0x5e79020046000500ULL), int64_t(0xa2000500ULL), int64_t(0x5e79030048008600ULL), int64_t(0x5e79030048000500ULL), int64_t(0x5e79030046008600ULL),
	int64_t(0xbe000500ULL), int64_t(0x5e79030047008600ULL), int64_t(0xbe000500ULL), int64_t(0x5e79030046000500ULL), int64_t(0xbe000500ULL),
	int64_t(0x5e79030047000500ULL), int64_t(0xbe000500ULL), int64_t(0x5e79020046008600ULL), int64_t(0xa4000500ULL), int64_t(0x5e79020046000500ULL),
	int64_t(0xa4000500ULL), int64_t(0x5e79020005008600ULL), int64_t(0xa4000500ULL), int64_t(0x5e79030046008600ULL), int64_t(0xa2000500ULL),
	int64_t(0x5e79030047008600ULL), int64_t(0xa2000500ULL), int64_t(0x5e79030046000500ULL), int64_t(0xa2000500ULL), int64_t(0x5e79030047000500ULL),
	int64_t(0xa2000500ULL), int64_t(0x5e79040005008600ULL), int64_t(0x88000500ULL), int64_t(0x5e79020005008600ULL), int64_t(0x88000500ULL),
	int64_t(0x5e79030005008600ULL), int64_t(0x88000500ULL), int64_t(0x5e79030046008600ULL), int64_t(0xa4000500ULL), int64_t(0x5e79030046000500ULL),
	int64_t(0xa4000500ULL), int64_t(0x5e79020046008600ULL), int64_t(0xc8000500ULL), int64_t(0x5e79040005008600ULL), int64_t(0xc8000500ULL),
	int64_t(0x5e79020046000500ULL), int64_t(0xc8000500ULL), int64_t(0x5e79020046008600ULL), int64_t(0xc4000500ULL), int64_t(0x5e79040005008600ULL),
	int64_t(0xc4000500ULL), int64_t(0x5e79020046000500ULL), int64_t(0xc4000500ULL), int64_t(0x5e79030046008600ULL), int64_t(0xc4000500ULL),
	int64_t(0x5e79030047008600ULL), int64_t(0xc4000500ULL), int64_t(0x5e79030046000500ULL), int64_t(0xc4000500ULL), int64_t(0x5e79030047000500ULL),
	int64_t(0xc4000500ULL), int64_t(0x5e79030046008600ULL), int64_t(0xbe000500ULL), int64_t(0xc4000500ULL), int64_t(0x5e79030047008600ULL),
	int64_t(0xbe000500ULL), int64_t(0xc4000500ULL), int64_t(0x5e79030046000500ULL), int64_t(0xbe000500ULL), int64_t(0xc4000500ULL),
	int64_t(0x5e79030047000500ULL), int64_t(0xbe000500ULL), int64_t(0xc4000500ULL)
};

static constexpr char16_t s_coll_klContexts[333] = {
	0x2b00, 0x59c, 0x1, 0x308, 0x81c6, 0x30a, 0xa1c6, 0x3300, 0x59c, 0x30, 0x328, 0xc000,
	0x41c6, 0x3f00, 0x59c, 0x30, 0x27, 0xffff, 0x4b00, 0x4646, 0x4700, 0x59c, 0x1, 0x308,
	0xc000, 0x61c6, 0x30b, 0xc000, 0x81c6, 0x5300, 0x59c, 0x2, 0x308, 0xffff, 0x5b00, 0x4686,
	0x30b, 0xffff, 0x5b00, 0x4786, 0x344, 0xa2c5, 0x2b00, 0x505, 0x1, 0x308, 0xc000, 0xa1c6,
	0x30a, 0xffff, 0x5e79, 0x4c1, 0x3300, 0x505, 0x30, 0x328, 0xc000, 0xc1c6, 0x4700, 0x505,
	0x1, 0x308, 0xc000, 0xe1c6, 0x30b, 0xc001, 0x1c6, 0x5300, 0x505, 0x2, 0x308, 0xffff,
	0x5b00, 0x4605, 0x30b, 0xffff, 0x5b00, 0x4705, 0x344, 0xc000, 0x62c5, 0x2b9c, 0xa2c4, 0x1,
	0x308, 0xc001, 0x62c6, 0x30a, 0xc001, 0xa2c6, 0x2b05, 0xa2c4, 0x1, 0x308, 0xc001, 0xe2c6,
	0x30a, 0xc001, 0x22c5, 0x539c, 0xa2c4, 0x1, 0x308, 0xc001, 0x62c5, 0x30b, 0xc001, 0xa2c5,
	0x5305, 0xa2c4, 0x1, 0x308, 0xc001, 0xe2c5, 0x30b, 0xc002, 0x22c5, 0x479c, 0xbec4, 0x1,
	0x308, 0xc002, 0x62c6, 0x30b, 0xc002, 0xa2c6, 0x4705, 0xbec4, 0x1, 0x308, 0xc002, 0xe2c6,
	0x30b, 0xc003, 0x22c6, 0x539c, 0xbec4, 0x1, 0x308, 0xc002, 0x62c5, 0x30b, 0xc002, 0xa2c5,
	0x5305, 0xbec4, 0x1, 0x308, 0xc002, 0xe2c5, 0x30b, 0xc003, 0x22c5, 0x479c, 0xa2c4, 0x1,
	0x308, 0xc004, 0x22c6, 0x30b, 0xc004, 0x62c6, 0x4705, 0xa2c4, 0x1, 0x308, 0xc004, 0xa2c6,
	0x30b, 0xc004, 0xe2c6, 0x2b9c, 0xc8c4, 0x1, 0x308, 0xc006, 0x62c6, 0x30a, 0xc006, 0xa2c6,
	0x2b05, 0xc8c4, 0x1, 0x308, 0xc006, 0xe2c6, 0x30a, 0xc005, 0xe2c5, 0x539c, 0xc6c4, 0x1,
	0x308, 0xc006, 0x22c5, 0x30b, 0xc006, 0x62c5, 0x5305, 0xc6c4, 0x1, 0x308, 0xc006, 0xa2c5,
	0x30b, 0xc006, 0xe2c5, 0x539c, 0xd0c4, 0x1, 0x308, 0xc007, 0x22c5, 0x30b, 0xc007, 0x62c5,
	0x5305, 0xd0c4, 0x1, 0x308, 0xc007, 0xa2c5, 0x30b, 0xc007, 0xe2c5, 0x539c, 0xccc4, 0x1,
	0x308, 0xc008, 0x22c5, 0x30b, 0xc008, 0x62c5, 0x5305, 0xccc4, 0x1, 0x308, 0xc008, 0xa2c5,
	0x30b, 0xc008, 0xe2c5, 0x2b9c, 0xc4c4, 0x1, 0x308, 0xc007, 0x22c6, 0x30a, 0xc007, 0x62c6,
	0x2b05, 0xc4c4, 0x1, 0x308, 0xc007, 0xa2c6, 0x30a, 0xc009, 0x22c5, 0x479c, 0xc4c4, 0x1,
	0x308, 0xc007, 0xe2c6, 0x30b, 0xc008, 0x22c6, 0x4705, 0xc4c4, 0x1, 0x308, 0xc008, 0x62c6,
	0x30b, 0xc008, 0xa2c6, 0x9, 0x63c5, 0x1, 0x308, 0xc008, 0xe3c6, 0x30b, 0xc009, 0x43c6,
	0x9, 0xc3c5, 0x1, 0x308, 0xc009, 0xa3c6, 0x30b, 0xc00a, 0x3c6, 0x539c, 0xc4c4, 0x1,
	0x308, 0xc00a, 0x22c5, 0x30b, 0xc00a, 0x62c5, 0x5305, 0xc4c4, 0x1, 0x308, 0xc00a, 0xa2c5,
	0x30b, 0xc00a, 0xe2c5, 0xb, 0x23c5, 0x1, 0x308, 0xc00b, 0x83c5, 0x30b, 0xc00b, 0xe3c5,
	0xc, 0x43c5, 0x1, 0x308, 0xc00c, 0xa3c5, 0x30b, 0xc00d, 0x3c5
};

static constexpr uint16_t s_coll_klFastLatin[504] = {
	0x205, 0xc40, 0xde0, 0xe80, 0xea8, 0x414, 0x0, 0x0, 0x0, 0x0, 0x0, 0x0,
	0x0, 0x0, 0xc00, 0xc08, 0xc10, 0xc18, 0xc20, 0x0, 0x0, 0x0, 0x0, 0x0,
	0x0, 0x0, 0x0, 0x0, 0x0, 0x0, 0x0, 0x0, 0x0, 0x0, 0x0, 0x0,
	0x0, 0xc40, 0xca8, 0xcf0, 0xd78, 0xe98, 0xd80, 0xd70, 0xcd8, 0xd08, 0xd10, 0xd58,
	0xe30, 0xc90, 0xc60, 0xcd0, 0xd60, 0x10a8, 0x14a8, 0x18a8, 0x1ca8, 0x20a8, 0x24a8, 0x28a8,
	0x2ca8, 0x30a8, 0x34a8, 0xca0, 0xc98, 0xe50, 0xe58, 0xe60, 0xcb8, 0xd50, 0x416, 0x3cb9,
	0x40b9, 0x44b9, 0x418, 0x4cb9, 0x50b9, 0x54b9, 0x58ba, 0x60ba, 0x41a, 0x68b9, 0x6cb9, 0x70ba,
	0x41e, 0x7cb9, 0x80b9, 0x84b9, 0x88ba, 0x8cba, 0x420, 0x98b9, 0x9cb9, 0xa0b9, 0xa4b9, 0xa8b9,
	0xd18, 0xd68, 0xd20, 0xdf8, 0xc50, 0xde8, 0x422, 0x3ca8, 0x40a8, 0x44a8, 0x424, 0x4ca8,
	0x50a8, 0x54a8, 0x58a8, 0x60a8, 0x64a8, 0x68a8, 0x6ca8, 0x70a8, 0x426, 0x7ca8, 0x80a8, 0x84a8,
	0x88a8, 0x8ca8, 0x428, 0x98a8, 0x9ca8, 0xa0a8, 0xa4a8, 0xa8a8, 0xd28, 0xe70, 0xd30, 0xe80,
	0x0, 0x0, 0x0, 0x0, 0x0, 0x0, 0xc28, 0x0, 0x0, 0x0, 0x0, 0x0,
	0x0, 0x0, 0x0, 0x0, 0x0, 0x0, 0x0, 0x0, 0x0, 0x0, 0x0, 0x0,
	0x0, 0x0, 0x0, 0x0, 0x0, 0x0, 0x0, 0x0, 0x0, 0xc42, 0xcb0, 0xe90,
	0xea0, 0xe88, 0xea8, 0xe78, 0xd40, 0xe08, 0xe20, 0x38aa, 0xcf8, 0xe68, 0x0, 0xe28,
	0xe00, 0xe18, 0xe38, 0x18a9, 0x1ca9, 0xdf0, 0x1, 0xd48, 0x1, 0xe10, 0x14a9, 0x78aa,
	0xd00, 0x1, 0x1, 0x1, 0xcc0, 0x39b9, 0x3999, 0x39f9, 0x3a79, 0xb0d9, 0xb8b9, 0xb0b9,
	0x42b9, 0x49b9, 0x4999, 0x49f9, 0x4a59, 0x59ba, 0x599a, 0x59fa, 0x5a5a, 0x44f9, 0x727a, 0x79b9,
	0x7999, 0x79f9, 0x7a79, 0xb4d9, 0xe48, 0xb4b9, 0x95b9, 0x9599, 0x95f9, 0xa4d9, 0xa599, 0x800,
	0x802, 0x39a8, 0x3988, 0x39e8, 0x3a68, 0xb0c8, 0xb8a8, 0xb0a8, 0x42a8, 0x49a8, 0x4988, 0x49e8,
	0x4a48, 0x59a8, 0x5988, 0x59e8, 0x5a48, 0x44e8, 0x7268, 0x79a8, 0x7988, 0x79e8, 0x7a68, 0xb4c8,
	0xe40, 0xb4a8, 0x95a8, 0x9588, 0x95e8, 0xa4c8, 0xa588, 0x804, 0xa648, 0x3af9, 0x3ae8, 0x39d9,
	0x39c8, 0x42a, 0x42c, 0x4199, 0x4188, 0x41f9, 0x41e8, 0x4299, 0x4288, 0x4219, 0x4208, 0x4619,
	0x4608, 0x44d9, 0x44c8, 0x4af9, 0x4ae8, 0x49d9, 0x49c8, 0x4a99, 0x4a88, 0xb0f9, 0xb0e8, 0x4a19,
	0x4a08, 0x51f9, 0x51e8, 0x51d9, 0x51c8, 0x5299, 0x5288, 0x52b9, 0x52a8, 0x55f9, 0x55e8, 0x5719,
	0x5708, 0x5a7a, 0x5a68, 0x5afa, 0x5ae8, 0x59da, 0x59c8, 0x5ada, 0x5ac8, 0x5a9a, 0x5ca8, 0x806,
	0x808, 0x61fa, 0x61e8, 0x66b9, 0x66a8, 0x80c8, 0x6999, 0x6988, 0x6ab9, 0x6aa8, 0x6a19, 0x6a08,
	0x6b39, 0x6b28, 0x6b19, 0x6b08, 0x719a, 0x7188, 0x72ba, 0x72a8, 0x721a, 0x7208, 0x80a, 0x74b9,
	0x74a8, 0x7af9, 0x7ae8, 0x79d9, 0x79c8, 0xb4f9, 0xb4e8, 0xb519, 0xb508, 0x8599, 0x8588, 0x86b9,
	0x86a8, 0x8619, 0x8608, 0x899a, 0x8988, 0x89fa, 0x89e8, 0x8aba, 0x8aa8, 0x8a1a, 0x8a08, 0x8eba,
	0x8ea8, 0x8e1a, 0x8e08, 0x90b9, 0x90a8, 0x9679, 0x9668, 0x96f9, 0x96e8, 0x95d9, 0x95c8, 0x9639,
	0x9628, 0xa4f9, 0xa4e8, 0x42e, 0x430, 0x9df9, 0x9de8, 0xa5f9, 0xa5e8, 0xa659, 0xa999, 0xa988,
	0xaa99, 0xaa88, 0xaa19, 0xaa08, 0x88e8, 0xc41, 0xc41, 0xc41, 0xc41, 0xc41, 0xc41, 0xc41,
	0xc42, 0xc41, 0xc41, 0xc41, 0x0, 0x0, 0x0, 0x0, 0x0, 0xc68, 0xc69, 0xc70,
	0xc78, 0xc80, 0xc88, 0xd38, 0xc58, 0x1, 0x1, 0x1, 0x1, 0x1, 0x1, 0x1,
	0x1, 0xd98, 0xda0, 0xda8, 0xdb0, 0xcd1, 0x80c, 0x1, 0xdb8, 0xc30, 0xc38, 0x0,
	0x0, 0x0, 0x0, 0x0, 0xc42, 0xd88, 0xd90, 0xdc0, 0x80e, 0x1, 0xdc8, 0x810,
	0x1, 0xdd0, 0xce0, 0xce8, 0xdd8, 0x812, 0xcc8, 0xc48, 0xde0, 0x8cbb, 0x54b9, 0x88c8,
	0x88a9, 0x8ca9, 0x54a8, 0x58bb, 0x60bb, 0x58a9, 0x60a9, 0xaca9, 0x70a9, 0xcd1, 0xcd1, 0xdc1,
	0xdc1, 0xdc9, 0xdc9, 0xca9, 0xca9, 0x5ff, 0x0, 0x5ff, 0x38b9, 0x5ff, 0x48b9, 0x5ff,
	0x64b9, 0x427, 0x80d1, 0x5ff, 0x78b9, 0x5ff, 0x94b9, 0x5ff, 0x38a8, 0x5ff, 0x48a8, 0x5ff,
	0x78a8, 0x5ff, 0x94a8, 0x5ff, 0x3ad9, 0x5ff, 0x3ac8, 0x5ff, 0x96d9, 0x5ff, 0x96c8, 0x1ff
};

static constexpr uint16_t s_coll_klFastLatinPrimaries[384] = {
	0x0, 0x0, 0x0, 0x0, 0x0, 0x0, 0x0, 0x0, 0x0, 0xc00, 0xc08, 0xc10,
	0xc18, 0xc20, 0x0, 0x0, 0x0, 0x0, 0x0, 0x0, 0x0, 0x0, 0x0, 0x0,
	0x0, 0x0, 0x0, 0x0, 0x0, 0x0, 0x0, 0x0, 0xc40, 0xca8, 0xcf0, 0xd78,
	0xe98, 0xd80, 0xd70, 0xcd8, 0xd08, 0xd10, 0xd58, 0xe30, 0xc90, 0xc60, 0xcd0, 0xd60,
	0x1000, 0x1400, 0x1800, 0x1c00, 0x2000, 0x2400, 0x2800, 0x2c00, 0x3000, 0x3400, 0xca0, 0xc98,
	0xe50, 0xe58, 0xe60, 0xcb8, 0xd50, 0x0, 0x3c00, 0x4000, 0x4400, 0x0, 0x4c00, 0x5000,
	0x5400, 0x5800, 0x6000, 0x0, 0x6800, 0x6c00, 0x7000, 0x0, 0x7c00, 0x8000, 0x8400, 0x8800,
	0x8c00, 0x0, 0x9800, 0x9c00, 0xa000, 0xa400, 0xa800, 0xd18, 0xd68, 0xd20, 0xdf8, 0xc50,
	0xde8, 0x0, 0x3c00, 0x4000, 0x4400, 0x0, 0x4c00, 0x5000, 0x5400, 0x5800, 0x6000, 0x6400,
	0x6800, 0x6c00, 0x7000, 0x0, 0x7c00, 0x8000, 0x8400, 0x8800, 0x8c00, 0x0, 0x9800, 0x9c00,
	0xa000, 0xa400, 0xa800, 0xd28, 0xe70, 0xd30, 0xe80, 0x0, 0x0, 0x0, 0x0, 0x0,
	0x0, 0xc28, 0x0, 0x0, 0x0, 0x0, 0x0, 0x0, 0x0, 0x0, 0x0, 0x0,
	0x0, 0x0, 0x0, 0x0, 0x0, 0x0, 0x0, 0x0, 0x0, 0x0, 0x0, 0x0,
	0x0, 0x0, 0x0, 0x0, 0xc40, 0xcb0, 0xe90, 0xea0, 0xe88, 0xea8, 0xe78, 0xd40,
	0xe08, 0xe20, 0x3800, 0xcf8, 0xe68, 0x0, 0xe28, 0xe00, 0xe18, 0xe38, 0x1800, 0x1c00,
	0xdf0, 0x0, 0xd48, 0x0, 0xe10, 0x1400, 0x7800, 0xd00, 0x0, 0x0, 0x0, 0xcc0,
	0x3800, 0x3800, 0x3800, 0x3800, 0xb000, 0xb800, 0xb000, 0x4000, 0x4800, 0x4800, 0x4800, 0x4800,
	0x5800, 0x5800, 0x5800, 0x5800, 0x4400, 0x7000, 0x7800, 0x7800, 0x7800, 0x7800, 0xb400, 0xe48,
	0xb400, 0x9400, 0x9400, 0x9400, 0xa400, 0xa400, 0x0, 0x0, 0x3800, 0x3800, 0x3800, 0x3800,
	0xb000, 0xb800, 0xb000, 0x4000, 0x4800, 0x4800, 0x4800, 0x4800, 0x5800, 0x5800, 0x5800, 0x5800,
	0x4400, 0x7000, 0x7800, 0x7800, 0x7800, 0x7800, 0xb400, 0xe40, 0xb400, 0x9400, 0x9400, 0x9400,
	0xa400, 0xa400, 0x0, 0xa400, 0x3800, 0x3800, 0x3800, 0x3800, 0x0, 0x0, 0x4000, 0x4000,
	0x4000, 0x4000, 0x4000, 0x4000, 0x4000, 0x4000, 0x4400, 0x4400, 0x4400, 0x4400, 0x4800, 0x4800,
	0x4800, 0x4800, 0x4800, 0x4800, 0xb000, 0xb000, 0x4800, 0x4800, 0x5000, 0x5000, 0x5000, 0x5000,
	0x5000, 0x5000, 0x5000, 0x5000, 0x5400, 0x5400, 0x5400, 0x5400, 0x5800, 0x5800, 0x5800, 0x5800,
	0x5800, 0x5800, 0x5800, 0x5800, 0x5800, 0x5c00, 0x0, 0x0, 0x6000, 0x6000, 0x6400, 0x6400,
	0x8000, 0x6800, 0x6800, 0x6800, 0x6800, 0x6800, 0x6800, 0x6800, 0x6800, 0x6800, 0x6800, 0x7000,
	0x7000, 0x7000, 0x7000, 0x7000, 0x7000, 0x0, 0x7400, 0x7400, 0x7800, 0x7800, 0x7800, 0x7800,
	0xb400, 0xb400, 0xb400, 0xb400, 0x8400, 0x8400, 0x8400, 0x8400, 0x8400, 0x8400, 0x8800, 0x8800,
	0x8800, 0x8800, 0x8800, 0x8800, 0x8800, 0x8800, 0x8c00, 0x8c00, 0x8c00, 0x8c00, 0x9000, 0x9000,
	0x9400, 0x9400, 0x9400, 0x9400, 0x9400, 0x9400, 0x9400, 0x9400, 0xa400, 0xa400, 0x0, 0x0,
	0x9c00, 0x9c00, 0xa400, 0xa400, 0xa400, 0xa800, 0xa800, 0xa800, 0xa800, 0xa800, 0xa800, 0x8800
};

static constexpr int32_t s_coll_klFastLatinMiniVarTop = 0xbff;

static constexpr uint32_t s_coll_klNumericPrimary = 0x10000000;
static constexpr int32_t s_coll_klOptions = 0x2010;
static constexpr int32_t s_coll_klJamoCe32sStart = -1;

static constexpr uint32_t s_coll_klUnsafeBwd[844] = {
	0x27, 0x28, 0x34, 0x35, 0x4c, 0x4d, 0xa0, 0xa1, 0x300, 0x34f, 0x350, 0x370,
	0x3a9, 0x3aa, 0x3e2, 0x3e3, 0x42f, 0x430, 0x483, 0x488, 0x531, 0x532, 0x591, 0x5be,
	0x5bf, 0x5c0, 0x5c1, 0x5c3, 0x5c4, 0x5c6, 0x5c7, 0x5c8, 0x5d0, 0x5d1, 0x610, 0x61b,
	0x628, 0x629, 0x64b, 0x660, 0x670, 0x671, 0x6d6, 0x6dd, 0x6df, 0x6e5, 0x6e7, 0x6e9,
	0x6ea, 0x6ee, 0x710, 0x712, 0x730, 0x74b, 0x78c, 0x78d, 0x7ca, 0x7cb, 0x7eb, 0x7f4,
	0x7fd, 0x7fe, 0x800, 0x801, 0x816, 0x81a, 0x81b, 0x824, 0x825, 0x828, 0x829, 0x82e,
	0x840, 0x841, 0x859, 0x85c, 0x897, 0x8a0, 0x8ca, 0x8e2, 0x8e3, 0x900, 0x905, 0x906,
	0x93c, 0x93d, 0x94d, 0x94e, 0x951, 0x955, 0x995, 0x996, 0x9bc, 0x9bd, 0x9be, 0x9bf,
	0x9cd, 0x9ce, 0x9d7, 0x9d8, 0x9fe, 0x9ff, 0xa15, 0xa16, 0xa3c, 0xa3d, 0xa4d, 0xa4e,
	0xa95, 0xa96, 0xabc, 0xabd, 0xacd, 0xace, 0xb15, 0xb16, 0xb3c, 0xb3d, 0xb3e, 0xb3f,
	0xb4d, 0xb4e, 0xb56, 0xb58, 0xb95, 0xb96, 0xbbe, 0xbbf, 0xbcd, 0xbce, 0xbd7, 0xbd8,
	0xc15, 0xc16, 0xc3c, 0xc3d, 0xc4d, 0xc4e, 0xc55, 0xc57, 0xc95, 0xc96, 0xcbc, 0xcbd,
	0xcc2, 0xcc3, 0xccd, 0xcce, 0xcd5, 0xcd7, 0xd15, 0xd16, 0xd3b, 0xd3d, 0xd3e, 0xd3f,
	0xd4d, 0xd4e, 0xd57, 0xd58, 0xd85, 0xd86, 0xdca, 0xdcb, 0xdcf, 0xdd0, 0xddf, 0xde0,
	0xe01, 0xe2f, 0xe32, 0xe33, 0xe38, 0xe3b, 0xe48, 0xe4c, 0xe81, 0xe83, 0xe84, 0xe85,
	0xe86, 0xe8b, 0xe8c, 0xea4, 0xea5, 0xea6, 0xea7, 0xeaf, 0xeb2, 0xeb3, 0xeb8, 0xebb,
	0xec8, 0xecc, 0xedc, 0xee0, 0xf18, 0xf1a, 0xf35, 0xf36, 0xf37, 0xf38, 0xf39, 0xf3a,
	0xf40, 0xf41, 0xf71, 0xf76, 0xf7a, 0xf7e, 0xf80, 0xf85, 0xf86, 0xf88, 0xfc6, 0xfc7,
	0x1000, 0x1001, 0x102e, 0x102f, 0x1037, 0x1038, 0x1039, 0x103b, 0x108d, 0x108e, 0x10d3, 0x10d4,
	0x12a0, 0x12a1, 0x135d, 0x1360, 0x13c4, 0x13c5, 0x14c0, 0x14c1, 0x168f, 0x1690, 0x16a0, 0x16a1,
	0x1703, 0x1704, 0x1714, 0x1716, 0x1723, 0x1724, 0x1734, 0x1735, 0x1743, 0x1744, 0x1763, 0x1764,
	0x1780, 0x1781, 0x17d2, 0x17d3, 0x17dd, 0x17de, 0x1826, 0x1827, 0x18a9, 0x18aa, 0x1900, 0x1901,
	0x1939, 0x193c, 0x1950, 0x1951, 0x1980, 0x19ac, 0x1a00, 0x1a01, 0x1a17, 0x1a19, 0x1a20, 0x1a21,
	0x1a60, 0x1a61, 0x1a75, 0x1a7d, 0x1a7f, 0x1a80, 0x1ab0, 0x1abe, 0x1abf, 0x1ade, 0x1ae0, 0x1aec,
	0x1b05, 0x1b06, 0x1b34, 0x1b36, 0x1b44, 0x1b45, 0x1b6b, 0x1b74, 0x1b83, 0x1b84, 0x1baa, 0x1bac,
	0x1bc0, 0x1bc1, 0x1be6, 0x1be7, 0x1bf2, 0x1bf4, 0x1c00, 0x1c01, 0x1c37, 0x1c38, 0x1c5a, 0x1c5b,
	0x1cd0, 0x1cd3, 0x1cd4, 0x1ce1, 0x1ce2, 0x1ce9, 0x1ced, 0x1cee, 0x1cf4, 0x1cf5, 0x1cf8, 0x1cfa,
	0x1dc0, 0x1e00, 0x201c, 0x201d, 0x20ac, 0x20ad, 0x20d0, 0x20dd, 0x20e1, 0x20e2, 0x20e5, 0x20f1,
	0x263a, 0x263b, 0x2c00, 0x2c01, 0x2cef, 0x2cf2, 0x2d30, 0x2d31, 0x2d7f, 0x2d80, 0x2de0, 0x2e00,
	0x302a, 0x3030, 0x304b, 0x304c, 0x3099, 0x309b, 0x30ab, 0x30ac, 0x3105, 0x3106, 0x5b57, 0x5b58,
	0xa288, 0xa289, 0xa4d0, 0xa4d1, 0xa549, 0xa54a, 0xa66f, 0xa670, 0xa674, 0xa67e, 0xa69e, 0xa6a1,
	0xa6f0, 0xa6f2, 0xa800, 0xa801, 0xa806, 0xa807, 0xa82c, 0xa82d, 0xa840, 0xa841, 0xa882, 0xa883,
	0xa8c4, 0xa8c5, 0xa8e0, 0xa8f2, 0xa90a, 0xa90b, 0xa92b, 0xa92e, 0xa930, 0xa931, 0xa953, 0xa954,
	0xa984, 0xa985, 0xa9b3, 0xa9b4, 0xa9c0, 0xa9c1, 0xaa00, 0xaa01, 0xaa80, 0xaab1, 0xaab2, 0xaab5,
	0xaab7, 0xaab9, 0xaabe, 0xaac0, 0xaac1, 0xaac2, 0xaaf6, 0xaaf7, 0xabc0, 0xabc1, 0xabed, 0xabee,
	0xac00, 0xac01, 0xd800, 0xd809, 0xd80b, 0xd80d, 0xd811, 0xd812, 0xd818, 0xd819, 0xd81a, 0xd81c,
	0xd820, 0xd821, 0xd823, 0xd824, 0xd82c, 0xd82d, 0xd82f, 0xd830, 0xd834, 0xd835, 0xd838, 0xd83b,
	0xdc00, 0xe000, 0xfb1e, 0xfb1f, 0xfdd0, 0xfdd1, 0xfe20, 0xfe30, 0x10000, 0x10001, 0x101fd, 0x101fe,
	0x10280, 0x10281, 0x102a0, 0x102a1, 0x102e0, 0x102e1, 0x10300, 0x10301, 0x10330, 0x10331, 0x1036b, 0x1036c,
	0x10376, 0x1037b, 0x10380, 0x10381, 0x103a0, 0x103a1, 0x10414, 0x10415, 0x10450, 0x10451, 0x10480, 0x10481,
	0x104b5, 0x104b6, 0x10500, 0x10501, 0x10537, 0x10538, 0x10582, 0x10583, 0x105c2, 0x105c3, 0x10647, 0x10648,
	0x10800, 0x10801, 0x10840, 0x10841, 0x10873, 0x10874, 0x10896, 0x10897, 0x108f4, 0x108f5, 0x10900, 0x10901,
	0x10920, 0x10921, 0x10950, 0x10951, 0x10980, 0x10981, 0x109a0, 0x109a1, 0x10a00, 0x10a01, 0x10a0d, 0x10a0e,
	0x10a0f, 0x10a10, 0x10a38, 0x10a3b, 0x10a3f, 0x10a40, 0x10a60, 0x10a61, 0x10a95, 0x10a96, 0x10ad8, 0x10ad9,
	0x10ae5, 0x10ae7, 0x10b00, 0x10b01, 0x10b40, 0x10b41, 0x10b60, 0x10b61, 0x10b8f, 0x10b90, 0x10c00, 0x10c01,
	0x10ca1, 0x10ca2, 0x10d12, 0x10d13, 0x10d24, 0x10d28, 0x10d5d, 0x10d5e, 0x10d69, 0x10d6e, 0x10e88, 0x10e89,
	0x10eab, 0x10ead, 0x10efa, 0x10efc, 0x10efd, 0x10f00, 0x10f19, 0x10f1a, 0x10f42, 0x10f43, 0x10f46, 0x10f51,
	0x10f7c, 0x10f7d, 0x10f82, 0x10f86, 0x10fbf, 0x10fc0, 0x10ff1, 0x10ff2, 0x11005, 0x11006, 0x11046, 0x11047,
	0x11070, 0x11071, 0x1107f, 0x11080, 0x11083, 0x11084, 0x110b9, 0x110bb, 0x110d0, 0x110d1, 0x11100, 0x11104,
	0x11127, 0x11128, 0x11133, 0x11135, 0x11152, 0x11153, 0x11173, 0x11174, 0x11183, 0x11184, 0x111c0, 0x111c1,
	0x111ca, 0x111cb, 0x11208, 0x11209, 0x11235, 0x11237, 0x1128f, 0x11290, 0x112be, 0x112bf, 0x112e9, 0x112eb,
	0x11315, 0x11316, 0x1133b, 0x1133d, 0x1133e, 0x1133f, 0x1134d, 0x1134e, 0x11357, 0x11358, 0x11366, 0x1136d,
	0x11370, 0x11375, 0x11392, 0x11393, 0x113b8, 0x113b9, 0x113bb, 0x113bc, 0x113c2, 0x113c3, 0x113c9, 0x113ca,
	0x113ce, 0x113d1, 0x11412, 0x11413, 0x11442, 0x11443, 0x11446, 0x11447, 0x1145e, 0x1145f, 0x11484, 0x11485,
	0x114b0, 0x114b1, 0x114ba, 0x114bb, 0x114bd, 0x114be, 0x114c2, 0x114c4, 0x1158e, 0x1158f, 0x115af, 0x115b0,
	0x115bf, 0x115c1, 0x1160e, 0x1160f, 0x1163f, 0x11640, 0x11680, 0x11681, 0x116b6, 0x116b8, 0x11717, 0x11718,
	0x1172b, 0x1172c, 0x1180b, 0x1180c, 0x11839, 0x1183b, 0x118b4, 0x118b5, 0x1190c, 0x1190d, 0x11930, 0x11931,
	0x1193d, 0x1193f, 0x11943, 0x11944, 0x119ce, 0x119cf, 0x119e0, 0x119e1, 0x11a0b, 0x11a0c, 0x11a34, 0x11a35,
	0x11a47, 0x11a48, 0x11a5c, 0x11a5d, 0x11a99, 0x11a9a, 0x11ac0, 0x11ac1, 0x11bc4, 0x11bc5, 0x11c0e, 0x11c0f,
	0x11c3f, 0x11c40, 0x11c72, 0x11c73, 0x11d10, 0x11d11, 0x11d42, 0x11d43, 0x11d44, 0x11d46, 0x11d71, 0x11d72,
	0x11d97, 0x11d98, 0x11dc6, 0x11dc7, 0x11ee5, 0x11ee6, 0x11f1b, 0x11f1c, 0x11f41, 0x11f43, 0x12000, 0x12001,
	0x12fe5, 0x12fe6, 0x13153, 0x13154, 0x14400, 0x14401, 0x1611c, 0x1611d, 0x1611e, 0x16121, 0x16123, 0x16126,
	0x16129, 0x1612a, 0x1612f, 0x16130, 0x16a4f, 0x16a50, 0x16abc, 0x16abd, 0x16ae6, 0x16ae7, 0x16af0, 0x16af5,
	0x16b1c, 0x16b1d, 0x16b30, 0x16b37, 0x16d45, 0x16d46, 0x16d67, 0x16d69, 0x16e40, 0x16e41, 0x16ea1, 0x16ea2,
	0x16f00, 0x16f01, 0x16ff0, 0x16ff2, 0x18229, 0x1822a, 0x18c65, 0x18c66, 0x1b1c4, 0x1b1c5, 0x1bc20, 0x1bc21,
	0x1bc9e, 0x1bc9f, 0x1d165, 0x1d16a, 0x1d16d, 0x1d173, 0x1d17b, 0x1d183, 0x1d185, 0x1d18c, 0x1d1aa, 0x1d1ae,
	0x1d242, 0x1d245, 0x1e000, 0x1e007, 0x1e008, 0x1e019, 0x1e01b, 0x1e022, 0x1e023, 0x1e025, 0x1e026, 0x1e02b,
	0x1e08f, 0x1e090, 0x1e108, 0x1e109, 0x1e130, 0x1e137, 0x1e290, 0x1e291, 0x1e2ae, 0x1e2af, 0x1e2e1, 0x1e2e2,
	0x1e2ec, 0x1e2f0, 0x1e4e6, 0x1e4e7, 0x1e4ec, 0x1e4f0, 0x1e5d0, 0x1e5d1, 0x1e5ee, 0x1e5f0, 0x1e6d5, 0x1e6d6,
	0x1e6e3, 0x1e6e4, 0x1e6e6, 0x1e6e7, 0x1e6ee, 0x1e6f0, 0x1e6f5, 0x1e6f6, 0x1e802, 0x1e803, 0x1e8d0, 0x1e8d7,
	0x1e909, 0x1e90a, 0x1e944, 0x1e94b
};

static constexpr int32_t s_coll_klUnsafeBwdLength = 844;

static constexpr uint16_t s_coll_noTrieIndex[2112] = {
	0x0, 0x8, 0x10, 0x18, 0x30, 0x38, 0x40, 0x48, 0x50, 0x58, 0x5c, 0x64, 0x69, 0x71, 0x76, 0x7e,
	0x86, 0x8e, 0x30, 0x38, 0x30, 0x38, 0x30, 0x38, 0x30, 0x38, 0x30, 0x38, 0x30, 0x38, 0x30, 0x38,
	0x30, 0x38, 0x30, 0x38, 0x30, 0x38, 0x30, 0x38, 0x30, 0x38, 0x30, 0x38, 0x30, 0x38, 0x30, 0x38,
	0x30, 0x38, 0x30, 0x38, 0x30, 0x38, 0x30, 0x38, 0x30, 0x38, 0x30, 0x38, 0x30, 0x38, 0x30, 0x38,
	0x30, 0x30, 0x30, 0x30, 0x30, 0x30, 0x30, 0x30, 0x30, 0x30, 0x30, 0x30, 0x30, 0x30, 0x30, 0x30,
	0x30, 0x30, 0x30, 0x30, 0x30, 0x30, 0x30, 0x30, 0x30, 0x30, 0x30, 0x30, 0x30, 0x30, 0x30, 0x30,
	0x30, 0x30, 0x30, 0x30, 0x30, 0x30, 0x30, 0x30, 0x30, 0x30, 0x30, 0x30, 0x30, 0x30, 0x30, 0x30,
	0x30, 0x30, 0x30, 0x30, 0x30, 0x30, 0x30, 0x30, 0x30, 0x30, 0x30, 0x30, 0x30, 0x30, 0x30, 0x30,
	0x30, 0x30, 0x30, 0x30, 0x30, 0x30, 0x30, 0x30, 0x30, 0x30, 0x30, 0x30, 0x30, 0x30, 0x30, 0x30,
	0x30, 0x30, 0x30, 0x30, 0x30, 0x30, 0x30, 0x30, 0x30, 0x30, 0x30, 0x30, 0x30, 0x30, 0x30, 0x30,
	0x30, 0x30, 0x30, 0x30, 0x30, 0x30, 0x30, 0x30, 0x30, 0x30, 0x30, 0x30, 0x30, 0x30, 0x30, 0x30,
	0x30, 0x30, 0x30, 0x30, 0x30, 0x30, 0x30, 0x30, 0x30, 0x30, 0x30, 0x30, 0x30, 0x30, 0x30, 0x30,
	0x30, 0x30, 0x30, 0x30, 0x30, 0x30, 0x30, 0x30, 0x30, 0x30, 0x30, 0x30, 0x30, 0x30, 0x30, 0x30,
	0x30, 0x30, 0x30, 0x30, 0x30, 0x30, 0x30, 0x30, 0x30, 0x30, 0x30, 0x30, 0x30, 0x30, 0x30, 0x30,
	0x30, 0x30, 0x30, 0x30, 0x30, 0x30, 0x30, 0x30, 0x30, 0x30, 0x30, 0x30, 0x30, 0x30, 0x30, 0x30,
	0xa6, 0x30, 0x30, 0xaa, 0x30, 0xb2, 0xb7, 0xbf, 0x30, 0x30, 0x30, 0x30, 0x30, 0x30, 0x30, 0x30,
	0x30, 0x30, 0x30, 0x30, 0x30, 0x30, 0x30, 0x30, 0x30, 0xc5, 0x30, 0x30, 0x30, 0x30, 0x30, 0x30,
	0x30, 0x30, 0x30, 0x30, 0x30, 0x30, 0x30, 0x30, 0x30, 0x30, 0x30, 0x30, 0x30, 0x30, 0x30, 0x30,
	0x30, 0x30, 0x30, 0x30, 0x30, 0x30, 0x30, 0x30, 0x30, 0x30, 0x30, 0x30, 0x30, 0x30, 0x30, 0x30,
	0x30, 0x30, 0x30, 0x30, 0x30, 0x30, 0x30, 0x30, 0x30, 0x30, 0x30, 0x30, 0x30, 0x30, 0x30, 0x30,
	0x30, 0x30, 0x30, 0x30, 0x30, 0x30, 0x30, 0x30, 0x30, 0x30, 0x30, 0x30, 0x30, 0x30, 0x30, 0x30,
	0x30, 0x30, 0x30, 0x30, 0x30, 0x30, 0x30, 0x30, 0x30, 0x30, 0x30, 0x30, 0x30, 0x30, 0x30, 0x30,
	0x30, 0x30, 0x30, 0x30, 0x30, 0x30, 0x30, 0x30, 0x30, 0x30, 0x30, 0x30, 0x30, 0x30, 0x30, 0x30,
	0x30, 0x30, 0x30, 0x30, 0x30, 0x30, 0x30, 0x30, 0x30, 0x30, 0x30, 0x30, 0x30, 0x30, 0x30, 0x30,
	0x30, 0x30, 0x30, 0x30, 0x30, 0x30, 0x30, 0x30, 0x30, 0x30, 0x30, 0x30, 0x30, 0x30, 0x30, 0x30,
	0x30, 0x30, 0x30, 0x30, 0x30, 0x30, 0x30, 0x30, 0x30, 0x30, 0x30, 0x30, 0x30, 0x30, 0x30, 0x30,
	0x30, 0x30, 0x30, 0x30, 0x30, 0x30, 0x30, 0x30, 0x30, 0x30, 0x30, 0x30, 0x30, 0x30, 0x30, 0x30,
	0x30, 0x30, 0x30, 0x30, 0x30, 0x30, 0x30, 0x30, 0x30, 0x30, 0x30, 0x30, 0x30, 0x30, 0x30, 0x30,
	0x30, 0x30, 0x30, 0x30, 0x30, 0x30, 0x30, 0x30, 0x30, 0x30, 0x30, 0x30, 0x30, 0x30, 0x30, 0x30,
	0x30, 0x30, 0x30, 0x30, 0x30, 0x30, 0x30, 0x30, 0x30, 0x30, 0x30, 0x30, 0x30, 0x30, 0x30, 0x30,
	0x30, 0x30, 0x30, 0x30, 0x30, 0x30, 0x30, 0x30, 0x30, 0x30, 0x30, 0x30, 0x30, 0x30, 0x30, 0x30,
	0x30, 0x30, 0x30, 0x30, 0x30, 0x30, 0x30, 0x30, 0x30, 0x30, 0x30, 0x30, 0x30, 0x30, 0x30, 0x30,
	0x30, 0x30, 0x30, 0x30, 0x30, 0x30, 0x30, 0x30, 0x30, 0x30, 0x30, 0x30, 0x30, 0x30, 0x30, 0x30,
	0x30, 0x30, 0x30, 0x30, 0x30, 0x30, 0x30, 0x30, 0x30, 0x30, 0x30, 0x30, 0x30, 0x30, 0x30, 0x30,
	0x30, 0x30, 0x30, 0x30, 0x30, 0x30, 0x30, 0x30, 0x30, 0x30, 0x30, 0x30, 0x30, 0x30, 0x30, 0x30,
	0x30, 0x30, 0x30, 0x30, 0x30, 0x30, 0x30, 0x30, 0x30, 0x30, 0x30, 0x30, 0x30, 0x30, 0x30, 0x30,
	0x30, 0x30, 0x30, 0x30, 0x30, 0x30, 0x30, 0x30, 0x30, 0x30, 0x30, 0x30, 0x30, 0x30, 0x30, 0x30,
	0x30, 0x30, 0x30, 0x30, 0x30, 0x30, 0x30, 0x30, 0x30, 0x30, 0x30, 0x30, 0x30, 0x30, 0x30, 0x30,
	0x30, 0x30, 0x30, 0x30, 0x30, 0x30, 0x30, 0x30, 0x30, 0x30, 0x30, 0x30, 0x30, 0x30, 0x30, 0x30,
	0x30, 0x30, 0x30, 0x30, 0x30, 0x30, 0x30, 0x30, 0x30, 0x30, 0x30, 0x30, 0x30, 0x30, 0x30, 0x30,
	0x30, 0x30, 0x30, 0x30, 0x30, 0x30, 0x30, 0x30, 0x30, 0x30, 0x30, 0x30, 0x30, 0x30, 0x30, 0x30,
	0x30, 0x30, 0x30, 0x30, 0x30, 0x30, 0x30, 0x30, 0x30, 0x30, 0x30, 0x30, 0x30, 0x30, 0x30, 0x30,
	0x30, 0x30, 0x30, 0x30, 0x30, 0x30, 0x30, 0x30, 0x30, 0x30, 0x30, 0x30, 0x30, 0x30, 0x30, 0x30,
	0x30, 0x30, 0x30, 0x30, 0x30, 0x30, 0x30, 0x30, 0x30, 0x30, 0x30, 0x30, 0x30, 0x30, 0x30, 0x30,
	0x30, 0x30, 0x30, 0x30, 0x30, 0x30, 0x30, 0x30, 0x30, 0x30, 0x30, 0x30, 0x30, 0x30, 0x30, 0x30,
	0x30, 0x30, 0x30, 0x30, 0x30, 0x30, 0x30, 0x30, 0x30, 0x30, 0x30, 0x30, 0x30, 0x30, 0x30, 0x30,
	0x30, 0x30, 0x30, 0x30, 0x30, 0x30, 0x30, 0x30, 0x30, 0x30, 0x30, 0x30, 0x30, 0x30, 0x30, 0x30,
	0x30, 0x30, 0x30, 0x30, 0x30, 0x30, 0x30, 0x30, 0x30, 0x30, 0x30, 0x30, 0x30, 0x30, 0x30, 0x30,
	0x30, 0x30, 0x30, 0x30, 0x30, 0x30, 0x30, 0x30, 0x30, 0x30, 0x30, 0x30, 0x30, 0x30, 0x30, 0x30,
	0x30, 0x30, 0x30, 0x30, 0x30, 0x30, 0x30, 0x30, 0x30, 0x30, 0x30, 0x30, 0x30, 0x30, 0x30, 0x30,
	0x30, 0x30, 0x30, 0x30, 0x30, 0x30, 0x30, 0x30, 0x30, 0x30, 0x30, 0x30, 0x30, 0x30, 0x30, 0x30,
	0x30, 0x30, 0x30, 0x30, 0x30, 0x30, 0x30, 0x30, 0x30, 0x30, 0x30, 0x30, 0x30, 0x30, 0x30, 0x30,
	0x30, 0x30, 0x30, 0x30, 0x30, 0x30, 0x30, 0x30, 0x30, 0x30, 0x30, 0x30, 0x30, 0x30, 0x30, 0x30,
	0x30, 0x30, 0x30, 0x30, 0x30, 0x30, 0x30, 0x30, 0x30, 0x30, 0x30, 0x30, 0x30, 0x30, 0x30, 0x30,
	0x30, 0x30, 0x30, 0x30, 0x30, 0x30, 0x30, 0x30, 0x30, 0x30, 0x30, 0x30, 0x30, 0x30, 0x30, 0x30,
	0x30, 0x30, 0x30, 0x30, 0x30, 0x30, 0x30, 0x30, 0x30, 0x30, 0x30, 0x30, 0x30, 0x30, 0x30, 0x30,
	0x30, 0x30, 0x30, 0x30, 0x30, 0x30, 0x30, 0x30, 0x30, 0x30, 0x30, 0x30, 0x30, 0x30, 0x30, 0x30,
	0x30, 0x30, 0x30, 0x30, 0x30, 0x30, 0x30, 0x30, 0x30, 0x30, 0x30, 0x30, 0x30, 0x30, 0x30, 0x30,
	0x30, 0x30, 0x30, 0x30, 0x30, 0x30, 0x30, 0x30, 0x30, 0x30, 0x30, 0x30, 0x30, 0x30, 0x30, 0x30,
	0x30, 0x30, 0x30, 0x30, 0x30, 0x30, 0x30, 0x30, 0x30, 0x30, 0x30, 0x30, 0x30, 0x30, 0x30, 0x30,
	0x30, 0x30, 0x30, 0x30, 0x30, 0x30, 0x30, 0x30, 0x30, 0x30, 0x30, 0x30, 0x30, 0x30, 0x30, 0x30,
	0x30, 0x30, 0x30, 0x30, 0x30, 0x30, 0x30, 0x30, 0x30, 0x30, 0x30, 0x30, 0x30, 0x30, 0x30, 0x30,
	0x30, 0x30, 0x30, 0x30, 0x30, 0x30, 0x30, 0x30, 0x30, 0x30, 0x30, 0x30, 0x30, 0x30, 0x30, 0x30,
	0x30, 0x30, 0x30, 0x30, 0x30, 0x30, 0x30, 0x30, 0x30, 0x30, 0x30, 0x30, 0x30, 0x30, 0x30, 0x30,
	0x30, 0x30, 0x30, 0x30, 0x30, 0x30, 0x30, 0x30, 0x30, 0x30, 0x30, 0x30, 0x30, 0x30, 0x30, 0x30,
	0x30, 0x30, 0x30, 0x30, 0x30, 0x30, 0x30, 0x30, 0x30, 0x30, 0x30, 0x30, 0x30, 0x30, 0x30, 0x30,
	0x30, 0x30, 0x30, 0x30, 0x30, 0x30, 0x30, 0x30, 0x30, 0x30, 0x30, 0x30, 0x30, 0x30, 0x30, 0x30,
	0x30, 0x30, 0x30, 0x30, 0x30, 0x30, 0x30, 0x30, 0x30, 0x30, 0x30, 0x30, 0x30, 0x30, 0x30, 0x30,
	0x30, 0x30, 0x30, 0x30, 0x30, 0x30, 0x30, 0x30, 0x30, 0x30, 0x30, 0x30, 0x30, 0x30, 0x30, 0x30,
	0x30, 0x30, 0x30, 0x30, 0x30, 0x30, 0x30, 0x30, 0x30, 0x30, 0x30, 0x30, 0x30, 0x30, 0x30, 0x30,
	0x30, 0x30, 0x30, 0x30, 0x30, 0x30, 0x30, 0x30, 0x30, 0x30, 0x30, 0x30, 0x30, 0x30, 0x30, 0x30,
	0x30, 0x30, 0x30, 0x30, 0x30, 0x30, 0x30, 0x30, 0x30, 0x30, 0x30, 0x30, 0x30, 0x30, 0x30, 0x30,
	0x30, 0x30, 0x30, 0x30, 0x30, 0x30, 0x30, 0x30, 0x30, 0x30, 0x30, 0x30, 0x30, 0x30, 0x30, 0x30,
	0x30, 0x30, 0x30, 0x30, 0x30, 0x30, 0x30, 0x30, 0x30, 0x30, 0x30, 0x30, 0x30, 0x30, 0x30, 0x30,
	0x30, 0x30, 0x30, 0x30, 0x30, 0x30, 0x30, 0x30, 0x30, 0x30, 0x30, 0x30, 0x30, 0x30, 0x30, 0x30,
	0x30, 0x30, 0x30, 0x30, 0x30, 0x30, 0x30, 0x30, 0x30, 0x30, 0x30, 0x30, 0x30, 0x30, 0x30, 0x30,
	0x30, 0x30, 0x30, 0x30, 0x30, 0x30, 0x30, 0x30, 0x30, 0x30, 0x30, 0x30, 0x30, 0x30, 0x30, 0x30,
	0x30, 0x30, 0x30, 0x30, 0x30, 0x30, 0x30, 0x30, 0x30, 0x30, 0x30, 0x30, 0x30, 0x30, 0x30, 0x30,
	0x30, 0x30, 0x30, 0x30, 0x30, 0x30, 0x30, 0x30, 0x30, 0x30, 0x30, 0x30, 0x30, 0x30, 0x30, 0x30,
	0x30, 0x30, 0x30, 0x30, 0x30, 0x30, 0x30, 0x30, 0x30, 0x30, 0x30, 0x30, 0x30, 0x30, 0x30, 0x30,
	0x30, 0x30, 0x30, 0x30, 0x30, 0x30, 0x30, 0x30, 0x30, 0x30, 0x30, 0x30, 0x30, 0x30, 0x30, 0x30,
	0x30, 0x30, 0x30, 0x30, 0x30, 0x30, 0x30, 0x30, 0x30, 0x30, 0x30, 0x30, 0x30, 0x30, 0x30, 0x30,
	0x30, 0x30, 0x30, 0x30, 0x30, 0x30, 0x30, 0x30, 0x30, 0x30, 0x30, 0x30, 0x30, 0x30, 0x30, 0x30,
	0x30, 0x30, 0x30, 0x30, 0x30, 0x30, 0x30, 0x30, 0x30, 0x30, 0x30, 0x30, 0x30, 0x30, 0x30, 0x30,
	0x30, 0x30, 0x30, 0x30, 0x30, 0x30, 0x30, 0x30, 0x30, 0x30, 0x30, 0x30, 0x30, 0x30, 0x30, 0x30,
	0x30, 0x30, 0x30, 0x30, 0x30, 0x30, 0x30, 0x30, 0x30, 0x30, 0x30, 0x30, 0x30, 0x30, 0x30, 0x30,
	0xcd, 0xcd, 0xcd, 0xcd, 0xcd, 0xcd, 0xcd, 0xcd, 0xcd, 0xcd, 0xcd, 0xcd, 0xcd, 0xcd, 0xcd, 0xcd,
	0xcd, 0xcd, 0xcd, 0xcd, 0xcd, 0xcd, 0xcd, 0xcd, 0xcd, 0xcd, 0xcd, 0xcd, 0xcd, 0xcd, 0xcd, 0xcd,
	0xcd, 0xcd, 0xcd, 0xcd, 0xcd, 0xcd, 0xcd, 0xcd, 0xcd, 0xcd, 0xcd, 0xcd, 0xcd, 0xcd, 0xcd, 0xcd,
	0xcd, 0xcd, 0xcd, 0xcd, 0xcd, 0xcd, 0xcd, 0xcd, 0xcd, 0xcd, 0xcd, 0xcd, 0xcd, 0xcd, 0xcd, 0xcd,
	0xcd, 0xcd, 0xcd, 0xcd, 0xcd, 0xcd, 0xcd, 0xcd, 0xcd, 0xcd, 0xcd, 0xcd, 0xcd, 0xcd, 0xcd, 0xcd,
	0xcd, 0xcd, 0xcd, 0xcd, 0xcd, 0xcd, 0xcd, 0xcd, 0xcd, 0xcd, 0xcd, 0xcd, 0xcd, 0xcd, 0xcd, 0xcd,
	0xcd, 0xcd, 0xcd, 0xcd, 0xcd, 0xcd, 0xcd, 0xcd, 0xcd, 0xcd, 0xcd, 0xcd, 0xcd, 0xcd, 0xcd, 0xcd,
	0xcd, 0xcd, 0xcd, 0xcd, 0xcd, 0xcd, 0xcd, 0xcd, 0xcd, 0xcd, 0xcd, 0xcd, 0xcd, 0xcd, 0xcd, 0xcd,
	0xcd, 0xcd, 0xcd, 0xcd, 0xcd, 0xcd, 0xcd, 0xcd, 0xcd, 0xcd, 0xcd, 0xcd, 0xcd, 0xcd, 0xcd, 0xcd,
	0xcd, 0xcd, 0xcd, 0xcd, 0xcd, 0xcd, 0xcd, 0xcd, 0xcd, 0xcd, 0xcd, 0xcd, 0xcd, 0xcd, 0xcd, 0xcd,
	0xcd, 0xcd, 0xcd, 0xcd, 0xcd, 0xcd, 0xcd, 0xcd, 0xcd, 0xcd, 0xcd, 0xcd, 0xcd, 0xcd, 0xcd, 0xcd,
	0xcd, 0xcd, 0xcd, 0xcd, 0xcd, 0xcd, 0xcd, 0xcd, 0xcd, 0xcd, 0xcd, 0xcd, 0xcd, 0xcd, 0xcd, 0xcd,
	0xcd, 0xcd, 0xcd, 0xcd, 0xcd, 0xcd, 0xcd, 0xcd, 0xcd, 0xcd, 0xcd, 0xcd, 0xcd, 0xcd, 0xcd, 0xcd,
	0xcd, 0xcd, 0xcd, 0xcd, 0xcd, 0xcd, 0xcd, 0xcd, 0xcd, 0xcd, 0xcd, 0xcd, 0xcd, 0xcd, 0xcd, 0xcd,
	0xcd, 0xcd, 0xcd, 0xcd, 0xcd, 0xcd, 0xcd, 0xcd, 0xcd, 0xcd, 0xcd, 0xcd, 0xcd, 0xcd, 0xcd, 0xcd,
	0xcd, 0xcd, 0xcd, 0xcd, 0xcd, 0xcd, 0xcd, 0xcd, 0xcd, 0xcd, 0xcd, 0xcd, 0xcd, 0xcd, 0xcd, 0xcd,
	0xcd, 0xcd, 0xcd, 0xcd, 0xcd, 0xcd, 0xcd, 0xcd, 0xcd, 0xcd, 0xcd, 0xcd, 0xcd, 0xcd, 0xcd, 0xcd,
	0xcd, 0xcd, 0xcd, 0xcd, 0xcd, 0xcd, 0xcd, 0xcd, 0xcd, 0xcd, 0xcd, 0xcd, 0xcd, 0xcd, 0xcd, 0xcd,
	0xcd, 0xcd, 0xcd, 0xcd, 0xcd, 0xcd, 0xcd, 0xcd, 0xcd, 0xcd, 0xcd, 0xcd, 0xcd, 0xcd, 0xcd, 0xcd,
	0xcd, 0xcd, 0xcd, 0xcd, 0xcd, 0xcd, 0xcd, 0xcd, 0xcd, 0xcd, 0xcd, 0xcd, 0xcd, 0xcd, 0xcd, 0xcd,
	0xcd, 0xcd, 0xcd, 0xcd, 0xcd, 0xcd, 0xcd, 0xcd, 0xcd, 0xcd, 0xcd, 0xcd, 0xcd, 0xcd, 0xcd, 0xcd,
	0xcd, 0xcd, 0xcd, 0xcd, 0xcd, 0xcd, 0xcd, 0xcd, 0xcd, 0xcd, 0xcd, 0xcd, 0xcd, 0x9e, 0x30, 0x30,
	0x96, 0x96, 0x96, 0x96, 0x96, 0x96, 0x96, 0x96, 0x96, 0x96, 0x96, 0x96, 0x96, 0x96, 0x96, 0x96,
	0x96, 0x96, 0x96, 0x96, 0x96, 0x96, 0x96, 0x96, 0x96, 0x96, 0x96, 0x96, 0x96, 0x96, 0x96, 0x96,
	0x30, 0x30, 0x30, 0x30, 0x30, 0x30, 0x30, 0x30, 0x30, 0x30, 0x30, 0x30, 0x30, 0x30, 0x30, 0x30,
	0x30, 0x30, 0x30, 0x30, 0x30, 0x30, 0x30, 0x30, 0x30, 0x30, 0x30, 0x30, 0x30, 0x30, 0x30, 0x30,
	0x30, 0x30, 0x30, 0x30, 0x30, 0x30, 0x30, 0x30, 0x30, 0x30, 0x30, 0x30, 0x30, 0x30, 0x30, 0x30,
	0x30, 0x30, 0x30, 0x30, 0x30, 0x30, 0x30, 0x30, 0x30, 0x30, 0x30, 0x30, 0x30, 0x30, 0x30, 0x30,
	0x30, 0x30, 0x30, 0x30, 0x30, 0x30, 0x30, 0x30, 0x30, 0x30, 0x30, 0x30, 0x30, 0x30, 0x30, 0x30,
	0x30, 0x30, 0x30, 0x30, 0x30, 0x30, 0x30, 0x30, 0x30, 0x30, 0x30, 0x30, 0x30, 0x30, 0x30, 0x30,
	0x30, 0x30, 0x30, 0x30, 0x30, 0x30, 0x30, 0x30, 0x30, 0x30, 0x30, 0x30, 0x30, 0x30, 0x30, 0x30,
	0x30, 0x30, 0x30, 0x30, 0x30, 0x30, 0x30, 0x30, 0x30, 0x30, 0x30, 0x30, 0x30, 0x30, 0x30, 0x30,
	0x30, 0x30, 0x30, 0x30, 0x30, 0x30, 0x30, 0x30, 0x30, 0x30, 0x30, 0x30, 0x30, 0x30, 0x30, 0x30,
	0x30, 0x30, 0x30, 0x30, 0x30, 0x30, 0x30, 0x30, 0x30, 0x30, 0x30, 0x30, 0x30, 0x30, 0x30, 0x30,
	0x30, 0x30, 0x30, 0x30, 0x30, 0x30, 0x30, 0x30, 0x30, 0x30, 0x30, 0x30, 0x30, 0x30, 0x30, 0x30,
	0x30, 0x30, 0x30, 0x30, 0x30, 0x30, 0x30, 0x30, 0x30, 0x30, 0x30, 0x30, 0x30, 0x30, 0x30, 0x30,
	0x30, 0x30, 0x30, 0x30, 0x30, 0x30, 0x30, 0x30, 0x30, 0x30, 0x30, 0x30, 0x30, 0x30, 0x30, 0x30,
	0x30, 0x30, 0x30, 0x30, 0x30, 0x30, 0x30, 0x30, 0x30, 0x30, 0x30, 0x30, 0x30, 0x30, 0x30, 0x30,
	0x30, 0x30, 0x30, 0x30, 0x30, 0x30, 0x30, 0x30, 0x30, 0x30, 0x30, 0x30, 0x30, 0x30, 0x30, 0x30,
	0x30, 0x30, 0x30, 0x30, 0x30, 0x30, 0x30, 0x30, 0x30, 0x30, 0x30, 0x30, 0x30, 0x30, 0x30, 0x30,
	0x30, 0x30, 0x30, 0x30, 0x30, 0x30, 0x30, 0x30, 0x30, 0x30, 0x30, 0x30, 0x30, 0x30, 0x30, 0x30,
	0x30, 0x30, 0x30, 0x30, 0x30, 0x30, 0x30, 0x30, 0x30, 0x30, 0x30, 0x30, 0x30, 0x30, 0x30, 0x30,
	0x30, 0x30, 0x30, 0x30, 0x30, 0x30, 0x30, 0x30, 0x30, 0x30, 0x30, 0x30, 0x30, 0x30, 0x30, 0x30,
	0x30, 0x30, 0x30, 0x30, 0x30, 0x30, 0x30, 0x30, 0x30, 0x30, 0x30, 0x30, 0x30, 0x30, 0x30, 0x30,
	0x80, 0x80, 0xc0, 0x100, 0x140, 0x170, 0x1a4, 0x1d8, 0x218, 0xc0, 0xc0, 0xc0, 0xc0, 0xc0, 0xc0, 0xc0,
	0xc0, 0xc0, 0xc0, 0xc0, 0xc0, 0xc0, 0xc0, 0xc0, 0xc0, 0xc0, 0xc0, 0xc0, 0xc0, 0xc0, 0xc0, 0xc0
};

static constexpr uint32_t s_coll_noTrieData[856] = {
	0xcb, 0x0, 0x0, 0x0, 0x0, 0x0, 0x0, 0x0,
	0x0, 0x3040505, 0x3060505, 0x3080505, 0x30a0505, 0x30c0505, 0x0, 0x0,
	0x0, 0x0, 0x0, 0x0, 0x0, 0x0, 0x0, 0x0,
	0x0, 0x0, 0x0, 0x0, 0x0, 0x0, 0x0, 0x0,
	0x4000505, 0x75a0505, 0x9760505, 0xa940505, 0xda90505, 0xa960505, 0xa8e0505, 0x9700505,
	0x97c0505, 0x97e0505, 0xa7e0505, 0xc7b0505, 0x6000505, 0x50e0505, 0x8000505, 0xa880505,
	0xda0ca, 0xdc1ca, 0xde2ca, 0xe03ca, 0xe24ca, 0xe45ca, 0xe66ca, 0xe87ca,
	0xea8ca, 0xec9ca, 0x7360505, 0x72a0505, 0xc850505, 0xc870505, 0xc890505, 0x7640505,
	0xa7c0505, 0x4c9, 0x2d00059c, 0x2f00059c, 0x3100059c, 0x1ca6c9, 0x3500059c, 0x3700059c,
	0x3900059c, 0x3b00059c, 0x3d00059c, 0x3f00059c, 0x4100059c, 0x4300059c, 0x4500059c, 0x1d66c9,
	0x4900059c, 0x4b00059c, 0x4d00059c, 0x4f00059c, 0x5100059c, 0x1e86c9, 0x5500059c, 0x570005a0,
	0x5900059c, 0x5b00059c, 0x5d00059c, 0x9800505, 0xa8a0505, 0x9820505, 0xc0a0505, 0x50a0505,
	0xc040505, 0x2024c9, 0x2d000505, 0x2f000505, 0x31000505, 0x2ee6c9, 0x35000505, 0x37000505,
	0x39000505, 0x3b000505, 0x3d000505, 0x3f000505, 0x41000505, 0x43000505, 0x45000505, 0x2fa6c9,
	0x49000505, 0x4b000505, 0x4d000505, 0x4f000505, 0x51000505, 0x30c6c9, 0x55000505, 0x57000505,
	0x59000505, 0x5b000505, 0x5d000505, 0x9840505, 0xc8d0505, 0x9860505, 0xc910505, 0x0,
	0xfffd0505, 0xfffd0505, 0xfffd0505, 0xfffd0505, 0xfffd0505, 0xfffd0505, 0xfffd0505, 0xfffd0505,
	0xfffd0505, 0xfffd0505, 0xfffd0505, 0xfffd0505, 0xfffd0505, 0xfffd0505, 0xfffd0505, 0xfffd0505,
	0xfffd0505, 0xfffd0505, 0xfffd0505, 0xfffd0505, 0xfffd0505, 0xfffd0505, 0xfffd0505, 0xfffd0505,
	0xfffd0505, 0xfffd0505, 0xfffd0505, 0xfffd0505, 0xfffd0505, 0xfffd0505, 0xfffd0505, 0xfffd0505,
	0xfffd0505, 0xfffd0505, 0xfffd0505, 0xfffd0505, 0xfffd0505, 0xfffd0505, 0xfffd0505, 0xfffd0505,
	0xfffd0505, 0xfffd0505, 0xfffd0505, 0xfffd0505, 0xfffd0505, 0xfffd0505, 0xfffd0505, 0xfffd0505,
	0xfffd0505, 0xfffd0505, 0xfffd0505, 0xfffd0505, 0xfffd0505, 0xfffd0505, 0xfffd0505, 0xfffd0505,
	0xfffd0505, 0xfffd0505, 0xfffd0505, 0xfffd0505, 0xfffd0505, 0xfffd0505, 0xfffd0505, 0xfffd0505,
	0xc0, 0xc0, 0xc0, 0xc0, 0xc0, 0xc0, 0xc0, 0xc0,
	0xc0, 0xc0, 0xc0, 0xc0, 0xc0, 0xc0, 0xc0, 0xc0,
	0xc0, 0xc0, 0xc0, 0xc0, 0xc0, 0xc0, 0xc0, 0xc0,
	0xc0, 0xc0, 0xc0, 0xc0, 0xc0, 0xc0, 0xc0, 0xc0,
	0xc0, 0xc0, 0xc0, 0xc0, 0xc0, 0xc0, 0xc0, 0xc0,
	0xc0, 0xc0, 0xc0, 0xc0, 0xc0, 0xc0, 0xc0, 0xc0,
	0xc0, 0xc0, 0xc0, 0xc0, 0xc0, 0xc0, 0xc0, 0xc0,
	0xc0, 0xc0, 0xc0, 0xc0, 0xc0, 0xc0, 0xc0, 0xc0,
	0x2b9c8ac4, 0x2b9c88c4, 0x2b9c8ec4, 0x2b9c9ac4, 0x881c6, 0x8a1c6, 0x1b61c6, 0x2f9ca0c4,
	0x339c8ac4, 0x339c88c4, 0x339c8ec4, 0x339c96c4, 0x3b9c8ac4, 0x3b9c88c4, 0x3b9c8ec4, 0x3b9c96c4,
	0x31004786, 0x459c9ac4, 0x479c8ac4, 0x479c88c4, 0x479c8ec4, 0x479c9ac4, 0x11e1c6, 0xc830505,
	0x1b81c6, 0x539c8ac4, 0x539c88c4, 0x539c8ec4, 0x5b004686, 0x5b9c88c4, 0xa2c5, 0xd62c5,
	0x2b058ac4, 0x2b0588c4, 0x2b058ec4, 0x2b059ac4, 0x1661c6, 0x5e7904c1, 0x5e7902c1, 0x2f05a0c4,
	0x33058ac4, 0x330588c4, 0x33058ec4, 0x330596c4, 0x3b058ac4, 0x3b0588c4, 0x3b058ec4, 0x3b0596c4,
	0x31004705, 0x45059ac4, 0x47058ac4, 0x470588c4, 0x47058ec4, 0x47059ac4, 0x1b21c6, 0xc810505,
	0x5e7903c1, 0x53058ac4, 0x530588c4, 0x53058ec4, 0x5b004605, 0x5b0588c4, 0xe2c5, 0x5b0596c4,
	0xc0, 0xc0, 0xc0, 0xc0, 0x3286c9, 0x33a6c9, 0xc0, 0xc0,
	0xc0, 0xc0, 0xc0, 0xc0, 0xc0, 0xc0, 0xc0, 0xc0,
	0x31004686, 0x31004605, 0xc0, 0xc0, 0xc0, 0xc0, 0xc0, 0xc0,
	0x11c1c6, 0x1b01c6, 0xc0, 0xc0, 0xc0, 0xc0, 0xc0, 0xc0,
	0xc0, 0xc0, 0xc0, 0xc0, 0xc0, 0xc0, 0xc0, 0xc0,
	0xc0, 0xc0, 0xc0, 0xc0, 0xc0, 0xc0, 0xc0, 0xc0,
	0xc0, 0xc0, 0xc0, 0xc0, 0xc0, 0xc0, 0xc0, 0xc0,
	0xc0, 0xc0, 0xc0, 0xc0, 0xc0, 0xc0, 0xc0, 0xc0,
	0x1201c6, 0x1b41c6, 0x1c61c6, 0x1c81c6, 0xc0, 0xc0, 0xc0, 0xc0,
	0xc0, 0xc0, 0xc0, 0xc0, 0xc0, 0xc0, 0xc0, 0xc0,
	0xc0, 0xc0, 0xc0, 0xc0, 0xc0, 0xc0, 0xc0, 0xc0,
	0xc0, 0xc0, 0xc0, 0xc0, 0xc0, 0xc0, 0xc0, 0xc0,
	0x5b004786, 0x5b004705, 0x34c6c9, 0x35e6c9, 0xc0, 0xc0, 0xc0, 0xc0,
	0xc0, 0xc0, 0xc0, 0xc0, 0xc0, 0xc0, 0xc0, 0xc0,
	0xc0, 0xc0, 0xc0, 0xc0, 0xc0, 0xc0, 0xc0, 0xc0,
	0xc0, 0xc0, 0xc0, 0xc0, 0xc0, 0xc0, 0xc0, 0xc0,
	0xc0, 0xc0, 0xc0, 0xc0, 0x3706c9, 0x3826c9, 0xc0, 0xc0,
	0xc0, 0xc0, 0xc0, 0xc0, 0xc0, 0xc0, 0xc0, 0xc0,
	0xc0, 0xc0, 0xc0, 0x3946c9, 0x3a66c9, 0xc0, 0xc0, 0xc0,
	0xc0, 0xc0, 0xc0, 0xc0, 0xc0, 0xc0, 0xc0, 0xc0,
	0xc0, 0xc0, 0xc0, 0xc0, 0xc0, 0xc0, 0xc0, 0xc0,
	0xc0, 0xc0, 0xc0, 0xc0, 0xc0, 0x362c5, 0x3a2c5, 0x22c5,
	0x62c5, 0x3e2c5, 0x422c5, 0x462c5, 0x4a2c5, 0xc0, 0x1da2c6, 0x1de2c6,
	0xc0, 0xc0, 0x1e22c6, 0x4e2c5, 0xc0, 0xc0, 0xc0, 0xc0,
	0xc0, 0xc0, 0x3b86c9, 0x3ca6c9, 0xc0, 0xc0, 0xc0, 0xc0,
	0xc0, 0xc0, 0xc0, 0xc0, 0xc0, 0xc0, 0xc0, 0xc0,
	0xc0, 0xc0, 0x1f62c6, 0x522c5, 0x1fa2c6, 0x562c5, 0x1fe2c6, 0x5a2c5,
	0xc0, 0xc0, 0xc0, 0xc0, 0xc0, 0xc0, 0xc0, 0xc0,
	0xc0, 0xc0, 0xc0, 0xc0, 0xc0, 0xc0, 0xc0, 0xc0,
	0xc0, 0xc0, 0xc0, 0xc0, 0xc0, 0xc0, 0xc0, 0xc0,
	0xc0, 0xc0, 0xc0, 0xc0, 0xc0, 0xc0, 0xc0, 0xc0,
	0xc0, 0xc0, 0xc0, 0xc0, 0xc0, 0xc0, 0xc0, 0xc0,
	0xc0, 0xc0, 0x2022c6, 0x2062c6, 0xc0, 0xc0, 0xc0, 0xc0,
	0xc0, 0xc0, 0xc0, 0xc0, 0xc0, 0xc0, 0xc0, 0xc0,
	0xc0, 0xc0, 0xc0, 0xc0, 0xc0, 0xc0, 0xc0, 0xc0,
	0x1cd, 0x1cd, 0x1cd, 0x1cd, 0x1cd, 0x1cd, 0x1cd, 0x1cd,
	0x1cd, 0x1cd, 0x1cd, 0x1cd, 0x1cd, 0x1cd, 0x1cd, 0x1cd,
	0x1cd, 0x1cd, 0x1cd, 0x1cd, 0x1cd, 0x1cd, 0x1cd, 0x1cd,
	0x1cd, 0x1cd, 0x1cd, 0x1cd, 0x1cd, 0x1cd, 0x1cd, 0x1cd,
	0x1cc, 0x1cc, 0x1cc, 0x1cc, 0xc0, 0xc0, 0xc0, 0xc0,
	0xc0, 0xc0, 0xc0, 0xc0, 0xc0, 0xc0, 0xc0, 0xc0,
	0xc0, 0xc0, 0xc0, 0xc0, 0xc0, 0xc0, 0xc0, 0xc0,
	0xc0, 0xc0, 0xc0, 0xc0, 0xc0, 0xc0, 0xc0, 0xc0,
	0x3dc6c9, 0x3ee6c9, 0xc0, 0xc0, 0xc0, 0xc0, 0xc0, 0xc0,
	0xc0, 0xc0, 0xc0, 0xc0, 0xc0, 0xc0, 0xc0, 0xc0,
	0xc0, 0xc0, 0xc0, 0xc0, 0xc0, 0xc0, 0xc0, 0xc0,
	0xc0, 0xc0, 0xc0, 0xc0, 0xc0, 0xc0, 0xc0, 0xc0,
	0xc0, 0xc0, 0x4006c9, 0x4126c9, 0x4246c9, 0x4366c9, 0x4486c9, 0x45a6c9,
	0xc0, 0xc0, 0xc0, 0xc0, 0xc0, 0xc0, 0xc0, 0xc0,
	0x46c6c9, 0x47e6c9, 0xc0, 0xc0, 0xc0, 0xc0, 0xc0, 0xc0,
	0xc0, 0xc0, 0xc0, 0xc0, 0xc0, 0xc0, 0xc0, 0xc0,
	0xc0, 0xc0, 0xc0, 0xc0, 0xc0, 0xc0, 0xc0, 0xc0,
	0xc0, 0xc0, 0xc0, 0xc0, 0xc0, 0xc0, 0xc0, 0xc0,
	0x4906c9, 0x4a26c9, 0xc0, 0xc0, 0xc0, 0xc0, 0xc0, 0xc0,
	0xc0, 0xc0, 0xc0, 0xc0, 0xc0, 0xc0, 0xc0, 0xc0,
	0xc0, 0xc0, 0xc0, 0xc0, 0xc0, 0xc0, 0x4b46c9, 0x4c66c9,
	0x4d86c9, 0x4ea6c9, 0xc0, 0xc0, 0xc0, 0xc0, 0xc0, 0xc0,
	0xc0, 0xc0, 0xc0, 0xc0, 0x4fc6c9, 0x50e6c9, 0xc0, 0xc0,
	0xc0, 0xc0, 0xc0, 0xc0, 0xc0, 0xc0, 0xc0, 0xc0,
	0xc0, 0xc0, 0xc0, 0xc0, 0xc0, 0xc0, 0xc0, 0x8a1c6,
	0xc0, 0xc0, 0xc0, 0xc0, 0xc0, 0xc0, 0xc0, 0xc0,
	0xc0, 0xc0, 0xc0, 0xc0, 0xc0, 0xc0, 0xc0, 0xc0,
	0xc0, 0xc0, 0xc0, 0xc0, 0x1cc, 0x1cc, 0x1cc, 0x1cc,
	0x1cc, 0x1cc, 0x1cc, 0x1cc, 0x1cc, 0x1cc, 0x1cc, 0x1cc,
	0x1cc, 0x1cc, 0x1cc, 0x1cc, 0x1cc, 0x1cc, 0x1cc, 0x1cc,
	0x1cc, 0x1cc, 0x1cc, 0x1cc, 0x1cc, 0x1cc, 0x1cc, 0x1cc,
	0x1cc, 0x1cc, 0x1cc, 0x1cc, 0xc0, 0xc0, 0xc0, 0xc0
};

static constexpr int32_t s_coll_noTrieIndexLength = 2112;
static constexpr int32_t s_coll_noTrieDataLength = 856;
static constexpr char32_t s_coll_noTrieHighStart = 0xe000;
static constexpr int32_t s_coll_noTrieHighValueIndex = 852;

static constexpr uint32_t s_coll_noCe32s[119] = {
	0x0, 0x5b004686, 0x8805, 0x5b004605, 0x8805, 0x5100059d, 0x3900059c, 0x51000506,
	0x39000505, 0x5e7904c1, 0xa205, 0x5b004686, 0xa205, 0x5b004786, 0xa205, 0x5b004605,
	0xa205, 0x5b004705, 0xa205, 0x5b004686, 0xbe05, 0x5b004786, 0xbe05, 0x5b004605,
	0xbe05, 0x5b004705, 0xbe05, 0x5b004686, 0xa405, 0x5b004605, 0xa405, 0x5b004686,
	0x9005, 0x5b004605, 0x9005, 0x5b004686, 0x8a05, 0x5b004605, 0x8a05, 0x5e7902c1,
	0xa405, 0x5e7904c1, 0x8805, 0x5e7902c1, 0x8805, 0x5e7903c1, 0x8805, 0x5e7904c1,
	0xc805, 0x5b004686, 0xc605, 0x5b004786, 0xc605, 0x5b004605, 0xc605, 0x5b004705,
	0xc605, 0x5b004686, 0xd005, 0x5b004786, 0xd005, 0x5b004605, 0xd005, 0x5b004705,
	0xd005, 0x5b004686, 0xcc05, 0x5b004786, 0xcc05, 0x5b004605, 0xcc05, 0x5b004705,
	0xcc05, 0x5e7904c1, 0xc405, 0x4700059c, 0xbe05, 0xc405, 0x47000505, 0xbe05,
	0xc405, 0x5b004686, 0xc405, 0x5b004786, 0xc405, 0x5b004605, 0xc405, 0x5b004705,
	0xc405, 0x5300059c, 0xbe05, 0xc405, 0x5b004686, 0xbe05, 0xc405, 0x5b004786,
	0xbe05, 0xc405, 0x53000505, 0xbe05, 0xc405, 0x5b004605, 0xbe05, 0xc405,
	0x5b004705, 0xbe05, 0xc405, 0x4f007005, 0x4f000513, 0x12000505, 0x14000505, 0x16000505,
	0x18000505, 0x1a000505, 0x1c000505, 0x1e000505, 0x20000505, 0x22000505, 0x24000505
};

static constexpr int64_t s_coll_noCes[293] = {
	int64_t(0x5e79040046008700ULL), int64_t(0x5e79040046004600ULL), int64_t(0x5e79040046008700ULL), int64_t(0x8a000500ULL), int64_t(0x5e79040046008700ULL),
	int64_t(0x88000500ULL), int64_t(0x5e79040046008700ULL), int64_t(0x8e000500ULL), int64_t(0x5e79040046008700ULL), int64_t(0x9a000500ULL),
	int64_t(0x5e79040046008700ULL), int64_t(0x96000500ULL), int64_t(0x5e79040046008700ULL), int64_t(0x92000500ULL), int64_t(0x5e79040046004600ULL),
	int64_t(0x8a000500ULL), int64_t(0x5e79040046004600ULL), int64_t(0x88000500ULL), int64_t(0x5e79040046004600ULL), int64_t(0x8e000500ULL),
	int64_t(0x5e79040046004600ULL), int64_t(0x9a000500ULL), int64_t(0x5e79040046004600ULL), int64_t(0x96000500ULL), int64_t(0x5e79040046004600ULL),
	int64_t(0x92000500ULL), int64_t(0x5e79040046008700ULL), int64_t(0xa4000500ULL), int64_t(0x5e79040046004600ULL), int64_t(0xa4000500ULL),
	int64_t(0x5e79040046008700ULL), int64_t(0x8c000500ULL), int64_t(0x5e79040046004600ULL), int64_t(0x8c000500ULL), int64_t(0x5e79040046008700ULL),
	int64_t(0xa2000500ULL), int64_t(0x5e79040046004600ULL), int64_t(0xa2000500ULL), int64_t(0x5e79040046008700ULL), int64_t(0x90000500ULL),
	int64_t(0x5e79040046004600ULL), int64_t(0x90000500ULL), int64_t(0x5e79040046008700ULL), int64_t(0x96000500ULL), int64_t(0xa4000500ULL),
	int64_t(0x5e79040046004600ULL), int64_t(0x96000500ULL), int64_t(0xa4000500ULL), int64_t(0x5e79040046008700ULL), int64_t(0x9c000500ULL),
	int64_t(0xa4000500ULL), int64_t(0x5e79040046004600ULL), int64_t(0x9c000500ULL), int64_t(0xa4000500ULL), int64_t(0x5e79040046008700ULL),
	int64_t(0x92000500ULL), int64_t(0x88000500ULL), int64_t(0x5e79040046004600ULL), int64_t(0x92000500ULL), int64_t(0x88000500ULL),
	int64_t(0x5e79040046008700ULL), int64_t(0xb8000500ULL), int64_t(0x5e79040046004600ULL), int64_t(0xb8000500ULL), int64_t(0x5e79040046008700ULL),
	int64_t(0xbc000500ULL), int64_t(0x5e79040046004600ULL), int64_t(0xbc000500ULL), int64_t(0x5e79020046008600ULL), int64_t(0x5e79040005008600ULL),
	int64_t(0x5e79040046008700ULL), int64_t(0xc8000500ULL), int64_t(0x5e79040046004600ULL), int64_t(0xc8000500ULL), int64_t(0x5e79040046008700ULL),
	int64_t(0xc4000500ULL), int64_t(0x5e79040046004600ULL), int64_t(0xc4000500ULL), int64_t(0x5e79040046008700ULL), int64_t(0xb6000500ULL),
	int64_t(0x5e79040046004600ULL), int64_t(0xb6000500ULL), int64_t(0x5e79040046008700ULL), int64_t(0x8e000500ULL), int64_t(0x88000500ULL),
	int64_t(0x5e79040046004600ULL), int64_t(0x8e000500ULL), int64_t(0x88000500ULL), int64_t(0x5e79040046008700ULL), int64_t(0x8e000500ULL),
	int64_t(0x8a000500ULL), int64_t(0x5e79040046004600ULL), int64_t(0x8e000500ULL), int64_t(0x8a000500ULL), int64_t(0x5e79040046008700ULL),
	int64_t(0x8e000500ULL), int64_t(0xb6000500ULL), int64_t(0x5e79040046004600ULL), int64_t(0x8e000500ULL), int64_t(0xb6000500ULL),
	int64_t(0x5e79040046008700ULL), int64_t(0x8e000500ULL), int64_t(0x9a000500ULL), int64_t(0x5e79040046004600ULL), int64_t(0x8e000500ULL),
	int64_t(0x9a000500ULL), int64_t(0x5e79040046008700ULL), int64_t(0xc4000500ULL), int64_t(0x8e000500ULL), int64_t(0x5e79040046004600ULL),
	int64_t(0xc4000500ULL), int64_t(0x8e000500ULL), int64_t(0x5e79040046008700ULL), int64_t(0x8c000500ULL), int64_t(0x88000500ULL),
	int64_t(0x5e79040046004600ULL), int64_t(0x8c000500ULL), int64_t(0x88000500ULL), int64_t(0x5e79040046008700ULL), int64_t(0x8c000500ULL),
	int64_t(0x8a000500ULL), int64_t(0x5e79040046004600ULL), int64_t(0x8c000500ULL), int64_t(0x8a000500ULL), int64_t(0x5e79040046008700ULL),
	int64_t(0x8c000500ULL), int64_t(0xb6000500ULL), int64_t(0x5e79040046004600ULL), int64_t(0x8c000500ULL), int64_t(0xb6000500ULL),
	int64_t(0x5e79040046008700ULL), int64_t(0x8c000500ULL), int64_t(0x9a000500ULL), int64_t(0x5e79040046004600ULL), int64_t(0x8c000500ULL),
	int64_t(0x9a000500ULL), int64_t(0x5e79040046008700ULL), int64_t(0xc4000500ULL), int64_t(0x8c000500ULL), int64_t(0x5e79040046004600ULL),
	int64_t(0xc4000500ULL), int64_t(0x8c000500ULL), int64_t(0x5e79020047008600ULL), int64_t(0x5e79030046008600ULL), int64_t(0x5e79030047008600ULL),
	int64_t(0x5e79040046000500ULL), int64_t(0x5e79040046000500ULL), int64_t(0x8a000500ULL), int64_t(0x5e79040046000500ULL), int64_t(0x88000500ULL),
	int64_t(0x5e79040046000500ULL), int64_t(0x8e000500ULL), int64_t(0x5e79040046000500ULL), int64_t(0x9a000500ULL), int64_t(0x5e79040046000500ULL),
	int64_t(0x96000500ULL), int64_t(0x5e79040046000500ULL), int64_t(0x92000500ULL), int64_t(0x5e79040046000500ULL), int64_t(0xa4000500ULL),
	int64_t(0x5e79040046000500ULL), int64_t(0x8c000500ULL), int64_t(0x5e79040046000500ULL), int64_t(0xa2000500ULL), int64_t(0x5e79040046000500ULL),
	int64_t(0x90000500ULL), int64_t(0x5e79040046000500ULL), int64_t(0x96000500ULL), int64_t(0xa4000500ULL), int64_t(0x5e79040046000500ULL),
	int64_t(0x9c000500ULL), int64_t(0xa4000500ULL), int64_t(0x5e79040046000500ULL), int64_t(0x92000500ULL), int64_t(0x88000500ULL),
	int64_t(0x5e79040046000500ULL), int64_t(0xb8000500ULL), int64_t(0x5e79040046000500ULL), int64_t(0xbc000500ULL), int64_t(0x5e79020046000500ULL),
	int64_t(0x5e79040046000500ULL), int64_t(0xc8000500ULL), int64_t(0x5e79040046000500ULL), int64_t(0xc4000500ULL), int64_t(0x5e79040046000500ULL),
	int64_t(0xb6000500ULL), int64_t(0x5e79040046000500ULL), int64_t(0x8e000500ULL), int64_t(0x88000500ULL), int64_t(0x5e79040046000500ULL),
	int64_t(0x8e000500ULL), int64_t(0x8a000500ULL), int64_t(0x5e79040046000500ULL), int64_t(0x8e000500ULL), int64_t(0xb6000500ULL),
	int64_t(0x5e79040046000500ULL), int64_t(0x8e000500ULL), int64_t(0x9a000500ULL), int64_t(0x5e79040046000500ULL), int64_t(0xc4000500ULL),
	int64_t(0x8e000500ULL), int64_t(0x5e79040046000500ULL), int64_t(0x8c000500ULL), int64_t(0x88000500ULL), int64_t(0x5e79040046000500ULL),
	int64_t(0x8c000500ULL), int64_t(0x8a000500ULL), int64_t(0x5e79040046000500ULL), int64_t(0x8c000500ULL), int64_t(0xb6000500ULL),
	int64_t(0x5e79040046000500ULL), int64_t(0x8c000500ULL), int64_t(0x9a000500ULL), int64_t(0x5e79040046000500ULL), int64_t(0xc4000500ULL),
	int64_t(0x8c000500ULL), int64_t(0x5e79020047000500ULL), int64_t(0x5e79030046000500ULL), int64_t(0x5e79030047000500ULL), int64_t(0x5e79020005008600ULL),
	int64_t(0x5e79030005008600ULL), int64_t(0x5e79020046008600ULL), int64_t(0xa2000500ULL), int64_t(0x5e79040005008600ULL), int64_t(0xa2000500ULL),
	int64_t(0x5e79020046000500ULL), int64_t(0xa2000500ULL), int64_t(0x5e79030048008600ULL), int64_t(0x5e79030048000500ULL), int64_t(0x5e79030046008600ULL),
	int64_t(0xbe000500ULL), int64_t(0x5e79030047008600ULL), int64_t(0xbe000500ULL), int64_t(0x5e79030046000500ULL), int64_t(0xbe000500ULL),
	int64_t(0x5e79030047000500ULL), int64_t(0xbe000500ULL), int64_t(0x5e79020046008600ULL), int64_t(0xa4000500ULL), int64_t(0x5e79020046000500ULL),
	int64_t(0xa4000500ULL), int64_t(0x5e79020005008600ULL), int64_t(0xa4000500ULL), int64_t(0x5e79030046008600ULL), int64_t(0xa2000500ULL),
	int64_t(0x5e79030047008600ULL), int64_t(0xa2000500ULL), int64_t(0x5e79030046000500ULL), int64_t(0xa2000500ULL), int64_t(0x5e79030047000500ULL),
	int64_t(0xa2000500ULL), int64_t(0x5e79040005008600ULL), int64_t(0x88000500ULL), int64_t(0x5e79020005008600ULL), int64_t(0x88000500ULL),
	int64_t(0x5e79030005008600ULL), int64_t(0x88000500ULL), int64_t(0x5e79030046008600ULL), int64_t(0xa4000500ULL), int64_t(0x5e79030046000500ULL),
	int64_t(0xa4000500ULL), int64_t(0x5e79020046008600ULL), int64_t(0xc8000500ULL), int64_t(0x5e79040005008600ULL), int64_t(0xc8000500ULL),
	int64_t(0x5e79020046000500ULL), int64_t(0xc8000500ULL), int64_t(0x5e79020046008600ULL), int64_t(0xc4000500ULL), int64_t(0x5e79040005008600ULL),
	int64_t(0xc4000500ULL), int64_t(0x5e79020046000500ULL), int64_t(0xc4000500ULL), int64_t(0x5e79030046008600ULL), int64_t(0xc4000500ULL),
	int64_t(0x5e79030047008600ULL), int64_t(0xc4000500ULL), int64_t(0x5e79030046000500ULL), int64_t(0xc4000500ULL), int64_t(0x5e79030047000500ULL),
	int64_t(0xc4000500ULL), int64_t(0x5e79030046008600ULL), int64_t(0xbe000500ULL), int64_t(0xc4000500ULL), int64_t(0x5e79030047008600ULL),
	int64_t(0xbe000500ULL), int64_t(0xc4000500ULL), int64_t(0x5e79030046000500ULL), int64_t(0xbe000500ULL), int64_t(0xc4000500ULL),
	int64_t(0x5e79030047000500ULL), int64_t(0xbe000500ULL), int64_t(0xc4000500ULL)
};

static constexpr char16_t s_coll_noContexts[656] = {
	0x2b00, 0x59c, 0x0, 0x3e, 0x203, 0x76, 0x1ea9, 0x36, 0x1eb1, 0x1a, 0x1eb5, 0xc,
	0x1eb5, 0xc010, 0xa3c6, 0x1eb6, 0xc011, 0x3c6, 0x1eb7, 0xc011, 0x63c6, 0x212b, 0xc001, 0x82c6,
	0x1eb1, 0xc00f, 0x23c6, 0x1eb2, 0xc00f, 0x83c6, 0x1eb3, 0xc00f, 0xe3c6, 0x1eb4, 0xc010, 0x43c6,
	0x1ead, 0xc, 0x1ead, 0xc00d, 0xa3c6, 0x1eae, 0xc00e, 0x3c6, 0x1eaf, 0xc00e, 0x63c6, 0x1eb0,
	0xc00e, 0xc3c6, 0x1ea9, 0xc00c, 0x23c6, 0x1eaa, 0xc00c, 0x83c6, 0x1eab, 0xc00c, 0xe3c6, 0x1eac,
	0xc00d, 0x43c6, 0x1ea1, 0x1a, 0x1ea5, 0xc, 0x1ea5, 0xc00a, 0xa3c6, 0x1ea6, 0xc00b, 0x3c6,
	0x1ea7, 0xc00b, 0x63c6, 0x1ea8, 0xc00b, 0xc3c6, 0x1ea1, 0xc009, 0x82c6, 0x1ea2, 0xc009, 0xc2c6,
	0x1ea3, 0xc00a, 0x2c6, 0x1ea4, 0xc00a, 0x43c6, 0x30a, 0xc, 0x30a, 0xc008, 0xa1c6, 0x1e00,
	0xc008, 0xc2c6, 0x1e01, 0xc009, 0x2c6, 0x1ea0, 0xc009, 0x42c6, 0x203, 0xc008, 0x42c6, 0x226,
	0x5, 0x227, 0x8, 0x308, 0xc008, 0x81c6, 0x41f0, 0x2c6, 0x304, 0xc006, 0x3c6, 0x41f0,
	0x62c6, 0x304, 0xc006, 0x63c6, 0x101, 0x36, 0x1df, 0x1a, 0x1fb, 0xc, 0x1fb, 0xc007,
	0x23c6, 0x200, 0xc007, 0x82c6, 0x201, 0xc007, 0xc2c6, 0x202, 0xc008, 0x2c6, 0x1df, 0xc005,
	0xa3c6, 0x1e0, 0xc006, 0x3c6, 0x1e1, 0xc006, 0x63c6, 0x1fa, 0xc006, 0xc3c6, 0x105, 0xc,
	0x105, 0xc004, 0x82c6, 0x1cd, 0xc004, 0xc2c6, 0x1ce, 0xc005, 0x2c6, 0x1de, 0xc005, 0x43c6,
	0x101, 0xc003, 0x82c6, 0x102, 0xc003, 0xc2c6, 0x103, 0xc004, 0x2c6, 0x104, 0xc004, 0x42c6,
	0xc5, 0x1a, 0xe3, 0xc, 0xe3, 0xc002, 0x82c6, 0xe4, 0xc002, 0xc2c6, 0xe5, 0xc003,
	0x2c6, 0x100, 0xc003, 0x42c6, 0xc5, 0xc001, 0x82c6, 0xe0, 0xc001, 0xc2c6, 0xe1, 0xc002,
	0x2c6, 0xe2, 0xc002, 0x42c6, 0xc1, 0xc, 0xc1, 0xc000, 0x82c6, 0xc2, 0xc000, 0xc2c6,
	0xc3, 0xc001, 0x2c6, 0xc4, 0xc001, 0x42c6, 0x41, 0x81c6, 0x61, 0xa1c6, 0xc0, 0xc000,
	0x42c6, 0x3300, 0x59c, 0x30, 0x328, 0xc011, 0xc1c6, 0x4700, 0x59c, 0x1, 0x308, 0xc011,
	0xe1c6, 0x30b, 0xc012, 0x1c6, 0x5300, 0x59c, 0x2, 0x308, 0xffff, 0x5b00, 0x4686, 0x30b,
	0xffff, 0x5b00, 0x4786, 0x344, 0xa2c5, 0x2b00, 0x505, 0x1f, 0x227, 0x3b, 0x1ea9, 0x1a,
	0x1eb1, 0xc, 0x1eb1, 0xc019, 0x83c6, 0x1eb3, 0xc019, 0xe3c6, 0x1eb5, 0xc01a, 0x43c6, 0x1eb7,
	0xc01a, 0xa3c6, 0x1ea9, 0xc018, 0x3c6, 0x1eab, 0xc018, 0x63c6, 0x1ead, 0xc018, 0xc3c6, 0x1eaf,
	0xc019, 0x23c6, 0x1ea1, 0xc, 0x1ea1, 0xc016, 0xc2c6, 0x1ea3, 0xc017, 0x2c6, 0x1ea5, 0xc017,
	0x43c6, 0x1ea7, 0xc017, 0xa3c6, 0x227, 0xa, 0x308, 0xc016, 0x61c6, 0x30a, 0xffff, 0x5e79,
	0x4c1, 0x1e01, 0xc016, 0x82c6, 0x45b0, 0x22c6, 0x304, 0xc015, 0x23c6, 0x103, 0x1a, 0x1e1,
	0xc, 0x1e1, 0xc015, 0x23c6, 0x1fb, 0xc015, 0x83c6, 0x201, 0xc015, 0xe2c6, 0x203, 0xc016,
	0x22c6, 0x103, 0xc014, 0x2c6, 0x105, 0xc014, 0x42c6, 0x1ce, 0xc014, 0x82c6, 0x1df, 0xc014,
	0xc3c6, 0xe3, 0xc, 0xe3, 0xc013, 0x2c6, 0xe4, 0xc013, 0x42c6, 0xe5, 0xc013, 0x82c6,
	0x101, 0xc013, 0xc2c6, 0x61, 0xc012, 0x21c6, 0xe0, 0xc012, 0x42c6, 0xe1, 0xc012, 0x82c6,
	0xe2, 0xc012, 0xc2c6, 0x3300, 0x505, 0x30, 0x328, 0xc01b, 0x1c6, 0x4700, 0x505, 0x1,
	0x308, 0xc01b, 0x21c6, 0x30b, 0xc01b, 0x41c6, 0x5300, 0x505, 0x2, 0x308, 0xffff, 0x5b00,
	0x4605, 0x30b, 0xffff, 0x5b00, 0x4705, 0x344, 0xc000, 0x62c5, 0x2b9c, 0xa2c4, 0x1, 0x308,
	0xc01b, 0xa2c6, 0x30a, 0xc01b, 0xe2c6, 0x2b05, 0xa2c4, 0x1, 0x308, 0xc01c, 0x22c6, 0x30a,
	0xc001, 0x22c5, 0x539c, 0xa2c4, 0x1, 0x308, 0xc001, 0x62c5, 0x30b, 0xc001, 0xa2c5, 0x5305,
	0xa2c4, 0x1, 0x308, 0xc001, 0xe2c5, 0x30b, 0xc002, 0x22c5, 0x479c, 0xbec4, 0x1, 0x308,
	0xc01c, 0xa2c6, 0x30b, 0xc01c, 0xe2c6, 0x4705, 0xbec4, 0x1, 0x308, 0xc01d, 0x22c6, 0x30b,
	0xc01d, 0x62c6, 0x539c, 0xbec4, 0x1, 0x308, 0xc002, 0x62c5, 0x30b, 0xc002, 0xa2c5, 0x5305,
	0xbec4, 0x1, 0x308, 0xc002, 0xe2c5, 0x30b, 0xc003, 0x22c5, 0x479c, 0xa2c4, 0x1, 0x308,
	0xc01e, 0x62c6, 0x30b, 0xc01e, 0xa2c6, 0x4705, 0xa2c4, 0x1, 0x308, 0xc01e, 0xe2c6, 0x30b,
	0xc01f, 0x22c6, 0x2b9c, 0xc8c4, 0x1, 0x308, 0xc020, 0xa2c6, 0x30a, 0xc020, 0xe2c6, 0x2b05,
	0xc8c4, 0x1, 0x308, 0xc021, 0x22c6, 0x30a, 0xc005, 0xe2c5, 0x539c, 0xc6c4, 0x1, 0x308,
	0xc006, 0x22c5, 0x30b, 0xc006, 0x62c5, 0x5305, 0xc6c4, 0x1, 0x308, 0xc006, 0xa2c5, 0x30b,
	0xc006, 0xe2c5, 0x539c, 0xd0c4, 0x1, 0x308, 0xc007, 0x22c5, 0x30b, 0xc007, 0x62c5, 0x5305,
	0xd0c4, 0x1, 0x308, 0xc007, 0xa2c5, 0x30b, 0xc007, 0xe2c5, 0x539c, 0xccc4, 0x1, 0x308,
	0xc008, 0x22c5, 0x30b, 0xc008, 0x62c5, 0x5305, 0xccc4, 0x1, 0x308, 0xc008, 0xa2c5, 0x30b,
	0xc008, 0xe2c5, 0x2b9c, 0xc4c4, 0x1, 0x308, 0xc021, 0x62c6, 0x30a, 0xc021, 0xa2c6, 0x2b05,
	0xc4c4, 0x1, 0x308, 0xc021, 0xe2c6, 0x30a, 0xc009, 0x22c5, 0x479c, 0xc4c4, 0x1, 0x308,
	0xc022, 0x22c6, 0x30b, 0xc022, 0x62c6, 0x4705, 0xc4c4, 0x1, 0x308, 0xc022, 0xa2c6, 0x30b,
	0xc022, 0xe2c6, 0x9, 0x63c5, 0x1, 0x308, 0xc023, 0x23c6, 0x30b, 0xc023, 0x83c6, 0x9,
	0xc3c5, 0x1, 0x308, 0xc023, 0xe3c6, 0x30b, 0xc024, 0x43c6, 0x539c, 0xc4c4, 0x1, 0x308,
	0xc00a, 0x22c5, 0x30b, 0xc00a, 0x62c5, 0x5305, 0xc4c4, 0x1, 0x308, 0xc00a, 0xa2c5, 0x30b,
	0xc00a, 0xe2c5, 0xb, 0x23c5, 0x1, 0x308, 0xc00b, 0x83c5, 0x30b, 0xc00b, 0xe3c5, 0xc,
	0x43c5, 0x1, 0x308, 0xc00c, 0xa3c5, 0x30b, 0xc00d, 0x3c5
};

static constexpr uint16_t s_coll_noFastLatin[587] = {
	0x205, 0xc40, 0xde0, 0xe80, 0xea8, 0x414, 0x0, 0x0, 0x0, 0x0, 0x0, 0x0,
	0x0, 0x0, 0xc00, 0xc08, 0xc10, 0xc18, 0xc20, 0x0, 0x0, 0x0, 0x0, 0x0,
	0x0, 0x0, 0x0, 0x0, 0x0, 0x0, 0x0, 0x0, 0x0, 0x0, 0x0, 0x0,
	0x0, 0xc40, 0xca8, 0xcf0, 0xd78, 0xe98, 0xd80, 0xd70, 0xcd8, 0xd08, 0xd10, 0xd58,
	0xe30, 0xc90, 0xc60, 0xcd0, 0xd60, 0x10a8, 0x14a8, 0x18a8, 0x1ca8, 0x20a8, 0x24a8, 0x28a8,
	0x2ca8, 0x30a8, 0x34a8, 0xca0, 0xc98, 0xe50, 0xe58, 0xe60, 0xcb8, 0xd50, 0x416, 0x3cb9,
	0x40b9, 0x44b9, 0x452, 0x4cb9, 0x50b9, 0x54b9, 0x58ba, 0x60ba, 0x64b9, 0x68b9, 0x6cb9, 0x70ba,
	0x454, 0x7cb9, 0x80b9, 0x88b9, 0x8cba, 0x90ba, 0x456, 0x9cb9, 0xa0b9, 0xa4b9, 0xa8b9, 0xacb9,
	0xd18, 0xd68, 0xd20, 0xdf8, 0xc50, 0xde8, 0x458, 0x3ca8, 0x40a8, 0x44a8, 0x477, 0x4ca8,
	0x50a8, 0x54a8, 0x58a8, 0x60a8, 0x64a8, 0x68a8, 0x6ca8, 0x70a8, 0x479, 0x7ca8, 0x80a8, 0x88a8,
	0x8ca8, 0x90a8, 0x47b, 0x9ca8, 0xa0a8, 0xa4a8, 0xa8a8, 0xaca8, 0xd28, 0xe70, 0xd30, 0xe80,
	0x0, 0x0, 0x0, 0x0, 0x0, 0x0, 0xc28, 0x0, 0x0, 0x0, 0x0, 0x0,
	0x0, 0x0, 0x0, 0x0, 0x0, 0x0, 0x0, 0x0, 0x0, 0x0, 0x0, 0x0,
	0x0, 0x0, 0x0, 0x0, 0x0, 0x0, 0x0, 0x0, 0x0, 0xc42, 0xcb0, 0xe90,
	0xea0, 0xe88, 0xea8, 0xe78, 0xd40, 0xe08, 0xe20, 0x38aa, 0xcf8, 0xe68, 0x0, 0xe28,
	0xe00, 0xe18, 0xe38, 0x18a9, 0x1ca9, 0xdf0, 0x1, 0xd48, 0x1, 0xe10, 0x14a9, 0x78aa,
	0xd00, 0x1, 0x1, 0x1, 0xcc0, 0x39b9, 0x3999, 0x39f9, 0x3a79, 0xb4d9, 0xbcb9, 0xb4b9,
	0x42b9, 0x49b9, 0x4999, 0x49f9, 0x4a59, 0x59ba, 0x599a, 0x59fa, 0x5a5a, 0x44f9, 0x727a, 0x79b9,
	0x7999, 0x79f9, 0x7a79, 0xb8d9, 0xe48, 0xb8b9, 0x99b9, 0x9999, 0x99f9, 0xa8d9, 0xa999, 0x800,
	0x802, 0x39a8, 0x3988, 0x39e8, 0x3a68, 0xb4c8, 0xbca8, 0xb4a8, 0x42a8, 0x49a8, 0x4988, 0x49e8,
	0x4a48, 0x59a8, 0x5988, 0x59e8, 0x5a48, 0x44e8, 0x7268, 0x79a8, 0x7988, 0x79e8, 0x7a68, 0xb8c8,
	0xe40, 0xb8a8, 0x99a8, 0x9988, 0x99e8, 0xa8c8, 0xa988, 0x804, 0xaa48, 0x3af9, 0x3ae8, 0x39d9,
	0x39c8, 0x47d, 0x47f, 0x4199, 0x4188, 0x41f9, 0x41e8, 0x4299, 0x4288, 0x4219, 0x4208, 0x4619,
	0x4608, 0x44d9, 0x44c8, 0x4af9, 0x4ae8, 0x49d9, 0x49c8, 0x4a99, 0x4a88, 0xb4f9, 0xb4e8, 0x4a19,
	0x4a08, 0x51f9, 0x51e8, 0x51d9, 0x51c8, 0x5299, 0x5288, 0x52b9, 0x52a8, 0x55f9, 0x55e8, 0x5719,
	0x5708, 0x5a7a, 0x5a68, 0x5afa, 0x5ae8, 0x59da, 0x59c8, 0x5ada, 0x5ac8, 0x5a9a, 0x5ca8, 0x806,
	0x808, 0x61fa, 0x61e8, 0x66b9, 0x66a8, 0x84a8, 0x6999, 0x6988, 0x6ab9, 0x6aa8, 0x6a19, 0x6a08,
	0x6b39, 0x6b28, 0x6b19, 0x6b08, 0x719a, 0x7188, 0x72ba, 0x72a8, 0x721a, 0x7208, 0x80a, 0x74b9,
	0x74a8, 0x7af9, 0x7ae8, 0x79d9, 0x79c8, 0xb8f9, 0xb8e8, 0xb919, 0xb908, 0x8999, 0x8988, 0x8ab9,
	0x8aa8, 0x8a19, 0x8a08, 0x8d9a, 0x8d88, 0x8dfa, 0x8de8, 0x8eba, 0x8ea8, 0x8e1a, 0x8e08, 0x92ba,
	0x92a8, 0x921a, 0x9208, 0x94b9, 0x94a8, 0x9a79, 0x9a68, 0x9af9, 0x9ae8, 0x99d9, 0x99c8, 0x9a39,
	0x9a28, 0xa8f9, 0xa8e8, 0x481, 0x483, 0xa1f9, 0xa1e8, 0xa9f9, 0xa9e8, 0xaa59, 0xad99, 0xad88,
	0xae99, 0xae88, 0xae19, 0xae08, 0x8ce8, 0xc41, 0xc41, 0xc41, 0xc41, 0xc41, 0xc41, 0xc41,
	0xc42, 0xc41, 0xc41, 0xc41, 0x0, 0x0, 0x0, 0x0, 0x0, 0xc68, 0xc69, 0xc70,
	0xc78, 0xc80, 0xc88, 0xd38, 0xc58, 0x1, 0x1, 0x1, 0x1, 0x1, 0x1, 0x1,
	0x1, 0xd98, 0xda0, 0xda8, 0xdb0, 0xcd1, 0x80c, 0x1, 0xdb8, 0xc30, 0xc38, 0x0,
	0x0, 0x0, 0x0, 0x0, 0xc42, 0xd88, 0xd90, 0xdc0, 0x80e, 0x1, 0xdc8, 0x810,
	0x1, 0xdd0, 0xce0, 0xce8, 0xdd8, 0x812, 0xcc8, 0xc48, 0xde0, 0x90bb, 0x54b9, 0x8cc8,
	0x8ca9, 0x90a9, 0x54a8, 0x58bb, 0x60bb, 0x58a9, 0x60a9, 0xb0a9, 0x70a9, 0xcd1, 0xcd1, 0xdc1,
	0xdc1, 0xdc9, 0xdc9, 0xca9, 0xca9, 0x5ff, 0x0, 0x5ff, 0x38b9, 0x441, 0xbcda, 0x461,
	0xbcd1, 0x6c0, 0xbcda, 0x1a8, 0x6c1, 0xbcda, 0x188, 0x6c2, 0xbcda, 0x1e8, 0x6c3, 0xbcda,
	0x268, 0x6c4, 0xbcda, 0x248, 0x6c5, 0xbcda, 0x228, 0x6e0, 0xbcd1, 0x1a8, 0x6e1, 0xbcd1,
	0x188, 0x6e2, 0xbcd1, 0x1e8, 0x6e3, 0xbcd1, 0x268, 0x6e4, 0xbcd1, 0x248, 0x6e5, 0xbcd1,
	0x228, 0x700, 0xbcda, 0x2e8, 0x701, 0xbcd1, 0x2e8, 0x702, 0xbcda, 0x1c8, 0x703, 0xbcd1,
	0x1c8, 0x704, 0xbcda, 0x2c8, 0x705, 0xbcd1, 0x2c8, 0x5ff, 0x48b9, 0x5ff, 0x78b9, 0x5ff,
	0x98b9, 0x5ff, 0x38a8, 0x461, 0xbcc8, 0x6e0, 0xbcc8, 0x1a8, 0x6e1, 0xbcc8, 0x188, 0x6e2,
	0xbcc8, 0x1e8, 0x6e3, 0xbcc8, 0x268, 0x6e4, 0xbcc8, 0x248, 0x6e5, 0xbcc8, 0x228, 0x701,
	0xbcc8, 0x2e8, 0x703, 0xbcc8, 0x1c8, 0x705, 0xbcc8, 0x2c8, 0x5ff, 0x48a8, 0x5ff, 0x78a8,
	0x5ff, 0x98a8, 0x5ff, 0x3ad9, 0x5ff, 0x3ac8, 0x5ff, 0x9ad9, 0x5ff, 0x9ac8, 0x1ff
};

static constexpr uint16_t s_coll_noFastLatinPrimaries[384] = {
	0x0, 0x0, 0x0, 0x0, 0x0, 0x0, 0x0, 0x0, 0x0, 0xc00, 0xc08, 0xc10,
	0xc18, 0xc20, 0x0, 0x0, 0x0, 0x0, 0x0, 0x0, 0x0, 0x0, 0x0, 0x0,
	0x0, 0x0, 0x0, 0x0, 0x0, 0x0, 0x0, 0x0, 0xc40, 0xca8, 0xcf0, 0xd78,
	0xe98, 0xd80, 0xd70, 0xcd8, 0xd08, 0xd10, 0xd58, 0xe30, 0xc90, 0xc60, 0xcd0, 0xd60,
	0x1000, 0x1400, 0x1800, 0x1c00, 0x2000, 0x2400, 0x2800, 0x2c00, 0x3000, 0x3400, 0xca0, 0xc98,
	0xe50, 0xe58, 0xe60, 0xcb8, 0xd50, 0x0, 0x3c00, 0x4000, 0x4400, 0x0, 0x4c00, 0x5000,
	0x5400, 0x5800, 0x6000, 0x6400, 0x6800, 0x6c00, 0x7000, 0x0, 0x7c00, 0x8000, 0x8800, 0x8c00,
	0x9000, 0x0, 0x9c00, 0xa000, 0xa400, 0xa800, 0xac00, 0xd18, 0xd68, 0xd20, 0xdf8, 0xc50,
	0xde8, 0x0, 0x3c00, 0x4000, 0x4400, 0x0, 0x4c00, 0x5000, 0x5400, 0x5800, 0x6000, 0x6400,
	0x6800, 0x6c00, 0x7000, 0x0, 0x7c00, 0x8000, 0x8800, 0x8c00, 0x9000, 0x0, 0x9c00, 0xa000,
	0xa400, 0xa800, 0xac00, 0xd28, 0xe70, 0xd30, 0xe80, 0x0, 0x0, 0x0, 0x0, 0x0,
	0x0, 0xc28, 0x0, 0x0, 0x0, 0x0, 0x0, 0x0, 0x0, 0x0, 0x0, 0x0,
	0x0, 0x0, 0x0, 0x0, 0x0, 0x0, 0x0, 0x0, 0x0, 0x0, 0x0, 0x0,
	0x0, 0x0, 0x0, 0x0, 0xc40, 0xcb0, 0xe90, 0xea0, 0xe88, 0xea8, 0xe78, 0xd40,
	0xe08, 0xe20, 0x3800, 0xcf8, 0xe68, 0x0, 0xe28, 0xe00, 0xe18, 0xe38, 0x1800, 0x1c00,
	0xdf0, 0x0, 0xd48, 0x0, 0xe10, 0x1400, 0x7800, 0xd00, 0x0, 0x0, 0x0, 0xcc0,
	0x3800, 0x3800, 0x3800, 0x3800, 0xb400, 0xbc00, 0xb400, 0x4000, 0x4800, 0x4800, 0x4800, 0x4800,
	0x5800, 0x5800, 0x5800, 0x5800, 0x4400, 0x7000, 0x7800, 0x7800, 0x7800, 0x7800, 0xb800, 0xe48,
	0xb800, 0x9800, 0x9800, 0x9800, 0xa800, 0xa800, 0x0, 0x0, 0x3800, 0x3800, 0x3800, 0x3800,
	0xb400, 0xbc00, 0xb400, 0x4000, 0x4800, 0x4800, 0x4800, 0x4800, 0x5800, 0x5800, 0x5800, 0x5800,
	0x4400, 0x7000, 0x7800, 0x7800, 0x7800, 0x7800, 0xb800, 0xe40, 0xb800, 0x9800, 0x9800, 0x9800,
	0xa800, 0xa800, 0x0, 0xa800, 0x3800, 0x3800, 0x3800, 0x3800, 0x0, 0x0, 0x4000, 0x4000,
	0x4000, 0x4000, 0x4000, 0x4000, 0x4000, 0x4000, 0x4400, 0x4400, 0x4400, 0x4400, 0x4800, 0x4800,
	0x4800, 0x4800, 0x4800, 0x4800, 0xb400, 0xb400, 0x4800, 0x4800, 0x5000, 0x5000, 0x5000, 0x5000,
	0x5000, 0x5000, 0x5000, 0x5000, 0x5400, 0x5400, 0x5400, 0x5400, 0x5800, 0x5800, 0x5800, 0x5800,
	0x5800, 0x5800, 0x5800, 0x5800, 0x5800, 0x5c00, 0x0, 0x0, 0x6000, 0x6000, 0x6400, 0x6400,
	0x8400, 0x6800, 0x6800, 0x6800, 0x6800, 0x6800, 0x6800, 0x6800, 0x6800, 0x6800, 0x6800, 0x7000,
	0x7000, 0x7000, 0x7000, 0x7000, 0x7000, 0x0, 0x7400, 0x7400, 0x7800, 0x7800, 0x7800, 0x7800,
	0xb800, 0xb800, 0xb800, 0xb800, 0x8800, 0x8800, 0x8800, 0x8800, 0x8800, 0x8800, 0x8c00, 0x8c00,
	0x8c00, 0x8c00, 0x8c00, 0x8c00, 0x8c00, 0x8c00, 0x9000, 0x9000, 0x9000, 0x9000, 0x9400, 0x9400,
	0x9800, 0x9800, 0x9800, 0x9800, 0x9800, 0x9800, 0x9800, 0x9800, 0xa800, 0xa800, 0x0, 0x0,
	0xa000, 0xa000, 0xa800, 0xa800, 0xa800, 0xac00, 0xac00, 0xac00, 0xac00, 0xac00, 0xac00, 0x8c00
};

static constexpr int32_t s_coll_noFastLatinMiniVarTop = 0xbff;

static constexpr uint32_t s_coll_noNumericPrimary = 0x10000000;
static constexpr int32_t s_coll_noOptions = 0x2010;
static constexpr int32_t s_coll_noJamoCe32sStart = -1;

static constexpr uint32_t s_coll_noUnsafeBwd[866] = {
	0x34, 0x35, 0x41, 0x42, 0x4c, 0x4d, 0x61, 0x62, 0xa0, 0xa1, 0xc0, 0xc6,
	0xe0, 0xe6, 0x100, 0x106, 0x1cd, 0x1cf, 0x1de, 0x1e2, 0x1fa, 0x1fc, 0x200, 0x204,
	0x226, 0x228, 0x300, 0x34f, 0x350, 0x370, 0x3a9, 0x3aa, 0x3e2, 0x3e3, 0x42f, 0x430,
	0x483, 0x488, 0x531, 0x532, 0x591, 0x5be, 0x5bf, 0x5c0, 0x5c1, 0x5c3, 0x5c4, 0x5c6,
	0x5c7, 0x5c8, 0x5d0, 0x5d1, 0x610, 0x61b, 0x628, 0x629, 0x64b, 0x660, 0x670, 0x671,
	0x6d6, 0x6dd, 0x6df, 0x6e5, 0x6e7, 0x6e9, 0x6ea, 0x6ee, 0x710, 0x712, 0x730, 0x74b,
	0x78c, 0x78d, 0x7ca, 0x7cb, 0x7eb, 0x7f4, 0x7fd, 0x7fe, 0x800, 0x801, 0x816, 0x81a,
	0x81b, 0x824, 0x825, 0x828, 0x829, 0x82e, 0x840, 0x841, 0x859, 0x85c, 0x897, 0x8a0,
	0x8ca, 0x8e2, 0x8e3, 0x900, 0x905, 0x906, 0x93c, 0x93d, 0x94d, 0x94e, 0x951, 0x955,
	0x995, 0x996, 0x9bc, 0x9bd, 0x9be, 0x9bf, 0x9cd, 0x9ce, 0x9d7, 0x9d8, 0x9fe, 0x9ff,
	0xa15, 0xa16, 0xa3c, 0xa3d, 0xa4d, 0xa4e, 0xa95, 0xa96, 0xabc, 0xabd, 0xacd, 0xace,
	0xb15, 0xb16, 0xb3c, 0xb3d, 0xb3e, 0xb3f, 0xb4d, 0xb4e, 0xb56, 0xb58, 0xb95, 0xb96,
	0xbbe, 0xbbf, 0xbcd, 0xbce, 0xbd7, 0xbd8, 0xc15, 0xc16, 0xc3c, 0xc3d, 0xc4d, 0xc4e,
	0xc55, 0xc57, 0xc95, 0xc96, 0xcbc, 0xcbd, 0xcc2, 0xcc3, 0xccd, 0xcce, 0xcd5, 0xcd7,
	0xd15, 0xd16, 0xd3b, 0xd3d, 0xd3e, 0xd3f, 0xd4d, 0xd4e, 0xd57, 0xd58, 0xd85, 0xd86,
	0xdca, 0xdcb, 0xdcf, 0xdd0, 0xddf, 0xde0, 0xe01, 0xe2f, 0xe32, 0xe33, 0xe38, 0xe3b,
	0xe48, 0xe4c, 0xe81, 0xe83, 0xe84, 0xe85, 0xe86, 0xe8b, 0xe8c, 0xea4, 0xea5, 0xea6,
	0xea7, 0xeaf, 0xeb2, 0xeb3, 0xeb8, 0xebb, 0xec8, 0xecc, 0xedc, 0xee0, 0xf18, 0xf1a,
	0xf35, 0xf36, 0xf37, 0xf38, 0xf39, 0xf3a, 0xf40, 0xf41, 0xf71, 0xf76, 0xf7a, 0xf7e,
	0xf80, 0xf85, 0xf86, 0xf88, 0xfc6, 0xfc7, 0x1000, 0x1001, 0x102e, 0x102f, 0x1037, 0x1038,
	0x1039, 0x103b, 0x108d, 0x108e, 0x10d3, 0x10d4, 0x12a0, 0x12a1, 0x135d, 0x1360, 0x13c4, 0x13c5,
	0x14c0, 0x14c1, 0x168f, 0x1690, 0x16a0, 0x16a1, 0x1703, 0x1704, 0x1714, 0x1716, 0x1723, 0x1724,
	0x1734, 0x1735, 0x1743, 0x1744, 0x1763, 0x1764, 0x1780, 0x1781, 0x17d2, 0x17d3, 0x17dd, 0x17de,
	0x1826, 0x1827, 0x18a9, 0x18aa, 0x1900, 0x1901, 0x1939, 0x193c, 0x1950, 0x1951, 0x1980, 0x19ac,
	0x1a00, 0x1a01, 0x1a17, 0x1a19, 0x1a20, 0x1a21, 0x1a60, 0x1a61, 0x1a75, 0x1a7d, 0x1a7f, 0x1a80,
	0x1ab0, 0x1abe, 0x1abf, 0x1ade, 0x1ae0, 0x1aec, 0x1b05, 0x1b06, 0x1b34, 0x1b36, 0x1b44, 0x1b45,
	0x1b6b, 0x1b74, 0x1b83, 0x1b84, 0x1baa, 0x1bac, 0x1bc0, 0x1bc1, 0x1be6, 0x1be7, 0x1bf2, 0x1bf4,
	0x1c00, 0x1c01, 0x1c37, 0x1c38, 0x1c5a, 0x1c5b, 0x1cd0, 0x1cd3, 0x1cd4, 0x1ce1, 0x1ce2, 0x1ce9,
	0x1ced, 0x1cee, 0x1cf4, 0x1cf5, 0x1cf8, 0x1cfa, 0x1dc0, 0x1e02, 0x1ea0, 0x1eb8, 0x201c, 0x201d,
	0x20ac, 0x20ad, 0x20d0, 0x20dd, 0x20e1, 0x20e2, 0x20e5, 0x20f1, 0x212b, 0x212c, 0x263a, 0x263b,
	0x2c00, 0x2c01, 0x2cef, 0x2cf2, 0x2d30, 0x2d31, 0x2d7f, 0x2d80, 0x2de0, 0x2e00, 0x302a, 0x3030,
	0x304b, 0x304c, 0x3099, 0x309b, 0x30ab, 0x30ac, 0x3105, 0x3106, 0x5b57, 0x5b58, 0xa288, 0xa289,
	0xa4d0, 0xa4d1, 0xa549, 0xa54a, 0xa66f, 0xa670, 0xa674, 0xa67e, 0xa69e, 0xa6a1, 0xa6f0, 0xa6f2,
	0xa800, 0xa801, 0xa806, 0xa807, 0xa82c, 0xa82d, 0xa840, 0xa841, 0xa882, 0xa883, 0xa8c4, 0xa8c5,
	0xa8e0, 0xa8f2, 0xa90a, 0xa90b, 0xa92b, 0xa92e, 0xa930, 0xa931, 0xa953, 0xa954, 0xa984, 0xa985,
	0xa9b3, 0xa9b4, 0xa9c0, 0xa9c1, 0xaa00, 0xaa01, 0xaa80, 0xaab1, 0xaab2, 0xaab5, 0xaab7, 0xaab9,
	0xaabe, 0xaac0, 0xaac1, 0xaac2, 0xaaf6, 0xaaf7, 0xabc0, 0xabc1, 0xabed, 0xabee, 0xac00, 0xac01,
	0xd800, 0xd809, 0xd80b, 0xd80d, 0xd811, 0xd812, 0xd818, 0xd819, 0xd81a, 0xd81c, 0xd820, 0xd821,
	0xd823, 0xd824, 0xd82c, 0xd82d, 0xd82f, 0xd830, 0xd834, 0xd835, 0xd838, 0xd83b, 0xdc00, 0xe000,
	0xfb1e, 0xfb1f, 0xfdd0, 0xfdd1, 0xfe20, 0xfe30, 0x10000, 0x10001, 0x101fd, 0x101fe, 0x10280, 0x10281,
	0x102a0, 0x102a1, 0x102e0, 0x102e1, 0x10300, 0x10301, 0x10330, 0x10331, 0x1036b, 0x1036c, 0x10376, 0x1037b,
	0x10380, 0x10381, 0x103a0, 0x103a1, 0x10414, 0x10415, 0x10450, 0x10451, 0x10480, 0x10481, 0x104b5, 0x104b6,
	0x10500, 0x10501, 0x10537, 0x10538, 0x10582, 0x10583, 0x105c2, 0x105c3, 0x10647, 0x10648, 0x10800, 0x10801,
	0x10840, 0x10841, 0x10873, 0x10874, 0x10896, 0x10897, 0x108f4, 0x108f5, 0x10900, 0x10901, 0x10920, 0x10921,
	0x10950, 0x10951, 0x10980, 0x10981, 0x109a0, 0x109a1, 0x10a00, 0x10a01, 0x10a0d, 0x10a0e, 0x10a0f, 0x10a10,
	0x10a38, 0x10a3b, 0x10a3f, 0x10a40, 0x10a60, 0x10a61, 0x10a95, 0x10a96, 0x10ad8, 0x10ad9, 0x10ae5, 0x10ae7,
	0x10b00, 0x10b01, 0x10b40, 0x10b41, 0x10b60, 0x10b61, 0x10b8f, 0x10b90, 0x10c00, 0x10c01, 0x10ca1, 0x10ca2,
	0x10d12, 0x10d13, 0x10d24, 0x10d28, 0x10d5d, 0x10d5e, 0x10d69, 0x10d6e, 0x10e88, 0x10e89, 0x10eab, 0x10ead,
	0x10efa, 0x10efc, 0x10efd, 0x10f00, 0x10f19, 0x10f1a, 0x10f42, 0x10f43, 0x10f46, 0x10f51, 0x10f7c, 0x10f7d,
	0x10f82, 0x10f86, 0x10fbf, 0x10fc0, 0x10ff1, 0x10ff2, 0x11005, 0x11006, 0x11046, 0x11047, 0x11070, 0x11071,
	0x1107f, 0x11080, 0x11083, 0x11084, 0x110b9, 0x110bb, 0x110d0, 0x110d1, 0x11100, 0x11104, 0x11127, 0x11128,
	0x11133, 0x11135, 0x11152, 0x11153, 0x11173, 0x11174, 0x11183, 0x11184, 0x111c0, 0x111c1, 0x111ca, 0x111cb,
	0x11208, 0x11209, 0x11235, 0x11237, 0x1128f, 0x11290, 0x112be, 0x112bf, 0x112e9, 0x112eb, 0x11315, 0x11316,
	0x1133b, 0x1133d, 0x1133e, 0x1133f, 0x1134d, 0x1134e, 0x11357, 0x11358, 0x11366, 0x1136d, 0x11370, 0x11375,
	0x11392, 0x11393, 0x113b8, 0x113b9, 0x113bb, 0x113bc, 0x113c2, 0x113c3, 0x113c9, 0x113ca, 0x113ce, 0x113d1,
	0x11412, 0x11413, 0x11442, 0x11443, 0x11446, 0x11447, 0x1145e, 0x1145f, 0x11484, 0x11485, 0x114b0, 0x114b1,
	0x114ba, 0x114bb, 0x114bd, 0x114be, 0x114c2, 0x114c4, 0x1158e, 0x1158f, 0x115af, 0x115b0, 0x115bf, 0x115c1,
	0x1160e, 0x1160f, 0x1163f, 0x11640, 0x11680, 0x11681, 0x116b6, 0x116b8, 0x11717, 0x11718, 0x1172b, 0x1172c,
	0x1180b, 0x1180c, 0x11839, 0x1183b, 0x118b4, 0x118b5, 0x1190c, 0x1190d, 0x11930, 0x11931, 0x1193d, 0x1193f,
	0x11943, 0x11944, 0x119ce, 0x119cf, 0x119e0, 0x119e1, 0x11a0b, 0x11a0c, 0x11a34, 0x11a35, 0x11a47, 0x11a48,
	0x11a5c, 0x11a5d, 0x11a99, 0x11a9a, 0x11ac0, 0x11ac1, 0x11bc4, 0x11bc5, 0x11c0e, 0x11c0f, 0x11c3f, 0x11c40,
	0x11c72, 0x11c73, 0x11d10, 0x11d11, 0x11d42, 0x11d43, 0x11d44, 0x11d46, 0x11d71, 0x11d72, 0x11d97, 0x11d98,
	0x11dc6, 0x11dc7, 0x11ee5, 0x11ee6, 0x11f1b, 0x11f1c, 0x11f41, 0x11f43, 0x12000, 0x12001, 0x12fe5, 0x12fe6,
	0x13153, 0x13154, 0x14400, 0x14401, 0x1611c, 0x1611d, 0x1611e, 0x16121, 0x16123, 0x16126, 0x16129, 0x1612a,
	0x1612f, 0x16130, 0x16a4f, 0x16a50, 0x16abc, 0x16abd, 0x16ae6, 0x16ae7, 0x16af0, 0x16af5, 0x16b1c, 0x16b1d,
	0x16b30, 0x16b37, 0x16d45, 0x16d46, 0x16d67, 0x16d69, 0x16e40, 0x16e41, 0x16ea1, 0x16ea2, 0x16f00, 0x16f01,
	0x16ff0, 0x16ff2, 0x18229, 0x1822a, 0x18c65, 0x18c66, 0x1b1c4, 0x1b1c5, 0x1bc20, 0x1bc21, 0x1bc9e, 0x1bc9f,
	0x1d165, 0x1d16a, 0x1d16d, 0x1d173, 0x1d17b, 0x1d183, 0x1d185, 0x1d18c, 0x1d1aa, 0x1d1ae, 0x1d242, 0x1d245,
	0x1e000, 0x1e007, 0x1e008, 0x1e019, 0x1e01b, 0x1e022, 0x1e023, 0x1e025, 0x1e026, 0x1e02b, 0x1e08f, 0x1e090,
	0x1e108, 0x1e109, 0x1e130, 0x1e137, 0x1e290, 0x1e291, 0x1e2ae, 0x1e2af, 0x1e2e1, 0x1e2e2, 0x1e2ec, 0x1e2f0,
	0x1e4e6, 0x1e4e7, 0x1e4ec, 0x1e4f0, 0x1e5d0, 0x1e5d1, 0x1e5ee, 0x1e5f0, 0x1e6d5, 0x1e6d6, 0x1e6e3, 0x1e6e4,
	0x1e6e6, 0x1e6e7, 0x1e6ee, 0x1e6f0, 0x1e6f5, 0x1e6f6, 0x1e802, 0x1e803, 0x1e8d0, 0x1e8d7, 0x1e909, 0x1e90a,
	0x1e944, 0x1e94b
};

static constexpr int32_t s_coll_noUnsafeBwdLength = 866;

static constexpr uint16_t s_coll_seTrieIndex[2112] = {
	0x0, 0x8, 0x10, 0x18, 0x30, 0x38, 0x40, 0x48, 0x50, 0x58, 0x60, 0x68, 0x70, 0x78, 0x7e, 0x86,
	0x8e, 0x96, 0x30, 0x38, 0x9a, 0xa2, 0x30, 0x38, 0x30, 0x38, 0x30, 0x38, 0x30, 0x38, 0x30, 0x38,
	0x30, 0x38, 0x30, 0x38, 0x30, 0x38, 0x30, 0x38, 0x30, 0x38, 0x30, 0x38, 0x30, 0x38, 0x30, 0x38,
	0x30, 0x38, 0x30, 0x38, 0x30, 0x38, 0x30, 0x38, 0x30, 0x38, 0x30, 0x38, 0x30, 0x38, 0x30, 0x38,
	0x30, 0x30, 0x30, 0x30, 0x30, 0x30, 0x30, 0x30, 0x30, 0x30, 0x30, 0x30, 0x30, 0x30, 0x30, 0x30,
	0x30, 0x30, 0x30, 0x30, 0x30, 0x30, 0x30, 0x30, 0x30, 0x30, 0x30, 0x30, 0x30, 0x30, 0x30, 0x30,
	0x30, 0x30, 0x30, 0x30, 0x30, 0x30, 0x30, 0x30, 0x30, 0x30, 0x30, 0x30, 0x30, 0x30, 0x30, 0x30,
	0x30, 0x30, 0x30, 0x30, 0x30, 0x30, 0x30, 0x30, 0x30, 0x30, 0x30, 0x30, 0x30, 0x30, 0x30, 0x30,
	0x30, 0x30, 0x30, 0x30, 0x30, 0x30, 0x30, 0x30, 0x30, 0x30, 0x30, 0x30, 0x30, 0x30, 0x30, 0x30,
	0x30, 0x30, 0x30, 0x30, 0x30, 0x30, 0x30, 0x30, 0x30, 0x30, 0x30, 0x30, 0x30, 0x30, 0x30, 0x30,
	0x30, 0x30, 0x30, 0x30, 0x30, 0x30, 0x30, 0x30, 0x30, 0x30, 0x30, 0x30, 0x30, 0x30, 0x30, 0x30,
	0x30, 0x30, 0x30, 0x30, 0x30, 0x30, 0x30, 0x30, 0x30, 0x30, 0x30, 0x30, 0x30, 0x30, 0x30, 0x30,
	0x30, 0x30, 0x30, 0x30, 0x30, 0x30, 0x30, 0x30, 0x30, 0x30, 0x30, 0x30, 0x30, 0x30, 0x30, 0x30,
	0x30, 0x30, 0x30, 0x30, 0x30, 0x30, 0x30, 0x30, 0x30, 0x30, 0x30, 0x30, 0x30, 0x30, 0x30, 0x30,
	0x30, 0x30, 0x30, 0x30, 0x30, 0x30, 0x30, 0x30, 0x30, 0x30, 0x30, 0x30, 0x30, 0x30, 0x30, 0x30,
	0xba, 0xbe, 0xc5, 0xcd, 0xd3, 0xdb, 0xe0, 0xe8, 0x30, 0x30, 0x30, 0x30, 0x30, 0x30, 0x30, 0x30,
	0x30, 0x30, 0x30, 0x30, 0x30, 0x30, 0x30, 0x30, 0x30, 0xee, 0x30, 0x30, 0x30, 0x30, 0x30, 0x30,
	0x30, 0x30, 0x30, 0x30, 0x30, 0x30, 0x30, 0x30, 0x30, 0x30, 0x30, 0x30, 0x30, 0x30, 0x30, 0x30,
	0x30, 0x30, 0x30, 0x30, 0x30, 0x30, 0x30, 0x30, 0x30, 0x30, 0x30, 0x30, 0x30, 0x30, 0x30, 0x30,
	0x30, 0x30, 0x30, 0x30, 0x30, 0x30, 0x30, 0x30, 0x30, 0x30, 0x30, 0x30, 0x30, 0x30, 0x30, 0x30,
	0x30, 0x30, 0x30, 0x30, 0x30, 0x30, 0x30, 0x30, 0x30, 0x30, 0x30, 0x30, 0x30, 0x30, 0x30, 0x30,
	0x30, 0x30, 0x30, 0x30, 0x30, 0x30, 0x30, 0x30, 0x30, 0x30, 0x30, 0x30, 0x30, 0x30, 0x30, 0x30,
	0x30, 0x30, 0x30, 0x30, 0x30, 0x30, 0x30, 0x30, 0x30, 0x30, 0x30, 0x30, 0x30, 0x30, 0x30, 0x30,
	0x30, 0x30, 0x30, 0x30, 0x30, 0x30, 0x30, 0x30, 0x30, 0x30, 0x30, 0x30, 0x30, 0x30, 0x30, 0x30,
	0x30, 0x30, 0x30, 0x30, 0x30, 0x30, 0x30, 0x30, 0x30, 0x30, 0x30, 0x30, 0x30, 0x30, 0x30, 0x30,
	0x30, 0x30, 0x30, 0x30, 0x30, 0x30, 0x30, 0x30, 0x30, 0x30, 0x30, 0x30, 0x30, 0x30, 0x30, 0x30,
	0x30, 0x30, 0x30, 0x30, 0x30, 0x30, 0x30, 0x30, 0x30, 0x30, 0x30, 0x30, 0x30, 0x30, 0x30, 0x30,
	0x30, 0x30, 0x30, 0x30, 0x30, 0x30, 0x30, 0x30, 0x30, 0x30, 0x30, 0x30, 0x30, 0x30, 0x30, 0x30,
	0x30, 0x30, 0x30, 0x30, 0x30, 0x30, 0x30, 0x30, 0x30, 0x30, 0x30, 0x30, 0x30, 0x30, 0x30, 0x30,
	0x30, 0x30, 0x30, 0x30, 0x30, 0x30, 0x30, 0x30, 0x30, 0x30, 0x30, 0x30, 0x30, 0x30, 0x30, 0x30,
	0x30, 0x30, 0x30, 0x30, 0x30, 0x30, 0x30, 0x30, 0x30, 0x30, 0x30, 0x30, 0x30, 0x30, 0x30, 0x30,
	0x30, 0x30, 0x30, 0x30, 0x30, 0x30, 0x30, 0x30, 0x30, 0x30, 0x30, 0x30, 0x30, 0x30, 0x30, 0x30,
	0x30, 0x30, 0x30, 0x30, 0x30, 0x30, 0x30, 0x30, 0x30, 0x30, 0x30, 0x30, 0x30, 0x30, 0x30, 0x30,
	0x30, 0x30, 0x30, 0x30, 0x30, 0x30, 0x30, 0x30, 0x30, 0x30, 0x30, 0x30, 0x30, 0x30, 0x30, 0x30,
	0x30, 0x30, 0x30, 0x30, 0x30, 0x30, 0x30, 0x30, 0x30, 0x30, 0x30, 0x30, 0x30, 0x30, 0x30, 0x30,
	0x30, 0x30, 0x30, 0x30, 0x30, 0x30, 0x30, 0x30, 0x30, 0x30, 0x30, 0x30, 0x30, 0x30, 0x30, 0x30,
	0x30, 0x30, 0x30, 0x30, 0x30, 0x30, 0x30, 0x30, 0x30, 0x30, 0x30, 0x30, 0x30, 0x30, 0x30, 0x30,
	0x30, 0x30, 0x30, 0x30, 0x30, 0x30, 0x30, 0x30, 0x30, 0x30, 0x30, 0x30, 0x30, 0x30, 0x30, 0x30,
	0x30, 0x30, 0x30, 0x30, 0x30, 0x30, 0x30, 0x30, 0x30, 0x30, 0x30, 0x30, 0x30, 0x30, 0x30, 0x30,
	0x30, 0x30, 0x30, 0x30, 0x30, 0x30, 0x30, 0x30, 0x30, 0x30, 0x30, 0x30, 0x30, 0x30, 0x30, 0x30,
	0x30, 0x30, 0x30, 0x30, 0x30, 0x30, 0x30, 0x30, 0x30, 0x30, 0x30, 0x30, 0x30, 0x30, 0x30, 0x30,
	0x30, 0x30, 0x30, 0x30, 0x30, 0x30, 0x30, 0x30, 0x30, 0x30, 0x30, 0x30, 0x30, 0x30, 0x30, 0x30,
	0x30, 0x30, 0x30, 0x30, 0x30, 0x30, 0x30, 0x30, 0x30, 0x30, 0x30, 0x30, 0x30, 0x30, 0x30, 0x30,
	0x30, 0x30, 0x30, 0x30, 0x30, 0x30, 0x30, 0x30, 0x30, 0x30, 0x30, 0x30, 0x30, 0x30, 0x30, 0x30,
	0x30, 0x30, 0x30, 0x30, 0x30, 0x30, 0x30, 0x30, 0x30, 0x30, 0x30, 0x30, 0x30, 0x30, 0x30, 0x30,
	0x30, 0x30, 0x30, 0x30, 0x30, 0x30, 0x30, 0x30, 0x30, 0x30, 0x30, 0x30, 0x30, 0x30, 0x30, 0x30,
	0x30, 0x30, 0x30, 0x30, 0x30, 0x30, 0x30, 0x30, 0x30, 0x30, 0x30, 0x30, 0x30, 0x30, 0x30, 0x30,
	0x30, 0x30, 0x30, 0x30, 0x30, 0x30, 0x30, 0x30, 0x30, 0x30, 0x30, 0x30, 0x30, 0x30, 0x30, 0x30,
	0x30, 0x30, 0x30, 0x30, 0x30, 0x30, 0x30, 0x30, 0x30, 0x30, 0x30, 0x30, 0x30, 0x30, 0x30, 0x30,
	0x30, 0x30, 0x30, 0x30, 0x30, 0x30, 0x30, 0x30, 0x30, 0x30, 0x30, 0x30, 0x30, 0x30, 0x30, 0x30,
	0x30, 0x30, 0x30, 0x30, 0x30, 0x30, 0x30, 0x30, 0x30, 0x30, 0x30, 0x30, 0x30, 0x30, 0x30, 0x30,
	0x30, 0x30, 0x30, 0x30, 0x30, 0x30, 0x30, 0x30, 0x30, 0x30, 0x30, 0x30, 0x30, 0x30, 0x30, 0x30,
	0x30, 0x30, 0x30, 0x30, 0x30, 0x30, 0x30, 0x30, 0x30, 0x30, 0x30, 0x30, 0x30, 0x30, 0x30, 0x30,
	0x30, 0x30, 0x30, 0x30, 0x30, 0x30, 0x30, 0x30, 0x30, 0x30, 0x30, 0x30, 0x30, 0x30, 0x30, 0x30,
	0x30, 0x30, 0x30, 0x30, 0x30, 0x30, 0x30, 0x30, 0x30, 0x30, 0x30, 0x30, 0x30, 0x30, 0x30, 0x30,
	0x30, 0x30, 0x30, 0x30, 0x30, 0x30, 0x30, 0x30, 0x30, 0x30, 0x30, 0x30, 0x30, 0x30, 0x30, 0x30,
	0x30, 0x30, 0x30, 0x30, 0x30, 0x30, 0x30, 0x30, 0x30, 0x30, 0x30, 0x30, 0x30, 0x30, 0x30, 0x30,
	0x30, 0x30, 0x30, 0x30, 0x30, 0x30, 0x30, 0x30, 0x30, 0x30, 0x30, 0x30, 0x30, 0x30, 0x30, 0x30,
	0x30, 0x30, 0x30, 0x30, 0x30, 0x30, 0x30, 0x30, 0x30, 0x30, 0x30, 0x30, 0x30, 0x30, 0x30, 0x30,
	0x30, 0x30, 0x30, 0x30, 0x30, 0x30, 0x30, 0x30, 0x30, 0x30, 0x30, 0x30, 0x30, 0x30, 0x30, 0x30,
	0x30, 0x30, 0x30, 0x30, 0x30, 0x30, 0x30, 0x30, 0x30, 0x30, 0x30, 0x30, 0x30, 0x30, 0x30, 0x30,
	0x30, 0x30, 0x30, 0x30, 0x30, 0x30, 0x30, 0x30, 0x30, 0x30, 0x30, 0x30, 0x30, 0x30, 0x30, 0x30,
	0x30, 0x30, 0x30, 0x30, 0x30, 0x30, 0x30, 0x30, 0x30, 0x30, 0x30, 0x30, 0x30, 0x30, 0x30, 0x30,
	0x30, 0x30, 0x30, 0x30, 0x30, 0x30, 0x30, 0x30, 0x30, 0x30, 0x30, 0x30, 0x30, 0x30, 0x30, 0x30,
	0x30, 0x30, 0x30, 0x30, 0x30, 0x30, 0x30, 0x30, 0x30, 0x30, 0x30, 0x30, 0x30, 0x30, 0x30, 0x30,
	0x30, 0x30, 0x30, 0x30, 0x30, 0x30, 0x30, 0x30, 0x30, 0x30, 0x30, 0x30, 0x30, 0x30, 0x30, 0x30,
	0x30, 0x30, 0x30, 0x30, 0x30, 0x30, 0x30, 0x30, 0x30, 0x30, 0x30, 0x30, 0x30, 0x30, 0x30, 0x30,
	0x30, 0x30, 0x30, 0x30, 0x30, 0x30, 0x30, 0x30, 0x30, 0x30, 0x30, 0x30, 0x30, 0x30, 0x30, 0x30,
	0x30, 0x30, 0x30, 0x30, 0x30, 0x30, 0x30, 0x30, 0x30, 0x30, 0x30, 0x30, 0x30, 0x30, 0x30, 0x30,
	0x30, 0x30, 0x30, 0x30, 0x30, 0x30, 0x30, 0x30, 0x30, 0x30, 0x30, 0x30, 0x30, 0x30, 0x30, 0x30,
	0x30, 0x30, 0x30, 0x30, 0x30, 0x30, 0x30, 0x30, 0x30, 0x30, 0x30, 0x30, 0x30, 0x30, 0x30, 0x30,
	0x30, 0x30, 0x30, 0x30, 0x30, 0x30, 0x30, 0x30, 0x30, 0x30, 0x30, 0x30, 0x30, 0x30, 0x30, 0x30,
	0x30, 0x30, 0x30, 0x30, 0x30, 0x30, 0x30, 0x30, 0x30, 0x30, 0x30, 0x30, 0x30, 0x30, 0x30, 0x30,
	0x30, 0x30, 0x30, 0x30, 0x30, 0x30, 0x30, 0x30, 0x30, 0x30, 0x30, 0x30, 0x30, 0x30, 0x30, 0x30,
	0x30, 0x30, 0x30, 0x30, 0x30, 0x30, 0x30, 0x30, 0x30, 0x30, 0x30, 0x30, 0x30, 0x30, 0x30, 0x30,
	0x30, 0x30, 0x30, 0x30, 0x30, 0x30, 0x30, 0x30, 0x30, 0x30, 0x30, 0x30, 0x30, 0x30, 0x30, 0x30,
	0x30, 0x30, 0x30, 0x30, 0x30, 0x30, 0x30, 0x30, 0x30, 0x30, 0x30, 0x30, 0x30, 0x30, 0x30, 0x30,
	0x30, 0x30, 0x30, 0x30, 0x30, 0x30, 0x30, 0x30, 0x30, 0x30, 0x30, 0x30, 0x30, 0x30, 0x30, 0x30,
	0x30, 0x30, 0x30, 0x30, 0x30, 0x30, 0x30, 0x30, 0x30, 0x30, 0x30, 0x30, 0x30, 0x30, 0x30, 0x30,
	0x30, 0x30, 0x30, 0x30, 0x30, 0x30, 0x30, 0x30, 0x30, 0x30, 0x30, 0x30, 0x30, 0x30, 0x30, 0x30,
	0x30, 0x30, 0x30, 0x30, 0x30, 0x30, 0x30, 0x30, 0x30, 0x30, 0x30, 0x30, 0x30, 0x30, 0x30, 0x30,
	0x30, 0x30, 0x30, 0x30, 0x30, 0x30, 0x30, 0x30, 0x30, 0x30, 0x30, 0x30, 0x30, 0x30, 0x30, 0x30,
	0x30, 0x30, 0x30, 0x30, 0x30, 0x30, 0x30, 0x30, 0x30, 0x30, 0x30, 0x30, 0x30, 0x30, 0x30, 0x30,
	0x30, 0x30, 0x30, 0x30, 0x30, 0x30, 0x30, 0x30, 0x30, 0x30, 0x30, 0x30, 0x30, 0x30, 0x30, 0x30,
	0x30, 0x30, 0x30, 0x30, 0x30, 0x30, 0x30, 0x30, 0x30, 0x30, 0x30, 0x30, 0x30, 0x30, 0x30, 0x30,
	0x30, 0x30, 0x30, 0x30, 0x30, 0x30, 0x30, 0x30, 0x30, 0x30, 0x30, 0x30, 0x30, 0x30, 0x30, 0x30,
	0xf6, 0xf6, 0xf6, 0xf6, 0xf6, 0xf6, 0xf6, 0xf6, 0xf6, 0xf6, 0xf6, 0xf6, 0xf6, 0xf6, 0xf6, 0xf6,
	0xf6, 0xf6, 0xf6, 0xf6, 0xf6, 0xf6, 0xf6, 0xf6, 0xf6, 0xf6, 0xf6, 0xf6, 0xf6, 0xf6, 0xf6, 0xf6,
	0xf6, 0xf6, 0xf6, 0xf6, 0xf6, 0xf6, 0xf6, 0xf6, 0xf6, 0xf6, 0xf6, 0xf6, 0xf6, 0xf6, 0xf6, 0xf6,
	0xf6, 0xf6, 0xf6, 0xf6, 0xf6, 0xf6, 0xf6, 0xf6, 0xf6, 0xf6, 0xf6, 0xf6, 0xf6, 0xf6, 0xf6, 0xf6,
	0xf6, 0xf6, 0xf6, 0xf6, 0xf6, 0xf6, 0xf6, 0xf6, 0xf6, 0xf6, 0xf6, 0xf6, 0xf6, 0xf6, 0xf6, 0xf6,
	0xf6, 0xf6, 0xf6, 0xf6, 0xf6, 0xf6, 0xf6, 0xf6, 0xf6, 0xf6, 0xf6, 0xf6, 0xf6, 0xf6, 0xf6, 0xf6,
	0xf6, 0xf6, 0xf6, 0xf6, 0xf6, 0xf6, 0xf6, 0xf6, 0xf6, 0xf6, 0xf6, 0xf6, 0xf6, 0xf6, 0xf6, 0xf6,
	0xf6, 0xf6, 0xf6, 0xf6, 0xf6, 0xf6, 0xf6, 0xf6, 0xf6, 0xf6, 0xf6, 0xf6, 0xf6, 0xf6, 0xf6, 0xf6,
	0xf6, 0xf6, 0xf6, 0xf6, 0xf6, 0xf6, 0xf6, 0xf6, 0xf6, 0xf6, 0xf6, 0xf6, 0xf6, 0xf6, 0xf6, 0xf6,
	0xf6, 0xf6, 0xf6, 0xf6, 0xf6, 0xf6, 0xf6, 0xf6, 0xf6, 0xf6, 0xf6, 0xf6, 0xf6, 0xf6, 0xf6, 0xf6,
	0xf6, 0xf6, 0xf6, 0xf6, 0xf6, 0xf6, 0xf6, 0xf6, 0xf6, 0xf6, 0xf6, 0xf6, 0xf6, 0xf6, 0xf6, 0xf6,
	0xf6, 0xf6, 0xf6, 0xf6, 0xf6, 0xf6, 0xf6, 0xf6, 0xf6, 0xf6, 0xf6, 0xf6, 0xf6, 0xf6, 0xf6, 0xf6,
	0xf6, 0xf6, 0xf6, 0xf6, 0xf6, 0xf6, 0xf6, 0xf6, 0xf6, 0xf6, 0xf6, 0xf6, 0xf6, 0xf6, 0xf6, 0xf6,
	0xf6, 0xf6, 0xf6, 0xf6, 0xf6, 0xf6, 0xf6, 0xf6, 0xf6, 0xf6, 0xf6, 0xf6, 0xf6, 0xf6, 0xf6, 0xf6,
	0xf6, 0xf6, 0xf6, 0xf6, 0xf6, 0xf6, 0xf6, 0xf6, 0xf6, 0xf6, 0xf6, 0xf6, 0xf6, 0xf6, 0xf6, 0xf6,
	0xf6, 0xf6, 0xf6, 0xf6, 0xf6, 0xf6, 0xf6, 0xf6, 0xf6, 0xf6, 0xf6, 0xf6, 0xf6, 0xf6, 0xf6, 0xf6,
	0xf6, 0xf6, 0xf6, 0xf6, 0xf6, 0xf6, 0xf6, 0xf6, 0xf6, 0xf6, 0xf6, 0xf6, 0xf6, 0xf6, 0xf6, 0xf6,
	0xf6, 0xf6, 0xf6, 0xf6, 0xf6, 0xf6, 0xf6, 0xf6, 0xf6, 0xf6, 0xf6, 0xf6, 0xf6, 0xf6, 0xf6, 0xf6,
	0xf6, 0xf6, 0xf6, 0xf6, 0xf6, 0xf6, 0xf6, 0xf6, 0xf6, 0xf6, 0xf6, 0xf6, 0xf6, 0xf6, 0xf6, 0xf6,
	0xf6, 0xf6, 0xf6, 0xf6, 0xf6, 0xf6, 0xf6, 0xf6, 0xf6, 0xf6, 0xf6, 0xf6, 0xf6, 0xf6, 0xf6, 0xf6,
	0xf6, 0xf6, 0xf6, 0xf6, 0xf6, 0xf6, 0xf6, 0xf6, 0xf6, 0xf6, 0xf6, 0xf6, 0xf6, 0xf6, 0xf6, 0xf6,
	0xf6, 0xf6, 0xf6, 0xf6, 0xf6, 0xf6, 0xf6, 0xf6, 0xf6, 0xf6, 0xf6, 0xf6, 0xf6, 0xb2, 0x30, 0x30,
	0xaa, 0xaa, 0xaa, 0xaa, 0xaa, 0xaa, 0xaa, 0xaa, 0xaa, 0xaa, 0xaa, 0xaa, 0xaa, 0xaa, 0xaa, 0xaa,
	0xaa, 0xaa, 0xaa, 0xaa, 0xaa, 0xaa, 0xaa, 0xaa, 0xaa, 0xaa, 0xaa, 0xaa, 0xaa, 0xaa, 0xaa, 0xaa,
	0x30, 0x30, 0x30, 0x30, 0x30, 0x30, 0x30, 0x30, 0x30, 0x30, 0x30, 0x30, 0x30, 0x30, 0x30, 0x30,
	0x30, 0x30, 0x30, 0x30, 0x30, 0x30, 0x30, 0x30, 0x30, 0x30, 0x30, 0x30, 0x30, 0x30, 0x30, 0x30,
	0x30, 0x30, 0x30, 0x30, 0x30, 0x30, 0x30, 0x30, 0x30, 0x30, 0x30, 0x30, 0x30, 0x30, 0x30, 0x30,
	0x30, 0x30, 0x30, 0x30, 0x30, 0x30, 0x30, 0x30, 0x30, 0x30, 0x30, 0x30, 0x30, 0x30, 0x30, 0x30,
	0x30, 0x30, 0x30, 0x30, 0x30, 0x30, 0x30, 0x30, 0x30, 0x30, 0x30, 0x30, 0x30, 0x30, 0x30, 0x30,
	0x30, 0x30, 0x30, 0x30, 0x30, 0x30, 0x30, 0x30, 0x30, 0x30, 0x30, 0x30, 0x30, 0x30, 0x30, 0x30,
	0x30, 0x30, 0x30, 0x30, 0x30, 0x30, 0x30, 0x30, 0x30, 0x30, 0x30, 0x30, 0x30, 0x30, 0x30, 0x30,
	0x30, 0x30, 0x30, 0x30, 0x30, 0x30, 0x30, 0x30, 0x30, 0x30, 0x30, 0x30, 0x30, 0x30, 0x30, 0x30,
	0x30, 0x30, 0x30, 0x30, 0x30, 0x30, 0x30, 0x30, 0x30, 0x30, 0x30, 0x30, 0x30, 0x30, 0x30, 0x30,
	0x30, 0x30, 0x30, 0x30, 0x30, 0x30, 0x30, 0x30, 0x30, 0x30, 0x30, 0x30, 0x30, 0x30, 0x30, 0x30,
	0x30, 0x30, 0x30, 0x30, 0x30, 0x30, 0x30, 0x30, 0x30, 0x30, 0x30, 0x30, 0x30, 0x30, 0x30, 0x30,
	0x30, 0x30, 0x30, 0x30, 0x30, 0x30, 0x30, 0x30, 0x30, 0x30, 0x30, 0x30, 0x30, 0x30, 0x30, 0x30,
	0x30, 0x30, 0x30, 0x30, 0x30, 0x30, 0x30, 0x30, 0x30, 0x30, 0x30, 0x30, 0x30, 0x30, 0x30, 0x30,
	0x30, 0x30, 0x30, 0x30, 0x30, 0x30, 0x30, 0x30, 0x30, 0x30, 0x30, 0x30, 0x30, 0x30, 0x30, 0x30,
	0x30, 0x30, 0x30, 0x30, 0x30, 0x30, 0x30, 0x30, 0x30, 0x30, 0x30, 0x30, 0x30, 0x30, 0x30, 0x30,
	0x30, 0x30, 0x30, 0x30, 0x30, 0x30, 0x30, 0x30, 0x30, 0x30, 0x30, 0x30, 0x30, 0x30, 0x30, 0x30,
	0x30, 0x30, 0x30, 0x30, 0x30, 0x30, 0x30, 0x30, 0x30, 0x30, 0x30, 0x30, 0x30, 0x30, 0x30, 0x30,
	0x30, 0x30, 0x30, 0x30, 0x30, 0x30, 0x30, 0x30, 0x30, 0x30, 0x30, 0x30, 0x30, 0x30, 0x30, 0x30,
	0x30, 0x30, 0x30, 0x30, 0x30, 0x30, 0x30, 0x30, 0x30, 0x30, 0x30, 0x30, 0x30, 0x30, 0x30, 0x30,
	0x30, 0x30, 0x30, 0x30, 0x30, 0x30, 0x30, 0x30, 0x30, 0x30, 0x30, 0x30, 0x30, 0x30, 0x30, 0x30,
	0x80, 0x80, 0xc0, 0x100, 0x140, 0x180, 0x1c0, 0x1f8, 0x238, 0xc0, 0x268, 0xc0, 0xc0, 0xc0, 0xc0, 0xc0,
	0xc0, 0xc0, 0xc0, 0xc0, 0xc0, 0xc0, 0xc0, 0xc0, 0xc0, 0xc0, 0xc0, 0xc0, 0xc0, 0xc0, 0xc0, 0xc0
};

static constexpr uint32_t s_coll_seTrieData[1020] = {
	0xcb, 0x0, 0x0, 0x0, 0x0, 0x0, 0x0, 0x0,
	0x0, 0x3040505, 0x3060505, 0x3080505, 0x30a0505, 0x30c0505, 0x0, 0x0,
	0x0, 0x0, 0x0, 0x0, 0x0, 0x0, 0x0, 0x0,
	0x0, 0x0, 0x0, 0x0, 0x0, 0x0, 0x0, 0x0,
	0x4000505, 0x75a0505, 0x9760505, 0xa940505, 0xda90505, 0xa960505, 0xa8e0505, 0x9700505,
	0x97c0505, 0x97e0505, 0xa7e0505, 0xc7b0505, 0x6000505, 0x50e0505, 0x8000505, 0xa880505,
	0x1a00ca, 0x1a21ca, 0x1a42ca, 0x1a63ca, 0x1a84ca, 0x1aa5ca, 0x1ac6ca, 0x1ae7ca,
	0x1b08ca, 0x1b29ca, 0x7360505, 0x72a0505, 0xc850505, 0xc870505, 0xc890505, 0x7640505,
	0xa7c0505, 0x6c9, 0x2d00059c, 0x2a6c9, 0x3100059c, 0x3300059c, 0x3500059c, 0x366c9,
	0x3900059c, 0x3b00059c, 0x3d00059c, 0x426c9, 0x4100059c, 0x4300059c, 0x506c9, 0x6e6c9,
	0x4900059c, 0x4b00059c, 0x4d00059c, 0x926c9, 0x5100059c, 0xa06c9, 0x5500059c, 0x570005a0,
	0x5900059c, 0x5b00059c, 0xba6c9, 0x9800505, 0xa8a0505, 0x9820505, 0xc0a0505, 0x50a0505,
	0xc040505, 0xc66c9, 0x2d000505, 0xf86c9, 0x31000505, 0x33000505, 0x35000505, 0x1046c9,
	0x39000505, 0x3b000505, 0x3d000505, 0x1106c9, 0x41000505, 0x43000505, 0x11e6c9, 0x13c6c9,
	0x49000505, 0x4b000505, 0x4d000505, 0x1626c9, 0x51000505, 0x1706c9, 0x55000505, 0x57000505,
	0x59000505, 0x5b000505, 0x18c6c9, 0x9840505, 0xc8d0505, 0x9860505, 0xc910505, 0x0,
	0xfffd0505, 0xfffd0505, 0xfffd0505, 0xfffd0505, 0xfffd0505, 0xfffd0505, 0xfffd0505, 0xfffd0505,
	0xfffd0505, 0xfffd0505, 0xfffd0505, 0xfffd0505, 0xfffd0505, 0xfffd0505, 0xfffd0505, 0xfffd0505,
	0xfffd0505, 0xfffd0505, 0xfffd0505, 0xfffd0505, 0xfffd0505, 0xfffd0505, 0xfffd0505, 0xfffd0505,
	0xfffd0505, 0xfffd0505, 0xfffd0505, 0xfffd0505, 0xfffd0505, 0xfffd0505, 0xfffd0505, 0xfffd0505,
	0xfffd0505, 0xfffd0505, 0xfffd0505, 0xfffd0505, 0xfffd0505, 0xfffd0505, 0xfffd0505, 0xfffd0505,
	0xfffd0505, 0xfffd0505, 0xfffd0505, 0xfffd0505, 0xfffd0505, 0xfffd0505, 0xfffd0505, 0xfffd0505,
	0xfffd0505, 0xfffd0505, 0xfffd0505, 0xfffd0505, 0xfffd0505, 0xfffd0505, 0xfffd0505, 0xfffd0505,
	0xfffd0505, 0xfffd0505, 0xfffd0505, 0xfffd0505, 0xfffd0505, 0xfffd0505, 0xfffd0505, 0xfffd0505,
	0xc0, 0xc0, 0xc0, 0xc0, 0xc0, 0xc0, 0xc0, 0xc0,
	0xc0, 0xc0, 0xc0, 0xc0, 0xc0, 0xc0, 0xc0, 0xc0,
	0xc0, 0xc0, 0xc0, 0xc0, 0xc0, 0xc0, 0xc0, 0xc0,
	0xc0, 0xc0, 0xc0, 0xc0, 0xc0, 0xc0, 0xc0, 0xc0,
	0xc0, 0xc0, 0xc0, 0xc0, 0xc0, 0xc0, 0xc0, 0xc0,
	0xc0, 0xc0, 0xc0, 0xc0, 0xc0, 0xc0, 0xc0, 0xc0,
	0xc0, 0xc0, 0xc0, 0xc0, 0xc0, 0xc0, 0xc0, 0xc0,
	0xc0, 0xc0, 0xc0, 0xc0, 0xc0, 0xc0, 0xc0, 0xc0,
	0x2b9c8ac4, 0x2c1f0586, 0x2b9c8ec4, 0x1c6, 0x41c6, 0x61c6, 0x201c6, 0x19a6c9,
	0x339c8ac4, 0x339c88c4, 0x339c8ec4, 0x339c96c4, 0x3b9c8ac4, 0x3b9c88c4, 0x3b9c8ec4, 0x3b9c96c4,
	0x321f4686, 0x46274786, 0x479c8ac4, 0x479c88c4, 0x81c6, 0xa1c6, 0xc1c6, 0xc830505,
	0x221c6, 0x539c8ac4, 0x539c88c4, 0x539c8ec4, 0x5b004686, 0x5b9c88c4, 0x521f4686, 0x19c2c5,
	0x2b058ac4, 0x2c1f0505, 0x2b058ec4, 0x141c6, 0x5e7906c1, 0x5e7905c1, 0x5e7904c1, 0x1a66c9,
	0x33058ac4, 0x330588c4, 0x33058ec4, 0x330596c4, 0x3b058ac4, 0x3b0588c4, 0x3b058ec4, 0x3b0596c4,
	0x321f4605, 0x46274705, 0x47058ac4, 0x470588c4, 0x181c6, 0x1a1c6, 0x5e7907c1, 0xc810505,
	0x5e7903c1, 0x53058ac4, 0x530588c4, 0x53058ec4, 0x5b004605, 0x5b0588c4, 0x521f4605, 0x5b0596c4,
	0xc0, 0xc0, 0xc0, 0xc0, 0x1b26c9, 0x1e06c9, 0xc0, 0xc0,
	0xc0, 0xc0, 0xc0, 0xc0, 0x30170586, 0x30170505, 0xc0, 0xc0,
	0x321f0586, 0x321f0505, 0xc0, 0xc0, 0xc0, 0xc0, 0xc0, 0xc0,
	0xc0, 0xc0, 0xc0, 0xc0, 0xc0, 0xc0, 0xc0, 0xc0,
	0xc0, 0xc0, 0x20e6c9, 0x21a6c9, 0xc0, 0xc0, 0xc0, 0xc0,
	0xc0, 0xc0, 0xc0, 0xc0, 0xc0, 0xc0, 0xc0, 0xc0,
	0xc0, 0xc0, 0xc0, 0xc0, 0xc0, 0xc0, 0x2266c9, 0x2326c9,
	0xc0, 0xc0, 0xc0, 0xc0, 0xc0, 0xc0, 0xc0, 0xc0,
	0xc0, 0xc0, 0xc0, 0x46274686, 0x46274605, 0x23e6c9, 0x2566c9, 0xc0,
	0xc0, 0xc0, 0x46270586, 0x46270505, 0xc0, 0xc0, 0xc0, 0xc0,
	0xe1c6, 0x1c1c6, 0x3c1c6, 0x3e1c6, 0xc0, 0xc0, 0xc0, 0xc0,
	0xc0, 0xc0, 0xc0, 0xc0, 0xc0, 0xc0, 0x26e6c9, 0x27a6c9,
	0x502f0586, 0x502f0505, 0xc0, 0xc0, 0xc0, 0xc0, 0x521f0586, 0x521f0505,
	0xc0, 0xc0, 0xc0, 0xc0, 0xc0, 0xc0, 0xc0, 0xc0,
	0x5b004786, 0x5b004705, 0x2866c9, 0x2986c9, 0xc0, 0xc0, 0xc0, 0xc0,
	0xc0, 0xc0, 0xc0, 0xc0, 0xc0, 0x121c6, 0x5e7902c1, 0xc0,
	0xc0, 0xc0, 0xc0, 0xc0, 0xc0, 0xc0, 0xc0, 0xc0,
	0xc0, 0xc0, 0xc0, 0xc0, 0xc0, 0xc0, 0xc0, 0xc0,
	0xc0, 0xc0, 0xc0, 0xc0, 0xc0, 0xc0, 0xc0, 0xc0,
	0xc0, 0xc0, 0xc0, 0xc0, 0xc0, 0xc0, 0xc0, 0xc0,
	0x2aa6c9, 0x2c86c9, 0xc0, 0xc0, 0xc0, 0xc0, 0xc0, 0xc0,
	0xc0, 0xc0, 0xc0, 0xc0, 0xc0, 0xc0, 0xc0, 0x2e66c9,
	0x2f86c9, 0xc0, 0xc0, 0xc0, 0xc0, 0xc0, 0xc0, 0x30a6c9,
	0xc0, 0xc0, 0xc0, 0xc0, 0xc0, 0xc0, 0xc0, 0xc0,
	0xc0, 0xc0, 0xc0, 0xc0, 0xc0, 0xc0, 0xc0, 0xc0,
	0xc0, 0xc0, 0xc0, 0xc0, 0xc0, 0x6e2c5, 0x722c5, 0x22c5,
	0x62c5, 0x762c5, 0x7a2c5, 0x7e2c5, 0x822c5, 0xc0, 0x5c2c6, 0x862c5,
	0x602c6, 0x642c6, 0x682c6, 0x8a2c5, 0x38220586, 0x38220505, 0x38210586, 0x38210505,
	0x40190586, 0x40190505, 0x3166c9, 0x3346c9, 0x882c6, 0x8c2c6, 0x30190586, 0x30190505,
	0xc0, 0xc0, 0xc0, 0xc0, 0xc0, 0xc0, 0xc0, 0xc0,
	0xc0, 0xc0, 0x902c6, 0x922c5, 0x942c6, 0x962c5, 0x982c6, 0x9a2c5,
	0xc0, 0xc0, 0xc0, 0xc0, 0xc0, 0xc0, 0xc0, 0xc0,
	0xc0, 0xc0, 0xc0, 0xc0, 0xc0, 0xc0, 0xc0, 0xc0,
	0xc0, 0xc0, 0xc0, 0xc0, 0xc0, 0xc0, 0xc0, 0xc0,
	0x3526c9, 0x35e6c9, 0xc0, 0xc0, 0xc0, 0xc0, 0xc0, 0xc0,
	0xc0, 0xc0, 0xc0, 0xc0, 0xc0, 0xc0, 0x21c6, 0x161c6,
	0xc0, 0xc0, 0x9c2c6, 0xa62c5, 0xa02c6, 0xa42c6, 0xc0, 0xc0,
	0xc0, 0xc0, 0xc0, 0xc0, 0xc0, 0xc0, 0xc0, 0xc0,
	0xc0, 0xc0, 0xc0, 0xc0, 0xc0, 0xc0, 0xc0, 0xc0,
	0xc0, 0xc0, 0x36a6c9, 0xc0, 0xc0, 0xc0, 0xc0, 0xc0,
	0xc0, 0xc0, 0xc0, 0xc0, 0xc0, 0xc0, 0xc0, 0xc0,
	0xc0, 0xc0, 0xc0, 0xc0, 0xc0, 0xc0, 0xc0, 0xc0,
	0xc0, 0xc0, 0xc0, 0xc0, 0xc0, 0xc0, 0xc0, 0xc0,
	0xc0, 0xc0, 0xc0, 0xc0, 0xc0, 0xc0, 0xc0, 0xc0,
	0xc0, 0xc0, 0xc0, 0xc0, 0xc0, 0xc0, 0xc0, 0xc0,
	0x1cd, 0x1cd, 0x1cd, 0x1cd, 0x1cd, 0x1cd, 0x1cd, 0x1cd,
	0x1cd, 0x1cd, 0x1cd, 0x1cd, 0x1cd, 0x1cd, 0x1cd, 0x1cd,
	0x1cd, 0x1cd, 0x1cd, 0x1cd, 0x1cd, 0x1cd, 0x1cd, 0x1cd,
	0x1cd, 0x1cd, 0x1cd, 0x1cd, 0x1cd, 0x1cd, 0x1cd, 0x1cd,
	0x1cc, 0x1cc, 0x1cc, 0x1cc, 0xc0, 0xc0, 0xc0, 0xc0,
	0xc0, 0xc0, 0xc0, 0xc0, 0xc0, 0xc0, 0xc0, 0xc0,
	0xc0, 0xc0, 0xc0, 0xc0, 0xc0, 0xc0, 0xc0, 0xc0,
	0xc0, 0xc0, 0xc0, 0xc0, 0xc0, 0xc0, 0xc0, 0xc0,
	0x3766c9, 0x3a46c9, 0xc0, 0xc0, 0xc0, 0xc0, 0xc0, 0xc0,
	0xc0, 0xc0, 0xc0, 0xc0, 0xc0, 0xc0, 0xc0, 0xc0,
	0xc0, 0xc0, 0xc0, 0xc0, 0xc0, 0xc0, 0xc0, 0xc0,
	0xc0, 0xc0, 0xc0, 0xc0, 0xc0, 0xc0, 0xc0, 0xc0,
	0xc0, 0xc0, 0x3d26c9, 0x3de6c9, 0x3ea6c9, 0x3f66c9, 0xc0, 0xc0,
	0xc0, 0xc0, 0xc0, 0xc0, 0xc0, 0xc0, 0xc0, 0xc0,
	0xc0, 0xc0, 0x4026c9, 0x41a6c9, 0x4326c9, 0x44a6c9, 0x4626c9, 0x47a6c9,
	0xc02c6, 0xc42c6, 0xc82c6, 0xcc2c6, 0xc0, 0xc0, 0xc0, 0xc0,
	0xc0, 0xc0, 0xc0, 0xc0, 0xc0, 0xc0, 0xc0, 0xc0,
	0xc0, 0xc0, 0xc0, 0xc0, 0xc0, 0xc0, 0x4926c9, 0x49e6c9,
	0xc0, 0xc0, 0x1022c5, 0x1062c5, 0xc0, 0xc0, 0xc0, 0xc0,
	0xc0, 0xc0, 0xc0, 0xc0, 0xc0, 0xc0, 0x4aa6c9, 0x4bc6c9,
	0x4ce6c9, 0x4e06c9, 0x4f26c9, 0x5046c9, 0xc0, 0xc0, 0xc0, 0xc0,
	0xc0, 0xc0, 0xc0, 0xc0, 0xc0, 0xc0, 0xc0, 0xc0,
	0xc0, 0xc0, 0xc0, 0xc0, 0xc0, 0xc0, 0x5166c9, 0x5226c9,
	0x52e6c9, 0x53a6c9, 0xc0, 0xc0, 0xc0, 0xc0, 0xc0, 0xc0,
	0xc0, 0xc0, 0xc0, 0xc0, 0x5466c9, 0x5746c9, 0xc0, 0xc0,
	0xc0, 0xc0, 0xc0, 0xc0, 0xc0, 0xc0, 0xc0, 0xc0,
	0xc0, 0xc0, 0xc0, 0xc0, 0xc0, 0xc0, 0xc0, 0xc0,
	0xc0, 0xc0, 0xc0, 0xc0, 0xc0, 0xc0, 0xc0, 0xc0,
	0xc0, 0xc0, 0xc0, 0xc0, 0x5a26c9, 0x5c06c9, 0xc0, 0xc0,
	0x10c2c6, 0x1102c6, 0x1142c6, 0x1182c6, 0x11c2c6, 0x1202c6, 0x1242c6, 0x1282c6,
	0xf02c6, 0x1002c6, 0xc0, 0xc0, 0xc0, 0xc0, 0xc0, 0xc0,
	0x442c6, 0x542c6, 0x5de6c9, 0x5fc6c9, 0x61a6c9, 0x62c6c9, 0xc0, 0xc0,
	0xc0, 0xc0, 0xc0, 0xc0, 0xc0, 0xc0, 0xc0, 0xc0,
	0x63e6c9, 0x6506c9, 0xc0, 0xc0, 0xc0, 0xc0, 0xc0, 0xc0,
	0xc0, 0xc0, 0xc0, 0xc0, 0xc0, 0xc0, 0xc0, 0xc0,
	0xc0, 0xc0, 0x426c9, 0x61c6, 0xc0, 0xc0, 0xc0, 0xc0,
	0xc0, 0xc0, 0xc0, 0xc0, 0xc0, 0xc0, 0xc0, 0xc0,
	0xc0, 0xc0, 0xc0, 0xc0, 0xc0, 0xc0, 0xc0, 0xc0,
	0x1cc, 0x1cc, 0x1cc, 0x1cc, 0x1cc, 0x1cc, 0x1cc, 0x1cc,
	0x1cc, 0x1cc, 0x1cc, 0x1cc, 0x1cc, 0x1cc, 0x1cc, 0x1cc,
	0x1cc, 0x1cc, 0x1cc, 0x1cc, 0x1cc, 0x1cc, 0x1cc, 0x1cc,
	0x1cc, 0x1cc, 0x1cc, 0x1cc, 0x1cc, 0x1cc, 0x1cc, 0x1cc,
	0xc0, 0xc0, 0xc0, 0xc0
};

static constexpr int32_t s_coll_seTrieIndexLength = 2112;
static constexpr int32_t s_coll_seTrieDataLength = 1020;
static constexpr char32_t s_coll_seTrieHighStart = 0xe000;
static constexpr int32_t s_coll_seTrieHighValueIndex = 1016;

static constexpr uint32_t s_coll_seCe32s[218] = {
	0x0, 0x5b004686, 0x8805, 0x5b004605, 0x8805, 0x30170586, 0xa005, 0x30170505,
	0xa005, 0x2c1f0586, 0xa205, 0x2c1f0505, 0xa205, 0x5e7906c1, 0xa205, 0x5e7905c1,
	0xa205, 0x38210586, 0xa005, 0x38210505, 0xa005, 0x40190586, 0xa005, 0x40190505,
	0xa005, 0x46274686, 0xa005, 0x46274786, 0xa005, 0x46274605, 0xa005, 0x46274705,
	0xa005, 0x502f0586, 0xa005, 0x502f0505, 0xa005, 0x5b004686, 0xa205, 0x5b004786,
	0xa205, 0x5b004605, 0xa205, 0x5b004705, 0xa205, 0x5e7907c1, 0xbe05, 0x5b004686,
	0xbe05, 0x5b004786, 0xbe05, 0x5b004605, 0xbe05, 0x5b004705, 0xbe05, 0x5b004686,
	0xa405, 0x5b004605, 0xa405, 0x5b004686, 0x9005, 0x5b004605, 0x9005, 0x5b004686,
	0x8a05, 0x5b004605, 0x8a05, 0x5e7906c1, 0xa405, 0x5e7904c1, 0xa405, 0x5e7907c1,
	0xa205, 0x5e7905c1, 0x8805, 0x5e7904c1, 0x8805, 0x5e7903c1, 0x8805, 0x502f0586,
	0xca05, 0x502f0505, 0xca05, 0x5e7907c1, 0xa405, 0x2c1f0586, 0xc805, 0x2c1f0505,
	0xc805, 0x5e7906c1, 0xc805, 0x5e7905c1, 0xc805, 0x40190586, 0xc405, 0x40190505,
	0xc405, 0x40190586, 0xd205, 0x40190505, 0xd205, 0x46274686, 0xc405, 0x46274786,
	0xc405, 0x46274605, 0xc405, 0x46274705, 0xc405, 0x46274686, 0xd205, 0x46274786,
	0xd205, 0x46274605, 0xd205, 0x46274705, 0xd205, 0x46274686, 0xcc05, 0x46274786,
	0xcc05, 0x46274605, 0xcc05, 0x46274705, 0xcc05, 0x502f0586, 0xc405, 0x502f0505,
	0xc405, 0x502f0586, 0x9c05, 0x502f0505, 0x9c05, 0x5b004686, 0xc605, 0x5b004786,
	0xc605, 0x5b004605, 0xc605, 0x5b004705, 0xc605, 0x5b004686, 0xd005, 0x5b004786,
	0xd005, 0x5b004605, 0xd005, 0x5b004705, 0xd005, 0x5b004686, 0xcc05, 0x5b004786,
	0xcc05, 0x5b004605, 0xcc05, 0x5b004705, 0xcc05, 0x5e7902c1, 0xc405, 0x5e7902c1,
	0xd205, 0x2c1f0586, 0xc405, 0x2c1f0505, 0xc405, 0x5e7906c1, 0xc405, 0x5e7905c1,
	0xc405, 0x5e7907c1, 0xc405, 0x4700059c, 0xbe05, 0xc405, 0x47000505, 0xbe05,
	0xc405, 0x5e7907c1, 0xbe05, 0xc405, 0x5b004686, 0xc405, 0x5b004786, 0xc405,
	0x5b004605, 0xc405, 0x5b004705, 0xc405, 0x5300059c, 0xbe05, 0xc405, 0x5b004686,
	0xbe05, 0xc405, 0x5b004786, 0xbe05, 0xc405, 0x53000505, 0xbe05, 0xc405,
	0x5b004605, 0xbe05, 0xc405, 0x5b004705, 0xbe05, 0xc405, 0x4f007005, 0x4f000513,
	0x12000505, 0x14000505, 0x16000505, 0x18000505, 0x1a000505, 0x1c000505, 0x1e000505, 0x20000505,
	0x22000505, 0x24000505
};

static constexpr int64_t s_coll_seCes[171] = {
	int64_t(0x5e79060046008600ULL), int64_t(0x5e79050046008600ULL), int64_t(0x5e79060005008600ULL), int64_t(0x5e79050005008600ULL), int64_t(0x5e79070048008600ULL),
	int64_t(0x5e79070047008600ULL), int64_t(0x5e79070005008600ULL), int64_t(0x5e79070046008600ULL), int64_t(0x5e79070049008600ULL), int64_t(0x5e79020005008600ULL),
	int64_t(0x5e79060046000500ULL), int64_t(0x5e79050046000500ULL), int64_t(0x5e79070048000500ULL), int64_t(0x5e79070047000500ULL), int64_t(0x5e79070046000500ULL),
	int64_t(0x5e79070049000500ULL), int64_t(0x5e79040005008600ULL), int64_t(0x5e79030005008600ULL), int64_t(0x5e79060046008600ULL), int64_t(0xa2000500ULL),
	int64_t(0x5e79050046008600ULL), int64_t(0xa2000500ULL), int64_t(0x5e79060005008600ULL), int64_t(0xa2000500ULL), int64_t(0x5e79050005008600ULL),
	int64_t(0xa2000500ULL), int64_t(0x5e79060046000500ULL), int64_t(0xa2000500ULL), int64_t(0x5e79050046000500ULL), int64_t(0xa2000500ULL),
	int64_t(0x5e79030046008600ULL), int64_t(0x5e79030046000500ULL), int64_t(0x5e79070048008600ULL), int64_t(0xbe000500ULL), int64_t(0x5e79070047008600ULL),
	int64_t(0xbe000500ULL), int64_t(0x5e79070005008600ULL), int64_t(0xbe000500ULL), int64_t(0x5e79070046008600ULL), int64_t(0xbe000500ULL),
	int64_t(0x5e79070048000500ULL), int64_t(0xbe000500ULL), int64_t(0x5e79070047000500ULL), int64_t(0xbe000500ULL), int64_t(0x5e79070046000500ULL),
	int64_t(0xbe000500ULL), int64_t(0x5e79060005008600ULL), int64_t(0xa4000500ULL), int64_t(0x5e79050046008600ULL), int64_t(0xa4000500ULL),
	int64_t(0x5e79050046000500ULL), int64_t(0xa4000500ULL), int64_t(0x5e79040005008600ULL), int64_t(0xa4000500ULL), int64_t(0x5e79070048008600ULL),
	int64_t(0xa2000500ULL), int64_t(0x5e79070047008600ULL), int64_t(0xa2000500ULL), int64_t(0x5e79070005008600ULL), int64_t(0xa2000500ULL),
	int64_t(0x5e79070046008600ULL), int64_t(0xa2000500ULL), int64_t(0x5e79070048000500ULL), int64_t(0xa2000500ULL), int64_t(0x5e79070047000500ULL),
	int64_t(0xa2000500ULL), int64_t(0x5e79070046000500ULL), int64_t(0xa2000500ULL), int64_t(0x5e79070049008600ULL), int64_t(0xa4000500ULL),
	int64_t(0x5e79070049000500ULL), int64_t(0xa4000500ULL), int64_t(0x5e79050005008600ULL), int64_t(0x88000500ULL), int64_t(0x5e79040005008600ULL),
	int64_t(0x88000500ULL), int64_t(0x5e79030005008600ULL), int64_t(0x88000500ULL), int64_t(0x5e79070005008600ULL), int64_t(0xa4000500ULL),
	int64_t(0x5e79070047008600ULL), int64_t(0xa4000500ULL), int64_t(0x5e79070047000500ULL), int64_t(0xa4000500ULL), int64_t(0x5e79060046008600ULL),
	int64_t(0xc8000500ULL), int64_t(0x5e79050046008600ULL), int64_t(0xc8000500ULL), int64_t(0x5e79060005008600ULL), int64_t(0xc8000500ULL),
	int64_t(0x5e79050005008600ULL), int64_t(0xc8000500ULL), int64_t(0x5e79060046000500ULL), int64_t(0xc8000500ULL), int64_t(0x5e79050046000500ULL),
	int64_t(0xc8000500ULL), int64_t(0x5e79070047008600ULL), int64_t(0x88000500ULL), int64_t(0x5e79070047000500ULL), int64_t(0x88000500ULL),
	int64_t(0x5e79070047008600ULL), int64_t(0x96000500ULL), int64_t(0x5e79070047000500ULL), int64_t(0x96000500ULL), int64_t(0x5e79020005008600ULL),
	int64_t(0xc4000500ULL), int64_t(0x5e79020005008600ULL), int64_t(0xd2000500ULL), int64_t(0x5e79060046008600ULL), int64_t(0xc4000500ULL),
	int64_t(0x5e79050046008600ULL), int64_t(0xc4000500ULL), int64_t(0x5e79060005008600ULL), int64_t(0xc4000500ULL), int64_t(0x5e79050005008600ULL),
	int64_t(0xc4000500ULL), int64_t(0x5e79060046000500ULL), int64_t(0xc4000500ULL), int64_t(0x5e79050046000500ULL), int64_t(0xc4000500ULL),
	int64_t(0x5e79070048008600ULL), int64_t(0xc4000500ULL), int64_t(0x5e79070047008600ULL), int64_t(0xc4000500ULL), int64_t(0x5e79070005008600ULL),
	int64_t(0xc4000500ULL), int64_t(0x5e79070046008600ULL), int64_t(0xc4000500ULL), int64_t(0x5e79070048000500ULL), int64_t(0xc4000500ULL),
	int64_t(0x5e79070047000500ULL), int64_t(0xc4000500ULL), int64_t(0x5e79070046000500ULL), int64_t(0xc4000500ULL), int64_t(0x5e79070048008600ULL),
	int64_t(0x88000500ULL), int64_t(0x5e79070048000500ULL), int64_t(0x88000500ULL), int64_t(0x5e79070048008600ULL), int64_t(0x8a000500ULL),
	int64_t(0x5e79070048000500ULL), int64_t(0x8a000500ULL), int64_t(0x5e79070048008600ULL), int64_t(0xb6000500ULL), int64_t(0x5e79070048000500ULL),
	int64_t(0xb6000500ULL), int64_t(0x5e79070048008600ULL), int64_t(0x9a000500ULL), int64_t(0x5e79070048000500ULL), int64_t(0x9a000500ULL),
	int64_t(0x5e79070048008600ULL), int64_t(0xbe000500ULL), int64_t(0xc4000500ULL), int64_t(0x5e79070047008600ULL), int64_t(0xbe000500ULL),
	int64_t(0xc4000500ULL), int64_t(0x5e79070005008600ULL), int64_t(0xbe000500ULL), int64_t(0xc4000500ULL), int64_t(0x5e79070046008600ULL),
	int64_t(0xbe000500ULL), int64_t(0xc4000500ULL), int64_t(0x5e79070048000500ULL), int64_t(0xbe000500ULL), int64_t(0xc4000500ULL),
	int64_t(0x5e79070047000500ULL), int64_t(0xbe000500ULL), int64_t(0xc4000500ULL), int64_t(0x5e79070046000500ULL), int64_t(0xbe000500ULL),
	int64_t(0xc4000500ULL)
};

static constexpr char16_t s_coll_seContexts[817] = {
	0x2b00, 0x59c, 0x5, 0x308, 0x9, 0x308, 0xc000, 0x41c6, 0x30a, 0xc000, 0x61c6, 0x341,
	0xec1f, 0x586, 0x301, 0xec1f, 0x586, 0x303, 0x81c6, 0x307, 0xa1c6, 0x2f00, 0x59c, 0x30,
	0x30c, 0xf017, 0x586, 0x3700, 0x59c, 0x30, 0x30c, 0xf821, 0x586, 0x3f00, 0x59c, 0x30,
	0x30c, 0xffff, 0x4019, 0x586, 0x4500, 0x59c, 0x2, 0x301, 0xffff, 0x4627, 0x4686, 0x303,
	0xffff, 0x4627, 0x4786, 0x341, 0xffff, 0x4627, 0x4686, 0x4700, 0x59c, 0x4, 0x302, 0xc000,
	0x81c6, 0x303, 0xc000, 0xa1c6, 0x308, 0xc000, 0xc1c6, 0x30b, 0xc000, 0xe1c6, 0x328, 0xc001,
	0x1c6, 0x4f00, 0x59c, 0x30, 0x30c, 0xffff, 0x502f, 0x586, 0x5300, 0x59c, 0x2, 0x308,
	0xffff, 0x5b00, 0x4686, 0x30b, 0xffff, 0x5b00, 0x4786, 0x344, 0xa2c5, 0x5d00, 0x59c, 0x30,
	0x30c, 0xc001, 0x21c6, 0x2b00, 0x505, 0x5, 0x308, 0xb, 0x308, 0xffff, 0x5e79, 0x6c1,
	0x30a, 0xffff, 0x5e79, 0x5c1, 0x341, 0xec1f, 0x505, 0x301, 0xec1f, 0x505, 0x303, 0xc001,
	0x41c6, 0x307, 0xc001, 0x61c6, 0x2f00, 0x505, 0x30, 0x30c, 0xf017, 0x505, 0x3700, 0x505,
	0x30, 0x30c, 0xf821, 0x505, 0x3f00, 0x505, 0x30, 0x30c, 0xffff, 0x4019, 0x505, 0x4500,
	0x505, 0x2, 0x301, 0xffff, 0x4627, 0x4605, 0x303, 0xffff, 0x4627, 0x4705, 0x341, 0xffff,
	0x4627, 0x4605, 0x4700, 0x505, 0x4, 0x302, 0xc001, 0x81c6, 0x303, 0xc001, 0xa1c6, 0x308,
	0xffff, 0x5e79, 0x7c1, 0x30b, 0xc001, 0xc1c6, 0x328, 0xc001, 0xe1c6, 0x4f00, 0x505, 0x30,
	0x30c, 0xffff, 0x502f, 0x505, 0x5300, 0x505, 0x2, 0x308, 0xffff, 0x5b00, 0x4605, 0x30b,
	0xffff, 0x5b00, 0x4705, 0x344, 0xc000, 0x62c5, 0x5d00, 0x505, 0x30, 0x30c, 0xffff, 0x5e79,
	0x2c1, 0x2f9c, 0xa0c4, 0x30, 0x30c, 0xc000, 0xa2c5, 0x2f05, 0xa0c4, 0x30, 0x30c, 0xc000,
	0xe2c5, 0x2b9c, 0xa2c4, 0x5, 0x308, 0x9, 0x308, 0xc002, 0xc2c6, 0x30a, 0xc003, 0x2c6,
	0x341, 0xc001, 0x22c5, 0x301, 0xc001, 0x22c5, 0x303, 0xc002, 0x42c6, 0x307, 0xc002, 0x82c6,
	0x2b05, 0xa2c4, 0x5, 0x308, 0x9, 0x308, 0xc001, 0xa2c5, 0x30a, 0xc001, 0xe2c5, 0x341,
	0xc001, 0x62c5, 0x301, 0xc001, 0x62c5, 0x303, 0xc003, 0x42c6, 0x307, 0xc003, 0x82c6, 0x379c,
	0xa0c4, 0x30, 0x30c, 0xc002, 0x22c5, 0x3705, 0xa0c4, 0x30, 0x30c, 0xc002, 0x62c5, 0x3f9c,
	0xa0c4, 0x30, 0x30c, 0xc002, 0xa2c5, 0x3f05, 0xa0c4, 0x30, 0x30c, 0xc002, 0xe2c5, 0x459c,
	0xa0c4, 0x2, 0x301, 0xc003, 0x22c5, 0x303, 0xc003, 0x62c5, 0x341, 0xc003, 0x22c5, 0x4505,
	0xa0c4, 0x2, 0x301, 0xc003, 0xa2c5, 0x303, 0xc003, 0xe2c5, 0x341, 0xc003, 0xa2c5, 0x4f9c,
	0xa0c4, 0x30, 0x30c, 0xc004, 0x22c5, 0x4f05, 0xa0c4, 0x30, 0x30c, 0xc004, 0x62c5, 0x539c,
	0xa2c4, 0x1, 0x308, 0xc004, 0xa2c5, 0x30b, 0xc004, 0xe2c5, 0x5305, 0xa2c4, 0x1, 0x308,
	0xc005, 0x22c5, 0x30b, 0xc005, 0x62c5, 0x479c, 0xbec4, 0x3, 0x302, 0xc004, 0x2c6, 0x303,
	0xc004, 0x42c6, 0x308, 0xc004, 0x82c6, 0x30b, 0xc004, 0xc2c6, 0x4705, 0xbec4, 0x3, 0x302,
	0xc005, 0x2c6, 0x303, 0xc005, 0x42c6, 0x308, 0xc005, 0xa2c5, 0x30b, 0xc005, 0x82c6, 0x539c,
	0xbec4, 0x1, 0x308, 0xc005, 0xe2c5, 0x30b, 0xc006, 0x22c5, 0x5305, 0xbec4, 0x1, 0x308,
	0xc006, 0x62c5, 0x30b, 0xc006, 0xa2c5, 0x3018, 0x586, 0x30, 0x30c, 0xf019, 0x586, 0x1,
	0x1c6, 0x3, 0x302, 0xc006, 0xc2c6, 0x303, 0xc007, 0x2c6, 0x308, 0xc007, 0x42c6, 0x30b,
	0xc007, 0x82c6, 0x1, 0xe1c6, 0x3, 0x302, 0xc007, 0xc2c6, 0x303, 0xc008, 0x2c6, 0x308,
	0xc008, 0xe2c5, 0x30b, 0xc008, 0x42c6, 0x4f9c, 0xcac4, 0x30, 0x30c, 0xc009, 0xe2c5, 0x4f05,
	0xcac4, 0x30, 0x30c, 0xc00a, 0x22c5, 0x3018, 0x505, 0x30, 0x30c, 0xf019, 0x505, 0x2b9c,
	0xc8c4, 0x5, 0x308, 0x9, 0x308, 0xc00b, 0x2c6, 0x30a, 0xc00b, 0x42c6, 0x341, 0xc00a,
	0xa2c5, 0x301, 0xc00a, 0xa2c5, 0x303, 0xc00a, 0x82c6, 0x307, 0xc00a, 0xc2c6, 0x2b05, 0xc8c4,
	0x5, 0x308, 0x9, 0x308, 0xc00b, 0x22c5, 0x30a, 0xc00b, 0x62c5, 0x341, 0xc00a, 0xe2c5,
	0x301, 0xc00a, 0xe2c5, 0x303, 0xc00b, 0x82c6, 0x307, 0xc00b, 0xc2c6, 0x3f9c, 0xc4c4, 0x30,
	0x30c, 0xc00b, 0xa2c5, 0x3f05, 0xc4c4, 0x30, 0x30c, 0xc00b, 0xe2c5, 0x3f9c, 0xd2c4, 0x30,
	0x30c, 0xc00c, 0x22c5, 0x3f05, 0xd2c4, 0x30, 0x30c, 0xc00c, 0x62c5, 0x459c, 0xc4c4, 0x2,
	0x301, 0xc00c, 0xa2c5, 0x303, 0xc00c, 0xe2c5, 0x341, 0xc00c, 0xa2c5, 0x4505, 0xc4c4, 0x2,
	0x301, 0xc00d, 0x22c5, 0x303, 0xc00d, 0x62c5, 0x341, 0xc00d, 0x22c5, 0x459c, 0xd2c4, 0x2,
	0x301, 0xc00d, 0xa2c5, 0x303, 0xc00d, 0xe2c5, 0x341, 0xc00d, 0xa2c5, 0x4505, 0xd2c4, 0x2,
	0x301, 0xc00e, 0x22c5, 0x303, 0xc00e, 0x62c5, 0x341, 0xc00e, 0x22c5, 0x459c, 0xccc4, 0x2,
	0x301, 0xc00e, 0xa2c5, 0x303, 0xc00e, 0xe2c5, 0x341, 0xc00e, 0xa2c5, 0x4505, 0xccc4, 0x2,
	0x301, 0xc00f, 0x22c5, 0x303, 0xc00f, 0x62c5, 0x341, 0xc00f, 0x22c5, 0x4f9c, 0xc4c4, 0x30,
	0x30c, 0xc00f, 0xa2c5, 0x4f05, 0xc4c4, 0x30, 0x30c, 0xc00f, 0xe2c5, 0x539c, 0xc6c4, 0x1,
	0x308, 0xc010, 0xa2c5, 0x30b, 0xc010, 0xe2c5, 0x5305, 0xc6c4, 0x1, 0x308, 0xc011, 0x22c5,
	0x30b, 0xc011, 0x62c5, 0x539c, 0xd0c4, 0x1, 0x308, 0xc011, 0xa2c5, 0x30b, 0xc011, 0xe2c5,
	0x5305, 0xd0c4, 0x1, 0x308, 0xc012, 0x22c5, 0x30b, 0xc012, 0x62c5, 0x539c, 0xccc4, 0x1,
	0x308, 0xc012, 0xa2c5, 0x30b, 0xc012, 0xe2c5, 0x5305, 0xccc4, 0x1, 0x308, 0xc013, 0x22c5,
	0x30b, 0xc013, 0x62c5, 0x5d9c, 0xc4c4, 0x30, 0x30c, 0xc00d, 0x2c6, 0x5d05, 0xc4c4, 0x30,
	0x30c, 0xc013, 0xa2c5, 0x5d9c, 0xd2c4, 0x30, 0x30c, 0xc00d, 0x42c6, 0x5d05, 0xd2c4, 0x30,
	0x30c, 0xc013, 0xe2c5, 0x2b9c, 0xc4c4, 0x5, 0x308, 0x9, 0x308, 0xc00e, 0x2c6, 0x30a,
	0xc00e, 0x42c6, 0x341, 0xc014, 0x22c5, 0x301, 0xc014, 0x22c5, 0x303, 0xc00d, 0x82c6, 0x307,
	0xc00d, 0xc2c6, 0x2b05, 0xc4c4, 0x5, 0x308, 0x9, 0x308, 0xc014, 0xa2c5, 0x30a, 0xc014,
	0xe2c5, 0x341, 0xc014, 0x62c5, 0x301, 0xc014, 0x62c5, 0x303, 0xc00e, 0x82c6, 0x307, 0xc00e,
	0xc2c6, 0x479c, 0xc4c4, 0x3, 0x302, 0xc00f, 0x2c6, 0x303, 0xc00f, 0x42c6, 0x308, 0xc00f,
	0x82c6, 0x30b, 0xc00f, 0xc2c6, 0x4705, 0xc4c4, 0x3, 0x302, 0xc010, 0x2c6, 0x303, 0xc010,
	0x42c6, 0x308, 0xc015, 0x22c5, 0x30b, 0xc010, 0x82c6, 0x15, 0x63c5, 0x3, 0x302, 0xc012,
	0xc3c6, 0x303, 0xc013, 0x23c6, 0x308, 0xc013, 0x83c6, 0x30b, 0xc013, 0xe3c6, 0x15, 0xc3c5,
	0x3, 0x302, 0xc014, 0x43c6, 0x303, 0xc014, 0xa3c6, 0x308, 0xc016, 0x23c5, 0x30b, 0xc015,
	0x3c6, 0x539c, 0xc4c4, 0x1, 0x308, 0xc016, 0x82c5, 0x30b, 0xc016, 0xc2c5, 0x5305, 0xc4c4,
	0x1, 0x308, 0xc017, 0x2c5, 0x30b, 0xc017, 0x42c5, 0x17, 0x83c5, 0x1, 0x308, 0xc017,
	0xe3c5, 0x30b, 0xc018, 0x43c5, 0x18, 0xa3c5, 0x1, 0x308, 0xc019, 0x3c5, 0x30b, 0xc019,
	0x63c5
};

static constexpr uint16_t s_coll_seFastLatin[536] = {
	0x205, 0xc40, 0xde0, 0xe80, 0xea8, 0x410, 0x0, 0x0, 0x0, 0x0, 0x0, 0x0,
	0x0, 0x0, 0xc00, 0xc08, 0xc10, 0xc18, 0xc20, 0x0, 0x0, 0x0, 0x0, 0x0,
	0x0, 0x0, 0x0, 0x0, 0x0, 0x0, 0x0, 0x0, 0x0, 0x0, 0x0, 0x0,
	0x0, 0xc40, 0xca8, 0xcf0, 0xd78, 0xe98, 0xd80, 0xd70, 0xcd8, 0xd08, 0xd10, 0xd58,
	0xe30, 0xc90, 0xc60, 0xcd0, 0xd60, 0x10a8, 0x14a8, 0x18a8, 0x1ca8, 0x20a8, 0x24a8, 0x28a8,
	0x2ca8, 0x30a8, 0x34a8, 0xca0, 0xc98, 0xe50, 0xe58, 0xe60, 0xcb8, 0xd50, 0x412, 0x40b9,
	0x414, 0x4cb9, 0x54b9, 0x58b9, 0x416, 0x60b9, 0x64ba, 0x6cba, 0x418, 0x74b9, 0x78b9, 0x41a,
	0x41c, 0x88b9, 0x8cb9, 0x94b9, 0x41e, 0xa0b9, 0x420, 0xacb9, 0xb0b9, 0xb4b9, 0xb8b9, 0x422,
	0xd18, 0xd68, 0xd20, 0xdf8, 0xc50, 0xde8, 0x424, 0x40a8, 0x426, 0x4ca8, 0x54a8, 0x58a8,
	0x428, 0x60a8, 0x64a8, 0x6ca8, 0x42a, 0x74a8, 0x78a8, 0x42c, 0x42e, 0x88a8, 0x8ca8, 0x94a8,
	0x430, 0xa0a8, 0x432, 0xaca8, 0xb0a8, 0xb4a8, 0xb8a8, 0x434, 0xd28, 0xe70, 0xd30, 0xe80,
	0x0, 0x0, 0x0, 0x0, 0x0, 0x0, 0xc28, 0x0, 0x0, 0x0, 0x0, 0x0,
	0x0, 0x0, 0x0, 0x0, 0x0, 0x0, 0x0, 0x0, 0x0, 0x0, 0x0, 0x0,
	0x0, 0x0, 0x0, 0x0, 0x0, 0x0, 0x0, 0x0, 0x0, 0xc42, 0xcb0, 0xe90,
	0xea0, 0xe88, 0xea8, 0xe78, 0xd40, 0xe08, 0xe20, 0x38aa, 0xcf8, 0xe68, 0x0, 0xe28,
	0xe00, 0xe18, 0xe38, 0x18a9, 0x1ca9, 0xdf0, 0x1, 0xd48, 0x1, 0xe10, 0x14a9, 0x84aa,
	0xd00, 0x1, 0x1, 0x1, 0xcc0, 0x39b9, 0x3cb9, 0x39f9, 0xd4d9, 0xd4b9, 0xd0b9, 0xccb9,
	0x436, 0x55b9, 0x5599, 0x55f9, 0x5659, 0x65ba, 0x659a, 0x65fa, 0x665a, 0x50d9, 0x80f9, 0x85b9,
	0x8599, 0xd919, 0xd8f9, 0xd8b9, 0xe48, 0xc8b9, 0xa9b9, 0xa999, 0xa9f9, 0xb8d9, 0xb999, 0xa4d9,
	0x800, 0x39a8, 0x3ca8, 0x39e8, 0xd4c8, 0xd4a8, 0xd0a8, 0xcca8, 0x438, 0x55a8, 0x5588, 0x55e8,
	0x5648, 0x65a8, 0x6588, 0x65e8, 0x6648, 0x50c8, 0x80e8, 0x85a8, 0x8588, 0xd908, 0xd8e8, 0xd8a8,
	0xe40, 0xc8a8, 0xa9a8, 0xa988, 0xa9e8, 0xb8c8, 0xb988, 0xa4c8, 0xba48, 0x3af9, 0x3ae8, 0x39d9,
	0x39c8, 0x43a, 0x43c, 0x4599, 0x4588, 0x45f9, 0x45e8, 0x4699, 0x4688, 0x48b9, 0x48a8, 0x4e19,
	0x4e08, 0x50b9, 0x50a8, 0x56f9, 0x56e8, 0x55d9, 0x55c8, 0x5699, 0x5688, 0x56d9, 0x56c8, 0x5619,
	0x5608, 0x5df9, 0x5de8, 0x5dd9, 0x5dc8, 0x5e99, 0x5e88, 0x43e, 0x440, 0x61f9, 0x61e8, 0x6319,
	0x6308, 0x667a, 0x6668, 0x66fa, 0x66e8, 0x65da, 0x65c8, 0x66da, 0x66c8, 0x669a, 0x68a8, 0x802,
	0x804, 0x6dfa, 0x6de8, 0x442, 0x444, 0x90a8, 0x7599, 0x7588, 0x76b9, 0x76a8, 0x7619, 0x7608,
	0x7739, 0x7728, 0x7719, 0x7708, 0x80d9, 0x80c8, 0x446, 0x448, 0x7e1a, 0x7e08, 0x806, 0x80b9,
	0x80a8, 0x86f9, 0x86e8, 0x85d9, 0x85c8, 0xd8d9, 0xd8c8, 0xc8d9, 0xc8c8, 0x9599, 0x9588, 0x96b9,
	0x96a8, 0x9619, 0x9608, 0x999a, 0x9988, 0x99fa, 0x99e8, 0x44a, 0x44c, 0x9cb9, 0x9ca8, 0xa2b9,
	0xa2a8, 0xa219, 0xa208, 0xa4b9, 0xa4a8, 0xaa79, 0xaa68, 0xaaf9, 0xaae8, 0xa9d9, 0xa9c8, 0xaa39,
	0xaa28, 0xb8f9, 0xb8e8, 0x44e, 0x450, 0xb1f9, 0xb1e8, 0xb9f9, 0xb9e8, 0xba59, 0xbd99, 0xbd88,
	0xbe99, 0xbe88, 0xc4b9, 0xc4a8, 0x98e8, 0xc41, 0xc41, 0xc41, 0xc41, 0xc41, 0xc41, 0xc41,
	0xc42, 0xc41, 0xc41, 0xc41, 0x0, 0x0, 0x0, 0x0, 0x0, 0xc68, 0xc69, 0xc70,
	0xc78, 0xc80, 0xc88, 0xd38, 0xc58, 0x1, 0x1, 0x1, 0x1, 0x1, 0x1, 0x1,
	0x1, 0xd98, 0xda0, 0xda8, 0xdb0, 0xcd1, 0x808, 0x1, 0xdb8, 0xc30, 0xc38, 0x0,
	0x0, 0x0, 0x0, 0x0, 0xc42, 0xd88, 0xd90, 0xdc0, 0x80a, 0x1, 0xdc8, 0x80c,
	0x1, 0xdd0, 0xce0, 0xce8, 0xdd8, 0x80e, 0xcc8, 0xc48, 0xde0, 0x98c8, 0x98a9, 0x64bb,
	0x6cbb, 0x64a9, 0x6ca9, 0xc0a9, 0x7ca9, 0xcd1, 0xcd1, 0xdc1, 0xdc1, 0xdc9, 0xdc9, 0xca9,
	0xca9, 0x5ff, 0x0, 0x5ff, 0x38b9, 0x5ff, 0x44b9, 0x5ff, 0x5cb9, 0x5ff, 0x70b9, 0x5ff,
	0x7cba, 0x5ff, 0x84b9, 0x5ff, 0x98ba, 0x5ff, 0xa8b9, 0x5ff, 0xbcb9, 0x5ff, 0x38a8, 0x5ff,
	0x44a8, 0x5ff, 0x5ca8, 0x5ff, 0x70a8, 0x5ff, 0x7ca8, 0x5ff, 0x84a8, 0x5ff, 0x98a8, 0x5ff,
	0xa8a8, 0x5ff, 0xbca8, 0x5ff, 0x46b9, 0x5ff, 0x46a8, 0x5ff, 0x3ad9, 0x5ff, 0x3ac8, 0x5ff,
	0x5eb9, 0x5ff, 0x5ea8, 0x5ff, 0x72b9, 0x5ff, 0x72a8, 0x5ff, 0x7eba, 0x5ff, 0x7ea8, 0x5ff,
	0x9aba, 0x5ff, 0x9aa8, 0x5ff, 0xaad9, 0x5ff, 0xaac8, 0x1ff
};

static constexpr uint16_t s_coll_seFastLatinPrimaries[384] = {
	0x0, 0x0, 0x0, 0x0, 0x0, 0x0, 0x0, 0x0, 0x0, 0xc00, 0xc08, 0xc10,
	0xc18, 0xc20, 0x0, 0x0, 0x0, 0x0, 0x0, 0x0, 0x0, 0x0, 0x0, 0x0,
	0x0, 0x0, 0x0, 0x0, 0x0, 0x0, 0x0, 0x0, 0xc40, 0xca8, 0xcf0, 0xd78,
	0xe98, 0xd80, 0xd70, 0xcd8, 0xd08, 0xd10, 0xd58, 0xe30, 0xc90, 0xc60, 0xcd0, 0xd60,
	0x1000, 0x1400, 0x1800, 0x1c00, 0x2000, 0x2400, 0x2800, 0x2c00, 0x3000, 0x3400, 0xca0, 0xc98,
	0xe50, 0xe58, 0xe60, 0xcb8, 0xd50, 0x0, 0x4000, 0x0, 0x4c00, 0x5400, 0x5800, 0x0,
	0x6000, 0x6400, 0x6c00, 0x0, 0x7400, 0x7800, 0x0, 0x0, 0x8800, 0x8c00, 0x9400, 0x0,
	0xa000, 0x0, 0xac00, 0xb000, 0xb400, 0xb800, 0x0, 0xd18, 0xd68, 0xd20, 0xdf8, 0xc50,
	0xde8, 0x0, 0x4000, 0x0, 0x4c00, 0x5400, 0x5800, 0x0, 0x6000, 0x6400, 0x6c00, 0x0,
	0x7400, 0x7800, 0x0, 0x0, 0x8800, 0x8c00, 0x9400, 0x0, 0xa000, 0x0, 0xac00, 0xb000,
	0xb400, 0xb800, 0x0, 0xd28, 0xe70, 0xd30, 0xe80, 0x0, 0x0, 0x0, 0x0, 0x0,
	0x0, 0xc28, 0x0, 0x0, 0x0, 0x0, 0x0, 0x0, 0x0, 0x0, 0x0, 0x0,
	0x0, 0x0, 0x0, 0x0, 0x0, 0x0, 0x0, 0x0, 0x0, 0x0, 0x0, 0x0,
	0x0, 0x0, 0x0, 0x0, 0xc40, 0xcb0, 0xe90, 0xea0, 0xe88, 0xea8, 0xe78, 0xd40,
	0xe08, 0xe20, 0x3800, 0xcf8, 0xe68, 0x0, 0xe28, 0xe00, 0xe18, 0xe38, 0x1800, 0x1c00,
	0xdf0, 0x0, 0xd48, 0x0, 0xe10, 0x1400, 0x8400, 0xd00, 0x0, 0x0, 0x0, 0xcc0,
	0x3800, 0x3c00, 0x3800, 0xd400, 0xd400, 0xd000, 0xcc00, 0x0, 0x5400, 0x5400, 0x5400, 0x5400,
	0x6400, 0x6400, 0x6400, 0x6400, 0x5000, 0x8000, 0x8400, 0x8400, 0xd800, 0xd800, 0xd800, 0xe48,
	0xc800, 0xa800, 0xa800, 0xa800, 0xb800, 0xb800, 0xa400, 0x0, 0x3800, 0x3c00, 0x3800, 0xd400,
	0xd400, 0xd000, 0xcc00, 0x0, 0x5400, 0x5400, 0x5400, 0x5400, 0x6400, 0x6400, 0x6400, 0x6400,
	0x5000, 0x8000, 0x8400, 0x8400, 0xd800, 0xd800, 0xd800, 0xe40, 0xc800, 0xa800, 0xa800, 0xa800,
	0xb800, 0xb800, 0xa400, 0xb800, 0x3800, 0x3800, 0x3800, 0x3800, 0x0, 0x0, 0x4400, 0x4400,
	0x4400, 0x4400, 0x4400, 0x4400, 0x4800, 0x4800, 0x4c00, 0x4c00, 0x5000, 0x5000, 0x5400, 0x5400,
	0x5400, 0x5400, 0x5400, 0x5400, 0x5400, 0x5400, 0x5400, 0x5400, 0x5c00, 0x5c00, 0x5c00, 0x5c00,
	0x5c00, 0x5c00, 0x0, 0x0, 0x6000, 0x6000, 0x6000, 0x6000, 0x6400, 0x6400, 0x6400, 0x6400,
	0x6400, 0x6400, 0x6400, 0x6400, 0x6400, 0x6800, 0x0, 0x0, 0x6c00, 0x6c00, 0x0, 0x0,
	0x9000, 0x7400, 0x7400, 0x7400, 0x7400, 0x7400, 0x7400, 0x7400, 0x7400, 0x7400, 0x7400, 0x8000,
	0x8000, 0x0, 0x0, 0x7c00, 0x7c00, 0x0, 0x8000, 0x8000, 0x8400, 0x8400, 0x8400, 0x8400,
	0xd800, 0xd800, 0xc800, 0xc800, 0x9400, 0x9400, 0x9400, 0x9400, 0x9400, 0x9400, 0x9800, 0x9800,
	0x9800, 0x9800, 0x0, 0x0, 0x9c00, 0x9c00, 0xa000, 0xa000, 0xa000, 0xa000, 0xa400, 0xa400,
	0xa800, 0xa800, 0xa800, 0xa800, 0xa800, 0xa800, 0xa800, 0xa800, 0xb800, 0xb800, 0x0, 0x0,
	0xb000, 0xb000, 0xb800, 0xb800, 0xb800, 0xbc00, 0xbc00, 0xbc00, 0xbc00, 0xc400, 0xc400, 0x9800
};

static constexpr int32_t s_coll_seFastLatinMiniVarTop = 0xbff;

static constexpr uint32_t s_coll_seNumericPrimary = 0x10000000;
static constexpr int32_t s_coll_seOptions = 0x2010;
static constexpr int32_t s_coll_seJamoCe32sStart = -1;

static constexpr uint16_t s_coll_smnTrieIndex[2112] = {
	0x0, 0x8, 0x10, 0x18, 0x30, 0x38, 0x40, 0x48, 0x50, 0x58, 0x60, 0x68, 0x70, 0x78, 0x79, 0x81,
	0x89, 0x91, 0x30, 0x38, 0x30, 0x38, 0x30, 0x38, 0x30, 0x38, 0x30, 0x38, 0x30, 0x38, 0x30, 0x38,
	0x30, 0x38, 0x30, 0x38, 0x30, 0x38, 0x30, 0x38, 0x30, 0x38, 0x30, 0x38, 0x30, 0x38, 0x30, 0x38,
	0x30, 0x38, 0x30, 0x38, 0x30, 0x38, 0x30, 0x38, 0x30, 0x38, 0x30, 0x38, 0x30, 0x38, 0x30, 0x38,
	0x30, 0x30, 0x30, 0x30, 0x30, 0x30, 0x30, 0x30, 0x30, 0x30, 0x30, 0x30, 0x30, 0x30, 0x30, 0x30,
	0x30, 0x30, 0x30, 0x30, 0x30, 0x30, 0x30, 0x30, 0x30, 0x30, 0x30, 0x30, 0x30, 0x30, 0x30, 0x30,
	0x30, 0x30, 0x30, 0x30, 0x30, 0x30, 0x30, 0x30, 0x30, 0x30, 0x30, 0x30, 0x30, 0x30, 0x30, 0x30,
	0x30, 0x30, 0x30, 0x30, 0x30, 0x30, 0x30, 0x30, 0x30, 0x30, 0x30, 0x30, 0x30, 0x30, 0x30, 0x30,
	0x30, 0x30, 0x30, 0x30, 0x30, 0x30, 0x30, 0x30, 0x30, 0x30, 0x30, 0x30, 0x30, 0x30, 0x30, 0x30,
	0x30, 0x30, 0x30, 0x30, 0x30, 0x30, 0x30, 0x30, 0x30, 0x30, 0x30, 0x30, 0x30, 0x30, 0x30, 0x30,
	0x30, 0x30, 0x30, 0x30, 0x30, 0x30, 0x30, 0x30, 0x30, 0x30, 0x30, 0x30, 0x30, 0x30, 0x30, 0x30,
	0x30, 0x30, 0x30, 0x30, 0x30, 0x30, 0x30, 0x30, 0x30, 0x30, 0x30, 0x30, 0x30, 0x30, 0x30, 0x30,
	0x30, 0x30, 0x30, 0x30, 0x30, 0x30, 0x30, 0x30, 0x30, 0x30, 0x30, 0x30, 0x30, 0x30, 0x30, 0x30,
	0x30, 0x30, 0x30, 0x30, 0x30, 0x30, 0x30, 0x30, 0x30, 0x30, 0x30, 0x30, 0x30, 0x30, 0x30, 0x30,
	0x30, 0x30, 0x30, 0x30, 0x30, 0x30, 0x30, 0x30, 0x30, 0x30, 0x30, 0x30, 0x30, 0x30, 0x30, 0x30,
	0xa9, 0x30, 0xb0, 0xb8, 0xbc, 0xc4, 0xc9, 0xd1, 0x30, 0x30, 0x30, 0x30, 0x30, 0x30, 0x30, 0x30,
	0x30, 0x30, 0x30, 0x30, 0x30, 0x30, 0x30, 0x30, 0x30, 0xd7, 0x30, 0x30, 0x30, 0x30, 0x30, 0x30,
	0x30, 0x30, 0x30, 0x30, 0x30, 0x30, 0x30, 0x30, 0x30, 0x30, 0x30, 0x30, 0x30, 0x30, 0x30, 0x30,
	0x30, 0x30, 0x30, 0x30, 0x30, 0x30, 0x30, 0x30, 0x30, 0x30, 0x30, 0x30, 0x30, 0x30, 0x30, 0x30,
	0x30, 0x30, 0x30, 0x30, 0x30, 0x30, 0x30, 0x30, 0x30, 0x30, 0x30, 0x30, 0x30, 0x30, 0x30, 0x30,
	0x30, 0x30, 0x30, 0x30, 0x30, 0x30, 0x30, 0x30, 0x30, 0x30, 0x30, 0x30, 0x30, 0x30, 0x30, 0x30,
	0x30, 0x30, 0x30, 0x30, 0x30, 0x30, 0x30, 0x30, 0x30, 0x30, 0x30, 0x30, 0x30, 0x30, 0x30, 0x30,
	0x30, 0x30, 0x30, 0x30, 0x30, 0x30, 0x30, 0x30, 0x30, 0x30, 0x30, 0x30, 0x30, 0x30, 0x30, 0x30,
	0x30, 0x30, 0x30, 0x30, 0x30, 0x30, 0x30, 0x30, 0x30, 0x30, 0x30, 0x30, 0x30, 0x30, 0x30, 0x30,
	0x30, 0x30, 0x30, 0x30, 0x30, 0x30, 0x30, 0x30, 0x30, 0x30, 0x30, 0x30, 0x30, 0x30, 0x30, 0x30,
	0x30, 0x30, 0x30, 0x30, 0x30, 0x30, 0x30, 0x30, 0x30, 0x30, 0x30, 0x30, 0x30, 0x30, 0x30, 0x30,
	0x30, 0x30, 0x30, 0x30, 0x30, 0x30, 0x30, 0x30, 0x30, 0x30, 0x30, 0x30, 0x30, 0x30, 0x30, 0x30,
	0x30, 0x30, 0x30, 0x30, 0x30, 0x30, 0x30, 0x30, 0x30, 0x30, 0x30, 0x30, 0x30, 0x30, 0x30, 0x30,
	0x30, 0x30, 0x30, 0x30, 0x30, 0x30, 0x30, 0x30, 0x30, 0x30, 0x30, 0x30, 0x30, 0x30, 0x30, 0x30,
	0x30, 0x30, 0x30, 0x30, 0x30, 0x30, 0x30, 0x30, 0x30, 0x30, 0x30, 0x30, 0x30, 0x30, 0x30, 0x30,
	0x30, 0x30, 0x30, 0x30, 0x30, 0x30, 0x30, 0x30, 0x30, 0x30, 0x30, 0x30, 0x30, 0x30, 0x30, 0x30,
	0x30, 0x30, 0x30, 0x30, 0x30, 0x30, 0x30, 0x30, 0x30, 0x30, 0x30, 0x30, 0x30, 0x30, 0x30, 0x30,
	0x30, 0x30, 0x30, 0x30, 0x30, 0x30, 0x30, 0x30, 0x30, 0x30, 0x30, 0x30, 0x30, 0x30, 0x30, 0x30,
	0x30, 0x30, 0x30, 0x30, 0x30, 0x30, 0x30, 0x30, 0x30, 0x30, 0x30, 0x30, 0x30, 0x30, 0x30, 0x30,
	0x30, 0x30, 0x30, 0x30, 0x30, 0x30, 0x30, 0x30, 0x30, 0x30, 0x30, 0x30, 0x30, 0x30, 0x30, 0x30,
	0x30, 0x30, 0x30, 0x30, 0x30, 0x30, 0x30, 0x30, 0x30, 0x30, 0x30, 0x30, 0x30, 0x30, 0x30, 0x30,
	0x30, 0x30, 0x30, 0x30, 0x30, 0x30, 0x30, 0x30, 0x30, 0x30, 0x30, 0x30, 0x30, 0x30, 0x30, 0x30,
	0x30, 0x30, 0x30, 0x30, 0x30, 0x30, 0x30, 0x30, 0x30, 0x30, 0x30, 0x30, 0x30, 0x30, 0x30, 0x30,
	0x30, 0x30, 0x30, 0x30, 0x30, 0x30, 0x30, 0x30, 0x30, 0x30, 0x30, 0x30, 0x30, 0x30, 0x30, 0x30,
	0x30, 0x30, 0x30, 0x30, 0x30, 0x30, 0x30, 0x30, 0x30, 0x30, 0x30, 0x30, 0x30, 0x30, 0x30, 0x30,
	0x30, 0x30, 0x30, 0x30, 0x30, 0x30, 0x30, 0x30, 0x30, 0x30, 0x30, 0x30, 0x30, 0x30, 0x30, 0x30,
	0x30, 0x30, 0x30, 0x30, 0x30, 0x30, 0x30, 0x30, 0x30, 0x30, 0x30, 0x30, 0x30, 0x30, 0x30, 0x30,
	0x30, 0x30, 0x30, 0x30, 0x30, 0x30, 0x30, 0x30, 0x30, 0x30, 0x30, 0x30, 0x30, 0x30, 0x30, 0x30,
	0x30, 0x30, 0x30, 0x30, 0x30, 0x30, 0x30, 0x30, 0x30, 0x30, 0x30, 0x30, 0x30, 0x30, 0x30, 0x30,
	0x30, 0x30, 0x30, 0x30, 0x30, 0x30, 0x30, 0x30, 0x30, 0x30, 0x30, 0x30, 0x30, 0x30, 0x30, 0x30,
	0x30, 0x30, 0x30, 0x30, 0x30, 0x30, 0x30, 0x30, 0x30, 0x30, 0x30, 0x30, 0x30, 0x30, 0x30, 0x30,
	0x30, 0x30, 0x30, 0x30, 0x30, 0x30, 0x30, 0x30, 0x30, 0x30, 0x30, 0x30, 0x30, 0x30, 0x30, 0x30,
	0x30, 0x30, 0x30, 0x30, 0x30, 0x30, 0x30, 0x30, 0x30, 0x30, 0x30, 0x30, 0x30, 0x30, 0x30, 0x30,
	0x30, 0x30, 0x30, 0x30, 0x30, 0x30, 0x30, 0x30, 0x30, 0x30, 0x30, 0x30, 0x30, 0x30, 0x30, 0x30,
	0x30, 0x30, 0x30, 0x30, 0x30, 0x30, 0x30, 0x30, 0x30, 0x30, 0x30, 0x30, 0x30, 0x30, 0x30, 0x30,
	0x30, 0x30, 0x30, 0x30, 0x30, 0x30, 0x30, 0x30, 0x30, 0x30, 0x30, 0x30, 0x30, 0x30, 0x30, 0x30,
	0x30, 0x30, 0x30, 0x30, 0x30, 0x30, 0x30, 0x30, 0x30, 0x30, 0x30, 0x30, 0x30, 0x30, 0x30, 0x30,
	0x30, 0x30, 0x30, 0x30, 0x30, 0x30, 0x30, 0x30, 0x30, 0x30, 0x30, 0x30, 0x30, 0x30, 0x30, 0x30,
	0x30, 0x30, 0x30, 0x30, 0x30, 0x30, 0x30, 0x30, 0x30, 0x30, 0x30, 0x30, 0x30, 0x30, 0x30, 0x30,
	0x30, 0x30, 0x30, 0x30, 0x30, 0x30, 0x30, 0x30, 0x30, 0x30, 0x30, 0x30, 0x30, 0x30, 0x30, 0x30,
	0x30, 0x30, 0x30, 0x30, 0x30, 0x30, 0x30, 0x30, 0x30, 0x30, 0x30, 0x30, 0x30, 0x30, 0x30, 0x30,
	0x30, 0x30, 0x30, 0x30, 0x30, 0x30, 0x30, 0x30, 0x30, 0x30, 0x30, 0x30, 0x30, 0x30, 0x30, 0x30,
	0x30, 0x30, 0x30, 0x30, 0x30, 0x30, 0x30, 0x30, 0x30, 0x30, 0x30, 0x30, 0x30, 0x30, 0x30, 0x30,
	0x30, 0x30, 0x30, 0x30, 0x30, 0x30, 0x30, 0x30, 0x30, 0x30, 0x30, 0x30, 0x30, 0x30, 0x30, 0x30,
	0x30, 0x30, 0x30, 0x30, 0x30, 0x30, 0x30, 0x30, 0x30, 0x30, 0x30, 0x30, 0x30, 0x30, 0x30, 0x30,
	0x30, 0x30, 0x30, 0x30, 0x30, 0x30, 0x30, 0x30, 0x30, 0x30, 0x30, 0x30, 0x30, 0x30, 0x30, 0x30,
	0x30, 0x30, 0x30, 0x30, 0x30, 0x30, 0x30, 0x30, 0x30, 0x30, 0x30, 0x30, 0x30, 0x30, 0x30, 0x30,
	0x30, 0x30, 0x30, 0x30, 0x30, 0x30, 0x30, 0x30, 0x30, 0x30, 0x30, 0x30, 0x30, 0x30, 0x30, 0x30,
	0x30, 0x30, 0x30, 0x30, 0x30, 0x30, 0x30, 0x30, 0x30, 0x30, 0x30, 0x30, 0x30, 0x30, 0x30, 0x30,
	0x30, 0x30, 0x30, 0x30, 0x30, 0x30, 0x30, 0x30, 0x30, 0x30, 0x30, 0x30, 0x30, 0x30, 0x30, 0x30,
	0x30, 0x30, 0x30, 0x30, 0x30, 0x30, 0x30, 0x30, 0x30, 0x30, 0x30, 0x30, 0x30, 0x30, 0x30, 0x30,
	0x30, 0x30, 0x30, 0x30, 0x30, 0x30, 0x30, 0x30, 0x30, 0x30, 0x30, 0x30, 0x30, 0x30, 0x30, 0x30,
	0x30, 0x30, 0x30, 0x30, 0x30, 0x30, 0x30, 0x30, 0x30, 0x30, 0x30, 0x30, 0x30, 0x30, 0x30, 0x30,
	0x30, 0x30, 0x30, 0x30, 0x30, 0x30, 0x30, 0x30, 0x30, 0x30, 0x30, 0x30, 0x30, 0x30, 0x30, 0x30,
	0x30, 0x30, 0x30, 0x30, 0x30, 0x30, 0x30, 0x30, 0x30, 0x30, 0x30, 0x30, 0x30, 0x30, 0x30, 0x30,
	0x30, 0x30, 0x30, 0x30, 0x30, 0x30, 0x30, 0x30, 0x30, 0x30, 0x30, 0x30, 0x30, 0x30, 0x30, 0x30,
	0x30, 0x30, 0x30, 0x30, 0x30, 0x30, 0x30, 0x30, 0x30, 0x30, 0x30, 0x30, 0x30, 0x30, 0x30, 0x30,
	0x30, 0x30, 0x30, 0x30, 0x30, 0x30, 0x30, 0x30, 0x30, 0x30, 0x30, 0x30, 0x30, 0x30, 0x30, 0x30,
	0x30, 0x30, 0x30, 0x30, 0x30, 0x30, 0x30, 0x30, 0x30, 0x30, 0x30, 0x30, 0x30, 0x30, 0x30, 0x30,
	0x30, 0x30, 0x30, 0x30, 0x30, 0x30, 0x30, 0x30, 0x30, 0x30, 0x30, 0x30, 0x30, 0x30, 0x30, 0x30,
	0x30, 0x30, 0x30, 0x30, 0x30, 0x30, 0x30, 0x30, 0x30, 0x30, 0x30, 0x30, 0x30, 0x30, 0x30, 0x30,
	0x30, 0x30, 0x30, 0x30, 0x30, 0x30, 0x30, 0x30, 0x30, 0x30, 0x30, 0x30, 0x30, 0x30, 0x30, 0x30,
	0x30, 0x30, 0x30, 0x30, 0x30, 0x30, 0x30, 0x30, 0x30, 0x30, 0x30, 0x30, 0x30, 0x30, 0x30, 0x30,
	0x30, 0x30, 0x30, 0x30, 0x30, 0x30, 0x30, 0x30, 0x30, 0x30, 0x30, 0x30, 0x30, 0x30, 0x30, 0x30,
	0x30, 0x30, 0x30, 0x30, 0x30, 0x30, 0x30, 0x30, 0x30, 0x30, 0x30, 0x30, 0x30, 0x30, 0x30, 0x30,
	0x30, 0x30, 0x30, 0x30, 0x30, 0x30, 0x30, 0x30, 0x30, 0x30, 0x30, 0x30, 0x30, 0x30, 0x30, 0x30,
	0x30, 0x30, 0x30, 0x30, 0x30, 0x30, 0x30, 0x30, 0x30, 0x30, 0x30, 0x30, 0x30, 0x30, 0x30, 0x30,
	0x30, 0x30, 0x30, 0x30, 0x30, 0x30, 0x30, 0x30, 0x30, 0x30, 0x30, 0x30, 0x30, 0x30, 0x30, 0x30,
	0x30, 0x30, 0x30, 0x30, 0x30, 0x30, 0x30, 0x30, 0x30, 0x30, 0x30, 0x30, 0x30, 0x30, 0x30, 0x30,
	0x30, 0x30, 0x30, 0x30, 0x30, 0x30, 0x30, 0x30, 0x30, 0x30, 0x30, 0x30, 0x30, 0x30, 0x30, 0x30,
	0x30, 0x30, 0x30, 0x30, 0x30, 0x30, 0x30, 0x30, 0x30, 0x30, 0x30, 0x30, 0x30, 0x30, 0x30, 0x30,
	0xdf, 0xdf, 0xdf, 0xdf, 0xdf, 0xdf, 0xdf, 0xdf, 0xdf, 0xdf, 0xdf, 0xdf, 0xdf, 0xdf, 0xdf, 0xdf,
	0xdf, 0xdf, 0xdf, 0xdf, 0xdf, 0xdf, 0xdf, 0xdf, 0xdf, 0xdf, 0xdf, 0xdf, 0xdf, 0xdf, 0xdf, 0xdf,
	0xdf, 0xdf, 0xdf, 0xdf, 0xdf, 0xdf, 0xdf, 0xdf, 0xdf, 0xdf, 0xdf, 0xdf, 0xdf, 0xdf, 0xdf, 0xdf,
	0xdf, 0xdf, 0xdf, 0xdf, 0xdf, 0xdf, 0xdf, 0xdf, 0xdf, 0xdf, 0xdf, 0xdf, 0xdf, 0xdf, 0xdf, 0xdf,
	0xdf, 0xdf, 0xdf, 0xdf, 0xdf, 0xdf, 0xdf, 0xdf, 0xdf, 0xdf, 0xdf, 0xdf, 0xdf, 0xdf, 0xdf, 0xdf,
	0xdf, 0xdf, 0xdf, 0xdf, 0xdf, 0xdf, 0xdf, 0xdf, 0xdf, 0xdf, 0xdf, 0xdf, 0xdf, 0xdf, 0xdf, 0xdf,
	0xdf, 0xdf, 0xdf, 0xdf, 0xdf, 0xdf, 0xdf, 0xdf, 0xdf, 0xdf, 0xdf, 0xdf, 0xdf, 0xdf, 0xdf, 0xdf,
	0xdf, 0xdf, 0xdf, 0xdf, 0xdf, 0xdf, 0xdf, 0xdf, 0xdf, 0xdf, 0xdf, 0xdf, 0xdf, 0xdf, 0xdf, 0xdf,
	0xdf, 0xdf, 0xdf, 0xdf, 0xdf, 0xdf, 0xdf, 0xdf, 0xdf, 0xdf, 0xdf, 0xdf, 0xdf, 0xdf, 0xdf, 0xdf,
	0xdf, 0xdf, 0xdf, 0xdf, 0xdf, 0xdf, 0xdf, 0xdf, 0xdf, 0xdf, 0xdf, 0xdf, 0xdf, 0xdf, 0xdf, 0xdf,
	0xdf, 0xdf, 0xdf, 0xdf, 0xdf, 0xdf, 0xdf, 0xdf, 0xdf, 0xdf, 0xdf, 0xdf, 0xdf, 0xdf, 0xdf, 0xdf,
	0xdf, 0xdf, 0xdf, 0xdf, 0xdf, 0xdf, 0xdf, 0xdf, 0xdf, 0xdf, 0xdf, 0xdf, 0xdf, 0xdf, 0xdf, 0xdf,
	0xdf, 0xdf, 0xdf, 0xdf, 0xdf, 0xdf, 0xdf, 0xdf, 0xdf, 0xdf, 0xdf, 0xdf, 0xdf, 0xdf, 0xdf, 0xdf,
	0xdf, 0xdf, 0xdf, 0xdf, 0xdf, 0xdf, 0xdf, 0xdf, 0xdf, 0xdf, 0xdf, 0xdf, 0xdf, 0xdf, 0xdf, 0xdf,
	0xdf, 0xdf, 0xdf, 0xdf, 0xdf, 0xdf, 0xdf, 0xdf, 0xdf, 0xdf, 0xdf, 0xdf, 0xdf, 0xdf, 0xdf, 0xdf,
	0xdf, 0xdf, 0xdf, 0xdf, 0xdf, 0xdf, 0xdf, 0xdf, 0xdf, 0xdf, 0xdf, 0xdf, 0xdf, 0xdf, 0xdf, 0xdf,
	0xdf, 0xdf, 0xdf, 0xdf, 0xdf, 0xdf, 0xdf, 0xdf, 0xdf, 0xdf, 0xdf, 0xdf, 0xdf, 0xdf, 0xdf, 0xdf,
	0xdf, 0xdf, 0xdf, 0xdf, 0xdf, 0xdf, 0xdf, 0xdf, 0xdf, 0xdf, 0xdf, 0xdf, 0xdf, 0xdf, 0xdf, 0xdf,
	0xdf, 0xdf, 0xdf, 0xdf, 0xdf, 0xdf, 0xdf, 0xdf, 0xdf, 0xdf, 0xdf, 0xdf, 0xdf, 0xdf, 0xdf, 0xdf,
	0xdf, 0xdf, 0xdf, 0xdf, 0xdf, 0xdf, 0xdf, 0xdf, 0xdf, 0xdf, 0xdf, 0xdf, 0xdf, 0xdf, 0xdf, 0xdf,
	0xdf, 0xdf, 0xdf, 0xdf, 0xdf, 0xdf, 0xdf, 0xdf, 0xdf, 0xdf, 0xdf, 0xdf, 0xdf, 0xdf, 0xdf, 0xdf,
	0xdf, 0xdf, 0xdf, 0xdf, 0xdf, 0xdf, 0xdf, 0xdf, 0xdf, 0xdf, 0xdf, 0xdf, 0xdf, 0xa1, 0x30, 0x30,
	0x99, 0x99, 0x99, 0x99, 0x99, 0x99, 0x99, 0x99, 0x99, 0x99, 0x99, 0x99, 0x99, 0x99, 0x99, 0x99,
	0x99, 0x99, 0x99, 0x99, 0x99, 0x99, 0x99, 0x99, 0x99, 0x99, 0x99, 0x99, 0x99, 0x99, 0x99, 0x99,
	0x30, 0x30, 0x30, 0x30, 0x30, 0x30, 0x30, 0x30, 0x30, 0x30, 0x30, 0x30, 0x30, 0x30, 0x30, 0x30,
	0x30, 0x30, 0x30, 0x30, 0x30, 0x30, 0x30, 0x30, 0x30, 0x30, 0x30, 0x30, 0x30, 0x30, 0x30, 0x30,
	0x30, 0x30, 0x30, 0x30, 0x30, 0x30, 0x30, 0x30, 0x30, 0x30, 0x30, 0x30, 0x30, 0x30, 0x30, 0x30,
	0x30, 0x30, 0x30, 0x30, 0x30, 0x30, 0x30, 0x30, 0x30, 0x30, 0x30, 0x30, 0x30, 0x30, 0x30, 0x30,
	0x30, 0x30, 0x30, 0x30, 0x30, 0x30, 0x30, 0x30, 0x30, 0x30, 0x30, 0x30, 0x30, 0x30, 0x30, 0x30,
	0x30, 0x30, 0x30, 0x30, 0x30, 0x30, 0x30, 0x30, 0x30, 0x30, 0x30, 0x30, 0x30, 0x30, 0x30, 0x30,
	0x30, 0x30, 0x30, 0x30, 0x30, 0x30, 0x30, 0x30, 0x30, 0x30, 0x30, 0x30, 0x30, 0x30, 0x30, 0x30,
	0x30, 0x30, 0x30, 0x30, 0x30, 0x30, 0x30, 0x30, 0x30, 0x30, 0x30, 0x30, 0x30, 0x30, 0x30, 0x30,
	0x30, 0x30, 0x30, 0x30, 0x30, 0x30, 0x30, 0x30, 0x30, 0x30, 0x30, 0x30, 0x30, 0x30, 0x30, 0x30,
	0x30, 0x30, 0x30, 0x30, 0x30, 0x30, 0x30, 0x30, 0x30, 0x30, 0x30, 0x30, 0x30, 0x30, 0x30, 0x30,
	0x30, 0x30, 0x30, 0x30, 0x30, 0x30, 0x30, 0x30, 0x30, 0x30, 0x30, 0x30, 0x30, 0x30, 0x30, 0x30,
	0x30, 0x30, 0x30, 0x30, 0x30, 0x30, 0x30, 0x30, 0x30, 0x30, 0x30, 0x30, 0x30, 0x30, 0x30, 0x30,
	0x30, 0x30, 0x30, 0x30, 0x30, 0x30, 0x30, 0x30, 0x30, 0x30, 0x30, 0x30, 0x30, 0x30, 0x30, 0x30,
	0x30, 0x30, 0x30, 0x30, 0x30, 0x30, 0x30, 0x30, 0x30, 0x30, 0x30, 0x30, 0x30, 0x30, 0x30, 0x30,
	0x30, 0x30, 0x30, 0x30, 0x30, 0x30, 0x30, 0x30, 0x30, 0x30, 0x30, 0x30, 0x30, 0x30, 0x30, 0x30,
	0x30, 0x30, 0x30, 0x30, 0x30, 0x30, 0x30, 0x30, 0x30, 0x30, 0x30, 0x30, 0x30, 0x30, 0x30, 0x30,
	0x30, 0x30, 0x30, 0x30, 0x30, 0x30, 0x30, 0x30, 0x30, 0x30, 0x30, 0x30, 0x30, 0x30, 0x30, 0x30,
	0x30, 0x30, 0x30, 0x30, 0x30, 0x30, 0x30, 0x30, 0x30, 0x30, 0x30, 0x30, 0x30, 0x30, 0x30, 0x30,
	0x30, 0x30, 0x30, 0x30, 0x30, 0x30, 0x30, 0x30, 0x30, 0x30, 0x30, 0x30, 0x30, 0x30, 0x30, 0x30,
	0x30, 0x30, 0x30, 0x30, 0x30, 0x30, 0x30, 0x30, 0x30, 0x30, 0x30, 0x30, 0x30, 0x30, 0x30, 0x30,
	0x80, 0x80, 0xc0, 0x100, 0x140, 0x180, 0x1c0, 0x1e4, 0x224, 0xc0, 0xc0, 0xc0, 0xc0, 0xc0, 0xc0, 0xc0,
	0xc0, 0xc0, 0xc0, 0xc0, 0xc0, 0xc0, 0xc0, 0xc0, 0xc0, 0xc0, 0xc0, 0xc0, 0xc0, 0xc0, 0xc0, 0xc0
};

static constexpr uint32_t s_coll_smnTrieData[928] = {
	0xcb, 0x0, 0x0, 0x0, 0x0, 0x0, 0x0, 0x0,
	0x0, 0x3040505, 0x3060505, 0x3080505, 0x30a0505, 0x30c0505, 0x0, 0x0,
	0x0, 0x0, 0x0, 0x0, 0x0, 0x0, 0x0, 0x0,
	0x0, 0x0, 0x0, 0x0, 0x0, 0x0, 0x0, 0x0,
	0x4000505, 0x75a0505, 0x9760505, 0xa940505, 0xda90505, 0xa960505, 0xa8e0505, 0x9700505,
	0x97c0505, 0x97e0505, 0xa7e0505, 0xc7b0505, 0x6000505, 0x50e0505, 0x8000505, 0xa880505,
	0x1400ca, 0x1421ca, 0x1442ca, 0x1463ca, 0x1484ca, 0x14a5ca, 0x14c6ca, 0x14e7ca,
	0x1508ca, 0x1529ca, 0x7360505, 0x72a0505, 0xc850505, 0xc870505, 0xc890505, 0x7640505,
	0xa7c0505, 0x6c9, 0x2d00059c, 0x346c9, 0x3100059c, 0x3300059c, 0x3500059c, 0x3700059c,
	0x3900059c, 0x3b00059c, 0x3d00059c, 0x3f00059c, 0x4100059c, 0x4300059c, 0x406c9, 0x5e6c9,
	0x4900059c, 0x4b00059c, 0x4d00059c, 0x6a6c9, 0x5100059c, 0x5300059c, 0x5500059c, 0x570005a0,
	0x5900059c, 0x5b00059c, 0x786c9, 0x9800505, 0xa8a0505, 0x9820505, 0xc0a0505, 0x50a0505,
	0xc040505, 0x866c9, 0x2d000505, 0xca6c9, 0x31000505, 0x33000505, 0x35000505, 0x37000505,
	0x39000505, 0x3b000505, 0x3d000505, 0x3f000505, 0x41000505, 0x43000505, 0xd66c9, 0xf46c9,
	0x49000505, 0x4b000505, 0x4d000505, 0x1026c9, 0x51000505, 0x53000505, 0x55000505, 0x57000505,
	0x59000505, 0x5b000505, 0x1106c9, 0x9840505, 0xc8d0505, 0x9860505, 0xc910505, 0x0,
	0xfffd0505, 0xfffd0505, 0xfffd0505, 0xfffd0505, 0xfffd0505, 0xfffd0505, 0xfffd0505, 0xfffd0505,
	0xfffd0505, 0xfffd0505, 0xfffd0505, 0xfffd0505, 0xfffd0505, 0xfffd0505, 0xfffd0505, 0xfffd0505,
	0xfffd0505, 0xfffd0505, 0xfffd0505, 0xfffd0505, 0xfffd0505, 0xfffd0505, 0xfffd0505, 0xfffd0505,
	0xfffd0505, 0xfffd0505, 0xfffd0505, 0xfffd0505, 0xfffd0505, 0xfffd0505, 0xfffd0505, 0xfffd0505,
	0xfffd0505, 0xfffd0505, 0xfffd0505, 0xfffd0505, 0xfffd0505, 0xfffd0505, 0xfffd0505, 0xfffd0505,
	0xfffd0505, 0xfffd0505, 0xfffd0505, 0xfffd0505, 0xfffd0505, 0xfffd0505, 0xfffd0505, 0xfffd0505,
	0xfffd0505, 0xfffd0505, 0xfffd0505, 0xfffd0505, 0xfffd0505, 0xfffd0505, 0xfffd0505, 0xfffd0505,
	0xfffd0505, 0xfffd0505, 0xfffd0505, 0xfffd0505, 0xfffd0505, 0xfffd0505, 0xfffd0505, 0xfffd0505,
	0xc0, 0xc0, 0xc0, 0xc0, 0xc0, 0xc0, 0xc0, 0xc0,
	0xc0, 0xc0, 0xc0, 0xc0, 0xc0, 0xc0, 0xc0, 0xc0,
	0xc0, 0xc0, 0xc0, 0xc0, 0xc0, 0xc0, 0xc0, 0xc0,
	0xc0, 0xc0, 0xc0, 0xc0, 0xc0, 0xc0, 0xc0, 0xc0,
	0xc0, 0xc0, 0xc0, 0xc0, 0xc0, 0xc0, 0xc0, 0xc0,
	0xc0, 0xc0, 0xc0, 0xc0, 0xc0, 0xc0, 0xc0, 0xc0,
	0xc0, 0xc0, 0xc0, 0xc0, 0xc0, 0xc0, 0xc0, 0xc0,
	0xc0, 0xc0, 0xc0, 0xc0, 0xc0, 0xc0, 0xc0, 0xc0,
	0x2c024686, 0x1c6, 0x2c020586, 0x21c6, 0x41c6, 0x61c6, 0x5e030586, 0x11e6c9,
	0x339c8ac4, 0x339c88c4, 0x339c8ec4, 0x339c96c4, 0x3b9c8ac4, 0x3b9c88c4, 0x3b9c8ec4, 0x3b9c96c4,
	0x310070a0, 0x46204686, 0x479c8ac4, 0x479c88c4, 0x479c8ec4, 0x479c9ac4, 0x81c6, 0xc830505,
	0x5e040586, 0x539c8ac4, 0x539c88c4, 0x539c8ec4, 0x539c96c4, 0x5b9c88c4, 0x5e2805a0, 0x13c2c5,
	0x2c024605, 0x5e0505c1, 0x2c020505, 0x5e0503c1, 0x5e0504c1, 0x5e0502c1, 0x5e030505, 0x1286c9,
	0x33058ac4, 0x330588c4, 0x33058ec4, 0x330596c4, 0x3b058ac4, 0x3b0588c4, 0x3b058ec4, 0x3b0596c4,
	0x31007005, 0x46204605, 0x47058ac4, 0x470588c4, 0x47058ec4, 0x47059ac4, 0x5e0506c1, 0xc810505,
	0x5e040505, 0x53058ac4, 0x530588c4, 0x53058ec4, 0x530596c4, 0x5b0588c4, 0x5e280505, 0x5b0596c4,
	0xc0, 0xc0, 0xc0, 0xc0, 0x1346c9, 0x16e6c9, 0xc0, 0xc0,
	0xc0, 0xc0, 0xc0, 0xc0, 0x30020586, 0x30020505, 0xc0, 0xc0,
	0x32020586, 0x32020505, 0xc0, 0xc0, 0xc0, 0xc0, 0xc0, 0xc0,
	0xc0, 0xc0, 0xc0, 0xc0, 0xc0, 0xc0, 0xc0, 0xc0,
	0xc0, 0xc0, 0xc0, 0xc0, 0xc0, 0xc0, 0xc0, 0xc0,
	0xc0, 0xc0, 0xc0, 0xc0, 0xc0, 0xc0, 0xc0, 0xc0,
	0xc0, 0xc0, 0xc0, 0xc0, 0xc0, 0xc0, 0xc0, 0xc0,
	0xc0, 0xc0, 0xc0, 0xc0, 0xc0, 0xc0, 0xc0, 0xc0,
	0xc0, 0xc0, 0xc0, 0x46204786, 0x46204705, 0x1a86c9, 0x1c06c9, 0xc0,
	0xc0, 0xc0, 0xc0, 0xc0, 0xc0, 0xc0, 0xc0, 0xc0,
	0xc0, 0xc0, 0xc0, 0xc0, 0xc0, 0xc0, 0xc0, 0xc0,
	0xc0, 0xc0, 0xc0, 0xc0, 0xc0, 0xc0, 0x1d86c9, 0x1e46c9,
	0x50020586, 0x50020505, 0xc0, 0xc0, 0xc0, 0xc0, 0xc0, 0xc0,
	0xc0, 0xc0, 0xc0, 0xc0, 0xc0, 0xc0, 0xc0, 0xc0,
	0xc0, 0xc0, 0xc0, 0xc0, 0xc0, 0xc0, 0xc0, 0xc0,
	0xc0, 0xc0, 0xc0, 0xc0, 0xc0, 0x5e020586, 0x5e020505, 0xc0,
	0xc0, 0xc0, 0xc0, 0xc0, 0xc0, 0xc0, 0xc0, 0xc0,
	0xc0, 0xc0, 0xc0, 0xc0, 0xc0, 0xc0, 0xc0, 0xc0,
	0xc0, 0xc0, 0xc0, 0xc0, 0xc0, 0xc0, 0xc0, 0xc0,
	0xc0, 0xc0, 0xc0, 0xc0, 0xc0, 0xc0, 0xc0, 0xc0,
	0x1f06c9, 0x1fc6c9, 0xc0, 0xc0, 0xc0, 0xc0, 0xc0, 0xc0,
	0xc0, 0xc0, 0xc0, 0xc0, 0xc0, 0xc0, 0xc0, 0xc0,
	0xc0, 0xc0, 0xc0, 0xc0, 0xc0, 0xc0, 0xc0, 0xc0,
	0xc0, 0xc0, 0xc0, 0xc0, 0xc0, 0xc0, 0xc0, 0xc0,
	0xc0, 0xc0, 0x1e2c6, 0x462c5, 0xc0, 0xc0, 0x4a2c5, 0x4e2c5,
	0xc0, 0xc0, 0xc0, 0xc0, 0xc0, 0xc0, 0x2086c9, 0x2146c9,
	0xc0, 0xc0, 0xc0, 0xc0, 0xc0, 0xc0, 0xc0, 0xc0,
	0xc0, 0xc0, 0xc0, 0xc0, 0xc0, 0xc0, 0x262c6, 0x562c5,
	0x5a2c5, 0x5e2c5, 0x622c5, 0x662c5, 0xc0, 0xc0, 0xc0, 0xc0,
	0xc0, 0xc0, 0xc0, 0xc0, 0xc0, 0xc0, 0xc0, 0xc0,
	0xc0, 0xc0, 0xc0, 0xc0, 0xc0, 0xc0, 0xc0, 0xc0,
	0xc0, 0xc0, 0xc0, 0xc0, 0x2206c9, 0x22c6c9, 0xc0, 0xc0,
	0xc0, 0xc0, 0xc0, 0xc0, 0xc0, 0xc0, 0xc0, 0xc0,
	0xc0, 0xc0, 0xc0, 0xc0, 0xc0, 0xc0, 0x2a2c6, 0x722c5,
	0xc0, 0xc0, 0xc0, 0xc0, 0xc0, 0xc0, 0xc0, 0xc0,
	0xc0, 0xc0, 0xc0, 0xc0, 0xc0, 0xc0, 0xc0, 0xc0,
	0xc0, 0xc0, 0xc0, 0xc0, 0x1cd, 0x1cd, 0x1cd, 0x1cd,
	0x1cd, 0x1cd, 0x1cd, 0x1cd, 0x1cd, 0x1cd, 0x1cd, 0x1cd,
	0x1cd, 0x1cd, 0x1cd, 0x1cd, 0x1cd, 0x1cd, 0x1cd, 0x1cd,
	0x1cd, 0x1cd, 0x1cd, 0x1cd, 0x1cd, 0x1cd, 0x1cd, 0x1cd,
	0x1cd, 0x1cd, 0x1cd, 0x1cd, 0x1cc, 0x1cc, 0x1cc, 0x1cc,
	0xc0, 0xc0, 0xc0, 0xc0, 0xc0, 0xc0, 0xc0, 0xc0,
	0xc0, 0xc0, 0xc0, 0xc0, 0xc0, 0xc0, 0xc0, 0xc0,
	0xc0, 0xc0, 0xc0, 0xc0, 0xc0, 0xc0, 0xc0, 0xc0,
	0xc0, 0xc0, 0xc0, 0xc0, 0x2386c9, 0x2726c9, 0xc0, 0xc0,
	0xc0, 0xc0, 0xc0, 0xc0, 0xc0, 0xc0, 0xc0, 0xc0,
	0xc0, 0xc0, 0xc0, 0xc0, 0xc0, 0xc0, 0xc0, 0xc0,
	0xc0, 0xc0, 0xc0, 0xc0, 0xc0, 0xc0, 0xc0, 0xc0,
	0xc0, 0xc0, 0xc0, 0xc0, 0xc0, 0xc0, 0x2ac6c9, 0x2c46c9,
	0x2dc6c9, 0x2f46c9, 0x30c6c9, 0x3246c9, 0xc0, 0xc0, 0xc0, 0xc0,
	0xc0, 0xc0, 0xc0, 0xc0, 0xc0, 0xc0, 0xc0, 0xc0,
	0xc0, 0xc0, 0xc0, 0xc0, 0xc0, 0xc0, 0xc0, 0xc0,
	0xc0, 0xc0, 0x33c6c9, 0x3486c9, 0xc0, 0xc0, 0xce2c5, 0xd22c5,
	0xc0, 0xc0, 0xc0, 0xc0, 0xc0, 0xc0, 0xc0, 0xc0,
	0xc0, 0xc0, 0xc0, 0xc0, 0xc0, 0xc0, 0xc0, 0xc0,
	0xc0, 0xc0, 0xc0, 0xc0, 0xc0, 0xc0, 0xc0, 0xc0,
	0xc0, 0xc0, 0x3546c9, 0x3606c9, 0x36c6c9, 0x3786c9, 0xc0, 0xc0,
	0xc0, 0xc0, 0xc0, 0xc0, 0xc0, 0xc0, 0xc0, 0xc0,
	0x3846c9, 0x3be6c9, 0xc0, 0xc0, 0x1062c5, 0x10a2c5, 0x10e2c5, 0x1122c5,
	0x1162c5, 0x11a2c5, 0x11e2c5, 0x1222c5, 0xea2c5, 0xf62c5, 0xc0, 0xc0,
	0xc0, 0xc0, 0xc0, 0xc0, 0xc0, 0xc0, 0xc0, 0xc0,
	0xc0, 0xc0, 0xc0, 0xc0, 0xc0, 0xc0, 0xc0, 0xc0,
	0x3f86c9, 0x4046c9, 0xc0, 0xc0, 0xc0, 0xc0, 0xc0, 0xc0,
	0xc0, 0xc0, 0xc0, 0xc0, 0xc0, 0xc0, 0xc0, 0xc0,
	0xc0, 0xc0, 0xc0, 0xc0, 0xc0, 0xc0, 0x4106c9, 0x41c6c9,
	0xc0, 0xc0, 0xc0, 0xc0, 0xc0, 0xc0, 0xc0, 0xc0,
	0xc0, 0xc0, 0xc0, 0xc0, 0xc0, 0xc0, 0xc0, 0xc0,
	0xc0, 0xc0, 0xc0, 0xc0, 0xc0, 0xc0, 0xc0, 0xc0,
	0xc0, 0xc0, 0xc0, 0xc0, 0xc0, 0xc0, 0xc0, 0x61c6,
	0xc0, 0xc0, 0xc0, 0xc0, 0xc0, 0xc0, 0xc0, 0xc0,
	0xc0, 0xc0, 0xc0, 0xc0, 0xc0, 0xc0, 0xc0, 0xc0,
	0xc0, 0xc0, 0xc0, 0xc0, 0x1cc, 0x1cc, 0x1cc, 0x1cc,
	0x1cc, 0x1cc, 0x1cc, 0x1cc, 0x1cc, 0x1cc, 0x1cc, 0x1cc,
	0x1cc, 0x1cc, 0x1cc, 0x1cc, 0x1cc, 0x1cc, 0x1cc, 0x1cc,
	0x1cc, 0x1cc, 0x1cc, 0x1cc, 0x1cc, 0x1cc, 0x1cc, 0x1cc,
	0x1cc, 0x1cc, 0x1cc, 0x1cc, 0xc0, 0xc0, 0xc0, 0xc0
};

static constexpr int32_t s_coll_smnTrieIndexLength = 2112;
static constexpr int32_t s_coll_smnTrieDataLength = 928;
static constexpr char32_t s_coll_smnTrieHighStart = 0xe000;
static constexpr int32_t s_coll_smnTrieHighValueIndex = 924;

static constexpr uint32_t s_coll_smnCe32s[170] = {
	0x0, 0x30020586, 0xa005, 0x30020505, 0xa005, 0x2c024686, 0xa205, 0x2c020586,
	0xa205, 0x2c024605, 0xa205, 0x5e0505c1, 0xa205, 0x2c020505, 0xa205, 0x5e0503c1,
	0xa205, 0x5e0504c1, 0xa205, 0x5e0502c1, 0xa205, 0x46204786, 0xa005, 0x46204686,
	0xa005, 0x46204705, 0xa005, 0x46204605, 0xa005, 0x50020586, 0xa005, 0x50020505,
	0xa005, 0x5e0506c1, 0xbe05, 0x5e0504c1, 0xa405, 0x5e030586, 0xa405, 0x5e030505,
	0xa405, 0x5e0506c1, 0xa205, 0x5e0502c1, 0x8805, 0x5e030586, 0x8805, 0x5e030505,
	0x8805, 0x5e040586, 0x8805, 0x5e040505, 0x8805, 0x50020586, 0xca05, 0x50020505,
	0xca05, 0x5e0506c1, 0xa405, 0x2c024686, 0xc805, 0x2c020586, 0xc805, 0x2c024605,
	0xc805, 0x5e0505c1, 0xc805, 0x2c020505, 0xc805, 0x5e0503c1, 0xc805, 0x5e0504c1,
	0xc805, 0x5e0502c1, 0xc805, 0x46204786, 0xc405, 0x46204686, 0xc405, 0x46204705,
	0xc405, 0x46204605, 0xc405, 0x46204786, 0xd205, 0x46204686, 0xd205, 0x46204705,
	0xd205, 0x46204605, 0xd205, 0x46204786, 0xcc05, 0x46204686, 0xcc05, 0x46204705,
	0xcc05, 0x46204605, 0xcc05, 0x50020586, 0xc405, 0x50020505, 0xc405, 0x50020586,
	0x9c05, 0x50020505, 0x9c05, 0x5e020586, 0xc405, 0x5e020505, 0xc405, 0x5e020586,
	0xd205, 0x5e020505, 0xd205, 0x2c024686, 0xc405, 0x2c020586, 0xc405, 0x2c024605,
	0xc405, 0x5e0505c1, 0xc405, 0x2c020505, 0xc405, 0x5e0503c1, 0xc405, 0x5e0504c1,
	0xc405, 0x5e0502c1, 0xc405, 0x2c020586, 0x8805, 0x2c020505, 0x8805, 0x2c020586,
	0x8a05, 0x2c020505, 0x8a05, 0x2c020586, 0xb605, 0x2c020505, 0xb605, 0x2c020586,
	0x9a05, 0x2c020505, 0x9a05, 0x5e0506c1, 0xc405, 0x4700059c, 0xbe05, 0xc405,
	0x47000505, 0xbe05, 0xc405, 0x5e0506c1, 0xbe05, 0xc405, 0x4f007005, 0x4f000513,
	0x12000505, 0x14000505, 0x16000505, 0x18000505, 0x1a000505, 0x1c000505, 0x1e000505, 0x20000505,
	0x22000505, 0x24000505
};

static constexpr int64_t s_coll_smnCes[44] = {
	int64_t(0x5e05050005008600ULL), int64_t(0x5e05030005008600ULL), int64_t(0x5e05040005008600ULL), int64_t(0x5e05020005008600ULL), int64_t(0x5e05060005008600ULL),
	int64_t(0x5e05050005008600ULL), int64_t(0xa2000500ULL), int64_t(0x5e05030005008600ULL), int64_t(0xa2000500ULL), int64_t(0x5e05040005008600ULL),
	int64_t(0xa2000500ULL), int64_t(0x5e05020005008600ULL), int64_t(0xa2000500ULL), int64_t(0x5e05060005008600ULL), int64_t(0xbe000500ULL),
	int64_t(0x5e05040005008600ULL), int64_t(0xa4000500ULL), int64_t(0x5e05060005008600ULL), int64_t(0xa2000500ULL), int64_t(0x5e05020005008600ULL),
	int64_t(0x88000500ULL), int64_t(0x5e05060005008600ULL), int64_t(0xa4000500ULL), int64_t(0x5e05050005008600ULL), int64_t(0xc8000500ULL),
	int64_t(0x5e05030005008600ULL), int64_t(0xc8000500ULL), int64_t(0x5e05040005008600ULL), int64_t(0xc8000500ULL), int64_t(0x5e05020005008600ULL),
	int64_t(0xc8000500ULL), int64_t(0x5e05050005008600ULL), int64_t(0xc4000500ULL), int64_t(0x5e05030005008600ULL), int64_t(0xc4000500ULL),
	int64_t(0x5e05040005008600ULL), int64_t(0xc4000500ULL), int64_t(0x5e05020005008600ULL), int64_t(0xc4000500ULL), int64_t(0x5e05060005008600ULL),
	int64_t(0xc4000500ULL), int64_t(0x5e05060005008600ULL), int64_t(0xbe000500ULL), int64_t(0xc4000500ULL)
};

static constexpr char16_t s_coll_smnContexts[532] = {
	0x2b00, 0x59c, 0x7, 0x308, 0xb, 0x308, 0xc000, 0x41c6, 0x30a, 0xc000, 0x61c6, 0x340,
	0xec02, 0x4686, 0x341, 0x81c6, 0x300, 0xec02, 0x4686, 0x301, 0x81c6, 0x302, 0xec02, 0x586,
	0x303, 0xa1c6, 0x2f00, 0x59c, 0x30, 0x30c, 0xf002, 0x586, 0x4500, 0x59c, 0x2, 0x301,
	0xffff, 0x4620, 0x4786, 0x303, 0xffff, 0x4620, 0x4686, 0x341, 0xffff, 0x4620, 0x4786, 0x4700,
	0x59c, 0x30, 0x308, 0xc000, 0x81c6, 0x4f00, 0x59c, 0x30, 0x30c, 0xffff, 0x5002, 0x586,
	0x5d00, 0x59c, 0x30, 0x30c, 0xffff, 0x5e02, 0x586, 0x2b00, 0x505, 0x7, 0x308, 0xf,
	0x308, 0xffff, 0x5e05, 0x4c1, 0x30a, 0xffff, 0x5e05, 0x2c1, 0x340, 0xec02, 0x4605, 0x341,
	0xffff, 0x5e05, 0x5c1, 0x300, 0xec02, 0x4605, 0x301, 0xffff, 0x5e05, 0x5c1, 0x302, 0xec02,
	0x505, 0x303, 0xffff, 0x5e05, 0x3c1, 0x2f00, 0x505, 0x30, 0x30c, 0xf002, 0x505, 0x4500,
	0x505, 0x2, 0x301, 0xffff, 0x4620, 0x4705, 0x303, 0xffff, 0x4620, 0x4605, 0x341, 0xffff,
	0x4620, 0x4705, 0x4700, 0x505, 0x30, 0x308, 0xffff, 0x5e05, 0x6c1, 0x4f00, 0x505, 0x30,
	0x30c, 0xffff, 0x5002, 0x505, 0x5d00, 0x505, 0x30, 0x30c, 0xffff, 0x5e02, 0x505, 0x2f9c,
	0xa0c4, 0x30, 0x30c, 0xa2c5, 0x2f05, 0xa0c4, 0x30, 0x30c, 0xc000, 0x62c5, 0x2b9c, 0xa2c4,
	0x7, 0x308, 0xc, 0x308, 0xc001, 0x22c6, 0x30a, 0xc001, 0x62c6, 0x340, 0xc000, 0xa2c5,
	0x341, 0xc000, 0xa2c6, 0x300, 0xc000, 0xa2c5, 0x301, 0xc000, 0xa2c6, 0x302, 0xc000, 0xe2c5,
	0x303, 0xc000, 0xe2c6, 0x2b05, 0xa2c4, 0x7, 0x308, 0xc, 0x308, 0xc002, 0x22c5, 0x30a,
	0xc002, 0x62c5, 0x340, 0xc001, 0x22c5, 0x341, 0xc001, 0x62c5, 0x300, 0xc001, 0x22c5, 0x301,
	0xc001, 0x62c5, 0x302, 0xc001, 0xa2c5, 0x303, 0xc001, 0xe2c5, 0x459c, 0xa0c4, 0x2, 0x301,
	0xc002, 0xa2c5, 0x303, 0xc002, 0xe2c5, 0x341, 0xc002, 0xa2c5, 0x4505, 0xa0c4, 0x2, 0x301,
	0xc003, 0x22c5, 0x303, 0xc003, 0x62c5, 0x341, 0xc003, 0x22c5, 0x4f9c, 0xa0c4, 0x30, 0x30c,
	0xc003, 0xa2c5, 0x4f05, 0xa0c4, 0x30, 0x30c, 0xc003, 0xe2c5, 0x479c, 0xbec4, 0x30, 0x308,
	0xc001, 0xa2c6, 0x4705, 0xbec4, 0x30, 0x308, 0xc004, 0x22c5, 0x479c, 0xa2c4, 0x30, 0x308,
	0xc002, 0x22c6, 0x4705, 0xa2c4, 0x30, 0x308, 0xc005, 0x22c5, 0x4f9c, 0xcac4, 0x30, 0x30c,
	0xc006, 0xa2c5, 0x4f05, 0xcac4, 0x30, 0x30c, 0xc006, 0xe2c5, 0x2b9c, 0xc8c4, 0x7, 0x308,
	0xc, 0x308, 0xc003, 0x62c6, 0x30a, 0xc003, 0xa2c6, 0x340, 0xc007, 0x62c5, 0x341, 0xc002,
	0xe2c6, 0x300, 0xc007, 0x62c5, 0x301, 0xc002, 0xe2c6, 0x302, 0xc007, 0xa2c5, 0x303, 0xc003,
	0x22c6, 0x2b05, 0xc8c4, 0x7, 0x308, 0xc, 0x308, 0xc008, 0xe2c5, 0x30a, 0xc009, 0x22c5,
	0x340, 0xc007, 0xe2c5, 0x341, 0xc008, 0x22c5, 0x300, 0xc007, 0xe2c5, 0x301, 0xc008, 0x22c5,
	0x302, 0xc008, 0x62c5, 0x303, 0xc008, 0xa2c5, 0x459c, 0xc4c4, 0x2, 0x301, 0xc009, 0x62c5,
	0x303, 0xc009, 0xa2c5, 0x341, 0xc009, 0x62c5, 0x4505, 0xc4c4, 0x2, 0x301, 0xc009, 0xe2c5,
	0x303, 0xc00a, 0x22c5, 0x341, 0xc009, 0xe2c5, 0x459c, 0xd2c4, 0x2, 0x301, 0xc00a, 0x62c5,
	0x303, 0xc00a, 0xa2c5, 0x341, 0xc00a, 0x62c5, 0x4505, 0xd2c4, 0x2, 0x301, 0xc00a, 0xe2c5,
	0x303, 0xc00b, 0x22c5, 0x341, 0xc00a, 0xe2c5, 0x459c, 0xccc4, 0x2, 0x301, 0xc00b, 0x62c5,
	0x303, 0xc00b, 0xa2c5, 0x341, 0xc00b, 0x62c5, 0x4505, 0xccc4, 0x2, 0x301, 0xc00b, 0xe2c5,
	0x303, 0xc00c, 0x22c5, 0x341, 0xc00b, 0xe2c5, 0x4f9c, 0xc4c4, 0x30, 0x30c, 0xc00c, 0x62c5,
	0x4f05, 0xc4c4, 0x30, 0x30c, 0xc00c, 0xa2c5, 0x5d9c, 0xc4c4, 0x30, 0x30c, 0xc00d, 0x62c5,
	0x5d05, 0xc4c4, 0x30, 0x30c, 0xc00d, 0xa2c5, 0x5d9c, 0xd2c4, 0x30, 0x30c, 0xc00d, 0xe2c5,
	0x5d05, 0xd2c4, 0x30, 0x30c, 0xc00e, 0x22c5, 0x2b9c, 0xc4c4, 0x7, 0x308, 0xc, 0x308,
	0xc004, 0x62c6, 0x30a, 0xc004, 0xa2c6, 0x340, 0xc00e, 0x62c5, 0x341, 0xc003, 0xe2c6, 0x300,
	0xc00e, 0x62c5, 0x301, 0xc003, 0xe2c6, 0x302, 0xc00e, 0xa2c5, 0x303, 0xc004, 0x22c6, 0x2b05,
	0xc4c4, 0x7, 0x308, 0xc, 0x308, 0xc00f, 0xe2c5, 0x30a, 0xc010, 0x22c5, 0x340, 0xc00e,
	0xe2c5, 0x341, 0xc00f, 0x22c5, 0x300, 0xc00e, 0xe2c5, 0x301, 0xc00f, 0x22c5, 0x302, 0xc00f,
	0x62c5, 0x303, 0xc00f, 0xa2c5, 0x479c, 0xc4c4, 0x30, 0x308, 0xc004, 0xe2c6, 0x4705, 0xc4c4,
	0x30, 0x308, 0xc012, 0x62c5, 0x12, 0xa3c5, 0x30, 0x308, 0xc005, 0x23c6, 0x13, 0x3c5,
	0x30, 0x308, 0xc013, 0x63c5
};

static constexpr uint16_t s_coll_smnFastLatin[516] = {
	0x205, 0xc40, 0xde0, 0xe80, 0xea8, 0x414, 0x0, 0x0, 0x0, 0x0, 0x0, 0x0,
	0x0, 0x0, 0xc00, 0xc08, 0xc10, 0xc18, 0xc20, 0x0, 0x0, 0x0, 0x0, 0x0,
	0x0, 0x0, 0x0, 0x0, 0x0, 0x0, 0x0, 0x0, 0x0, 0x0, 0x0, 0x0,
	0x0, 0xc40, 0xca8, 0xcf0, 0xd78, 0xe98, 0xd80, 0xd70, 0xcd8, 0xd08, 0xd10, 0xd58,
	0xe30, 0xc90, 0xc60, 0xcd0, 0xd60, 0x10a8, 0x14a8, 0x18a8, 0x1ca8, 0x20a8, 0x24a8, 0x28a8,
	0x2ca8, 0x30a8, 0x34a8, 0xca0, 0xc98, 0xe50, 0xe58, 0xe60, 0xcb8, 0xd50, 0x416, 0x40b9,
	0x418, 0x4cb9, 0x54ba, 0x58b9, 0x5cb9, 0x60b9, 0x64ba, 0x6cba, 0x70b9, 0x74b9, 0x78b9, 0x41a,
	0x41c, 0x88b9, 0x8cb9, 0x94b9, 0x41e, 0xa0b9, 0xa8b9, 0xacb9, 0xb0b9, 0xb4b9, 0xb8b9, 0x420,
	0xd18, 0xd68, 0xd20, 0xdf8, 0xc50, 0xde8, 0x422, 0x40a8, 0x424, 0x4ca8, 0x54a8, 0x58a8,
	0x5ca8, 0x60a8, 0x64a8, 0x6ca8, 0x70a8, 0x74a8, 0x78a8, 0x426, 0x428, 0x88a8, 0x8ca8, 0x94a8,
	0x42a, 0xa0a8, 0xa8a8, 0xaca8, 0xb0a8, 0xb4a8, 0xb8a8, 0x42c, 0xd28, 0xe70, 0xd30, 0xe80,
	0x0, 0x0, 0x0, 0x0, 0x0, 0x0, 0xc28, 0x0, 0x0, 0x0, 0x0, 0x0,
	0x0, 0x0, 0x0, 0x0, 0x0, 0x0, 0x0, 0x0, 0x0, 0x0, 0x0, 0x0,
	0x0, 0x0, 0x0, 0x0, 0x0, 0x0, 0x0, 0x0, 0x0, 0xc42, 0xcb0, 0xe90,
	0xea0, 0xe88, 0xea8, 0xe78, 0xd40, 0xe08, 0xe20, 0x38aa, 0xcf8, 0xe68, 0x0, 0xe28,
	0xe00, 0xe18, 0xe38, 0x18a9, 0x1ca9, 0xdf0, 0x1, 0xd48, 0x1, 0xe10, 0x14a9, 0x84aa,
	0xd00, 0x1, 0x1, 0x1, 0xcc0, 0x3cd9, 0xd8b9, 0x3cb9, 0xd0b9, 0xd4b9, 0xccb9, 0xc4b9,
	0x42e, 0x55ba, 0x559a, 0x55fa, 0x565a, 0x65ba, 0x659a, 0x65fa, 0x665a, 0x4cd9, 0x80d9, 0x85b9,
	0x8599, 0x85f9, 0x8699, 0xdcb9, 0xe48, 0xc8b9, 0xa9b9, 0xa999, 0xa9f9, 0xaa59, 0xb999, 0xe0b9,
	0x800, 0x3cc8, 0xd8a8, 0x3ca8, 0xd0a8, 0xd4a8, 0xcca8, 0xc4a8, 0x430, 0x55a8, 0x5588, 0x55e8,
	0x5648, 0x65a8, 0x6588, 0x65e8, 0x6648, 0x4cc8, 0x80c8, 0x85a8, 0x8588, 0x85e8, 0x8688, 0xdca8,
	0xe40, 0xc8a8, 0xa9a8, 0xa988, 0xa9e8, 0xaa48, 0xb988, 0xe0a8, 0xba48, 0x3b19, 0x3b08, 0x39d9,
	0x39c8, 0x432, 0x434, 0x4599, 0x4588, 0x45f9, 0x45e8, 0x46b9, 0x46a8, 0x48b9, 0x48a8, 0x4e19,
	0x4e08, 0x50b9, 0x50a8, 0x571a, 0x5708, 0x55da, 0x55c8, 0x56ba, 0x56a8, 0x56fa, 0x56e8, 0x561a,
	0x5608, 0x5df9, 0x5de8, 0x5dd9, 0x5dc8, 0x5eb9, 0x5ea8, 0x5ed9, 0x5ec8, 0x61f9, 0x61e8, 0x6339,
	0x6328, 0x669a, 0x6688, 0x671a, 0x6708, 0x65da, 0x65c8, 0x66fa, 0x66e8, 0x66ba, 0x68a8, 0x802,
	0x804, 0x6dfa, 0x6de8, 0x72d9, 0x72c8, 0x90a8, 0x7599, 0x7588, 0x76d9, 0x76c8, 0x7619, 0x7608,
	0x7759, 0x7748, 0x7739, 0x7728, 0x80f9, 0x80e8, 0x436, 0x438, 0x7e1a, 0x7e08, 0x806, 0x80b9,
	0x80a8, 0x8719, 0x8708, 0x85d9, 0x85c8, 0x8679, 0x8668, 0x808, 0x80a, 0x9599, 0x9588, 0x96d9,
	0x96c8, 0x9619, 0x9608, 0x999a, 0x9988, 0x99fa, 0x99e8, 0x43a, 0x43c, 0x9cb9, 0x9ca8, 0xa2d9,
	0xa2c8, 0xa219, 0xa208, 0xa4b9, 0xa4a8, 0xaa99, 0xaa88, 0xab19, 0xab08, 0xa9d9, 0xa9c8, 0xaa39,
	0xaa28, 0xaa79, 0xaa68, 0xaaf9, 0xaae8, 0xb1f9, 0xb1e8, 0xb9f9, 0xb9e8, 0xba59, 0xbd99, 0xbd88,
	0xbeb9, 0xbea8, 0xc0b9, 0xc0a8, 0x98e8, 0xc41, 0xc41, 0xc41, 0xc41, 0xc41, 0xc41, 0xc41,
	0xc42, 0xc41, 0xc41, 0xc41, 0x0, 0x0, 0x0, 0x0, 0x0, 0xc68, 0xc69, 0xc70,
	0xc78, 0xc80, 0xc88, 0xd38, 0xc58, 0x1, 0x1, 0x1, 0x1, 0x1, 0x1, 0x1,
	0x1, 0xd98, 0xda0, 0xda8, 0xdb0, 0xcd1, 0x80c, 0x1, 0xdb8, 0xc30, 0xc38, 0x0,
	0x0, 0x0, 0x0, 0x0, 0xc42, 0xd88, 0xd90, 0xdc0, 0x80e, 0x1, 0xdc8, 0x810,
	0x1, 0xdd0, 0xce0, 0xce8, 0xdd8, 0x812, 0xcc8, 0xc48, 0xde0, 0x98c8, 0x98a9, 0x64bb,
	0x6cbb, 0x64a9, 0x6ca9, 0xe4a9, 0x7ca9, 0x84d9, 0x54bb, 0x84c8, 0x54a9, 0xcd1, 0xcd1, 0xdc1,
	0xdc1, 0xdc9, 0xdc9, 0xca9, 0xca9, 0x5ff, 0x0, 0x5ff, 0x38b9, 0x5ff, 0x44b9, 0x5ff,
	0x7cba, 0x5ff, 0x84b9, 0x5ff, 0x98ba, 0x5ff, 0xbcb9, 0x5ff, 0x38a8, 0x5ff, 0x44a8, 0x5ff,
	0x7ca8, 0x5ff, 0x84a8, 0x5ff, 0x98a8, 0x5ff, 0xbca8, 0x5ff, 0x46d9, 0x5ff, 0x46c8, 0x5ff,
	0x3af9, 0x5ff, 0x3ae8, 0x5ff, 0x7eda, 0x5ff, 0x7ec8, 0x5ff, 0x9ada, 0x5ff, 0x9ac8, 0x1ff
};

static constexpr uint16_t s_coll_smnFastLatinPrimaries[384] = {
	0x0, 0x0, 0x0, 0x0, 0x0, 0x0, 0x0, 0x0, 0x0, 0xc00, 0xc08, 0xc10,
	0xc18, 0xc20, 0x0, 0x0, 0x0, 0x0, 0x0, 0x0, 0x0, 0x0, 0x0, 0x0,
	0x0, 0x0, 0x0, 0x0, 0x0, 0x0, 0x0, 0x0, 0xc40, 0xca8, 0xcf0, 0xd78,
	0xe98, 0xd80, 0xd70, 0xcd8, 0xd08, 0xd10, 0xd58, 0xe30, 0xc90, 0xc60, 0xcd0, 0xd60,
	0x1000, 0x1400, 0x1800, 0x1c00, 0x2000, 0x2400, 0x2800, 0x2c00, 0x3000, 0x3400, 0xca0, 0xc98,
	0xe50, 0xe58, 0xe60, 0xcb8, 0xd50, 0x0, 0x4000, 0x0, 0x4c00, 0x5400, 0x5800, 0x5c00,
	0x6000, 0x6400, 0x6c00, 0x7000, 0x7400, 0x7800, 0x0, 0x0, 0x8800, 0x8c00, 0x9400, 0x0,
	0xa000, 0xa800, 0xac00, 0xb000, 0xb400, 0xb800, 0x0, 0xd18, 0xd68, 0xd20, 0xdf8, 0xc50,
	0xde8, 0x0, 0x4000, 0x0, 0x4c00, 0x5400, 0x5800, 0x5c00, 0x6000, 0x6400, 0x6c00, 0x7000,
	0x7400, 0x7800, 0x0, 0x0, 0x8800, 0x8c00, 0x9400, 0x0, 0xa000, 0xa800, 0xac00, 0xb000,
	0xb400, 0xb800, 0x0, 0xd28, 0xe70, 0xd30, 0xe80, 0x0, 0x0, 0x0, 0x0, 0x0,
	0x0, 0xc28, 0x0, 0x0, 0x0, 0x0, 0x0, 0x0, 0x0, 0x0, 0x0, 0x0,
	0x0, 0x0, 0x0, 0x0, 0x0, 0x0, 0x0, 0x0, 0x0, 0x0, 0x0, 0x0,
	0x0, 0x0, 0x0, 0x0, 0xc40, 0xcb0, 0xe90, 0xea0, 0xe88, 0xea8, 0xe78, 0xd40,
	0xe08, 0xe20, 0x3800, 0xcf8, 0xe68, 0x0, 0xe28, 0xe00, 0xe18, 0xe38, 0x1800, 0x1c00,
	0xdf0, 0x0, 0xd48, 0x0, 0xe10, 0x1400, 0x8400, 0xd00, 0x0, 0x0, 0x0, 0xcc0,
	0x3c00, 0xd800, 0x3c00, 0xd000, 0xd400, 0xcc00, 0xc400, 0x0, 0x5400, 0x5400, 0x5400, 0x5400,
	0x6400, 0x6400, 0x6400, 0x6400, 0x4c00, 0x8000, 0x8400, 0x8400, 0x8400, 0x8400, 0xdc00, 0xe48,
	0xc800, 0xa800, 0xa800, 0xa800, 0xa800, 0xb800, 0xe000, 0x0, 0x3c00, 0xd800, 0x3c00, 0xd000,
	0xd400, 0xcc00, 0xc400, 0x0, 0x5400, 0x5400, 0x5400, 0x5400, 0x6400, 0x6400, 0x6400, 0x6400,
	0x4c00, 0x8000, 0x8400, 0x8400, 0x8400, 0x8400, 0xdc00, 0xe40, 0xc800, 0xa800, 0xa800, 0xa800,
	0xa800, 0xb800, 0xe000, 0xb800, 0x3800, 0x3800, 0x3800, 0x3800, 0x0, 0x0, 0x4400, 0x4400,
	0x4400, 0x4400, 0x4400, 0x4400, 0x4800, 0x4800, 0x4c00, 0x4c00, 0x5000, 0x5000, 0x5400, 0x5400,
	0x5400, 0x5400, 0x5400, 0x5400, 0x5400, 0x5400, 0x5400, 0x5400, 0x5c00, 0x5c00, 0x5c00, 0x5c00,
	0x5c00, 0x5c00, 0x5c00, 0x5c00, 0x6000, 0x6000, 0x6000, 0x6000, 0x6400, 0x6400, 0x6400, 0x6400,
	0x6400, 0x6400, 0x6400, 0x6400, 0x6400, 0x6800, 0x0, 0x0, 0x6c00, 0x6c00, 0x7000, 0x7000,
	0x9000, 0x7400, 0x7400, 0x7400, 0x7400, 0x7400, 0x7400, 0x7400, 0x7400, 0x7400, 0x7400, 0x8000,
	0x8000, 0x0, 0x0, 0x7c00, 0x7c00, 0x0, 0x8000, 0x8000, 0x8400, 0x8400, 0x8400, 0x8400,
	0x8400, 0x8400, 0x0, 0x0, 0x9400, 0x9400, 0x9400, 0x9400, 0x9400, 0x9400, 0x9800, 0x9800,
	0x9800, 0x9800, 0x0, 0x0, 0x9c00, 0x9c00, 0xa000, 0xa000, 0xa000, 0xa000, 0xa400, 0xa400,
	0xa800, 0xa800, 0xa800, 0xa800, 0xa800, 0xa800, 0xa800, 0xa800, 0xa800, 0xa800, 0xa800, 0xa800,
	0xb000, 0xb000, 0xb800, 0xb800, 0xb800, 0xbc00, 0xbc00, 0xbc00, 0xbc00, 0xc000, 0xc000, 0x9800
};

static constexpr int32_t s_coll_smnFastLatinMiniVarTop = 0xbff;

static constexpr uint32_t s_coll_smnNumericPrimary = 0x10000000;
static constexpr int32_t s_coll_smnOptions = 0x2010;
static constexpr int32_t s_coll_smnJamoCe32sStart = -1;

static constexpr uint16_t s_coll_svTrieIndex[2112] = {
	0x0, 0x8, 0x10, 0x18, 0x30, 0x38, 0x40, 0x48, 0x50, 0x58, 0x5c, 0x64, 0x69, 0x71, 0x76, 0x7e,
	0x86, 0x8e, 0x30, 0x38, 0x30, 0x38, 0x30, 0x38, 0x30, 0x38, 0x30, 0x38, 0x30, 0x38, 0x30, 0x38,
	0x30, 0x38, 0x30, 0x38, 0x30, 0x38, 0x30, 0x38, 0x30, 0x38, 0x30, 0x38, 0x30, 0x38, 0x30, 0x38,
	0x30, 0x38, 0x30, 0x38, 0x30, 0x38, 0x30, 0x38, 0x30, 0x38, 0x30, 0x38, 0x30, 0x38, 0x30, 0x38,
	0x30, 0x30, 0x30, 0x30, 0x30, 0x30, 0x30, 0x30, 0x30, 0x30, 0x30, 0x30, 0x30, 0x30, 0x30, 0x30,
	0x30, 0x30, 0x30, 0x30, 0x30, 0x30, 0x30, 0x30, 0x30, 0x30, 0x30, 0x30, 0x30, 0x30, 0x30, 0x30,
	0x30, 0x30, 0x30, 0x30, 0x30, 0x30, 0x30, 0x30, 0x30, 0x30, 0x30, 0x30, 0x30, 0x30, 0x30, 0x30,
	0x30, 0x30, 0x30, 0x30, 0x30, 0x30, 0x30, 0x30, 0x30, 0x30, 0x30, 0x30, 0x30, 0x30, 0x30, 0x30,
	0x30, 0x30, 0x30, 0x30, 0x30, 0x30, 0x30, 0x30, 0x30, 0x30, 0x30, 0x30, 0x30, 0x30, 0x30, 0x30,
	0x30, 0x30, 0x30, 0x30, 0x30, 0x30, 0x30, 0x30, 0x30, 0x30, 0x30, 0x30, 0x30, 0x30, 0x30, 0x30,
	0x30, 0x30, 0x30, 0x30, 0x30, 0x30, 0x30, 0x30, 0x30, 0x30, 0x30, 0x30, 0x30, 0x30, 0x30, 0x30,
	0x30, 0x30, 0x30, 0x30, 0x30, 0x30, 0x30, 0x30, 0x30, 0x30, 0x30, 0x30, 0x30, 0x30, 0x30, 0x30,
	0x30, 0x30, 0x30, 0x30, 0x30, 0x30, 0x30, 0x30, 0x30, 0x30, 0x30, 0x30, 0x30, 0x30, 0x30, 0x30,
	0x30, 0x30, 0x30, 0x30, 0x30, 0x30, 0x30, 0x30, 0x30, 0x30, 0x30, 0x30, 0x30, 0x30, 0x30, 0x30,
	0x30, 0x30, 0x30, 0x30, 0x30, 0x30, 0x30, 0x30, 0x30, 0x30, 0x30, 0x30, 0x30, 0x30, 0x30, 0x30,
	0xa6, 0x30, 0x30, 0xaa, 0x30, 0xb2, 0xb7, 0xbf, 0x30, 0x30, 0x30, 0x30, 0x30, 0x30, 0x30, 0x30,
	0x30, 0x30, 0x30, 0x30, 0x30, 0x30, 0x30, 0x30, 0x30, 0xc5, 0x30, 0x30, 0x30, 0x30, 0x30, 0x30,
	0x30, 0x30, 0x30, 0x30, 0x30, 0x30, 0x30, 0x30, 0x30, 0x30, 0x30, 0x30, 0x30, 0x30, 0x30, 0x30,
	0x30, 0x30, 0x30, 0x30, 0x30, 0x30, 0x30, 0x30, 0x30, 0x30, 0x30, 0x30, 0x30, 0x30, 0x30, 0x30,
	0x30, 0x30, 0x30, 0x30, 0x30, 0x30, 0x30, 0x30, 0x30, 0x30, 0x30, 0x30, 0x30, 0x30, 0x30, 0x30,
	0x30, 0x30, 0x30, 0x30, 0x30, 0x30, 0x30, 0x30, 0x30, 0x30, 0x30, 0x30, 0x30, 0x30, 0x30, 0x30,
	0x30, 0x30, 0x30, 0x30, 0x30, 0x30, 0x30, 0x30, 0x30, 0x30, 0x30, 0x30, 0x30, 0x30, 0x30, 0x30,
	0x30, 0x30, 0x30, 0x30, 0x30, 0x30, 0x30, 0x30, 0x30, 0x30, 0x30, 0x30, 0x30, 0x30, 0x30, 0x30,
	0x30, 0x30, 0x30, 0x30, 0x30, 0x30, 0x30, 0x30, 0x30, 0x30, 0x30, 0x30, 0x30, 0x30, 0x30, 0x30,
	0x30, 0x30, 0x30, 0x30, 0x30, 0x30, 0x30, 0x30, 0x30, 0x30, 0x30, 0x30, 0x30, 0x30, 0x30, 0x30,
	0x30, 0x30, 0x30, 0x30, 0x30, 0x30, 0x30, 0x30, 0x30, 0x30, 0x30, 0x30, 0x30, 0x30, 0x30, 0x30,
	0x30, 0x30, 0x30, 0x30, 0x30, 0x30, 0x30, 0x30, 0x30, 0x30, 0x30, 0x30, 0x30, 0x30, 0x30, 0x30,
	0x30, 0x30, 0x30, 0x30, 0x30, 0x30, 0x30, 0x30, 0x30, 0x30, 0x30, 0x30, 0x30, 0x30, 0x30, 0x30,
	0x30, 0x30, 0x30, 0x30, 0x30, 0x30, 0x30, 0x30, 0x30, 0x30, 0x30, 0x30, 0x30, 0x30, 0x30, 0x30,
	0x30, 0x30, 0x30, 0x30, 0x30, 0x30, 0x30, 0x30, 0x30, 0x30, 0x30, 0x30, 0x30, 0x30, 0x30, 0x30,
	0x30, 0x30, 0x30, 0x30, 0x30, 0x30, 0x30, 0x30, 0x30, 0x30, 0x30, 0x30, 0x30, 0x30, 0x30, 0x30,
	0x30, 0x30, 0x30, 0x30, 0x30, 0x30, 0x30, 0x30, 0x30, 0x30, 0x30, 0x30, 0x30, 0x30, 0x30, 0x30,
	0x30, 0x30, 0x30, 0x30, 0x30, 0x30, 0x30, 0x30, 0x30, 0x30, 0x30, 0x30, 0x30, 0x30, 0x30, 0x30,
	0x30, 0x30, 0x30, 0x30, 0x30, 0x30, 0x30, 0x30, 0x30, 0x30, 0x30, 0x30, 0x30, 0x30, 0x30, 0x30,
	0x30, 0x30, 0x30, 0x30, 0x30, 0x30, 0x30, 0x30, 0x30, 0x30, 0x30, 0x30, 0x30, 0x30, 0x30, 0x30,
	0x30, 0x30, 0x30, 0x30, 0x30, 0x30, 0x30, 0x30, 0x30, 0x30, 0x30, 0x30, 0x30, 0x30, 0x30, 0x30,
	0x30, 0x30, 0x30, 0x30, 0x30, 0x30, 0x30, 0x30, 0x30, 0x30, 0x30, 0x30, 0x30, 0x30, 0x30, 0x30,
	0x30, 0x30, 0x30, 0x30, 0x30, 0x30, 0x30, 0x30, 0x30, 0x30, 0x30, 0x30, 0x30, 0x30, 0x30, 0x30,
	0x30, 0x30, 0x30, 0x30, 0x30, 0x30, 0x30, 0x30, 0x30, 0x30, 0x30, 0x30, 0x30, 0x30, 0x30, 0x30,
	0x30, 0x30, 0x30, 0x30, 0x30, 0x30, 0x30, 0x30, 0x30, 0x30, 0x30, 0x30, 0x30, 0x30, 0x30, 0x30,
	0x30, 0x30, 0x30, 0x30, 0x30, 0x30, 0x30, 0x30, 0x30, 0x30, 0x30, 0x30, 0x30, 0x30, 0x30, 0x30,
	0x30, 0x30, 0x30, 0x30, 0x30, 0x30, 0x30, 0x30, 0x30, 0x30, 0x30, 0x30, 0x30, 0x30, 0x30, 0x30,
	0x30, 0x30, 0x30, 0x30, 0x30, 0x30, 0x30, 0x30, 0x30, 0x30, 0x30, 0x30, 0x30, 0x30, 0x30, 0x30,
	0x30, 0x30, 0x30, 0x30, 0x30, 0x30, 0x30, 0x30, 0x30, 0x30, 0x30, 0x30, 0x30, 0x30, 0x30, 0x30,
	0x30, 0x30, 0x30, 0x30, 0x30, 0x30, 0x30, 0x30, 0x30, 0x30, 0x30, 0x30, 0x30, 0x30, 0x30, 0x30,
	0x30, 0x30, 0x30, 0x30, 0x30, 0x30, 0x30, 0x30, 0x30, 0x30, 0x30, 0x30, 0x30, 0x30, 0x30, 0x30,
	0x30, 0x30, 0x30, 0x30, 0x30, 0x30, 0x30, 0x30, 0x30, 0x30, 0x30, 0x30, 0x30, 0x30, 0x30, 0x30,
	0x30, 0x30, 0x30, 0x30, 0x30, 0x30, 0x30, 0x30, 0x30, 0x30, 0x30, 0x30, 0x30, 0x30, 0x30, 0x30,
	0x30, 0x30, 0x30, 0x30, 0x30, 0x30, 0x30, 0x30, 0x30, 0x30, 0x30, 0x30, 0x30, 0x30, 0x30, 0x30,
	0x30, 0x30, 0x30, 0x30, 0x30, 0x30, 0x30, 0x30, 0x30, 0x30, 0x30, 0x30, 0x30, 0x30, 0x30, 0x30,
	0x30, 0x30, 0x30, 0x30, 0x30, 0x30, 0x30, 0x30, 0x30, 0x30, 0x30, 0x30, 0x30, 0x30, 0x30, 0x30,
	0x30, 0x30, 0x30, 0x30, 0x30, 0x30, 0x30, 0x30, 0x30, 0x30, 0x30, 0x30, 0x30, 0x30, 0x30, 0x30,
	0x30, 0x30, 0x30, 0x30, 0x30, 0x30, 0x30, 0x30, 0x30, 0x30, 0x30, 0x30, 0x30, 0x30, 0x30, 0x30,
	0x30, 0x30, 0x30, 0x30, 0x30, 0x30, 0x30, 0x30, 0x30, 0x30, 0x30, 0x30, 0x30, 0x30, 0x30, 0x30,
	0x30, 0x30, 0x30, 0x30, 0x30, 0x30, 0x30, 0x30, 0x30, 0x30, 0x30, 0x30, 0x30, 0x30, 0x30, 0x30,
	0x30, 0x30, 0x30, 0x30, 0x30, 0x30, 0x30, 0x30, 0x30, 0x30, 0x30, 0x30, 0x30, 0x30, 0x30, 0x30,
	0x30, 0x30, 0x30, 0x30, 0x30, 0x30, 0x30, 0x30, 0x30, 0x30, 0x30, 0x30, 0x30, 0x30, 0x30, 0x30,
	0x30, 0x30, 0x30, 0x30, 0x30, 0x30, 0x30, 0x30, 0x30, 0x30, 0x30, 0x30, 0x30, 0x30, 0x30, 0x30,
	0x30, 0x30, 0x30, 0x30, 0x30, 0x30, 0x30, 0x30, 0x30, 0x30, 0x30, 0x30, 0x30, 0x30, 0x30, 0x30,
	0x30, 0x30, 0x30, 0x30, 0x30, 0x30, 0x30, 0x30, 0x30, 0x30, 0x30, 0x30, 0x30, 0x30, 0x30, 0x30,
	0x30, 0x30, 0x30, 0x30, 0x30, 0x30, 0x30, 0x30, 0x30, 0x30, 0x30, 0x30, 0x30, 0x30, 0x30, 0x30,
	0x30, 0x30, 0x30, 0x30, 0x30, 0x30, 0x30, 0x30, 0x30, 0x30, 0x30, 0x30, 0x30, 0x30, 0x30, 0x30,
	0x30, 0x30, 0x30, 0x30, 0x30, 0x30, 0x30, 0x30, 0x30, 0x30, 0x30, 0x30, 0x30, 0x30, 0x30, 0x30,
	0x30, 0x30, 0x30, 0x30, 0x30, 0x30, 0x30, 0x30, 0x30, 0x30, 0x30, 0x30, 0x30, 0x30, 0x30, 0x30,
	0x30, 0x30, 0x30, 0x30, 0x30, 0x30, 0x30, 0x30, 0x30, 0x30, 0x30, 0x30, 0x30, 0x30, 0x30, 0x30,
	0x30, 0x30, 0x30, 0x30, 0x30, 0x30, 0x30, 0x30, 0x30, 0x30, 0x30, 0x30, 0x30, 0x30, 0x30, 0x30,
	0x30, 0x30, 0x30, 0x30, 0x30, 0x30, 0x30, 0x30, 0x30, 0x30, 0x30, 0x30, 0x30, 0x30, 0x30, 0x30,
	0x30, 0x30, 0x30, 0x30, 0x30, 0x30, 0x30, 0x30, 0x30, 0x30, 0x30, 0x30, 0x30, 0x30, 0x30, 0x30,
	0x30, 0x30, 0x30, 0x30, 0x30, 0x30, 0x30, 0x30, 0x30, 0x30, 0x30, 0x30, 0x30, 0x30, 0x30, 0x30,
	0x30, 0x30, 0x30, 0x30, 0x30, 0x30, 0x30, 0x30, 0x30, 0x30, 0x30, 0x30, 0x30, 0x30, 0x30, 0x30,
	0x30, 0x30, 0x30, 0x30, 0x30, 0x30, 0x30, 0x30, 0x30, 0x30, 0x30, 0x30, 0x30, 0x30, 0x30, 0x30,
	0x30, 0x30, 0x30, 0x30, 0x30, 0x30, 0x30, 0x30, 0x30, 0x30, 0x30, 0x30, 0x30, 0x30, 0x30, 0x30,
	0x30, 0x30, 0x30, 0x30, 0x30, 0x30, 0x30, 0x30, 0x30, 0x30, 0x30, 0x30, 0x30, 0x30, 0x30, 0x30,
	0x30, 0x30, 0x30, 0x30, 0x30, 0x30, 0x30, 0x30, 0x30, 0x30, 0x30, 0x30, 0x30, 0x30, 0x30, 0x30,
	0x30, 0x30, 0x30, 0x30, 0x30, 0x30, 0x30, 0x30, 0x30, 0x30, 0x30, 0x30, 0x30, 0x30, 0x30, 0x30,
	0x30, 0x30, 0x30, 0x30, 0x30, 0x30, 0x30, 0x30, 0x30, 0x30, 0x30, 0x30, 0x30, 0x30, 0x30, 0x30,
	0x30, 0x30, 0x30, 0x30, 0x30, 0x30, 0x30, 0x30, 0x30, 0x30, 0x30, 0x30, 0x30, 0x30, 0x30, 0x30,
	0x30, 0x30, 0x30, 0x30, 0x30, 0x30, 0x30, 0x30, 0x30, 0x30, 0x30, 0x30, 0x30, 0x30, 0x30, 0x30,
	0x30, 0x30, 0x30, 0x30, 0x30, 0x30, 0x30, 0x30, 0x30, 0x30, 0x30, 0x30, 0x30, 0x30, 0x30, 0x30,
	0x30, 0x30, 0x30, 0x30, 0x30, 0x30, 0x30, 0x30, 0x30, 0x30, 0x30, 0x30, 0x30, 0x30, 0x30, 0x30,
	0x30, 0x30, 0x30, 0x30, 0x30, 0x30, 0x30, 0x30, 0x30, 0x30, 0x30, 0x30, 0x30, 0x30, 0x30, 0x30,
	0x30, 0x30, 0x30, 0x30, 0x30, 0x30, 0x30, 0x30, 0x30, 0x30, 0x30, 0x30, 0x30, 0x30, 0x30, 0x30,
	0x30, 0x30, 0x30, 0x30, 0x30, 0x30, 0x30, 0x30, 0x30, 0x30, 0x30, 0x30, 0x30, 0x30, 0x30, 0x30,
	0x30, 0x30, 0x30, 0x30, 0x30, 0x30, 0x30, 0x30, 0x30, 0x30, 0x30, 0x30, 0x30, 0x30, 0x30, 0x30,
	0x30, 0x30, 0x30, 0x30, 0x30, 0x30, 0x30, 0x30, 0x30, 0x30, 0x30, 0x30, 0x30, 0x30, 0x30, 0x30,
	0x30, 0x30, 0x30, 0x30, 0x30, 0x30, 0x30, 0x30, 0x30, 0x30, 0x30, 0x30, 0x30, 0x30, 0x30, 0x30,
	0xcd, 0xcd, 0xcd, 0xcd, 0xcd, 0xcd, 0xcd, 0xcd, 0xcd, 0xcd, 0xcd, 0xcd, 0xcd, 0xcd, 0xcd, 0xcd,
	0xcd, 0xcd, 0xcd, 0xcd, 0xcd, 0xcd, 0xcd, 0xcd, 0xcd, 0xcd, 0xcd, 0xcd, 0xcd, 0xcd, 0xcd, 0xcd,
	0xcd, 0xcd, 0xcd, 0xcd, 0xcd, 0xcd, 0xcd, 0xcd, 0xcd, 0xcd, 0xcd, 0xcd, 0xcd, 0xcd, 0xcd, 0xcd,
	0xcd, 0xcd, 0xcd, 0xcd, 0xcd, 0xcd, 0xcd, 0xcd, 0xcd, 0xcd, 0xcd, 0xcd, 0xcd, 0xcd, 0xcd, 0xcd,
	0xcd, 0xcd, 0xcd, 0xcd, 0xcd, 0xcd, 0xcd, 0xcd, 0xcd, 0xcd, 0xcd, 0xcd, 0xcd, 0xcd, 0xcd, 0xcd,
	0xcd, 0xcd, 0xcd, 0xcd, 0xcd, 0xcd, 0xcd, 0xcd, 0xcd, 0xcd, 0xcd, 0xcd, 0xcd, 0xcd, 0xcd, 0xcd,
	0xcd, 0xcd, 0xcd, 0xcd, 0xcd, 0xcd, 0xcd, 0xcd, 0xcd, 0xcd, 0xcd, 0xcd, 0xcd, 0xcd, 0xcd, 0xcd,
	0xcd, 0xcd, 0xcd, 0xcd, 0xcd, 0xcd, 0xcd, 0xcd, 0xcd, 0xcd, 0xcd, 0xcd, 0xcd, 0xcd, 0xcd, 0xcd,
	0xcd, 0xcd, 0xcd, 0xcd, 0xcd, 0xcd, 0xcd, 0xcd, 0xcd, 0xcd, 0xcd, 0xcd, 0xcd, 0xcd, 0xcd, 0xcd,
	0xcd, 0xcd, 0xcd, 0xcd, 0xcd, 0xcd, 0xcd, 0xcd, 0xcd, 0xcd, 0xcd, 0xcd, 0xcd, 0xcd, 0xcd, 0xcd,
	0xcd, 0xcd, 0xcd, 0xcd, 0xcd, 0xcd, 0xcd, 0xcd, 0xcd, 0xcd, 0xcd, 0xcd, 0xcd, 0xcd, 0xcd, 0xcd,
	0xcd, 0xcd, 0xcd, 0xcd, 0xcd, 0xcd, 0xcd, 0xcd, 0xcd, 0xcd, 0xcd, 0xcd, 0xcd, 0xcd, 0xcd, 0xcd,
	0xcd, 0xcd, 0xcd, 0xcd, 0xcd, 0xcd, 0xcd, 0xcd, 0xcd, 0xcd, 0xcd, 0xcd, 0xcd, 0xcd, 0xcd, 0xcd,
	0xcd, 0xcd, 0xcd, 0xcd, 0xcd, 0xcd, 0xcd, 0xcd, 0xcd, 0xcd, 0xcd, 0xcd, 0xcd, 0xcd, 0xcd, 0xcd,
	0xcd, 0xcd, 0xcd, 0xcd, 0xcd, 0xcd, 0xcd, 0xcd, 0xcd, 0xcd, 0xcd, 0xcd, 0xcd, 0xcd, 0xcd, 0xcd,
	0xcd, 0xcd, 0xcd, 0xcd, 0xcd, 0xcd, 0xcd, 0xcd, 0xcd, 0xcd, 0xcd, 0xcd, 0xcd, 0xcd, 0xcd, 0xcd,
	0xcd, 0xcd, 0xcd, 0xcd, 0xcd, 0xcd, 0xcd, 0xcd, 0xcd, 0xcd, 0xcd, 0xcd, 0xcd, 0xcd, 0xcd, 0xcd,
	0xcd, 0xcd, 0xcd, 0xcd, 0xcd, 0xcd, 0xcd, 0xcd, 0xcd, 0xcd, 0xcd, 0xcd, 0xcd, 0xcd, 0xcd, 0xcd,
	0xcd, 0xcd, 0xcd, 0xcd, 0xcd, 0xcd, 0xcd, 0xcd, 0xcd, 0xcd, 0xcd, 0xcd, 0xcd, 0xcd, 0xcd, 0xcd,
	0xcd, 0xcd, 0xcd, 0xcd, 0xcd, 0xcd, 0xcd, 0xcd, 0xcd, 0xcd, 0xcd, 0xcd, 0xcd, 0xcd, 0xcd, 0xcd,
	0xcd, 0xcd, 0xcd, 0xcd, 0xcd, 0xcd, 0xcd, 0xcd, 0xcd, 0xcd, 0xcd, 0xcd, 0xcd, 0xcd, 0xcd, 0xcd,
	0xcd, 0xcd, 0xcd, 0xcd, 0xcd, 0xcd, 0xcd, 0xcd, 0xcd, 0xcd, 0xcd, 0xcd, 0xcd, 0x9e, 0x30, 0x30,
	0x96, 0x96, 0x96, 0x96, 0x96, 0x96, 0x96, 0x96, 0x96, 0x96, 0x96, 0x96, 0x96, 0x96, 0x96, 0x96,
	0x96, 0x96, 0x96, 0x96, 0x96, 0x96, 0x96, 0x96, 0x96, 0x96, 0x96, 0x96, 0x96, 0x96, 0x96, 0x96,
	0x30, 0x30, 0x30, 0x30, 0x30, 0x30, 0x30, 0x30, 0x30, 0x30, 0x30, 0x30, 0x30, 0x30, 0x30, 0x30,
	0x30, 0x30, 0x30, 0x30, 0x30, 0x30, 0x30, 0x30, 0x30, 0x30, 0x30, 0x30, 0x30, 0x30, 0x30, 0x30,
	0x30, 0x30, 0x30, 0x30, 0x30, 0x30, 0x30, 0x30, 0x30, 0x30, 0x30, 0x30, 0x30, 0x30, 0x30, 0x30,
	0x30, 0x30, 0x30, 0x30, 0x30, 0x30, 0x30, 0x30, 0x30, 0x30, 0x30, 0x30, 0x30, 0x30, 0x30, 0x30,
	0x30, 0x30, 0x30, 0x30, 0x30, 0x30, 0x30, 0x30, 0x30, 0x30, 0x30, 0x30, 0x30, 0x30, 0x30, 0x30,
	0x30, 0x30, 0x30, 0x30, 0x30, 0x30, 0x30, 0x30, 0x30, 0x30, 0x30, 0x30, 0x30, 0x30, 0x30, 0x30,
	0x30, 0x30, 0x30, 0x30, 0x30, 0x30, 0x30, 0x30, 0x30, 0x30, 0x30, 0x30, 0x30, 0x30, 0x30, 0x30,
	0x30, 0x30, 0x30, 0x30, 0x30, 0x30, 0x30, 0x30, 0x30, 0x30, 0x30, 0x30, 0x30, 0x30, 0x30, 0x30,
	0x30, 0x30, 0x30, 0x30, 0x30, 0x30, 0x30, 0x30, 0x30, 0x30, 0x30, 0x30, 0x30, 0x30, 0x30, 0x30,
	0x30, 0x30, 0x30, 0x30, 0x30, 0x30, 0x30, 0x30, 0x30, 0x30, 0x30, 0x30, 0x30, 0x30, 0x30, 0x30,
	0x30, 0x30, 0x30, 0x30, 0x30, 0x30, 0x30, 0x30, 0x30, 0x30, 0x30, 0x30, 0x30, 0x30, 0x30, 0x30,
	0x30, 0x30, 0x30, 0x30, 0x30, 0x30, 0x30, 0x30, 0x30, 0x30, 0x30, 0x30, 0x30, 0x30, 0x30, 0x30,
	0x30, 0x30, 0x30, 0x30, 0x30, 0x30, 0x30, 0x30, 0x30, 0x30, 0x30, 0x30, 0x30, 0x30, 0x30, 0x30,
	0x30, 0x30, 0x30, 0x30, 0x30, 0x30, 0x30, 0x30, 0x30, 0x30, 0x30, 0x30, 0x30, 0x30, 0x30, 0x30,
	0x30, 0x30, 0x30, 0x30, 0x30, 0x30, 0x30, 0x30, 0x30, 0x30, 0x30, 0x30, 0x30, 0x30, 0x30, 0x30,
	0x30, 0x30, 0x30, 0x30, 0x30, 0x30, 0x30, 0x30, 0x30, 0x30, 0x30, 0x30, 0x30, 0x30, 0x30, 0x30,
	0x30, 0x30, 0x30, 0x30, 0x30, 0x30, 0x30, 0x30, 0x30, 0x30, 0x30, 0x30, 0x30, 0x30, 0x30, 0x30,
	0x30, 0x30, 0x30, 0x30, 0x30, 0x30, 0x30, 0x30, 0x30, 0x30, 0x30, 0x30, 0x30, 0x30, 0x30, 0x30,
	0x30, 0x30, 0x30, 0x30, 0x30, 0x30, 0x30, 0x30, 0x30, 0x30, 0x30, 0x30, 0x30, 0x30, 0x30, 0x30,
	0x30, 0x30, 0x30, 0x30, 0x30, 0x30, 0x30, 0x30, 0x30, 0x30, 0x30, 0x30, 0x30, 0x30, 0x30, 0x30,
	0x80, 0x80, 0xc0, 0x100, 0x140, 0x170, 0x1a4, 0x1d8, 0x218, 0xc0, 0xc0, 0xc0, 0xc0, 0xc0, 0xc0, 0xc0,
	0xc0, 0xc0, 0xc0, 0xc0, 0xc0, 0xc0, 0xc0, 0xc0, 0xc0, 0xc0, 0xc0, 0xc0, 0xc0, 0xc0, 0xc0, 0xc0
};

static constexpr uint32_t s_coll_svTrieData[856] = {
	0xcb, 0x0, 0x0, 0x0, 0x0, 0x0, 0x0, 0x0,
	0x0, 0x3040505, 0x3060505, 0x3080505, 0x30a0505, 0x30c0505, 0x0, 0x0,
	0x0, 0x0, 0x0, 0x0, 0x0, 0x0, 0x0, 0x0,
	0x0, 0x0, 0x0, 0x0, 0x0, 0x0, 0x0, 0x0,
	0x4000505, 0x75a0505, 0x9760505, 0xa940505, 0xda90505, 0xa960505, 0xa8e0505, 0x9700505,
	0x97c0505, 0x97e0505, 0xa7e0505, 0xc7b0505, 0x6000505, 0x50e0505, 0x8000505, 0xa880505,
	0xf40ca, 0xf61ca, 0xf82ca, 0xfa3ca, 0xfc4ca, 0xfe5ca, 0x1006ca, 0x1027ca,
	0x1048ca, 0x1069ca, 0x7360505, 0x72a0505, 0xc850505, 0xc870505, 0xc890505, 0x7640505,
	0xa7c0505, 0x6c9, 0x2d00059c, 0x2f00059c, 0x3100059c, 0xe6c9, 0x3500059c, 0x3700059c,
	0x3900059c, 0x3b00059c, 0x3d00059c, 0x3f00059c, 0x4100059c, 0x4300059c, 0x4500059c, 0x1a6c9,
	0x4900059c, 0x4b00059c, 0x4d00059c, 0x4f00059c, 0x5100059c, 0x326c9, 0x5500059c, 0x570005a0,
	0x5900059c, 0x5b00059c, 0x5d00059c, 0x9800505, 0xa8a0505, 0x9820505, 0xc0a0505, 0x50a0505,
	0xc040505, 0x4c6c9, 0x2d000505, 0x2f000505, 0x31000505, 0x626c9, 0x35000505, 0x37000505,
	0x39000505, 0x3b000505, 0x3d000505, 0x3f000505, 0x41000505, 0x43000505, 0x45000505, 0x6e6c9,
	0x49000505, 0x4b000505, 0x4d000505, 0x4f000505, 0x51000505, 0x886c9, 0x55000505, 0x57000505,
	0x59000505, 0x5b000505, 0x5d000505, 0x9840505, 0xc8d0505, 0x9860505, 0xc910505, 0x0,
	0xfffd0505, 0xfffd0505, 0xfffd0505, 0xfffd0505, 0xfffd0505, 0xfffd0505, 0xfffd0505, 0xfffd0505,
	0xfffd0505, 0xfffd0505, 0xfffd0505, 0xfffd0505, 0xfffd0505, 0xfffd0505, 0xfffd0505, 0xfffd0505,
	0xfffd0505, 0xfffd0505, 0xfffd0505, 0xfffd0505, 0xfffd0505, 0xfffd0505, 0xfffd0505, 0xfffd0505,
	0xfffd0505, 0xfffd0505, 0xfffd0505, 0xfffd0505, 0xfffd0505, 0xfffd0505, 0xfffd0505, 0xfffd0505,
	0xfffd0505, 0xfffd0505, 0xfffd0505, 0xfffd0505, 0xfffd0505, 0xfffd0505, 0xfffd0505, 0xfffd0505,
	0xfffd0505, 0xfffd0505, 0xfffd0505, 0xfffd0505, 0xfffd0505, 0xfffd0505, 0xfffd0505, 0xfffd0505,
	0xfffd0505, 0xfffd0505, 0xfffd0505, 0xfffd0505, 0xfffd0505, 0xfffd0505, 0xfffd0505, 0xfffd0505,
	0xfffd0505, 0xfffd0505, 0xfffd0505, 0xfffd0505, 0xfffd0505, 0xfffd0505, 0xfffd0505, 0xfffd0505,
	0xc0, 0xc0, 0xc0, 0xc0, 0xc0, 0xc0, 0xc0, 0xc0,
	0xc0, 0xc0, 0xc0, 0xc0, 0xc0, 0xc0, 0xc0, 0xc0,
	0xc0, 0xc0, 0xc0, 0xc0, 0xc0, 0xc0, 0xc0, 0xc0,
	0xc0, 0xc0, 0xc0, 0xc0, 0xc0, 0xc0, 0xc0, 0xc0,
	0xc0, 0xc0, 0xc0, 0xc0, 0xc0, 0xc0, 0xc0, 0xc0,
	0xc0, 0xc0, 0xc0, 0xc0, 0xc0, 0xc0, 0xc0, 0xc0,
	0xc0, 0xc0, 0xc0, 0xc0, 0xc0, 0xc0, 0xc0, 0xc0,
	0xc0, 0xc0, 0xc0, 0xc0, 0xc0, 0xc0, 0xc0, 0xc0,
	0x2b9c8ac4, 0x2b9c88c4, 0x2b9c8ec4, 0x2b9c9ac4, 0x1c6, 0x21c6, 0x121c6, 0x2f9ca0c4,
	0x339c8ac4, 0x339c88c4, 0x339c8ec4, 0x339c96c4, 0x3b9c8ac4, 0x3b9c88c4, 0x3b9c8ec4, 0x3b9c96c4,
	0x31004786, 0x459c9ac4, 0x479c8ac4, 0x479c88c4, 0x61c6, 0x479c9ac4, 0x81c6, 0xc830505,
	0x141c6, 0x539c8ac4, 0x539c88c4, 0x539c8ec4, 0x5b004686, 0x5b9c88c4, 0xa2c5, 0xf02c5,
	0x2b058ac4, 0x2b0588c4, 0x2b058ec4, 0x2b059ac4, 0x5e7903c1, 0x5e7902c1, 0x161c6, 0x2f05a0c4,
	0x33058ac4, 0x330588c4, 0x33058ec4, 0x330596c4, 0x3b058ac4, 0x3b0588c4, 0x3b058ec4, 0x3b0596c4,
	0x31004705, 0x45059ac4, 0x47058ac4, 0x470588c4, 0xe1c6, 0x47059ac4, 0x5e7904c1, 0xc810505,
	0x181c6, 0x53058ac4, 0x530588c4, 0x53058ec4, 0x5b004605, 0x5b0588c4, 0xe2c5, 0x5b0596c4,
	0xc0, 0xc0, 0xc0, 0xc0, 0xa46c9, 0xb66c9, 0xc0, 0xc0,
	0xc0, 0xc0, 0xc0, 0xc0, 0xc0, 0xc0, 0xc0, 0xc0,
	0x31004686, 0x31004605, 0xc0, 0xc0, 0xc0, 0xc0, 0xc0, 0xc0,
	0x41c6, 0xc1c6, 0xc0, 0xc0, 0xc0, 0xc0, 0xc0, 0xc0,
	0xc0, 0xc0, 0xc0, 0xc0, 0xc0, 0xc0, 0xc0, 0xc0,
	0xc0, 0xc0, 0xc0, 0xc0, 0xc0, 0xc0, 0xc0, 0xc0,
	0xc0, 0xc0, 0xc0, 0xc0, 0xc0, 0xc0, 0xc0, 0xc0,
	0xc0, 0xc0, 0xc0, 0xc0, 0xc0, 0xc0, 0xc0, 0xc0,
	0xa1c6, 0x101c6, 0x221c6, 0x241c6, 0xc0, 0xc0, 0xc0, 0xc0,
	0xc0, 0xc0, 0xc0, 0xc0, 0xc0, 0xc0, 0xc0, 0xc0,
	0xc0, 0xc0, 0xc0, 0xc0, 0xc0, 0xc0, 0xc0, 0xc0,
	0xc0, 0xc0, 0xc0, 0xc0, 0xc0, 0xc0, 0xc0, 0xc0,
	0x5b004786, 0x5b004705, 0xc86c9, 0xda6c9, 0xc0, 0xc0, 0xc0, 0xc0,
	0xc0, 0xc0, 0xc0, 0xc0, 0xc0, 0xc0, 0xc0, 0xc0,
	0xc0, 0xc0, 0xc0, 0xc0, 0xc0, 0xc0, 0xc0, 0xc0,
	0xc0, 0xc0, 0xc0, 0xc0, 0xc0, 0xc0, 0xc0, 0xc0,
	0xc0, 0xc0, 0xc0, 0xc0, 0xec6c9, 0x1046c9, 0xc0, 0xc0,
	0xc0, 0xc0, 0xc0, 0xc0, 0xc0, 0xc0, 0xc0, 0xc0,
	0xc0, 0xc0, 0xc0, 0x11c6c9, 0x12e6c9, 0xc0, 0xc0, 0xc0,
	0xc0, 0xc0, 0xc0, 0xc0, 0xc0, 0xc0, 0xc0, 0xc0,
	0xc0, 0xc0, 0xc0, 0xc0, 0xc0, 0xc0, 0xc0, 0xc0,
	0xc0, 0xc0, 0xc0, 0xc0, 0xc0, 0x3e2c5, 0x422c5, 0x22c5,
	0x62c5, 0x462c5, 0x4a2c5, 0x4e2c5, 0x522c5, 0xc0, 0x3a2c6, 0x562c5,
	0xc0, 0xc0, 0x3e2c6, 0x422c6, 0xc0, 0xc0, 0xc0, 0xc0,
	0xc0, 0xc0, 0x1406c9, 0x1586c9, 0xc0, 0xc0, 0xc0, 0xc0,
	0xc0, 0xc0, 0xc0, 0xc0, 0xc0, 0xc0, 0xc0, 0xc0,
	0xc0, 0xc0, 0x5a2c6, 0x5e2c5, 0x5e2c6, 0x622c6, 0x662c6, 0x6a2c6,
	0xc0, 0xc0, 0xc0, 0xc0, 0xc0, 0xc0, 0xc0, 0xc0,
	0xc0, 0xc0, 0xc0, 0xc0, 0xc0, 0xc0, 0xc0, 0xc0,
	0xc0, 0xc0, 0xc0, 0xc0, 0xc0, 0xc0, 0xc0, 0xc0,
	0xc0, 0xc0, 0xc0, 0xc0, 0xc0, 0xc0, 0xc0, 0xc0,
	0xc0, 0xc0, 0xc0, 0xc0, 0xc0, 0xc0, 0xc0, 0xc0,
	0xc0, 0xc0, 0x6e2c6, 0x622c5, 0xc0, 0xc0, 0xc0, 0xc0,
	0xc0, 0xc0, 0xc0, 0xc0, 0xc0, 0xc0, 0xc0, 0xc0,
	0xc0, 0xc0, 0xc0, 0xc0, 0xc0, 0xc0, 0xc0, 0xc0,
	0x1cd, 0x1cd, 0x1cd, 0x1cd, 0x1cd, 0x1cd, 0x1cd, 0x1cd,
	0x1cd, 0x1cd, 0x1cd, 0x1cd, 0x1cd, 0x1cd, 0x1cd, 0x1cd,
	0x1cd, 0x1cd, 0x1cd, 0x1cd, 0x1cd, 0x1cd, 0x1cd, 0x1cd,
	0x1cd, 0x1cd, 0x1cd, 0x1cd, 0x1cd, 0x1cd, 0x1cd, 0x1cd,
	0x1cc, 0x1cc, 0x1cc, 0x1cc, 0xc0, 0xc0, 0xc0, 0xc0,
	0xc0, 0xc0, 0xc0, 0xc0, 0xc0, 0xc0, 0xc0, 0xc0,
	0xc0, 0xc0, 0xc0, 0xc0, 0xc0, 0xc0, 0xc0, 0xc0,
	0xc0, 0xc0, 0xc0, 0xc0, 0xc0, 0xc0, 0xc0, 0xc0,
	0x1706c9, 0x1826c9, 0xc0, 0xc0, 0xc0, 0xc0, 0xc0, 0xc0,
	0xc0, 0xc0, 0xc0, 0xc0, 0xc0, 0xc0, 0xc0, 0xc0,
	0xc0, 0xc0, 0xc0, 0xc0, 0xc0, 0xc0, 0xc0, 0xc0,
	0xc0, 0xc0, 0xc0, 0xc0, 0xc0, 0xc0, 0xc0, 0xc0,
	0xc0, 0xc0, 0x1946c9, 0x1a66c9, 0x1b86c9, 0x1ca6c9, 0x1dc6c9, 0x1ee6c9,
	0xc0, 0xc0, 0xc0, 0xc0, 0xc0, 0xc0, 0xc0, 0xc0,
	0x2006c9, 0x2126c9, 0xc0, 0xc0, 0xc0, 0xc0, 0xc0, 0xc0,
	0xc0, 0xc0, 0xc0, 0xc0, 0xc0, 0xc0, 0xc0, 0xc0,
	0xc0, 0xc0, 0xc0, 0xc0, 0xc0, 0xc0, 0xc0, 0xc0,
	0xc0, 0xc0, 0xc0, 0xc0, 0xc0, 0xc0, 0xc0, 0xc0,
	0x2246c9, 0x23c6c9, 0xc0, 0xc0, 0x962c6, 0x9a2c6, 0x9e2c6, 0xa22c6,
	0xa62c6, 0xaa2c6, 0xae2c6, 0xb22c6, 0x822c6, 0x8e2c6, 0xc0, 0xc0,
	0xc0, 0xc0, 0xc0, 0xc0, 0xc0, 0xc0, 0x2546c9, 0x26c6c9,
	0x2846c9, 0x2966c9, 0xc0, 0xc0, 0xc0, 0xc0, 0xc0, 0xc0,
	0xc0, 0xc0, 0xc0, 0xc0, 0x2a86c9, 0x2ba6c9, 0xc0, 0xc0,
	0xc0, 0xc0, 0xc0, 0xc0, 0xc0, 0xc0, 0xc0, 0xc0,
	0xc0, 0xc0, 0xc0, 0xc0, 0xc0, 0xc0, 0xc0, 0x21c6,
	0xc0, 0xc0, 0xc0, 0xc0, 0xc0, 0xc0, 0xc0, 0xc0,
	0xc0, 0xc0, 0xc0, 0xc0, 0xc0, 0xc0, 0xc0, 0xc0,
	0xc0, 0xc0, 0xc0, 0xc0, 0x1cc, 0x1cc, 0x1cc, 0x1cc,
	0x1cc, 0x1cc, 0x1cc, 0x1cc, 0x1cc, 0x1cc, 0x1cc, 0x1cc,
	0x1cc, 0x1cc, 0x1cc, 0x1cc, 0x1cc, 0x1cc, 0x1cc, 0x1cc,
	0x1cc, 0x1cc, 0x1cc, 0x1cc, 0x1cc, 0x1cc, 0x1cc, 0x1cc,
	0x1cc, 0x1cc, 0x1cc, 0x1cc, 0xc0, 0xc0, 0xc0, 0xc0
};

static constexpr int32_t s_coll_svTrieIndexLength = 2112;
static constexpr int32_t s_coll_svTrieDataLength = 856;
static constexpr char32_t s_coll_svTrieHighStart = 0xe000;
static constexpr int32_t s_coll_svTrieHighValueIndex = 852;

static constexpr uint32_t s_coll_svCe32s[132] = {
	0x0, 0x5b004686, 0x8805, 0x5b004605, 0x8805, 0x5100059d, 0x3900059c, 0x51000506,
	0x39000505, 0x5e7903c1, 0xa205, 0x5e7902c1, 0xa205, 0x5b004686, 0xa205, 0x5b004786,
	0xa205, 0x5b004605, 0xa205, 0x5b004705, 0xa205, 0x5e7904c1, 0xbe05, 0x5b004686,
	0xbe05, 0x5b004786, 0xbe05, 0x5b004605, 0xbe05, 0x5b004705, 0xbe05, 0x5b004686,
	0xa405, 0x5b004605, 0xa405, 0x5b004686, 0x9005, 0x5b004605, 0x9005, 0x5b004686,
	0x8a05, 0x5b004605, 0x8a05, 0x5e7903c1, 0xa405, 0x5e7904c1, 0xa205, 0x5e7902c1,
	0x8805, 0x5e7904c1, 0xa405, 0x5e7903c1, 0xc805, 0x5e7902c1, 0xc805, 0x5b004686,
	0xc605, 0x5b004786, 0xc605, 0x5b004605, 0xc605, 0x5b004705, 0xc605, 0x5b004686,
	0xd005, 0x5b004786, 0xd005, 0x5b004605, 0xd005, 0x5b004705, 0xd005, 0x5b004686,
	0xcc05, 0x5b004786, 0xcc05, 0x5b004605, 0xcc05, 0x5b004705, 0xcc05, 0x5e7903c1,
	0xc405, 0x5e7902c1, 0xc405, 0x5e7904c1, 0xc405, 0x4700059c, 0xbe05, 0xc405,
	0x47000505, 0xbe05, 0xc405, 0x5e7904c1, 0xbe05, 0xc405, 0x5b004686, 0xc405,
	0x5b004786, 0xc405, 0x5b004605, 0xc405, 0x5b004705, 0xc405, 0x5300059c, 0xbe05,
	0xc405, 0x5b004686, 0xbe05, 0xc405, 0x5b004786, 0xbe05, 0xc405, 0x53000505,
	0xbe05, 0xc405, 0x5b004605, 0xbe05, 0xc405, 0x5b004705, 0xbe05, 0xc405,
	0x4f007005, 0x4f000513, 0x12000505, 0x14000505, 0x16000505, 0x18000505, 0x1a000505, 0x1c000505,
	0x1e000505, 0x20000505, 0x22000505, 0x24000505
};

static constexpr int64_t s_coll_svCes[106] = {
	int64_t(0x5e79030005008600ULL), int64_t(0x5e79020005008600ULL), int64_t(0x5e79030047008600ULL), int64_t(0x5e79040049008600ULL), int64_t(0x5e79040005008600ULL),
	int64_t(0x5e79040047008600ULL), int64_t(0x5e79030047000500ULL), int64_t(0x5e79040049000500ULL), int64_t(0x5e79040047000500ULL), int64_t(0x5e79030046008600ULL),
	int64_t(0x5e79040046008600ULL), int64_t(0x5e79030046000500ULL), int64_t(0x5e79040046000500ULL), int64_t(0x5e79030005008600ULL), int64_t(0xa2000500ULL),
	int64_t(0x5e79020005008600ULL), int64_t(0xa2000500ULL), int64_t(0x5e79040048008600ULL), int64_t(0x5e79040048000500ULL), int64_t(0x5e79040049008600ULL),
	int64_t(0xbe000500ULL), int64_t(0x5e79040005008600ULL), int64_t(0xbe000500ULL), int64_t(0x5e79040047008600ULL), int64_t(0xbe000500ULL),
	int64_t(0x5e79040049000500ULL), int64_t(0xbe000500ULL), int64_t(0x5e79040047000500ULL), int64_t(0xbe000500ULL), int64_t(0x5e79030005008600ULL),
	int64_t(0xa4000500ULL), int64_t(0x5e79030046008600ULL), int64_t(0xa4000500ULL), int64_t(0x5e79030046000500ULL), int64_t(0xa4000500ULL),
	int64_t(0x5e79040049008600ULL), int64_t(0xa2000500ULL), int64_t(0x5e79040005008600ULL), int64_t(0xa2000500ULL), int64_t(0x5e79040047008600ULL),
	int64_t(0xa2000500ULL), int64_t(0x5e79040049000500ULL), int64_t(0xa2000500ULL), int64_t(0x5e79040047000500ULL), int64_t(0xa2000500ULL),
	int64_t(0x5e79020005008600ULL), int64_t(0x88000500ULL), int64_t(0x5e79030046008600ULL), int64_t(0x88000500ULL), int64_t(0x5e79030046000500ULL),
	int64_t(0x88000500ULL), int64_t(0x5e79040046008600ULL), int64_t(0x88000500ULL), int64_t(0x5e79040046000500ULL), int64_t(0x88000500ULL),
	int64_t(0x5e79040005008600ULL), int64_t(0xa4000500ULL), int64_t(0x5e79030005008600ULL), int64_t(0xc8000500ULL), int64_t(0x5e79020005008600ULL),
	int64_t(0xc8000500ULL), int64_t(0x5e79030005008600ULL), int64_t(0xc4000500ULL), int64_t(0x5e79020005008600ULL), int64_t(0xc4000500ULL),
	int64_t(0x5e79040049008600ULL), int64_t(0xc4000500ULL), int64_t(0x5e79040005008600ULL), int64_t(0xc4000500ULL), int64_t(0x5e79040047008600ULL),
	int64_t(0xc4000500ULL), int64_t(0x5e79040049000500ULL), int64_t(0xc4000500ULL), int64_t(0x5e79040047000500ULL), int64_t(0xc4000500ULL),
	int64_t(0x5e79040049008600ULL), int64_t(0x88000500ULL), int64_t(0x5e79040049000500ULL), int64_t(0x88000500ULL), int64_t(0x5e79040049008600ULL),
	int64_t(0x8a000500ULL), int64_t(0x5e79040049000500ULL), int64_t(0x8a000500ULL), int64_t(0x5e79040049008600ULL), int64_t(0xb6000500ULL),
	int64_t(0x5e79040049000500ULL), int64_t(0xb6000500ULL), int64_t(0x5e79040049008600ULL), int64_t(0x9a000500ULL), int64_t(0x5e79040049000500ULL),
	int64_t(0x9a000500ULL), int64_t(0x5e79040049008600ULL), int64_t(0xbe000500ULL), int64_t(0xc4000500ULL), int64_t(0x5e79040005008600ULL),
	int64_t(0xbe000500ULL), int64_t(0xc4000500ULL), int64_t(0x5e79040047008600ULL), int64_t(0xbe000500ULL), int64_t(0xc4000500ULL),
	int64_t(0x5e79040049000500ULL), int64_t(0xbe000500ULL), int64_t(0xc4000500ULL), int64_t(0x5e79040047000500ULL), int64_t(0xbe000500ULL),
	int64_t(0xc4000500ULL)
};

static constexpr char16_t s_coll_svContexts[358] = {
	0x2b00, 0x59c, 0x1, 0x308, 0x81c6, 0x30a, 0xa1c6, 0x3300, 0x59c, 0x30, 0x328, 0xc000,
	0x41c6, 0x4700, 0x59c, 0x2, 0x302, 0xc000, 0x61c6, 0x308, 0xc000, 0x81c6, 0x30b, 0xc000,
	0xa1c6, 0x5300, 0x59c, 0x2, 0x308, 0xffff, 0x5b00, 0x4686, 0x30b, 0xffff, 0x5b00, 0x4786,
	0x344, 0xa2c5, 0x2b00, 0x505, 0x1, 0x308, 0xffff, 0x5e79, 0x3c1, 0x30a, 0xffff, 0x5e79,
	0x2c1, 0x3300, 0x505, 0x30, 0x328, 0xc000, 0xc1c6, 0x4700, 0x505, 0x2, 0x302, 0xc000,
	0xe1c6, 0x308, 0xffff, 0x5e79, 0x4c1, 0x30b, 0xc001, 0x1c6, 0x5300, 0x505, 0x2, 0x308,
	0xffff, 0x5b00, 0x4605, 0x30b, 0xffff, 0x5b00, 0x4705, 0x344, 0xc000, 0x62c5, 0x2b9c, 0xa2c4,
	0x1, 0x308, 0xc001, 0xa2c6, 0x30a, 0xc001, 0xe2c6, 0x2b05, 0xa2c4, 0x1, 0x308, 0xc001,
	0x22c5, 0x30a, 0xc001, 0x62c5, 0x539c, 0xa2c4, 0x1, 0x308, 0xc001, 0xa2c5, 0x30b, 0xc001,
	0xe2c5, 0x5305, 0xa2c4, 0x1, 0x308, 0xc002, 0x22c5, 0x30b, 0xc002, 0x62c5, 0x479c, 0xbec4,
	0x2, 0x302, 0xc002, 0x62c6, 0x308, 0xc002, 0xa2c6, 0x30b, 0xc002, 0xe2c6, 0x4705, 0xbec4,
	0x2, 0x302, 0xc003, 0x22c6, 0x308, 0xc002, 0xa2c5, 0x30b, 0xc003, 0x62c6, 0x539c, 0xbec4,
	0x1, 0x308, 0xc002, 0xe2c5, 0x30b, 0xc003, 0x22c5, 0x5305, 0xbec4, 0x1, 0x308, 0xc003,
	0x62c5, 0x30b, 0xc003, 0xa2c5, 0x479c, 0xa2c4, 0x2, 0x302, 0xc004, 0x62c6, 0x308, 0xc004,
	0xa2c6, 0x30b, 0xc004, 0xe2c6, 0x4705, 0xa2c4, 0x2, 0x302, 0xc005, 0x22c6, 0x308, 0xc005,
	0xa2c5, 0x30b, 0xc005, 0x62c6, 0x2b9c, 0xc8c4, 0x1, 0x308, 0xc007, 0x22c6, 0x30a, 0xc007,
	0x62c6, 0x2b05, 0xc8c4, 0x1, 0x308, 0xc006, 0x62c5, 0x30a, 0xc006, 0xa2c5, 0x539c, 0xc6c4,
	0x1, 0x308, 0xc006, 0xe2c5, 0x30b, 0xc007, 0x22c5, 0x5305, 0xc6c4, 0x1, 0x308, 0xc007,
	0x62c5, 0x30b, 0xc007, 0xa2c5, 0x539c, 0xd0c4, 0x1, 0x308, 0xc007, 0xe2c5, 0x30b, 0xc008,
	0x22c5, 0x5305, 0xd0c4, 0x1, 0x308, 0xc008, 0x62c5, 0x30b, 0xc008, 0xa2c5, 0x539c, 0xccc4,
	0x1, 0x308, 0xc008, 0xe2c5, 0x30b, 0xc009, 0x22c5, 0x5305, 0xccc4, 0x1, 0x308, 0xc009,
	0x62c5, 0x30b, 0xc009, 0xa2c5, 0x2b9c, 0xc4c4, 0x1, 0x308, 0xc007, 0xa2c6, 0x30a, 0xc007,
	0xe2c6, 0x2b05, 0xc4c4, 0x1, 0x308, 0xc009, 0xe2c5, 0x30a, 0xc00a, 0x22c5, 0x479c, 0xc4c4,
	0x2, 0x302, 0xc008, 0x22c6, 0x308, 0xc008, 0x62c6, 0x30b, 0xc008, 0xa2c6, 0x4705, 0xc4c4,
	0x2, 0x302, 0xc008, 0xe2c6, 0x308, 0xc00a, 0x62c5, 0x30b, 0xc009, 0x22c6, 0xa, 0xa3c5,
	0x2, 0x302, 0xc00b, 0x63c6, 0x308, 0xc00b, 0xc3c6, 0x30b, 0xc00c, 0x23c6, 0xb, 0x3c5,
	0x2, 0x302, 0xc00c, 0x83c6, 0x308, 0xc00b, 0x63c5, 0x30b, 0xc00c, 0xe3c6, 0x539c, 0xc4c4,
	0x1, 0x308, 0xc00b, 0xc2c5, 0x30b, 0xc00c, 0x2c5, 0x5305, 0xc4c4, 0x1, 0x308, 0xc00c,
	0x42c5, 0x30b, 0xc00c, 0x82c5, 0xc, 0xc3c5, 0x1, 0x308, 0xc00d, 0x23c5, 0x30b, 0xc00d,
	0x83c5, 0xd, 0xe3c5, 0x1, 0x308, 0xc00e, 0x43c5, 0x30b, 0xc00e, 0xa3c5
};

static constexpr uint16_t s_coll_svFastLatin[500] = {
	0x205, 0xc40, 0xde0, 0xe80, 0xea8, 0x414, 0x0, 0x0, 0x0, 0x0, 0x0, 0x0,
	0x0, 0x0, 0xc00, 0xc08, 0xc10, 0xc18, 0xc20, 0x0, 0x0, 0x0, 0x0, 0x0,
	0x0, 0x0, 0x0, 0x0, 0x0, 0x0, 0x0, 0x0, 0x0, 0x0, 0x0, 0x0,
	0x0, 0xc40, 0xca8, 0xcf0, 0xd78, 0xe98, 0xd80, 0xd70, 0xcd8, 0xd08, 0xd10, 0xd58,
	0xe30, 0xc90, 0xc60, 0xcd0, 0xd60, 0x10a8, 0x14a8, 0x18a8, 0x1ca8, 0x20a8, 0x24a8, 0x28a8,
	0x2ca8, 0x30a8, 0x34a8, 0xca0, 0xc98, 0xe50, 0xe58, 0xe60, 0xcb8, 0xd50, 0x416, 0x3cb9,
	0x40b9, 0x44b9, 0x418, 0x4cb9, 0x50b9, 0x54b9, 0x58ba, 0x60ba, 0x64b9, 0x68b9, 0x6cb9, 0x70ba,
	0x41a, 0x7cb9, 0x80b9, 0x88b9, 0x8cba, 0x90ba, 0x41c, 0x9cb9, 0xa0b9, 0xa4b9, 0xa8b9, 0xacb9,
	0xd18, 0xd68, 0xd20, 0xdf8, 0xc50, 0xde8, 0x41e, 0x3ca8, 0x40a8, 0x44a8, 0x420, 0x4ca8,
	0x50a8, 0x54a8, 0x58a8, 0x60a8, 0x64a8, 0x68a8, 0x6ca8, 0x70a8, 0x422, 0x7ca8, 0x80a8, 0x88a8,
	0x8ca8, 0x90a8, 0x424, 0x9ca8, 0xa0a8, 0xa4a8, 0xa8a8, 0xaca8, 0xd28, 0xe70, 0xd30, 0xe80,
	0x0, 0x0, 0x0, 0x0, 0x0, 0x0, 0xc28, 0x0, 0x0, 0x0, 0x0, 0x0,
	0x0, 0x0, 0x0, 0x0, 0x0, 0x0, 0x0, 0x0, 0x0, 0x0, 0x0, 0x0,
	0x0, 0x0, 0x0, 0x0, 0x0, 0x0, 0x0, 0x0, 0x0, 0xc42, 0xcb0, 0xe90,
	0xea0, 0xe88, 0xea8, 0xe78, 0xd40, 0xe08, 0xe20, 0x38aa, 0xcf8, 0xe68, 0x0, 0xe28,
	0xe00, 0xe18, 0xe38, 0x18a9, 0x1ca9, 0xdf0, 0x1, 0xd48, 0x1, 0xe10, 0x14a9, 0x78aa,
	0xd00, 0x1, 0x1, 0x1, 0xcc0, 0x39b9, 0x3999, 0x39f9, 0x3a79, 0xb8b9, 0xb4b9, 0xb8d9,
	0x42b9, 0x49b9, 0x4999, 0x49f9, 0x4a59, 0x59ba, 0x599a, 0x59fa, 0x5a5a, 0x44f9, 0x727a, 0x79b9,
	0x7999, 0xbd39, 0x7a79, 0xbcb9, 0xe48, 0xbcd9, 0x99b9, 0x9999, 0x99f9, 0xa8d9, 0xa999, 0x800,
	0x802, 0x39a8, 0x3988, 0x39e8, 0x3a68, 0xb8a8, 0xb4a8, 0xb8c8, 0x42a8, 0x49a8, 0x4988, 0x49e8,
	0x4a48, 0x59a8, 0x5988, 0x59e8, 0x5a48, 0x44e8, 0x7268, 0x79a8, 0x7988, 0xbd28, 0x7a68, 0xbca8,
	0xe40, 0xbcc8, 0x99a8, 0x9988, 0x99e8, 0xa8c8, 0xa988, 0x804, 0xaa48, 0x3af9, 0x3ae8, 0x39d9,
	0x39c8, 0x426, 0x428, 0x4199, 0x4188, 0x41f9, 0x41e8, 0x4299, 0x4288, 0x4219, 0x4208, 0x4619,
	0x4608, 0x44d9, 0x44c8, 0x4af9, 0x4ae8, 0x49d9, 0x49c8, 0x4a99, 0x4a88, 0xb8f9, 0xb8e8, 0x4a19,
	0x4a08, 0x51f9, 0x51e8, 0x51d9, 0x51c8, 0x5299, 0x5288, 0x52b9, 0x52a8, 0x55f9, 0x55e8, 0x5719,
	0x5708, 0x5a7a, 0x5a68, 0x5afa, 0x5ae8, 0x59da, 0x59c8, 0x5ada, 0x5ac8, 0x5a9a, 0x5ca8, 0x806,
	0x808, 0x61fa, 0x61e8, 0x66b9, 0x66a8, 0x84a8, 0x6999, 0x6988, 0x6ab9, 0x6aa8, 0x6a19, 0x6a08,
	0x6b39, 0x6b28, 0x6b19, 0x6b08, 0x719a, 0x7188, 0x72ba, 0x72a8, 0x721a, 0x7208, 0x80a, 0x74b9,
	0x74a8, 0x7af9, 0x7ae8, 0x79d9, 0x79c8, 0xbcf9, 0xbce8, 0xbd19, 0xbd08, 0x8999, 0x8988, 0x8ab9,
	0x8aa8, 0x8a19, 0x8a08, 0x8d9a, 0x8d88, 0x8dfa, 0x8de8, 0x8eba, 0x8ea8, 0x8e1a, 0x8e08, 0x92ba,
	0x92a8, 0x921a, 0x9208, 0x94b9, 0x94a8, 0x9a79, 0x9a68, 0x9af9, 0x9ae8, 0x99d9, 0x99c8, 0x9a39,
	0x9a28, 0xa8f9, 0xa8e8, 0x42a, 0x42c, 0xa1f9, 0xa1e8, 0xa9f9, 0xa9e8, 0xaa59, 0xad99, 0xad88,
	0xae99, 0xae88, 0xae19, 0xae08, 0x8ce8, 0xc41, 0xc41, 0xc41, 0xc41, 0xc41, 0xc41, 0xc41,
	0xc42, 0xc41, 0xc41, 0xc41, 0x0, 0x0, 0x0, 0x0, 0x0, 0xc68, 0xc69, 0xc70,
	0xc78, 0xc80, 0xc88, 0xd38, 0xc58, 0x1, 0x1, 0x1, 0x1, 0x1, 0x1, 0x1,
	0x1, 0xd98, 0xda0, 0xda8, 0xdb0, 0xcd1, 0x80c, 0x1, 0xdb8, 0xc30, 0xc38, 0x0,
	0x0, 0x0, 0x0, 0x0, 0xc42, 0xd88, 0xd90, 0xdc0, 0x80e, 0x1, 0xdc8, 0x810,
	0x1, 0xdd0, 0xce0, 0xce8, 0xdd8, 0x812, 0xcc8, 0xc48, 0xde0, 0x90bb, 0x54b9, 0x8cc8,
	0x8ca9, 0x90a9, 0x54a8, 0x58bb, 0x60bb, 0x58a9, 0x60a9, 0xb0a9, 0x70a9, 0xcd1, 0xcd1, 0xdc1,
	0xdc1, 0xdc9, 0xdc9, 0xca9, 0xca9, 0x5ff, 0x0, 0x5ff, 0x38b9, 0x5ff, 0x48b9, 0x5ff,
	0x78b9, 0x5ff, 0x98b9, 0x5ff, 0x38a8, 0x5ff, 0x48a8, 0x5ff, 0x78a8, 0x5ff, 0x98a8, 0x5ff,
	0x3ad9, 0x5ff, 0x3ac8, 0x5ff, 0x9ad9, 0x5ff, 0x9ac8, 0x1ff
};

static constexpr uint16_t s_coll_svFastLatinPrimaries[384] = {
	0x0, 0x0, 0x0, 0x0, 0x0, 0x0, 0x0, 0x0, 0x0, 0xc00, 0xc08, 0xc10,
	0xc18, 0xc20, 0x0, 0x0, 0x0, 0x0, 0x0, 0x0, 0x0, 0x0, 0x0, 0x0,
	0x0, 0x0, 0x0, 0x0, 0x0, 0x0, 0x0, 0x0, 0xc40, 0xca8, 0xcf0, 0xd78,
	0xe98, 0xd80, 0xd70, 0xcd8, 0xd08, 0xd10, 0xd58, 0xe30, 0xc90, 0xc60, 0xcd0, 0xd60,
	0x1000, 0x1400, 0x1800, 0x1c00, 0x2000, 0x2400, 0x2800, 0x2c00, 0x3000, 0x3400, 0xca0, 0xc98,
	0xe50, 0xe58, 0xe60, 0xcb8, 0xd50, 0x0, 0x3c00, 0x4000, 0x4400, 0x0, 0x4c00, 0x5000,
	0x5400, 0x5800, 0x6000, 0x6400, 0x6800, 0x6c00, 0x7000, 0x0, 0x7c00, 0x8000, 0x8800, 0x8c00,
	0x9000, 0x0, 0x9c00, 0xa000, 0xa400, 0xa800, 0xac00, 0xd18, 0xd68, 0xd20, 0xdf8, 0xc50,
	0xde8, 0x0, 0x3c00, 0x4000, 0x4400, 0x0, 0x4c00, 0x5000, 0x5400, 0x5800, 0x6000, 0x6400,
	0x6800, 0x6c00, 0x7000, 0x0, 0x7c00, 0x8000, 0x8800, 0x8c00, 0x9000, 0x0, 0x9c00, 0xa000,
	0xa400, 0xa800, 0xac00, 0xd28, 0xe70, 0xd30, 0xe80, 0x0, 0x0, 0x0, 0x0, 0x0,
	0x0, 0xc28, 0x0, 0x0, 0x0, 0x0, 0x0, 0x0, 0x0, 0x0, 0x0, 0x0,
	0x0, 0x0, 0x0, 0x0, 0x0, 0x0, 0x0, 0x0, 0x0, 0x0, 0x0, 0x0,
	0x0, 0x0, 0x0, 0x0, 0xc40, 0xcb0, 0xe90, 0xea0, 0xe88, 0xea8, 0xe78, 0xd40,
	0xe08, 0xe20, 0x3800, 0xcf8, 0xe68, 0x0, 0xe28, 0xe00, 0xe18, 0xe38, 0x1800, 0x1c00,
	0xdf0, 0x0, 0xd48, 0x0, 0xe10, 0x1400, 0x7800, 0xd00, 0x0, 0x0, 0x0, 0xcc0,
	0x3800, 0x3800, 0x3800, 0x3800, 0xb800, 0xb400, 0xb800, 0x4000, 0x4800, 0x4800, 0x4800, 0x4800,
	0x5800, 0x5800, 0x5800, 0x5800, 0x4400, 0x7000, 0x7800, 0x7800, 0xbc00, 0x7800, 0xbc00, 0xe48,
	0xbc00, 0x9800, 0x9800, 0x9800, 0xa800, 0xa800, 0x0, 0x0, 0x3800, 0x3800, 0x3800, 0x3800,
	0xb800, 0xb400, 0xb800, 0x4000, 0x4800, 0x4800, 0x4800, 0x4800, 0x5800, 0x5800, 0x5800, 0x5800,
	0x4400, 0x7000, 0x7800, 0x7800, 0xbc00, 0x7800, 0xbc00, 0xe40, 0xbc00, 0x9800, 0x9800, 0x9800,
	0xa800, 0xa800, 0x0, 0xa800, 0x3800, 0x3800, 0x3800, 0x3800, 0x0, 0x0, 0x4000, 0x4000,
	0x4000, 0x4000, 0x4000, 0x4000, 0x4000, 0x4000, 0x4400, 0x4400, 0x4400, 0x4400, 0x4800, 0x4800,
	0x4800, 0x4800, 0x4800, 0x4800, 0xb800, 0xb800, 0x4800, 0x4800, 0x5000, 0x5000, 0x5000, 0x5000,
	0x5000, 0x5000, 0x5000, 0x5000, 0x5400, 0x5400, 0x5400, 0x5400, 0x5800, 0x5800, 0x5800, 0x5800,
	0x5800, 0x5800, 0x5800, 0x5800, 0x5800, 0x5c00, 0x0, 0x0, 0x6000, 0x6000, 0x6400, 0x6400,
	0x8400, 0x6800, 0x6800, 0x6800, 0x6800, 0x6800, 0x6800, 0x6800, 0x6800, 0x6800, 0x6800, 0x7000,
	0x7000, 0x7000, 0x7000, 0x7000, 0x7000, 0x0, 0x7400, 0x7400, 0x7800, 0x7800, 0x7800, 0x7800,
	0xbc00, 0xbc00, 0xbc00, 0xbc00, 0x8800, 0x8800, 0x8800, 0x8800, 0x8800, 0x8800, 0x8c00, 0x8c00,
	0x8c00, 0x8c00, 0x8c00, 0x8c00, 0x8c00, 0x8c00, 0x9000, 0x9000, 0x9000, 0x9000, 0x9400, 0x9400,
	0x9800, 0x9800, 0x9800, 0x9800, 0x9800, 0x9800, 0x9800, 0x9800, 0xa800, 0xa800, 0x0, 0x0,
	0xa000, 0xa000, 0xa800, 0xa800, 0xa800, 0xac00, 0xac00, 0xac00, 0xac00, 0xac00, 0xac00, 0x8c00
};

static constexpr int32_t s_coll_svFastLatinMiniVarTop = 0xbff;

static constexpr uint32_t s_coll_svNumericPrimary = 0x10000000;
static constexpr int32_t s_coll_svOptions = 0x2010;
static constexpr int32_t s_coll_svJamoCe32sStart = -1;

static constexpr uint16_t s_coll_etTrieIndex[2112] = {
	0x0, 0x8, 0x10, 0x18, 0x30, 0x38, 0x40, 0x48, 0x50, 0x58, 0x59, 0x61, 0x69, 0x71, 0x76, 0x7e,
	0x81, 0x89, 0x30, 0x38, 0x30, 0x38, 0x30, 0x38, 0x30, 0x38, 0x30, 0x38, 0x30, 0x38, 0x30, 0x38,
	0x30, 0x38, 0x30, 0x38, 0x30, 0x38, 0x30, 0x38, 0x30, 0x38, 0x30, 0x38, 0x30, 0x38, 0x30, 0x38,
	0x30, 0x38, 0x30, 0x38, 0x30, 0x38, 0x30, 0x38, 0x30, 0x38, 0x30, 0x38, 0x30, 0x38, 0x30, 0x38,
	0x30, 0x30, 0x30, 0x30, 0x30, 0x30, 0x30, 0x30, 0x30, 0x30, 0x30, 0x30, 0x30, 0x30, 0x30, 0x30,
	0x30, 0x30, 0x30, 0x30, 0x30, 0x30, 0x30, 0x30, 0x30, 0x30, 0x30, 0x30, 0x30, 0x30, 0x30, 0x30,
	0x30, 0x30, 0x30, 0x30, 0x30, 0x30, 0x30, 0x30, 0x30, 0x30, 0x30, 0x30, 0x30, 0x30, 0x30, 0x30,
	0x30, 0x30, 0x30, 0x30, 0x30, 0x30, 0x30, 0x30, 0x30, 0x30, 0x30, 0x30, 0x30, 0x30, 0x30, 0x30,
	0x30, 0x30, 0x30, 0x30, 0x30, 0x30, 0x30, 0x30, 0x30, 0x30, 0x30, 0x30, 0x30, 0x30, 0x30, 0x30,
	0x30, 0x30, 0x30, 0x30, 0x30, 0x30, 0x30, 0x30, 0x30, 0x30, 0x30, 0x30, 0x30, 0x30, 0x30, 0x30,
	0x30, 0x30, 0x30, 0x30, 0x30, 0x30, 0x30, 0x30, 0x30, 0x30, 0x30, 0x30, 0x30, 0x30, 0x30, 0x30,
	0x30, 0x30, 0x30, 0x30, 0x30, 0x30, 0x30, 0x30, 0x30, 0x30, 0x30, 0x30, 0x30, 0x30, 0x30, 0x30,
	0x30, 0x30, 0x30, 0x30, 0x30, 0x30, 0x30, 0x30, 0x30, 0x30, 0x30, 0x30, 0x30, 0x30, 0x30, 0x30,
	0x30, 0x30, 0x30, 0x30, 0x30, 0x30, 0x30, 0x30, 0x30, 0x30, 0x30, 0x30, 0x30, 0x30, 0x30, 0x30,
	0x30, 0x30, 0x30, 0x30, 0x30, 0x30, 0x30, 0x30, 0x30, 0x30, 0x30, 0x30, 0x30, 0x30, 0x30, 0x30,
	0xa1, 0x30, 0xa6, 0xae, 0xb4, 0xbc, 0xc1, 0xc9, 0x30, 0x30, 0x30, 0x30, 0x30, 0x30, 0x30, 0x30,
	0x30, 0x30, 0x30, 0x30, 0x30, 0x30, 0x30, 0x30, 0x30, 0x30, 0x30, 0x30, 0x30, 0x30, 0x30, 0x30,
	0x30, 0x30, 0x30, 0x30, 0x30, 0x30, 0x30, 0x30, 0x30, 0x30, 0x30, 0x30, 0x30, 0x30, 0x30, 0x30,
	0x30, 0x30, 0x30, 0x30, 0x30, 0x30, 0x30, 0x30, 0x30, 0x30, 0x30, 0x30, 0x30, 0x30, 0x30, 0x30,
	0x30, 0x30, 0x30, 0x30, 0x30, 0x30, 0x30, 0x30, 0x30, 0x30, 0x30, 0x30, 0x30, 0x30, 0x30, 0x30,
	0x30, 0x30, 0x30, 0x30, 0x30, 0x30, 0x30, 0x30, 0x30, 0x30, 0x30, 0x30, 0x30, 0x30, 0x30, 0x30,
	0x30, 0x30, 0x30, 0x30, 0x30, 0x30, 0x30, 0x30, 0x30, 0x30, 0x30, 0x30, 0x30, 0x30, 0x30, 0x30,
	0x30, 0x30, 0x30, 0x30, 0x30, 0x30, 0x30, 0x30, 0x30, 0x30, 0x30, 0x30, 0x30, 0x30, 0x30, 0x30,
	0x30, 0x30, 0x30, 0x30, 0x30, 0x30, 0x30, 0x30, 0x30, 0x30, 0x30, 0x30, 0x30, 0x30, 0x30, 0x30,
	0x30, 0x30, 0x30, 0x30, 0x30, 0x30, 0x30, 0x30, 0x30, 0x30, 0x30, 0x30, 0x30, 0x30, 0x30, 0x30,
	0x30, 0x30, 0x30, 0x30, 0x30, 0x30, 0x30, 0x30, 0x30, 0x30, 0x30, 0x30, 0x30, 0x30, 0x30, 0x30,
	0x30, 0x30, 0x30, 0x30, 0x30, 0x30, 0x30, 0x30, 0x30, 0x30, 0x30, 0x30, 0x30, 0x30, 0x30, 0x30,
	0x30, 0x30, 0x30, 0x30, 0x30, 0x30, 0x30, 0x30, 0x30, 0x30, 0x30, 0x30, 0x30, 0x30, 0x30, 0x30,
	0x30, 0x30, 0x30, 0x30, 0x30, 0x30, 0x30, 0x30, 0x30, 0x30, 0x30, 0x30, 0x30, 0x30, 0x30, 0x30,
	0x30, 0x30, 0x30, 0x30, 0x30, 0x30, 0x30, 0x30, 0x30, 0x30, 0x30, 0x30, 0x30, 0x30, 0x30, 0x30,
	0x30, 0x30, 0x30, 0x30, 0x30, 0x30, 0x30, 0x30, 0x30, 0x30, 0x30, 0x30, 0x30, 0x30, 0x30, 0x30,
	0x30, 0x30, 0x30, 0x30, 0x30, 0x30, 0x30, 0x30, 0x30, 0x30, 0x30, 0x30, 0x30, 0x30, 0x30, 0x30,
	0x30, 0x30, 0x30, 0x30, 0x30, 0x30, 0x30, 0x30, 0x30, 0x30, 0x30, 0x30, 0x30, 0x30, 0x30, 0x30,
	0x30, 0x30, 0x30, 0x30, 0x30, 0x30, 0x30, 0x30, 0x30, 0x30, 0x30, 0x30, 0x30, 0x30, 0x30, 0x30,
	0x30, 0x30, 0x30, 0x30, 0x30, 0x30, 0x30, 0x30, 0x30, 0x30, 0x30, 0x30, 0x30, 0x30, 0x30, 0x30,
	0x30, 0x30, 0x30, 0x30, 0x30, 0x30, 0x30, 0x30, 0x30, 0x30, 0x30, 0x30, 0x30, 0x30, 0x30, 0x30,
	0x30, 0x30, 0x30, 0x30, 0x30, 0x30, 0x30, 0x30, 0x30, 0x30, 0x30, 0x30, 0x30, 0x30, 0x30, 0x30,
	0x30, 0x30, 0x30, 0x30, 0x30, 0x30, 0x30, 0x30, 0x30, 0x30, 0x30, 0x30, 0x30, 0x30, 0x30, 0x30,
	0x30, 0x30, 0x30, 0x30, 0x30, 0x30, 0x30, 0x30, 0x30, 0x30, 0x30, 0x30, 0x30, 0x30, 0x30, 0x30,
	0x30, 0x30, 0x30, 0x30, 0x30, 0x30, 0x30, 0x30, 0x30, 0x30, 0x30, 0x30, 0x30, 0x30, 0x30, 0x30,
	0x30, 0x30, 0x30, 0x30, 0x30, 0x30, 0x30, 0x30, 0x30, 0x30, 0x30, 0x30, 0x30, 0x30, 0x30, 0x30,
	0x30, 0x30, 0x30, 0x30, 0x30, 0x30, 0x30, 0x30, 0x30, 0x30, 0x30, 0x30, 0x30, 0x30, 0x30, 0x30,
	0x30, 0x30, 0x30, 0x30, 0x30, 0x30, 0x30, 0x30, 0x30, 0x30, 0x30, 0x30, 0x30, 0x30, 0x30, 0x30,
	0x30, 0x30, 0x30, 0x30, 0x30, 0x30, 0x30, 0x30, 0x30, 0x30, 0x30, 0x30, 0x30, 0x30, 0x30, 0x30,
	0x30, 0x30, 0x30, 0x30, 0x30, 0x30, 0x30, 0x30, 0x30, 0x30, 0x30, 0x30, 0x30, 0x30, 0x30, 0x30,
	0x30, 0x30, 0x30, 0x30, 0x30, 0x30, 0x30, 0x30, 0x30, 0x30, 0x30, 0x30, 0x30, 0x30, 0x30, 0x30,
	0x30, 0x30, 0x30, 0x30, 0x30, 0x30, 0x30, 0x30, 0x30, 0x30, 0x30, 0x30, 0x30, 0x30, 0x30, 0x30,
	0x30, 0x30, 0x30, 0x30, 0x30, 0x30, 0x30, 0x30, 0x30, 0x30, 0x30, 0x30, 0x30, 0x30, 0x30, 0x30,
	0x30, 0x30, 0x30, 0x30, 0x30, 0x30, 0x30, 0x30, 0x30, 0x30, 0x30, 0x30, 0x30, 0x30, 0x30, 0x30,
	0x30, 0x30, 0x30, 0x30, 0x30, 0x30, 0x30, 0x30, 0x30, 0x30, 0x30, 0x30, 0x30, 0x30, 0x30, 0x30,
	0x30, 0x30, 0x30, 0x30, 0x30, 0x30, 0x30, 0x30, 0x30, 0x30, 0x30, 0x30, 0x30, 0x30, 0x30, 0x30,
	0x30, 0x30, 0x30, 0x30, 0x30, 0x30, 0x30, 0x30, 0x30, 0x30, 0x30, 0x30, 0x30, 0x30, 0x30, 0x30,
	0x30, 0x30, 0x30, 0x30, 0x30, 0x30, 0x30, 0x30, 0x30, 0x30, 0x30, 0x30, 0x30, 0x30, 0x30, 0x30,
	0x30, 0x30, 0x30, 0x30, 0x30, 0x30, 0x30, 0x30, 0x30, 0x30, 0x30, 0x30, 0x30, 0x30, 0x30, 0x30,
	0x30, 0x30, 0x30, 0x30, 0x30, 0x30, 0x30, 0x30, 0x30, 0x30, 0x30, 0x30, 0x30, 0x30, 0x30, 0x30,
	0x30, 0x30, 0x30, 0x30, 0x30, 0x30, 0x30, 0x30, 0x30, 0x30, 0x30, 0x30, 0x30, 0x30, 0x30, 0x30,
	0x30, 0x30, 0x30, 0x30, 0x30, 0x30, 0x30, 0x30, 0x30, 0x30, 0x30, 0x30, 0x30, 0x30, 0x30, 0x30,
	0x30, 0x30, 0x30, 0x30, 0x30, 0x30, 0x30, 0x30, 0x30, 0x30, 0x30, 0x30, 0x30, 0x30, 0x30, 0x30,
	0x30, 0x30, 0x30, 0x30, 0x30, 0x30, 0x30, 0x30, 0x30, 0x30, 0x30, 0x30, 0x30, 0x30, 0x30, 0x30,
	0x30, 0x30, 0x30, 0x30, 0x30, 0x30, 0x30, 0x30, 0x30, 0x30, 0x30, 0x30, 0x30, 0x30, 0x30, 0x30,
	0x30, 0x30, 0x30, 0x30, 0x30, 0x30, 0x30, 0x30, 0x30, 0x30, 0x30, 0x30, 0x30, 0x30, 0x30, 0x30,
	0x30, 0x30, 0x30, 0x30, 0x30, 0x30, 0x30, 0x30, 0x30, 0x30, 0x30, 0x30, 0x30, 0x30, 0x30, 0x30,
	0x30, 0x30, 0x30, 0x30, 0x30, 0x30, 0x30, 0x30, 0x30, 0x30, 0x30, 0x30, 0x30, 0x30, 0x30, 0x30,
	0x30, 0x30, 0x30, 0x30, 0x30, 0x30, 0x30, 0x30, 0x30, 0x30, 0x30, 0x30, 0x30, 0x30, 0x30, 0x30,
	0x30, 0x30, 0x30, 0x30, 0x30, 0x30, 0x30, 0x30, 0x30, 0x30, 0x30, 0x30, 0x30, 0x30, 0x30, 0x30,
	0x30, 0x30, 0x30, 0x30, 0x30, 0x30, 0x30, 0x30, 0x30, 0x30, 0x30, 0x30, 0x30, 0x30, 0x30, 0x30,
	0x30, 0x30, 0x30, 0x30, 0x30, 0x30, 0x30, 0x30, 0x30, 0x30, 0x30, 0x30, 0x30, 0x30, 0x30, 0x30,
	0x30, 0x30, 0x30, 0x30, 0x30, 0x30, 0x30, 0x30, 0x30, 0x30, 0x30, 0x30, 0x30, 0x30, 0x30, 0x30,
	0x30, 0x30, 0x30, 0x30, 0x30, 0x30, 0x30, 0x30, 0x30, 0x30, 0x30, 0x30, 0x30, 0x30, 0x30, 0x30,
	0x30, 0x30, 0x30, 0x30, 0x30, 0x30, 0x30, 0x30, 0x30, 0x30, 0x30, 0x30, 0x30, 0x30, 0x30, 0x30,
	0x30, 0x30, 0x30, 0x30, 0x30, 0x30, 0x30, 0x30, 0x30, 0x30, 0x30, 0x30, 0x30, 0x30, 0x30, 0x30,
	0x30, 0x30, 0x30, 0x30, 0x30, 0x30, 0x30, 0x30, 0x30, 0x30, 0x30, 0x30, 0x30, 0x30, 0x30, 0x30,
	0x30, 0x30, 0x30, 0x30, 0x30, 0x30, 0x30, 0x30, 0x30, 0x30, 0x30, 0x30, 0x30, 0x30, 0x30, 0x30,
	0x30, 0x30, 0x30, 0x30, 0x30, 0x30, 0x30, 0x30, 0x30, 0x30, 0x30, 0x30, 0x30, 0x30, 0x30, 0x30,
	0x30, 0x30, 0x30, 0x30, 0x30, 0x30, 0x30, 0x30, 0x30, 0x30, 0x30, 0x30, 0x30, 0x30, 0x30, 0x30,
	0x30, 0x30, 0x30, 0x30, 0x30, 0x30, 0x30, 0x30, 0x30, 0x30, 0x30, 0x30, 0x30, 0x30, 0x30, 0x30,
	0x30, 0x30, 0x30, 0x30, 0x30, 0x30, 0x30, 0x30, 0x30, 0x30, 0x30, 0x30, 0x30, 0x30, 0x30, 0x30,
	0x30, 0x30, 0x30, 0x30, 0x30, 0x30, 0x30, 0x30, 0x30, 0x30, 0x30, 0x30, 0x30, 0x30, 0x30, 0x30,
	0x30, 0x30, 0x30, 0x30, 0x30, 0x30, 0x30, 0x30, 0x30, 0x30, 0x30, 0x30, 0x30, 0x30, 0x30, 0x30,
	0x30, 0x30, 0x30, 0x30, 0x30, 0x30, 0x30, 0x30, 0x30, 0x30, 0x30, 0x30, 0x30, 0x30, 0x30, 0x30,
	0x30, 0x30, 0x30, 0x30, 0x30, 0x30, 0x30, 0x30, 0x30, 0x30, 0x30, 0x30, 0x30, 0x30, 0x30, 0x30,
	0x30, 0x30, 0x30, 0x30, 0x30, 0x30, 0x30, 0x30, 0x30, 0x30, 0x30, 0x30, 0x30, 0x30, 0x30, 0x30,
	0x30, 0x30, 0x30, 0x30, 0x30, 0x30, 0x30, 0x30, 0x30, 0x30, 0x30, 0x30, 0x30, 0x30, 0x30, 0x30,
	0x30, 0x30, 0x30, 0x30, 0x30, 0x30, 0x30, 0x30, 0x30, 0x30, 0x30, 0x30, 0x30, 0x30, 0x30, 0x30,
	0x30, 0x30, 0x30, 0x30, 0x30, 0x30, 0x30, 0x30, 0x30, 0x30, 0x30, 0x30, 0x30, 0x30, 0x30, 0x30,
	0x30, 0x30, 0x30, 0x30, 0x30, 0x30, 0x30, 0x30, 0x30, 0x30, 0x30, 0x30, 0x30, 0x30, 0x30, 0x30,
	0xd1, 0xd1, 0xd1, 0xd1, 0xd1, 0xd1, 0xd1, 0xd1, 0xd1, 0xd1, 0xd1, 0xd1, 0xd1, 0xd1, 0xd1, 0xd1,
	0xd1, 0xd1, 0xd1, 0xd1, 0xd1, 0xd1, 0xd1, 0xd1, 0xd1, 0xd1, 0xd1, 0xd1, 0xd1, 0xd1, 0xd1, 0xd1,
	0xd1, 0xd1, 0xd1, 0xd1, 0xd1, 0xd1, 0xd1, 0xd1, 0xd1, 0xd1, 0xd1, 0xd1, 0xd1, 0xd1, 0xd1, 0xd1,
	0xd1, 0xd1, 0xd1, 0xd1, 0xd1, 0xd1, 0xd1, 0xd1, 0xd1, 0xd1, 0xd1, 0xd1, 0xd1, 0xd1, 0xd1, 0xd1,
	0xd1, 0xd1, 0xd1, 0xd1, 0xd1, 0xd1, 0xd1, 0xd1, 0xd1, 0xd1, 0xd1, 0xd1, 0xd1, 0xd1, 0xd1, 0xd1,
	0xd1, 0xd1, 0xd1, 0xd1, 0xd1, 0xd1, 0xd1, 0xd1, 0xd1, 0xd1, 0xd1, 0xd1, 0xd1, 0xd1, 0xd1, 0xd1,
	0xd1, 0xd1, 0xd1, 0xd1, 0xd1, 0xd1, 0xd1, 0xd1, 0xd1, 0xd1, 0xd1, 0xd1, 0xd1, 0xd1, 0xd1, 0xd1,
	0xd1, 0xd1, 0xd1, 0xd1, 0xd1, 0xd1, 0xd1, 0xd1, 0xd1, 0xd1, 0xd1, 0xd1, 0xd1, 0xd1, 0xd1, 0xd1,
	0xd1, 0xd1, 0xd1, 0xd1, 0xd1, 0xd1, 0xd1, 0xd1, 0xd1, 0xd1, 0xd1, 0xd1, 0xd1, 0xd1, 0xd1, 0xd1,
	0xd1, 0xd1, 0xd1, 0xd1, 0xd1, 0xd1, 0xd1, 0xd1, 0xd1, 0xd1, 0xd1, 0xd1, 0xd1, 0xd1, 0xd1, 0xd1,
	0xd1, 0xd1, 0xd1, 0xd1, 0xd1, 0xd1, 0xd1, 0xd1, 0xd1, 0xd1, 0xd1, 0xd1, 0xd1, 0xd1, 0xd1, 0xd1,
	0xd1, 0xd1, 0xd1, 0xd1, 0xd1, 0xd1, 0xd1, 0xd1, 0xd1, 0xd1, 0xd1, 0xd1, 0xd1, 0xd1, 0xd1, 0xd1,
	0xd1, 0xd1, 0xd1, 0xd1, 0xd1, 0xd1, 0xd1, 0xd1, 0xd1, 0xd1, 0xd1, 0xd1, 0xd1, 0xd1, 0xd1, 0xd1,
	0xd1, 0xd1, 0xd1, 0xd1, 0xd1, 0xd1, 0xd1, 0xd1, 0xd1, 0xd1, 0xd1, 0xd1, 0xd1, 0xd1, 0xd1, 0xd1,
	0xd1, 0xd1, 0xd1, 0xd1, 0xd1, 0xd1, 0xd1, 0xd1, 0xd1, 0xd1, 0xd1, 0xd1, 0xd1, 0xd1, 0xd1, 0xd1,
	0xd1, 0xd1, 0xd1, 0xd1, 0xd1, 0xd1, 0xd1, 0xd1, 0xd1, 0xd1, 0xd1, 0xd1, 0xd1, 0xd1, 0xd1, 0xd1,
	0xd1, 0xd1, 0xd1, 0xd1, 0xd1, 0xd1, 0xd1, 0xd1, 0xd1, 0xd1, 0xd1, 0xd1, 0xd1, 0xd1, 0xd1, 0xd1,
	0xd1, 0xd1, 0xd1, 0xd1, 0xd1, 0xd1, 0xd1, 0xd1, 0xd1, 0xd1, 0xd1, 0xd1, 0xd1, 0xd1, 0xd1, 0xd1,
	0xd1, 0xd1, 0xd1, 0xd1, 0xd1, 0xd1, 0xd1, 0xd1, 0xd1, 0xd1, 0xd1, 0xd1, 0xd1, 0xd1, 0xd1, 0xd1,
	0xd1, 0xd1, 0xd1, 0xd1, 0xd1, 0xd1, 0xd1, 0xd1, 0xd1, 0xd1, 0xd1, 0xd1, 0xd1, 0xd1, 0xd1, 0xd1,
	0xd1, 0xd1, 0xd1, 0xd1, 0xd1, 0xd1, 0xd1, 0xd1, 0xd1, 0xd1, 0xd1, 0xd1, 0xd1, 0xd1, 0xd1, 0xd1,
	0xd1, 0xd1, 0xd1, 0xd1, 0xd1, 0xd1, 0xd1, 0xd1, 0xd1, 0xd1, 0xd1, 0xd1, 0xd1, 0x99, 0x30, 0x30,
	0x91, 0x91, 0x91, 0x91, 0x91, 0x91, 0x91, 0x91, 0x91, 0x91, 0x91, 0x91, 0x91, 0x91, 0x91, 0x91,
	0x91, 0x91, 0x91, 0x91, 0x91, 0x91, 0x91, 0x91, 0x91, 0x91, 0x91, 0x91, 0x91, 0x91, 0x91, 0x91,
	0x30, 0x30, 0x30, 0x30, 0x30, 0x30, 0x30, 0x30, 0x30, 0x30, 0x30, 0x30, 0x30, 0x30, 0x30, 0x30,
	0x30, 0x30, 0x30, 0x30, 0x30, 0x30, 0x30, 0x30, 0x30, 0x30, 0x30, 0x30, 0x30, 0x30, 0x30, 0x30,
	0x30, 0x30, 0x30, 0x30, 0x30, 0x30, 0x30, 0x30, 0x30, 0x30, 0x30, 0x30, 0x30, 0x30, 0x30, 0x30,
	0x30, 0x30, 0x30, 0x30, 0x30, 0x30, 0x30, 0x30, 0x30, 0x30, 0x30, 0x30, 0x30, 0x30, 0x30, 0x30,
	0x30, 0x30, 0x30, 0x30, 0x30, 0x30, 0x30, 0x30, 0x30, 0x30, 0x30, 0x30, 0x30, 0x30, 0x30, 0x30,
	0x30, 0x30, 0x30, 0x30, 0x30, 0x30, 0x30, 0x30, 0x30, 0x30, 0x30, 0x30, 0x30, 0x30, 0x30, 0x30,
	0x30, 0x30, 0x30, 0x30, 0x30, 0x30, 0x30, 0x30, 0x30, 0x30, 0x30, 0x30, 0x30, 0x30, 0x30, 0x30,
	0x30, 0x30, 0x30, 0x30, 0x30, 0x30, 0x30, 0x30, 0x30, 0x30, 0x30, 0x30, 0x30, 0x30, 0x30, 0x30,
	0x30, 0x30, 0x30, 0x30, 0x30, 0x30, 0x30, 0x30, 0x30, 0x30, 0x30, 0x30, 0x30, 0x30, 0x30, 0x30,
	0x30, 0x30, 0x30, 0x30, 0x30, 0x30, 0x30, 0x30, 0x30, 0x30, 0x30, 0x30, 0x30, 0x30, 0x30, 0x30,
	0x30, 0x30, 0x30, 0x30, 0x30, 0x30, 0x30, 0x30, 0x30, 0x30, 0x30, 0x30, 0x30, 0x30, 0x30, 0x30,
	0x30, 0x30, 0x30, 0x30, 0x30, 0x30, 0x30, 0x30, 0x30, 0x30, 0x30, 0x30, 0x30, 0x30, 0x30, 0x30,
	0x30, 0x30, 0x30, 0x30, 0x30, 0x30, 0x30, 0x30, 0x30, 0x30, 0x30, 0x30, 0x30, 0x30, 0x30, 0x30,
	0x30, 0x30, 0x30, 0x30, 0x30, 0x30, 0x30, 0x30, 0x30, 0x30, 0x30, 0x30, 0x30, 0x30, 0x30, 0x30,
	0x30, 0x30, 0x30, 0x30, 0x30, 0x30, 0x30, 0x30, 0x30, 0x30, 0x30, 0x30, 0x30, 0x30, 0x30, 0x30,
	0x30, 0x30, 0x30, 0x30, 0x30, 0x30, 0x30, 0x30, 0x30, 0x30, 0x30, 0x30, 0x30, 0x30, 0x30, 0x30,
	0x30, 0x30, 0x30, 0x30, 0x30, 0x30, 0x30, 0x30, 0x30, 0x30, 0x30, 0x30, 0x30, 0x30, 0x30, 0x30,
	0x30, 0x30, 0x30, 0x30, 0x30, 0x30, 0x30, 0x30, 0x30, 0x30, 0x30, 0x30, 0x30, 0x30, 0x30, 0x30,
	0x30, 0x30, 0x30, 0x30, 0x30, 0x30, 0x30, 0x30, 0x30, 0x30, 0x30, 0x30, 0x30, 0x30, 0x30, 0x30,
	0x30, 0x30, 0x30, 0x30, 0x30, 0x30, 0x30, 0x30, 0x30, 0x30, 0x30, 0x30, 0x30, 0x30, 0x30, 0x30,
	0x80, 0x80, 0xc0, 0x100, 0x140, 0x164, 0x1a4, 0x1d8, 0x204, 0xc0, 0xc0, 0xc0, 0xc0, 0xc0, 0xc0, 0xc0,
	0xc0, 0xc0, 0xc0, 0xc0, 0xc0, 0xc0, 0xc0, 0xc0, 0xc0, 0xc0, 0xc0, 0xc0, 0xc0, 0xc0, 0xc0, 0xc0
};

static constexpr uint32_t s_coll_etTrieData[872] = {
	0xcb, 0x0, 0x0, 0x0, 0x0, 0x0, 0x0, 0x0,
	0x0, 0x3040505, 0x3060505, 0x3080505, 0x30a0505, 0x30c0505, 0x0, 0x0,
	0x0, 0x0, 0x0, 0x0, 0x0, 0x0, 0x0, 0x0,
	0x0, 0x0, 0x0, 0x0, 0x0, 0x0, 0x0, 0x0,
	0x4000505, 0x75a0505, 0x9760505, 0xa940505, 0xda90505, 0xa960505, 0xa8e0505, 0x9700505,
	0x97c0505, 0x97e0505, 0xa7e0505, 0xc7b0505, 0x6000505, 0x50e0505, 0x8000505, 0xa880505,
	0x1620ca, 0x1641ca, 0x1662ca, 0x1683ca, 0x16a4ca, 0x16c5ca, 0x16e6ca, 0x1707ca,
	0x1728ca, 0x1749ca, 0x7360505, 0x72a0505, 0xc850505, 0xc870505, 0xc890505, 0x7640505,
	0xa7c0505, 0x6c9, 0x2d00059c, 0x2f00059c, 0x3100059c, 0x3300059c, 0x3500059c, 0x3700059c,
	0x3900059c, 0x3b00059c, 0x3d00059c, 0x3f00059c, 0x4100059c, 0x4300059c, 0x4500059c, 0xe6c9,
	0x4900059c, 0x4b00059c, 0x4d00059c, 0x246c9, 0x5100059c, 0x326c9, 0x5500059c, 0x570005a0,
	0x5900059c, 0x5b00059c, 0x446c9, 0x9800505, 0xa8a0505, 0x9820505, 0xc0a0505, 0x50a0505,
	0xc040505, 0x526c9, 0x2d000505, 0x2f000505, 0x31000505, 0x33000505, 0x35000505, 0x37000505,
	0x39000505, 0x3b000505, 0x3d000505, 0x3f000505, 0x41000505, 0x43000505, 0x45000505, 0x606c9,
	0x49000505, 0x4b000505, 0x4d000505, 0x766c9, 0x51000505, 0x846c9, 0x55000505, 0x57000505,
	0x59000505, 0x5b000505, 0x986c9, 0x9840505, 0xc8d0505, 0x9860505, 0xc910505, 0x0,
	0xfffd0505, 0xfffd0505, 0xfffd0505, 0xfffd0505, 0xfffd0505, 0xfffd0505, 0xfffd0505, 0xfffd0505,
	0xfffd0505, 0xfffd0505, 0xfffd0505, 0xfffd0505, 0xfffd0505, 0xfffd0505, 0xfffd0505, 0xfffd0505,
	0xfffd0505, 0xfffd0505, 0xfffd0505, 0xfffd0505, 0xfffd0505, 0xfffd0505, 0xfffd0505, 0xfffd0505,
	0xfffd0505, 0xfffd0505, 0xfffd0505, 0xfffd0505, 0xfffd0505, 0xfffd0505, 0xfffd0505, 0xfffd0505,
	0xfffd0505, 0xfffd0505, 0xfffd0505, 0xfffd0505, 0xfffd0505, 0xfffd0505, 0xfffd0505, 0xfffd0505,
	0xfffd0505, 0xfffd0505, 0xfffd0505, 0xfffd0505, 0xfffd0505, 0xfffd0505, 0xfffd0505, 0xfffd0505,
	0xfffd0505, 0xfffd0505, 0xfffd0505, 0xfffd0505, 0xfffd0505, 0xfffd0505, 0xfffd0505, 0xfffd0505,
	0xfffd0505, 0xfffd0505, 0xfffd0505, 0xfffd0505, 0xfffd0505, 0xfffd0505, 0xfffd0505, 0xfffd0505,
	0xc0, 0xc0, 0xc0, 0xc0, 0xc0, 0xc0, 0xc0, 0xc0,
	0xc0, 0xc0, 0xc0, 0xc0, 0xc0, 0xc0, 0xc0, 0xc0,
	0xc0, 0xc0, 0xc0, 0xc0, 0xc0, 0xc0, 0xc0, 0xc0,
	0xc0, 0xc0, 0xc0, 0xc0, 0xc0, 0xc0, 0xc0, 0xc0,
	0xc0, 0xc0, 0xc0, 0xc0, 0xc0, 0xc0, 0xc0, 0xc0,
	0xc0, 0xc0, 0xc0, 0xc0, 0xc0, 0xc0, 0xc0, 0xc0,
	0xc0, 0xc0, 0xc0, 0xc0, 0xc0, 0xc0, 0xc0, 0xc0,
	0xc0, 0xc0, 0xc0, 0xc0, 0xc0, 0xc0, 0xc0, 0xc0,
	0x2b9c8ac4, 0x2b9c88c4, 0x2b9c8ec4, 0x2b9c9ac4, 0x580c0586, 0x2b9c92c4, 0x1562c5, 0x2f9ca0c4,
	0x339c8ac4, 0x339c88c4, 0x339c8ec4, 0x339c96c4, 0x3b9c8ac4, 0x3b9c88c4, 0x3b9c8ec4, 0x3b9c96c4,
	0x310070a0, 0x459c9ac4, 0x479c8ac4, 0x479c88c4, 0x479c8ec4, 0x580b0586, 0x580d0586, 0xc830505,
	0x479c9ec4, 0x539c8ac4, 0x539c88c4, 0x539c8ec4, 0x580e0586, 0x5b9c88c4, 0x5e2805a0, 0x15a2c5,
	0x2b058ac4, 0x2b0588c4, 0x2b058ec4, 0x2b059ac4, 0x580c0505, 0x2b0592c4, 0x15e2c5, 0x2f05a0c4,
	0x33058ac4, 0x330588c4, 0x33058ec4, 0x330596c4, 0x3b058ac4, 0x3b0588c4, 0x3b058ec4, 0x3b0596c4,
	0x31007005, 0x45059ac4, 0x47058ac4, 0x470588c4, 0x47058ec4, 0x580b0505, 0x580d0505, 0xc810505,
	0x47059ec4, 0x53058ac4, 0x530588c4, 0x53058ec4, 0x580e0505, 0x5b0588c4, 0x5e280505, 0x5b0596c4,
	0xc0, 0xc0, 0xc0, 0xc0, 0xa66c9, 0xb26c9, 0xc0, 0xc0,
	0xc0, 0xc0, 0xc0, 0xc0, 0xc0, 0xc0, 0xc0, 0xc0,
	0xc0, 0xc0, 0xc0, 0xc0, 0xc0, 0xc0, 0xc0, 0xc0,
	0xc0, 0xc0, 0xc0, 0xc0, 0xc0, 0xc0, 0xc0, 0xc0,
	0xc0, 0xc0, 0xc0, 0xc0, 0xc0, 0xc0, 0xc0, 0xc0,
	0xc0, 0xc0, 0xc0, 0xc0, 0xc0, 0xc0, 0xc0, 0xc0,
	0xc0, 0xc0, 0xc0, 0xc0, 0xc0, 0xc0, 0xc0, 0xc0,
	0xc0, 0xc0, 0xc0, 0xc0, 0xc0, 0xc0, 0xc0, 0xc0,
	0xc0, 0xc0, 0xbe6c9, 0xca6c9, 0x502f0586, 0x502f0505, 0xc0, 0xc0,
	0xc0, 0xc0, 0xc0, 0xc0, 0xc0, 0xc0, 0xc0, 0xc0,
	0xc0, 0xc0, 0xc0, 0xc0, 0xc0, 0xc0, 0xd66c9, 0xe26c9,
	0xc0, 0xc0, 0xc0, 0xc0, 0xc0, 0x222c5, 0x262c5, 0x2a2c5,
	0x2e2c5, 0x50310586, 0x50310505, 0xc0, 0xc0, 0xc0, 0xc0, 0xc0,
	0xc0, 0xc0, 0xc0, 0xc0, 0xc0, 0xc0, 0xc0, 0xc0,
	0xc0, 0xc0, 0xc0, 0xc0, 0xc0, 0xc0, 0xc0, 0xc0,
	0xc0, 0xc0, 0xc0, 0xc0, 0xc0, 0xc0, 0xc0, 0xc0,
	0xc0, 0xc0, 0xc0, 0xc0, 0xee6c9, 0x1006c9, 0xc0, 0xc0,
	0xc0, 0xc0, 0xc0, 0xc0, 0xc0, 0xc0, 0xc0, 0xc0,
	0xc0, 0xc0, 0xc0, 0x1126c9, 0x11e6c9, 0xc0, 0xc0, 0xc0,
	0xc0, 0xc0, 0xc0, 0xc0, 0xc0, 0xc0, 0xc0, 0xc0,
	0xc0, 0xc0, 0xc0, 0xc0, 0xc0, 0xc0, 0xc0, 0xc0,
	0xc0, 0xc0, 0xc0, 0xc0, 0xc0, 0x4a2c5, 0x4e2c5, 0x22c5,
	0x62c5, 0x522c5, 0x562c5, 0x5a2c5, 0x5e2c5, 0xc0, 0x622c5, 0x662c5,
	0xc0, 0xc0, 0xc0, 0xc0, 0xc0, 0xc0, 0xc0, 0xc0,
	0xc0, 0xc0, 0x12a6c9, 0x13c6c9, 0xc0, 0xc0, 0xc0, 0xc0,
	0xc0, 0xc0, 0xc0, 0xc0, 0xc0, 0xc0, 0xc0, 0xc0,
	0xc0, 0xc0, 0xc0, 0xc0, 0xc0, 0xc0, 0xc0, 0xc0,
	0xc0, 0xc0, 0xc0, 0xc0, 0x14e6c9, 0x15a6c9, 0xc0, 0xc0,
	0xc0, 0xc0, 0xc0, 0xc0, 0xc0, 0xc0, 0xc0, 0xc0,
	0xc0, 0xc0, 0xc0, 0xc0, 0xc0, 0xc0, 0x822c5, 0x862c5,
	0x8a2c5, 0x8e2c5, 0xc0, 0xc0, 0xc0, 0xc0, 0xc0, 0xc0,
	0xc0, 0xc0, 0xc0, 0xc0, 0xc0, 0xc0, 0xc0, 0xc0,
	0xc0, 0xc0, 0xc0, 0xc0, 0x1cd, 0x1cd, 0x1cd, 0x1cd,
	0x1cd, 0x1cd, 0x1cd, 0x1cd, 0x1cd, 0x1cd, 0x1cd, 0x1cd,
	0x1cd, 0x1cd, 0x1cd, 0x1cd, 0x1cd, 0x1cd, 0x1cd, 0x1cd,
	0x1cd, 0x1cd, 0x1cd, 0x1cd, 0x1cd, 0x1cd, 0x1cd, 0x1cd,
	0x1cd, 0x1cd, 0x1cd, 0x1cd, 0x1cc, 0x1cc, 0x1cc, 0x1cc,
	0xc0, 0xc0, 0xc0, 0xc0, 0xc0, 0xc0, 0xc0, 0xc0,
	0xc0, 0xc0, 0xc0, 0xc0, 0xc0, 0xc0, 0xc0, 0xc0,
	0xc0, 0xc0, 0xc0, 0xc0, 0xc0, 0xc0, 0xc0, 0xc0,
	0xc0, 0xc0, 0xc0, 0xc0, 0x1666c9, 0x1726c9, 0xc0, 0xc0,
	0xc0, 0xc0, 0xc0, 0xc0, 0xc0, 0xc0, 0xc0, 0xc0,
	0xc0, 0xc0, 0xc0, 0xc0, 0xc0, 0xc0, 0xc0, 0xc0,
	0xc0, 0xc0, 0xc0, 0xc0, 0xc0, 0xc0, 0xc0, 0xc0,
	0xc0, 0xc0, 0xc0, 0xc0, 0x9a2c5, 0x9e2c5, 0xa22c5, 0xa62c5,
	0xc0, 0xc0, 0xc0, 0xc0, 0xc0, 0xc0, 0xc0, 0xc0,
	0xc0, 0xc0, 0xc0, 0xc0, 0xc0, 0xc0, 0xc0, 0xc0,
	0xc0, 0xc0, 0x17e6c9, 0x18a6c9, 0xc0, 0xc0, 0xb22c5, 0xb62c5,
	0xc0, 0xc0, 0xc0, 0xc0, 0xc0, 0xc0, 0xc0, 0xc0,
	0xc0, 0xc0, 0x1966c9, 0x1a26c9, 0x1ae6c9, 0x1ba6c9, 0x1c66c9, 0x1d26c9,
	0xc0, 0xc0, 0xc0, 0xc0, 0xc0, 0xc0, 0xc0, 0xc0,
	0xc0, 0xc0, 0xc0, 0xc0, 0xc0, 0xc0, 0xc0, 0xc0,
	0xd22c5, 0xd62c5, 0x1de6c9, 0x1ea6c9, 0x1f66c9, 0x2026c9, 0xc0, 0xc0,
	0xc0, 0xc0, 0xc0, 0xc0, 0xc0, 0xc0, 0xc0, 0xc0,
	0x20e6c9, 0x21a6c9, 0xc0, 0xc0, 0xc0, 0xc0, 0xc0, 0xc0,
	0xc0, 0xc0, 0xc0, 0xc0, 0xc0, 0xc0, 0xc0, 0xc0,
	0xc0, 0xc0, 0xc0, 0xc0, 0xc0, 0xc0, 0xc0, 0xc0,
	0xc0, 0xc0, 0xc0, 0xc0, 0xc0, 0xc0, 0xc0, 0xc0,
	0x2266c9, 0x2386c9, 0xc0, 0xc0, 0xc0, 0xc0, 0xc0, 0xc0,
	0xc0, 0xc0, 0xc0, 0xc0, 0xc0, 0xc0, 0xc0, 0xc0,
	0xc0, 0xc0, 0xc0, 0xc0, 0x322c5, 0x3a2c5, 0x24a6c9, 0x25c6c9,
	0x26e6c9, 0x27a6c9, 0xc0, 0xc0, 0xc0, 0xc0, 0xc0, 0xc0,
	0xc0, 0xc0, 0xc0, 0xc0, 0x2866c9, 0x2926c9, 0xc0, 0xc0,
	0xc0, 0xc0, 0xc0, 0xc0, 0xc0, 0xc0, 0xc0, 0xc0,
	0xc0, 0xc0, 0xc0, 0xc0, 0x1cc, 0x1cc, 0x1cc, 0x1cc,
	0x1cc, 0x1cc, 0x1cc, 0x1cc, 0x1cc, 0x1cc, 0x1cc, 0x1cc,
	0x1cc, 0x1cc, 0x1cc, 0x1cc, 0x1cc, 0x1cc, 0x1cc, 0x1cc,
	0x1cc, 0x1cc, 0x1cc, 0x1cc, 0x1cc, 0x1cc, 0x1cc, 0x1cc,
	0x1cc, 0x1cc, 0x1cc, 0x1cc, 0xc0, 0xc0, 0xc0, 0xc0
};

static constexpr int32_t s_coll_etTrieIndexLength = 2112;
static constexpr int32_t s_coll_etTrieDataLength = 872;
static constexpr char32_t s_coll_etTrieHighStart = 0xe000;
static constexpr int32_t s_coll_etTrieHighValueIndex = 868;

static constexpr uint32_t s_coll_etCe32s[187] = {
	0x0, 0x580e0586, 0x8805, 0x580e0505, 0x8805, 0x580c0586, 0xa205, 0x580c0505,
	0xa205, 0x502f0586, 0xa005, 0x502f0505, 0xa005, 0x580e0586, 0xa205, 0x580e0505,
	0xa205, 0x50300586, 0x8805, 0x50300505, 0x8805, 0x50300586, 0x9c05, 0x50300505,
	0x9c05, 0x580b0586, 0xbe05, 0x580d0586, 0xbe05, 0x580b0505, 0xbe05, 0x580d0505,
	0xbe05, 0x580e0586, 0xbe05, 0x580e0505, 0xbe05, 0x580e0586, 0xa405, 0x580e0505,
	0xa405, 0x580e0586, 0x9005, 0x580e0505, 0x9005, 0x580e0586, 0x8a05, 0x580e0505,
	0x8a05, 0x580c0586, 0xa405, 0x580c0505, 0xa405, 0x580b0586, 0xa205, 0x580d0586,
	0xa205, 0x580b0505, 0xa205, 0x580d0505, 0xa205, 0x502f0586, 0xca05, 0x502f0505,
	0xca05, 0x580d0586, 0xa405, 0x580d0505, 0xa405, 0x580b0586, 0xa405, 0x580b0505,
	0xa405, 0x580c0586, 0xc805, 0x580c0505, 0xc805, 0x580b0586, 0x8805, 0x580b0505,
	0x8805, 0x580b0586, 0x9605, 0x580b0505, 0x9605, 0x502f0586, 0xc405, 0x502f0505,
	0xc405, 0x502f0586, 0x9c05, 0x502f0505, 0x9c05, 0x580e0586, 0xc605, 0x580e0505,
	0xc605, 0x580e0586, 0xd005, 0x580e0505, 0xd005, 0x580e0586, 0xcc05, 0x580e0505,
	0xcc05, 0x50300586, 0x8e05, 0x50300505, 0x8e05, 0x50300586, 0xc405, 0x50310586,
	0xc405, 0x50300505, 0xc405, 0x50310505, 0xc405, 0x50300586, 0xd205, 0x50310586,
	0xd205, 0x50300505, 0xd205, 0x50310505, 0xd205, 0x580c0586, 0xc405, 0x580c0505,
	0xc405, 0x580b0586, 0xc405, 0x580d0586, 0xc405, 0x580b0505, 0xc405, 0x580d0505,
	0xc405, 0x4700059c, 0xbe05, 0xc405, 0x580b0586, 0xbe05, 0xc405, 0x580d0586,
	0xbe05, 0xc405, 0x47000505, 0xbe05, 0xc405, 0x580b0505, 0xbe05, 0xc405,
	0x580d0505, 0xbe05, 0xc405, 0x580e0586, 0xc405, 0x580e0505, 0xc405, 0x5300059c,
	0xbe05, 0xc405, 0x580e0586, 0xbe05, 0xc405, 0x53000505, 0xbe05, 0xc405,
	0x580e0505, 0xbe05, 0xc405, 0x2b0070a0, 0x330005a2, 0x4f007005, 0x4f000513, 0x2b007005,
	0x33000513, 0x12000505, 0x14000505, 0x16000505, 0x18000505, 0x1a000505, 0x1c000505, 0x1e000505,
	0x20000505, 0x22000505, 0x24000505
};

static constexpr char16_t s_coll_etContexts[335] = {
	0x2b00, 0x59c, 0x30, 0x308, 0xffff, 0x580c, 0x586, 0x4700, 0x59c, 0x1, 0x303, 0xffff,
	0x580b, 0x586, 0x308, 0xffff, 0x580d, 0x586, 0x4f00, 0x59c, 0x30, 0x30c, 0xffff, 0x502f,
	0x586, 0x5300, 0x59c, 0x1, 0x308, 0xffff, 0x580e, 0x586, 0x344, 0xa2c5, 0x5030, 0x586,
	0x30, 0x30c, 0xffff, 0x5031, 0x586, 0x2b00, 0x505, 0x30, 0x308, 0xffff, 0x580c, 0x505,
	0x4700, 0x505, 0x1, 0x303, 0xffff, 0x580b, 0x505, 0x308, 0xffff, 0x580d, 0x505, 0x4f00,
	0x505, 0x30, 0x30c, 0xffff, 0x502f, 0x505, 0x5300, 0x505, 0x1, 0x308, 0xffff, 0x580e,
	0x505, 0x344, 0xc000, 0x62c5, 0x5030, 0x505, 0x30, 0x30c, 0xffff, 0x5031, 0x505, 0x2b9c,
	0xa2c4, 0x30, 0x308, 0xc000, 0xa2c5, 0x2b05, 0xa2c4, 0x30, 0x308, 0xc000, 0xe2c5, 0x4f9c,
	0xa0c4, 0x30, 0x30c, 0xc001, 0x22c5, 0x4f05, 0xa0c4, 0x30, 0x30c, 0xc001, 0x62c5, 0x539c,
	0xa2c4, 0x30, 0x308, 0xc001, 0xa2c5, 0x5305, 0xa2c4, 0x30, 0x308, 0xc001, 0xe2c5, 0x479c,
	0xbec4, 0x1, 0x303, 0xc003, 0x22c5, 0x308, 0xc003, 0x62c5, 0x4705, 0xbec4, 0x1, 0x303,
	0xc003, 0xa2c5, 0x308, 0xc003, 0xe2c5, 0x539c, 0xbec4, 0x30, 0x308, 0xc004, 0x22c5, 0x5305,
	0xbec4, 0x30, 0x308, 0xc004, 0x62c5, 0x479c, 0xa2c4, 0x1, 0x303, 0xc006, 0xa2c5, 0x308,
	0xc006, 0xe2c5, 0x4705, 0xa2c4, 0x1, 0x303, 0xc007, 0x22c5, 0x308, 0xc007, 0x62c5, 0x4f9c,
	0xcac4, 0x30, 0x30c, 0xc007, 0xa2c5, 0x4f05, 0xcac4, 0x30, 0x30c, 0xc007, 0xe2c5, 0x2b9c,
	0xc8c4, 0x30, 0x308, 0xc009, 0x22c5, 0x2b05, 0xc8c4, 0x30, 0x308, 0xc009, 0x62c5, 0x4f9c,
	0xc4c4, 0x30, 0x30c, 0xc00a, 0xa2c5, 0x4f05, 0xc4c4, 0x30, 0x30c, 0xc00a, 0xe2c5, 0x539c,
	0xc6c4, 0x30, 0x308, 0xc00b, 0xa2c5, 0x5305, 0xc6c4, 0x30, 0x308, 0xc00b, 0xe2c5, 0x539c,
	0xd0c4, 0x30, 0x308, 0xc00c, 0x22c5, 0x5305, 0xd0c4, 0x30, 0x308, 0xc00c, 0x62c5, 0x539c,
	0xccc4, 0x30, 0x308, 0xc00c, 0xa2c5, 0x5305, 0xccc4, 0x30, 0x308, 0xc00c, 0xe2c5, 0xd,
	0xa2c5, 0x30, 0x30c, 0xc00d, 0xe2c5, 0xe, 0x22c5, 0x30, 0x30c, 0xc00e, 0x62c5, 0xe,
	0xa2c5, 0x30, 0x30c, 0xc00e, 0xe2c5, 0xf, 0x22c5, 0x30, 0x30c, 0xc00f, 0x62c5, 0x2b9c,
	0xc4c4, 0x30, 0x308, 0xc00f, 0xa2c5, 0x2b05, 0xc4c4, 0x30, 0x308, 0xc00f, 0xe2c5, 0x479c,
	0xc4c4, 0x1, 0x303, 0xc010, 0x22c5, 0x308, 0xc010, 0x62c5, 0x4705, 0xc4c4, 0x1, 0x303,
	0xc010, 0xa2c5, 0x308, 0xc010, 0xe2c5, 0x11, 0x23c5, 0x1, 0x303, 0xc011, 0x83c5, 0x308,
	0xc011, 0xe3c5, 0x12, 0x43c5, 0x1, 0x303, 0xc012, 0xa3c5, 0x308, 0xc013, 0x3c5, 0x539c,
	0xc4c4, 0x30, 0x308, 0xc013, 0x62c5, 0x5305, 0xc4c4, 0x30, 0x308, 0xc013, 0xa2c5, 0x13,
	0xe3c5, 0x30, 0x308, 0xc014, 0x43c5, 0x14, 0xa3c5, 0x30, 0x308, 0xc015, 0x3c5
};

static constexpr uint16_t s_coll_etFastLatin[512] = {
	0x205, 0xc40, 0xde0, 0xe80, 0xea8, 0x418, 0x0, 0x0, 0x0, 0x0, 0x0, 0x0,
	0x0, 0x0, 0xc00, 0xc08, 0xc10, 0xc18, 0xc20, 0x0, 0x0, 0x0, 0x0, 0x0,
	0x0, 0x0, 0x0, 0x0, 0x0, 0x0, 0x0, 0x0, 0x0, 0x0, 0x0, 0x0,
	0x0, 0xc40, 0xca8, 0xcf0, 0xd78, 0xe98, 0xd80, 0xd70, 0xcd8, 0xd08, 0xd10, 0xd58,
	0xe30, 0xc90, 0xc60, 0xcd0, 0xd60, 0x10a8, 0x14a8, 0x18a8, 0x1ca8, 0x20a8, 0x24a8, 0x28a8,
	0x2ca8, 0x30a8, 0x34a8, 0xca0, 0xc98, 0xe50, 0xe58, 0xe60, 0xcb8, 0xd50, 0x41a, 0x3cb9,
	0x40b9, 0x44b9, 0x48ba, 0x4cb9, 0x50b9, 0x54b9, 0x58ba, 0x60ba, 0x64b9, 0x68b9, 0x6cb9, 0x70ba,
	0x41c, 0x7cb9, 0x80b9, 0x88b9, 0x41e, 0x9cb9, 0x420, 0xa8b9, 0xacb9, 0xc0b9, 0xc4b9, 0x422,
	0xd18, 0xd68, 0xd20, 0xdf8, 0xc50, 0xde8, 0x424, 0x3ca8, 0x40a8, 0x44a8, 0x48a8, 0x4ca8,
	0x50a8, 0x54a8, 0x58a8, 0x60a8, 0x64a8, 0x68a8, 0x6ca8, 0x70a8, 0x426, 0x7ca8, 0x80a8, 0x88a8,
	0x428, 0x9ca8, 0x42a, 0xa8a8, 0xaca8, 0xc0a8, 0xc4a8, 0x42c, 0xd28, 0xe70, 0xd30, 0xe80,
	0x0, 0x0, 0x0, 0x0, 0x0, 0x0, 0xc28, 0x0, 0x0, 0x0, 0x0, 0x0,
	0x0, 0x0, 0x0, 0x0, 0x0, 0x0, 0x0, 0x0, 0x0, 0x0, 0x0, 0x0,
	0x0, 0x0, 0x0, 0x0, 0x0, 0x0, 0x0, 0x0, 0x0, 0xc42, 0xcb0, 0xe90,
	0xea0, 0xe88, 0xea8, 0xe78, 0xd40, 0xe08, 0xe20, 0x38aa, 0xcf8, 0xe68, 0x0, 0xe28,
	0xe00, 0xe18, 0xe38, 0x18a9, 0x1ca9, 0xdf0, 0x1, 0xd48, 0x1, 0xe10, 0x14a9, 0x78aa,
	0xd00, 0x1, 0x1, 0x1, 0xcc0, 0x39b9, 0x3999, 0x39f9, 0x3a99, 0xb4b9, 0x3a39, 0x800,
	0x42f9, 0x49ba, 0x499a, 0x49fa, 0x4a5a, 0x59ba, 0x599a, 0x59fa, 0x5a5a, 0x44d9, 0x729a, 0x79b9,
	0x7999, 0x79f9, 0xb0b9, 0xb8b9, 0xe48, 0x7ad9, 0xa5b9, 0xa599, 0xa5f9, 0xbcb9, 0xc599, 0xc8b9,
	0x802, 0x39a8, 0x3988, 0x39e8, 0x3a88, 0xb4a8, 0x3a28, 0x804, 0x42e8, 0x49a8, 0x4988, 0x49e8,
	0x4a48, 0x59a8, 0x5988, 0x59e8, 0x5a48, 0x44c8, 0x7288, 0x79a8, 0x7988, 0x79e8, 0xb0a8, 0xb8a8,
	0xe40, 0x7ac8, 0xa5a8, 0xa588, 0xa5e8, 0xbca8, 0xc588, 0xc8a8, 0xc648, 0x3b39, 0x3b28, 0x39d9,
	0x39c8, 0x42e, 0x430, 0x4199, 0x4188, 0x41f9, 0x41e8, 0x42b9, 0x42a8, 0x4219, 0x4208, 0x4619,
	0x4608, 0x4759, 0x4748, 0x4b3a, 0x4b28, 0x49da, 0x49c8, 0x4aba, 0x4aa8, 0x4b1a, 0x4b08, 0x4a1a,
	0x4a08, 0x51f9, 0x51e8, 0x51d9, 0x51c8, 0x52b9, 0x52a8, 0x52f9, 0x52e8, 0x55f9, 0x55e8, 0x5759,
	0x5748, 0x5a9a, 0x5a88, 0x5b3a, 0x5b28, 0x59da, 0x59c8, 0x5b1a, 0x5b08, 0x5aba, 0x5ca8, 0x806,
	0x808, 0x61fa, 0x61e8, 0x66f9, 0x66e8, 0x84a8, 0x6999, 0x6988, 0x6af9, 0x6ae8, 0x6a19, 0x6a08,
	0x6b79, 0x6b68, 0x6b59, 0x6b48, 0x719a, 0x7188, 0x72fa, 0x72e8, 0x721a, 0x7208, 0x80a, 0x74b9,
	0x74a8, 0x7b39, 0x7b28, 0x79d9, 0x79c8, 0x7a79, 0x7a68, 0x80c, 0x80e, 0x8999, 0x8988, 0x8af9,
	0x8ae8, 0x8a19, 0x8a08, 0x8d9a, 0x8d88, 0x8dfa, 0x8de8, 0x432, 0x434, 0x90b9, 0x90a8, 0x9ef9,
	0x9ee8, 0x9e19, 0x9e08, 0xa0b9, 0xa0a8, 0xa699, 0xa688, 0xa739, 0xa728, 0xa5d9, 0xa5c8, 0xa639,
	0xa628, 0xa679, 0xa668, 0x436, 0x438, 0xadf9, 0xade8, 0xc5f9, 0xc5e8, 0xc659, 0x9599, 0x9588,
	0x96b9, 0x96a8, 0x98b9, 0x98a8, 0x8ce8, 0xc41, 0xc41, 0xc41, 0xc41, 0xc41, 0xc41, 0xc41,
	0xc42, 0xc41, 0xc41, 0xc41, 0x0, 0x0, 0x0, 0x0, 0x0, 0xc68, 0xc69, 0xc70,
	0xc78, 0xc80, 0xc88, 0xd38, 0xc58, 0x1, 0x1, 0x1, 0x1, 0x1, 0x1, 0x1,
	0x1, 0xd98, 0xda0, 0xda8, 0xdb0, 0xcd1, 0x810, 0x1, 0xdb8, 0xc30, 0xc38, 0x0,
	0x0, 0x0, 0x0, 0x0, 0xc42, 0xd88, 0xd90, 0xdc0, 0x812, 0x1, 0xdc8, 0x814,
	0x1, 0xdd0, 0xce0, 0xce8, 0xdd8, 0x816, 0xcc8, 0xc48, 0xde0, 0x38d9, 0x48bb, 0x8cc8,
	0x8ca9, 0x38c8, 0x48a9, 0x58bb, 0x60bb, 0x58a9, 0x60a9, 0xcca9, 0x70a9, 0x78d9, 0x48bb, 0x78c8,
	0x48a9, 0xcd1, 0xcd1, 0xdc1, 0xdc1, 0xdc9, 0xdc9, 0xca9, 0xca9, 0x5ff, 0x0, 0x5ff,
	0x38b9, 0x5ff, 0x78b9, 0x5ff, 0x8cba, 0x5ff, 0xa4b9, 0x5ff, 0x94b9, 0x5ff, 0x38a8, 0x5ff,
	0x78a8, 0x5ff, 0x8ca8, 0x5ff, 0xa4a8, 0x5ff, 0x94a8, 0x5ff, 0x3b19, 0x5ff, 0x3b08, 0x5ff,
	0x8efa, 0x5ff, 0x8ee8, 0x5ff, 0xa719, 0x5ff, 0xa708, 0x1ff
};

static constexpr uint16_t s_coll_etFastLatinPrimaries[384] = {
	0x0, 0x0, 0x0, 0x0, 0x0, 0x0, 0x0, 0x0, 0x0, 0xc00, 0xc08, 0xc10,
	0xc18, 0xc20, 0x0, 0x0, 0x0, 0x0, 0x0, 0x0, 0x0, 0x0, 0x0, 0x0,
	0x0, 0x0, 0x0, 0x0, 0x0, 0x0, 0x0, 0x0, 0xc40, 0xca8, 0xcf0, 0xd78,
	0xe98, 0xd80, 0xd70, 0xcd8, 0xd08, 0xd10, 0xd58, 0xe30, 0xc90, 0xc60, 0xcd0, 0xd60,
	0x1000, 0x1400, 0x1800, 0x1c00, 0x2000, 0x2400, 0x2800, 0x2c00, 0x3000, 0x3400, 0xca0, 0xc98,
	0xe50, 0xe58, 0xe60, 0xcb8, 0xd50, 0x0, 0x3c00, 0x4000, 0x4400, 0x4800, 0x4c00, 0x5000,
	0x5400, 0x5800, 0x6000, 0x6400, 0x6800, 0x6c00, 0x7000, 0x0, 0x7c00, 0x8000, 0x8800, 0x0,
	0x9c00, 0x0, 0xa800, 0xac00, 0xc000, 0xc400, 0x0, 0xd18, 0xd68, 0xd20, 0xdf8, 0xc50,
	0xde8, 0x0, 0x3c00, 0x4000, 0x4400, 0x4800, 0x4c00, 0x5000, 0x5400, 0x5800, 0x6000, 0x6400,
	0x6800, 0x6c00, 0x7000, 0x0, 0x7c00, 0x8000, 0x8800, 0x0, 0x9c00, 0x0, 0xa800, 0xac00,
	0xc000, 0xc400, 0x0, 0xd28, 0xe70, 0xd30, 0xe80, 0x0, 0x0, 0x0, 0x0, 0x0,
	0x0, 0xc28, 0x0, 0x0, 0x0, 0x0, 0x0, 0x0, 0x0, 0x0, 0x0, 0x0,
	0x0, 0x0, 0x0, 0x0, 0x0, 0x0, 0x0, 0x0, 0x0, 0x0, 0x0, 0x0,
	0x0, 0x0, 0x0, 0x0, 0xc40, 0xcb0, 0xe90, 0xea0, 0xe88, 0xea8, 0xe78, 0xd40,
	0xe08, 0xe20, 0x3800, 0xcf8, 0xe68, 0x0, 0xe28, 0xe00, 0xe18, 0xe38, 0x1800, 0x1c00,
	0xdf0, 0x0, 0xd48, 0x0, 0xe10, 0x1400, 0x7800, 0xd00, 0x0, 0x0, 0x0, 0xcc0,
	0x3800, 0x3800, 0x3800, 0x3800, 0xb400, 0x3800, 0x0, 0x4000, 0x4800, 0x4800, 0x4800, 0x4800,
	0x5800, 0x5800, 0x5800, 0x5800, 0x4400, 0x7000, 0x7800, 0x7800, 0x7800, 0xb000, 0xb800, 0xe48,
	0x7800, 0xa400, 0xa400, 0xa400, 0xbc00, 0xc400, 0xc800, 0x0, 0x3800, 0x3800, 0x3800, 0x3800,
	0xb400, 0x3800, 0x0, 0x4000, 0x4800, 0x4800, 0x4800, 0x4800, 0x5800, 0x5800, 0x5800, 0x5800,
	0x4400, 0x7000, 0x7800, 0x7800, 0x7800, 0xb000, 0xb800, 0xe40, 0x7800, 0xa400, 0xa400, 0xa400,
	0xbc00, 0xc400, 0xc800, 0xc400, 0x3800, 0x3800, 0x3800, 0x3800, 0x0, 0x0, 0x4000, 0x4000,
	0x4000, 0x4000, 0x4000, 0x4000, 0x4000, 0x4000, 0x4400, 0x4400, 0x4400, 0x4400, 0x4800, 0x4800,
	0x4800, 0x4800, 0x4800, 0x4800, 0x4800, 0x4800, 0x4800, 0x4800, 0x5000, 0x5000, 0x5000, 0x5000,
	0x5000, 0x5000, 0x5000, 0x5000, 0x5400, 0x5400, 0x5400, 0x5400, 0x5800, 0x5800, 0x5800, 0x5800,
	0x5800, 0x5800, 0x5800, 0x5800, 0x5800, 0x5c00, 0x0, 0x0, 0x6000, 0x6000, 0x6400, 0x6400,
	0x8400, 0x6800, 0x6800, 0x6800, 0x6800, 0x6800, 0x6800, 0x6800, 0x6800, 0x6800, 0x6800, 0x7000,
	0x7000, 0x7000, 0x7000, 0x7000, 0x7000, 0x0, 0x7400, 0x7400, 0x7800, 0x7800, 0x7800, 0x7800,
	0x7800, 0x7800, 0x0, 0x0, 0x8800, 0x8800, 0x8800, 0x8800, 0x8800, 0x8800, 0x8c00, 0x8c00,
	0x8c00, 0x8c00, 0x0, 0x0, 0x9000, 0x9000, 0x9c00, 0x9c00, 0x9c00, 0x9c00, 0xa000, 0xa000,
	0xa400, 0xa400, 0xa400, 0xa400, 0xa400, 0xa400, 0xa400, 0xa400, 0xa400, 0xa400, 0x0, 0x0,
	0xac00, 0xac00, 0xc400, 0xc400, 0xc400, 0x9400, 0x9400, 0x9400, 0x9400, 0x9800, 0x9800, 0x8c00
};

static constexpr int32_t s_coll_etFastLatinMiniVarTop = 0xbff;

static constexpr uint32_t s_coll_etNumericPrimary = 0x10000000;
static constexpr int32_t s_coll_etOptions = 0x2010;
static constexpr int32_t s_coll_etJamoCe32sStart = -1;

static constexpr uint16_t s_coll_afTrieIndex[2112] = {
	0x0, 0x8, 0x10, 0x18, 0x30, 0x38, 0x40, 0x48, 0x30, 0x38, 0x50, 0x58, 0x30, 0x38, 0x30, 0x38,
	0x30, 0x38, 0x30, 0x38, 0x30, 0x38, 0x30, 0x38, 0x30, 0x38, 0x30, 0x38, 0x30, 0x38, 0x30, 0x38,
	0x30, 0x38, 0x30, 0x38, 0x30, 0x38, 0x30, 0x38, 0x30, 0x38, 0x30, 0x38, 0x30, 0x38, 0x30, 0x38,
	0x30, 0x38, 0x30, 0x38, 0x30, 0x38, 0x30, 0x38, 0x30, 0x38, 0x30, 0x38, 0x30, 0x38, 0x30, 0x38,
	0x30, 0x30, 0x30, 0x30, 0x30, 0x30, 0x30, 0x30, 0x30, 0x30, 0x30, 0x30, 0x30, 0x30, 0x30, 0x30,
	0x30, 0x30, 0x30, 0x30, 0x30, 0x30, 0x30, 0x30, 0x30, 0x30, 0x30, 0x30, 0x30, 0x30, 0x30, 0x30,
	0x30, 0x30, 0x30, 0x30, 0x30, 0x30, 0x30, 0x30, 0x30, 0x30, 0x30, 0x30, 0x30, 0x30, 0x30, 0x30,
	0x30, 0x30, 0x30, 0x30, 0x30, 0x30, 0x30, 0x30, 0x30, 0x30, 0x30, 0x30, 0x30, 0x30, 0x30, 0x30,
	0x30, 0x30, 0x30, 0x30, 0x30, 0x30, 0x30, 0x30, 0x30, 0x30, 0x30, 0x30, 0x30, 0x30, 0x30, 0x30,
	0x30, 0x30, 0x30, 0x30, 0x30, 0x30, 0x30, 0x30, 0x30, 0x30, 0x30, 0x30, 0x30, 0x30, 0x30, 0x30,
	0x30, 0x30, 0x30, 0x30, 0x30, 0x30, 0x30, 0x30, 0x30, 0x30, 0x30, 0x30, 0x30, 0x30, 0x30, 0x30,
	0x30, 0x30, 0x30, 0x30, 0x30, 0x30, 0x30, 0x30, 0x30, 0x30, 0x30, 0x30, 0x30, 0x30, 0x30, 0x30,
	0x30, 0x30, 0x30, 0x30, 0x30, 0x30, 0x30, 0x30, 0x30, 0x30, 0x30, 0x30, 0x30, 0x30, 0x30, 0x30,
	0x30, 0x30, 0x30, 0x30, 0x30, 0x30, 0x30, 0x30, 0x30, 0x30, 0x30, 0x30, 0x30, 0x30, 0x30, 0x30,
	0x30, 0x30, 0x30, 0x30, 0x30, 0x30, 0x30, 0x30, 0x30, 0x30, 0x30, 0x30, 0x30, 0x30, 0x30, 0x30,
	0x30, 0x30, 0x30, 0x30, 0x30, 0x30, 0x30, 0x30, 0x30, 0x30, 0x30, 0x30, 0x30, 0x30, 0x30, 0x30,
	0x30, 0x30, 0x30, 0x30, 0x30, 0x30, 0x30, 0x30, 0x30, 0x30, 0x30, 0x30, 0x30, 0x30, 0x30, 0x30,
	0x30, 0x30, 0x30, 0x30, 0x30, 0x30, 0x30, 0x30, 0x30, 0x30, 0x30, 0x30, 0x30, 0x30, 0x30, 0x30,
	0x30, 0x30, 0x30, 0x30, 0x30, 0x30, 0x30, 0x30, 0x30, 0x30, 0x30, 0x30, 0x30, 0x30, 0x30, 0x30,
	0x30, 0x30, 0x30, 0x30, 0x30, 0x30, 0x30, 0x30, 0x30, 0x30, 0x30, 0x30, 0x30, 0x30, 0x30, 0x30,
	0x30, 0x30, 0x30, 0x30, 0x30, 0x30, 0x30, 0x30, 0x30, 0x30, 0x30, 0x30, 0x30, 0x30, 0x30, 0x30,
	0x30, 0x30, 0x30, 0x30, 0x30, 0x30, 0x30, 0x30, 0x30, 0x30, 0x30, 0x30, 0x30, 0x30, 0x30, 0x30,
	0x30, 0x30, 0x30, 0x30, 0x30, 0x30, 0x30, 0x30, 0x30, 0x30, 0x30, 0x30, 0x30, 0x30, 0x30, 0x30,
	0x30, 0x30, 0x30, 0x30, 0x30, 0x30, 0x30, 0x30, 0x30, 0x30, 0x30, 0x30, 0x30, 0x30, 0x30, 0x30,
	0x30, 0x30, 0x30, 0x30, 0x30, 0x30, 0x30, 0x30, 0x30, 0x30, 0x30, 0x30, 0x30, 0x30, 0x30, 0x30,
	0x30, 0x30, 0x30, 0x30, 0x30, 0x30, 0x30, 0x30, 0x30, 0x30, 0x30, 0x30, 0x30, 0x30, 0x30, 0x30,
	0x30, 0x30, 0x30, 0x30, 0x30, 0x30, 0x30, 0x30, 0x30, 0x30, 0x30, 0x30, 0x30, 0x30, 0x30, 0x30,
	0x30, 0x30, 0x30, 0x30, 0x30, 0x30, 0x30, 0x30, 0x30, 0x30, 0x30, 0x30, 0x30, 0x30, 0x30, 0x30,
	0x30, 0x30, 0x30, 0x30, 0x30, 0x30, 0x30, 0x30, 0x30, 0x30, 0x30, 0x30, 0x30, 0x30, 0x30, 0x30,
	0x30, 0x30, 0x30, 0x30, 0x30, 0x30, 0x30, 0x30, 0x30, 0x30, 0x30, 0x30, 0x30, 0x30, 0x30, 0x30,
	0x30, 0x30, 0x30, 0x30, 0x30, 0x30, 0x30, 0x30, 0x30, 0x30, 0x30, 0x30, 0x30, 0x30, 0x30, 0x30,
	0x30, 0x30, 0x30, 0x30, 0x30, 0x30, 0x30, 0x30, 0x30, 0x30, 0x30, 0x30, 0x30, 0x30, 0x30, 0x30,
	0x30, 0x30, 0x30, 0x30, 0x30, 0x30, 0x30, 0x30, 0x30, 0x30, 0x30, 0x30, 0x30, 0x30, 0x30, 0x30,
	0x30, 0x30, 0x30, 0x30, 0x30, 0x30, 0x30, 0x30, 0x30, 0x30, 0x30, 0x30, 0x30, 0x30, 0x30, 0x30,
	0x30, 0x30, 0x30, 0x30, 0x30, 0x30, 0x30, 0x30, 0x30, 0x30, 0x30, 0x30, 0x30, 0x30, 0x30, 0x30,
	0x30, 0x30, 0x30, 0x30, 0x30, 0x30, 0x30, 0x30, 0x30, 0x30, 0x30, 0x30, 0x30, 0x30, 0x30, 0x30,
	0x30, 0x30, 0x30, 0x30, 0x30, 0x30, 0x30, 0x30, 0x30, 0x30, 0x30, 0x30, 0x30, 0x30, 0x30, 0x30,
	0x30, 0x30, 0x30, 0x30, 0x30, 0x30, 0x30, 0x30, 0x30, 0x30, 0x30, 0x30, 0x30, 0x30, 0x30, 0x30,
	0x30, 0x30, 0x30, 0x30, 0x30, 0x30, 0x30, 0x30, 0x30, 0x30, 0x30, 0x30, 0x30, 0x30, 0x30, 0x30,
	0x30, 0x30, 0x30, 0x30, 0x30, 0x30, 0x30, 0x30, 0x30, 0x30, 0x30, 0x30, 0x30, 0x30, 0x30, 0x30,
	0x30, 0x30, 0x30, 0x30, 0x30, 0x30, 0x30, 0x30, 0x30, 0x30, 0x30, 0x30, 0x30, 0x30, 0x30, 0x30,
	0x30, 0x30, 0x30, 0x30, 0x30, 0x30, 0x30, 0x30, 0x30, 0x30, 0x30, 0x30, 0x30, 0x30, 0x30, 0x30,
	0x30, 0x30, 0x30, 0x30, 0x30, 0x30, 0x30, 0x30, 0x30, 0x30, 0x30, 0x30, 0x30, 0x30, 0x30, 0x30,
	0x30, 0x30, 0x30, 0x30, 0x30, 0x30, 0x30, 0x30, 0x30, 0x30, 0x30, 0x30, 0x30, 0x30, 0x30, 0x30,
	0x30, 0x30, 0x30, 0x30, 0x30, 0x30, 0x30, 0x30, 0x30, 0x30, 0x30, 0x30, 0x30, 0x30, 0x30, 0x30,
	0x30, 0x30, 0x30, 0x30, 0x30, 0x30, 0x30, 0x30, 0x30, 0x30, 0x30, 0x30, 0x30, 0x30, 0x30, 0x30,
	0x30, 0x30, 0x30, 0x30, 0x30, 0x30, 0x30, 0x30, 0x30, 0x30, 0x30, 0x30, 0x30, 0x30, 0x30, 0x30,
	0x30, 0x30, 0x30, 0x30, 0x30, 0x30, 0x30, 0x30, 0x30, 0x30, 0x30, 0x30, 0x30, 0x30, 0x30, 0x30,
	0x30, 0x30, 0x30, 0x30, 0x30, 0x30, 0x30, 0x30, 0x30, 0x30, 0x30, 0x30, 0x30, 0x30, 0x30, 0x30,
	0x30, 0x30, 0x30, 0x30, 0x30, 0x30, 0x30, 0x30, 0x30, 0x30, 0x30, 0x30, 0x30, 0x30, 0x30, 0x30,
	0x30, 0x30, 0x30, 0x30, 0x30, 0x30, 0x30, 0x30, 0x30, 0x30, 0x30, 0x30, 0x30, 0x30, 0x30, 0x30,
	0x30, 0x30, 0x30, 0x30, 0x30, 0x30, 0x30, 0x30, 0x30, 0x30, 0x30, 0x30, 0x30, 0x30, 0x30, 0x30,
	0x30, 0x30, 0x30, 0x30, 0x30, 0x30, 0x30, 0x30, 0x30, 0x30, 0x30, 0x30, 0x30, 0x30, 0x30, 0x30,
	0x30, 0x30, 0x30, 0x30, 0x30, 0x30, 0x30, 0x30, 0x30, 0x30, 0x30, 0x30, 0x30, 0x30, 0x30, 0x30,
	0x30, 0x30, 0x30, 0x30, 0x30, 0x30, 0x30, 0x30, 0x30, 0x30, 0x30, 0x30, 0x30, 0x30, 0x30, 0x30,
	0x30, 0x30, 0x30, 0x30, 0x30, 0x30, 0x30, 0x30, 0x30, 0x30, 0x30, 0x30, 0x30, 0x30, 0x30, 0x30,
	0x30, 0x30, 0x30, 0x30, 0x30, 0x30, 0x30, 0x30, 0x30, 0x30, 0x30, 0x30, 0x30, 0x30, 0x30, 0x30,
	0x30, 0x30, 0x30, 0x30, 0x30, 0x30, 0x30, 0x30, 0x30, 0x30, 0x30, 0x30, 0x30, 0x30, 0x30, 0x30,
	0x30, 0x30, 0x30, 0x30, 0x30, 0x30, 0x30, 0x30, 0x30, 0x30, 0x30, 0x30, 0x30, 0x30, 0x30, 0x30,
	0x30, 0x30, 0x30, 0x30, 0x30, 0x30, 0x30, 0x30, 0x30, 0x30, 0x30, 0x30, 0x30, 0x30, 0x30, 0x30,
	0x30, 0x30, 0x30, 0x30, 0x30, 0x30, 0x30, 0x30, 0x30, 0x30, 0x30, 0x30, 0x30, 0x30, 0x30, 0x30,
	0x30, 0x30, 0x30, 0x30, 0x30, 0x30, 0x30, 0x30, 0x30, 0x30, 0x30, 0x30, 0x30, 0x30, 0x30, 0x30,
	0x30, 0x30, 0x30, 0x30, 0x30, 0x30, 0x30, 0x30, 0x30, 0x30, 0x30, 0x30, 0x30, 0x30, 0x30, 0x30,
	0x30, 0x30, 0x30, 0x30, 0x30, 0x30, 0x30, 0x30, 0x30, 0x30, 0x30, 0x30, 0x30, 0x30, 0x30, 0x30,
	0x30, 0x30, 0x30, 0x30, 0x30, 0x30, 0x30, 0x30, 0x30, 0x30, 0x30, 0x30, 0x30, 0x30, 0x30, 0x30,
	0x30, 0x30, 0x30, 0x30, 0x30, 0x30, 0x30, 0x30, 0x30, 0x30, 0x30, 0x30, 0x30, 0x30, 0x30, 0x30,
	0x30, 0x30, 0x30, 0x30, 0x30, 0x30, 0x30, 0x30, 0x30, 0x30, 0x30, 0x30, 0x30, 0x30, 0x30, 0x30,
	0x30, 0x30, 0x30, 0x30, 0x30, 0x30, 0x30, 0x30, 0x30, 0x30, 0x30, 0x30, 0x30, 0x30, 0x30, 0x30,
	0x30, 0x30, 0x30, 0x30, 0x30, 0x30, 0x30, 0x30, 0x30, 0x30, 0x30, 0x30, 0x30, 0x30, 0x30, 0x30,
	0x30, 0x30, 0x30, 0x30, 0x30, 0x30, 0x30, 0x30, 0x30, 0x30, 0x30, 0x30, 0x30, 0x30, 0x30, 0x30,
	0x30, 0x30, 0x30, 0x30, 0x30, 0x30, 0x30, 0x30, 0x30, 0x30, 0x30, 0x30, 0x30, 0x30, 0x30, 0x30,
	0x30, 0x30, 0x30, 0x30, 0x30, 0x30, 0x30, 0x30, 0x30, 0x30, 0x30, 0x30, 0x30, 0x30, 0x30, 0x30,
	0x30, 0x30, 0x30, 0x30, 0x30, 0x30, 0x30, 0x30, 0x30, 0x30, 0x30, 0x30, 0x30, 0x30, 0x30, 0x30,
	0x30, 0x30, 0x30, 0x30, 0x30, 0x30, 0x30, 0x30, 0x30, 0x30, 0x30, 0x30, 0x30, 0x30, 0x30, 0x30,
	0x30, 0x30, 0x30, 0x30, 0x30, 0x30, 0x30, 0x30, 0x30, 0x30, 0x30, 0x30, 0x30, 0x30, 0x30, 0x30,
	0x30, 0x30, 0x30, 0x30, 0x30, 0x30, 0x30, 0x30, 0x30, 0x30, 0x30, 0x30, 0x30, 0x30, 0x30, 0x30,
	0x30, 0x30, 0x30, 0x30, 0x30, 0x30, 0x30, 0x30, 0x30, 0x30, 0x30, 0x30, 0x30, 0x30, 0x30, 0x30,
	0x30, 0x30, 0x30, 0x30, 0x30, 0x30, 0x30, 0x30, 0x30, 0x30, 0x30, 0x30, 0x30, 0x30, 0x30, 0x30,
	0x30, 0x30, 0x30, 0x30, 0x30, 0x30, 0x30, 0x30, 0x30, 0x30, 0x30, 0x30, 0x30, 0x30, 0x30, 0x30,
	0x30, 0x30, 0x30, 0x30, 0x30, 0x30, 0x30, 0x30, 0x30, 0x30, 0x30, 0x30, 0x30, 0x30, 0x30, 0x30,
	0x30, 0x30, 0x30, 0x30, 0x30, 0x30, 0x30, 0x30, 0x30, 0x30, 0x30, 0x30, 0x30, 0x30, 0x30, 0x30,
	0x30, 0x30, 0x30, 0x30, 0x30, 0x30, 0x30, 0x30, 0x30, 0x30, 0x30, 0x30, 0x30, 0x30, 0x30, 0x30,
	0x30, 0x30, 0x30, 0x30, 0x30, 0x30, 0x30, 0x30, 0x30, 0x30, 0x30, 0x30, 0x30, 0x30, 0x30, 0x30,
	0x30, 0x30, 0x30, 0x30, 0x30, 0x30, 0x30, 0x30, 0x30, 0x30, 0x30, 0x30, 0x30, 0x30, 0x30, 0x30,
	0x30, 0x30, 0x30, 0x30, 0x30, 0x30, 0x30, 0x30, 0x30, 0x30, 0x30, 0x30, 0x30, 0x30, 0x30, 0x30,
	0x30, 0x30, 0x30, 0x30, 0x30, 0x30, 0x30, 0x30, 0x30, 0x30, 0x30, 0x30, 0x30, 0x30, 0x30, 0x30,
	0x70, 0x70, 0x70, 0x70, 0x70, 0x70, 0x70, 0x70, 0x70, 0x70, 0x70, 0x70, 0x70, 0x70, 0x70, 0x70,
	0x70, 0x70, 0x70, 0x70, 0x70, 0x70, 0x70, 0x70, 0x70, 0x70, 0x70, 0x70, 0x70, 0x70, 0x70, 0x70,
	0x70, 0x70, 0x70, 0x70, 0x70, 0x70, 0x70, 0x70, 0x70, 0x70, 0x70, 0x70, 0x70, 0x70, 0x70, 0x70,
	0x70, 0x70, 0x70, 0x70, 0x70, 0x70, 0x70, 0x70, 0x70, 0x70, 0x70, 0x70, 0x70, 0x70, 0x70, 0x70,
	0x70, 0x70, 0x70, 0x70, 0x70, 0x70, 0x70, 0x70, 0x70, 0x70, 0x70, 0x70, 0x70, 0x70, 0x70, 0x70,
	0x70, 0x70, 0x70, 0x70, 0x70, 0x70, 0x70, 0x70, 0x70, 0x70, 0x70, 0x70, 0x70, 0x70, 0x70, 0x70,
	0x70, 0x70, 0x70, 0x70, 0x70, 0x70, 0x70, 0x70, 0x70, 0x70, 0x70, 0x70, 0x70, 0x70, 0x70, 0x70,
	0x70, 0x70, 0x70, 0x70, 0x70, 0x70, 0x70, 0x70, 0x70, 0x70, 0x70, 0x70, 0x70, 0x70, 0x70, 0x70,
	0x70, 0x70, 0x70, 0x70, 0x70, 0x70, 0x70, 0x70, 0x70, 0x70, 0x70, 0x70, 0x70, 0x70, 0x70, 0x70,
	0x70, 0x70, 0x70, 0x70, 0x70, 0x70, 0x70, 0x70, 0x70, 0x70, 0x70, 0x70, 0x70, 0x70, 0x70, 0x70,
	0x70, 0x70, 0x70, 0x70, 0x70, 0x70, 0x70, 0x70, 0x70, 0x70, 0x70, 0x70, 0x70, 0x70, 0x70, 0x70,
	0x70, 0x70, 0x70, 0x70, 0x70, 0x70, 0x70, 0x70, 0x70, 0x70, 0x70, 0x70, 0x70, 0x70, 0x70, 0x70,
	0x70, 0x70, 0x70, 0x70, 0x70, 0x70, 0x70, 0x70, 0x70, 0x70, 0x70, 0x70, 0x70, 0x70, 0x70, 0x70,
	0x70, 0x70, 0x70, 0x70, 0x70, 0x70, 0x70, 0x70, 0x70, 0x70, 0x70, 0x70, 0x70, 0x70, 0x70, 0x70,
	0x70, 0x70, 0x70, 0x70, 0x70, 0x70, 0x70, 0x70, 0x70, 0x70, 0x70, 0x70, 0x70, 0x70, 0x70, 0x70,
	0x70, 0x70, 0x70, 0x70, 0x70, 0x70, 0x70, 0x70, 0x70, 0x70, 0x70, 0x70, 0x70, 0x70, 0x70, 0x70,
	0x70, 0x70, 0x70, 0x70, 0x70, 0x70, 0x70, 0x70, 0x70, 0x70, 0x70, 0x70, 0x70, 0x70, 0x70, 0x70,
	0x70, 0x70, 0x70, 0x70, 0x70, 0x70, 0x70, 0x70, 0x70, 0x70, 0x70, 0x70, 0x70, 0x70, 0x70, 0x70,
	0x70, 0x70, 0x70, 0x70, 0x70, 0x70, 0x70, 0x70, 0x70, 0x70, 0x70, 0x70, 0x70, 0x70, 0x70, 0x70,
	0x70, 0x70, 0x70, 0x70, 0x70, 0x70, 0x70, 0x70, 0x70, 0x70, 0x70, 0x70, 0x70, 0x70, 0x70, 0x70,
	0x70, 0x70, 0x70, 0x70, 0x70, 0x70, 0x70, 0x70, 0x70, 0x70, 0x70, 0x70, 0x70, 0x70, 0x70, 0x70,
	0x70, 0x70, 0x70, 0x70, 0x70, 0x70, 0x70, 0x70, 0x70, 0x70, 0x70, 0x70, 0x70, 0x68, 0x30, 0x30,
	0x60, 0x60, 0x60, 0x60, 0x60, 0x60, 0x60, 0x60, 0x60, 0x60, 0x60, 0x60, 0x60, 0x60, 0x60, 0x60,
	0x60, 0x60, 0x60, 0x60, 0x60, 0x60, 0x60, 0x60, 0x60, 0x60, 0x60, 0x60, 0x60, 0x60, 0x60, 0x60,
	0x30, 0x30, 0x30, 0x30, 0x30, 0x30, 0x30, 0x30, 0x30, 0x30, 0x30, 0x30, 0x30, 0x30, 0x30, 0x30,
	0x30, 0x30, 0x30, 0x30, 0x30, 0x30, 0x30, 0x30, 0x30, 0x30, 0x30, 0x30, 0x30, 0x30, 0x30, 0x30,
	0x30, 0x30, 0x30, 0x30, 0x30, 0x30, 0x30, 0x30, 0x30, 0x30, 0x30, 0x30, 0x30, 0x30, 0x30, 0x30,
	0x30, 0x30, 0x30, 0x30, 0x30, 0x30, 0x30, 0x30, 0x30, 0x30, 0x30, 0x30, 0x30, 0x30, 0x30, 0x30,
	0x30, 0x30, 0x30, 0x30, 0x30, 0x30, 0x30, 0x30, 0x30, 0x30, 0x30, 0x30, 0x30, 0x30, 0x30, 0x30,
	0x30, 0x30, 0x30, 0x30, 0x30, 0x30, 0x30, 0x30, 0x30, 0x30, 0x30, 0x30, 0x30, 0x30, 0x30, 0x30,
	0x30, 0x30, 0x30, 0x30, 0x30, 0x30, 0x30, 0x30, 0x30, 0x30, 0x30, 0x30, 0x30, 0x30, 0x30, 0x30,
	0x30, 0x30, 0x30, 0x30, 0x30, 0x30, 0x30, 0x30, 0x30, 0x30, 0x30, 0x30, 0x30, 0x30, 0x30, 0x30,
	0x30, 0x30, 0x30, 0x30, 0x30, 0x30, 0x30, 0x30, 0x30, 0x30, 0x30, 0x30, 0x30, 0x30, 0x30, 0x30,
	0x30, 0x30, 0x30, 0x30, 0x30, 0x30, 0x30, 0x30, 0x30, 0x30, 0x30, 0x30, 0x30, 0x30, 0x30, 0x30,
	0x30, 0x30, 0x30, 0x30, 0x30, 0x30, 0x30, 0x30, 0x30, 0x30, 0x30, 0x30, 0x30, 0x30, 0x30, 0x30,
	0x30, 0x30, 0x30, 0x30, 0x30, 0x30, 0x30, 0x30, 0x30, 0x30, 0x30, 0x30, 0x30, 0x30, 0x30, 0x30,
	0x30, 0x30, 0x30, 0x30, 0x30, 0x30, 0x30, 0x30, 0x30, 0x30, 0x30, 0x30, 0x30, 0x30, 0x30, 0x30,
	0x30, 0x30, 0x30, 0x30, 0x30, 0x30, 0x30, 0x30, 0x30, 0x30, 0x30, 0x30, 0x30, 0x30, 0x30, 0x30,
	0x30, 0x30, 0x30, 0x30, 0x30, 0x30, 0x30, 0x30, 0x30, 0x30, 0x30, 0x30, 0x30, 0x30, 0x30, 0x30,
	0x30, 0x30, 0x30, 0x30, 0x30, 0x30, 0x30, 0x30, 0x30, 0x30, 0x30, 0x30, 0x30, 0x30, 0x30, 0x30,
	0x30, 0x30, 0x30, 0x30, 0x30, 0x30, 0x30, 0x30, 0x30, 0x30, 0x30, 0x30, 0x30, 0x30, 0x30, 0x30,
	0x30, 0x30, 0x30, 0x30, 0x30, 0x30, 0x30, 0x30, 0x30, 0x30, 0x30, 0x30, 0x30, 0x30, 0x30, 0x30,
	0x30, 0x30, 0x30, 0x30, 0x30, 0x30, 0x30, 0x30, 0x30, 0x30, 0x30, 0x30, 0x30, 0x30, 0x30, 0x30,
	0x30, 0x30, 0x30, 0x30, 0x30, 0x30, 0x30, 0x30, 0x30, 0x30, 0x30, 0x30, 0x30, 0x30, 0x30, 0x30,
	0x80, 0x80, 0xc0, 0x100, 0xc0, 0x140, 0xc0, 0xc0, 0xc0, 0xc0, 0xc0, 0xc0, 0xc0, 0xc0, 0xc0, 0xc0,
	0xc0, 0xc0, 0xc0, 0xc0, 0xc0, 0xc0, 0xc0, 0xc0, 0xc0, 0xc0, 0xc0, 0xc0, 0xc0, 0xc0, 0xc0, 0xc0
};

static constexpr uint32_t s_coll_afTrieData[484] = {
	0xcb, 0x0, 0x0, 0x0, 0x0, 0x0, 0x0, 0x0,
	0x0, 0x3040505, 0x3060505, 0x3080505, 0x30a0505, 0x30c0505, 0x0, 0x0,
	0x0, 0x0, 0x0, 0x0, 0x0, 0x0, 0x0, 0x0,
	0x0, 0x0, 0x0, 0x0, 0x0, 0x0, 0x0, 0x0,
	0x4000505, 0x75a0505, 0x9760505, 0xa940505, 0xda90505, 0xa960505, 0xa8e0505, 0x9700505,
	0x97c0505, 0x97e0505, 0xa7e0505, 0xc7b0505, 0x6000505, 0x50e0505, 0x8000505, 0xa880505,
	0xe0ca, 0x101ca, 0x122ca, 0x143ca, 0x164ca, 0x185ca, 0x1a6ca, 0x1c7ca,
	0x1e8ca, 0x209ca, 0x7360505, 0x72a0505, 0xc850505, 0xc870505, 0xc890505, 0x7640505,
	0xa7c0505, 0x2b00059c, 0x2d00059c, 0x2f00059c, 0x3100059c, 0x3300059c, 0x3500059c, 0x3700059c,
	0x3900059c, 0x3b00059c, 0x3d00059c, 0x3f00059c, 0x4100059c, 0x4300059c, 0x4500059c, 0x4700059c,
	0x4900059c, 0x4b00059c, 0x4d00059c, 0x4f00059c, 0x5100059c, 0x5300059c, 0x5500059c, 0x570005a0,
	0x5900059c, 0x5b00059c, 0x5d00059c, 0x9800505, 0xa8a0505, 0x9820505, 0xc0a0505, 0x50a0505,
	0xc040505, 0x2b000505, 0x2d000505, 0x2f000505, 0x31000505, 0x33000505, 0x35000505, 0x37000505,
	0x39000505, 0x3b000505, 0x3d000505, 0x3f000505, 0x41000505, 0x43000505, 0x45000505, 0x47000505,
	0x49000505, 0x4b000505, 0x4d000505, 0x4f000505, 0x51000505, 0x53000505, 0x55000505, 0x57000505,
	0x59000505, 0x5b000505, 0x5d000505, 0x9840505, 0xc8d0505, 0x9860505, 0xc910505, 0x0,
	0xfffd0505, 0xfffd0505, 0xfffd0505, 0xfffd0505, 0xfffd0505, 0xfffd0505, 0xfffd0505, 0xfffd0505,
	0xfffd0505, 0xfffd0505, 0xfffd0505, 0xfffd0505, 0xfffd0505, 0xfffd0505, 0xfffd0505, 0xfffd0505,
	0xfffd0505, 0xfffd0505, 0xfffd0505, 0xfffd0505, 0xfffd0505, 0xfffd0505, 0xfffd0505, 0xfffd0505,
	0xfffd0505, 0xfffd0505, 0xfffd0505, 0xfffd0505, 0xfffd0505, 0xfffd0505, 0xfffd0505, 0xfffd0505,
	0xfffd0505, 0xfffd0505, 0xfffd0505, 0xfffd0505, 0xfffd0505, 0xfffd0505, 0xfffd0505, 0xfffd0505,
	0xfffd0505, 0xfffd0505, 0xfffd0505, 0xfffd0505, 0xfffd0505, 0xfffd0505, 0xfffd0505, 0xfffd0505,
	0xfffd0505, 0xfffd0505, 0xfffd0505, 0xfffd0505, 0xfffd0505, 0xfffd0505, 0xfffd0505, 0xfffd0505,
	0xfffd0505, 0xfffd0505, 0xfffd0505, 0xfffd0505, 0xfffd0505, 0xfffd0505, 0xfffd0505, 0xfffd0505,
	0xc0, 0xc0, 0xc0, 0xc0, 0xc0, 0xc0, 0xc0, 0xc0,
	0xc0, 0xc0, 0xc0, 0xc0, 0xc0, 0xc0, 0xc0, 0xc0,
	0xc0, 0xc0, 0xc0, 0xc0, 0xc0, 0xc0, 0xc0, 0xc0,
	0xc0, 0xc0, 0xc0, 0xc0, 0xc0, 0xc0, 0xc0, 0xc0,
	0xc0, 0xc0, 0xc0, 0xc0, 0xc0, 0xc0, 0xc0, 0xc0,
	0xc0, 0xc0, 0xc0, 0xc0, 0xc0, 0xc0, 0xc0, 0xc0,
	0xc0, 0xc0, 0xc0, 0xc0, 0xc0, 0xc0, 0xc0, 0xc0,
	0xc0, 0xc0, 0xc0, 0xc0, 0xc0, 0xc0, 0xc0, 0xc0,
	0x2b9c8ac4, 0x2b9c88c4, 0x2b9c8ec4, 0x2b9c9ac4, 0x2b9c96c4, 0x2b9c92c4, 0x22c5, 0x2f9ca0c4,
	0x339c8ac4, 0x339c88c4, 0x339c8ec4, 0x339c96c4, 0x3b9c8ac4, 0x3b9c88c4, 0x3b9c8ec4, 0x3b9c96c4,
	0x310070a0, 0x459c9ac4, 0x479c8ac4, 0x479c88c4, 0x479c8ec4, 0x479c9ac4, 0x479c96c4, 0xc830505,
	0x479c9ec4, 0x539c8ac4, 0x539c88c4, 0x539c8ec4, 0x539c96c4, 0x5b9c88c4, 0x5e2805a0, 0x62c5,
	0x2b058ac4, 0x2b0588c4, 0x2b058ec4, 0x2b059ac4, 0x2b0596c4, 0x2b0592c4, 0xa2c5, 0x2f05a0c4,
	0x33058ac4, 0x330588c4, 0x33058ec4, 0x330596c4, 0x3b058ac4, 0x3b0588c4, 0x3b058ec4, 0x3b0596c4,
	0x31007005, 0x45059ac4, 0x47058ac4, 0x470588c4, 0x47058ec4, 0x47059ac4, 0x470596c4, 0xc810505,
	0x47059ec4, 0x53058ac4, 0x530588c4, 0x53058ec4, 0x530596c4, 0x5b0588c4, 0x5e280505, 0x5b0596c4,
	0xc0, 0xc0, 0xc0, 0xc0, 0xc0, 0xc0, 0xc0, 0xc0,
	0xc0, 0x4500051d, 0xc0, 0xc0, 0xc0, 0xc0, 0xc0, 0xc0,
	0xc0, 0xc0, 0xc0, 0xc0, 0xc0, 0xc0, 0xc0, 0xc0,
	0xc0, 0xc0, 0xc0, 0xc0, 0xc0, 0xc0, 0xc0, 0xc0,
	0xc0, 0xc0, 0xc0, 0xc0, 0xc0, 0xc0, 0xc0, 0xc0,
	0xc0, 0xc0, 0xc0, 0xc0, 0xc0, 0xc0, 0xc0, 0xc0,
	0xc0, 0xc0, 0xc0, 0xc0, 0xc0, 0xc0, 0xc0, 0xc0,
	0xc0, 0xc0, 0xc0, 0xc0, 0xc0, 0xc0, 0xc0, 0xc0,
	0x1cd, 0x1cd, 0x1cd, 0x1cd, 0x1cd, 0x1cd, 0x1cd, 0x1cd,
	0x1cd, 0x1cd, 0x1cd, 0x1cd, 0x1cd, 0x1cd, 0x1cd, 0x1cd,
	0x1cd, 0x1cd, 0x1cd, 0x1cd, 0x1cd, 0x1cd, 0x1cd, 0x1cd,
	0x1cd, 0x1cd, 0x1cd, 0x1cd, 0x1cd, 0x1cd, 0x1cd, 0x1cd,
	0x1cc, 0x1cc, 0x1cc, 0x1cc, 0xc0, 0xc0, 0xc0, 0xc0,
	0xc0, 0xc0, 0xc0, 0xc0, 0xc0, 0xc0, 0xc0, 0xc0,
	0xc0, 0xc0, 0xc0, 0xc0, 0xc0, 0xc0, 0xc0, 0xc0,
	0xc0, 0xc0, 0xc0, 0xc0, 0xc0, 0xc0, 0xc0, 0xc0,
	0x1cc, 0x1cc, 0x1cc, 0x1cc, 0x1cc, 0x1cc, 0x1cc, 0x1cc,
	0x1cc, 0x1cc, 0x1cc, 0x1cc, 0x1cc, 0x1cc, 0x1cc, 0x1cc,
	0x1cc, 0x1cc, 0x1cc, 0x1cc, 0x1cc, 0x1cc, 0x1cc, 0x1cc,
	0x1cc, 0x1cc, 0x1cc, 0x1cc, 0x1cc, 0x1cc, 0x1cc, 0x1cc,
	0xc0, 0xc0, 0xc0, 0xc0
};

static constexpr int32_t s_coll_afTrieIndexLength = 2112;
static constexpr int32_t s_coll_afTrieDataLength = 484;
static constexpr char32_t s_coll_afTrieHighStart = 0xe000;
static constexpr int32_t s_coll_afTrieHighValueIndex = 480;

static constexpr uint32_t s_coll_afCe32s[17] = {
	0x0, 0x2b0070a0, 0x330005a2, 0x4f007005, 0x4f000513, 0x2b007005, 0x33000513, 0x12000505,
	0x14000505, 0x16000505, 0x18000505, 0x1a000505, 0x1c000505, 0x1e000505, 0x20000505, 0x22000505,
	0x24000505
};

static constexpr uint16_t s_coll_afFastLatin[478] = {
	0x205, 0xc40, 0xde0, 0xe80, 0xea8, 0x416, 0x0, 0x0, 0x0, 0x0, 0x0, 0x0,
	0x0, 0x0, 0xc00, 0xc08, 0xc10, 0xc18, 0xc20, 0x0, 0x0, 0x0, 0x0, 0x0,
	0x0, 0x0, 0x0, 0x0, 0x0, 0x0, 0x0, 0x0, 0x0, 0x0, 0x0, 0x0,
	0x0, 0xc40, 0xca8, 0xcf0, 0xd78, 0xe98, 0xd80, 0xd70, 0xcd8, 0xd08, 0xd10, 0xd58,
	0xe30, 0xc90, 0xc60, 0xcd0, 0xd60, 0x10a8, 0x14a8, 0x18a8, 0x1ca8, 0x20a8, 0x24a8, 0x28a8,
	0x2ca8, 0x30a8, 0x34a8, 0xca0, 0xc98, 0xe50, 0xe58, 0xe60, 0xcb8, 0xd50, 0x38b9, 0x3cb9,
	0x40b9, 0x44b9, 0x48ba, 0x4cb9, 0x50b9, 0x54b9, 0x58ba, 0x60ba, 0x64b9, 0x68b9, 0x6cb9, 0x70b9,
	0x78b9, 0x7cb9, 0x80b9, 0x88b9, 0x8cba, 0x90b9, 0x98b9, 0x9cb9, 0xa0b9, 0xa4b9, 0xa8b9, 0xacb9,
	0xd18, 0xd68, 0xd20, 0xdf8, 0xc50, 0xde8, 0x38a8, 0x3ca8, 0x40a8, 0x44a8, 0x48a8, 0x4ca8,
	0x50a8, 0x54a8, 0x58a8, 0x60a8, 0x64a8, 0x68a8, 0x6ca8, 0x70a8, 0x78a8, 0x7ca8, 0x80a8, 0x88a8,
	0x8ca8, 0x90a8, 0x98a8, 0x9ca8, 0xa0a8, 0xa4a8, 0xa8a8, 0xaca8, 0xd28, 0xe70, 0xd30, 0xe80,
	0x0, 0x0, 0x0, 0x0, 0x0, 0x0, 0xc28, 0x0, 0x0, 0x0, 0x0, 0x0,
	0x0, 0x0, 0x0, 0x0, 0x0, 0x0, 0x0, 0x0, 0x0, 0x0, 0x0, 0x0,
	0x0, 0x0, 0x0, 0x0, 0x0, 0x0, 0x0, 0x0, 0x0, 0xc42, 0xcb0, 0xe90,
	0xea0, 0xe88, 0xea8, 0xe78, 0xd40, 0xe08, 0xe20, 0x38aa, 0xcf8, 0xe68, 0x0, 0xe28,
	0xe00, 0xe18, 0xe38, 0x18a9, 0x1ca9, 0xdf0, 0x1, 0xd48, 0x1, 0xe10, 0x14a9, 0x78aa,
	0xd00, 0x1, 0x1, 0x1, 0xcc0, 0x39b9, 0x3999, 0x39f9, 0x3a99, 0x3a59, 0x3a39, 0x800,
	0x42f9, 0x49ba, 0x499a, 0x49fa, 0x4a5a, 0x59ba, 0x599a, 0x59fa, 0x5a5a, 0x44d9, 0x7299, 0x79b9,
	0x7999, 0x79f9, 0x7a99, 0x7a59, 0xe48, 0x7ad9, 0x99b9, 0x9999, 0x99f9, 0x9a59, 0xa999, 0xb0b9,
	0x802, 0x39a8, 0x3988, 0x39e8, 0x3a88, 0x3a48, 0x3a28, 0x804, 0x42e8, 0x49a8, 0x4988, 0x49e8,
	0x4a48, 0x59a8, 0x5988, 0x59e8, 0x5a48, 0x44c8, 0x7288, 0x79a8, 0x7988, 0x79e8, 0x7a88, 0x7a48,
	0xe40, 0x7ac8, 0x99a8, 0x9988, 0x99e8, 0x9a48, 0xa988, 0xb0a8, 0xaa48, 0x3b39, 0x3b28, 0x39d9,
	0x39c8, 0x3b19, 0x3b08, 0x4199, 0x4188, 0x41f9, 0x41e8, 0x42b9, 0x42a8, 0x4219, 0x4208, 0x4619,
	0x4608, 0x4759, 0x4748, 0x4b3a, 0x4b28, 0x49da, 0x49c8, 0x4aba, 0x4aa8, 0x4b1a, 0x4b08, 0x4a1a,
	0x4a08, 0x51f9, 0x51e8, 0x51d9, 0x51c8, 0x52b9, 0x52a8, 0x52f9, 0x52e8, 0x55f9, 0x55e8, 0x5759,
	0x5748, 0x5a9a, 0x5a88, 0x5b3a, 0x5b28, 0x59da, 0x59c8, 0x5b1a, 0x5b08, 0x5aba, 0x5ca8, 0x806,
	0x808, 0x61fa, 0x61e8, 0x66f9, 0x66e8, 0x84a8, 0x6999, 0x6988, 0x6af9, 0x6ae8, 0x6a19, 0x6a08,
	0x6b79, 0x6b68, 0x6b59, 0x6b48, 0x7199, 0x7188, 0x72f9, 0x72e8, 0x7219, 0x7208, 0x70aa, 0x74b9,
	0x74a8, 0x7b39, 0x7b28, 0x79d9, 0x79c8, 0x7a79, 0x7a68, 0x80a, 0x80c, 0x8999, 0x8988, 0x8af9,
	0x8ae8, 0x8a19, 0x8a08, 0x8d9a, 0x8d88, 0x8dfa, 0x8de8, 0x8efa, 0x8ee8, 0x8e1a, 0x8e08, 0x92f9,
	0x92e8, 0x9219, 0x9208, 0x94b9, 0x94a8, 0x9a99, 0x9a88, 0x9b39, 0x9b28, 0x99d9, 0x99c8, 0x9a39,
	0x9a28, 0x9a79, 0x9a68, 0x9b19, 0x9b08, 0xa1f9, 0xa1e8, 0xa9f9, 0xa9e8, 0xaa59, 0xad99, 0xad88,
	0xaeb9, 0xaea8, 0xae19, 0xae08, 0x8ce8, 0xc41, 0xc41, 0xc41, 0xc41, 0xc41, 0xc41, 0xc41,
	0xc42, 0xc41, 0xc41, 0xc41, 0x0, 0x0, 0x0, 0x0, 0x0, 0xc68, 0xc69, 0xc70,
	0xc78, 0xc80, 0xc88, 0xd38, 0xc58, 0x1, 0x1, 0x1, 0x1, 0x1, 0x1, 0x1,
	0x1, 0xd98, 0xda0, 0xda8, 0xdb0, 0xcd1, 0x80e, 0x1, 0xdb8, 0xc30, 0xc38, 0x0,
	0x0, 0x0, 0x0, 0x0, 0xc42, 0xd88, 0xd90, 0xdc0, 0x810, 0x1, 0xdc8, 0x812,
	0x1, 0xdd0, 0xce0, 0xce8, 0xdd8, 0x814, 0xcc8, 0xc48, 0xde0, 0x38d9, 0x48bb, 0x8cc8,
	0x8ca9, 0x38c8, 0x48a9, 0x58bb, 0x60bb, 0x58a9, 0x60a9, 0x78d9, 0x48bb, 0x78c8, 0x48a9, 0xcd1,
	0xcd1, 0xdc1, 0xdc1, 0xdc9, 0xdc9, 0xca9, 0xca9, 0x5ff, 0x0, 0x1ff
};

static constexpr uint16_t s_coll_afFastLatinPrimaries[384] = {
	0x0, 0x0, 0x0, 0x0, 0x0, 0x0, 0x0, 0x0, 0x0, 0xc00, 0xc08, 0xc10,
	0xc18, 0xc20, 0x0, 0x0, 0x0, 0x0, 0x0, 0x0, 0x0, 0x0, 0x0, 0x0,
	0x0, 0x0, 0x0, 0x0, 0x0, 0x0, 0x0, 0x0, 0xc40, 0xca8, 0xcf0, 0xd78,
	0xe98, 0xd80, 0xd70, 0xcd8, 0xd08, 0xd10, 0xd58, 0xe30, 0xc90, 0xc60, 0xcd0, 0xd60,
	0x1000, 0x1400, 0x1800, 0x1c00, 0x2000, 0x2400, 0x2800, 0x2c00, 0x3000, 0x3400, 0xca0, 0xc98,
	0xe50, 0xe58, 0xe60, 0xcb8, 0xd50, 0x3800, 0x3c00, 0x4000, 0x4400, 0x4800, 0x4c00, 0x5000,
	0x5400, 0x5800, 0x6000, 0x6400, 0x6800, 0x6c00, 0x7000, 0x7800, 0x7c00, 0x8000, 0x8800, 0x8c00,
	0x9000, 0x9800, 0x9c00, 0xa000, 0xa400, 0xa800, 0xac00, 0xd18, 0xd68, 0xd20, 0xdf8, 0xc50,
	0xde8, 0x3800, 0x3c00, 0x4000, 0x4400, 0x4800, 0x4c00, 0x5000, 0x5400, 0x5800, 0x6000, 0x6400,
	0x6800, 0x6c00, 0x7000, 0x7800, 0x7c00, 0x8000, 0x8800, 0x8c00, 0x9000, 0x9800, 0x9c00, 0xa000,
	0xa400, 0xa800, 0xac00, 0xd28, 0xe70, 0xd30, 0xe80, 0x0, 0x0, 0x0, 0x0, 0x0,
	0x0, 0xc28, 0x0, 0x0, 0x0, 0x0, 0x0, 0x0, 0x0, 0x0, 0x0, 0x0,
	0x0, 0x0, 0x0, 0x0, 0x0, 0x0, 0x0, 0x0, 0x0, 0x0, 0x0, 0x0,
	0x0, 0x0, 0x0, 0x0, 0xc40, 0xcb0, 0xe90, 0xea0, 0xe88, 0xea8, 0xe78, 0xd40,
	0xe08, 0xe20, 0x3800, 0xcf8, 0xe68, 0x0, 0xe28, 0xe00, 0xe18, 0xe38, 0x1800, 0x1c00,
	0xdf0, 0x0, 0xd48, 0x0, 0xe10, 0x1400, 0x7800, 0xd00, 0x0, 0x0, 0x0, 0xcc0,
	0x3800, 0x3800, 0x3800, 0x3800, 0x3800, 0x3800, 0x0, 0x4000, 0x4800, 0x4800, 0x4800, 0x4800,
	0x5800, 0x5800, 0x5800, 0x5800, 0x4400, 0x7000, 0x7800, 0x7800, 0x7800, 0x7800, 0x7800, 0xe48,
	0x7800, 0x9800, 0x9800, 0x9800, 0x9800, 0xa800, 0xb000, 0x0, 0x3800, 0x3800, 0x3800, 0x3800,
	0x3800, 0x3800, 0x0, 0x4000, 0x4800, 0x4800, 0x4800, 0x4800, 0x5800, 0x5800, 0x5800, 0x5800,
	0x4400, 0x7000, 0x7800, 0x7800, 0x7800, 0x7800, 0x7800, 0xe40, 0x7800, 0x9800, 0x9800, 0x9800,
	0x9800, 0xa800, 0xb000, 0xa800, 0x3800, 0x3800, 0x3800, 0x3800, 0x3800, 0x3800, 0x4000, 0x4000,
	0x4000, 0x4000, 0x4000, 0x4000, 0x4000, 0x4000, 0x4400, 0x4400, 0x4400, 0x4400, 0x4800, 0x4800,
	0x4800, 0x4800, 0x4800, 0x4800, 0x4800, 0x4800, 0x4800, 0x4800, 0x5000, 0x5000, 0x5000, 0x5000,
	0x5000, 0x5000, 0x5000, 0x5000, 0x5400, 0x5400, 0x5400, 0x5400, 0x5800, 0x5800, 0x5800, 0x5800,
	0x5800, 0x5800, 0x5800, 0x5800, 0x5800, 0x5c00, 0x0, 0x0, 0x6000, 0x6000, 0x6400, 0x6400,
	0x8400, 0x6800, 0x6800, 0x6800, 0x6800, 0x6800, 0x6800, 0x6800, 0x6800, 0x6800, 0x6800, 0x7000,
	0x7000, 0x7000, 0x7000, 0x7000, 0x7000, 0x7000, 0x7400, 0x7400, 0x7800, 0x7800, 0x7800, 0x7800,
	0x7800, 0x7800, 0x0, 0x0, 0x8800, 0x8800, 0x8800, 0x8800, 0x8800, 0x8800, 0x8c00, 0x8c00,
	0x8c00, 0x8c00, 0x8c00, 0x8c00, 0x8c00, 0x8c00, 0x9000, 0x9000, 0x9000, 0x9000, 0x9400, 0x9400,
	0x9800, 0x9800, 0x9800, 0x9800, 0x9800, 0x9800, 0x9800, 0x9800, 0x9800, 0x9800, 0x9800, 0x9800,
	0xa000, 0xa000, 0xa800, 0xa800, 0xa800, 0xac00, 0xac00, 0xac00, 0xac00, 0xac00, 0xac00, 0x8c00
};

static constexpr int32_t s_coll_afFastLatinMiniVarTop = 0xbff;

static constexpr uint32_t s_coll_afNumericPrimary = 0x10000000;
static constexpr int32_t s_coll_afOptions = 0x2010;
static constexpr int32_t s_coll_afJamoCe32sStart = -1;

static constexpr uint16_t s_coll_fyTrieIndex[2112] = {
	0x0, 0x8, 0x10, 0x18, 0x30, 0x38, 0x40, 0x48, 0x30, 0x38, 0x50, 0x58, 0x30, 0x38, 0x30, 0x38,
	0x5f, 0x67, 0x30, 0x38, 0x30, 0x38, 0x30, 0x38, 0x30, 0x38, 0x30, 0x38, 0x30, 0x38, 0x30, 0x38,
	0x30, 0x38, 0x30, 0x38, 0x30, 0x38, 0x30, 0x38, 0x30, 0x38, 0x30, 0x38, 0x30, 0x38, 0x30, 0x38,
	0x30, 0x38, 0x30, 0x38, 0x30, 0x38, 0x30, 0x38, 0x30, 0x38, 0x30, 0x38, 0x30, 0x38, 0x30, 0x38,
	0x30, 0x30, 0x30, 0x30, 0x30, 0x30, 0x30, 0x30, 0x30, 0x30, 0x30, 0x30, 0x30, 0x30, 0x30, 0x30,
	0x30, 0x30, 0x30, 0x30, 0x30, 0x30, 0x30, 0x30, 0x30, 0x30, 0x30, 0x30, 0x30, 0x30, 0x30, 0x30,
	0x30, 0x30, 0x30, 0x30, 0x30, 0x30, 0x30, 0x30, 0x30, 0x30, 0x30, 0x30, 0x30, 0x30, 0x30, 0x30,
	0x30, 0x30, 0x30, 0x30, 0x30, 0x30, 0x30, 0x30, 0x30, 0x30, 0x30, 0x30, 0x30, 0x30, 0x30, 0x30,
	0x30, 0x30, 0x30, 0x30, 0x30, 0x30, 0x30, 0x30, 0x30, 0x30, 0x30, 0x30, 0x30, 0x30, 0x30, 0x30,
	0x30, 0x30, 0x30, 0x30, 0x30, 0x30, 0x30, 0x30, 0x30, 0x30, 0x30, 0x30, 0x30, 0x30, 0x30, 0x30,
	0x30, 0x30, 0x30, 0x30, 0x30, 0x30, 0x30, 0x30, 0x30, 0x30, 0x30, 0x30, 0x30, 0x30, 0x30, 0x30,
	0x30, 0x30, 0x30, 0x30, 0x30, 0x30, 0x30, 0x30, 0x30, 0x30, 0x30, 0x30, 0x30, 0x30, 0x30, 0x30,
	0x30, 0x30, 0x30, 0x30, 0x30, 0x30, 0x30, 0x30, 0x30, 0x30, 0x30, 0x30, 0x30, 0x30, 0x30, 0x30,
	0x30, 0x30, 0x30, 0x30, 0x30, 0x30, 0x30, 0x30, 0x30, 0x30, 0x30, 0x30, 0x30, 0x30, 0x30, 0x30,
	0x30, 0x30, 0x30, 0x30, 0x30, 0x30, 0x30, 0x30, 0x30, 0x30, 0x30, 0x30, 0x30, 0x30, 0x30, 0x30,
	0x30, 0x30, 0x30, 0x30, 0x7c, 0x30, 0x30, 0x83, 0x30, 0x30, 0x30, 0x30, 0x30, 0x30, 0x30, 0x30,
	0x30, 0x30, 0x30, 0x30, 0x30, 0x30, 0x30, 0x30, 0x30, 0x30, 0x30, 0x30, 0x30, 0x30, 0x30, 0x30,
	0x30, 0x30, 0x30, 0x30, 0x30, 0x30, 0x30, 0x30, 0x30, 0x30, 0x30, 0x30, 0x30, 0x30, 0x30, 0x30,
	0x30, 0x30, 0x30, 0x30, 0x30, 0x30, 0x30, 0x30, 0x30, 0x30, 0x30, 0x30, 0x30, 0x30, 0x30, 0x30,
	0x30, 0x30, 0x30, 0x30, 0x30, 0x30, 0x30, 0x30, 0x30, 0x30, 0x30, 0x30, 0x30, 0x30, 0x30, 0x30,
	0x30, 0x30, 0x30, 0x30, 0x30, 0x30, 0x30, 0x30, 0x30, 0x30, 0x30, 0x30, 0x30, 0x30, 0x30, 0x30,
	0x30, 0x30, 0x30, 0x30, 0x30, 0x30, 0x30, 0x30, 0x30, 0x30, 0x30, 0x30, 0x30, 0x30, 0x30, 0x30,
	0x30, 0x30, 0x30, 0x30, 0x30, 0x30, 0x30, 0x30, 0x30, 0x30, 0x30, 0x30, 0x30, 0x30, 0x30, 0x30,
	0x30, 0x30, 0x30, 0x30, 0x30, 0x30, 0x30, 0x30, 0x30, 0x30, 0x30, 0x30, 0x30, 0x30, 0x30, 0x30,
	0x30, 0x30, 0x30, 0x30, 0x30, 0x30, 0x30, 0x30, 0x30, 0x30, 0x30, 0x30, 0x30, 0x30, 0x30, 0x30,
	0x30, 0x30, 0x30, 0x30, 0x30, 0x30, 0x30, 0x30, 0x30, 0x30, 0x30, 0x30, 0x30, 0x30, 0x30, 0x30,
	0x30, 0x30, 0x30, 0x30, 0x30, 0x30, 0x30, 0x30, 0x30, 0x30, 0x30, 0x30, 0x30, 0x30, 0x30, 0x30,
	0x30, 0x30, 0x30, 0x30, 0x30, 0x30, 0x30, 0x30, 0x30, 0x30, 0x30, 0x30, 0x30, 0x30, 0x30, 0x30,
	0x30, 0x30, 0x30, 0x30, 0x30, 0x30, 0x30, 0x30, 0x30, 0x30, 0x30, 0x30, 0x30, 0x30, 0x30, 0x30,
	0x30, 0x30, 0x30, 0x30, 0x30, 0x30, 0x30, 0x30, 0x30, 0x30, 0x30, 0x30, 0x30, 0x30, 0x30, 0x30,
	0x30, 0x30, 0x30, 0x30, 0x30, 0x30, 0x30, 0x30, 0x30, 0x30, 0x30, 0x30, 0x30, 0x30, 0x30, 0x30,
	0x30, 0x30, 0x30, 0x30, 0x30, 0x30, 0x30, 0x30, 0x30, 0x30, 0x30, 0x30, 0x30, 0x30, 0x30, 0x30,
	0x30, 0x30, 0x30, 0x30, 0x30, 0x30, 0x30, 0x30, 0x30, 0x30, 0x30, 0x30, 0x30, 0x30, 0x30, 0x30,
	0x30, 0x30, 0x30, 0x30, 0x30, 0x30, 0x30, 0x30, 0x30, 0x30, 0x30, 0x30, 0x30, 0x30, 0x30, 0x30,
	0x30, 0x30, 0x30, 0x30, 0x30, 0x30, 0x30, 0x30, 0x30, 0x30, 0x30, 0x30, 0x30, 0x30, 0x30, 0x30,
	0x30, 0x30, 0x30, 0x30, 0x30, 0x30, 0x30, 0x30, 0x30, 0x30, 0x30, 0x30, 0x30, 0x30, 0x30, 0x30,
	0x30, 0x30, 0x30, 0x30, 0x30, 0x30, 0x30, 0x30, 0x30, 0x30, 0x30, 0x30, 0x30, 0x30, 0x30, 0x30,
	0x30, 0x30, 0x30, 0x30, 0x30, 0x30, 0x30, 0x30, 0x30, 0x30, 0x30, 0x30, 0x30, 0x30, 0x30, 0x30,
	0x30, 0x30, 0x30, 0x30, 0x30, 0x30, 0x30, 0x30, 0x30, 0x30, 0x30, 0x30, 0x30, 0x30, 0x30, 0x30,
	0x30, 0x30, 0x30, 0x30, 0x30, 0x30, 0x30, 0x30, 0x30, 0x30, 0x30, 0x30, 0x30, 0x30, 0x30, 0x30,
	0x30, 0x30, 0x30, 0x30, 0x30, 0x30, 0x30, 0x30, 0x30, 0x30, 0x30, 0x30, 0x30, 0x30, 0x30, 0x30,
	0x30, 0x30, 0x30, 0x30, 0x30, 0x30, 0x30, 0x30, 0x30, 0x30, 0x30, 0x30, 0x30, 0x30, 0x30, 0x30,
	0x30, 0x30, 0x30, 0x30, 0x30, 0x30, 0x30, 0x30, 0x30, 0x30, 0x30, 0x30, 0x30, 0x30, 0x30, 0x30,
	0x30, 0x30, 0x30, 0x30, 0x30, 0x30, 0x30, 0x30, 0x30, 0x30, 0x30, 0x30, 0x30, 0x30, 0x30, 0x30,
	0x30, 0x30, 0x30, 0x30, 0x30, 0x30, 0x30, 0x30, 0x30, 0x30, 0x30, 0x30, 0x30, 0x30, 0x30, 0x30,
	0x30, 0x30, 0x30, 0x30, 0x30, 0x30, 0x30, 0x30, 0x30, 0x30, 0x30, 0x30, 0x30, 0x30, 0x30, 0x30,
	0x30, 0x30, 0x30, 0x30, 0x30, 0x30, 0x30, 0x30, 0x30, 0x30, 0x30, 0x30, 0x30, 0x30, 0x30, 0x30,
	0x30, 0x30, 0x30, 0x30, 0x30, 0x30, 0x30, 0x30, 0x30, 0x30, 0x30, 0x30, 0x30, 0x30, 0x30, 0x30,
	0x30, 0x30, 0x30, 0x30, 0x30, 0x30, 0x30, 0x30, 0x30, 0x30, 0x30, 0x30, 0x30, 0x30, 0x30, 0x30,
	0x30, 0x30, 0x30, 0x30, 0x30, 0x30, 0x30, 0x30, 0x30, 0x30, 0x30, 0x30, 0x30, 0x30, 0x30, 0x30,
	0x30, 0x30, 0x30, 0x30, 0x30, 0x30, 0x30, 0x30, 0x30, 0x30, 0x30, 0x30, 0x30, 0x30, 0x30, 0x30,
	0x30, 0x30, 0x30, 0x30, 0x30, 0x30, 0x30, 0x30, 0x30, 0x30, 0x30, 0x30, 0x30, 0x30, 0x30, 0x30,
	0x30, 0x30, 0x30, 0x30, 0x30, 0x30, 0x30, 0x30, 0x30, 0x30, 0x30, 0x30, 0x30, 0x30, 0x30, 0x30,
	0x30, 0x30, 0x30, 0x30, 0x30, 0x30, 0x30, 0x30, 0x30, 0x30, 0x30, 0x30, 0x30, 0x30, 0x30, 0x30,
	0x30, 0x30, 0x30, 0x30, 0x30, 0x30, 0x30, 0x30, 0x30, 0x30, 0x30, 0x30, 0x30, 0x30, 0x30, 0x30,
	0x30, 0x30, 0x30, 0x30, 0x30, 0x30, 0x30, 0x30, 0x30, 0x30, 0x30, 0x30, 0x30, 0x30, 0x30, 0x30,
	0x30, 0x30, 0x30, 0x30, 0x30, 0x30, 0x30, 0x30, 0x30, 0x30, 0x30, 0x30, 0x30, 0x30, 0x30, 0x30,
	0x30, 0x30, 0x30, 0x30, 0x30, 0x30, 0x30, 0x30, 0x30, 0x30, 0x30, 0x30, 0x30, 0x30, 0x30, 0x30,
	0x30, 0x30, 0x30, 0x30, 0x30, 0x30, 0x30, 0x30, 0x30, 0x30, 0x30, 0x30, 0x30, 0x30, 0x30, 0x30,
	0x30, 0x30, 0x30, 0x30, 0x30, 0x30, 0x30, 0x30, 0x30, 0x30, 0x30, 0x30, 0x30, 0x30, 0x30, 0x30,
	0x30, 0x30, 0x30, 0x30, 0x30, 0x30, 0x30, 0x30, 0x30, 0x30, 0x30, 0x30, 0x30, 0x30, 0x30, 0x30,
	0x30, 0x30, 0x30, 0x30, 0x30, 0x30, 0x30, 0x30, 0x30, 0x30, 0x30, 0x30, 0x30, 0x30, 0x30, 0x30,
	0x30, 0x30, 0x30, 0x30, 0x30, 0x30, 0x30, 0x30, 0x30, 0x30, 0x30, 0x30, 0x30, 0x30, 0x30, 0x30,
	0x30, 0x30, 0x30, 0x30, 0x30, 0x30, 0x30, 0x30, 0x30, 0x30, 0x30, 0x30, 0x30, 0x30, 0x30, 0x30,
	0x30, 0x30, 0x30, 0x30, 0x30, 0x30, 0x30, 0x30, 0x30, 0x30, 0x30, 0x30, 0x30, 0x30, 0x30, 0x30,
	0x30, 0x30, 0x30, 0x30, 0x30, 0x30, 0x30, 0x30, 0x30, 0x30, 0x30, 0x30, 0x30, 0x30, 0x30, 0x30,
	0x30, 0x30, 0x30, 0x30, 0x30, 0x30, 0x30, 0x30, 0x30, 0x30, 0x30, 0x30, 0x30, 0x30, 0x30, 0x30,
	0x30, 0x30, 0x30, 0x30, 0x30, 0x30, 0x30, 0x30, 0x30, 0x30, 0x30, 0x30, 0x30, 0x30, 0x30, 0x30,
	0x30, 0x30, 0x30, 0x30, 0x30, 0x30, 0x30, 0x30, 0x30, 0x30, 0x30, 0x30, 0x30, 0x30, 0x30, 0x30,
	0x30, 0x30, 0x30, 0x30, 0x30, 0x30, 0x30, 0x30, 0x30, 0x30, 0x30, 0x30, 0x30, 0x30, 0x30, 0x30,
	0x30, 0x30, 0x30, 0x30, 0x30, 0x30, 0x30, 0x30, 0x30, 0x30, 0x30, 0x30, 0x30, 0x30, 0x30, 0x30,
	0x30, 0x30, 0x30, 0x30, 0x30, 0x30, 0x30, 0x30, 0x30, 0x30, 0x30, 0x30, 0x30, 0x30, 0x30, 0x30,
	0x30, 0x30, 0x30, 0x30, 0x30, 0x30, 0x30, 0x30, 0x30, 0x30, 0x30, 0x30, 0x30, 0x30, 0x30, 0x30,
	0x30, 0x30, 0x30, 0x30, 0x30, 0x30, 0x30, 0x30, 0x30, 0x30, 0x30, 0x30, 0x30, 0x30, 0x30, 0x30,
	0x30, 0x30, 0x30, 0x30, 0x30, 0x30, 0x30, 0x30, 0x30, 0x30, 0x30, 0x30, 0x30, 0x30, 0x30, 0x30,
	0x30, 0x30, 0x30, 0x30, 0x30, 0x30, 0x30, 0x30, 0x30, 0x30, 0x30, 0x30, 0x30, 0x30, 0x30, 0x30,
	0x30, 0x30, 0x30, 0x30, 0x30, 0x30, 0x30, 0x30, 0x30, 0x30, 0x30, 0x30, 0x30, 0x30, 0x30, 0x30,
	0x30, 0x30, 0x30, 0x30, 0x30, 0x30, 0x30, 0x30, 0x30, 0x30, 0x30, 0x30, 0x30, 0x30, 0x30, 0x30,
	0x30, 0x30, 0x30, 0x30, 0x30, 0x30, 0x30, 0x30, 0x30, 0x30, 0x30, 0x30, 0x30, 0x30, 0x30, 0x30,
	0x30, 0x30, 0x30, 0x30, 0x30, 0x30, 0x30, 0x30, 0x30, 0x30, 0x30, 0x30, 0x30, 0x30, 0x30, 0x30,
	0x30, 0x30, 0x30, 0x30, 0x30, 0x30, 0x30, 0x30, 0x30, 0x30, 0x30, 0x30, 0x30, 0x30, 0x30, 0x30,
	0x30, 0x30, 0x30, 0x30, 0x30, 0x30, 0x30, 0x30, 0x30, 0x30, 0x30, 0x30, 0x30, 0x30, 0x30, 0x30,
	0x30, 0x30, 0x30, 0x30, 0x30, 0x30, 0x30, 0x30, 0x30, 0x30, 0x30, 0x30, 0x30, 0x30, 0x30, 0x30,
	0x30, 0x30, 0x30, 0x30, 0x30, 0x30, 0x30, 0x30, 0x30, 0x30, 0x30, 0x30, 0x30, 0x30, 0x30, 0x30,
	0x30, 0x30, 0x30, 0x30, 0x30, 0x30, 0x30, 0x30, 0x30, 0x30, 0x30, 0x30, 0x30, 0x30, 0x30, 0x30,
	0x30, 0x30, 0x30, 0x30, 0x30, 0x30, 0x30, 0x30, 0x30, 0x30, 0x30, 0x30, 0x30, 0x30, 0x30, 0x30,
	0x8b, 0x8b, 0x8b, 0x8b, 0x8b, 0x8b, 0x8b, 0x8b, 0x8b, 0x8b, 0x8b, 0x8b, 0x8b, 0x8b, 0x8b, 0x8b,
	0x8b, 0x8b, 0x8b, 0x8b, 0x8b, 0x8b, 0x8b, 0x8b, 0x8b, 0x8b, 0x8b, 0x8b, 0x8b, 0x8b, 0x8b, 0x8b,
	0x8b, 0x8b, 0x8b, 0x8b, 0x8b, 0x8b, 0x8b, 0x8b, 0x8b, 0x8b, 0x8b, 0x8b, 0x8b, 0x8b, 0x8b, 0x8b,
	0x8b, 0x8b, 0x8b, 0x8b, 0x8b, 0x8b, 0x8b, 0x8b, 0x8b, 0x8b, 0x8b, 0x8b, 0x8b, 0x8b, 0x8b, 0x8b,
	0x8b, 0x8b, 0x8b, 0x8b, 0x8b, 0x8b, 0x8b, 0x8b, 0x8b, 0x8b, 0x8b, 0x8b, 0x8b, 0x8b, 0x8b, 0x8b,
	0x8b, 0x8b, 0x8b, 0x8b, 0x8b, 0x8b, 0x8b, 0x8b, 0x8b, 0x8b, 0x8b, 0x8b, 0x8b, 0x8b, 0x8b, 0x8b,
	0x8b, 0x8b, 0x8b, 0x8b, 0x8b, 0x8b, 0x8b, 0x8b, 0x8b, 0x8b, 0x8b, 0x8b, 0x8b, 0x8b, 0x8b, 0x8b,
	0x8b, 0x8b, 0x8b, 0x8b, 0x8b, 0x8b, 0x8b, 0x8b, 0x8b, 0x8b, 0x8b, 0x8b, 0x8b, 0x8b, 0x8b, 0x8b,
	0x8b, 0x8b, 0x8b, 0x8b, 0x8b, 0x8b, 0x8b, 0x8b, 0x8b, 0x8b, 0x8b, 0x8b, 0x8b, 0x8b, 0x8b, 0x8b,
	0x8b, 0x8b, 0x8b, 0x8b, 0x8b, 0x8b, 0x8b, 0x8b, 0x8b, 0x8b, 0x8b, 0x8b, 0x8b, 0x8b, 0x8b, 0x8b,
	0x8b, 0x8b, 0x8b, 0x8b, 0x8b, 0x8b, 0x8b, 0x8b, 0x8b, 0x8b, 0x8b, 0x8b, 0x8b, 0x8b, 0x8b, 0x8b,
	0x8b, 0x8b, 0x8b, 0x8b, 0x8b, 0x8b, 0x8b, 0x8b, 0x8b, 0x8b, 0x8b, 0x8b, 0x8b, 0x8b, 0x8b, 0x8b,
	0x8b, 0x8b, 0x8b, 0x8b, 0x8b, 0x8b, 0x8b, 0x8b, 0x8b, 0x8b, 0x8b, 0x8b, 0x8b, 0x8b, 0x8b, 0x8b,
	0x8b, 0x8b, 0x8b, 0x8b, 0x8b, 0x8b, 0x8b, 0x8b, 0x8b, 0x8b, 0x8b, 0x8b, 0x8b, 0x8b, 0x8b, 0x8b,
	0x8b, 0x8b, 0x8b, 0x8b, 0x8b, 0x8b, 0x8b, 0x8b, 0x8b, 0x8b, 0x8b, 0x8b, 0x8b, 0x8b, 0x8b, 0x8b,
	0x8b, 0x8b, 0x8b, 0x8b, 0x8b, 0x8b, 0x8b, 0x8b, 0x8b, 0x8b, 0x8b, 0x8b, 0x8b, 0x8b, 0x8b, 0x8b,
	0x8b, 0x8b, 0x8b, 0x8b, 0x8b, 0x8b, 0x8b, 0x8b, 0x8b, 0x8b, 0x8b, 0x8b, 0x8b, 0x8b, 0x8b, 0x8b,
	0x8b, 0x8b, 0x8b, 0x8b, 0x8b, 0x8b, 0x8b, 0x8b, 0x8b, 0x8b, 0x8b, 0x8b, 0x8b, 0x8b, 0x8b, 0x8b,
	0x8b, 0x8b, 0x8b, 0x8b, 0x8b, 0x8b, 0x8b, 0x8b, 0x8b, 0x8b, 0x8b, 0x8b, 0x8b, 0x8b, 0x8b, 0x8b,
	0x8b, 0x8b, 0x8b, 0x8b, 0x8b, 0x8b, 0x8b, 0x8b, 0x8b, 0x8b, 0x8b, 0x8b, 0x8b, 0x8b, 0x8b, 0x8b,
	0x8b, 0x8b, 0x8b, 0x8b, 0x8b, 0x8b, 0x8b, 0x8b, 0x8b, 0x8b, 0x8b, 0x8b, 0x8b, 0x8b, 0x8b, 0x8b,
	0x8b, 0x8b, 0x8b, 0x8b, 0x8b, 0x8b, 0x8b, 0x8b, 0x8b, 0x8b, 0x8b, 0x8b, 0x8b, 0x77, 0x30, 0x30,
	0x6f, 0x6f, 0x6f, 0x6f, 0x6f, 0x6f, 0x6f, 0x6f, 0x6f, 0x6f, 0x6f, 0x6f, 0x6f, 0x6f, 0x6f, 0x6f,
	0x6f, 0x6f, 0x6f, 0x6f, 0x6f, 0x6f, 0x6f, 0x6f, 0x6f, 0x6f, 0x6f, 0x6f, 0x6f, 0x6f, 0x6f, 0x6f,
	0x30, 0x30, 0x30, 0x30, 0x30, 0x30, 0x30, 0x30, 0x30, 0x30, 0x30, 0x30, 0x30, 0x30, 0x30, 0x30,
	0x30, 0x30, 0x30, 0x30, 0x30, 0x30, 0x30, 0x30, 0x30, 0x30, 0x30, 0x30, 0x30, 0x30, 0x30, 0x30,
	0x30, 0x30, 0x30, 0x30, 0x30, 0x30, 0x30, 0x30, 0x30, 0x30, 0x30, 0x30, 0x30, 0x30, 0x30, 0x30,
	0x30, 0x30, 0x30, 0x30, 0x30, 0x30, 0x30, 0x30, 0x30, 0x30, 0x30, 0x30, 0x30, 0x30, 0x30, 0x30,
	0x30, 0x30, 0x30, 0x30, 0x30, 0x30, 0x30, 0x30, 0x30, 0x30, 0x30, 0x30, 0x30, 0x30, 0x30, 0x30,
	0x30, 0x30, 0x30, 0x30, 0x30, 0x30, 0x30, 0x30, 0x30, 0x30, 0x30, 0x30, 0x30, 0x30, 0x30, 0x30,
	0x30, 0x30, 0x30, 0x30, 0x30, 0x30, 0x30, 0x30, 0x30, 0x30, 0x30, 0x30, 0x30, 0x30, 0x30, 0x30,
	0x30, 0x30, 0x30, 0x30, 0x30, 0x30, 0x30, 0x30, 0x30, 0x30, 0x30, 0x30, 0x30, 0x30, 0x30, 0x30,
	0x30, 0x30, 0x30, 0x30, 0x30, 0x30, 0x30, 0x30, 0x30, 0x30, 0x30, 0x30, 0x30, 0x30, 0x30, 0x30,
	0x30, 0x30, 0x30, 0x30, 0x30, 0x30, 0x30, 0x30, 0x30, 0x30, 0x30, 0x30, 0x30, 0x30, 0x30, 0x30,
	0x30, 0x30, 0x30, 0x30, 0x30, 0x30, 0x30, 0x30, 0x30, 0x30, 0x30, 0x30, 0x30, 0x30, 0x30, 0x30,
	0x30, 0x30, 0x30, 0x30, 0x30, 0x30, 0x30, 0x30, 0x30, 0x30, 0x30, 0x30, 0x30, 0x30, 0x30, 0x30,
	0x30, 0x30, 0x30, 0x30, 0x30, 0x30, 0x30, 0x30, 0x30, 0x30, 0x30, 0x30, 0x30, 0x30, 0x30, 0x30,
	0x30, 0x30, 0x30, 0x30, 0x30, 0x30, 0x30, 0x30, 0x30, 0x30, 0x30, 0x30, 0x30, 0x30, 0x30, 0x30,
	0x30, 0x30, 0x30, 0x30, 0x30, 0x30, 0x30, 0x30, 0x30, 0x30, 0x30, 0x30, 0x30, 0x30, 0x30, 0x30,
	0x30, 0x30, 0x30, 0x30, 0x30, 0x30, 0x30, 0x30, 0x30, 0x30, 0x30, 0x30, 0x30, 0x30, 0x30, 0x30,
	0x30, 0x30, 0x30, 0x30, 0x30, 0x30, 0x30, 0x30, 0x30, 0x30, 0x30, 0x30, 0x30, 0x30, 0x30, 0x30,
	0x30, 0x30, 0x30, 0x30, 0x30, 0x30, 0x30, 0x30, 0x30, 0x30, 0x30, 0x30, 0x30, 0x30, 0x30, 0x30,
	0x30, 0x30, 0x30, 0x30, 0x30, 0x30, 0x30, 0x30, 0x30, 0x30, 0x30, 0x30, 0x30, 0x30, 0x30, 0x30,
	0x30, 0x30, 0x30, 0x30, 0x30, 0x30, 0x30, 0x30, 0x30, 0x30, 0x30, 0x30, 0x30, 0x30, 0x30, 0x30,
	0x80, 0x80, 0xc0, 0x100, 0xc0, 0x140, 0xc0, 0xc0, 0x17c, 0xc0, 0xc0, 0xc0, 0xc0, 0xc0, 0xc0, 0xc0,
	0xc0, 0xc0, 0xc0, 0xc0, 0xc0, 0xc0, 0xc0, 0xc0, 0xc0, 0xc0, 0xc0, 0xc0, 0xc0, 0xc0, 0xc0, 0xc0
};

static constexpr uint32_t s_coll_fyTrieData[592] = {
	0xcb, 0x0, 0x0, 0x0, 0x0, 0x0, 0x0, 0x0,
	0x0, 0x3040505, 0x3060505, 0x3080505, 0x30a0505, 0x30c0505, 0x0, 0x0,
	0x0, 0x0, 0x0, 0x0, 0x0, 0x0, 0x0, 0x0,
	0x0, 0x0, 0x0, 0x0, 0x0, 0x0, 0x0, 0x0,
	0x4000505, 0x75a0505, 0x9760505, 0xa940505, 0xda90505, 0xa960505, 0xa8e0505, 0x9700505,
	0x97c0505, 0x97e0505, 0xa7e0505, 0xc7b0505, 0x6000505, 0x50e0505, 0x8000505, 0xa880505,
	0x5a0ca, 0x5c1ca, 0x5e2ca, 0x603ca, 0x624ca, 0x645ca, 0x666ca, 0x687ca,
	0x6a8ca, 0x6c9ca, 0x7360505, 0x72a0505, 0xc850505, 0xc870505, 0xc890505, 0x7640505,
	0xa7c0505, 0x2b00059c, 0x2d00059c, 0x2f00059c, 0x3100059c, 0x3300059c, 0x3500059c, 0x3700059c,
	0x3900059c, 0x3b00059c, 0x3d00059c, 0x3f00059c, 0x4100059c, 0x4300059c, 0x4500059c, 0x4700059c,
	0x4900059c, 0x4b00059c, 0x4d00059c, 0x4f00059c, 0x5100059c, 0x5300059c, 0x5500059c, 0x570005a0,
	0x5900059c, 0x3b004686, 0x5d00059c, 0x9800505, 0xa8a0505, 0x9820505, 0xc0a0505, 0x50a0505,
	0xc040505, 0x2b000505, 0x2d000505, 0x2f000505, 0x31000505, 0x33000505, 0x35000505, 0x37000505,
	0x39000505, 0x3b000505, 0x3d000505, 0x3f000505, 0x41000505, 0x43000505, 0x45000505, 0x47000505,
	0x49000505, 0x4b000505, 0x4d000505, 0x4f000505, 0x51000505, 0x53000505, 0x55000505, 0x57000505,
	0x59000505, 0x3b004605, 0x5d000505, 0x9840505, 0xc8d0505, 0x9860505, 0xc910505, 0x0,
	0xfffd0505, 0xfffd0505, 0xfffd0505, 0xfffd0505, 0xfffd0505, 0xfffd0505, 0xfffd0505, 0xfffd0505,
	0xfffd0505, 0xfffd0505, 0xfffd0505, 0xfffd0505, 0xfffd0505, 0xfffd0505, 0xfffd0505, 0xfffd0505,
	0xfffd0505, 0xfffd0505, 0xfffd0505, 0xfffd0505, 0xfffd0505, 0xfffd0505, 0xfffd0505, 0xfffd0505,
	0xfffd0505, 0xfffd0505, 0xfffd0505, 0xfffd0505, 0xfffd0505, 0xfffd0505, 0xfffd0505, 0xfffd0505,
	0xfffd0505, 0xfffd0505, 0xfffd0505, 0xfffd0505, 0xfffd0505, 0xfffd0505, 0xfffd0505, 0xfffd0505,
	0xfffd0505, 0xfffd0505, 0xfffd0505, 0xfffd0505, 0xfffd0505, 0xfffd0505, 0xfffd0505, 0xfffd0505,
	0xfffd0505, 0xfffd0505, 0xfffd0505, 0xfffd0505, 0xfffd0505, 0xfffd0505, 0xfffd0505, 0xfffd0505,
	0xfffd0505, 0xfffd0505, 0xfffd0505, 0xfffd0505, 0xfffd0505, 0xfffd0505, 0xfffd0505, 0xfffd0505,
	0xc0, 0xc0, 0xc0, 0xc0, 0xc0, 0xc0, 0xc0, 0xc0,
	0xc0, 0xc0, 0xc0, 0xc0, 0xc0, 0xc0, 0xc0, 0xc0,
	0xc0, 0xc0, 0xc0, 0xc0, 0xc0, 0xc0, 0xc0, 0xc0,
	0xc0, 0xc0, 0xc0, 0xc0, 0xc0, 0xc0, 0xc0, 0xc0,
	0xc0, 0xc0, 0xc0, 0xc0, 0xc0, 0xc0, 0xc0, 0xc0,
	0xc0, 0xc0, 0xc0, 0xc0, 0xc0, 0xc0, 0xc0, 0xc0,
	0xc0, 0xc0, 0xc0, 0xc0, 0xc0, 0xc0, 0xc0, 0xc0,
	0xc0, 0xc0, 0xc0, 0xc0, 0xc0, 0xc0, 0xc0, 0xc0,
	0x2b9c8ac4, 0x2b9c88c4, 0x2b9c8ec4, 0x2b9c9ac4, 0x2b9c96c4, 0x2b9c92c4, 0x4e2c5, 0x2f9ca0c4,
	0x339c8ac4, 0x339c88c4, 0x339c8ec4, 0x339c96c4, 0x3b9c8ac4, 0x3b9c88c4, 0x3b9c8ec4, 0x3b9c96c4,
	0x310070a0, 0x459c9ac4, 0x479c8ac4, 0x479c88c4, 0x479c8ec4, 0x479c9ac4, 0x479c96c4, 0xc830505,
	0x479c9ec4, 0x539c8ac4, 0x539c88c4, 0x539c8ec4, 0x539c96c4, 0x22c5, 0x5e2805a0, 0x522c5,
	0x2b058ac4, 0x2b0588c4, 0x2b058ec4, 0x2b059ac4, 0x2b0596c4, 0x2b0592c4, 0x562c5, 0x2f05a0c4,
	0x33058ac4, 0x330588c4, 0x33058ec4, 0x330596c4, 0x3b058ac4, 0x3b0588c4, 0x3b058ec4, 0x3b0596c4,
	0x31007005, 0x45059ac4, 0x47058ac4, 0x470588c4, 0x47058ec4, 0x47059ac4, 0x470596c4, 0xc810505,
	0x47059ec4, 0x53058ac4, 0x530588c4, 0x53058ec4, 0x530596c4, 0x62c5, 0x5e280505, 0xa2c5,
	0xc0, 0xc0, 0xc0, 0xc0, 0xc0, 0xc0, 0xc0, 0xc0,
	0xc0, 0xc0, 0xc0, 0xc0, 0xc0, 0xc0, 0xc0, 0xc0,
	0xc0, 0xc0, 0xc0, 0xc0, 0xc0, 0xc0, 0xc0, 0xc0,
	0xc0, 0xc0, 0xc0, 0xc0, 0xc0, 0xc0, 0xc0, 0xc0,
	0xc0, 0xc0, 0xc0, 0xc0, 0xc0, 0xc0, 0xc0, 0xc0,
	0xc0, 0xc0, 0xc0, 0xc0, 0xc0, 0xc0, 0xc0, 0xc0,
	0xc0, 0xc0, 0xc0, 0xc0, 0xc0, 0xc0, 0xe2c5, 0x122c5,
	0x162c5, 0xc0, 0xc0, 0xc0, 0xc0, 0xc0, 0xc0, 0xc0,
	0xc0, 0xc0, 0xc0, 0xc0, 0xc0, 0xc0, 0xc0, 0xc0,
	0xc0, 0xc0, 0xc0, 0xc0, 0xc0, 0xc0, 0xc0, 0xc0,
	0xc0, 0xc0, 0xc0, 0xc0, 0xc0, 0xc0, 0xc0, 0xc0,
	0xc0, 0xc0, 0xc0, 0xc0, 0xc0, 0xc0, 0xc0, 0xc0,
	0xc0, 0xc0, 0xc0, 0xc0, 0xc0, 0xc0, 0xc0, 0xc0,
	0xc0, 0xc0, 0xc0, 0xc0, 0xc0, 0xc0, 0x1a2c5, 0x1e2c5,
	0xc0, 0xc0, 0xc0, 0xc0, 0xc0, 0xc0, 0xc0, 0xc0,
	0xc0, 0xc0, 0xc0, 0xc0, 0x1cd, 0x1cd, 0x1cd, 0x1cd,
	0x1cd, 0x1cd, 0x1cd, 0x1cd, 0x1cd, 0x1cd, 0x1cd, 0x1cd,
	0x1cd, 0x1cd, 0x1cd, 0x1cd, 0x1cd, 0x1cd, 0x1cd, 0x1cd,
	0x1cd, 0x1cd, 0x1cd, 0x1cd, 0x1cd, 0x1cd, 0x1cd, 0x1cd,
	0x1cd, 0x1cd, 0x1cd, 0x1cd, 0x1cc, 0x1cc, 0x1cc, 0x1cc,
	0xc0, 0xc0, 0xc0, 0xc0, 0xc0, 0xc0, 0xc0, 0xc0,
	0xc0, 0xc0, 0xc0, 0xc0, 0xc0, 0xc0, 0xc0, 0xc0,
	0xc0, 0xc0, 0xc0, 0xc0, 0xc0, 0xc0, 0xc0, 0xc0,
	0xc0, 0xc0, 0xc0, 0xc0, 0xc0, 0xc0, 0x222c5, 0x262c5,
	0xc0, 0xc0, 0xc0, 0xc0, 0xc0, 0xc0, 0xc0, 0xc0,
	0xc0, 0x2a2c5, 0xc0, 0xc0, 0xc0, 0xc0, 0xc0, 0xc0,
	0xc0, 0xc0, 0xc0, 0xc0, 0xc0, 0xc0, 0xc0, 0xc0,
	0xc0, 0xc0, 0xc0, 0xc0, 0xc0, 0xc0, 0x2e2c5, 0x322c5,
	0x362c5, 0x3a2c5, 0x3e2c5, 0x422c5, 0x462c5, 0x4a2c5, 0xc0, 0xc0,
	0xc0, 0xc0, 0xc0, 0xc0, 0x1cc, 0x1cc, 0x1cc, 0x1cc,
	0x1cc, 0x1cc, 0x1cc, 0x1cc, 0x1cc, 0x1cc, 0x1cc, 0x1cc,
	0x1cc, 0x1cc, 0x1cc, 0x1cc, 0x1cc, 0x1cc, 0x1cc, 0x1cc,
	0x1cc, 0x1cc, 0x1cc, 0x1cc, 0x1cc, 0x1cc, 0x1cc, 0x1cc,
	0x1cc, 0x1cc, 0x1cc, 0x1cc, 0xc0, 0xc0, 0xc0, 0xc0
};

static constexpr int32_t s_coll_fyTrieIndexLength = 2112;
static constexpr int32_t s_coll_fyTrieDataLength = 592;
static constexpr char32_t s_coll_fyTrieHighStart = 0xe000;
static constexpr int32_t s_coll_fyTrieHighValueIndex = 588;

static constexpr uint32_t s_coll_fyCe32s[55] = {
	0x0, 0x3b004686, 0x8805, 0x3b004605, 0x8805, 0x3b004605, 0x9605, 0x3b004686,
	0x8e05, 0x3b004605, 0x8e05, 0x3b004686, 0x9605, 0x3b004686, 0xa405, 0x3b004605,
	0xa405, 0x3b004686, 0x9c05, 0x3b004605, 0x9c05, 0x3b004605, 0x9205, 0x3b004686,
	0x8a05, 0x3b004605, 0x8a05, 0x3b004686, 0xc405, 0x3b004605, 0xc405, 0x3b004686,
	0xb605, 0x3b004605, 0xb605, 0x3b004686, 0x9a05, 0x3b004605, 0x9a05, 0x2b0070a0,
	0x330005a2, 0x4f007005, 0x4f000513, 0x2b007005, 0x33000513, 0x12000505, 0x14000505, 0x16000505,
	0x18000505, 0x1a000505, 0x1c000505, 0x1e000505, 0x20000505, 0x22000505, 0x24000505
};

static constexpr uint16_t s_coll_fyFastLatin[492] = {
	0x205, 0xc40, 0xde0, 0xe80, 0xea8, 0x424, 0x0, 0x0, 0x0, 0x0, 0x0, 0x0,
	0x0, 0x0, 0xc00, 0xc08, 0xc10, 0xc18, 0xc20, 0x0, 0x0, 0x0, 0x0, 0x0,
	0x0, 0x0, 0x0, 0x0, 0x0, 0x0, 0x0, 0x0, 0x0, 0x0, 0x0, 0x0,
	0x0, 0xc40, 0xca8, 0xcf0, 0xd78, 0xe98, 0xd80, 0xd70, 0xcd8, 0xd08, 0xd10, 0xd58,
	0xe30, 0xc90, 0xc60, 0xcd0, 0xd60, 0x10a8, 0x14a8, 0x18a8, 0x1ca8, 0x20a8, 0x24a8, 0x28a8,
	0x2ca8, 0x30a8, 0x34a8, 0xca0, 0xc98, 0xe50, 0xe58, 0xe60, 0xcb8, 0xd50, 0x38b9, 0x3cb9,
	0x40b9, 0x44b9, 0x48ba, 0x4cb9, 0x50b9, 0x54b9, 0x58ba, 0x60ba, 0x64b9, 0x68b9, 0x6cb9, 0x70ba,
	0x78b9, 0x7cb9, 0x80b9, 0x88b9, 0x8cba, 0x90b9, 0x98b9, 0x9cb9, 0xa0b9, 0xa4b9, 0x58d9, 0xa8b9,
	0xd18, 0xd68, 0xd20, 0xdf8, 0xc50, 0xde8, 0x38a8, 0x3ca8, 0x40a8, 0x44a8, 0x48a8, 0x4ca8,
	0x50a8, 0x54a8, 0x58a8, 0x60a8, 0x64a8, 0x68a8, 0x6ca8, 0x70a8, 0x78a8, 0x7ca8, 0x80a8, 0x88a8,
	0x8ca8, 0x90a8, 0x98a8, 0x9ca8, 0xa0a8, 0xa4a8, 0x58c8, 0xa8a8, 0xd28, 0xe70, 0xd30, 0xe80,
	0x0, 0x0, 0x0, 0x0, 0x0, 0x0, 0xc28, 0x0, 0x0, 0x0, 0x0, 0x0,
	0x0, 0x0, 0x0, 0x0, 0x0, 0x0, 0x0, 0x0, 0x0, 0x0, 0x0, 0x0,
	0x0, 0x0, 0x0, 0x0, 0x0, 0x0, 0x0, 0x0, 0x0, 0xc42, 0xcb0, 0xe90,
	0xea0, 0xe88, 0xea8, 0xe78, 0xd40, 0xe08, 0xe20, 0x38aa, 0xcf8, 0xe68, 0x0, 0xe28,
	0xe00, 0xe18, 0xe38, 0x18a9, 0x1ca9, 0xdf0, 0x1, 0xd48, 0x1, 0xe10, 0x14a9, 0x78aa,
	0xd00, 0x1, 0x1, 0x1, 0xcc0, 0x39b9, 0x3999, 0x39f9, 0x3a99, 0x3a59, 0x3a39, 0x800,
	0x42f9, 0x49ba, 0x499a, 0x49fa, 0x4a5a, 0x59ba, 0x599a, 0x59fa, 0x5a5a, 0x44d9, 0x729a, 0x79b9,
	0x7999, 0x79f9, 0x7a99, 0x7a59, 0xe48, 0x7ad9, 0x99b9, 0x9999, 0x99f9, 0x9a59, 0x802, 0xacb9,
	0x804, 0x39a8, 0x3988, 0x39e8, 0x3a88, 0x3a48, 0x3a28, 0x806, 0x42e8, 0x49a8, 0x4988, 0x49e8,
	0x4a48, 0x59a8, 0x5988, 0x59e8, 0x5a48, 0x44c8, 0x7288, 0x79a8, 0x7988, 0x79e8, 0x7a88, 0x7a48,
	0xe40, 0x7ac8, 0x99a8, 0x9988, 0x99e8, 0x9a48, 0x808, 0xaca8, 0x80a, 0x3b39, 0x3b28, 0x39d9,
	0x39c8, 0x3b19, 0x3b08, 0x4199, 0x4188, 0x41f9, 0x41e8, 0x42b9, 0x42a8, 0x4219, 0x4208, 0x4619,
	0x4608, 0x4759, 0x4748, 0x4b3a, 0x4b28, 0x49da, 0x49c8, 0x4aba, 0x4aa8, 0x4b1a, 0x4b08, 0x4a1a,
	0x4a08, 0x51f9, 0x51e8, 0x51d9, 0x51c8, 0x52b9, 0x52a8, 0x52f9, 0x52e8, 0x55f9, 0x55e8, 0x5759,
	0x5748, 0x5a9a, 0x5a88, 0x5b3a, 0x5b28, 0x59da, 0x59c8, 0x5b1a, 0x5b08, 0x5aba, 0x5ca8, 0x80c,
	0x80e, 0x61fa, 0x61e8, 0x66f9, 0x66e8, 0x84a8, 0x6999, 0x6988, 0x6af9, 0x6ae8, 0x6a19, 0x6a08,
	0x6b79, 0x6b68, 0x6b59, 0x6b48, 0x719a, 0x7188, 0x72fa, 0x72e8, 0x721a, 0x7208, 0x810, 0x74b9,
	0x74a8, 0x7b39, 0x7b28, 0x79d9, 0x79c8, 0x7a79, 0x7a68, 0x812, 0x814, 0x8999, 0x8988, 0x8af9,
	0x8ae8, 0x8a19, 0x8a08, 0x8d9a, 0x8d88, 0x8dfa, 0x8de8, 0x8efa, 0x8ee8, 0x8e1a, 0x8e08, 0x92f9,
	0x92e8, 0x9219, 0x9208, 0x94b9, 0x94a8, 0x9a99, 0x9a88, 0x9b39, 0x9b28, 0x99d9, 0x99c8, 0x9a39,
	0x9a28, 0x9a79, 0x9a68, 0x9b19, 0x9b08, 0xa1f9, 0xa1e8, 0x816, 0x818, 0x81a, 0xa999, 0xa988,
	0xaab9, 0xaaa8, 0xaa19, 0xaa08, 0x8ce8, 0xc41, 0xc41, 0xc41, 0xc41, 0xc41, 0xc41, 0xc41,
	0xc42, 0xc41, 0xc41, 0xc41, 0x0, 0x0, 0x0, 0x0, 0x0, 0xc68, 0xc69, 0xc70,
	0xc78, 0xc80, 0xc88, 0xd38, 0xc58, 0x1, 0x1, 0x1, 0x1, 0x1, 0x1, 0x1,
	0x1, 0xd98, 0xda0, 0xda8, 0xdb0, 0xcd1, 0x81c, 0x1, 0xdb8, 0xc30, 0xc38, 0x0,
	0x0, 0x0, 0x0, 0x0, 0xc42, 0xd88, 0xd90, 0xdc0, 0x81e, 0x1, 0xdc8, 0x820,
	0x1, 0xdd0, 0xce0, 0xce8, 0xdd8, 0x822, 0xcc8, 0xc48, 0xde0, 0x38d9, 0x48bb, 0x58d9,
	0x188, 0x8cc8, 0x8ca9, 0x38c8, 0x48a9, 0x58c8, 0x188, 0x58c8, 0x248, 0x58bb, 0x60bb, 0x58a9,
	0x60a9, 0xb0a9, 0x70a9, 0x78d9, 0x48bb, 0x78c8, 0x48a9, 0x58d9, 0x1e8, 0x58c8, 0x1e8, 0x58d9,
	0x248, 0xcd1, 0xcd1, 0xdc1, 0xdc1, 0xdc9, 0xdc9, 0xca9, 0xca9, 0x5ff, 0x0, 0x1ff
};

static constexpr uint16_t s_coll_fyFastLatinPrimaries[384] = {
	0x0, 0x0, 0x0, 0x0, 0x0, 0x0, 0x0, 0x0, 0x0, 0xc00, 0xc08, 0xc10,
	0xc18, 0xc20, 0x0, 0x0, 0x0, 0x0, 0x0, 0x0, 0x0, 0x0, 0x0, 0x0,
	0x0, 0x0, 0x0, 0x0, 0x0, 0x0, 0x0, 0x0, 0xc40, 0xca8, 0xcf0, 0xd78,
	0xe98, 0xd80, 0xd70, 0xcd8, 0xd08, 0xd10, 0xd58, 0xe30, 0xc90, 0xc60, 0xcd0, 0xd60,
	0x1000, 0x1400, 0x1800, 0x1c00, 0x2000, 0x2400, 0x2800, 0x2c00, 0x3000, 0x3400, 0xca0, 0xc98,
	0xe50, 0xe58, 0xe60, 0xcb8, 0xd50, 0x3800, 0x3c00, 0x4000, 0x4400, 0x4800, 0x4c00, 0x5000,
	0x5400, 0x5800, 0x6000, 0x6400, 0x6800, 0x6c00, 0x7000, 0x7800, 0x7c00, 0x8000, 0x8800, 0x8c00,
	0x9000, 0x9800, 0x9c00, 0xa000, 0xa400, 0x5800, 0xa800, 0xd18, 0xd68, 0xd20, 0xdf8, 0xc50,
	0xde8, 0x3800, 0x3c00, 0x4000, 0x4400, 0x4800, 0x4c00, 0x5000, 0x5400, 0x5800, 0x6000, 0x6400,
	0x6800, 0x6c00, 0x7000, 0x7800, 0x7c00, 0x8000, 0x8800, 0x8c00, 0x9000, 0x9800, 0x9c00, 0xa000,
	0xa400, 0x5800, 0xa800, 0xd28, 0xe70, 0xd30, 0xe80, 0x0, 0x0, 0x0, 0x0, 0x0,
	0x0, 0xc28, 0x0, 0x0, 0x0, 0x0, 0x0, 0x0, 0x0, 0x0, 0x0, 0x0,
	0x0, 0x0, 0x0, 0x0, 0x0, 0x0, 0x0, 0x0, 0x0, 0x0, 0x0, 0x0,
	0x0, 0x0, 0x0, 0x0, 0xc40, 0xcb0, 0xe90, 0xea0, 0xe88, 0xea8, 0xe78, 0xd40,
	0xe08, 0xe20, 0x3800, 0xcf8, 0xe68, 0x0, 0xe28, 0xe00, 0xe18, 0xe38, 0x1800, 0x1c00,
	0xdf0, 0x0, 0xd48, 0x0, 0xe10, 0x1400, 0x7800, 0xd00, 0x0, 0x0, 0x0, 0xcc0,
	0x3800, 0x3800, 0x3800, 0x3800, 0x3800, 0x3800, 0x0, 0x4000, 0x4800, 0x4800, 0x4800, 0x4800,
	0x5800, 0x5800, 0x5800, 0x5800, 0x4400, 0x7000, 0x7800, 0x7800, 0x7800, 0x7800, 0x7800, 0xe48,
	0x7800, 0x9800, 0x9800, 0x9800, 0x9800, 0x0, 0xac00, 0x0, 0x3800, 0x3800, 0x3800, 0x3800,
	0x3800, 0x3800, 0x0, 0x4000, 0x4800, 0x4800, 0x4800, 0x4800, 0x5800, 0x5800, 0x5800, 0x5800,
	0x4400, 0x7000, 0x7800, 0x7800, 0x7800, 0x7800, 0x7800, 0xe40, 0x7800, 0x9800, 0x9800, 0x9800,
	0x9800, 0x0, 0xac00, 0x0, 0x3800, 0x3800, 0x3800, 0x3800, 0x3800, 0x3800, 0x4000, 0x4000,
	0x4000, 0x4000, 0x4000, 0x4000, 0x4000, 0x4000, 0x4400, 0x4400, 0x4400, 0x4400, 0x4800, 0x4800,
	0x4800, 0x4800, 0x4800, 0x4800, 0x4800, 0x4800, 0x4800, 0x4800, 0x5000, 0x5000, 0x5000, 0x5000,
	0x5000, 0x5000, 0x5000, 0x5000, 0x5400, 0x5400, 0x5400, 0x5400, 0x5800, 0x5800, 0x5800, 0x5800,
	0x5800, 0x5800, 0x5800, 0x5800, 0x5800, 0x5c00, 0x0, 0x0, 0x6000, 0x6000, 0x6400, 0x6400,
	0x8400, 0x6800, 0x6800, 0x6800, 0x6800, 0x6800, 0x6800, 0x6800, 0x6800, 0x6800, 0x6800, 0x7000,
	0x7000, 0x7000, 0x7000, 0x7000, 0x7000, 0x0, 0x7400, 0x7400, 0x7800, 0x7800, 0x7800, 0x7800,
	0x7800, 0x7800, 0x0, 0x0, 0x8800, 0x8800, 0x8800, 0x8800, 0x8800, 0x8800, 0x8c00, 0x8c00,
	0x8c00, 0x8c00, 0x8c00, 0x8c00, 0x8c00, 0x8c00, 0x9000, 0x9000, 0x9000, 0x9000, 0x9400, 0x9400,
	0x9800, 0x9800, 0x9800, 0x9800, 0x9800, 0x9800, 0x9800, 0x9800, 0x9800, 0x9800, 0x9800, 0x9800,
	0xa000, 0xa000, 0x0, 0x0, 0x0, 0xa800, 0xa800, 0xa800, 0xa800, 0xa800, 0xa800, 0x8c00
};

static constexpr int32_t s_coll_fyFastLatinMiniVarTop = 0xbff;

static constexpr uint32_t s_coll_fyNumericPrimary = 0x10000000;
static constexpr int32_t s_coll_fyOptions = 0x2010;
static constexpr int32_t s_coll_fyJamoCe32sStart = -1;

static constexpr uint16_t s_coll_dsbTrieIndex[2112] = {
	0x0, 0x8, 0x10, 0x18, 0x30, 0x38, 0x40, 0x48, 0x50, 0x58, 0x60, 0x68, 0x30, 0x38, 0x30, 0x38,
	0x70, 0x78, 0x30, 0x38, 0x30, 0x38, 0x30, 0x38, 0x30, 0x38, 0x30, 0x38, 0x30, 0x38, 0x30, 0x38,
	0x30, 0x38, 0x30, 0x38, 0x30, 0x38, 0x30, 0x38, 0x30, 0x38, 0x30, 0x38, 0x30, 0x38, 0x30, 0x38,
	0x30, 0x38, 0x30, 0x38, 0x30, 0x38, 0x30, 0x38, 0x30, 0x38, 0x30, 0x38, 0x30, 0x38, 0x30, 0x38,
	0x30, 0x30, 0x30, 0x30, 0x30, 0x30, 0x30, 0x30, 0x30, 0x30, 0x30, 0x30, 0x30, 0x30, 0x30, 0x30,
	0x30, 0x30, 0x30, 0x30, 0x30, 0x30, 0x30, 0x30, 0x30, 0x30, 0x30, 0x30, 0x30, 0x30, 0x30, 0x30,
	0x30, 0x30, 0x30, 0x30, 0x30, 0x30, 0x30, 0x30, 0x30, 0x30, 0x30, 0x30, 0x30, 0x30, 0x30, 0x30,
	0x30, 0x30, 0x30, 0x30, 0x30, 0x30, 0x30, 0x30, 0x30, 0x30, 0x30, 0x30, 0x30, 0x30, 0x30, 0x30,
	0x30, 0x30, 0x30, 0x30, 0x30, 0x30, 0x30, 0x30, 0x30, 0x30, 0x30, 0x30, 0x30, 0x30, 0x30, 0x30,
	0x30, 0x30, 0x30, 0x30, 0x30, 0x30, 0x30, 0x30, 0x30, 0x30, 0x30, 0x30, 0x30, 0x30, 0x30, 0x30,
	0x30, 0x30, 0x30, 0x30, 0x30, 0x30, 0x30, 0x30, 0x30, 0x30, 0x30, 0x30, 0x30, 0x30, 0x30, 0x30,
	0x30, 0x30, 0x30, 0x30, 0x30, 0x30, 0x30, 0x30, 0x30, 0x30, 0x30, 0x30, 0x30, 0x30, 0x30, 0x30,
	0x30, 0x30, 0x30, 0x30, 0x30, 0x30, 0x30, 0x30, 0x30, 0x30, 0x30, 0x30, 0x30, 0x30, 0x30, 0x30,
	0x30, 0x30, 0x30, 0x30, 0x30, 0x30, 0x30, 0x30, 0x30, 0x30, 0x30, 0x30, 0x30, 0x30, 0x30, 0x30,
	0x30, 0x30, 0x30, 0x30, 0x30, 0x30, 0x30, 0x30, 0x30, 0x30, 0x30, 0x30, 0x30, 0x30, 0x30, 0x30,
	0x8e, 0x30, 0x95, 0x9d, 0xa1, 0xa7, 0x30, 0x30, 0x30, 0x30, 0x30, 0x30, 0x30, 0x30, 0x30, 0x30,
	0x30, 0x30, 0x30, 0x30, 0x30, 0x30, 0x30, 0x30, 0x30, 0x30, 0x30, 0x30, 0x30, 0x30, 0x30, 0x30,
	0x30, 0x30, 0x30, 0x30, 0x30, 0x30, 0x30, 0x30, 0x30, 0x30, 0x30, 0x30, 0x30, 0x30, 0x30, 0x30,
	0x30, 0x30, 0x30, 0x30, 0x30, 0x30, 0x30, 0x30, 0x30, 0x30, 0x30, 0x30, 0x30, 0x30, 0x30, 0x30,
	0x30, 0x30, 0x30, 0x30, 0x30, 0x30, 0x30, 0x30, 0x30, 0x30, 0x30, 0x30, 0x30, 0x30, 0x30, 0x30,
	0x30, 0x30, 0x30, 0x30, 0x30, 0x30, 0x30, 0x30, 0x30, 0x30, 0x30, 0x30, 0x30, 0x30, 0x30, 0x30,
	0x30, 0x30, 0x30, 0x30, 0x30, 0x30, 0x30, 0x30, 0x30, 0x30, 0x30, 0x30, 0x30, 0x30, 0x30, 0x30,
	0x30, 0x30, 0x30, 0x30, 0x30, 0x30, 0x30, 0x30, 0x30, 0x30, 0x30, 0x30, 0x30, 0x30, 0x30, 0x30,
	0x30, 0x30, 0x30, 0x30, 0x30, 0x30, 0x30, 0x30, 0x30, 0x30, 0x30, 0x30, 0x30, 0x30, 0x30, 0x30,
	0x30, 0x30, 0x30, 0x30, 0x30, 0x30, 0x30, 0x30, 0x30, 0x30, 0x30, 0x30, 0x30, 0x30, 0x30, 0x30,
	0x30, 0x30, 0x30, 0x30, 0x30, 0x30, 0x30, 0x30, 0x30, 0x30, 0x30, 0x30, 0x30, 0x30, 0x30, 0x30,
	0x30, 0x30, 0x30, 0x30, 0x30, 0x30, 0x30, 0x30, 0x30, 0x30, 0x30, 0x30, 0x30, 0x30, 0x30, 0x30,
	0x30, 0x30, 0x30, 0x30, 0x30, 0x30, 0x30, 0x30, 0x30, 0x30, 0x30, 0x30, 0x30, 0x30, 0x30, 0x30,
	0x30, 0x30, 0x30, 0x30, 0x30, 0x30, 0x30, 0x30, 0x30, 0x30, 0x30, 0x30, 0x30, 0x30, 0x30, 0x30,
	0x30, 0x30, 0x30, 0x30, 0x30, 0x30, 0x30, 0x30, 0x30, 0x30, 0x30, 0x30, 0x30, 0x30, 0x30, 0x30,
	0x30, 0x30, 0x30, 0x30, 0x30, 0x30, 0x30, 0x30, 0x30, 0x30, 0x30, 0x30, 0x30, 0x30, 0x30, 0x30,
	0x30, 0x30, 0x30, 0x30, 0x30, 0x30, 0x30, 0x30, 0x30, 0x30, 0x30, 0x30, 0x30, 0x30, 0x30, 0x30,
	0x30, 0x30, 0x30, 0x30, 0x30, 0x30, 0x30, 0x30, 0x30, 0x30, 0x30, 0x30, 0x30, 0x30, 0x30, 0x30,
	0x30, 0x30, 0x30, 0x30, 0x30, 0x30, 0x30, 0x30, 0x30, 0x30, 0x30, 0x30, 0x30, 0x30, 0x30, 0x30,
	0x30, 0x30, 0x30, 0x30, 0x30, 0x30, 0x30, 0x30, 0x30, 0x30, 0x30, 0x30, 0x30, 0x30, 0x30, 0x30,
	0x30, 0x30, 0x30, 0x30, 0x30, 0x30, 0x30, 0x30, 0x30, 0x30, 0x30, 0x30, 0x30, 0x30, 0x30, 0x30,
	0x30, 0x30, 0x30, 0x30, 0x30, 0x30, 0x30, 0x30, 0x30, 0x30, 0x30, 0x30, 0x30, 0x30, 0x30, 0x30,
	0x30, 0x30, 0x30, 0x30, 0x30, 0x30, 0x30, 0x30, 0x30, 0x30, 0x30, 0x30, 0x30, 0x30, 0x30, 0x30,
	0x30, 0x30, 0x30, 0x30, 0x30, 0x30, 0x30, 0x30, 0x30, 0x30, 0x30, 0x30, 0x30, 0x30, 0x30, 0x30,
	0x30, 0x30, 0x30, 0x30, 0x30, 0x30, 0x30, 0x30, 0x30, 0x30, 0x30, 0x30, 0x30, 0x30, 0x30, 0x30,
	0x30, 0x30, 0x30, 0x30, 0x30, 0x30, 0x30, 0x30, 0x30, 0x30, 0x30, 0x30, 0x30, 0x30, 0x30, 0x30,
	0x30, 0x30, 0x30, 0x30, 0x30, 0x30, 0x30, 0x30, 0x30, 0x30, 0x30, 0x30, 0x30, 0x30, 0x30, 0x30,
	0x30, 0x30, 0x30, 0x30, 0x30, 0x30, 0x30, 0x30, 0x30, 0x30, 0x30, 0x30, 0x30, 0x30, 0x30, 0x30,
	0x30, 0x30, 0x30, 0x30, 0x30, 0x30, 0x30, 0x30, 0x30, 0x30, 0x30, 0x30, 0x30, 0x30, 0x30, 0x30,
	0x30, 0x30, 0x30, 0x30, 0x30, 0x30, 0x30, 0x30, 0x30, 0x30, 0x30, 0x30, 0x30, 0x30, 0x30, 0x30,
	0x30, 0x30, 0x30, 0x30, 0x30, 0x30, 0x30, 0x30, 0x30, 0x30, 0x30, 0x30, 0x30, 0x30, 0x30, 0x30,
	0x30, 0x30, 0x30, 0x30, 0x30, 0x30, 0x30, 0x30, 0x30, 0x30, 0x30, 0x30, 0x30, 0x30, 0x30, 0x30,
	0x30, 0x30, 0x30, 0x30, 0x30, 0x30, 0x30, 0x30, 0x30, 0x30, 0x30, 0x30, 0x30, 0x30, 0x30, 0x30,
	0x30, 0x30, 0x30, 0x30, 0x30, 0x30, 0x30, 0x30, 0x30, 0x30, 0x30, 0x30, 0x30, 0x30, 0x30, 0x30,
	0x30, 0x30, 0x30, 0x30, 0x30, 0x30, 0x30, 0x30, 0x30, 0x30, 0x30, 0x30, 0x30, 0x30, 0x30, 0x30,
	0x30, 0x30, 0x30, 0x30, 0x30, 0x30, 0x30, 0x30, 0x30, 0x30, 0x30, 0x30, 0x30, 0x30, 0x30, 0x30,
	0x30, 0x30, 0x30, 0x30, 0x30, 0x30, 0x30, 0x30, 0x30, 0x30, 0x30, 0x30, 0x30, 0x30, 0x30, 0x30,
	0x30, 0x30, 0x30, 0x30, 0x30, 0x30, 0x30, 0x30, 0x30, 0x30, 0x30, 0x30, 0x30, 0x30, 0x30, 0x30,
	0x30, 0x30, 0x30, 0x30, 0x30, 0x30, 0x30, 0x30, 0x30, 0x30, 0x30, 0x30, 0x30, 0x30, 0x30, 0x30,
	0x30, 0x30, 0x30, 0x30, 0x30, 0x30, 0x30, 0x30, 0x30, 0x30, 0x30, 0x30, 0x30, 0x30, 0x30, 0x30,
	0x30, 0x30, 0x30, 0x30, 0x30, 0x30, 0x30, 0x30, 0x30, 0x30, 0x30, 0x30, 0x30, 0x30, 0x30, 0x30,
	0x30, 0x30, 0x30, 0x30, 0x30, 0x30, 0x30, 0x30, 0x30, 0x30, 0x30, 0x30, 0x30, 0x30, 0x30, 0x30,
	0x30, 0x30, 0x30, 0x30, 0x30, 0x30, 0x30, 0x30, 0x30, 0x30, 0x30, 0x30, 0x30, 0x30, 0x30, 0x30,
	0x30, 0x30, 0x30, 0x30, 0x30, 0x30, 0x30, 0x30, 0x30, 0x30, 0x30, 0x30, 0x30, 0x30, 0x30, 0x30,
	0x30, 0x30, 0x30, 0x30, 0x30, 0x30, 0x30, 0x30, 0x30, 0x30, 0x30, 0x30, 0x30, 0x30, 0x30, 0x30,
	0x30, 0x30, 0x30, 0x30, 0x30, 0x30, 0x30, 0x30, 0x30, 0x30, 0x30, 0x30, 0x30, 0x30, 0x30, 0x30,
	0x30, 0x30, 0x30, 0x30, 0x30, 0x30, 0x30, 0x30, 0x30, 0x30, 0x30, 0x30, 0x30, 0x30, 0x30, 0x30,
	0x30, 0x30, 0x30, 0x30, 0x30, 0x30, 0x30, 0x30, 0x30, 0x30, 0x30, 0x30, 0x30, 0x30, 0x30, 0x30,
	0x30, 0x30, 0x30, 0x30, 0x30, 0x30, 0x30, 0x30, 0x30, 0x30, 0x30, 0x30, 0x30, 0x30, 0x30, 0x30,
	0x30, 0x30, 0x30, 0x30, 0x30, 0x30, 0x30, 0x30, 0x30, 0x30, 0x30, 0x30, 0x30, 0x30, 0x30, 0x30,
	0x30, 0x30, 0x30, 0x30, 0x30, 0x30, 0x30, 0x30, 0x30, 0x30, 0x30, 0x30, 0x30, 0x30, 0x30, 0x30,
	0x30, 0x30, 0x30, 0x30, 0x30, 0x30, 0x30, 0x30, 0x30, 0x30, 0x30, 0x30, 0x30, 0x30, 0x30, 0x30,
	0x30, 0x30, 0x30, 0x30, 0x30, 0x30, 0x30, 0x30, 0x30, 0x30, 0x30, 0x30, 0x30, 0x30, 0x30, 0x30,
	0x30, 0x30, 0x30, 0x30, 0x30, 0x30, 0x30, 0x30, 0x30, 0x30, 0x30, 0x30, 0x30, 0x30, 0x30, 0x30,
	0x30, 0x30, 0x30, 0x30, 0x30, 0x30, 0x30, 0x30, 0x30, 0x30, 0x30, 0x30, 0x30, 0x30, 0x30, 0x30,
	0x30, 0x30, 0x30, 0x30, 0x30, 0x30, 0x30, 0x30, 0x30, 0x30, 0x30, 0x30, 0x30, 0x30, 0x30, 0x30,
	0x30, 0x30, 0x30, 0x30, 0x30, 0x30, 0x30, 0x30, 0x30, 0x30, 0x30, 0x30, 0x30, 0x30, 0x30, 0x30,
	0x30, 0x30, 0x30, 0x30, 0x30, 0x30, 0x30, 0x30, 0x30, 0x30, 0x30, 0x30, 0x30, 0x30, 0x30, 0x30,
	0x30, 0x30, 0x30, 0x30, 0x30, 0x30, 0x30, 0x30, 0x30, 0x30, 0x30, 0x30, 0x30, 0x30, 0x30, 0x30,
	0x30, 0x30, 0x30, 0x30, 0x30, 0x30, 0x30, 0x30, 0x30, 0x30, 0x30, 0x30, 0x30, 0x30, 0x30, 0x30,
	0x30, 0x30, 0x30, 0x30, 0x30, 0x30, 0x30, 0x30, 0x30, 0x30, 0x30, 0x30, 0x30, 0x30, 0x30, 0x30,
	0x30, 0x30, 0x30, 0x30, 0x30, 0x30, 0x30, 0x30, 0x30, 0x30, 0x30, 0x30, 0x30, 0x30, 0x30, 0x30,
	0x30, 0x30, 0x30, 0x30, 0x30, 0x30, 0x30, 0x30, 0x30, 0x30, 0x30, 0x30, 0x30, 0x30, 0x30, 0x30,
	0x30, 0x30, 0x30, 0x30, 0x30, 0x30, 0x30, 0x30, 0x30, 0x30, 0x30, 0x30, 0x30, 0x30, 0x30, 0x30,
	0x30, 0x30, 0x30, 0x30, 0x30, 0x30, 0x30, 0x30, 0x30, 0x30, 0x30, 0x30, 0x30, 0x30, 0x30, 0x30,
	0x30, 0x30, 0x30, 0x30, 0x30, 0x30, 0x30, 0x30, 0x30, 0x30, 0x30, 0x30, 0x30, 0x30, 0x30, 0x30,
	0x30, 0x30, 0x30, 0x30, 0x30, 0x30, 0x30, 0x30, 0x30, 0x30, 0x30, 0x30, 0x30, 0x30, 0x30, 0x30,
	0x30, 0x30, 0x30, 0x30, 0x30, 0x30, 0x30, 0x30, 0x30, 0x30, 0x30, 0x30, 0x30, 0x30, 0x30, 0x30,
	0x30, 0x30, 0x30, 0x30, 0x30, 0x30, 0x30, 0x30, 0x30, 0x30, 0x30, 0x30, 0x30, 0x30, 0x30, 0x30,
	0x30, 0x30, 0x30, 0x30, 0x30, 0x30, 0x30, 0x30, 0x30, 0x30, 0x30, 0x30, 0x30, 0x30, 0x30, 0x30,
	0x30, 0x30, 0x30, 0x30, 0x30, 0x30, 0x30, 0x30, 0x30, 0x30, 0x30, 0x30, 0x30, 0x30, 0x30, 0x30,
	0xaf, 0xaf, 0xaf, 0xaf, 0xaf, 0xaf, 0xaf, 0xaf, 0xaf, 0xaf, 0xaf, 0xaf, 0xaf, 0xaf, 0xaf, 0xaf,
	0xaf, 0xaf, 0xaf, 0xaf, 0xaf, 0xaf, 0xaf, 0xaf, 0xaf, 0xaf, 0xaf, 0xaf, 0xaf, 0xaf, 0xaf, 0xaf,
	0xaf, 0xaf, 0xaf, 0xaf, 0xaf, 0xaf, 0xaf, 0xaf, 0xaf, 0xaf, 0xaf, 0xaf, 0xaf, 0xaf, 0xaf, 0xaf,
	0xaf, 0xaf, 0xaf, 0xaf, 0xaf, 0xaf, 0xaf, 0xaf, 0xaf, 0xaf, 0xaf, 0xaf, 0xaf, 0xaf, 0xaf, 0xaf,
	0xaf, 0xaf, 0xaf, 0xaf, 0xaf, 0xaf, 0xaf, 0xaf, 0xaf, 0xaf, 0xaf, 0xaf, 0xaf, 0xaf, 0xaf, 0xaf,
	0xaf, 0xaf, 0xaf, 0xaf, 0xaf, 0xaf, 0xaf, 0xaf, 0xaf, 0xaf, 0xaf, 0xaf, 0xaf, 0xaf, 0xaf, 0xaf,
	0xaf, 0xaf, 0xaf, 0xaf, 0xaf, 0xaf, 0xaf, 0xaf, 0xaf, 0xaf, 0xaf, 0xaf, 0xaf, 0xaf, 0xaf, 0xaf,
	0xaf, 0xaf, 0xaf, 0xaf, 0xaf, 0xaf, 0xaf, 0xaf, 0xaf, 0xaf, 0xaf, 0xaf, 0xaf, 0xaf, 0xaf, 0xaf,
	0xaf, 0xaf, 0xaf, 0xaf, 0xaf, 0xaf, 0xaf, 0xaf, 0xaf, 0xaf, 0xaf, 0xaf, 0xaf, 0xaf, 0xaf, 0xaf,
	0xaf, 0xaf, 0xaf, 0xaf, 0xaf, 0xaf, 0xaf, 0xaf, 0xaf, 0xaf, 0xaf, 0xaf, 0xaf, 0xaf, 0xaf, 0xaf,
	0xaf, 0xaf, 0xaf, 0xaf, 0xaf, 0xaf, 0xaf, 0xaf, 0xaf, 0xaf, 0xaf, 0xaf, 0xaf, 0xaf, 0xaf, 0xaf,
	0xaf, 0xaf, 0xaf, 0xaf, 0xaf, 0xaf, 0xaf, 0xaf, 0xaf, 0xaf, 0xaf, 0xaf, 0xaf, 0xaf, 0xaf, 0xaf,
	0xaf, 0xaf, 0xaf, 0xaf, 0xaf, 0xaf, 0xaf, 0xaf, 0xaf, 0xaf, 0xaf, 0xaf, 0xaf, 0xaf, 0xaf, 0xaf,
	0xaf, 0xaf, 0xaf, 0xaf, 0xaf, 0xaf, 0xaf, 0xaf, 0xaf, 0xaf, 0xaf, 0xaf, 0xaf, 0xaf, 0xaf, 0xaf,
	0xaf, 0xaf, 0xaf, 0xaf, 0xaf, 0xaf, 0xaf, 0xaf, 0xaf, 0xaf, 0xaf, 0xaf, 0xaf, 0xaf, 0xaf, 0xaf,
	0xaf, 0xaf, 0xaf, 0xaf, 0xaf, 0xaf, 0xaf, 0xaf, 0xaf, 0xaf, 0xaf, 0xaf, 0xaf, 0xaf, 0xaf, 0xaf,
	0xaf, 0xaf, 0xaf, 0xaf, 0xaf, 0xaf, 0xaf, 0xaf, 0xaf, 0xaf, 0xaf, 0xaf, 0xaf, 0xaf, 0xaf, 0xaf,
	0xaf, 0xaf, 0xaf, 0xaf, 0xaf, 0xaf, 0xaf, 0xaf, 0xaf, 0xaf, 0xaf, 0xaf, 0xaf, 0xaf, 0xaf, 0xaf,
	0xaf, 0xaf, 0xaf, 0xaf, 0xaf, 0xaf, 0xaf, 0xaf, 0xaf, 0xaf, 0xaf, 0xaf, 0xaf, 0xaf, 0xaf, 0xaf,
	0xaf, 0xaf, 0xaf, 0xaf, 0xaf, 0xaf, 0xaf, 0xaf, 0xaf, 0xaf, 0xaf, 0xaf, 0xaf, 0xaf, 0xaf, 0xaf,
	0xaf, 0xaf, 0xaf, 0xaf, 0xaf, 0xaf, 0xaf, 0xaf, 0xaf, 0xaf, 0xaf, 0xaf, 0xaf, 0xaf, 0xaf, 0xaf,
	0xaf, 0xaf, 0xaf, 0xaf, 0xaf, 0xaf, 0xaf, 0xaf, 0xaf, 0xaf, 0xaf, 0xaf, 0xaf, 0x88, 0x30, 0x30,
	0x80, 0x80, 0x80, 0x80, 0x80, 0x80, 0x80, 0x80, 0x80, 0x80, 0x80, 0x80, 0x80, 0x80, 0x80, 0x80,
	0x80, 0x80, 0x80, 0x80, 0x80, 0x80, 0x80, 0x80, 0x80, 0x80, 0x80, 0x80, 0x80, 0x80, 0x80, 0x80,
	0x30, 0x30, 0x30, 0x30, 0x30, 0x30, 0x30, 0x30, 0x30, 0x30, 0x30, 0x30, 0x30, 0x30, 0x30, 0x30,
	0x30, 0x30, 0x30, 0x30, 0x30, 0x30, 0x30, 0x30, 0x30, 0x30, 0x30, 0x30, 0x30, 0x30, 0x30, 0x30,
	0x30, 0x30, 0x30, 0x30, 0x30, 0x30, 0x30, 0x30, 0x30, 0x30, 0x30, 0x30, 0x30, 0x30, 0x30, 0x30,
	0x30, 0x30, 0x30, 0x30, 0x30, 0x30, 0x30, 0x30, 0x30, 0x30, 0x30, 0x30, 0x30, 0x30, 0x30, 0x30,
	0x30, 0x30, 0x30, 0x30, 0x30, 0x30, 0x30, 0x30, 0x30, 0x30, 0x30, 0x30, 0x30, 0x30, 0x30, 0x30,
	0x30, 0x30, 0x30, 0x30, 0x30, 0x30, 0x30, 0x30, 0x30, 0x30, 0x30, 0x30, 0x30, 0x30, 0x30, 0x30,
	0x30, 0x30, 0x30, 0x30, 0x30, 0x30, 0x30, 0x30, 0x30, 0x30, 0x30, 0x30, 0x30, 0x30, 0x30, 0x30,
	0x30, 0x30, 0x30, 0x30, 0x30, 0x30, 0x30, 0x30, 0x30, 0x30, 0x30, 0x30, 0x30, 0x30, 0x30, 0x30,
	0x30, 0x30, 0x30, 0x30, 0x30, 0x30, 0x30, 0x30, 0x30, 0x30, 0x30, 0x30, 0x30, 0x30, 0x30, 0x30,
	0x30, 0x30, 0x30, 0x30, 0x30, 0x30, 0x30, 0x30, 0x30, 0x30, 0x30, 0x30, 0x30, 0x30, 0x30, 0x30,
	0x30, 0x30, 0x30, 0x30, 0x30, 0x30, 0x30, 0x30, 0x30, 0x30, 0x30, 0x30, 0x30, 0x30, 0x30, 0x30,
	0x30, 0x30, 0x30, 0x30, 0x30, 0x30, 0x30, 0x30, 0x30, 0x30, 0x30, 0x30, 0x30, 0x30, 0x30, 0x30,
	0x30, 0x30, 0x30, 0x30, 0x30, 0x30, 0x30, 0x30, 0x30, 0x30, 0x30, 0x30, 0x30, 0x30, 0x30, 0x30,
	0x30, 0x30, 0x30, 0x30, 0x30, 0x30, 0x30, 0x30, 0x30, 0x30, 0x30, 0x30, 0x30, 0x30, 0x30, 0x30,
	0x30, 0x30, 0x30, 0x30, 0x30, 0x30, 0x30, 0x30, 0x30, 0x30, 0x30, 0x30, 0x30, 0x30, 0x30, 0x30,
	0x30, 0x30, 0x30, 0x30, 0x30, 0x30, 0x30, 0x30, 0x30, 0x30, 0x30, 0x30, 0x30, 0x30, 0x30, 0x30,
	0x30, 0x30, 0x30, 0x30, 0x30, 0x30, 0x30, 0x30, 0x30, 0x30, 0x30, 0x30, 0x30, 0x30, 0x30, 0x30,
	0x30, 0x30, 0x30, 0x30, 0x30, 0x30, 0x30, 0x30, 0x30, 0x30, 0x30, 0x30, 0x30, 0x30, 0x30, 0x30,
	0x30, 0x30, 0x30, 0x30, 0x30, 0x30, 0x30, 0x30, 0x30, 0x30, 0x30, 0x30, 0x30, 0x30, 0x30, 0x30,
	0x30, 0x30, 0x30, 0x30, 0x30, 0x30, 0x30, 0x30, 0x30, 0x30, 0x30, 0x30, 0x30, 0x30, 0x30, 0x30,
	0x80, 0x80, 0xc0, 0x100, 0x140, 0x180, 0xc0, 0xc0, 0x1c0, 0xc0, 0xc0, 0xc0, 0xc0, 0xc0, 0xc0, 0xc0,
	0xc0, 0xc0, 0xc0, 0xc0, 0xc0, 0xc0, 0xc0, 0xc0, 0xc0, 0xc0, 0xc0, 0xc0, 0xc0, 0xc0, 0xc0, 0xc0
};

static constexpr uint32_t s_coll_dsbTrieData[736] = {
	0xcb, 0x0, 0x0, 0x0, 0x0, 0x0, 0x0, 0x0,
	0x0, 0x3040505, 0x3060505, 0x3080505, 0x30a0505, 0x30c0505, 0x0, 0x0,
	0x0, 0x0, 0x0, 0x0, 0x0, 0x0, 0x0, 0x0,
	0x0, 0x0, 0x0, 0x0, 0x0, 0x0, 0x0, 0x0,
	0x4000505, 0x75a0505, 0x9760505, 0xa940505, 0xda90505, 0xa960505, 0xa8e0505, 0x9700505,
	0x97c0505, 0x97e0505, 0xa7e0505, 0xc7b0505, 0x6000505, 0x50e0505, 0x8000505, 0xa880505,
	0x1560ca, 0x1581ca, 0x15a2ca, 0x15c3ca, 0x15e4ca, 0x1605ca, 0x1626ca, 0x1647ca,
	0x1668ca, 0x1689ca, 0x7360505, 0x72a0505, 0xc850505, 0xc870505, 0xc890505, 0x7640505,
	0xa7c0505, 0x2b00059c, 0x2d00059c, 0x4c9, 0x3100059c, 0x886c9, 0x3500059c, 0x3700059c,
	0x3900059c, 0x3b00059c, 0x3d00059c, 0x3f00059c, 0x4100059c, 0x4300059c, 0x946c9, 0x4700059c,
	0x4900059c, 0x4b00059c, 0xaa6c9, 0xc06c9, 0x5100059c, 0x5300059c, 0x5500059c, 0x570005a0,
	0x5900059c, 0x5b00059c, 0xde6c9, 0x9800505, 0xa8a0505, 0x9820505, 0xc0a0505, 0x50a0505,
	0xc040505, 0x2b000505, 0x2d000505, 0xfc4c9, 0x31000505, 0x1866c9, 0x35000505, 0x37000505,
	0x39000505, 0x3b000505, 0x3d000505, 0x3f000505, 0x41000505, 0x43000505, 0x1926c9, 0x47000505,
	0x49000505, 0x4b000505, 0x1a86c9, 0x1be6c9, 0x51000505, 0x53000505, 0x55000505, 0x57000505,
	0x59000505, 0x5b000505, 0x1dc6c9, 0x9840505, 0xc8d0505, 0x9860505, 0xc910505, 0x0,
	0xfffd0505, 0xfffd0505, 0xfffd0505, 0xfffd0505, 0xfffd0505, 0xfffd0505, 0xfffd0505, 0xfffd0505,
	0xfffd0505, 0xfffd0505, 0xfffd0505, 0xfffd0505, 0xfffd0505, 0xfffd0505, 0xfffd0505, 0xfffd0505,
	0xfffd0505, 0xfffd0505, 0xfffd0505, 0xfffd0505, 0xfffd0505, 0xfffd0505, 0xfffd0505, 0xfffd0505,
	0xfffd0505, 0xfffd0505, 0xfffd0505, 0xfffd0505, 0xfffd0505, 0xfffd0505, 0xfffd0505, 0xfffd0505,
	0xfffd0505, 0xfffd0505, 0xfffd0505, 0xfffd0505, 0xfffd0505, 0xfffd0505, 0xfffd0505, 0xfffd0505,
	0xfffd0505, 0xfffd0505, 0xfffd0505, 0xfffd0505, 0xfffd0505, 0xfffd0505, 0xfffd0505, 0xfffd0505,
	0xfffd0505, 0xfffd0505, 0xfffd0505, 0xfffd0505, 0xfffd0505, 0xfffd0505, 0xfffd0505, 0xfffd0505,
	0xfffd0505, 0xfffd0505, 0xfffd0505, 0xfffd0505, 0xfffd0505, 0xfffd0505, 0xfffd0505, 0xfffd0505,
	0xc0, 0xc0, 0xc0, 0xc0, 0xc0, 0xc0, 0xc0, 0xc0,
	0xc0, 0xc0, 0xc0, 0xc0, 0xc0, 0xc0, 0xc0, 0xc0,
	0xc0, 0xc0, 0xc0, 0xc0, 0xc0, 0xc0, 0xc0, 0xc0,
	0xc0, 0xc0, 0xc0, 0xc0, 0xc0, 0xc0, 0xc0, 0xc0,
	0xc0, 0xc0, 0xc0, 0xc0, 0xc0, 0xc0, 0xc0, 0xc0,
	0xc0, 0xc0, 0xc0, 0xc0, 0xc0, 0xc0, 0xc0, 0xc0,
	0xc0, 0xc0, 0xc0, 0xc0, 0xc0, 0xc0, 0xc0, 0xc0,
	0xc0, 0xc0, 0xc0, 0xc0, 0xc0, 0xc0, 0xc0, 0xc0,
	0x2b9c8ac4, 0x2b9c88c4, 0x2b9c8ec4, 0x2b9c9ac4, 0x2b9c96c4, 0x2b9c92c4, 0x14a2c5, 0x1fa6c9,
	0x339c8ac4, 0x339c88c4, 0x339c8ec4, 0x339c96c4, 0x3b9c8ac4, 0x3b9c88c4, 0x3b9c8ec4, 0x3b9c96c4,
	0x310070a0, 0x459c9ac4, 0x479c8ac4, 0x479c88c4, 0x479c8ec4, 0x479c9ac4, 0x479c96c4, 0xc830505,
	0x479c9ec4, 0x539c8ac4, 0x539c88c4, 0x539c8ec4, 0x539c96c4, 0x5b9c88c4, 0x5e2805a0, 0x14e2c5,
	0x2b058ac4, 0x2b0588c4, 0x2b058ec4, 0x2b059ac4, 0x2b0596c4, 0x2b0592c4, 0x1522c5, 0x2126c9,
	0x33058ac4, 0x330588c4, 0x33058ec4, 0x330596c4, 0x3b058ac4, 0x3b0588c4, 0x3b058ec4, 0x3b0596c4,
	0x31007005, 0x45059ac4, 0x47058ac4, 0x470588c4, 0x47058ec4, 0x47059ac4, 0x470596c4, 0xc810505,
	0x47059ec4, 0x53058ac4, 0x530588c4, 0x53058ec4, 0x530596c4, 0x5b0588c4, 0x5e280505, 0x5b0596c4,
	0xc0, 0xc0, 0xc0, 0xc0, 0xc0, 0xc0, 0x30030586, 0x30030505,
	0xc0, 0xc0, 0xc0, 0xc0, 0x30020586, 0x30020505, 0xc0, 0xc0,
	0xc0, 0xc0, 0xc0, 0xc0, 0xc0, 0xc0, 0xc0, 0xc0,
	0x22a6c9, 0x2366c9, 0x34020586, 0x34020505, 0xc0, 0xc0, 0xc0, 0xc0,
	0xc0, 0xc0, 0xc0, 0xc0, 0xc0, 0xc0, 0xc0, 0xc0,
	0xc0, 0xc0, 0xc0, 0xc0, 0xc0, 0xc0, 0xc0, 0xc0,
	0xc0, 0xc0, 0xc0, 0xc0, 0xc0, 0xc0, 0xc0, 0xc0,
	0xc0, 0xc0, 0xc0, 0xc0, 0xc0, 0xc0, 0xc0, 0xc0,
	0xc0, 0x40190586, 0x40190505, 0x46020586, 0x46020505, 0x2426c9, 0x2546c9, 0xc0,
	0xc0, 0xc0, 0xc0, 0xc0, 0xc0, 0xc0, 0xc0, 0xc0,
	0xc0, 0xc0, 0xc0, 0xc0, 0x4e020586, 0x4e020505, 0x2666c9, 0x2786c9,
	0xc0, 0xc0, 0x50030586, 0x50030505, 0xc0, 0xc0, 0x28a6c9, 0x2a26c9,
	0x50020586, 0x50020505, 0xc0, 0xc0, 0xc0, 0xc0, 0xc0, 0xc0,
	0xc0, 0xc0, 0xc0, 0xc0, 0xc0, 0xc0, 0xc0, 0xc0,
	0xc0, 0xc0, 0xc0, 0xc0, 0xc0, 0xc0, 0xc0, 0xc0,
	0xc0, 0x5e030586, 0x5e030505, 0xc0, 0xc0, 0x5e020586, 0x5e020505, 0xc0,
	0xc0, 0xc0, 0xc0, 0xc0, 0xc0, 0xc0, 0xc0, 0xc0,
	0xc0, 0xc0, 0xc0, 0xc0, 0xc0, 0xc0, 0xc0, 0xc0,
	0xc0, 0xc0, 0xc0, 0xc0, 0xc0, 0xc0, 0xc0, 0xc0,
	0x2ba6c9, 0x2d26c9, 0xc0, 0xc0, 0xc0, 0xc0, 0xc0, 0xc0,
	0xc0, 0xc0, 0xc0, 0xc0, 0xc0, 0xc0, 0xc0, 0xc0,
	0x2ea6c9, 0x2f66c9, 0xc0, 0xc0, 0xc0, 0xc0, 0xc0, 0xc0,
	0xc0, 0xc0, 0xc0, 0xc0, 0xc0, 0xc0, 0xc0, 0xc0,
	0xc0, 0xc0, 0xc0, 0xc0, 0xc0, 0xc0, 0xc0, 0xc0,
	0x1cd, 0x1cd, 0x1cd, 0x1cd, 0x1cd, 0x1cd, 0x1cd, 0x1cd,
	0x1cd, 0x1cd, 0x1cd, 0x1cd, 0x1cd, 0x1cd, 0x1cd, 0x1cd,
	0x1cd, 0x1cd, 0x1cd, 0x1cd, 0x1cd, 0x1cd, 0x1cd, 0x1cd,
	0x1cd, 0x1cd, 0x1cd, 0x1cd, 0x1cd, 0x1cd, 0x1cd, 0x1cd,
	0x1cc, 0x1cc, 0x1cc, 0x1cc, 0xc0, 0xc0, 0xc0, 0xc0,
	0xc0, 0xc0, 0xc0, 0xc0, 0xc0, 0xc0, 0xc0, 0xc0,
	0xc0, 0xc0, 0xc0, 0xc0, 0xc0, 0xc0, 0xc0, 0xc0,
	0xc0, 0xc0, 0xc0, 0xc0, 0xc0, 0xc0, 0xc0, 0xc0,
	0x7a2c5, 0x822c5, 0xc0, 0xc0, 0xc0, 0xc0, 0xc0, 0xc0,
	0xc0, 0xc0, 0xc0, 0xc0, 0xc0, 0xc0, 0xc0, 0xc0,
	0x3026c9, 0x30e6c9, 0x31a6c9, 0x3266c9, 0xc0, 0xc0, 0xc0, 0xc0,
	0xc0, 0xc0, 0x3326c9, 0x3446c9, 0x3566c9, 0x3686c9, 0x37a6c9, 0x38c6c9,
	0xc0, 0xc0, 0xc0, 0xc0, 0xc0, 0xc0, 0xc0, 0xc0,
	0xc0, 0xc0, 0xc0, 0xc0, 0xc0, 0xc0, 0x39e6c9, 0x3b06c9,
	0xc0, 0xc0, 0x3c26c9, 0x3d46c9, 0xc0, 0xc0, 0x3e66c9, 0x3fe6c9,
	0x1122c5, 0x1162c5, 0x11a2c5, 0x11e2c5, 0xc0, 0xc0, 0xc0, 0xc0,
	0xc0, 0xc0, 0xc0, 0xc0, 0xc0, 0xc0, 0xc0, 0xc0,
	0xc0, 0xc0, 0xc0, 0xc0, 0xc0, 0xc0, 0xc0, 0xc0,
	0xc0, 0xc0, 0xc0, 0xc0, 0xc0, 0xc0, 0x4166c9, 0x42e6c9,
	0x4466c9, 0x45e6c9, 0xc0, 0xc0, 0xc0, 0xc0, 0xc0, 0xc0,
	0xc0, 0xc0, 0xc0, 0xc0, 0xc0, 0xc0, 0xc0, 0xc0,
	0xc0, 0xc0, 0xc0, 0xc0, 0xc0, 0xc0, 0xc0, 0xc0,
	0xc0, 0xc0, 0xc0, 0xc0, 0x4766c9, 0x4826c9, 0xc0, 0xc0,
	0xc0, 0xc0, 0xc0, 0xc0, 0x1cc, 0x1cc, 0x1cc, 0x1cc,
	0x1cc, 0x1cc, 0x1cc, 0x1cc, 0x1cc, 0x1cc, 0x1cc, 0x1cc,
	0x1cc, 0x1cc, 0x1cc, 0x1cc, 0x1cc, 0x1cc, 0x1cc, 0x1cc,
	0x1cc, 0x1cc, 0x1cc, 0x1cc, 0x1cc, 0x1cc, 0x1cc, 0x1cc,
	0x1cc, 0x1cc, 0x1cc, 0x1cc, 0xc0, 0xc0, 0xc0, 0xc0
};

static constexpr int32_t s_coll_dsbTrieIndexLength = 2112;
static constexpr int32_t s_coll_dsbTrieDataLength = 736;
static constexpr char32_t s_coll_dsbTrieHighStart = 0xe000;
static constexpr int32_t s_coll_dsbTrieHighValueIndex = 732;

static constexpr uint32_t s_coll_dsbCe32s[181] = {
	0x0, 0x3a020588, 0x8e05, 0x3a020547, 0x8e05, 0x3a020588, 0x9005, 0x3a020547,
	0x9005, 0x3a020588, 0x9c05, 0x3a020547, 0x9c05, 0x3a020588, 0xc405, 0x3a020547,
	0xc405, 0x3a020588, 0x9605, 0x3a020547, 0x9605, 0x3a020588, 0xa005, 0x3a020547,
	0xa005, 0x3a020588, 0xce05, 0x3a020547, 0xce05, 0x3a020547, 0xd205, 0x3a020546,
	0x8e05, 0x3a020505, 0x8e05, 0x3a020546, 0x9005, 0x3a020505, 0x9005, 0x3a020546,
	0x9c05, 0x3a020505, 0x9c05, 0x3a020546, 0xc405, 0x3a020505, 0xc405, 0x3a020546,
	0x9605, 0x3a020505, 0x9605, 0x3a020546, 0xa005, 0x3a020505, 0xa005, 0x3a020546,
	0xce05, 0x3a020505, 0xce05, 0x3a020505, 0xd205, 0x30030586, 0xa005, 0x30020586,
	0xa005, 0x30030505, 0xa005, 0x30020505, 0xa005, 0x34020586, 0xa205, 0x34020505,
	0xa205, 0x46020586, 0xa005, 0x46020505, 0xa005, 0x4e020586, 0xa005, 0x4e020505,
	0xa005, 0x50030586, 0xa005, 0x50020586, 0xa005, 0x50030505, 0xa005, 0x50020505,
	0xa005, 0x50030586, 0xca05, 0x50020586, 0xca05, 0x50030505, 0xca05, 0x50020505,
	0xca05, 0x34020586, 0xa005, 0x34020505, 0xa005, 0x34020586, 0xcc05, 0x34020505,
	0xcc05, 0x34020586, 0xd005, 0x34020505, 0xd005, 0x46020586, 0xc405, 0x46020505,
	0xc405, 0x46020586, 0xd205, 0x46020505, 0xd205, 0x46020586, 0xcc05, 0x46020505,
	0xcc05, 0x4e020586, 0xc405, 0x4e020505, 0xc405, 0x4e020586, 0xd205, 0x4e020505,
	0xd205, 0x50030586, 0xc405, 0x50020586, 0xc405, 0x50030505, 0xc405, 0x50020505,
	0xc405, 0x50030586, 0x9c05, 0x50030505, 0x9c05, 0x50020586, 0x9c05, 0x50020505,
	0x9c05, 0x5e030586, 0xc405, 0x5e020586, 0xc405, 0x5e030505, 0xc405, 0x5e020505,
	0xc405, 0x5e030586, 0xd205, 0x5e020586, 0xd205, 0x5e030505, 0xd205, 0x5e020505,
	0xd205, 0x34020586, 0xc405, 0x34020505, 0xc405, 0x2b0070a0, 0x330005a2, 0x4f007005,
	0x4f000513, 0x2b007005, 0x33000513, 0x12000505, 0x14000505, 0x16000505, 0x18000505, 0x1a000505,
	0x1c000505, 0x1e000505, 0x20000505, 0x22000505, 0x24000505
};

static constexpr char16_t s_coll_dsbContexts[583] = {
	0x2f00, 0x59c, 0x13, 0x1e23, 0x20, 0x1e28, 0xf, 0x1e28, 0xc002, 0xa2c5, 0x1e29, 0xc002,
	0xe2c5, 0x1e2a, 0xc003, 0x22c5, 0x1e2b, 0xc003, 0x62c5, 0x1e96, 0xc003, 0xa2c5, 0x1e23, 0xc001,
	0x62c5, 0x1e24, 0xc001, 0xa2c5, 0x1e25, 0xc001, 0xe2c5, 0x1e26, 0xc002, 0x22c5, 0x1e27, 0xc002,
	0x62c5, 0x21f, 0xf, 0x21f, 0xc000, 0xe2c5, 0x301, 0xf003, 0x586, 0x30c, 0xf002, 0x586,
	0x341, 0xf003, 0x586, 0x1e22, 0xc001, 0x22c5, 0x48, 0xfa02, 0x588, 0x68, 0xfa02, 0x547,
	0x124, 0xa2c5, 0x125, 0xc000, 0x62c5, 0x21e, 0xc000, 0xa2c5, 0x3300, 0x59c, 0x30, 0x30c,
	0xf402, 0x586, 0x4500, 0x59c, 0x1, 0x301, 0xffff, 0x4602, 0x586, 0x341, 0xffff, 0x4602,
	0x586, 0x4d00, 0x59c, 0x1, 0x301, 0xffff, 0x4e02, 0x586, 0x341, 0xffff, 0x4e02, 0x586,
	0x4f00, 0x59c, 0x2, 0x301, 0xffff, 0x5003, 0x586, 0x30c, 0xffff, 0x5002, 0x586, 0x341,
	0xffff, 0x5003, 0x586, 0x5d00, 0x59c, 0x2, 0x301, 0xffff, 0x5e03, 0x586, 0x30c, 0xffff,
	0x5e02, 0x586, 0x341, 0xffff, 0x5e03, 0x586, 0x2f00, 0x505, 0x13, 0x1e23, 0x20, 0x1e28,
	0xf, 0x1e28, 0xc006, 0x62c5, 0x1e29, 0xc006, 0xa2c5, 0x1e2a, 0xc006, 0xe2c5, 0x1e2b, 0xc007,
	0x22c5, 0x1e96, 0xc007, 0x62c5, 0x1e23, 0xc005, 0x22c5, 0x1e24, 0xc005, 0x62c5, 0x1e25, 0xc005,
	0xa2c5, 0x1e26, 0xc005, 0xe2c5, 0x1e27, 0xc006, 0x22c5, 0x21f, 0xf, 0x21f, 0xc004, 0xa2c5,
	0x301, 0xf003, 0x505, 0x30c, 0xf002, 0x505, 0x341, 0xf003, 0x505, 0x1e22, 0xc004, 0xe2c5,
	0x48, 0xfa02, 0x546, 0x68, 0xfa02, 0x505, 0x124, 0xc003, 0xe2c5, 0x125, 0xc004, 0x22c5,
	0x21e, 0xc004, 0x62c5, 0x3300, 0x505, 0x30, 0x30c, 0xf402, 0x505, 0x4500, 0x505, 0x1,
	0x301, 0xffff, 0x4602, 0x505, 0x341, 0xffff, 0x4602, 0x505, 0x4d00, 0x505, 0x1, 0x301,
	0xffff, 0x4e02, 0x505, 0x341, 0xffff, 0x4e02, 0x505, 0x4f00, 0x505, 0x2, 0x301, 0xffff,
	0x5003, 0x505, 0x30c, 0xffff, 0x5002, 0x505, 0x341, 0xffff, 0x5003, 0x505, 0x5d00, 0x505,
	0x2, 0x301, 0xffff, 0x5e03, 0x505, 0x30c, 0xffff, 0x5e02, 0x505, 0x341, 0xffff, 0x5e03,
	0x505, 0x2f9c, 0xa0c4, 0x2, 0x301, 0xc007, 0xa2c5, 0x30c, 0xc007, 0xe2c5, 0x341, 0xc007,
	0xa2c5, 0x2f05, 0xa0c4, 0x2, 0x301, 0xc008, 0x22c5, 0x30c, 0xc008, 0x62c5, 0x341, 0xc008,
	0x22c5, 0x339c, 0xa2c4, 0x30, 0x30c, 0xc008, 0xa2c5, 0x3305, 0xa2c4, 0x30, 0x30c, 0xc008,
	0xe2c5, 0x459c, 0xa0c4, 0x1, 0x301, 0xc009, 0x22c5, 0x341, 0xc009, 0x22c5, 0x4505, 0xa0c4,
	0x1, 0x301, 0xc009, 0x62c5, 0x341, 0xc009, 0x62c5, 0x4d9c, 0xa0c4, 0x1, 0x301, 0xc009,
	0xa2c5, 0x341, 0xc009, 0xa2c5, 0x4d05, 0xa0c4, 0x1, 0x301, 0xc009, 0xe2c5, 0x341, 0xc009,
	0xe2c5, 0x4f9c, 0xa0c4, 0x2, 0x301, 0xc00a, 0x22c5, 0x30c, 0xc00a, 0x62c5, 0x341, 0xc00a,
	0x22c5, 0x4f05, 0xa0c4, 0x2, 0x301, 0xc00a, 0xa2c5, 0x30c, 0xc00a, 0xe2c5, 0x341, 0xc00a,
	0xa2c5, 0x4f9c, 0xcac4, 0x2, 0x301, 0xc00b, 0x22c5, 0x30c, 0xc00b, 0x62c5, 0x341, 0xc00b,
	0x22c5, 0x4f05, 0xcac4, 0x2, 0x301, 0xc00b, 0xa2c5, 0x30c, 0xc00b, 0xe2c5, 0x341, 0xc00b,
	0xa2c5, 0x339c, 0xa0c4, 0x30, 0x30c, 0xc00c, 0x22c5, 0x3305, 0xa0c4, 0x30, 0x30c, 0xc00c,
	0x62c5, 0x339c, 0xccc4, 0x30, 0x30c, 0xc00c, 0xa2c5, 0x3305, 0xccc4, 0x30, 0x30c, 0xc00c,
	0xe2c5, 0x339c, 0xd0c4, 0x30, 0x30c, 0xc00d, 0x22c5, 0x3305, 0xd0c4, 0x30, 0x30c, 0xc00d,
	0x62c5, 0x459c, 0xc4c4, 0x1, 0x301, 0xc00d, 0xa2c5, 0x341, 0xc00d, 0xa2c5, 0x4505, 0xc4c4,
	0x1, 0x301, 0xc00d, 0xe2c5, 0x341, 0xc00d, 0xe2c5, 0x459c, 0xd2c4, 0x1, 0x301, 0xc00e,
	0x22c5, 0x341, 0xc00e, 0x22c5, 0x4505, 0xd2c4, 0x1, 0x301, 0xc00e, 0x62c5, 0x341, 0xc00e,
	0x62c5, 0x459c, 0xccc4, 0x1, 0x301, 0xc00e, 0xa2c5, 0x341, 0xc00e, 0xa2c5, 0x4505, 0xccc4,
	0x1, 0x301, 0xc00e, 0xe2c5, 0x341, 0xc00e, 0xe2c5, 0x4d9c, 0xc4c4, 0x1, 0x301, 0xc00f,
	0x22c5, 0x341, 0xc00f, 0x22c5, 0x4d05, 0xc4c4, 0x1, 0x301, 0xc00f, 0x62c5, 0x341, 0xc00f,
	0x62c5, 0x4d9c, 0xd2c4, 0x1, 0x301, 0xc00f, 0xa2c5, 0x341, 0xc00f, 0xa2c5, 0x4d05, 0xd2c4,
	0x1, 0x301, 0xc00f, 0xe2c5, 0x341, 0xc00f, 0xe2c5, 0x4f9c, 0xc4c4, 0x2, 0x301, 0xc010,
	0x22c5, 0x30c, 0xc010, 0x62c5, 0x341, 0xc010, 0x22c5, 0x4f05, 0xc4c4, 0x2, 0x301, 0xc010,
	0xa2c5, 0x30c, 0xc010, 0xe2c5, 0x341, 0xc010, 0xa2c5, 0x5d9c, 0xc4c4, 0x2, 0x301, 0xc012,
	0x22c5, 0x30c, 0xc012, 0x62c5, 0x341, 0xc012, 0x22c5, 0x5d05, 0xc4c4, 0x2, 0x301, 0xc012,
	0xa2c5, 0x30c, 0xc012, 0xe2c5, 0x341, 0xc012, 0xa2c5, 0x5d9c, 0xd2c4, 0x2, 0x301, 0xc013,
	0x22c5, 0x30c, 0xc013, 0x62c5, 0x341, 0xc013, 0x22c5, 0x5d05, 0xd2c4, 0x2, 0x301, 0xc013,
	0xa2c5, 0x30c, 0xc013, 0xe2c5, 0x341, 0xc013, 0xa2c5, 0x339c, 0xc4c4, 0x30, 0x30c, 0xc014,
	0x22c5, 0x3305, 0xc4c4, 0x30, 0x30c, 0xc014, 0x62c5
};

static constexpr uint16_t s_coll_dsbFastLatin[540] = {
	0x205, 0xc40, 0xde0, 0xe80, 0xea8, 0x418, 0x0, 0x0, 0x0, 0x0, 0x0, 0x0,
	0x0, 0x0, 0xc00, 0xc08, 0xc10, 0xc18, 0xc20, 0x0, 0x0, 0x0, 0x0, 0x0,
	0x0, 0x0, 0x0, 0x0, 0x0, 0x0, 0x0, 0x0, 0x0, 0x0, 0x0, 0x0,
	0x0, 0xc40, 0xca8, 0xcf0, 0xd78, 0xe98, 0xd80, 0xd70, 0xcd8, 0xd08, 0xd10, 0xd58,
	0xe30, 0xc90, 0xc60, 0xcd0, 0xd60, 0x10a8, 0x14a8, 0x18a8, 0x1ca8, 0x20a8, 0x24a8, 0x28a8,
	0x2ca8, 0x30a8, 0x34a8, 0xca0, 0xc98, 0xe50, 0xe58, 0xe60, 0xcb8, 0xd50, 0x38b9, 0x3cb9,
	0x41a, 0x4cb9, 0x424, 0x58b9, 0x5cb9, 0x60b9, 0x68ba, 0x70ba, 0x74b9, 0x7cb9, 0x80b9, 0x426,
	0x90b9, 0x94b9, 0x98b9, 0x428, 0x42a, 0xb4b9, 0xbcb9, 0xc0b9, 0xc4b9, 0xc8b9, 0xccb9, 0x42c,
	0xd18, 0xd68, 0xd20, 0xdf8, 0xc50, 0xde8, 0x38a8, 0x3ca8, 0x42e, 0x4ca8, 0x438, 0x58a8,
	0x5ca8, 0x60a8, 0x68a8, 0x70a8, 0x74a8, 0x7ca8, 0x80a8, 0x43a, 0x90a8, 0x94a8, 0x98a8, 0x43c,
	0x43e, 0xb4a8, 0xbca8, 0xc0a8, 0xc4a8, 0xc8a8, 0xcca8, 0x440, 0xd28, 0xe70, 0xd30, 0xe80,
	0x0, 0x0, 0x0, 0x0, 0x0, 0x0, 0xc28, 0x0, 0x0, 0x0, 0x0, 0x0,
	0x0, 0x0, 0x0, 0x0, 0x0, 0x0, 0x0, 0x0, 0x0, 0x0, 0x0, 0x0,
	0x0, 0x0, 0x0, 0x0, 0x0, 0x0, 0x0, 0x0, 0x0, 0xc42, 0xcb0, 0xe90,
	0xea0, 0xe88, 0xea8, 0xe78, 0xd40, 0xe08, 0xe20, 0x38aa, 0xcf8, 0xe68, 0x0, 0xe28,
	0xe00, 0xe18, 0xe38, 0x18a9, 0x1ca9, 0xdf0, 0x1, 0xd48, 0x1, 0xe10, 0x14a9, 0x90aa,
	0xd00, 0x1, 0x1, 0x1, 0xcc0, 0x39b9, 0x3999, 0x39f9, 0x3a99, 0x3a59, 0x3a39, 0x800,
	0x442, 0x51ba, 0x519a, 0x51fa, 0x525a, 0x69ba, 0x699a, 0x69fa, 0x6a5a, 0x4cd9, 0x869a, 0x91b9,
	0x9199, 0x91f9, 0x9299, 0x9259, 0xe48, 0x92d9, 0xbdb9, 0xbd99, 0xbdf9, 0xbe59, 0xcd99, 0xdcb9,
	0x802, 0x39a8, 0x3988, 0x39e8, 0x3a88, 0x3a48, 0x3a28, 0x804, 0x444, 0x51a8, 0x5188, 0x51e8,
	0x5248, 0x69a8, 0x6988, 0x69e8, 0x6a48, 0x4cc8, 0x8688, 0x91a8, 0x9188, 0x91e8, 0x9288, 0x9248,
	0xe40, 0x92c8, 0xbda8, 0xbd88, 0xbde8, 0xbe48, 0xcd88, 0xdca8, 0xce48, 0x3b39, 0x3b28, 0x39d9,
	0x39c8, 0x3b19, 0x3b08, 0x48b9, 0x48a8, 0x41f9, 0x41e8, 0x42b9, 0x42a8, 0x44b9, 0x44a8, 0x4e19,
	0x4e08, 0x4f59, 0x4f48, 0x533a, 0x5328, 0x51da, 0x51c8, 0x52ba, 0x52a8, 0x446, 0x448, 0x54b9,
	0x54a8, 0x5df9, 0x5de8, 0x5dd9, 0x5dc8, 0x5eb9, 0x5ea8, 0x5ef9, 0x5ee8, 0x61f9, 0x61e8, 0x6359,
	0x6348, 0x6a9a, 0x6a88, 0x6b3a, 0x6b28, 0x69da, 0x69c8, 0x6b1a, 0x6b08, 0x6aba, 0x6ca8, 0x806,
	0x808, 0x71fa, 0x71e8, 0x76f9, 0x76e8, 0x9ca8, 0x7d99, 0x7d88, 0x7ef9, 0x7ee8, 0x7e19, 0x7e08,
	0x7f79, 0x7f68, 0x78b9, 0x78a8, 0x88b9, 0x88a8, 0x44a, 0x44c, 0x861a, 0x8608, 0x80a, 0x8cb9,
	0x8ca8, 0x9339, 0x9328, 0x91d9, 0x91c8, 0x9279, 0x9268, 0x80c, 0x80e, 0xa4b9, 0xa4a8, 0x44e,
	0x450, 0xa219, 0xa208, 0xb0b9, 0xb0a8, 0xa9fa, 0xa9e8, 0x452, 0x454, 0xacb9, 0xaca8, 0xb6f9,
	0xb6e8, 0xb619, 0xb608, 0xb8b9, 0xb8a8, 0xbe99, 0xbe88, 0xbf39, 0xbf28, 0xbdd9, 0xbdc8, 0xbe39,
	0xbe28, 0xbe79, 0xbe68, 0xbf19, 0xbf08, 0xc5f9, 0xc5e8, 0xcdf9, 0xcde8, 0xce59, 0xd8b9, 0xd8a8,
	0xd2b9, 0xd2a8, 0xd4b9, 0xd4a8, 0xa8e8, 0xc41, 0xc41, 0xc41, 0xc41, 0xc41, 0xc41, 0xc41,
	0xc42, 0xc41, 0xc41, 0xc41, 0x0, 0x0, 0x0, 0x0, 0x0, 0xc68, 0xc69, 0xc70,
	0xc78, 0xc80, 0xc88, 0xd38, 0xc58, 0x1, 0x1, 0x1, 0x1, 0x1, 0x1, 0x1,
	0x1, 0xd98, 0xda0, 0xda8, 0xdb0, 0xcd1, 0x810, 0x1, 0xdb8, 0xc30, 0xc38, 0x0,
	0x0, 0x0, 0x0, 0x0, 0xc42, 0xd88, 0xd90, 0xdc0, 0x812, 0x1, 0xdc8, 0x814,
	0x1, 0xdd0, 0xce0, 0xce8, 0xdd8, 0x816, 0xcc8, 0xc48, 0xde0, 0x38d9, 0x50bb, 0xa8c8,
	0xa8a9, 0x38c8, 0x50a9, 0x68bb, 0x70bb, 0x68a9, 0x70a9, 0xe0a9, 0x84a9, 0x90d9, 0x50bb, 0x90c8,
	0x50a9, 0xcd1, 0xcd1, 0xdc1, 0xdc1, 0xdc9, 0xdc9, 0xca9, 0xca9, 0x5ff, 0x0, 0x5ff,
	0x40b9, 0x448, 0x64bb, 0x468, 0x64b2, 0x524, 0x65fb, 0x525, 0x65f2, 0x5ff, 0x50ba, 0x5ff,
	0x84ba, 0x5ff, 0xa0b9, 0x5ff, 0xa8ba, 0x5ff, 0xd0b9, 0x5ff, 0x40a8, 0x448, 0x64b1, 0x468,
	0x64a8, 0x524, 0x65f1, 0x525, 0x65e8, 0x5ff, 0x50a8, 0x5ff, 0x84a8, 0x5ff, 0xa0a8, 0x5ff,
	0xa8a8, 0x5ff, 0xd0a8, 0x5ff, 0x42f9, 0x5ff, 0x42e8, 0x5ff, 0x531a, 0x5ff, 0x5308, 0x5ff,
	0x86fa, 0x5ff, 0x86e8, 0x5ff, 0xa2f9, 0x5ff, 0xa2e8, 0x5ff, 0xaafa, 0x5ff, 0xaae8, 0x1ff
};

static constexpr uint16_t s_coll_dsbFastLatinPrimaries[384] = {
	0x0, 0x0, 0x0, 0x0, 0x0, 0x0, 0x0, 0x0, 0x0, 0xc00, 0xc08, 0xc10,
	0xc18, 0xc20, 0x0, 0x0, 0x0, 0x0, 0x0, 0x0, 0x0, 0x0, 0x0, 0x0,
	0x0, 0x0, 0x0, 0x0, 0x0, 0x0, 0x0, 0x0, 0xc40, 0xca8, 0xcf0, 0xd78,
	0xe98, 0xd80, 0xd70, 0xcd8, 0xd08, 0xd10, 0xd58, 0xe30, 0xc90, 0xc60, 0xcd0, 0xd60,
	0x1000, 0x1400, 0x1800, 0x1c00, 0x2000, 0x2400, 0x2800, 0x2c00, 0x3000, 0x3400, 0xca0, 0xc98,
	0xe50, 0xe58, 0xe60, 0xcb8, 0xd50, 0x3800, 0x3c00, 0x0, 0x4c00, 0x0, 0x5800, 0x5c00,
	0x6000, 0x6800, 0x7000, 0x7400, 0x7c00, 0x8000, 0x0, 0x9000, 0x9400, 0x9800, 0x0, 0x0,
	0xb400, 0xbc00, 0xc000, 0xc400, 0xc800, 0xcc00, 0x0, 0xd18, 0xd68, 0xd20, 0xdf8, 0xc50,
	0xde8, 0x3800, 0x3c00, 0x0, 0x4c00, 0x0, 0x5800, 0x5c00, 0x6000, 0x6800, 0x7000, 0x7400,
	0x7c00, 0x8000, 0x0, 0x9000, 0x9400, 0x9800, 0x0, 0x0, 0xb400, 0xbc00, 0xc000, 0xc400,
	0xc800, 0xcc00, 0x0, 0xd28, 0xe70, 0xd30, 0xe80, 0x0, 0x0, 0x0, 0x0, 0x0,
	0x0, 0xc28, 0x0, 0x0, 0x0, 0x0, 0x0, 0x0, 0x0, 0x0, 0x0, 0x0,
	0x0, 0x0, 0x0, 0x0, 0x0, 0x0, 0x0, 0x0, 0x0, 0x0, 0x0, 0x0,
	0x0, 0x0, 0x0, 0x0, 0xc40, 0xcb0, 0xe90, 0xea0, 0xe88, 0xea8, 0xe78, 0xd40,
	0xe08, 0xe20, 0x3800, 0xcf8, 0xe68, 0x0, 0xe28, 0xe00, 0xe18, 0xe38, 0x1800, 0x1c00,
	0xdf0, 0x0, 0xd48, 0x0, 0xe10, 0x1400, 0x9000, 0xd00, 0x0, 0x0, 0x0, 0xcc0,
	0x3800, 0x3800, 0x3800, 0x3800, 0x3800, 0x3800, 0x0, 0x0, 0x5000, 0x5000, 0x5000, 0x5000,
	0x6800, 0x6800, 0x6800, 0x6800, 0x4c00, 0x8400, 0x9000, 0x9000, 0x9000, 0x9000, 0x9000, 0xe48,
	0x9000, 0xbc00, 0xbc00, 0xbc00, 0xbc00, 0xcc00, 0xdc00, 0x0, 0x3800, 0x3800, 0x3800, 0x3800,
	0x3800, 0x3800, 0x0, 0x0, 0x5000, 0x5000, 0x5000, 0x5000, 0x6800, 0x6800, 0x6800, 0x6800,
	0x4c00, 0x8400, 0x9000, 0x9000, 0x9000, 0x9000, 0x9000, 0xe40, 0x9000, 0xbc00, 0xbc00, 0xbc00,
	0xbc00, 0xcc00, 0xdc00, 0xcc00, 0x3800, 0x3800, 0x3800, 0x3800, 0x3800, 0x3800, 0x4800, 0x4800,
	0x4000, 0x4000, 0x4000, 0x4000, 0x4400, 0x4400, 0x4c00, 0x4c00, 0x4c00, 0x4c00, 0x5000, 0x5000,
	0x5000, 0x5000, 0x5000, 0x5000, 0x0, 0x0, 0x5400, 0x5400, 0x5c00, 0x5c00, 0x5c00, 0x5c00,
	0x5c00, 0x5c00, 0x5c00, 0x5c00, 0x6000, 0x6000, 0x6000, 0x6000, 0x6800, 0x6800, 0x6800, 0x6800,
	0x6800, 0x6800, 0x6800, 0x6800, 0x6800, 0x6c00, 0x0, 0x0, 0x7000, 0x7000, 0x7400, 0x7400,
	0x9c00, 0x7c00, 0x7c00, 0x7c00, 0x7c00, 0x7c00, 0x7c00, 0x7c00, 0x7c00, 0x7800, 0x7800, 0x8800,
	0x8800, 0x0, 0x0, 0x8400, 0x8400, 0x0, 0x8c00, 0x8c00, 0x9000, 0x9000, 0x9000, 0x9000,
	0x9000, 0x9000, 0x0, 0x0, 0xa400, 0xa400, 0x0, 0x0, 0xa000, 0xa000, 0xb000, 0xb000,
	0xa800, 0xa800, 0x0, 0x0, 0xac00, 0xac00, 0xb400, 0xb400, 0xb400, 0xb400, 0xb800, 0xb800,
	0xbc00, 0xbc00, 0xbc00, 0xbc00, 0xbc00, 0xbc00, 0xbc00, 0xbc00, 0xbc00, 0xbc00, 0xbc00, 0xbc00,
	0xc400, 0xc400, 0xcc00, 0xcc00, 0xcc00, 0xd800, 0xd800, 0xd000, 0xd000, 0xd400, 0xd400, 0xa800
};

static constexpr int32_t s_coll_dsbFastLatinMiniVarTop = 0xbff;

static constexpr uint32_t s_coll_dsbNumericPrimary = 0x10000000;
static constexpr int32_t s_coll_dsbOptions = 0x2010;
static constexpr int32_t s_coll_dsbJamoCe32sStart = -1;

static constexpr uint32_t s_coll_dsbUnsafeBwd[854] = {
	0x34, 0x35, 0x48, 0x49, 0x4c, 0x4d, 0x68, 0x69, 0xa0, 0xa1, 0x124, 0x126,
	0x21e, 0x220, 0x300, 0x34f, 0x350, 0x370, 0x3a9, 0x3aa, 0x3e2, 0x3e3, 0x42f, 0x430,
	0x483, 0x488, 0x531, 0x532, 0x591, 0x5be, 0x5bf, 0x5c0, 0x5c1, 0x5c3, 0x5c4, 0x5c6,
	0x5c7, 0x5c8, 0x5d0, 0x5d1, 0x610, 0x61b, 0x628, 0x629, 0x64b, 0x660, 0x670, 0x671,
	0x6d6, 0x6dd, 0x6df, 0x6e5, 0x6e7, 0x6e9, 0x6ea, 0x6ee, 0x710, 0x712, 0x730, 0x74b,
	0x78c, 0x78d, 0x7ca, 0x7cb, 0x7eb, 0x7f4, 0x7fd, 0x7fe, 0x800, 0x801, 0x816, 0x81a,
	0x81b, 0x824, 0x825, 0x828, 0x829, 0x82e, 0x840, 0x841, 0x859, 0x85c, 0x897, 0x8a0,
	0x8ca, 0x8e2, 0x8e3, 0x900, 0x905, 0x906, 0x93c, 0x93d, 0x94d, 0x94e, 0x951, 0x955,
	0x995, 0x996, 0x9bc, 0x9bd, 0x9be, 0x9bf, 0x9cd, 0x9ce, 0x9d7, 0x9d8, 0x9fe, 0x9ff,
	0xa15, 0xa16, 0xa3c, 0xa3d, 0xa4d, 0xa4e, 0xa95, 0xa96, 0xabc, 0xabd, 0xacd, 0xace,
	0xb15, 0xb16, 0xb3c, 0xb3d, 0xb3e, 0xb3f, 0xb4d, 0xb4e, 0xb56, 0xb58, 0xb95, 0xb96,
	0xbbe, 0xbbf, 0xbcd, 0xbce, 0xbd7, 0xbd8, 0xc15, 0xc16, 0xc3c, 0xc3d, 0xc4d, 0xc4e,
	0xc55, 0xc57, 0xc95, 0xc96, 0xcbc, 0xcbd, 0xcc2, 0xcc3, 0xccd, 0xcce, 0xcd5, 0xcd7,
	0xd15, 0xd16, 0xd3b, 0xd3d, 0xd3e, 0xd3f, 0xd4d, 0xd4e, 0xd57, 0xd58, 0xd85, 0xd86,
	0xdca, 0xdcb, 0xdcf, 0xdd0, 0xddf, 0xde0, 0xe01, 0xe2f, 0xe32, 0xe33, 0xe38, 0xe3b,
	0xe48, 0xe4c, 0xe81, 0xe83, 0xe84, 0xe85, 0xe86, 0xe8b, 0xe8c, 0xea4, 0xea5, 0xea6,
	0xea7, 0xeaf, 0xeb2, 0xeb3, 0xeb8, 0xebb, 0xec8, 0xecc, 0xedc, 0xee0, 0xf18, 0xf1a,
	0xf35, 0xf36, 0xf37, 0xf38, 0xf39, 0xf3a, 0xf40, 0xf41, 0xf71, 0xf76, 0xf7a, 0xf7e,
	0xf80, 0xf85, 0xf86, 0xf88, 0xfc6, 0xfc7, 0x1000, 0x1001, 0x102e, 0x102f, 0x1037, 0x1038,
	0x1039, 0x103b, 0x108d, 0x108e, 0x10d3, 0x10d4, 0x12a0, 0x12a1, 0x135d, 0x1360, 0x13c4, 0x13c5,
	0x14c0, 0x14c1, 0x168f, 0x1690, 0x16a0, 0x16a1, 0x1703, 0x1704, 0x1714, 0x1716, 0x1723, 0x1724,
	0x1734, 0x1735, 0x1743, 0x1744, 0x1763, 0x1764, 0x1780, 0x1781, 0x17d2, 0x17d3, 0x17dd, 0x17de,
	0x1826, 0x1827, 0x18a9, 0x18aa, 0x1900, 0x1901, 0x1939, 0x193c, 0x1950, 0x1951, 0x1980, 0x19ac,
	0x1a00, 0x1a01, 0x1a17, 0x1a19, 0x1a20, 0x1a21, 0x1a60, 0x1a61, 0x1a75, 0x1a7d, 0x1a7f, 0x1a80,
	0x1ab0, 0x1abe, 0x1abf, 0x1ade, 0x1ae0, 0x1aec, 0x1b05, 0x1b06, 0x1b34, 0x1b36, 0x1b44, 0x1b45,
	0x1b6b, 0x1b74, 0x1b83, 0x1b84, 0x1baa, 0x1bac, 0x1bc0, 0x1bc1, 0x1be6, 0x1be7, 0x1bf2, 0x1bf4,
	0x1c00, 0x1c01, 0x1c37, 0x1c38, 0x1c5a, 0x1c5b, 0x1cd0, 0x1cd3, 0x1cd4, 0x1ce1, 0x1ce2, 0x1ce9,
	0x1ced, 0x1cee, 0x1cf4, 0x1cf5, 0x1cf8, 0x1cfa, 0x1dc0, 0x1e00, 0x1e22, 0x1e2c, 0x1e96, 0x1e97,
	0x201c, 0x201d, 0x20ac, 0x20ad, 0x20d0, 0x20dd, 0x20e1, 0x20e2, 0x20e5, 0x20f1, 0x263a, 0x263b,
	0x2c00, 0x2c01, 0x2cef, 0x2cf2, 0x2d30, 0x2d31, 0x2d7f, 0x2d80, 0x2de0, 0x2e00, 0x302a, 0x3030,
	0x304b, 0x304c, 0x3099, 0x309b, 0x30ab, 0x30ac, 0x3105, 0x3106, 0x5b57, 0x5b58, 0xa288, 0xa289,
	0xa4d0, 0xa4d1, 0xa549, 0xa54a, 0xa66f, 0xa670, 0xa674, 0xa67e, 0xa69e, 0xa6a1, 0xa6f0, 0xa6f2,
	0xa800, 0xa801, 0xa806, 0xa807, 0xa82c, 0xa82d, 0xa840, 0xa841, 0xa882, 0xa883, 0xa8c4, 0xa8c5,
	0xa8e0, 0xa8f2, 0xa90a, 0xa90b, 0xa92b, 0xa92e, 0xa930, 0xa931, 0xa953, 0xa954, 0xa984, 0xa985,
	0xa9b3, 0xa9b4, 0xa9c0, 0xa9c1, 0xaa00, 0xaa01, 0xaa80, 0xaab1, 0xaab2, 0xaab5, 0xaab7, 0xaab9,
	0xaabe, 0xaac0, 0xaac1, 0xaac2, 0xaaf6, 0xaaf7, 0xabc0, 0xabc1, 0xabed, 0xabee, 0xac00, 0xac01,
	0xd800, 0xd809, 0xd80b, 0xd80d, 0xd811, 0xd812, 0xd818, 0xd819, 0xd81a, 0xd81c, 0xd820, 0xd821,
	0xd823, 0xd824, 0xd82c, 0xd82d, 0xd82f, 0xd830, 0xd834, 0xd835, 0xd838, 0xd83b, 0xdc00, 0xe000,
	0xfb1e, 0xfb1f, 0xfdd0, 0xfdd1, 0xfe20, 0xfe30, 0x10000, 0x10001, 0x101fd, 0x101fe, 0x10280, 0x10281,
	0x102a0, 0x102a1, 0x102e0, 0x102e1, 0x10300, 0x10301, 0x10330, 0x10331, 0x1036b, 0x1036c, 0x10376, 0x1037b,
	0x10380, 0x10381, 0x103a0, 0x103a1, 0x10414, 0x10415, 0x10450, 0x10451, 0x10480, 0x10481, 0x104b5, 0x104b6,
	0x10500, 0x10501, 0x10537, 0x10538, 0x10582, 0x10583, 0x105c2, 0x105c3, 0x10647, 0x10648, 0x10800, 0x10801,
	0x10840, 0x10841, 0x10873, 0x10874, 0x10896, 0x10897, 0x108f4, 0x108f5, 0x10900, 0x10901, 0x10920, 0x10921,
	0x10950, 0x10951, 0x10980, 0x10981, 0x109a0, 0x109a1, 0x10a00, 0x10a01, 0x10a0d, 0x10a0e, 0x10a0f, 0x10a10,
	0x10a38, 0x10a3b, 0x10a3f, 0x10a40, 0x10a60, 0x10a61, 0x10a95, 0x10a96, 0x10ad8, 0x10ad9, 0x10ae5, 0x10ae7,
	0x10b00, 0x10b01, 0x10b40, 0x10b41, 0x10b60, 0x10b61, 0x10b8f, 0x10b90, 0x10c00, 0x10c01, 0x10ca1, 0x10ca2,
	0x10d12, 0x10d13, 0x10d24, 0x10d28, 0x10d5d, 0x10d5e, 0x10d69, 0x10d6e, 0x10e88, 0x10e89, 0x10eab, 0x10ead,
	0x10efa, 0x10efc, 0x10efd, 0x10f00, 0x10f19, 0x10f1a, 0x10f42, 0x10f43, 0x10f46, 0x10f51, 0x10f7c, 0x10f7d,
	0x10f82, 0x10f86, 0x10fbf, 0x10fc0, 0x10ff1, 0x10ff2, 0x11005, 0x11006, 0x11046, 0x11047, 0x11070, 0x11071,
	0x1107f, 0x11080, 0x11083, 0x11084, 0x110b9, 0x110bb, 0x110d0, 0x110d1, 0x11100, 0x11104, 0x11127, 0x11128,
	0x11133, 0x11135, 0x11152, 0x11153, 0x11173, 0x11174, 0x11183, 0x11184, 0x111c0, 0x111c1, 0x111ca, 0x111cb,
	0x11208, 0x11209, 0x11235, 0x11237, 0x1128f, 0x11290, 0x112be, 0x112bf, 0x112e9, 0x112eb, 0x11315, 0x11316,
	0x1133b, 0x1133d, 0x1133e, 0x1133f, 0x1134d, 0x1134e, 0x11357, 0x11358, 0x11366, 0x1136d, 0x11370, 0x11375,
	0x11392, 0x11393, 0x113b8, 0x113b9, 0x113bb, 0x113bc, 0x113c2, 0x113c3, 0x113c9, 0x113ca, 0x113ce, 0x113d1,
	0x11412, 0x11413, 0x11442, 0x11443, 0x11446, 0x11447, 0x1145e, 0x1145f, 0x11484, 0x11485, 0x114b0, 0x114b1,
	0x114ba, 0x114bb, 0x114bd, 0x114be, 0x114c2, 0x114c4, 0x1158e, 0x1158f, 0x115af, 0x115b0, 0x115bf, 0x115c1,
	0x1160e, 0x1160f, 0x1163f, 0x11640, 0x11680, 0x11681, 0x116b6, 0x116b8, 0x11717, 0x11718, 0x1172b, 0x1172c,
	0x1180b, 0x1180c, 0x11839, 0x1183b, 0x118b4, 0x118b5, 0x1190c, 0x1190d, 0x11930, 0x11931, 0x1193d, 0x1193f,
	0x11943, 0x11944, 0x119ce, 0x119cf, 0x119e0, 0x119e1, 0x11a0b, 0x11a0c, 0x11a34, 0x11a35, 0x11a47, 0x11a48,
	0x11a5c, 0x11a5d, 0x11a99, 0x11a9a, 0x11ac0, 0x11ac1, 0x11bc4, 0x11bc5, 0x11c0e, 0x11c0f, 0x11c3f, 0x11c40,
	0x11c72, 0x11c73, 0x11d10, 0x11d11, 0x11d42, 0x11d43, 0x11d44, 0x11d46, 0x11d71, 0x11d72, 0x11d97, 0x11d98,
	0x11dc6, 0x11dc7, 0x11ee5, 0x11ee6, 0x11f1b, 0x11f1c, 0x11f41, 0x11f43, 0x12000, 0x12001, 0x12fe5, 0x12fe6,
	0x13153, 0x13154, 0x14400, 0x14401, 0x1611c, 0x1611d, 0x1611e, 0x16121, 0x16123, 0x16126, 0x16129, 0x1612a,
	0x1612f, 0x16130, 0x16a4f, 0x16a50, 0x16abc, 0x16abd, 0x16ae6, 0x16ae7, 0x16af0, 0x16af5, 0x16b1c, 0x16b1d,
	0x16b30, 0x16b37, 0x16d45, 0x16d46, 0x16d67, 0x16d69, 0x16e40, 0x16e41, 0x16ea1, 0x16ea2, 0x16f00, 0x16f01,
	0x16ff0, 0x16ff2, 0x18229, 0x1822a, 0x18c65, 0x18c66, 0x1b1c4, 0x1b1c5, 0x1bc20, 0x1bc21, 0x1bc9e, 0x1bc9f,
	0x1d165, 0x1d16a, 0x1d16d, 0x1d173, 0x1d17b, 0x1d183, 0x1d185, 0x1d18c, 0x1d1aa, 0x1d1ae, 0x1d242, 0x1d245,
	0x1e000, 0x1e007, 0x1e008, 0x1e019, 0x1e01b, 0x1e022, 0x1e023, 0x1e025, 0x1e026, 0x1e02b, 0x1e08f, 0x1e090,
	0x1e108, 0x1e109, 0x1e130, 0x1e137, 0x1e290, 0x1e291, 0x1e2ae, 0x1e2af, 0x1e2e1, 0x1e2e2, 0x1e2ec, 0x1e2f0,
	0x1e4e6, 0x1e4e7, 0x1e4ec, 0x1e4f0, 0x1e5d0, 0x1e5d1, 0x1e5ee, 0x1e5f0, 0x1e6d5, 0x1e6d6, 0x1e6e3, 0x1e6e4,
	0x1e6e6, 0x1e6e7, 0x1e6ee, 0x1e6f0, 0x1e6f5, 0x1e6f6, 0x1e802, 0x1e803, 0x1e8d0, 0x1e8d7, 0x1e909, 0x1e90a,
	0x1e944, 0x1e94b
};

static constexpr int32_t s_coll_dsbUnsafeBwdLength = 854;

static constexpr uint16_t s_coll_hsbTrieIndex[2112] = {
	0x0, 0x8, 0x10, 0x18, 0x30, 0x38, 0x40, 0x48, 0x50, 0x58, 0x60, 0x68, 0x30, 0x38, 0x30, 0x38,
	0x70, 0x78, 0x30, 0x38, 0x30, 0x38, 0x30, 0x38, 0x30, 0x38, 0x30, 0x38, 0x30, 0x38, 0x30, 0x38,
	0x30, 0x38, 0x30, 0x38, 0x30, 0x38, 0x30, 0x38, 0x30, 0x38, 0x30, 0x38, 0x30, 0x38, 0x30, 0x38,
	0x30, 0x38, 0x30, 0x38, 0x30, 0x38, 0x30, 0x38, 0x30, 0x38, 0x30, 0x38, 0x30, 0x38, 0x30, 0x38,
	0x30, 0x30, 0x30, 0x30, 0x30, 0x30, 0x30, 0x30, 0x30, 0x30, 0x30, 0x30, 0x30, 0x30, 0x30, 0x30,
	0x30, 0x30, 0x30, 0x30, 0x30, 0x30, 0x30, 0x30, 0x30, 0x30, 0x30, 0x30, 0x30, 0x30, 0x30, 0x30,
	0x30, 0x30, 0x30, 0x30, 0x30, 0x30, 0x30, 0x30, 0x30, 0x30, 0x30, 0x30, 0x30, 0x30, 0x30, 0x30,
	0x30, 0x30, 0x30, 0x30, 0x30, 0x30, 0x30, 0x30, 0x30, 0x30, 0x30, 0x30, 0x30, 0x30, 0x30, 0x30,
	0x30, 0x30, 0x30, 0x30, 0x30, 0x30, 0x30, 0x30, 0x30, 0x30, 0x30, 0x30, 0x30, 0x30, 0x30, 0x30,
	0x30, 0x30, 0x30, 0x30, 0x30, 0x30, 0x30, 0x30, 0x30, 0x30, 0x30, 0x30, 0x30, 0x30, 0x30, 0x30,
	0x30, 0x30, 0x30, 0x30, 0x30, 0x30, 0x30, 0x30, 0x30, 0x30, 0x30, 0x30, 0x30, 0x30, 0x30, 0x30,
	0x30, 0x30, 0x30, 0x30, 0x30, 0x30, 0x30, 0x30, 0x30, 0x30, 0x30, 0x30, 0x30, 0x30, 0x30, 0x30,
	0x30, 0x30, 0x30, 0x30, 0x30, 0x30, 0x30, 0x30, 0x30, 0x30, 0x30, 0x30, 0x30, 0x30, 0x30, 0x30,
	0x30, 0x30, 0x30, 0x30, 0x30, 0x30, 0x30, 0x30, 0x30, 0x30, 0x30, 0x30, 0x30, 0x30, 0x30, 0x30,
	0x30, 0x30, 0x30, 0x30, 0x30, 0x30, 0x30, 0x30, 0x30, 0x30, 0x30, 0x30, 0x30, 0x30, 0x30, 0x30,
	0x8e, 0x30, 0x95, 0x9d, 0xa1, 0xa7, 0x30, 0x30, 0x30, 0x30, 0x30, 0x30, 0x30, 0x30, 0x30, 0x30,
	0x30, 0x30, 0x30, 0x30, 0x30, 0x30, 0x30, 0x30, 0x30, 0x30, 0x30, 0x30, 0x30, 0x30, 0x30, 0x30,
	0x30, 0x30, 0x30, 0x30, 0x30, 0x30, 0x30, 0x30, 0x30, 0x30, 0x30, 0x30, 0x30, 0x30, 0x30, 0x30,
	0x30, 0x30, 0x30, 0x30, 0x30, 0x30, 0x30, 0x30, 0x30, 0x30, 0x30, 0x30, 0x30, 0x30, 0x30, 0x30,
	0x30, 0x30, 0x30, 0x30, 0x30, 0x30, 0x30, 0x30, 0x30, 0x30, 0x30, 0x30, 0x30, 0x30, 0x30, 0x30,
	0x30, 0x30, 0x30, 0x30, 0x30, 0x30, 0x30, 0x30, 0x30, 0x30, 0x30, 0x30, 0x30, 0x30, 0x30, 0x30,
	0x30, 0x30, 0x30, 0x30, 0x30, 0x30, 0x30, 0x30, 0x30, 0x30, 0x30, 0x30, 0x30, 0x30, 0x30, 0x30,
	0x30, 0x30, 0x30, 0x30, 0x30, 0x30, 0x30, 0x30, 0x30, 0x30, 0x30, 0x30, 0x30, 0x30, 0x30, 0x30,
	0x30, 0x30, 0x30, 0x30, 0x30, 0x30, 0x30, 0x30, 0x30, 0x30, 0x30, 0x30, 0x30, 0x30, 0x30, 0x30,
	0x30, 0x30, 0x30, 0x30, 0x30, 0x30, 0x30, 0x30, 0x30, 0x30, 0x30, 0x30, 0x30, 0x30, 0x30, 0x30,
	0x30, 0x30, 0x30, 0x30, 0x30, 0x30, 0x30, 0x30, 0x30, 0x30, 0x30, 0x30, 0x30, 0x30, 0x30, 0x30,
	0x30, 0x30, 0x30, 0x30, 0x30, 0x30, 0x30, 0x30, 0x30, 0x30, 0x30, 0x30, 0x30, 0x30, 0x30, 0x30,
	0x30, 0x30, 0x30, 0x30, 0x30, 0x30, 0x30, 0x30, 0x30, 0x30, 0x30, 0x30, 0x30, 0x30, 0x30, 0x30,
	0x30, 0x30, 0x30, 0x30, 0x30, 0x30, 0x30, 0x30, 0x30, 0x30, 0x30, 0x30, 0x30, 0x30, 0x30, 0x30,
	0x30, 0x30, 0x30, 0x30, 0x30, 0x30, 0x30, 0x30, 0x30, 0x30, 0x30, 0x30, 0x30, 0x30, 0x30, 0x30,
	0x30, 0x30, 0x30, 0x30, 0x30, 0x30, 0x30, 0x30, 0x30, 0x30, 0x30, 0x30, 0x30, 0x30, 0x30, 0x30,
	0x30, 0x30, 0x30, 0x30, 0x30, 0x30, 0x30, 0x30, 0x30, 0x30, 0x30, 0x30, 0x30, 0x30, 0x30, 0x30,
	0x30, 0x30, 0x30, 0x30, 0x30, 0x30, 0x30, 0x30, 0x30, 0x30, 0x30, 0x30, 0x30, 0x30, 0x30, 0x30,
	0x30, 0x30, 0x30, 0x30, 0x30, 0x30, 0x30, 0x30, 0x30, 0x30, 0x30, 0x30, 0x30, 0x30, 0x30, 0x30,
	0x30, 0x30, 0x30, 0x30, 0x30, 0x30, 0x30, 0x30, 0x30, 0x30, 0x30, 0x30, 0x30, 0x30, 0x30, 0x30,
	0x30, 0x30, 0x30, 0x30, 0x30, 0x30, 0x30, 0x30, 0x30, 0x30, 0x30, 0x30, 0x30, 0x30, 0x30, 0x30,
	0x30, 0x30, 0x30, 0x30, 0x30, 0x30, 0x30, 0x30, 0x30, 0x30, 0x30, 0x30, 0x30, 0x30, 0x30, 0x30,
	0x30, 0x30, 0x30, 0x30, 0x30, 0x30, 0x30, 0x30, 0x30, 0x30, 0x30, 0x30, 0x30, 0x30, 0x30, 0x30,
	0x30, 0x30, 0x30, 0x30, 0x30, 0x30, 0x30, 0x30, 0x30, 0x30, 0x30, 0x30, 0x30, 0x30, 0x30, 0x30,
	0x30, 0x30, 0x30, 0x30, 0x30, 0x30, 0x30, 0x30, 0x30, 0x30, 0x30, 0x30, 0x30, 0x30, 0x30, 0x30,
	0x30, 0x30, 0x30, 0x30, 0x30, 0x30, 0x30, 0x30, 0x30, 0x30, 0x30, 0x30, 0x30, 0x30, 0x30, 0x30,
	0x30, 0x30, 0x30, 0x30, 0x30, 0x30, 0x30, 0x30, 0x30, 0x30, 0x30, 0x30, 0x30, 0x30, 0x30, 0x30,
	0x30, 0x30, 0x30, 0x30, 0x30, 0x30, 0x30, 0x30, 0x30, 0x30, 0x30, 0x30, 0x30, 0x30, 0x30, 0x30,
	0x30, 0x30, 0x30, 0x30, 0x30, 0x30, 0x30, 0x30, 0x30, 0x30, 0x30, 0x30, 0x30, 0x30, 0x30, 0x30,
	0x30, 0x30, 0x30, 0x30, 0x30, 0x30, 0x30, 0x30, 0x30, 0x30, 0x30, 0x30, 0x30, 0x30, 0x30, 0x30,
	0x30, 0x30, 0x30, 0x30, 0x30, 0x30, 0x30, 0x30, 0x30, 0x30, 0x30, 0x30, 0x30, 0x30, 0x30, 0x30,
	0x30, 0x30, 0x30, 0x30, 0x30, 0x30, 0x30, 0x30, 0x30, 0x30, 0x30, 0x30, 0x30, 0x30, 0x30, 0x30,
	0x30, 0x30, 0x30, 0x30, 0x30, 0x30, 0x30, 0x30, 0x30, 0x30, 0x30, 0x30, 0x30, 0x30, 0x30, 0x30,
	0x30, 0x30, 0x30, 0x30, 0x30, 0x30, 0x30, 0x30, 0x30, 0x30, 0x30, 0x30, 0x30, 0x30, 0x30, 0x30,
	0x30, 0x30, 0x30, 0x30, 0x30, 0x30, 0x30, 0x30, 0x30, 0x30, 0x30, 0x30, 0x30, 0x30, 0x30, 0x30,
	0x30, 0x30, 0x30, 0x30, 0x30, 0x30, 0x30, 0x30, 0x30, 0x30, 0x30, 0x30, 0x30, 0x30, 0x30, 0x30,
	0x30, 0x30, 0x30, 0x30, 0x30, 0x30, 0x30, 0x30, 0x30, 0x30, 0x30, 0x30, 0x30, 0x30, 0x30, 0x30,
	0x30, 0x30, 0x30, 0x30, 0x30, 0x30, 0x30, 0x30, 0x30, 0x30, 0x30, 0x30, 0x30, 0x30, 0x30, 0x30,
	0x30, 0x30, 0x30, 0x30, 0x30, 0x30, 0x30, 0x30, 0x30, 0x30, 0x30, 0x30, 0x30, 0x30, 0x30, 0x30,
	0x30, 0x30, 0x30, 0x30, 0x30, 0x30, 0x30, 0x30, 0x30, 0x30, 0x30, 0x30, 0x30, 0x30, 0x30, 0x30,
	0x30, 0x30, 0x30, 0x30, 0x30, 0x30, 0x30, 0x30, 0x30, 0x30, 0x30, 0x30, 0x30, 0x30, 0x30, 0x30,
	0x30, 0x30, 0x30, 0x30, 0x30, 0x30, 0x30, 0x30, 0x30, 0x30, 0x30, 0x30, 0x30, 0x30, 0x30, 0x30,
	0x30, 0x30, 0x30, 0x30, 0x30, 0x30, 0x30, 0x30, 0x30, 0x30, 0x30, 0x30, 0x30, 0x30, 0x30, 0x30,
	0x30, 0x30, 0x30, 0x30, 0x30, 0x30, 0x30, 0x30, 0x30, 0x30, 0x30, 0x30, 0x30, 0x30, 0x30, 0x30,
	0x30, 0x30, 0x30, 0x30, 0x30, 0x30, 0x30, 0x30, 0x30, 0x30, 0x30, 0x30, 0x30, 0x30, 0x30, 0x30,
	0x30, 0x30, 0x30, 0x30, 0x30, 0x30, 0x30, 0x30, 0x30, 0x30, 0x30, 0x30, 0x30, 0x30, 0x30, 0x30,
	0x30, 0x30, 0x30, 0x30, 0x30, 0x30, 0x30, 0x30, 0x30, 0x30, 0x30, 0x30, 0x30, 0x30, 0x30, 0x30,
	0x30, 0x30, 0x30, 0x30, 0x30, 0x30, 0x30, 0x30, 0x30, 0x30, 0x30, 0x30, 0x30, 0x30, 0x30, 0x30,
	0x30, 0x30, 0x30, 0x30, 0x30, 0x30, 0x30, 0x30, 0x30, 0x30, 0x30, 0x30, 0x30, 0x30, 0x30, 0x30,
	0x30, 0x30, 0x30, 0x30, 0x30, 0x30, 0x30, 0x30, 0x30, 0x30, 0x30, 0x30, 0x30, 0x30, 0x30, 0x30,
	0x30, 0x30, 0x30, 0x30, 0x30, 0x30, 0x30, 0x30, 0x30, 0x30, 0x30, 0x30, 0x30, 0x30, 0x30, 0x30,
	0x30, 0x30, 0x30, 0x30, 0x30, 0x30, 0x30, 0x30, 0x30, 0x30, 0x30, 0x30, 0x30, 0x30, 0x30, 0x30,
	0x30, 0x30, 0x30, 0x30, 0x30, 0x30, 0x30, 0x30, 0x30, 0x30, 0x30, 0x30, 0x30, 0x30, 0x30, 0x30,
	0x30, 0x30, 0x30, 0x30, 0x30, 0x30, 0x30, 0x30, 0x30, 0x30, 0x30, 0x30, 0x30, 0x30, 0x30, 0x30,
	0x30, 0x30, 0x30, 0x30, 0x30, 0x30, 0x30, 0x30, 0x30, 0x30, 0x30, 0x30, 0x30, 0x30, 0x30, 0x30,
	0x30, 0x30, 0x30, 0x30, 0x30, 0x30, 0x30, 0x30, 0x30, 0x30, 0x30, 0x30, 0x30, 0x30, 0x30, 0x30,
	0x30, 0x30, 0x30, 0x30, 0x30, 0x30, 0x30, 0x30, 0x30, 0x30, 0x30, 0x30, 0x30, 0x30, 0x30, 0x30,
	0x30, 0x30, 0x30, 0x30, 0x30, 0x30, 0x30, 0x30, 0x30, 0x30, 0x30, 0x30, 0x30, 0x30, 0x30, 0x30,
	0x30, 0x30, 0x30, 0x30, 0x30, 0x30, 0x30, 0x30, 0x30, 0x30, 0x30, 0x30, 0x30, 0x30, 0x30, 0x30,
	0x30, 0x30, 0x30, 0x30, 0x30, 0x30, 0x30, 0x30, 0x30, 0x30, 0x30, 0x30, 0x30, 0x30, 0x30, 0x30,
	0x30, 0x30, 0x30, 0x30, 0x30, 0x30, 0x30, 0x30, 0x30, 0x30, 0x30, 0x30, 0x30, 0x30, 0x30, 0x30,
	0x30, 0x30, 0x30, 0x30, 0x30, 0x30, 0x30, 0x30, 0x30, 0x30, 0x30, 0x30, 0x30, 0x30, 0x30, 0x30,
	0x30, 0x30, 0x30, 0x30, 0x30, 0x30, 0x30, 0x30, 0x30, 0x30, 0x30, 0x30, 0x30, 0x30, 0x30, 0x30,
	0x30, 0x30, 0x30, 0x30, 0x30, 0x30, 0x30, 0x30, 0x30, 0x30, 0x30, 0x30, 0x30, 0x30, 0x30, 0x30,
	0x30, 0x30, 0x30, 0x30, 0x30, 0x30, 0x30, 0x30, 0x30, 0x30, 0x30, 0x30, 0x30, 0x30, 0x30, 0x30,
	0x30, 0x30, 0x30, 0x30, 0x30, 0x30, 0x30, 0x30, 0x30, 0x30, 0x30, 0x30, 0x30, 0x30, 0x30, 0x30,
	0x30, 0x30, 0x30, 0x30, 0x30, 0x30, 0x30, 0x30, 0x30, 0x30, 0x30, 0x30, 0x30, 0x30, 0x30, 0x30,
	0x30, 0x30, 0x30, 0x30, 0x30, 0x30, 0x30, 0x30, 0x30, 0x30, 0x30, 0x30, 0x30, 0x30, 0x30, 0x30,
	0x30, 0x30, 0x30, 0x30, 0x30, 0x30, 0x30, 0x30, 0x30, 0x30, 0x30, 0x30, 0x30, 0x30, 0x30, 0x30,
	0x30, 0x30, 0x30, 0x30, 0x30, 0x30, 0x30, 0x30, 0x30, 0x30, 0x30, 0x30, 0x30, 0x30, 0x30, 0x30,
	0x30, 0x30, 0x30, 0x30, 0x30, 0x30, 0x30, 0x30, 0x30, 0x30, 0x30, 0x30, 0x30, 0x30, 0x30, 0x30,
	0xaf, 0xaf, 0xaf, 0xaf, 0xaf, 0xaf, 0xaf, 0xaf, 0xaf, 0xaf, 0xaf, 0xaf, 0xaf, 0xaf, 0xaf, 0xaf,
	0xaf, 0xaf, 0xaf, 0xaf, 0xaf, 0xaf, 0xaf, 0xaf, 0xaf, 0xaf, 0xaf, 0xaf, 0xaf, 0xaf, 0xaf, 0xaf,
	0xaf, 0xaf, 0xaf, 0xaf, 0xaf, 0xaf, 0xaf, 0xaf, 0xaf, 0xaf, 0xaf, 0xaf, 0xaf, 0xaf, 0xaf, 0xaf,
	0xaf, 0xaf, 0xaf, 0xaf, 0xaf, 0xaf, 0xaf, 0xaf, 0xaf, 0xaf, 0xaf, 0xaf, 0xaf, 0xaf, 0xaf, 0xaf,
	0xaf, 0xaf, 0xaf, 0xaf, 0xaf, 0xaf, 0xaf, 0xaf, 0xaf, 0xaf, 0xaf, 0xaf, 0xaf, 0xaf, 0xaf, 0xaf,
	0xaf, 0xaf, 0xaf, 0xaf, 0xaf, 0xaf, 0xaf, 0xaf, 0xaf, 0xaf, 0xaf, 0xaf, 0xaf, 0xaf, 0xaf, 0xaf,
	0xaf, 0xaf, 0xaf, 0xaf, 0xaf, 0xaf, 0xaf, 0xaf, 0xaf, 0xaf, 0xaf, 0xaf, 0xaf, 0xaf, 0xaf, 0xaf,
	0xaf, 0xaf, 0xaf, 0xaf, 0xaf, 0xaf, 0xaf, 0xaf, 0xaf, 0xaf, 0xaf, 0xaf, 0xaf, 0xaf, 0xaf, 0xaf,
	0xaf, 0xaf, 0xaf, 0xaf, 0xaf, 0xaf, 0xaf, 0xaf, 0xaf, 0xaf, 0xaf, 0xaf, 0xaf, 0xaf, 0xaf, 0xaf,
	0xaf, 0xaf, 0xaf, 0xaf, 0xaf, 0xaf, 0xaf, 0xaf, 0xaf, 0xaf, 0xaf, 0xaf, 0xaf, 0xaf, 0xaf, 0xaf,
	0xaf, 0xaf, 0xaf, 0xaf, 0xaf, 0xaf, 0xaf, 0xaf, 0xaf, 0xaf, 0xaf, 0xaf, 0xaf, 0xaf, 0xaf, 0xaf,
	0xaf, 0xaf, 0xaf, 0xaf, 0xaf, 0xaf, 0xaf, 0xaf, 0xaf, 0xaf, 0xaf, 0xaf, 0xaf, 0xaf, 0xaf, 0xaf,
	0xaf, 0xaf, 0xaf, 0xaf, 0xaf, 0xaf, 0xaf, 0xaf, 0xaf, 0xaf, 0xaf, 0xaf, 0xaf, 0xaf, 0xaf, 0xaf,
	0xaf, 0xaf, 0xaf, 0xaf, 0xaf, 0xaf, 0xaf, 0xaf, 0xaf, 0xaf, 0xaf, 0xaf, 0xaf, 0xaf, 0xaf, 0xaf,
	0xaf, 0xaf, 0xaf, 0xaf, 0xaf, 0xaf, 0xaf, 0xaf, 0xaf, 0xaf, 0xaf, 0xaf, 0xaf, 0xaf, 0xaf, 0xaf,
	0xaf, 0xaf, 0xaf, 0xaf, 0xaf, 0xaf, 0xaf, 0xaf, 0xaf, 0xaf, 0xaf, 0xaf, 0xaf, 0xaf, 0xaf, 0xaf,
	0xaf, 0xaf, 0xaf, 0xaf, 0xaf, 0xaf, 0xaf, 0xaf, 0xaf, 0xaf, 0xaf, 0xaf, 0xaf, 0xaf, 0xaf, 0xaf,
	0xaf, 0xaf, 0xaf, 0xaf, 0xaf, 0xaf, 0xaf, 0xaf, 0xaf, 0xaf, 0xaf, 0xaf, 0xaf, 0xaf, 0xaf, 0xaf,
	0xaf, 0xaf, 0xaf, 0xaf, 0xaf, 0xaf, 0xaf, 0xaf, 0xaf, 0xaf, 0xaf, 0xaf, 0xaf, 0xaf, 0xaf, 0xaf,
	0xaf, 0xaf, 0xaf, 0xaf, 0xaf, 0xaf, 0xaf, 0xaf, 0xaf, 0xaf, 0xaf, 0xaf, 0xaf, 0xaf, 0xaf, 0xaf,
	0xaf, 0xaf, 0xaf, 0xaf, 0xaf, 0xaf, 0xaf, 0xaf, 0xaf, 0xaf, 0xaf, 0xaf, 0xaf, 0xaf, 0xaf, 0xaf,
	0xaf, 0xaf, 0xaf, 0xaf, 0xaf, 0xaf, 0xaf, 0xaf, 0xaf, 0xaf, 0xaf, 0xaf, 0xaf, 0x88, 0x30, 0x30,
	0x80, 0x80, 0x80, 0x80, 0x80, 0x80, 0x80, 0x80, 0x80, 0x80, 0x80, 0x80, 0x80, 0x80, 0x80, 0x80,
	0x80, 0x80, 0x80, 0x80, 0x80, 0x80, 0x80, 0x80, 0x80, 0x80, 0x80, 0x80, 0x80, 0x80, 0x80, 0x80,
	0x30, 0x30, 0x30, 0x30, 0x30, 0x30, 0x30, 0x30, 0x30, 0x30, 0x30, 0x30, 0x30, 0x30, 0x30, 0x30,
	0x30, 0x30, 0x30, 0x30, 0x30, 0x30, 0x30, 0x30, 0x30, 0x30, 0x30, 0x30, 0x30, 0x30, 0x30, 0x30,
	0x30, 0x30, 0x30, 0x30, 0x30, 0x30, 0x30, 0x30, 0x30, 0x30, 0x30, 0x30, 0x30, 0x30, 0x30, 0x30,
	0x30, 0x30, 0x30, 0x30, 0x30, 0x30, 0x30, 0x30, 0x30, 0x30, 0x30, 0x30, 0x30, 0x30, 0x30, 0x30,
	0x30, 0x30, 0x30, 0x30, 0x30, 0x30, 0x30, 0x30, 0x30, 0x30, 0x30, 0x30, 0x30, 0x30, 0x30, 0x30,
	0x30, 0x30, 0x30, 0x30, 0x30, 0x30, 0x30, 0x30, 0x30, 0x30, 0x30, 0x30, 0x30, 0x30, 0x30, 0x30,
	0x30, 0x30, 0x30, 0x30, 0x30, 0x30, 0x30, 0x30, 0x30, 0x30, 0x30, 0x30, 0x30, 0x30, 0x30, 0x30,
	0x30, 0x30, 0x30, 0x30, 0x30, 0x30, 0x30, 0x30, 0x30, 0x30, 0x30, 0x30, 0x30, 0x30, 0x30, 0x30,
	0x30, 0x30, 0x30, 0x30, 0x30, 0x30, 0x30, 0x30, 0x30, 0x30, 0x30, 0x30, 0x30, 0x30, 0x30, 0x30,
	0x30, 0x30, 0x30, 0x30, 0x30, 0x30, 0x30, 0x30, 0x30, 0x30, 0x30, 0x30, 0x30, 0x30, 0x30, 0x30,
	0x30, 0x30, 0x30, 0x30, 0x30, 0x30, 0x30, 0x30, 0x30, 0x30, 0x30, 0x30, 0x30, 0x30, 0x30, 0x30,
	0x30, 0x30, 0x30, 0x30, 0x30, 0x30, 0x30, 0x30, 0x30, 0x30, 0x30, 0x30, 0x30, 0x30, 0x30, 0x30,
	0x30, 0x30, 0x30, 0x30, 0x30, 0x30, 0x30, 0x30, 0x30, 0x30, 0x30, 0x30, 0x30, 0x30, 0x30, 0x30,
	0x30, 0x30, 0x30, 0x30, 0x30, 0x30, 0x30, 0x30, 0x30, 0x30, 0x30, 0x30, 0x30, 0x30, 0x30, 0x30,
	0x30, 0x30, 0x30, 0x30, 0x30, 0x30, 0x30, 0x30, 0x30, 0x30, 0x30, 0x30, 0x30, 0x30, 0x30, 0x30,
	0x30, 0x30, 0x30, 0x30, 0x30, 0x30, 0x30, 0x30, 0x30, 0x30, 0x30, 0x30, 0x30, 0x30, 0x30, 0x30,
	0x30, 0x30, 0x30, 0x30, 0x30, 0x30, 0x30, 0x30, 0x30, 0x30, 0x30, 0x30, 0x30, 0x30, 0x30, 0x30,
	0x30, 0x30, 0x30, 0x30, 0x30, 0x30, 0x30, 0x30, 0x30, 0x30, 0x30, 0x30, 0x30, 0x30, 0x30, 0x30,
	0x30, 0x30, 0x30, 0x30, 0x30, 0x30, 0x30, 0x30, 0x30, 0x30, 0x30, 0x30, 0x30, 0x30, 0x30, 0x30,
	0x30, 0x30, 0x30, 0x30, 0x30, 0x30, 0x30, 0x30, 0x30, 0x30, 0x30, 0x30, 0x30, 0x30, 0x30, 0x30,
	0x80, 0x80, 0xc0, 0x100, 0x140, 0x180, 0xc0, 0xc0, 0x1c0, 0xc0, 0xc0, 0xc0, 0xc0, 0xc0, 0xc0, 0xc0,
	0xc0, 0xc0, 0xc0, 0xc0, 0xc0, 0xc0, 0xc0, 0xc0, 0xc0, 0xc0, 0xc0, 0xc0, 0xc0, 0xc0, 0xc0, 0xc0
};

static constexpr uint32_t s_coll_hsbTrieData[736] = {
	0xcb, 0x0, 0x0, 0x0, 0x0, 0x0, 0x0, 0x0,
	0x0, 0x3040505, 0x3060505, 0x3080505, 0x30a0505, 0x30c0505, 0x0, 0x0,
	0x0, 0x0, 0x0, 0x0, 0x0, 0x0, 0x0, 0x0,
	0x0, 0x0, 0x0, 0x0, 0x0, 0x0, 0x0, 0x0,
	0x4000505, 0x75a0505, 0x9760505, 0xa940505, 0xda90505, 0xa960505, 0xa8e0505, 0x9700505,
	0x97c0505, 0x97e0505, 0xa7e0505, 0xc7b0505, 0x6000505, 0x50e0505, 0x8000505, 0xa880505,
	0x1160ca, 0x1181ca, 0x11a2ca, 0x11c3ca, 0x11e4ca, 0x1205ca, 0x1226ca, 0x1247ca,
	0x1268ca, 0x1289ca, 0x7360505, 0x72a0505, 0xc850505, 0xc870505, 0xc890505, 0x7640505,
	0xa7c0505, 0x2b00059c, 0x2d00059c, 0x4c9, 0x3100059c, 0x886c9, 0x3500059c, 0x3700059c,
	0x3900059c, 0x3b00059c, 0x3d00059c, 0x3f00059c, 0x4100059c, 0x4300059c, 0x4500059c, 0x4700059c,
	0x4900059c, 0x4b00059c, 0x946c9, 0xa26c9, 0x5100059c, 0x5300059c, 0x5500059c, 0x570005a0,
	0x5900059c, 0x5b00059c, 0xb06c9, 0x9800505, 0xa8a0505, 0x9820505, 0xc0a0505, 0x50a0505,
	0xc040505, 0x2b000505, 0x2d000505, 0xce4c9, 0x31000505, 0x1586c9, 0x35000505, 0x37000505,
	0x39000505, 0x3b000505, 0x3d000505, 0x3f000505, 0x41000505, 0x43000505, 0x45000505, 0x47000505,
	0x49000505, 0x4b000505, 0x1646c9, 0x1726c9, 0x51000505, 0x53000505, 0x55000505, 0x57000505,
	0x59000505, 0x5b000505, 0x1806c9, 0x9840505, 0xc8d0505, 0x9860505, 0xc910505, 0x0,
	0xfffd0505, 0xfffd0505, 0xfffd0505, 0xfffd0505, 0xfffd0505, 0xfffd0505, 0xfffd0505, 0xfffd0505,
	0xfffd0505, 0xfffd0505, 0xfffd0505, 0xfffd0505, 0xfffd0505, 0xfffd0505, 0xfffd0505, 0xfffd0505,
	0xfffd0505, 0xfffd0505, 0xfffd0505, 0xfffd0505, 0xfffd0505, 0xfffd0505, 0xfffd0505, 0xfffd0505,
	0xfffd0505, 0xfffd0505, 0xfffd0505, 0xfffd0505, 0xfffd0505, 0xfffd0505, 0xfffd0505, 0xfffd0505,
	0xfffd0505, 0xfffd0505, 0xfffd0505, 0xfffd0505, 0xfffd0505, 0xfffd0505, 0xfffd0505, 0xfffd0505,
	0xfffd0505, 0xfffd0505, 0xfffd0505, 0xfffd0505, 0xfffd0505, 0xfffd0505, 0xfffd0505, 0xfffd0505,
	0xfffd0505, 0xfffd0505, 0xfffd0505, 0xfffd0505, 0xfffd0505, 0xfffd0505, 0xfffd0505, 0xfffd0505,
	0xfffd0505, 0xfffd0505, 0xfffd0505, 0xfffd0505, 0xfffd0505, 0xfffd0505, 0xfffd0505, 0xfffd0505,
	0xc0, 0xc0, 0xc0, 0xc0, 0xc0, 0xc0, 0xc0, 0xc0,
	0xc0, 0xc0, 0xc0, 0xc0, 0xc0, 0xc0, 0xc0, 0xc0,
	0xc0, 0xc0, 0xc0, 0xc0, 0xc0, 0xc0, 0xc0, 0xc0,
	0xc0, 0xc0, 0xc0, 0xc0, 0xc0, 0xc0, 0xc0, 0xc0,
	0xc0, 0xc0, 0xc0, 0xc0, 0xc0, 0xc0, 0xc0, 0xc0,
	0xc0, 0xc0, 0xc0, 0xc0, 0xc0, 0xc0, 0xc0, 0xc0,
	0xc0, 0xc0, 0xc0, 0xc0, 0xc0, 0xc0, 0xc0, 0xc0,
	0xc0, 0xc0, 0xc0, 0xc0, 0xc0, 0xc0, 0xc0, 0xc0,
	0x2b9c8ac4, 0x2b9c88c4, 0x2b9c8ec4, 0x2b9c9ac4, 0x2b9c96c4, 0x2b9c92c4, 0x10a2c5, 0x19e6c9,
	0x339c8ac4, 0x339c88c4, 0x339c8ec4, 0x339c96c4, 0x3b9c8ac4, 0x3b9c88c4, 0x3b9c8ec4, 0x3b9c96c4,
	0x310070a0, 0x459c9ac4, 0x479c8ac4, 0x479c88c4, 0x479c8ec4, 0x479c9ac4, 0x479c96c4, 0xc830505,
	0x479c9ec4, 0x539c8ac4, 0x539c88c4, 0x539c8ec4, 0x539c96c4, 0x5b9c88c4, 0x5e2805a0, 0x10e2c5,
	0x2b058ac4, 0x2b0588c4, 0x2b058ec4, 0x2b059ac4, 0x2b0596c4, 0x2b0592c4, 0x1122c5, 0x1b66c9,
	0x33058ac4, 0x330588c4, 0x33058ec4, 0x330596c4, 0x3b058ac4, 0x3b0588c4, 0x3b058ec4, 0x3b0596c4,
	0x31007005, 0x45059ac4, 0x47058ac4, 0x470588c4, 0x47058ec4, 0x47059ac4, 0x470596c4, 0xc810505,
	0x47059ec4, 0x53058ac4, 0x530588c4, 0x53058ec4, 0x530596c4, 0x5b0588c4, 0x5e280505, 0x5b0596c4,
	0xc0, 0xc0, 0xc0, 0xc0, 0xc0, 0xc0, 0x30030586, 0x30030505,
	0xc0, 0xc0, 0xc0, 0xc0, 0x30020586, 0x30020505, 0xc0, 0xc0,
	0xc0, 0xc0, 0xc0, 0xc0, 0xc0, 0xc0, 0xc0, 0xc0,
	0x1ce6c9, 0x1da6c9, 0x34020586, 0x34020505, 0xc0, 0xc0, 0xc0, 0xc0,
	0xc0, 0xc0, 0xc0, 0xc0, 0xc0, 0xc0, 0xc0, 0xc0,
	0xc0, 0xc0, 0xc0, 0xc0, 0xc0, 0xc0, 0xc0, 0xc0,
	0xc0, 0xc0, 0xc0, 0xc0, 0xc0, 0xc0, 0xc0, 0xc0,
	0xc0, 0xc0, 0xc0, 0xc0, 0xc0, 0xc0, 0xc0, 0xc0,
	0xc0, 0x40190586, 0x40190505, 0xc0, 0xc0, 0xc0, 0xc0, 0xc0,
	0xc0, 0xc0, 0xc0, 0xc0, 0xc0, 0xc0, 0xc0, 0xc0,
	0xc0, 0xc0, 0xc0, 0xc0, 0xc0, 0xc0, 0x1e66c9, 0x1f26c9,
	0x4e020586, 0x4e020505, 0xc0, 0xc0, 0xc0, 0xc0, 0x1fe6c9, 0x20a6c9,
	0x50020586, 0x50020505, 0xc0, 0xc0, 0xc0, 0xc0, 0xc0, 0xc0,
	0xc0, 0xc0, 0xc0, 0xc0, 0xc0, 0xc0, 0xc0, 0xc0,
	0xc0, 0xc0, 0xc0, 0xc0, 0xc0, 0xc0, 0xc0, 0xc0,
	0xc0, 0x5e030586, 0x5e030505, 0xc0, 0xc0, 0x5e020586, 0x5e020505, 0xc0,
	0xc0, 0xc0, 0xc0, 0xc0, 0xc0, 0xc0, 0xc0, 0xc0,
	0xc0, 0xc0, 0xc0, 0xc0, 0xc0, 0xc0, 0xc0, 0xc0,
	0xc0, 0xc0, 0xc0, 0xc0, 0xc0, 0xc0, 0xc0, 0xc0,
	0x2166c9, 0x2226c9, 0xc0, 0xc0, 0xc0, 0xc0, 0xc0, 0xc0,
	0xc0, 0xc0, 0xc0, 0xc0, 0xc0, 0xc0, 0xc0, 0xc0,
	0x22e6c9, 0x23a6c9, 0xc0, 0xc0, 0xc0, 0xc0, 0xc0, 0xc0,
	0xc0, 0xc0, 0xc0, 0xc0, 0xc0, 0xc0, 0xc0, 0xc0,
	0xc0, 0xc0, 0xc0, 0xc0, 0xc0, 0xc0, 0xc0, 0xc0,
	0x1cd, 0x1cd, 0x1cd, 0x1cd, 0x1cd, 0x1cd, 0x1cd, 0x1cd,
	0x1cd, 0x1cd, 0x1cd, 0x1cd, 0x1cd, 0x1cd, 0x1cd, 0x1cd,
	0x1cd, 0x1cd, 0x1cd, 0x1cd, 0x1cd, 0x1cd, 0x1cd, 0x1cd,
	0x1cd, 0x1cd, 0x1cd, 0x1cd, 0x1cd, 0x1cd, 0x1cd, 0x1cd,
	0x1cc, 0x1cc, 0x1cc, 0x1cc, 0xc0, 0xc0, 0xc0, 0xc0,
	0xc0, 0xc0, 0xc0, 0xc0, 0xc0, 0xc0, 0xc0, 0xc0,
	0xc0, 0xc0, 0xc0, 0xc0, 0xc0, 0xc0, 0xc0, 0xc0,
	0xc0, 0xc0, 0xc0, 0xc0, 0xc0, 0xc0, 0xc0, 0xc0,
	0x7a2c5, 0x822c5, 0xc0, 0xc0, 0xc0, 0xc0, 0xc0, 0xc0,
	0xc0, 0xc0, 0xc0, 0xc0, 0xc0, 0xc0, 0xc0, 0xc0,
	0x2466c9, 0x2526c9, 0x25e6c9, 0x26a6c9, 0xc0, 0xc0, 0xc0, 0xc0,
	0xc0, 0xc0, 0xc0, 0xc0, 0xc0, 0xc0, 0xc0, 0xc0,
	0xc0, 0xc0, 0xc0, 0xc0, 0xc0, 0xc0, 0xc0, 0xc0,
	0xc0, 0xc0, 0xc0, 0xc0, 0xc0, 0xc0, 0x2766c9, 0x2826c9,
	0xc0, 0xc0, 0x28e6c9, 0x29a6c9, 0xc0, 0xc0, 0x2a66c9, 0x2b26c9,
	0xc0, 0xc0, 0xda2c5, 0xde2c5, 0xc0, 0xc0, 0xc0, 0xc0,
	0xc0, 0xc0, 0xc0, 0xc0, 0xc0, 0xc0, 0xc0, 0xc0,
	0xc0, 0xc0, 0xc0, 0xc0, 0xc0, 0xc0, 0xc0, 0xc0,
	0xc0, 0xc0, 0xc0, 0xc0, 0xc0, 0xc0, 0x2be6c9, 0x2d66c9,
	0x2ee6c9, 0x3066c9, 0xc0, 0xc0, 0xc0, 0xc0, 0xc0, 0xc0,
	0xc0, 0xc0, 0xc0, 0xc0, 0xc0, 0xc0, 0xc0, 0xc0,
	0xc0, 0xc0, 0xc0, 0xc0, 0xc0, 0xc0, 0xc0, 0xc0,
	0xc0, 0xc0, 0xc0, 0xc0, 0x31e6c9, 0x32a6c9, 0xc0, 0xc0,
	0xc0, 0xc0, 0xc0, 0xc0, 0x1cc, 0x1cc, 0x1cc, 0x1cc,
	0x1cc, 0x1cc, 0x1cc, 0x1cc, 0x1cc, 0x1cc, 0x1cc, 0x1cc,
	0x1cc, 0x1cc, 0x1cc, 0x1cc, 0x1cc, 0x1cc, 0x1cc, 0x1cc,
	0x1cc, 0x1cc, 0x1cc, 0x1cc, 0x1cc, 0x1cc, 0x1cc, 0x1cc,
	0x1cc, 0x1cc, 0x1cc, 0x1cc, 0xc0, 0xc0, 0xc0, 0xc0
};

static constexpr int32_t s_coll_hsbTrieIndexLength = 2112;
static constexpr int32_t s_coll_hsbTrieDataLength = 736;
static constexpr char32_t s_coll_hsbTrieHighStart = 0xe000;
static constexpr int32_t s_coll_hsbTrieHighValueIndex = 732;

static constexpr uint32_t s_coll_hsbCe32s[149] = {
	0x0, 0x3a020588, 0x8e05, 0x3a020547, 0x8e05, 0x3a020588, 0x9005, 0x3a020547,
	0x9005, 0x3a020588, 0x9c05, 0x3a020547, 0x9c05, 0x3a020588, 0xc405, 0x3a020547,
	0xc405, 0x3a020588, 0x9605, 0x3a020547, 0x9605, 0x3a020588, 0xa005, 0x3a020547,
	0xa005, 0x3a020588, 0xce05, 0x3a020547, 0xce05, 0x3a020547, 0xd205, 0x3a020546,
	0x8e05, 0x3a020505, 0x8e05, 0x3a020546, 0x9005, 0x3a020505, 0x9005, 0x3a020546,
	0x9c05, 0x3a020505, 0x9c05, 0x3a020546, 0xc405, 0x3a020505, 0xc405, 0x3a020546,
	0x9605, 0x3a020505, 0x9605, 0x3a020546, 0xa005, 0x3a020505, 0xa005, 0x3a020546,
	0xce05, 0x3a020505, 0xce05, 0x3a020505, 0xd205, 0x30030586, 0xa005, 0x30020586,
	0xa005, 0x30030505, 0xa005, 0x30020505, 0xa005, 0x34020586, 0xa205, 0x34020505,
	0xa205, 0x4e020586, 0xa005, 0x4e020505, 0xa005, 0x50020586, 0xa005, 0x50020505,
	0xa005, 0x50020586, 0xca05, 0x50020505, 0xca05, 0x34020586, 0xa005, 0x34020505,
	0xa005, 0x34020586, 0xcc05, 0x34020505, 0xcc05, 0x34020586, 0xd005, 0x34020505,
	0xd005, 0x4e020586, 0xc405, 0x4e020505, 0xc405, 0x4e020586, 0xd205, 0x4e020505,
	0xd205, 0x50020586, 0xc405, 0x50020505, 0xc405, 0x50020586, 0x9c05, 0x50020505,
	0x9c05, 0x5e030586, 0xc405, 0x5e020586, 0xc405, 0x5e030505, 0xc405, 0x5e020505,
	0xc405, 0x5e030586, 0xd205, 0x5e020586, 0xd205, 0x5e030505, 0xd205, 0x5e020505,
	0xd205, 0x34020586, 0xc405, 0x34020505, 0xc405, 0x2b0070a0, 0x330005a2, 0x4f007005,
	0x4f000513, 0x2b007005, 0x33000513, 0x12000505, 0x14000505, 0x16000505, 0x18000505, 0x1a000505,
	0x1c000505, 0x1e000505, 0x20000505, 0x22000505, 0x24000505
};

static constexpr char16_t s_coll_hsbContexts[411] = {
	0x2f00, 0x59c, 0x13, 0x1e23, 0x20, 0x1e28, 0xf, 0x1e28, 0xc002, 0xa2c5, 0x1e29, 0xc002,
	0xe2c5, 0x1e2a, 0xc003, 0x22c5, 0x1e2b, 0xc003, 0x62c5, 0x1e96, 0xc003, 0xa2c5, 0x1e23, 0xc001,
	0x62c5, 0x1e24, 0xc001, 0xa2c5, 0x1e25, 0xc001, 0xe2c5, 0x1e26, 0xc002, 0x22c5, 0x1e27, 0xc002,
	0x62c5, 0x21f, 0xf, 0x21f, 0xc000, 0xe2c5, 0x301, 0xf003, 0x586, 0x30c, 0xf002, 0x586,
	0x341, 0xf003, 0x586, 0x1e22, 0xc001, 0x22c5, 0x48, 0xfa02, 0x588, 0x68, 0xfa02, 0x547,
	0x124, 0xa2c5, 0x125, 0xc000, 0x62c5, 0x21e, 0xc000, 0xa2c5, 0x3300, 0x59c, 0x30, 0x30c,
	0xf402, 0x586, 0x4d00, 0x59c, 0x30, 0x30c, 0xffff, 0x4e02, 0x586, 0x4f00, 0x59c, 0x30,
	0x30c, 0xffff, 0x5002, 0x586, 0x5d00, 0x59c, 0x2, 0x301, 0xffff, 0x5e03, 0x586, 0x30c,
	0xffff, 0x5e02, 0x586, 0x341, 0xffff, 0x5e03, 0x586, 0x2f00, 0x505, 0x13, 0x1e23, 0x20,
	0x1e28, 0xf, 0x1e28, 0xc006, 0x62c5, 0x1e29, 0xc006, 0xa2c5, 0x1e2a, 0xc006, 0xe2c5, 0x1e2b,
	0xc007, 0x22c5, 0x1e96, 0xc007, 0x62c5, 0x1e23, 0xc005, 0x22c5, 0x1e24, 0xc005, 0x62c5, 0x1e25,
	0xc005, 0xa2c5, 0x1e26, 0xc005, 0xe2c5, 0x1e27, 0xc006, 0x22c5, 0x21f, 0xf, 0x21f, 0xc004,
	0xa2c5, 0x301, 0xf003, 0x505, 0x30c, 0xf002, 0x505, 0x341, 0xf003, 0x505, 0x1e22, 0xc004,
	0xe2c5, 0x48, 0xfa02, 0x546, 0x68, 0xfa02, 0x505, 0x124, 0xc003, 0xe2c5, 0x125, 0xc004,
	0x22c5, 0x21e, 0xc004, 0x62c5, 0x3300, 0x505, 0x30, 0x30c, 0xf402, 0x505, 0x4d00, 0x505,
	0x30, 0x30c, 0xffff, 0x4e02, 0x505, 0x4f00, 0x505, 0x30, 0x30c, 0xffff, 0x5002, 0x505,
	0x5d00, 0x505, 0x2, 0x301, 0xffff, 0x5e03, 0x505, 0x30c, 0xffff, 0x5e02, 0x505, 0x341,
	0xffff, 0x5e03, 0x505, 0x2f9c, 0xa0c4, 0x2, 0x301, 0xc007, 0xa2c5, 0x30c, 0xc007, 0xe2c5,
	0x341, 0xc007, 0xa2c5, 0x2f05, 0xa0c4, 0x2, 0x301, 0xc008, 0x22c5, 0x30c, 0xc008, 0x62c5,
	0x341, 0xc008, 0x22c5, 0x339c, 0xa2c4, 0x30, 0x30c, 0xc008, 0xa2c5, 0x3305, 0xa2c4, 0x30,
	0x30c, 0xc008, 0xe2c5, 0x4d9c, 0xa0c4, 0x30, 0x30c, 0xc009, 0x22c5, 0x4d05, 0xa0c4, 0x30,
	0x30c, 0xc009, 0x62c5, 0x4f9c, 0xa0c4, 0x30, 0x30c, 0xc009, 0xa2c5, 0x4f05, 0xa0c4, 0x30,
	0x30c, 0xc009, 0xe2c5, 0x4f9c, 0xcac4, 0x30, 0x30c, 0xc00a, 0x22c5, 0x4f05, 0xcac4, 0x30,
	0x30c, 0xc00a, 0x62c5, 0x339c, 0xa0c4, 0x30, 0x30c, 0xc00a, 0xa2c5, 0x3305, 0xa0c4, 0x30,
	0x30c, 0xc00a, 0xe2c5, 0x339c, 0xccc4, 0x30, 0x30c, 0xc00b, 0x22c5, 0x3305, 0xccc4, 0x30,
	0x30c, 0xc00b, 0x62c5, 0x339c, 0xd0c4, 0x30, 0x30c, 0xc00b, 0xa2c5, 0x3305, 0xd0c4, 0x30,
	0x30c, 0xc00b, 0xe2c5, 0x4d9c, 0xc4c4, 0x30, 0x30c, 0xc00c, 0x22c5, 0x4d05, 0xc4c4, 0x30,
	0x30c, 0xc00c, 0x62c5, 0x4d9c, 0xd2c4, 0x30, 0x30c, 0xc00c, 0xa2c5, 0x4d05, 0xd2c4, 0x30,
	0x30c, 0xc00c, 0xe2c5, 0x4f9c, 0xc4c4, 0x30, 0x30c, 0xc00d, 0x22c5, 0x4f05, 0xc4c4, 0x30,
	0x30c, 0xc00d, 0x62c5, 0x5d9c, 0xc4c4, 0x2, 0x301, 0xc00e, 0x22c5, 0x30c, 0xc00e, 0x62c5,
	0x341, 0xc00e, 0x22c5, 0x5d05, 0xc4c4, 0x2, 0x301, 0xc00e, 0xa2c5, 0x30c, 0xc00e, 0xe2c5,
	0x341, 0xc00e, 0xa2c5, 0x5d9c, 0xd2c4, 0x2, 0x301, 0xc00f, 0x22c5, 0x30c, 0xc00f, 0x62c5,
	0x341, 0xc00f, 0x22c5, 0x5d05, 0xd2c4, 0x2, 0x301, 0xc00f, 0xa2c5, 0x30c, 0xc00f, 0xe2c5,
	0x341, 0xc00f, 0xa2c5, 0x339c, 0xc4c4, 0x30, 0x30c, 0xc010, 0x22c5, 0x3305, 0xc4c4, 0x30,
	0x30c, 0xc010, 0x62c5
};

static constexpr uint16_t s_coll_hsbFastLatin[532] = {
	0x205, 0xc40, 0xde0, 0xe80, 0xea8, 0x418, 0x0, 0x0, 0x0, 0x0, 0x0, 0x0,
	0x0, 0x0, 0xc00, 0xc08, 0xc10, 0xc18, 0xc20, 0x0, 0x0, 0x0, 0x0, 0x0,
	0x0, 0x0, 0x0, 0x0, 0x0, 0x0, 0x0, 0x0, 0x0, 0x0, 0x0, 0x0,
	0x0, 0xc40, 0xca8, 0xcf0, 0xd78, 0xe98, 0xd80, 0xd70, 0xcd8, 0xd08, 0xd10, 0xd58,
	0xe30, 0xc90, 0xc60, 0xcd0, 0xd60, 0x10a8, 0x14a8, 0x18a8, 0x1ca8, 0x20a8, 0x24a8, 0x28a8,
	0x2ca8, 0x30a8, 0x34a8, 0xca0, 0xc98, 0xe50, 0xe58, 0xe60, 0xcb8, 0xd50, 0x38b9, 0x3cb9,
	0x41a, 0x4cb9, 0x424, 0x58b9, 0x5cb9, 0x60b9, 0x68ba, 0x70ba, 0x74b9, 0x7cb9, 0x80b9, 0x84ba,
	0x8cb9, 0x90b9, 0x94b9, 0x426, 0x428, 0xacb9, 0xb4b9, 0xb8b9, 0xbcb9, 0xc0b9, 0xc4b9, 0x42a,
	0xd18, 0xd68, 0xd20, 0xdf8, 0xc50, 0xde8, 0x38a8, 0x3ca8, 0x42c, 0x4ca8, 0x436, 0x58a8,
	0x5ca8, 0x60a8, 0x68a8, 0x70a8, 0x74a8, 0x7ca8, 0x80a8, 0x84a8, 0x8ca8, 0x90a8, 0x94a8, 0x438,
	0x43a, 0xaca8, 0xb4a8, 0xb8a8, 0xbca8, 0xc0a8, 0xc4a8, 0x43c, 0xd28, 0xe70, 0xd30, 0xe80,
	0x0, 0x0, 0x0, 0x0, 0x0, 0x0, 0xc28, 0x0, 0x0, 0x0, 0x0, 0x0,
	0x0, 0x0, 0x0, 0x0, 0x0, 0x0, 0x0, 0x0, 0x0, 0x0, 0x0, 0x0,
	0x0, 0x0, 0x0, 0x0, 0x0, 0x0, 0x0, 0x0, 0x0, 0xc42, 0xcb0, 0xe90,
	0xea0, 0xe88, 0xea8, 0xe78, 0xd40, 0xe08, 0xe20, 0x38aa, 0xcf8, 0xe68, 0x0, 0xe28,
	0xe00, 0xe18, 0xe38, 0x18a9, 0x1ca9, 0xdf0, 0x1, 0xd48, 0x1, 0xe10, 0x14a9, 0x8caa,
	0xd00, 0x1, 0x1, 0x1, 0xcc0, 0x39b9, 0x3999, 0x39f9, 0x3a99, 0x3a59, 0x3a39, 0x800,
	0x43e, 0x51ba, 0x519a, 0x51fa, 0x525a, 0x69ba, 0x699a, 0x69fa, 0x6a5a, 0x4cd9, 0x869a, 0x8db9,
	0x8d99, 0x8df9, 0x8e99, 0x8e59, 0xe48, 0x8ed9, 0xb5b9, 0xb599, 0xb5f9, 0xb659, 0xc599, 0xd4b9,
	0x802, 0x39a8, 0x3988, 0x39e8, 0x3a88, 0x3a48, 0x3a28, 0x804, 0x440, 0x51a8, 0x5188, 0x51e8,
	0x5248, 0x69a8, 0x6988, 0x69e8, 0x6a48, 0x4cc8, 0x8688, 0x8da8, 0x8d88, 0x8de8, 0x8e88, 0x8e48,
	0xe40, 0x8ec8, 0xb5a8, 0xb588, 0xb5e8, 0xb648, 0xc588, 0xd4a8, 0xc648, 0x3b39, 0x3b28, 0x39d9,
	0x39c8, 0x3b19, 0x3b08, 0x48b9, 0x48a8, 0x41f9, 0x41e8, 0x42b9, 0x42a8, 0x44b9, 0x44a8, 0x4e19,
	0x4e08, 0x4f59, 0x4f48, 0x533a, 0x5328, 0x51da, 0x51c8, 0x52ba, 0x52a8, 0x442, 0x444, 0x54b9,
	0x54a8, 0x5df9, 0x5de8, 0x5dd9, 0x5dc8, 0x5eb9, 0x5ea8, 0x5ef9, 0x5ee8, 0x61f9, 0x61e8, 0x6359,
	0x6348, 0x6a9a, 0x6a88, 0x6b3a, 0x6b28, 0x69da, 0x69c8, 0x6b1a, 0x6b08, 0x6aba, 0x6ca8, 0x806,
	0x808, 0x71fa, 0x71e8, 0x76f9, 0x76e8, 0x98a8, 0x7d99, 0x7d88, 0x7ef9, 0x7ee8, 0x7e19, 0x7e08,
	0x7f79, 0x7f68, 0x78b9, 0x78a8, 0x859a, 0x8588, 0x86fa, 0x86e8, 0x861a, 0x8608, 0x80a, 0x88b9,
	0x88a8, 0x8f39, 0x8f28, 0x8dd9, 0x8dc8, 0x8e79, 0x8e68, 0x80c, 0x80e, 0x9d99, 0x9d88, 0x446,
	0x448, 0xa0b9, 0xa0a8, 0xa59a, 0xa588, 0xa5fa, 0xa5e8, 0x44a, 0x44c, 0xa8b9, 0xa8a8, 0xaef9,
	0xaee8, 0xae19, 0xae08, 0xb0b9, 0xb0a8, 0xb699, 0xb688, 0xb739, 0xb728, 0xb5d9, 0xb5c8, 0xb639,
	0xb628, 0xb679, 0xb668, 0xb719, 0xb708, 0xbdf9, 0xbde8, 0xc5f9, 0xc5e8, 0xc659, 0xd0b9, 0xd0a8,
	0xcab9, 0xcaa8, 0xccb9, 0xcca8, 0xa4e8, 0xc41, 0xc41, 0xc41, 0xc41, 0xc41, 0xc41, 0xc41,
	0xc42, 0xc41, 0xc41, 0xc41, 0x0, 0x0, 0x0, 0x0, 0x0, 0xc68, 0xc69, 0xc70,
	0xc78, 0xc80, 0xc88, 0xd38, 0xc58, 0x1, 0x1, 0x1, 0x1, 0x1, 0x1, 0x1,
	0x1, 0xd98, 0xda0, 0xda8, 0xdb0, 0xcd1, 0x810, 0x1, 0xdb8, 0xc30, 0xc38, 0x0,
	0x0, 0x0, 0x0, 0x0, 0xc42, 0xd88, 0xd90, 0xdc0, 0x812, 0x1, 0xdc8, 0x814,
	0x1, 0xdd0, 0xce0, 0xce8, 0xdd8, 0x816, 0xcc8, 0xc48, 0xde0, 0x38d9, 0x50bb, 0xa4c8,
	0xa4a9, 0x38c8, 0x50a9, 0x68bb, 0x70bb, 0x68a9, 0x70a9, 0xd8a9, 0x84a9, 0x8cd9, 0x50bb, 0x8cc8,
	0x50a9, 0xcd1, 0xcd1, 0xdc1, 0xdc1, 0xdc9, 0xdc9, 0xca9, 0xca9, 0x5ff, 0x0, 0x5ff,
	0x40b9, 0x448, 0x64bb, 0x468, 0x64b2, 0x524, 0x65fb, 0x525, 0x65f2, 0x5ff, 0x50ba, 0x5ff,
	0x9cb9, 0x5ff, 0xa4ba, 0x5ff, 0xc8b9, 0x5ff, 0x40a8, 0x448, 0x64b1, 0x468, 0x64a8, 0x524,
	0x65f1, 0x525, 0x65e8, 0x5ff, 0x50a8, 0x5ff, 0x9ca8, 0x5ff, 0xa4a8, 0x5ff, 0xc8a8, 0x5ff,
	0x42f9, 0x5ff, 0x42e8, 0x5ff, 0x531a, 0x5ff, 0x5308, 0x5ff, 0x9ef9, 0x5ff, 0x9ee8, 0x5ff,
	0xa6fa, 0x5ff, 0xa6e8, 0x1ff
};

static constexpr uint16_t s_coll_hsbFastLatinPrimaries[384] = {
	0x0, 0x0, 0x0, 0x0, 0x0, 0x0, 0x0, 0x0, 0x0, 0xc00, 0xc08, 0xc10,
	0xc18, 0xc20, 0x0, 0x0, 0x0, 0x0, 0x0, 0x0, 0x0, 0x0, 0x0, 0x0,
	0x0, 0x0, 0x0, 0x0, 0x0, 0x0, 0x0, 0x0, 0xc40, 0xca8, 0xcf0, 0xd78,
	0xe98, 0xd80, 0xd70, 0xcd8, 0xd08, 0xd10, 0xd58, 0xe30, 0xc90, 0xc60, 0xcd0, 0xd60,
	0x1000, 0x1400, 0x1800, 0x1c00, 0x2000, 0x2400, 0x2800, 0x2c00, 0x3000, 0x3400, 0xca0, 0xc98,
	0xe50, 0xe58, 0xe60, 0xcb8, 0xd50, 0x3800, 0x3c00, 0x0, 0x4c00, 0x0, 0x5800, 0x5c00,
	0x6000, 0x6800, 0x7000, 0x7400, 0x7c00, 0x8000, 0x8400, 0x8c00, 0x9000, 0x9400, 0x0, 0x0,
	0xac00, 0xb400, 0xb800, 0xbc00, 0xc000, 0xc400, 0x0, 0xd18, 0xd68, 0xd20, 0xdf8, 0xc50,
	0xde8, 0x3800, 0x3c00, 0x0, 0x4c00, 0x0, 0x5800, 0x5c00, 0x6000, 0x6800, 0x7000, 0x7400,
	0x7c00, 0x8000, 0x8400, 0x8c00, 0x9000, 0x9400, 0x0, 0x0, 0xac00, 0xb400, 0xb800, 0xbc00,
	0xc000, 0xc400, 0x0, 0xd28, 0xe70, 0xd30, 0xe80, 0x0, 0x0, 0x0, 0x0, 0x0,
	0x0, 0xc28, 0x0, 0x0, 0x0, 0x0, 0x0, 0x0, 0x0, 0x0, 0x0, 0x0,
	0x0, 0x0, 0x0, 0x0, 0x0, 0x0, 0x0, 0x0, 0x0, 0x0, 0x0, 0x0,
	0x0, 0x0, 0x0, 0x0, 0xc40, 0xcb0, 0xe90, 0xea0, 0xe88, 0xea8, 0xe78, 0xd40,
	0xe08, 0xe20, 0x3800, 0xcf8, 0xe68, 0x0, 0xe28, 0xe00, 0xe18, 0xe38, 0x1800, 0x1c00,
	0xdf0, 0x0, 0xd48, 0x0, 0xe10, 0x1400, 0x8c00, 0xd00, 0x0, 0x0, 0x0, 0xcc0,
	0x3800, 0x3800, 0x3800, 0x3800, 0x3800, 0x3800, 0x0, 0x0, 0x5000, 0x5000, 0x5000, 0x5000,
	0x6800, 0x6800, 0x6800, 0x6800, 0x4c00, 0x8400, 0x8c00, 0x8c00, 0x8c00, 0x8c00, 0x8c00, 0xe48,
	0x8c00, 0xb400, 0xb400, 0xb400, 0xb400, 0xc400, 0xd400, 0x0, 0x3800, 0x3800, 0x3800, 0x3800,
	0x3800, 0x3800, 0x0, 0x0, 0x5000, 0x5000, 0x5000, 0x5000, 0x6800, 0x6800, 0x6800, 0x6800,
	0x4c00, 0x8400, 0x8c00, 0x8c00, 0x8c00, 0x8c00, 0x8c00, 0xe40, 0x8c00, 0xb400, 0xb400, 0xb400,
	0xb400, 0xc400, 0xd400, 0xc400, 0x3800, 0x3800, 0x3800, 0x3800, 0x3800, 0x3800, 0x4800, 0x4800,
	0x4000, 0x4000, 0x4000, 0x4000, 0x4400, 0x4400, 0x4c00, 0x4c00, 0x4c00, 0x4c00, 0x5000, 0x5000,
	0x5000, 0x5000, 0x5000, 0x5000, 0x0, 0x0, 0x5400, 0x5400, 0x5c00, 0x5c00, 0x5c00, 0x5c00,
	0x5c00, 0x5c00, 0x5c00, 0x5c00, 0x6000, 0x6000, 0x6000, 0x6000, 0x6800, 0x6800, 0x6800, 0x6800,
	0x6800, 0x6800, 0x6800, 0x6800, 0x6800, 0x6c00, 0x0, 0x0, 0x7000, 0x7000, 0x7400, 0x7400,
	0x9800, 0x7c00, 0x7c00, 0x7c00, 0x7c00, 0x7c00, 0x7c00, 0x7c00, 0x7c00, 0x7800, 0x7800, 0x8400,
	0x8400, 0x8400, 0x8400, 0x8400, 0x8400, 0x0, 0x8800, 0x8800, 0x8c00, 0x8c00, 0x8c00, 0x8c00,
	0x8c00, 0x8c00, 0x0, 0x0, 0x9c00, 0x9c00, 0x0, 0x0, 0xa000, 0xa000, 0xa400, 0xa400,
	0xa400, 0xa400, 0x0, 0x0, 0xa800, 0xa800, 0xac00, 0xac00, 0xac00, 0xac00, 0xb000, 0xb000,
	0xb400, 0xb400, 0xb400, 0xb400, 0xb400, 0xb400, 0xb400, 0xb400, 0xb400, 0xb400, 0xb400, 0xb400,
	0xbc00, 0xbc00, 0xc400, 0xc400, 0xc400, 0xd000, 0xd000, 0xc800, 0xc800, 0xcc00, 0xcc00, 0xa400
};

static constexpr int32_t s_coll_hsbFastLatinMiniVarTop = 0xbff;

static constexpr uint32_t s_coll_hsbNumericPrimary = 0x10000000;
static constexpr int32_t s_coll_hsbOptions = 0x2010;
static constexpr int32_t s_coll_hsbJamoCe32sStart = -1;

static constexpr uint32_t s_coll_hsbUnsafeBwd[854] = {
	0x34, 0x35, 0x48, 0x49, 0x4c, 0x4d, 0x68, 0x69, 0xa0, 0xa1, 0x124, 0x126,
	0x21e, 0x220, 0x300, 0x34f, 0x350, 0x370, 0x3a9, 0x3aa, 0x3e2, 0x3e3, 0x42f, 0x430,
	0x483, 0x488, 0x531, 0x532, 0x591, 0x5be, 0x5bf, 0x5c0, 0x5c1, 0x5c3, 0x5c4, 0x5c6,
	0x5c7, 0x5c8, 0x5d0, 0x5d1, 0x610, 0x61b, 0x628, 0x629, 0x64b, 0x660, 0x670, 0x671,
	0x6d6, 0x6dd, 0x6df, 0x6e5, 0x6e7, 0x6e9, 0x6ea, 0x6ee, 0x710, 0x712, 0x730, 0x74b,
	0x78c, 0x78d, 0x7ca, 0x7cb, 0x7eb, 0x7f4, 0x7fd, 0x7fe, 0x800, 0x801, 0x816, 0x81a,
	0x81b, 0x824, 0x825, 0x828, 0x829, 0x82e, 0x840, 0x841, 0x859, 0x85c, 0x897, 0x8a0,
	0x8ca, 0x8e2, 0x8e3, 0x900, 0x905, 0x906, 0x93c, 0x93d, 0x94d, 0x94e, 0x951, 0x955,
	0x995, 0x996, 0x9bc, 0x9bd, 0x9be, 0x9bf, 0x9cd, 0x9ce, 0x9d7, 0x9d8, 0x9fe, 0x9ff,
	0xa15, 0xa16, 0xa3c, 0xa3d, 0xa4d, 0xa4e, 0xa95, 0xa96, 0xabc, 0xabd, 0xacd, 0xace,
	0xb15, 0xb16, 0xb3c, 0xb3d, 0xb3e, 0xb3f, 0xb4d, 0xb4e, 0xb56, 0xb58, 0xb95, 0xb96,
	0xbbe, 0xbbf, 0xbcd, 0xbce, 0xbd7, 0xbd8, 0xc15, 0xc16, 0xc3c, 0xc3d, 0xc4d, 0xc4e,
	0xc55, 0xc57, 0xc95, 0xc96, 0xcbc, 0xcbd, 0xcc2, 0xcc3, 0xccd, 0xcce, 0xcd5, 0xcd7,
	0xd15, 0xd16, 0xd3b, 0xd3d, 0xd3e, 0xd3f, 0xd4d, 0xd4e, 0xd57, 0xd58, 0xd85, 0xd86,
	0xdca, 0xdcb, 0xdcf, 0xdd0, 0xddf, 0xde0, 0xe01, 0xe2f, 0xe32, 0xe33, 0xe38, 0xe3b,
	0xe48, 0xe4c, 0xe81, 0xe83, 0xe84, 0xe85, 0xe86, 0xe8b, 0xe8c, 0xea4, 0xea5, 0xea6,
	0xea7, 0xeaf, 0xeb2, 0xeb3, 0xeb8, 0xebb, 0xec8, 0xecc, 0xedc, 0xee0, 0xf18, 0xf1a,
	0xf35, 0xf36, 0xf37, 0xf38, 0xf39, 0xf3a, 0xf40, 0xf41, 0xf71, 0xf76, 0xf7a, 0xf7e,
	0xf80, 0xf85, 0xf86, 0xf88, 0xfc6, 0xfc7, 0x1000, 0x1001, 0x102e, 0x102f, 0x1037, 0x1038,
	0x1039, 0x103b, 0x108d, 0x108e, 0x10d3, 0x10d4, 0x12a0, 0x12a1, 0x135d, 0x1360, 0x13c4, 0x13c5,
	0x14c0, 0x14c1, 0x168f, 0x1690, 0x16a0, 0x16a1, 0x1703, 0x1704, 0x1714, 0x1716, 0x1723, 0x1724,
	0x1734, 0x1735, 0x1743, 0x1744, 0x1763, 0x1764, 0x1780, 0x1781, 0x17d2, 0x17d3, 0x17dd, 0x17de,
	0x1826, 0x1827, 0x18a9, 0x18aa, 0x1900, 0x1901, 0x1939, 0x193c, 0x1950, 0x1951, 0x1980, 0x19ac,
	0x1a00, 0x1a01, 0x1a17, 0x1a19, 0x1a20, 0x1a21, 0x1a60, 0x1a61, 0x1a75, 0x1a7d, 0x1a7f, 0x1a80,
	0x1ab0, 0x1abe, 0x1abf, 0x1ade, 0x1ae0, 0x1aec, 0x1b05, 0x1b06, 0x1b34, 0x1b36, 0x1b44, 0x1b45,
	0x1b6b, 0x1b74, 0x1b83, 0x1b84, 0x1baa, 0x1bac, 0x1bc0, 0x1bc1, 0x1be6, 0x1be7, 0x1bf2, 0x1bf4,
	0x1c00, 0x1c01, 0x1c37, 0x1c38, 0x1c5a, 0x1c5b, 0x1cd0, 0x1cd3, 0x1cd4, 0x1ce1, 0x1ce2, 0x1ce9,
	0x1ced, 0x1cee, 0x1cf4, 0x1cf5, 0x1cf8, 0x1cfa, 0x1dc0, 0x1e00, 0x1e22, 0x1e2c, 0x1e96, 0x1e97,
	0x201c, 0x201d, 0x20ac, 0x20ad, 0x20d0, 0x20dd, 0x20e1, 0x20e2, 0x20e5, 0x20f1, 0x263a, 0x263b,
	0x2c00, 0x2c01, 0x2cef, 0x2cf2, 0x2d30, 0x2d31, 0x2d7f, 0x2d80, 0x2de0, 0x2e00, 0x302a, 0x3030,
	0x304b, 0x304c, 0x3099, 0x309b, 0x30ab, 0x30ac, 0x3105, 0x3106, 0x5b57, 0x5b58, 0xa288, 0xa289,
	0xa4d0, 0xa4d1, 0xa549, 0xa54a, 0xa66f, 0xa670, 0xa674, 0xa67e, 0xa69e, 0xa6a1, 0xa6f0, 0xa6f2,
	0xa800, 0xa801, 0xa806, 0xa807, 0xa82c, 0xa82d, 0xa840, 0xa841, 0xa882, 0xa883, 0xa8c4, 0xa8c5,
	0xa8e0, 0xa8f2, 0xa90a, 0xa90b, 0xa92b, 0xa92e, 0xa930, 0xa931, 0xa953, 0xa954, 0xa984, 0xa985,
	0xa9b3, 0xa9b4, 0xa9c0, 0xa9c1, 0xaa00, 0xaa01, 0xaa80, 0xaab1, 0xaab2, 0xaab5, 0xaab7, 0xaab9,
	0xaabe, 0xaac0, 0xaac1, 0xaac2, 0xaaf6, 0xaaf7, 0xabc0, 0xabc1, 0xabed, 0xabee, 0xac00, 0xac01,
	0xd800, 0xd809, 0xd80b, 0xd80d, 0xd811, 0xd812, 0xd818, 0xd819, 0xd81a, 0xd81c, 0xd820, 0xd821,
	0xd823, 0xd824, 0xd82c, 0xd82d, 0xd82f, 0xd830, 0xd834, 0xd835, 0xd838, 0xd83b, 0xdc00, 0xe000,
	0xfb1e, 0xfb1f, 0xfdd0, 0xfdd1, 0xfe20, 0xfe30, 0x10000, 0x10001, 0x101fd, 0x101fe, 0x10280, 0x10281,
	0x102a0, 0x102a1, 0x102e0, 0x102e1, 0x10300, 0x10301, 0x10330, 0x10331, 0x1036b, 0x1036c, 0x10376, 0x1037b,
	0x10380, 0x10381, 0x103a0, 0x103a1, 0x10414, 0x10415, 0x10450, 0x10451, 0x10480, 0x10481, 0x104b5, 0x104b6,
	0x10500, 0x10501, 0x10537, 0x10538, 0x10582, 0x10583, 0x105c2, 0x105c3, 0x10647, 0x10648, 0x10800, 0x10801,
	0x10840, 0x10841, 0x10873, 0x10874, 0x10896, 0x10897, 0x108f4, 0x108f5, 0x10900, 0x10901, 0x10920, 0x10921,
	0x10950, 0x10951, 0x10980, 0x10981, 0x109a0, 0x109a1, 0x10a00, 0x10a01, 0x10a0d, 0x10a0e, 0x10a0f, 0x10a10,
	0x10a38, 0x10a3b, 0x10a3f, 0x10a40, 0x10a60, 0x10a61, 0x10a95, 0x10a96, 0x10ad8, 0x10ad9, 0x10ae5, 0x10ae7,
	0x10b00, 0x10b01, 0x10b40, 0x10b41, 0x10b60, 0x10b61, 0x10b8f, 0x10b90, 0x10c00, 0x10c01, 0x10ca1, 0x10ca2,
	0x10d12, 0x10d13, 0x10d24, 0x10d28, 0x10d5d, 0x10d5e, 0x10d69, 0x10d6e, 0x10e88, 0x10e89, 0x10eab, 0x10ead,
	0x10efa, 0x10efc, 0x10efd, 0x10f00, 0x10f19, 0x10f1a, 0x10f42, 0x10f43, 0x10f46, 0x10f51, 0x10f7c, 0x10f7d,
	0x10f82, 0x10f86, 0x10fbf, 0x10fc0, 0x10ff1, 0x10ff2, 0x11005, 0x11006, 0x11046, 0x11047, 0x11070, 0x11071,
	0x1107f, 0x11080, 0x11083, 0x11084, 0x110b9, 0x110bb, 0x110d0, 0x110d1, 0x11100, 0x11104, 0x11127, 0x11128,
	0x11133, 0x11135, 0x11152, 0x11153, 0x11173, 0x11174, 0x11183, 0x11184, 0x111c0, 0x111c1, 0x111ca, 0x111cb,
	0x11208, 0x11209, 0x11235, 0x11237, 0x1128f, 0x11290, 0x112be, 0x112bf, 0x112e9, 0x112eb, 0x11315, 0x11316,
	0x1133b, 0x1133d, 0x1133e, 0x1133f, 0x1134d, 0x1134e, 0x11357, 0x11358, 0x11366, 0x1136d, 0x11370, 0x11375,
	0x11392, 0x11393, 0x113b8, 0x113b9, 0x113bb, 0x113bc, 0x113c2, 0x113c3, 0x113c9, 0x113ca, 0x113ce, 0x113d1,
	0x11412, 0x11413, 0x11442, 0x11443, 0x11446, 0x11447, 0x1145e, 0x1145f, 0x11484, 0x11485, 0x114b0, 0x114b1,
	0x114ba, 0x114bb, 0x114bd, 0x114be, 0x114c2, 0x114c4, 0x1158e, 0x1158f, 0x115af, 0x115b0, 0x115bf, 0x115c1,
	0x1160e, 0x1160f, 0x1163f, 0x11640, 0x11680, 0x11681, 0x116b6, 0x116b8, 0x11717, 0x11718, 0x1172b, 0x1172c,
	0x1180b, 0x1180c, 0x11839, 0x1183b, 0x118b4, 0x118b5, 0x1190c, 0x1190d, 0x11930, 0x11931, 0x1193d, 0x1193f,
	0x11943, 0x11944, 0x119ce, 0x119cf, 0x119e0, 0x119e1, 0x11a0b, 0x11a0c, 0x11a34, 0x11a35, 0x11a47, 0x11a48,
	0x11a5c, 0x11a5d, 0x11a99, 0x11a9a, 0x11ac0, 0x11ac1, 0x11bc4, 0x11bc5, 0x11c0e, 0x11c0f, 0x11c3f, 0x11c40,
	0x11c72, 0x11c73, 0x11d10, 0x11d11, 0x11d42, 0x11d43, 0x11d44, 0x11d46, 0x11d71, 0x11d72, 0x11d97, 0x11d98,
	0x11dc6, 0x11dc7, 0x11ee5, 0x11ee6, 0x11f1b, 0x11f1c, 0x11f41, 0x11f43, 0x12000, 0x12001, 0x12fe5, 0x12fe6,
	0x13153, 0x13154, 0x14400, 0x14401, 0x1611c, 0x1611d, 0x1611e, 0x16121, 0x16123, 0x16126, 0x16129, 0x1612a,
	0x1612f, 0x16130, 0x16a4f, 0x16a50, 0x16abc, 0x16abd, 0x16ae6, 0x16ae7, 0x16af0, 0x16af5, 0x16b1c, 0x16b1d,
	0x16b30, 0x16b37, 0x16d45, 0x16d46, 0x16d67, 0x16d69, 0x16e40, 0x16e41, 0x16ea1, 0x16ea2, 0x16f00, 0x16f01,
	0x16ff0, 0x16ff2, 0x18229, 0x1822a, 0x18c65, 0x18c66, 0x1b1c4, 0x1b1c5, 0x1bc20, 0x1bc21, 0x1bc9e, 0x1bc9f,
	0x1d165, 0x1d16a, 0x1d16d, 0x1d173, 0x1d17b, 0x1d183, 0x1d185, 0x1d18c, 0x1d1aa, 0x1d1ae, 0x1d242, 0x1d245,
	0x1e000, 0x1e007, 0x1e008, 0x1e019, 0x1e01b, 0x1e022, 0x1e023, 0x1e025, 0x1e026, 0x1e02b, 0x1e08f, 0x1e090,
	0x1e108, 0x1e109, 0x1e130, 0x1e137, 0x1e290, 0x1e291, 0x1e2ae, 0x1e2af, 0x1e2e1, 0x1e2e2, 0x1e2ec, 0x1e2f0,
	0x1e4e6, 0x1e4e7, 0x1e4ec, 0x1e4f0, 0x1e5d0, 0x1e5d1, 0x1e5ee, 0x1e5f0, 0x1e6d5, 0x1e6d6, 0x1e6e3, 0x1e6e4,
	0x1e6e6, 0x1e6e7, 0x1e6ee, 0x1e6f0, 0x1e6f5, 0x1e6f6, 0x1e802, 0x1e803, 0x1e8d0, 0x1e8d7, 0x1e909, 0x1e90a,
	0x1e944, 0x1e94b
};

static constexpr int32_t s_coll_hsbUnsafeBwdLength = 854;

static constexpr CollationData s_coll_daData = {
	{s_coll_daTrieIndex, s_coll_daTrieData, s_coll_daTrieIndexLength, s_coll_daTrieDataLength,
		s_coll_daTrieHighStart, s_coll_daTrieHighValueIndex},
	s_coll_daCe32s, 123,
	s_coll_daCes, 289,
	s_coll_daContexts, 644,
	&s_collRootData,
	s_collRootCe32s + s_collRootJamoCe32sStart,
	s_coll_daNumericPrimary,
	s_collRootCompressible,
	s_coll_daUnsafeBwd, s_coll_daUnsafeBwdLength,
	s_coll_daFastLatin, 560,
	s_coll_daFastLatinPrimaries,
	s_collRootNumScripts, s_collRootScripts + 1, s_collRootScripts + s_collRootScriptStartsOffset,
		s_collRootScriptStartsLength,
};

static constexpr CollationData s_coll_foData = {
	{s_coll_foTrieIndex, s_coll_foTrieData, s_coll_foTrieIndexLength, s_coll_foTrieDataLength,
		s_coll_foTrieHighStart, s_coll_foTrieHighValueIndex},
	s_coll_foCe32s, 119,
	s_coll_foCes, 293,
	s_coll_foContexts, 656,
	&s_collRootData,
	s_collRootCe32s + s_collRootJamoCe32sStart,
	s_coll_foNumericPrimary,
	s_collRootCompressible,
	s_coll_foUnsafeBwd, s_coll_foUnsafeBwdLength,
	s_coll_foFastLatin, 560,
	s_coll_foFastLatinPrimaries,
	s_collRootNumScripts, s_collRootScripts + 1, s_collRootScripts + s_collRootScriptStartsOffset,
		s_collRootScriptStartsLength,
};

static constexpr CollationData s_coll_fiData = {
	{s_coll_fiTrieIndex, s_coll_fiTrieData, s_coll_fiTrieIndexLength, s_coll_fiTrieDataLength,
		s_coll_fiTrieHighStart, s_coll_fiTrieHighValueIndex},
	s_coll_fiCe32s, 122,
	s_coll_fiCes, 46,
	s_coll_fiContexts, 236,
	&s_collRootData,
	s_collRootCe32s + s_collRootJamoCe32sStart,
	s_coll_fiNumericPrimary,
	s_collRootCompressible,
	s_collRootUnsafeBwd, s_collRootUnsafeBwdLength,
	s_coll_fiFastLatin, 502,
	s_coll_fiFastLatinPrimaries,
	s_collRootNumScripts, s_collRootScripts + 1, s_collRootScripts + s_collRootScriptStartsOffset,
		s_collRootScriptStartsLength,
};

static constexpr CollationData s_coll_isData = {
	{s_coll_isTrieIndex, s_coll_isTrieData, s_coll_isTrieIndexLength, s_coll_isTrieDataLength,
		s_coll_isTrieHighStart, s_coll_isTrieHighValueIndex},
	s_coll_isCe32s, 144,
	s_coll_isCes, 50,
	s_coll_isContexts, 610,
	&s_collRootData,
	s_collRootCe32s + s_collRootJamoCe32sStart,
	s_coll_isNumericPrimary,
	s_collRootCompressible,
	s_collRootUnsafeBwd, s_collRootUnsafeBwdLength,
	s_coll_isFastLatin, 516,
	s_coll_isFastLatinPrimaries,
	s_collRootNumScripts, s_collRootScripts + 1, s_collRootScripts + s_collRootScriptStartsOffset,
		s_collRootScriptStartsLength,
};

static constexpr CollationData s_coll_klData = {
	{s_coll_klTrieIndex, s_coll_klTrieData, s_coll_klTrieIndexLength, s_coll_klTrieDataLength,
		s_coll_klTrieHighStart, s_coll_klTrieHighValueIndex},
	s_coll_klCe32s, 119,
	s_coll_klCes, 83,
	s_coll_klContexts, 333,
	&s_collRootData,
	s_collRootCe32s + s_collRootJamoCe32sStart,
	s_coll_klNumericPrimary,
	s_collRootCompressible,
	s_coll_klUnsafeBwd, s_coll_klUnsafeBwdLength,
	s_coll_klFastLatin, 504,
	s_coll_klFastLatinPrimaries,
	s_collRootNumScripts, s_collRootScripts + 1, s_collRootScripts + s_collRootScriptStartsOffset,
		s_collRootScriptStartsLength,
};

static constexpr CollationData s_coll_noData = {
	{s_coll_noTrieIndex, s_coll_noTrieData, s_coll_noTrieIndexLength, s_coll_noTrieDataLength,
		s_coll_noTrieHighStart, s_coll_noTrieHighValueIndex},
	s_coll_noCe32s, 119,
	s_coll_noCes, 293,
	s_coll_noContexts, 656,
	&s_collRootData,
	s_collRootCe32s + s_collRootJamoCe32sStart,
	s_coll_noNumericPrimary,
	s_collRootCompressible,
	s_coll_noUnsafeBwd, s_coll_noUnsafeBwdLength,
	s_coll_noFastLatin, 587,
	s_coll_noFastLatinPrimaries,
	s_collRootNumScripts, s_collRootScripts + 1, s_collRootScripts + s_collRootScriptStartsOffset,
		s_collRootScriptStartsLength,
};

static constexpr CollationData s_coll_seData = {
	{s_coll_seTrieIndex, s_coll_seTrieData, s_coll_seTrieIndexLength, s_coll_seTrieDataLength,
		s_coll_seTrieHighStart, s_coll_seTrieHighValueIndex},
	s_coll_seCe32s, 218,
	s_coll_seCes, 171,
	s_coll_seContexts, 817,
	&s_collRootData,
	s_collRootCe32s + s_collRootJamoCe32sStart,
	s_coll_seNumericPrimary,
	s_collRootCompressible,
	s_collRootUnsafeBwd, s_collRootUnsafeBwdLength,
	s_coll_seFastLatin, 536,
	s_coll_seFastLatinPrimaries,
	s_collRootNumScripts, s_collRootScripts + 1, s_collRootScripts + s_collRootScriptStartsOffset,
		s_collRootScriptStartsLength,
};

static constexpr CollationData s_coll_smnData = {
	{s_coll_smnTrieIndex, s_coll_smnTrieData, s_coll_smnTrieIndexLength, s_coll_smnTrieDataLength,
		s_coll_smnTrieHighStart, s_coll_smnTrieHighValueIndex},
	s_coll_smnCe32s, 170,
	s_coll_smnCes, 44,
	s_coll_smnContexts, 532,
	&s_collRootData,
	s_collRootCe32s + s_collRootJamoCe32sStart,
	s_coll_smnNumericPrimary,
	s_collRootCompressible,
	s_collRootUnsafeBwd, s_collRootUnsafeBwdLength,
	s_coll_smnFastLatin, 516,
	s_coll_smnFastLatinPrimaries,
	s_collRootNumScripts, s_collRootScripts + 1, s_collRootScripts + s_collRootScriptStartsOffset,
		s_collRootScriptStartsLength,
};

static constexpr CollationData s_coll_svData = {
	{s_coll_svTrieIndex, s_coll_svTrieData, s_coll_svTrieIndexLength, s_coll_svTrieDataLength,
		s_coll_svTrieHighStart, s_coll_svTrieHighValueIndex},
	s_coll_svCe32s, 132,
	s_coll_svCes, 106,
	s_coll_svContexts, 358,
	&s_collRootData,
	s_collRootCe32s + s_collRootJamoCe32sStart,
	s_coll_svNumericPrimary,
	s_collRootCompressible,
	s_collRootUnsafeBwd, s_collRootUnsafeBwdLength,
	s_coll_svFastLatin, 500,
	s_coll_svFastLatinPrimaries,
	s_collRootNumScripts, s_collRootScripts + 1, s_collRootScripts + s_collRootScriptStartsOffset,
		s_collRootScriptStartsLength,
};

static constexpr CollationData s_coll_etData = {
	{s_coll_etTrieIndex, s_coll_etTrieData, s_coll_etTrieIndexLength, s_coll_etTrieDataLength,
		s_coll_etTrieHighStart, s_coll_etTrieHighValueIndex},
	s_coll_etCe32s, 187,
	s_collRootCes, 2041,
	s_coll_etContexts, 335,
	&s_collRootData,
	s_collRootCe32s + s_collRootJamoCe32sStart,
	s_coll_etNumericPrimary,
	s_collRootCompressible,
	s_collRootUnsafeBwd, s_collRootUnsafeBwdLength,
	s_coll_etFastLatin, 512,
	s_coll_etFastLatinPrimaries,
	s_collRootNumScripts, s_collRootScripts + 1, s_collRootScripts + s_collRootScriptStartsOffset,
		s_collRootScriptStartsLength,
};

static constexpr CollationData s_coll_afData = {
	{s_coll_afTrieIndex, s_coll_afTrieData, s_coll_afTrieIndexLength, s_coll_afTrieDataLength,
		s_coll_afTrieHighStart, s_coll_afTrieHighValueIndex},
	s_coll_afCe32s, 17,
	s_collRootCes, 2041,
	s_collRootContexts, 4619,
	&s_collRootData,
	s_collRootCe32s + s_collRootJamoCe32sStart,
	s_coll_afNumericPrimary,
	s_collRootCompressible,
	s_collRootUnsafeBwd, s_collRootUnsafeBwdLength,
	s_coll_afFastLatin, 478,
	s_coll_afFastLatinPrimaries,
	s_collRootNumScripts, s_collRootScripts + 1, s_collRootScripts + s_collRootScriptStartsOffset,
		s_collRootScriptStartsLength,
};

static constexpr CollationData s_coll_fyData = {
	{s_coll_fyTrieIndex, s_coll_fyTrieData, s_coll_fyTrieIndexLength, s_coll_fyTrieDataLength,
		s_coll_fyTrieHighStart, s_coll_fyTrieHighValueIndex},
	s_coll_fyCe32s, 55,
	s_collRootCes, 2041,
	s_collRootContexts, 4619,
	&s_collRootData,
	s_collRootCe32s + s_collRootJamoCe32sStart,
	s_coll_fyNumericPrimary,
	s_collRootCompressible,
	s_collRootUnsafeBwd, s_collRootUnsafeBwdLength,
	s_coll_fyFastLatin, 492,
	s_coll_fyFastLatinPrimaries,
	s_collRootNumScripts, s_collRootScripts + 1, s_collRootScripts + s_collRootScriptStartsOffset,
		s_collRootScriptStartsLength,
};

static constexpr CollationData s_coll_dsbData = {
	{s_coll_dsbTrieIndex, s_coll_dsbTrieData, s_coll_dsbTrieIndexLength, s_coll_dsbTrieDataLength,
		s_coll_dsbTrieHighStart, s_coll_dsbTrieHighValueIndex},
	s_coll_dsbCe32s, 181,
	s_collRootCes, 2041,
	s_coll_dsbContexts, 583,
	&s_collRootData,
	s_collRootCe32s + s_collRootJamoCe32sStart,
	s_coll_dsbNumericPrimary,
	s_collRootCompressible,
	s_coll_dsbUnsafeBwd, s_coll_dsbUnsafeBwdLength,
	s_coll_dsbFastLatin, 540,
	s_coll_dsbFastLatinPrimaries,
	s_collRootNumScripts, s_collRootScripts + 1, s_collRootScripts + s_collRootScriptStartsOffset,
		s_collRootScriptStartsLength,
};

static constexpr CollationData s_coll_hsbData = {
	{s_coll_hsbTrieIndex, s_coll_hsbTrieData, s_coll_hsbTrieIndexLength, s_coll_hsbTrieDataLength,
		s_coll_hsbTrieHighStart, s_coll_hsbTrieHighValueIndex},
	s_coll_hsbCe32s, 149,
	s_collRootCes, 2041,
	s_coll_hsbContexts, 411,
	&s_collRootData,
	s_collRootCe32s + s_collRootJamoCe32sStart,
	s_coll_hsbNumericPrimary,
	s_collRootCompressible,
	s_coll_hsbUnsafeBwd, s_coll_hsbUnsafeBwdLength,
	s_coll_hsbFastLatin, 532,
	s_coll_hsbFastLatinPrimaries,
	s_collRootNumScripts, s_collRootScripts + 1, s_collRootScripts + s_collRootScriptStartsOffset,
		s_collRootScriptStartsLength,
};

static constexpr CollationTailoring s_coll_daTailoring = {
	&s_coll_daData,
	s_coll_daOptions,
	nullptr,
	nullptr, 0, 0,
};

static constexpr CollationTailoring s_coll_foTailoring = {
	&s_coll_foData,
	s_coll_foOptions,
	nullptr,
	nullptr, 0, 0,
};

static constexpr CollationTailoring s_coll_fiTailoring = {
	&s_coll_fiData,
	s_coll_fiOptions,
	nullptr,
	nullptr, 0, 0,
};

static constexpr CollationTailoring s_coll_isTailoring = {
	&s_coll_isData,
	s_coll_isOptions,
	nullptr,
	nullptr, 0, 0,
};

static constexpr CollationTailoring s_coll_klTailoring = {
	&s_coll_klData,
	s_coll_klOptions,
	nullptr,
	nullptr, 0, 0,
};

static constexpr CollationTailoring s_coll_noTailoring = {
	&s_coll_noData,
	s_coll_noOptions,
	nullptr,
	nullptr, 0, 0,
};

static constexpr CollationTailoring s_coll_seTailoring = {
	&s_coll_seData,
	s_coll_seOptions,
	nullptr,
	nullptr, 0, 0,
};

static constexpr CollationTailoring s_coll_smnTailoring = {
	&s_coll_smnData,
	s_coll_smnOptions,
	nullptr,
	nullptr, 0, 0,
};

static constexpr CollationTailoring s_coll_svTailoring = {
	&s_coll_svData,
	s_coll_svOptions,
	nullptr,
	nullptr, 0, 0,
};

static constexpr CollationTailoring s_coll_etTailoring = {
	&s_coll_etData,
	s_coll_etOptions,
	nullptr,
	nullptr, 0, 0,
};

static constexpr CollationTailoring s_coll_afTailoring = {
	&s_coll_afData,
	s_coll_afOptions,
	nullptr,
	nullptr, 0, 0,
};

static constexpr CollationTailoring s_coll_fyTailoring = {
	&s_coll_fyData,
	s_coll_fyOptions,
	nullptr,
	nullptr, 0, 0,
};

static constexpr CollationTailoring s_coll_dsbTailoring = {
	&s_coll_dsbData,
	s_coll_dsbOptions,
	nullptr,
	nullptr, 0, 0,
};

static constexpr CollationTailoring s_coll_hsbTailoring = {
	&s_coll_hsbData,
	s_coll_hsbOptions,
	nullptr,
	nullptr, 0, 0,
};

} // namespace sprt::unicode::detail
