/**
 Copyright (c) 2026 Xenolith Team <admin@xenolith.studio>

 Permission is hereby granted, free of charge, to any person obtaining a copy
 of this software and associated documentation files (the "Software"), to deal
 in the Software without restriction, including without limitation the rights
 to use, copy, modify, merge, publish, distribute, sublicense, and/or sell
 copies of the Software, and to permit persons to whom the Software is
 furnished to do so, subject to the following conditions:

 The above copyright notice and this permission notice shall be included in
 all copies or substantial portions of the Software.

 THE SOFTWARE IS PROVIDED "AS IS", WITHOUT WARRANTY OF ANY KIND, EXPRESS OR
 IMPLIED, INCLUDING BUT NOT LIMITED TO THE WARRANTIES OF MERCHANTABILITY,
 FITNESS FOR A PARTICULAR PURPOSE AND NONINFRINGEMENT. IN NO EVENT SHALL THE
 AUTHORS OR COPYRIGHT HOLDERS BE LIABLE FOR ANY CLAIM, DAMAGES OR OTHER
 LIABILITY, WHETHER IN AN ACTION OF CONTRACT, TORT OR OTHERWISE, ARISING FROM,
 OUT OF OR IN CONNECTION WITH THE SOFTWARE OR THE USE OR OTHER DEALINGS IN
 THE SOFTWARE.
 **/

// © 2016 and later: Unicode, Inc. and others.
// License & terms of use: http://www.unicode.org/copyright.html
// Copyright (C) 1999-2016, International Business Machines Corporation and others.
// All Rights Reserved.
//
// GENERATED FILE - do not edit.  Produced by
// runtime/src/unicode/data/gen-collation-tables.py from the icu4c checkout in
// runtime/toolchains/src/icu4c.  See data/README.adoc to regenerate.

// Collation tailorings: Latin, Africa, the Pacific and South-East Asia.
//
// Each of these sits on top of the root table: its trie answers with
// FallbackCE32 for every character the language does not move, and the
// engine follows the base from there.

///@ SP_EXCLUDE

#pragma once

namespace sprt::unicode::detail {

static constexpr uint16_t s_coll_bloTrieIndex[2112] = {
	0x0, 0x8, 0x10, 0x18, 0x30, 0x38, 0x40, 0x48, 0x30, 0x38, 0x50, 0x58, 0x5d, 0x65, 0x66, 0x6e,
	0x30, 0x38, 0x30, 0x38, 0x30, 0x38, 0x30, 0x38, 0x30, 0x38, 0x30, 0x38, 0x30, 0x38, 0x30, 0x38,
	0x30, 0x38, 0x30, 0x38, 0x30, 0x38, 0x30, 0x38, 0x30, 0x38, 0x30, 0x38, 0x30, 0x38, 0x30, 0x38,
	0x30, 0x38, 0x30, 0x38, 0x30, 0x38, 0x30, 0x38, 0x30, 0x38, 0x30, 0x38, 0x30, 0x38, 0x30, 0x38,
	0x30, 0x30, 0x30, 0x30, 0x30, 0x30, 0x30, 0x30, 0x30, 0x30, 0x30, 0x30, 0x30, 0x30, 0x30, 0x30,
	0x30, 0x30, 0x30, 0x30, 0x30, 0x30, 0x30, 0x30, 0x30, 0x30, 0x30, 0x30, 0x30, 0x30, 0x30, 0x30,
	0x30, 0x30, 0x30, 0x30, 0x30, 0x30, 0x30, 0x30, 0x30, 0x30, 0x30, 0x30, 0x30, 0x30, 0x30, 0x30,
	0x30, 0x30, 0x30, 0x30, 0x30, 0x30, 0x30, 0x30, 0x30, 0x30, 0x30, 0x30, 0x30, 0x30, 0x30, 0x30,
	0x30, 0x30, 0x30, 0x30, 0x30, 0x30, 0x30, 0x30, 0x30, 0x30, 0x30, 0x30, 0x30, 0x30, 0x30, 0x30,
	0x30, 0x30, 0x30, 0x30, 0x30, 0x30, 0x30, 0x30, 0x30, 0x30, 0x30, 0x30, 0x30, 0x30, 0x30, 0x30,
	0x30, 0x30, 0x30, 0x30, 0x30, 0x30, 0x30, 0x30, 0x30, 0x30, 0x30, 0x30, 0x30, 0x30, 0x30, 0x30,
	0x30, 0x30, 0x30, 0x30, 0x30, 0x30, 0x30, 0x30, 0x30, 0x30, 0x30, 0x30, 0x30, 0x30, 0x30, 0x30,
	0x30, 0x30, 0x30, 0x30, 0x30, 0x30, 0x30, 0x30, 0x30, 0x30, 0x30, 0x30, 0x30, 0x30, 0x30, 0x30,
	0x30, 0x30, 0x30, 0x30, 0x30, 0x30, 0x30, 0x30, 0x30, 0x30, 0x30, 0x30, 0x30, 0x30, 0x30, 0x30,
	0x30, 0x30, 0x30, 0x30, 0x30, 0x30, 0x30, 0x30, 0x30, 0x30, 0x30, 0x30, 0x30, 0x30, 0x30, 0x30,
	0x30, 0x30, 0x30, 0x30, 0x30, 0x30, 0x30, 0x30, 0x30, 0x30, 0x30, 0x30, 0x30, 0x30, 0x30, 0x30,
	0x30, 0x30, 0x30, 0x30, 0x30, 0x30, 0x30, 0x30, 0x30, 0x84, 0x30, 0x30, 0x30, 0x30, 0x30, 0x30,
	0x30, 0x30, 0x30, 0x30, 0x30, 0x30, 0x30, 0x30, 0x30, 0x30, 0x30, 0x30, 0x30, 0x30, 0x30, 0x30,
	0x30, 0x30, 0x30, 0x30, 0x30, 0x30, 0x30, 0x30, 0x30, 0x30, 0x30, 0x30, 0x30, 0x30, 0x30, 0x30,
	0x30, 0x30, 0x30, 0x30, 0x30, 0x30, 0x30, 0x30, 0x30, 0x30, 0x30, 0x30, 0x30, 0x30, 0x30, 0x30,
	0x30, 0x30, 0x30, 0x30, 0x30, 0x30, 0x30, 0x30, 0x30, 0x30, 0x30, 0x30, 0x30, 0x30, 0x30, 0x30,
	0x30, 0x30, 0x30, 0x30, 0x30, 0x30, 0x30, 0x30, 0x30, 0x30, 0x30, 0x30, 0x30, 0x30, 0x30, 0x30,
	0x30, 0x30, 0x30, 0x30, 0x30, 0x30, 0x30, 0x30, 0x30, 0x30, 0x30, 0x30, 0x30, 0x30, 0x30, 0x30,
	0x30, 0x30, 0x30, 0x30, 0x30, 0x30, 0x30, 0x30, 0x30, 0x30, 0x30, 0x30, 0x30, 0x30, 0x30, 0x30,
	0x30, 0x30, 0x30, 0x30, 0x30, 0x30, 0x30, 0x30, 0x30, 0x30, 0x30, 0x30, 0x30, 0x30, 0x30, 0x30,
	0x30, 0x30, 0x30, 0x30, 0x30, 0x30, 0x30, 0x30, 0x30, 0x30, 0x30, 0x30, 0x30, 0x30, 0x30, 0x30,
	0x30, 0x30, 0x30, 0x30, 0x30, 0x30, 0x30, 0x30, 0x30, 0x30, 0x30, 0x30, 0x30, 0x30, 0x30, 0x30,
	0x30, 0x30, 0x30, 0x30, 0x30, 0x30, 0x30, 0x30, 0x30, 0x30, 0x30, 0x30, 0x30, 0x30, 0x30, 0x30,
	0x30, 0x30, 0x30, 0x30, 0x30, 0x30, 0x30, 0x30, 0x30, 0x30, 0x30, 0x30, 0x30, 0x30, 0x30, 0x30,
	0x30, 0x30, 0x30, 0x30, 0x30, 0x30, 0x30, 0x30, 0x30, 0x30, 0x30, 0x30, 0x30, 0x30, 0x30, 0x30,
	0x30, 0x30, 0x30, 0x30, 0x30, 0x30, 0x30, 0x30, 0x30, 0x30, 0x30, 0x30, 0x30, 0x30, 0x30, 0x30,
	0x30, 0x30, 0x30, 0x30, 0x30, 0x30, 0x30, 0x30, 0x30, 0x30, 0x30, 0x30, 0x30, 0x30, 0x30, 0x30,
	0x30, 0x30, 0x30, 0x30, 0x30, 0x30, 0x30, 0x30, 0x30, 0x30, 0x30, 0x30, 0x30, 0x30, 0x30, 0x30,
	0x30, 0x30, 0x30, 0x30, 0x30, 0x30, 0x30, 0x30, 0x30, 0x30, 0x30, 0x30, 0x30, 0x30, 0x30, 0x30,
	0x30, 0x30, 0x30, 0x30, 0x30, 0x30, 0x30, 0x30, 0x30, 0x30, 0x30, 0x30, 0x30, 0x30, 0x30, 0x30,
	0x30, 0x30, 0x30, 0x30, 0x30, 0x30, 0x30, 0x30, 0x30, 0x30, 0x30, 0x30, 0x30, 0x30, 0x30, 0x30,
	0x30, 0x30, 0x30, 0x30, 0x30, 0x30, 0x30, 0x30, 0x30, 0x30, 0x30, 0x30, 0x30, 0x30, 0x30, 0x30,
	0x30, 0x30, 0x30, 0x30, 0x30, 0x30, 0x30, 0x30, 0x30, 0x30, 0x30, 0x30, 0x30, 0x30, 0x30, 0x30,
	0x30, 0x30, 0x30, 0x30, 0x30, 0x30, 0x30, 0x30, 0x30, 0x30, 0x30, 0x30, 0x30, 0x30, 0x30, 0x30,
	0x30, 0x30, 0x30, 0x30, 0x30, 0x30, 0x30, 0x30, 0x30, 0x30, 0x30, 0x30, 0x30, 0x30, 0x30, 0x30,
	0x30, 0x30, 0x30, 0x30, 0x30, 0x30, 0x30, 0x30, 0x30, 0x30, 0x30, 0x30, 0x30, 0x30, 0x30, 0x30,
	0x30, 0x30, 0x30, 0x30, 0x30, 0x30, 0x30, 0x30, 0x30, 0x30, 0x30, 0x30, 0x30, 0x30, 0x30, 0x30,
	0x30, 0x30, 0x30, 0x30, 0x30, 0x30, 0x30, 0x30, 0x30, 0x30, 0x30, 0x30, 0x30, 0x30, 0x30, 0x30,
	0x30, 0x30, 0x30, 0x30, 0x30, 0x30, 0x30, 0x30, 0x30, 0x30, 0x30, 0x30, 0x30, 0x30, 0x30, 0x30,
	0x30, 0x30, 0x30, 0x30, 0x30, 0x30, 0x30, 0x30, 0x30, 0x30, 0x30, 0x30, 0x30, 0x30, 0x30, 0x30,
	0x30, 0x30, 0x30, 0x30, 0x30, 0x30, 0x30, 0x30, 0x30, 0x30, 0x30, 0x30, 0x30, 0x30, 0x30, 0x30,
	0x30, 0x30, 0x30, 0x30, 0x30, 0x30, 0x30, 0x30, 0x30, 0x30, 0x30, 0x30, 0x30, 0x30, 0x30, 0x30,
	0x30, 0x30, 0x30, 0x30, 0x30, 0x30, 0x30, 0x30, 0x30, 0x30, 0x30, 0x30, 0x30, 0x30, 0x30, 0x30,
	0x30, 0x30, 0x30, 0x30, 0x30, 0x30, 0x30, 0x30, 0x30, 0x30, 0x30, 0x30, 0x30, 0x30, 0x30, 0x30,
	0x30, 0x30, 0x30, 0x30, 0x30, 0x30, 0x30, 0x30, 0x30, 0x30, 0x30, 0x30, 0x30, 0x30, 0x30, 0x30,
	0x30, 0x30, 0x30, 0x30, 0x30, 0x30, 0x30, 0x30, 0x30, 0x30, 0x30, 0x30, 0x30, 0x30, 0x30, 0x30,
	0x30, 0x30, 0x30, 0x30, 0x30, 0x30, 0x30, 0x30, 0x30, 0x30, 0x30, 0x30, 0x30, 0x30, 0x30, 0x30,
	0x30, 0x30, 0x30, 0x30, 0x30, 0x30, 0x30, 0x30, 0x30, 0x30, 0x30, 0x30, 0x30, 0x30, 0x30, 0x30,
	0x30, 0x30, 0x30, 0x30, 0x30, 0x30, 0x30, 0x30, 0x30, 0x30, 0x30, 0x30, 0x30, 0x30, 0x30, 0x30,
	0x30, 0x30, 0x30, 0x30, 0x30, 0x30, 0x30, 0x30, 0x30, 0x30, 0x30, 0x30, 0x30, 0x30, 0x30, 0x30,
	0x30, 0x30, 0x30, 0x30, 0x30, 0x30, 0x30, 0x30, 0x30, 0x30, 0x30, 0x30, 0x30, 0x30, 0x30, 0x30,
	0x30, 0x30, 0x30, 0x30, 0x30, 0x30, 0x30, 0x30, 0x30, 0x30, 0x30, 0x30, 0x30, 0x30, 0x30, 0x30,
	0x30, 0x30, 0x30, 0x30, 0x30, 0x30, 0x30, 0x30, 0x30, 0x30, 0x30, 0x30, 0x30, 0x30, 0x30, 0x30,
	0x30, 0x30, 0x30, 0x30, 0x30, 0x30, 0x30, 0x30, 0x30, 0x30, 0x30, 0x30, 0x30, 0x30, 0x30, 0x30,
	0x30, 0x30, 0x30, 0x30, 0x30, 0x30, 0x30, 0x30, 0x30, 0x30, 0x30, 0x30, 0x30, 0x30, 0x30, 0x30,
	0x30, 0x30, 0x30, 0x30, 0x30, 0x30, 0x30, 0x30, 0x30, 0x30, 0x30, 0x30, 0x30, 0x30, 0x30, 0x30,
	0x30, 0x30, 0x30, 0x30, 0x30, 0x30, 0x30, 0x30, 0x30, 0x30, 0x30, 0x30, 0x30, 0x30, 0x30, 0x30,
	0x30, 0x30, 0x30, 0x30, 0x30, 0x30, 0x30, 0x30, 0x30, 0x30, 0x30, 0x30, 0x30, 0x30, 0x30, 0x30,
	0x30, 0x30, 0x30, 0x30, 0x30, 0x30, 0x30, 0x30, 0x30, 0x30, 0x30, 0x30, 0x30, 0x30, 0x30, 0x30,
	0x30, 0x30, 0x30, 0x30, 0x30, 0x30, 0x30, 0x30, 0x30, 0x30, 0x30, 0x30, 0x30, 0x30, 0x30, 0x30,
	0x30, 0x30, 0x30, 0x30, 0x30, 0x30, 0x30, 0x30, 0x30, 0x30, 0x30, 0x30, 0x30, 0x30, 0x30, 0x30,
	0x30, 0x30, 0x30, 0x30, 0x30, 0x30, 0x30, 0x30, 0x30, 0x30, 0x30, 0x30, 0x30, 0x30, 0x30, 0x30,
	0x30, 0x30, 0x30, 0x30, 0x30, 0x30, 0x30, 0x30, 0x30, 0x30, 0x30, 0x30, 0x30, 0x30, 0x30, 0x30,
	0x30, 0x30, 0x30, 0x30, 0x30, 0x30, 0x30, 0x30, 0x30, 0x30, 0x30, 0x30, 0x30, 0x30, 0x30, 0x30,
	0x30, 0x30, 0x30, 0x30, 0x30, 0x30, 0x30, 0x30, 0x30, 0x30, 0x30, 0x30, 0x30, 0x30, 0x30, 0x30,
	0x30, 0x30, 0x30, 0x30, 0x30, 0x30, 0x30, 0x30, 0x30, 0x30, 0x30, 0x30, 0x30, 0x30, 0x30, 0x30,
	0x30, 0x30, 0x30, 0x30, 0x30, 0x30, 0x30, 0x30, 0x30, 0x30, 0x30, 0x30, 0x30, 0x30, 0x30, 0x30,
	0x30, 0x30, 0x30, 0x30, 0x30, 0x30, 0x30, 0x30, 0x30, 0x30, 0x30, 0x30, 0x30, 0x30, 0x30, 0x30,
	0x30, 0x30, 0x30, 0x30, 0x30, 0x30, 0x30, 0x30, 0x30, 0x30, 0x30, 0x30, 0x30, 0x30, 0x30, 0x30,
	0x30, 0x30, 0x30, 0x30, 0x30, 0x30, 0x30, 0x30, 0x30, 0x30, 0x30, 0x30, 0x30, 0x30, 0x30, 0x30,
	0x30, 0x30, 0x30, 0x30, 0x30, 0x30, 0x30, 0x30, 0x30, 0x30, 0x30, 0x30, 0x30, 0x30, 0x30, 0x30,
	0x30, 0x30, 0x30, 0x30, 0x30, 0x30, 0x30, 0x30, 0x30, 0x30, 0x30, 0x30, 0x30, 0x30, 0x30, 0x30,
	0x30, 0x30, 0x30, 0x30, 0x30, 0x30, 0x30, 0x30, 0x30, 0x30, 0x30, 0x30, 0x30, 0x30, 0x30, 0x30,
	0x30, 0x30, 0x30, 0x30, 0x30, 0x30, 0x30, 0x30, 0x30, 0x30, 0x30, 0x30, 0x30, 0x30, 0x30, 0x30,
	0x30, 0x30, 0x30, 0x30, 0x30, 0x30, 0x30, 0x30, 0x30, 0x30, 0x30, 0x30, 0x30, 0x30, 0x30, 0x30,
	0x30, 0x30, 0x30, 0x30, 0x30, 0x30, 0x30, 0x30, 0x30, 0x30, 0x30, 0x30, 0x30, 0x30, 0x30, 0x30,
	0x30, 0x30, 0x30, 0x30, 0x30, 0x30, 0x30, 0x30, 0x30, 0x30, 0x30, 0x30, 0x30, 0x30, 0x30, 0x30,
	0x30, 0x30, 0x30, 0x30, 0x30, 0x30, 0x30, 0x30, 0x30, 0x30, 0x30, 0x30, 0x30, 0x30, 0x30, 0x30,
	0x30, 0x30, 0x30, 0x30, 0x30, 0x30, 0x30, 0x30, 0x30, 0x30, 0x30, 0x30, 0x30, 0x30, 0x30, 0x30,
	0x30, 0x30, 0x30, 0x30, 0x30, 0x30, 0x30, 0x30, 0x30, 0x30, 0x30, 0x30, 0x30, 0x30, 0x30, 0x30,
	0x30, 0x30, 0x30, 0x30, 0x30, 0x30, 0x30, 0x30, 0x30, 0x30, 0x30, 0x30, 0x30, 0x30, 0x30, 0x30,
	0x8c, 0x8c, 0x8c, 0x8c, 0x8c, 0x8c, 0x8c, 0x8c, 0x8c, 0x8c, 0x8c, 0x8c, 0x8c, 0x8c, 0x8c, 0x8c,
	0x8c, 0x8c, 0x8c, 0x8c, 0x8c, 0x8c, 0x8c, 0x8c, 0x8c, 0x8c, 0x8c, 0x8c, 0x8c, 0x8c, 0x8c, 0x8c,
	0x8c, 0x8c, 0x8c, 0x8c, 0x8c, 0x8c, 0x8c, 0x8c, 0x8c, 0x8c, 0x8c, 0x8c, 0x8c, 0x8c, 0x8c, 0x8c,
	0x8c, 0x8c, 0x8c, 0x8c, 0x8c, 0x8c, 0x8c, 0x8c, 0x8c, 0x8c, 0x8c, 0x8c, 0x8c, 0x8c, 0x8c, 0x8c,
	0x8c, 0x8c, 0x8c, 0x8c, 0x8c, 0x8c, 0x8c, 0x8c, 0x8c, 0x8c, 0x8c, 0x8c, 0x8c, 0x8c, 0x8c, 0x8c,
	0x8c, 0x8c, 0x8c, 0x8c, 0x8c, 0x8c, 0x8c, 0x8c, 0x8c, 0x8c, 0x8c, 0x8c, 0x8c, 0x8c, 0x8c, 0x8c,
	0x8c, 0x8c, 0x8c, 0x8c, 0x8c, 0x8c, 0x8c, 0x8c, 0x8c, 0x8c, 0x8c, 0x8c, 0x8c, 0x8c, 0x8c, 0x8c,
	0x8c, 0x8c, 0x8c, 0x8c, 0x8c, 0x8c, 0x8c, 0x8c, 0x8c, 0x8c, 0x8c, 0x8c, 0x8c, 0x8c, 0x8c, 0x8c,
	0x8c, 0x8c, 0x8c, 0x8c, 0x8c, 0x8c, 0x8c, 0x8c, 0x8c, 0x8c, 0x8c, 0x8c, 0x8c, 0x8c, 0x8c, 0x8c,
	0x8c, 0x8c, 0x8c, 0x8c, 0x8c, 0x8c, 0x8c, 0x8c, 0x8c, 0x8c, 0x8c, 0x8c, 0x8c, 0x8c, 0x8c, 0x8c,
	0x8c, 0x8c, 0x8c, 0x8c, 0x8c, 0x8c, 0x8c, 0x8c, 0x8c, 0x8c, 0x8c, 0x8c, 0x8c, 0x8c, 0x8c, 0x8c,
	0x8c, 0x8c, 0x8c, 0x8c, 0x8c, 0x8c, 0x8c, 0x8c, 0x8c, 0x8c, 0x8c, 0x8c, 0x8c, 0x8c, 0x8c, 0x8c,
	0x8c, 0x8c, 0x8c, 0x8c, 0x8c, 0x8c, 0x8c, 0x8c, 0x8c, 0x8c, 0x8c, 0x8c, 0x8c, 0x8c, 0x8c, 0x8c,
	0x8c, 0x8c, 0x8c, 0x8c, 0x8c, 0x8c, 0x8c, 0x8c, 0x8c, 0x8c, 0x8c, 0x8c, 0x8c, 0x8c, 0x8c, 0x8c,
	0x8c, 0x8c, 0x8c, 0x8c, 0x8c, 0x8c, 0x8c, 0x8c, 0x8c, 0x8c, 0x8c, 0x8c, 0x8c, 0x8c, 0x8c, 0x8c,
	0x8c, 0x8c, 0x8c, 0x8c, 0x8c, 0x8c, 0x8c, 0x8c, 0x8c, 0x8c, 0x8c, 0x8c, 0x8c, 0x8c, 0x8c, 0x8c,
	0x8c, 0x8c, 0x8c, 0x8c, 0x8c, 0x8c, 0x8c, 0x8c, 0x8c, 0x8c, 0x8c, 0x8c, 0x8c, 0x8c, 0x8c, 0x8c,
	0x8c, 0x8c, 0x8c, 0x8c, 0x8c, 0x8c, 0x8c, 0x8c, 0x8c, 0x8c, 0x8c, 0x8c, 0x8c, 0x8c, 0x8c, 0x8c,
	0x8c, 0x8c, 0x8c, 0x8c, 0x8c, 0x8c, 0x8c, 0x8c, 0x8c, 0x8c, 0x8c, 0x8c, 0x8c, 0x8c, 0x8c, 0x8c,
	0x8c, 0x8c, 0x8c, 0x8c, 0x8c, 0x8c, 0x8c, 0x8c, 0x8c, 0x8c, 0x8c, 0x8c, 0x8c, 0x8c, 0x8c, 0x8c,
	0x8c, 0x8c, 0x8c, 0x8c, 0x8c, 0x8c, 0x8c, 0x8c, 0x8c, 0x8c, 0x8c, 0x8c, 0x8c, 0x8c, 0x8c, 0x8c,
	0x8c, 0x8c, 0x8c, 0x8c, 0x8c, 0x8c, 0x8c, 0x8c, 0x8c, 0x8c, 0x8c, 0x8c, 0x8c, 0x7e, 0x30, 0x30,
	0x76, 0x76, 0x76, 0x76, 0x76, 0x76, 0x76, 0x76, 0x76, 0x76, 0x76, 0x76, 0x76, 0x76, 0x76, 0x76,
	0x76, 0x76, 0x76, 0x76, 0x76, 0x76, 0x76, 0x76, 0x76, 0x76, 0x76, 0x76, 0x76, 0x76, 0x76, 0x76,
	0x30, 0x30, 0x30, 0x30, 0x30, 0x30, 0x30, 0x30, 0x30, 0x30, 0x30, 0x30, 0x30, 0x30, 0x30, 0x30,
	0x30, 0x30, 0x30, 0x30, 0x30, 0x30, 0x30, 0x30, 0x30, 0x30, 0x30, 0x30, 0x30, 0x30, 0x30, 0x30,
	0x30, 0x30, 0x30, 0x30, 0x30, 0x30, 0x30, 0x30, 0x30, 0x30, 0x30, 0x30, 0x30, 0x30, 0x30, 0x30,
	0x30, 0x30, 0x30, 0x30, 0x30, 0x30, 0x30, 0x30, 0x30, 0x30, 0x30, 0x30, 0x30, 0x30, 0x30, 0x30,
	0x30, 0x30, 0x30, 0x30, 0x30, 0x30, 0x30, 0x30, 0x30, 0x30, 0x30, 0x30, 0x30, 0x30, 0x30, 0x30,
	0x30, 0x30, 0x30, 0x30, 0x30, 0x30, 0x30, 0x30, 0x30, 0x30, 0x30, 0x30, 0x30, 0x30, 0x30, 0x30,
	0x30, 0x30, 0x30, 0x30, 0x30, 0x30, 0x30, 0x30, 0x30, 0x30, 0x30, 0x30, 0x30, 0x30, 0x30, 0x30,
	0x30, 0x30, 0x30, 0x30, 0x30, 0x30, 0x30, 0x30, 0x30, 0x30, 0x30, 0x30, 0x30, 0x30, 0x30, 0x30,
	0x30, 0x30, 0x30, 0x30, 0x30, 0x30, 0x30, 0x30, 0x30, 0x30, 0x30, 0x30, 0x30, 0x30, 0x30, 0x30,
	0x30, 0x30, 0x30, 0x30, 0x30, 0x30, 0x30, 0x30, 0x30, 0x30, 0x30, 0x30, 0x30, 0x30, 0x30, 0x30,
	0x30, 0x30, 0x30, 0x30, 0x30, 0x30, 0x30, 0x30, 0x30, 0x30, 0x30, 0x30, 0x30, 0x30, 0x30, 0x30,
	0x30, 0x30, 0x30, 0x30, 0x30, 0x30, 0x30, 0x30, 0x30, 0x30, 0x30, 0x30, 0x30, 0x30, 0x30, 0x30,
	0x30, 0x30, 0x30, 0x30, 0x30, 0x30, 0x30, 0x30, 0x30, 0x30, 0x30, 0x30, 0x30, 0x30, 0x30, 0x30,
	0x30, 0x30, 0x30, 0x30, 0x30, 0x30, 0x30, 0x30, 0x30, 0x30, 0x30, 0x30, 0x30, 0x30, 0x30, 0x30,
	0x30, 0x30, 0x30, 0x30, 0x30, 0x30, 0x30, 0x30, 0x30, 0x30, 0x30, 0x30, 0x30, 0x30, 0x30, 0x30,
	0x30, 0x30, 0x30, 0x30, 0x30, 0x30, 0x30, 0x30, 0x30, 0x30, 0x30, 0x30, 0x30, 0x30, 0x30, 0x30,
	0x30, 0x30, 0x30, 0x30, 0x30, 0x30, 0x30, 0x30, 0x30, 0x30, 0x30, 0x30, 0x30, 0x30, 0x30, 0x30,
	0x30, 0x30, 0x30, 0x30, 0x30, 0x30, 0x30, 0x30, 0x30, 0x30, 0x30, 0x30, 0x30, 0x30, 0x30, 0x30,
	0x30, 0x30, 0x30, 0x30, 0x30, 0x30, 0x30, 0x30, 0x30, 0x30, 0x30, 0x30, 0x30, 0x30, 0x30, 0x30,
	0x30, 0x30, 0x30, 0x30, 0x30, 0x30, 0x30, 0x30, 0x30, 0x30, 0x30, 0x30, 0x30, 0x30, 0x30, 0x30,
	0x80, 0x80, 0xc0, 0x100, 0xc0, 0x140, 0x174, 0x198, 0xc0, 0xc0, 0xc0, 0xc0, 0xc0, 0xc0, 0xc0, 0xc0,
	0xc0, 0xc0, 0xc0, 0xc0, 0xc0, 0xc0, 0xc0, 0xc0, 0xc0, 0xc0, 0xc0, 0xc0, 0xc0, 0xc0, 0xc0, 0xc0
};

static constexpr uint32_t s_coll_bloTrieData[596] = {
	0xcb, 0x0, 0x0, 0x0, 0x0, 0x0, 0x0, 0x0,
	0x0, 0x3040505, 0x3060505, 0x3080505, 0x30a0505, 0x30c0505, 0x0, 0x0,
	0x0, 0x0, 0x0, 0x0, 0x0, 0x0, 0x0, 0x0,
	0x0, 0x0, 0x0, 0x0, 0x0, 0x0, 0x0, 0x0,
	0x4000505, 0x75a0505, 0x9760505, 0xa940505, 0xda90505, 0xa960505, 0xa8e0505, 0x9700505,
	0x97c0505, 0x97e0505, 0xa7e0505, 0xc7b0505, 0x6000505, 0x50e0505, 0x8000505, 0xa880505,
	0x13e0ca, 0x1401ca, 0x1422ca, 0x1443ca, 0x1464ca, 0x1485ca, 0x14a6ca, 0x14c7ca,
	0x14e8ca, 0x1509ca, 0x7360505, 0x72a0505, 0xc850505, 0xc870505, 0xc890505, 0x7640505,
	0xa7c0505, 0x2b00059c, 0x2d00059c, 0x2f00059c, 0x3100059c, 0x3300059c, 0x3500059c, 0xc9,
	0x3900059c, 0x3b00059c, 0x3d00059c, 0x380c9, 0x4100059c, 0x4300059c, 0x6a0c9, 0x4700059c,
	0x4900059c, 0x4b00059c, 0x4d00059c, 0x1020c9, 0x5100059c, 0x5300059c, 0x5500059c, 0x570005a0,
	0x5900059c, 0x5b00059c, 0x5d00059c, 0x9800505, 0xa8a0505, 0x9820505, 0xc0a0505, 0x50a0505,
	0xc040505, 0x2b000505, 0x2d000505, 0x2f000505, 0x31000505, 0x33000505, 0x35000505, 0x17e0c9,
	0x39000505, 0x3b000505, 0x3d000505, 0x19c0c9, 0x41000505, 0x43000505, 0x1b60c9, 0x47000505,
	0x49000505, 0x4b000505, 0x4d000505, 0x2080c9, 0x51000505, 0x53000505, 0x55000505, 0x57000505,
	0x59000505, 0x5b000505, 0x5d000505, 0x9840505, 0xc8d0505, 0x9860505, 0xc910505, 0x0,
	0xfffd0505, 0xfffd0505, 0xfffd0505, 0xfffd0505, 0xfffd0505, 0xfffd0505, 0xfffd0505, 0xfffd0505,
	0xfffd0505, 0xfffd0505, 0xfffd0505, 0xfffd0505, 0xfffd0505, 0xfffd0505, 0xfffd0505, 0xfffd0505,
	0xfffd0505, 0xfffd0505, 0xfffd0505, 0xfffd0505, 0xfffd0505, 0xfffd0505, 0xfffd0505, 0xfffd0505,
	0xfffd0505, 0xfffd0505, 0xfffd0505, 0xfffd0505, 0xfffd0505, 0xfffd0505, 0xfffd0505, 0xfffd0505,
	0xfffd0505, 0xfffd0505, 0xfffd0505, 0xfffd0505, 0xfffd0505, 0xfffd0505, 0xfffd0505, 0xfffd0505,
	0xfffd0505, 0xfffd0505, 0xfffd0505, 0xfffd0505, 0xfffd0505, 0xfffd0505, 0xfffd0505, 0xfffd0505,
	0xfffd0505, 0xfffd0505, 0xfffd0505, 0xfffd0505, 0xfffd0505, 0xfffd0505, 0xfffd0505, 0xfffd0505,
	0xfffd0505, 0xfffd0505, 0xfffd0505, 0xfffd0505, 0xfffd0505, 0xfffd0505, 0xfffd0505, 0xfffd0505,
	0xc0, 0xc0, 0xc0, 0xc0, 0xc0, 0xc0, 0xc0, 0xc0,
	0xc0, 0xc0, 0xc0, 0xc0, 0xc0, 0xc0, 0xc0, 0xc0,
	0xc0, 0xc0, 0xc0, 0xc0, 0xc0, 0xc0, 0xc0, 0xc0,
	0xc0, 0xc0, 0xc0, 0xc0, 0xc0, 0xc0, 0xc0, 0xc0,
	0xc0, 0xc0, 0xc0, 0xc0, 0xc0, 0xc0, 0xc0, 0xc0,
	0xc0, 0xc0, 0xc0, 0xc0, 0xc0, 0xc0, 0xc0, 0xc0,
	0xc0, 0xc0, 0xc0, 0xc0, 0xc0, 0xc0, 0xc0, 0xc0,
	0xc0, 0xc0, 0xc0, 0xc0, 0xc0, 0xc0, 0xc0, 0xc0,
	0x2b9c8ac4, 0x2b9c88c4, 0x2b9c8ec4, 0x2b9c9ac4, 0x2b9c96c4, 0x2b9c92c4, 0x1322c5, 0x2f9ca0c4,
	0x339c8ac4, 0x339c88c4, 0x339c8ec4, 0x339c96c4, 0x3b9c8ac4, 0x3b9c88c4, 0x3b9c8ec4, 0x3b9c96c4,
	0x310070a0, 0x459c9ac4, 0x479c8ac4, 0x479c88c4, 0x479c8ec4, 0x479c9ac4, 0x479c96c4, 0xc830505,
	0x479c9ec4, 0x539c8ac4, 0x539c88c4, 0x539c8ec4, 0x539c96c4, 0x5b9c88c4, 0x5e2805a0, 0x1362c5,
	0x2b058ac4, 0x2b0588c4, 0x2b058ec4, 0x2b059ac4, 0x2b0596c4, 0x2b0592c4, 0x13a2c5, 0x2f05a0c4,
	0x33058ac4, 0x330588c4, 0x33058ec4, 0x330596c4, 0x3b058ac4, 0x3b0588c4, 0x3b058ec4, 0x3b0596c4,
	0x31007005, 0x45059ac4, 0x47058ac4, 0x470588c4, 0x47058ec4, 0x47059ac4, 0x470596c4, 0xc810505,
	0x47059ec4, 0x53058ac4, 0x530588c4, 0x53058ec4, 0x530596c4, 0x5b0588c4, 0x5e280505, 0x5b0596c4,
	0xc0, 0xc0, 0xc0, 0xc0, 0xc0, 0xc0, 0xc0, 0xc0,
	0xc0, 0xc0, 0x24a0c9, 0x2880c9, 0xc0, 0xc0, 0xc0, 0xc0,
	0xc0, 0xc0, 0xc0, 0xc0, 0xc0, 0xc0, 0xc0, 0xc0,
	0xc0, 0xc0, 0xc0, 0xc0, 0xc0, 0xc0, 0xc0, 0xc0,
	0xc0, 0xc0, 0xc0, 0xc0, 0xc0, 0xc0, 0xc0, 0xc0,
	0xc0, 0xc0, 0xc0, 0xc0, 0xc0, 0xc0, 0xc0, 0xc0,
	0xc0, 0xc0, 0xc0, 0xc0, 0xc0, 0xc0, 0xc0, 0xc0,
	0xc0, 0xc0, 0xc0, 0xc0, 0xc0, 0xc0, 0xc0, 0xc0,
	0xc0, 0xc0, 0x2c020586, 0xc0, 0xc0, 0xc0, 0xc0, 0xc0,
	0xc0, 0xc0, 0xc0, 0xc0, 0xc0, 0xc0, 0xc0, 0xc0,
	0xc0, 0xc0, 0xc0, 0xc0, 0xc0, 0xc0, 0xc0, 0xc0,
	0xc0, 0xc0, 0xc0, 0xc0, 0xc0, 0xc0, 0xc0, 0xc0,
	0xc0, 0xc0, 0xc0, 0xc0, 0xc0, 0xc0, 0xc0, 0xc0,
	0xc0, 0xc0, 0xc0, 0xc0, 0xc0, 0xc0, 0xc0, 0xc0,
	0xc0, 0xc0, 0xc0, 0xc0, 0xc0, 0x2c020505, 0xc0, 0xc0,
	0xc0, 0xc0, 0xc0, 0xc0, 0xc0, 0xc0, 0xc0, 0xc0,
	0xc0, 0xc0, 0xc0, 0xc0, 0xc0, 0xc0, 0xc0, 0xc0,
	0xc0, 0xc0, 0xc0, 0xc0, 0xc0, 0xc0, 0xc0, 0xc0,
	0xc0, 0xc0, 0xc0, 0xc0, 0xc0, 0xc0, 0xc0, 0xc0,
	0x1cd, 0x1cd, 0x1cd, 0x1cd, 0x1cd, 0x1cd, 0x1cd, 0x1cd,
	0x1cd, 0x1cd, 0x1cd, 0x1cd, 0x1cd, 0x1cd, 0x1cd, 0x1cd,
	0x1cd, 0x1cd, 0x1cd, 0x1cd, 0x1cd, 0x1cd, 0x1cd, 0x1cd,
	0x1cd, 0x1cd, 0x1cd, 0x1cd, 0x1cd, 0x1cd, 0x1cd, 0x1cd,
	0x1cc, 0x1cc, 0x1cc, 0x1cc, 0xc0, 0xc0, 0xc0, 0xc0,
	0xc0, 0xc0, 0xc0, 0xc0, 0xc0, 0xc0, 0xc0, 0xc0,
	0xc0, 0xc0, 0xc0, 0xc0, 0xc0, 0xc0, 0xc0, 0xc0,
	0xc0, 0xc0, 0xc0, 0xc0, 0xc0, 0xc0, 0xc0, 0xc0,
	0xc0, 0xc0, 0x380c9, 0xc0, 0xc0, 0xc0, 0xc0, 0xc0,
	0xc0, 0xc0, 0xc0, 0xc0, 0xc0, 0xc0, 0xc0, 0xc0,
	0xc0, 0xc0, 0xc0, 0xc0, 0xc0, 0xc0, 0xc0, 0xc0,
	0x1cc, 0x1cc, 0x1cc, 0x1cc, 0x1cc, 0x1cc, 0x1cc, 0x1cc,
	0x1cc, 0x1cc, 0x1cc, 0x1cc, 0x1cc, 0x1cc, 0x1cc, 0x1cc,
	0x1cc, 0x1cc, 0x1cc, 0x1cc, 0x1cc, 0x1cc, 0x1cc, 0x1cc,
	0x1cc, 0x1cc, 0x1cc, 0x1cc, 0x1cc, 0x1cc, 0x1cc, 0x1cc,
	0xc0, 0xc0, 0xc0, 0xc0
};

static constexpr int32_t s_coll_bloTrieIndexLength = 2112;
static constexpr int32_t s_coll_bloTrieDataLength = 596;
static constexpr char32_t s_coll_bloTrieHighStart = 0xe000;
static constexpr int32_t s_coll_bloTrieHighValueIndex = 592;

static constexpr uint32_t s_coll_bloCe32s[169] = {
	0x0, 0x38020587, 0x9c05, 0x38020546, 0x9c05, 0x38020587, 0xc405, 0x38020546,
	0xc405, 0x38020587, 0xd205, 0x38020546, 0xd205, 0x40020587, 0x8805, 0x40020546,
	0x8805, 0x40020587, 0x9c05, 0x40020546, 0x9c05, 0x46020587, 0x8805, 0x46020546,
	0x8805, 0x46020546, 0x9605, 0x46020587, 0x8e05, 0x46020546, 0x8e05, 0x46020587,
	0x9605, 0x46020587, 0xa405, 0x46020546, 0xa405, 0x46020587, 0x9c05, 0x46020546,
	0x9c05, 0x46020546, 0x9205, 0x46020587, 0x8a05, 0x46020546, 0x8a05, 0x46020587,
	0xc405, 0x46020546, 0xc405, 0x46020587, 0xb605, 0x46020546, 0xb605, 0x46020587,
	0x9a05, 0x46020546, 0x9a05, 0x50020587, 0x8e05, 0x50020546, 0x8e05, 0x50020587,
	0x9005, 0x50020546, 0x9005, 0x50020587, 0x9c05, 0x50020546, 0x9c05, 0x50020587,
	0xc405, 0x50020546, 0xc405, 0x50020587, 0x9605, 0x50020546, 0x9605, 0x50020587,
	0xa005, 0x50020546, 0xa005, 0x50020587, 0xce05, 0x50020546, 0xce05, 0x50020546,
	0xd205, 0x38020505, 0x9c05, 0x38020505, 0xc405, 0x38020505, 0xd205, 0x40020505,
	0x8805, 0x40020505, 0x9c05, 0x46020505, 0x8805, 0x46020505, 0x9605, 0x46020505,
	0x8e05, 0x46020505, 0xa405, 0x46020505, 0x9c05, 0x46020505, 0x9205, 0x46020505,
	0x8a05, 0x46020505, 0xc405, 0x46020505, 0xb605, 0x46020505, 0x9a05, 0x50020505,
	0x8e05, 0x50020505, 0x9005, 0x50020505, 0x9c05, 0x50020505, 0xc405, 0x50020505,
	0x9605, 0x50020505, 0xa005, 0x50020505, 0xce05, 0x50020505, 0xd205, 0x46210587,
	0x8805, 0x46210546, 0x8805, 0x46210587, 0x9c05, 0x46210546, 0x9c05, 0x46210587,
	0xc405, 0x46210546, 0xc405, 0x46210505, 0x8805, 0x46210505, 0x9c05, 0x46210505,
	0xc405, 0x2b0070a0, 0x330005a2, 0x4f007005, 0x4f000513, 0x2b007005, 0x33000513, 0x12000505,
	0x14000505, 0x16000505, 0x18000505, 0x1a000505, 0x1c000505, 0x1e000505, 0x20000505, 0x22000505,
	0x24000505
};

static constexpr char16_t s_coll_bloContexts[340] = {
	0x3700, 0x59c, 0x7, 0x1e04, 0xc, 0x1e04, 0xc000, 0xa2c5, 0x1e05, 0xc000, 0xe2c5, 0x1e06,
	0xc001, 0x22c5, 0x1e07, 0xc001, 0x62c5, 0x42, 0xf802, 0x587, 0x62, 0xf802, 0x546, 0x1e02,
	0xa2c5, 0x1e03, 0xc000, 0x62c5, 0x3f00, 0x59c, 0x5, 0x1e55, 0x9, 0x1e55, 0xc001, 0xe2c5,
	0x1e56, 0xc002, 0x22c5, 0x1e57, 0xc002, 0x62c5, 0x50, 0xffff, 0x4002, 0x587, 0x70, 0xffff,
	0x4002, 0x546, 0x1e54, 0xc001, 0xa2c5, 0x4500, 0x59c, 0x14, 0x1e8e, 0x25, 0x1ef4, 0x14,
	0x1ef7, 0x9, 0x1ef7, 0xc006, 0xa2c5, 0x1ef8, 0xc006, 0xe2c5, 0x1ef9, 0xc007, 0x22c5, 0x1ef4,
	0xc005, 0xe2c5, 0x1ef5, 0xc006, 0x22c5, 0x1ef6, 0xc006, 0x62c5, 0x1e8e, 0xc004, 0xa2c5, 0x1e8f,
	0xc004, 0xe2c5, 0x1e99, 0xc005, 0x22c5, 0x1ef2, 0xc005, 0x62c5, 0x1ef3, 0xc005, 0xa2c5, 0x176,
	0xf, 0x176, 0xc003, 0x62c5, 0x177, 0xc003, 0xa2c5, 0x178, 0xc003, 0xe2c5, 0x232, 0xc004,
	0x22c5, 0x233, 0xc004, 0x62c5, 0x59, 0xffff, 0x4602, 0x587, 0x79, 0xffff, 0x4602, 0x546,
	0xdd, 0xc002, 0xa2c5, 0xfd, 0xc002, 0xe2c5, 0xff, 0xc003, 0x22c5, 0x4f00, 0x59c, 0x10,
	0x1e24, 0x1d, 0x1e28, 0xf, 0x1e28, 0xc009, 0xe2c5, 0x1e29, 0xc00a, 0x22c5, 0x1e2a, 0xc00a,
	0x62c5, 0x1e2b, 0xc00a, 0xa2c5, 0x1e96, 0xc00a, 0xe2c5, 0x1e24, 0xc008, 0xe2c5, 0x1e25, 0xc009,
	0x22c5, 0x1e26, 0xc009, 0x62c5, 0x1e27, 0xc009, 0xa2c5, 0x21e, 0xc, 0x21e, 0xc007, 0xe2c5,
	0x21f, 0xc008, 0x22c5, 0x1e22, 0xc008, 0x62c5, 0x1e23, 0xc008, 0xa2c5, 0x48, 0xffff, 0x5002,
	0x587, 0x68, 0xffff, 0x5002, 0x546, 0x124, 0xc007, 0x62c5, 0x125, 0xc007, 0xa2c5, 0x3700,
	0x505, 0x3, 0x62, 0xf802, 0x505, 0x1e03, 0xc00b, 0x22c5, 0x1e05, 0xc00b, 0x62c5, 0x1e07,
	0xc00b, 0xa2c5, 0x3f00, 0x505, 0x2, 0x70, 0xffff, 0x4002, 0x505, 0x1e55, 0xc00b, 0xe2c5,
	0x1e57, 0xc00c, 0x22c5, 0x4500, 0x505, 0xa, 0x1e8f, 0x14, 0x1ef5, 0x9, 0x1ef5, 0xc00e,
	0x22c5, 0x1ef7, 0xc00e, 0x62c5, 0x1ef9, 0xc00e, 0xa2c5, 0x1e8f, 0xc00d, 0x62c5, 0x1e99, 0xc00d,
	0xa2c5, 0x1ef3, 0xc00d, 0xe2c5, 0x79, 0xffff, 0x4602, 0x505, 0xfd, 0xc00c, 0x62c5, 0xff,
	0xc00c, 0xa2c5, 0x177, 0xc00c, 0xe2c5, 0x233, 0xc00d, 0x22c5, 0x4f00, 0x505, 0x8, 0x1e25,
	0xf, 0x1e25, 0xc00f, 0xa2c5, 0x1e27, 0xc00f, 0xe2c5, 0x1e29, 0xc010, 0x22c5, 0x1e2b, 0xc010,
	0x62c5, 0x1e96, 0xc010, 0xa2c5, 0x68, 0xffff, 0x5002, 0x505, 0x125, 0xc00e, 0xe2c5, 0x21f,
	0xc00f, 0x22c5, 0x1e23, 0xc00f, 0x62c5, 0x4620, 0x59e, 0x7, 0x1e40, 0xc, 0x1e40, 0xc011,
	0x62c5, 0x1e41, 0xc011, 0xa2c5, 0x1e42, 0xc011, 0xe2c5, 0x1e43, 0xc012, 0x22c5, 0x4d, 0xffff,
	0x4621, 0x587, 0x6d, 0xffff, 0x4621, 0x546, 0x1e3e, 0xc010, 0xe2c5, 0x1e3f, 0xc011, 0x22c5,
	0x4620, 0x505, 0x3, 0x6d, 0xffff, 0x4621, 0x505, 0x1e3f, 0xc012, 0x62c5, 0x1e41, 0xc012,
	0xa2c5, 0x1e43, 0xc012, 0xe2c5
};

static constexpr uint16_t s_coll_bloFastLatin[554] = {
	0x205, 0xc40, 0xde0, 0xe80, 0xea8, 0x418, 0x0, 0x0, 0x0, 0x0, 0x0, 0x0,
	0x0, 0x0, 0xc00, 0xc08, 0xc10, 0xc18, 0xc20, 0x0, 0x0, 0x0, 0x0, 0x0,
	0x0, 0x0, 0x0, 0x0, 0x0, 0x0, 0x0, 0x0, 0x0, 0x0, 0x0, 0x0,
	0x0, 0xc40, 0xca8, 0xcf0, 0xd78, 0xe98, 0xd80, 0xd70, 0xcd8, 0xd08, 0xd10, 0xd58,
	0xe30, 0xc90, 0xc60, 0xcd0, 0xd60, 0x10a8, 0x14a8, 0x18a8, 0x1ca8, 0x20a8, 0x24a8, 0x28a8,
	0x2ca8, 0x30a8, 0x34a8, 0xca0, 0xc98, 0xe50, 0xe58, 0xe60, 0xcb8, 0xd50, 0x38b9, 0x3cb9,
	0x40b9, 0x44b9, 0x48ba, 0x4cb9, 0x41a, 0x58b9, 0x5cba, 0x64ba, 0x420, 0x70b9, 0x74b9, 0x426,
	0x88b9, 0x8cb9, 0x90b9, 0x98b9, 0x438, 0xa4b9, 0xacb9, 0xb0b9, 0xb4b9, 0xb8b9, 0xbcb9, 0xc0b9,
	0xd18, 0xd68, 0xd20, 0xdf8, 0xc50, 0xde8, 0x38a8, 0x3ca8, 0x40a8, 0x44a8, 0x48a8, 0x4ca8,
	0x442, 0x58a8, 0x5ca8, 0x64a8, 0x446, 0x70a8, 0x74a8, 0x44a, 0x88a8, 0x8ca8, 0x90a8, 0x98a8,
	0x454, 0xa4a8, 0xaca8, 0xb0a8, 0xb4a8, 0xb8a8, 0xbca8, 0xc0a8, 0xd28, 0xe70, 0xd30, 0xe80,
	0x0, 0x0, 0x0, 0x0, 0x0, 0x0, 0xc28, 0x0, 0x0, 0x0, 0x0, 0x0,
	0x0, 0x0, 0x0, 0x0, 0x0, 0x0, 0x0, 0x0, 0x0, 0x0, 0x0, 0x0,
	0x0, 0x0, 0x0, 0x0, 0x0, 0x0, 0x0, 0x0, 0x0, 0xc42, 0xcb0, 0xe90,
	0xea0, 0xe88, 0xea8, 0xe78, 0xd40, 0xe08, 0xe20, 0x38aa, 0xcf8, 0xe68, 0x0, 0xe28,
	0xe00, 0xe18, 0xe38, 0x18a9, 0x1ca9, 0xdf0, 0x1, 0xd48, 0x1, 0xe10, 0x14a9, 0x88aa,
	0xd00, 0x1, 0x1, 0x1, 0xcc0, 0x39b9, 0x3999, 0x39f9, 0x3a99, 0x3a59, 0x3a39, 0x800,
	0x42f9, 0x49ba, 0x499a, 0x49fa, 0x4a5a, 0x5dba, 0x5d9a, 0x5dfa, 0x5e5a, 0x44d9, 0x7a9a, 0x89b9,
	0x8999, 0x89f9, 0x8a99, 0x8a59, 0xe48, 0x8ad9, 0xadb9, 0xad99, 0xadf9, 0xae59, 0xbd99, 0xc4b9,
	0x802, 0x39a8, 0x3988, 0x39e8, 0x3a88, 0x3a48, 0x3a28, 0x804, 0x42e8, 0x49a8, 0x4988, 0x49e8,
	0x4a48, 0x5da8, 0x5d88, 0x5de8, 0x5e48, 0x44c8, 0x7a88, 0x89a8, 0x8988, 0x89e8, 0x8a88, 0x8a48,
	0xe40, 0x8ac8, 0xada8, 0xad88, 0xade8, 0xae48, 0xbd88, 0xc4a8, 0xbe48, 0x3b39, 0x3b28, 0x39d9,
	0x39c8, 0x3b19, 0x3b08, 0x4199, 0x4188, 0x41f9, 0x41e8, 0x42b9, 0x42a8, 0x4219, 0x4208, 0x4619,
	0x4608, 0x4759, 0x4748, 0x4b3a, 0x4b28, 0x49da, 0x49c8, 0x4aba, 0x4aa8, 0x4b1a, 0x4b08, 0x4a1a,
	0x4a08, 0x51f9, 0x51e8, 0x51d9, 0x51c8, 0x52b9, 0x52a8, 0x52f9, 0x52e8, 0x59f9, 0x59e8, 0x5b59,
	0x5b48, 0x5e9a, 0x5e88, 0x5f3a, 0x5f28, 0x5dda, 0x5dc8, 0x5f1a, 0x5f08, 0x5eba, 0x60a8, 0x806,
	0x808, 0x65fa, 0x65e8, 0x6af9, 0x6ae8, 0x94a8, 0x7199, 0x7188, 0x72f9, 0x72e8, 0x7219, 0x7208,
	0x7379, 0x7368, 0x7359, 0x7348, 0x799a, 0x7988, 0x7afa, 0x7ae8, 0x7a1a, 0x7a08, 0x80a, 0x45a,
	0x460, 0x8b39, 0x8b28, 0x89d9, 0x89c8, 0x8a79, 0x8a68, 0x80c, 0x80e, 0x9999, 0x9988, 0x9af9,
	0x9ae8, 0x9a19, 0x9a08, 0x9d9a, 0x9d88, 0x9dfa, 0x9de8, 0x9efa, 0x9ee8, 0x9e1a, 0x9e08, 0xa6f9,
	0xa6e8, 0xa619, 0xa608, 0xa8b9, 0xa8a8, 0xae99, 0xae88, 0xaf39, 0xaf28, 0xadd9, 0xadc8, 0xae39,
	0xae28, 0xae79, 0xae68, 0xaf19, 0xaf08, 0xb5f9, 0xb5e8, 0xbdf9, 0xbde8, 0xbe59, 0xc199, 0xc188,
	0xc2b9, 0xc2a8, 0xc219, 0xc208, 0x9ce8, 0xc41, 0xc41, 0xc41, 0xc41, 0xc41, 0xc41, 0xc41,
	0xc42, 0xc41, 0xc41, 0xc41, 0x0, 0x0, 0x0, 0x0, 0x0, 0xc68, 0xc69, 0xc70,
	0xc78, 0xc80, 0xc88, 0xd38, 0xc58, 0x1, 0x1, 0x1, 0x1, 0x1, 0x1, 0x1,
	0x1, 0xd98, 0xda0, 0xda8, 0xdb0, 0xcd1, 0x810, 0x1, 0xdb8, 0xc30, 0xc38, 0x0,
	0x0, 0x0, 0x0, 0x0, 0xc42, 0xd88, 0xd90, 0xdc0, 0x812, 0x1, 0xdc8, 0x814,
	0x1, 0xdd0, 0xce0, 0xce8, 0xdd8, 0x816, 0xcc8, 0xc48, 0xde0, 0x38d9, 0x48bb, 0x9cc8,
	0x9ca9, 0x38c8, 0x48a9, 0x5cbb, 0x64bb, 0x5ca9, 0x64a9, 0xc8a9, 0x78a9, 0x88d9, 0x48bb, 0x88c8,
	0x48a9, 0xcd1, 0xcd1, 0xdc1, 0xdc1, 0xdc9, 0xdc9, 0xca9, 0xca9, 0x5ff, 0x0, 0x5ff,
	0x50b9, 0x442, 0x54ba, 0x462, 0x54b1, 0x5ff, 0x68b9, 0x450, 0x6cba, 0x470, 0x6cb1, 0x5ff,
	0x78ba, 0x459, 0x7cba, 0x479, 0x7cb1, 0x4dd, 0x7d9a, 0x4fd, 0x7d91, 0x4ff, 0x7e51, 0x576,
	0x7dfa, 0x577, 0x7df1, 0x578, 0x7e5a, 0x5ff, 0x9cba, 0x448, 0xa0ba, 0x468, 0xa0b1, 0x524,
	0xa1fa, 0x525, 0xa1f1, 0x5ff, 0x50a8, 0x462, 0x54a8, 0x5ff, 0x68a8, 0x470, 0x6ca8, 0x5ff,
	0x78a8, 0x479, 0x7ca8, 0x4fd, 0x7d88, 0x4ff, 0x7e48, 0x577, 0x7de8, 0x5ff, 0x9ca8, 0x468,
	0xa0a8, 0x525, 0xa1e8, 0x5ff, 0x80b9, 0x44d, 0x84ba, 0x46d, 0x84b1, 0x5ff, 0x80a8, 0x46d,
	0x84a8, 0x1ff
};

static constexpr uint16_t s_coll_bloFastLatinPrimaries[384] = {
	0x0, 0x0, 0x0, 0x0, 0x0, 0x0, 0x0, 0x0, 0x0, 0xc00, 0xc08, 0xc10,
	0xc18, 0xc20, 0x0, 0x0, 0x0, 0x0, 0x0, 0x0, 0x0, 0x0, 0x0, 0x0,
	0x0, 0x0, 0x0, 0x0, 0x0, 0x0, 0x0, 0x0, 0xc40, 0xca8, 0xcf0, 0xd78,
	0xe98, 0xd80, 0xd70, 0xcd8, 0xd08, 0xd10, 0xd58, 0xe30, 0xc90, 0xc60, 0xcd0, 0xd60,
	0x1000, 0x1400, 0x1800, 0x1c00, 0x2000, 0x2400, 0x2800, 0x2c00, 0x3000, 0x3400, 0xca0, 0xc98,
	0xe50, 0xe58, 0xe60, 0xcb8, 0xd50, 0x3800, 0x3c00, 0x4000, 0x4400, 0x4800, 0x4c00, 0x0,
	0x5800, 0x5c00, 0x6400, 0x0, 0x7000, 0x7400, 0x0, 0x8800, 0x8c00, 0x9000, 0x9800, 0x0,
	0xa400, 0xac00, 0xb000, 0xb400, 0xb800, 0xbc00, 0xc000, 0xd18, 0xd68, 0xd20, 0xdf8, 0xc50,
	0xde8, 0x3800, 0x3c00, 0x4000, 0x4400, 0x4800, 0x4c00, 0x0, 0x5800, 0x5c00, 0x6400, 0x0,
	0x7000, 0x7400, 0x0, 0x8800, 0x8c00, 0x9000, 0x9800, 0x0, 0xa400, 0xac00, 0xb000, 0xb400,
	0xb800, 0xbc00, 0xc000, 0xd28, 0xe70, 0xd30, 0xe80, 0x0, 0x0, 0x0, 0x0, 0x0,
	0x0, 0xc28, 0x0, 0x0, 0x0, 0x0, 0x0, 0x0, 0x0, 0x0, 0x0, 0x0,
	0x0, 0x0, 0x0, 0x0, 0x0, 0x0, 0x0, 0x0, 0x0, 0x0, 0x0, 0x0,
	0x0, 0x0, 0x0, 0x0, 0xc40, 0xcb0, 0xe90, 0xea0, 0xe88, 0xea8, 0xe78, 0xd40,
	0xe08, 0xe20, 0x3800, 0xcf8, 0xe68, 0x0, 0xe28, 0xe00, 0xe18, 0xe38, 0x1800, 0x1c00,
	0xdf0, 0x0, 0xd48, 0x0, 0xe10, 0x1400, 0x8800, 0xd00, 0x0, 0x0, 0x0, 0xcc0,
	0x3800, 0x3800, 0x3800, 0x3800, 0x3800, 0x3800, 0x0, 0x4000, 0x4800, 0x4800, 0x4800, 0x4800,
	0x5c00, 0x5c00, 0x5c00, 0x5c00, 0x4400, 0x7800, 0x8800, 0x8800, 0x8800, 0x8800, 0x8800, 0xe48,
	0x8800, 0xac00, 0xac00, 0xac00, 0xac00, 0xbc00, 0xc400, 0x0, 0x3800, 0x3800, 0x3800, 0x3800,
	0x3800, 0x3800, 0x0, 0x4000, 0x4800, 0x4800, 0x4800, 0x4800, 0x5c00, 0x5c00, 0x5c00, 0x5c00,
	0x4400, 0x7800, 0x8800, 0x8800, 0x8800, 0x8800, 0x8800, 0xe40, 0x8800, 0xac00, 0xac00, 0xac00,
	0xac00, 0xbc00, 0xc400, 0xbc00, 0x3800, 0x3800, 0x3800, 0x3800, 0x3800, 0x3800, 0x4000, 0x4000,
	0x4000, 0x4000, 0x4000, 0x4000, 0x4000, 0x4000, 0x4400, 0x4400, 0x4400, 0x4400, 0x4800, 0x4800,
	0x4800, 0x4800, 0x4800, 0x4800, 0x4800, 0x4800, 0x4800, 0x4800, 0x5000, 0x5000, 0x5000, 0x5000,
	0x5000, 0x5000, 0x5000, 0x5000, 0x5800, 0x5800, 0x5800, 0x5800, 0x5c00, 0x5c00, 0x5c00, 0x5c00,
	0x5c00, 0x5c00, 0x5c00, 0x5c00, 0x5c00, 0x6000, 0x0, 0x0, 0x6400, 0x6400, 0x6800, 0x6800,
	0x9400, 0x7000, 0x7000, 0x7000, 0x7000, 0x7000, 0x7000, 0x7000, 0x7000, 0x7000, 0x7000, 0x7800,
	0x7800, 0x7800, 0x7800, 0x7800, 0x7800, 0x0, 0x0, 0x0, 0x8800, 0x8800, 0x8800, 0x8800,
	0x8800, 0x8800, 0x0, 0x0, 0x9800, 0x9800, 0x9800, 0x9800, 0x9800, 0x9800, 0x9c00, 0x9c00,
	0x9c00, 0x9c00, 0x9c00, 0x9c00, 0x9c00, 0x9c00, 0xa400, 0xa400, 0xa400, 0xa400, 0xa800, 0xa800,
	0xac00, 0xac00, 0xac00, 0xac00, 0xac00, 0xac00, 0xac00, 0xac00, 0xac00, 0xac00, 0xac00, 0xac00,
	0xb400, 0xb400, 0xbc00, 0xbc00, 0xbc00, 0xc000, 0xc000, 0xc000, 0xc000, 0xc000, 0xc000, 0x9c00
};

static constexpr int32_t s_coll_bloFastLatinMiniVarTop = 0xbff;

static constexpr uint32_t s_coll_bloNumericPrimary = 0x10000000;
static constexpr int32_t s_coll_bloOptions = 0x2010;
static constexpr int32_t s_coll_bloJamoCe32sStart = -1;

static constexpr uint32_t s_coll_bloUnsafeBwd[890] = {
	0x34, 0x35, 0x42, 0x43, 0x48, 0x49, 0x4c, 0x4e, 0x50, 0x51, 0x59, 0x5a,
	0x62, 0x63, 0x68, 0x69, 0x6d, 0x6e, 0x70, 0x71, 0x79, 0x7a, 0xa0, 0xa1,
	0xdd, 0xde, 0xfd, 0xfe, 0xff, 0x100, 0x124, 0x126, 0x176, 0x179, 0x21e, 0x220,
	0x232, 0x234, 0x300, 0x34f, 0x350, 0x370, 0x3a9, 0x3aa, 0x3e2, 0x3e3, 0x42f, 0x430,
	0x483, 0x488, 0x531, 0x532, 0x591, 0x5be, 0x5bf, 0x5c0, 0x5c1, 0x5c3, 0x5c4, 0x5c6,
	0x5c7, 0x5c8, 0x5d0, 0x5d1, 0x610, 0x61b, 0x628, 0x629, 0x64b, 0x660, 0x670, 0x671,
	0x6d6, 0x6dd, 0x6df, 0x6e5, 0x6e7, 0x6e9, 0x6ea, 0x6ee, 0x710, 0x712, 0x730, 0x74b,
	0x78c, 0x78d, 0x7ca, 0x7cb, 0x7eb, 0x7f4, 0x7fd, 0x7fe, 0x800, 0x801, 0x816, 0x81a,
	0x81b, 0x824, 0x825, 0x828, 0x829, 0x82e, 0x840, 0x841, 0x859, 0x85c, 0x897, 0x8a0,
	0x8ca, 0x8e2, 0x8e3, 0x900, 0x905, 0x906, 0x93c, 0x93d, 0x94d, 0x94e, 0x951, 0x955,
	0x995, 0x996, 0x9bc, 0x9bd, 0x9be, 0x9bf, 0x9cd, 0x9ce, 0x9d7, 0x9d8, 0x9fe, 0x9ff,
	0xa15, 0xa16, 0xa3c, 0xa3d, 0xa4d, 0xa4e, 0xa95, 0xa96, 0xabc, 0xabd, 0xacd, 0xace,
	0xb15, 0xb16, 0xb3c, 0xb3d, 0xb3e, 0xb3f, 0xb4d, 0xb4e, 0xb56, 0xb58, 0xb95, 0xb96,
	0xbbe, 0xbbf, 0xbcd, 0xbce, 0xbd7, 0xbd8, 0xc15, 0xc16, 0xc3c, 0xc3d, 0xc4d, 0xc4e,
	0xc55, 0xc57, 0xc95, 0xc96, 0xcbc, 0xcbd, 0xcc2, 0xcc3, 0xccd, 0xcce, 0xcd5, 0xcd7,
	0xd15, 0xd16, 0xd3b, 0xd3d, 0xd3e, 0xd3f, 0xd4d, 0xd4e, 0xd57, 0xd58, 0xd85, 0xd86,
	0xdca, 0xdcb, 0xdcf, 0xdd0, 0xddf, 0xde0, 0xe01, 0xe2f, 0xe32, 0xe33, 0xe38, 0xe3b,
	0xe48, 0xe4c, 0xe81, 0xe83, 0xe84, 0xe85, 0xe86, 0xe8b, 0xe8c, 0xea4, 0xea5, 0xea6,
	0xea7, 0xeaf, 0xeb2, 0xeb3, 0xeb8, 0xebb, 0xec8, 0xecc, 0xedc, 0xee0, 0xf18, 0xf1a,
	0xf35, 0xf36, 0xf37, 0xf38, 0xf39, 0xf3a, 0xf40, 0xf41, 0xf71, 0xf76, 0xf7a, 0xf7e,
	0xf80, 0xf85, 0xf86, 0xf88, 0xfc6, 0xfc7, 0x1000, 0x1001, 0x102e, 0x102f, 0x1037, 0x1038,
	0x1039, 0x103b, 0x108d, 0x108e, 0x10d3, 0x10d4, 0x12a0, 0x12a1, 0x135d, 0x1360, 0x13c4, 0x13c5,
	0x14c0, 0x14c1, 0x168f, 0x1690, 0x16a0, 0x16a1, 0x1703, 0x1704, 0x1714, 0x1716, 0x1723, 0x1724,
	0x1734, 0x1735, 0x1743, 0x1744, 0x1763, 0x1764, 0x1780, 0x1781, 0x17d2, 0x17d3, 0x17dd, 0x17de,
	0x1826, 0x1827, 0x18a9, 0x18aa, 0x1900, 0x1901, 0x1939, 0x193c, 0x1950, 0x1951, 0x1980, 0x19ac,
	0x1a00, 0x1a01, 0x1a17, 0x1a19, 0x1a20, 0x1a21, 0x1a60, 0x1a61, 0x1a75, 0x1a7d, 0x1a7f, 0x1a80,
	0x1ab0, 0x1abe, 0x1abf, 0x1ade, 0x1ae0, 0x1aec, 0x1b05, 0x1b06, 0x1b34, 0x1b36, 0x1b44, 0x1b45,
	0x1b6b, 0x1b74, 0x1b83, 0x1b84, 0x1baa, 0x1bac, 0x1bc0, 0x1bc1, 0x1be6, 0x1be7, 0x1bf2, 0x1bf4,
	0x1c00, 0x1c01, 0x1c37, 0x1c38, 0x1c5a, 0x1c5b, 0x1cd0, 0x1cd3, 0x1cd4, 0x1ce1, 0x1ce2, 0x1ce9,
	0x1ced, 0x1cee, 0x1cf4, 0x1cf5, 0x1cf8, 0x1cfa, 0x1dc0, 0x1e00, 0x1e02, 0x1e08, 0x1e22, 0x1e2c,
	0x1e3e, 0x1e44, 0x1e54, 0x1e58, 0x1e8e, 0x1e90, 0x1e96, 0x1e97, 0x1e99, 0x1e9a, 0x1ef2, 0x1efa,
	0x201c, 0x201d, 0x20ac, 0x20ad, 0x20d0, 0x20dd, 0x20e1, 0x20e2, 0x20e5, 0x20f1, 0x263a, 0x263b,
	0x2c00, 0x2c01, 0x2cef, 0x2cf2, 0x2d30, 0x2d31, 0x2d7f, 0x2d80, 0x2de0, 0x2e00, 0x302a, 0x3030,
	0x304b, 0x304c, 0x3099, 0x309b, 0x30ab, 0x30ac, 0x3105, 0x3106, 0x5b57, 0x5b58, 0xa288, 0xa289,
	0xa4d0, 0xa4d1, 0xa549, 0xa54a, 0xa66f, 0xa670, 0xa674, 0xa67e, 0xa69e, 0xa6a1, 0xa6f0, 0xa6f2,
	0xa800, 0xa801, 0xa806, 0xa807, 0xa82c, 0xa82d, 0xa840, 0xa841, 0xa882, 0xa883, 0xa8c4, 0xa8c5,
	0xa8e0, 0xa8f2, 0xa90a, 0xa90b, 0xa92b, 0xa92e, 0xa930, 0xa931, 0xa953, 0xa954, 0xa984, 0xa985,
	0xa9b3, 0xa9b4, 0xa9c0, 0xa9c1, 0xaa00, 0xaa01, 0xaa80, 0xaab1, 0xaab2, 0xaab5, 0xaab7, 0xaab9,
	0xaabe, 0xaac0, 0xaac1, 0xaac2, 0xaaf6, 0xaaf7, 0xabc0, 0xabc1, 0xabed, 0xabee, 0xac00, 0xac01,
	0xd800, 0xd809, 0xd80b, 0xd80d, 0xd811, 0xd812, 0xd818, 0xd819, 0xd81a, 0xd81c, 0xd820, 0xd821,
	0xd823, 0xd824, 0xd82c, 0xd82d, 0xd82f, 0xd830, 0xd834, 0xd835, 0xd838, 0xd83b, 0xdc00, 0xe000,
	0xfb1e, 0xfb1f, 0xfdd0, 0xfdd1, 0xfe20, 0xfe30, 0x10000, 0x10001, 0x101fd, 0x101fe, 0x10280, 0x10281,
	0x102a0, 0x102a1, 0x102e0, 0x102e1, 0x10300, 0x10301, 0x10330, 0x10331, 0x1036b, 0x1036c, 0x10376, 0x1037b,
	0x10380, 0x10381, 0x103a0, 0x103a1, 0x10414, 0x10415, 0x10450, 0x10451, 0x10480, 0x10481, 0x104b5, 0x104b6,
	0x10500, 0x10501, 0x10537, 0x10538, 0x10582, 0x10583, 0x105c2, 0x105c3, 0x10647, 0x10648, 0x10800, 0x10801,
	0x10840, 0x10841, 0x10873, 0x10874, 0x10896, 0x10897, 0x108f4, 0x108f5, 0x10900, 0x10901, 0x10920, 0x10921,
	0x10950, 0x10951, 0x10980, 0x10981, 0x109a0, 0x109a1, 0x10a00, 0x10a01, 0x10a0d, 0x10a0e, 0x10a0f, 0x10a10,
	0x10a38, 0x10a3b, 0x10a3f, 0x10a40, 0x10a60, 0x10a61, 0x10a95, 0x10a96, 0x10ad8, 0x10ad9, 0x10ae5, 0x10ae7,
	0x10b00, 0x10b01, 0x10b40, 0x10b41, 0x10b60, 0x10b61, 0x10b8f, 0x10b90, 0x10c00, 0x10c01, 0x10ca1, 0x10ca2,
	0x10d12, 0x10d13, 0x10d24, 0x10d28, 0x10d5d, 0x10d5e, 0x10d69, 0x10d6e, 0x10e88, 0x10e89, 0x10eab, 0x10ead,
	0x10efa, 0x10efc, 0x10efd, 0x10f00, 0x10f19, 0x10f1a, 0x10f42, 0x10f43, 0x10f46, 0x10f51, 0x10f7c, 0x10f7d,
	0x10f82, 0x10f86, 0x10fbf, 0x10fc0, 0x10ff1, 0x10ff2, 0x11005, 0x11006, 0x11046, 0x11047, 0x11070, 0x11071,
	0x1107f, 0x11080, 0x11083, 0x11084, 0x110b9, 0x110bb, 0x110d0, 0x110d1, 0x11100, 0x11104, 0x11127, 0x11128,
	0x11133, 0x11135, 0x11152, 0x11153, 0x11173, 0x11174, 0x11183, 0x11184, 0x111c0, 0x111c1, 0x111ca, 0x111cb,
	0x11208, 0x11209, 0x11235, 0x11237, 0x1128f, 0x11290, 0x112be, 0x112bf, 0x112e9, 0x112eb, 0x11315, 0x11316,
	0x1133b, 0x1133d, 0x1133e, 0x1133f, 0x1134d, 0x1134e, 0x11357, 0x11358, 0x11366, 0x1136d, 0x11370, 0x11375,
	0x11392, 0x11393, 0x113b8, 0x113b9, 0x113bb, 0x113bc, 0x113c2, 0x113c3, 0x113c9, 0x113ca, 0x113ce, 0x113d1,
	0x11412, 0x11413, 0x11442, 0x11443, 0x11446, 0x11447, 0x1145e, 0x1145f, 0x11484, 0x11485, 0x114b0, 0x114b1,
	0x114ba, 0x114bb, 0x114bd, 0x114be, 0x114c2, 0x114c4, 0x1158e, 0x1158f, 0x115af, 0x115b0, 0x115bf, 0x115c1,
	0x1160e, 0x1160f, 0x1163f, 0x11640, 0x11680, 0x11681, 0x116b6, 0x116b8, 0x11717, 0x11718, 0x1172b, 0x1172c,
	0x1180b, 0x1180c, 0x11839, 0x1183b, 0x118b4, 0x118b5, 0x1190c, 0x1190d, 0x11930, 0x11931, 0x1193d, 0x1193f,
	0x11943, 0x11944, 0x119ce, 0x119cf, 0x119e0, 0x119e1, 0x11a0b, 0x11a0c, 0x11a34, 0x11a35, 0x11a47, 0x11a48,
	0x11a5c, 0x11a5d, 0x11a99, 0x11a9a, 0x11ac0, 0x11ac1, 0x11bc4, 0x11bc5, 0x11c0e, 0x11c0f, 0x11c3f, 0x11c40,
	0x11c72, 0x11c73, 0x11d10, 0x11d11, 0x11d42, 0x11d43, 0x11d44, 0x11d46, 0x11d71, 0x11d72, 0x11d97, 0x11d98,
	0x11dc6, 0x11dc7, 0x11ee5, 0x11ee6, 0x11f1b, 0x11f1c, 0x11f41, 0x11f43, 0x12000, 0x12001, 0x12fe5, 0x12fe6,
	0x13153, 0x13154, 0x14400, 0x14401, 0x1611c, 0x1611d, 0x1611e, 0x16121, 0x16123, 0x16126, 0x16129, 0x1612a,
	0x1612f, 0x16130, 0x16a4f, 0x16a50, 0x16abc, 0x16abd, 0x16ae6, 0x16ae7, 0x16af0, 0x16af5, 0x16b1c, 0x16b1d,
	0x16b30, 0x16b37, 0x16d45, 0x16d46, 0x16d67, 0x16d69, 0x16e40, 0x16e41, 0x16ea1, 0x16ea2, 0x16f00, 0x16f01,
	0x16ff0, 0x16ff2, 0x18229, 0x1822a, 0x18c65, 0x18c66, 0x1b1c4, 0x1b1c5, 0x1bc20, 0x1bc21, 0x1bc9e, 0x1bc9f,
	0x1d165, 0x1d16a, 0x1d16d, 0x1d173, 0x1d17b, 0x1d183, 0x1d185, 0x1d18c, 0x1d1aa, 0x1d1ae, 0x1d242, 0x1d245,
	0x1e000, 0x1e007, 0x1e008, 0x1e019, 0x1e01b, 0x1e022, 0x1e023, 0x1e025, 0x1e026, 0x1e02b, 0x1e08f, 0x1e090,
	0x1e108, 0x1e109, 0x1e130, 0x1e137, 0x1e290, 0x1e291, 0x1e2ae, 0x1e2af, 0x1e2e1, 0x1e2e2, 0x1e2ec, 0x1e2f0,
	0x1e4e6, 0x1e4e7, 0x1e4ec, 0x1e4f0, 0x1e5d0, 0x1e5d1, 0x1e5ee, 0x1e5f0, 0x1e6d5, 0x1e6d6, 0x1e6e3, 0x1e6e4,
	0x1e6e6, 0x1e6e7, 0x1e6ee, 0x1e6f0, 0x1e6f5, 0x1e6f6, 0x1e802, 0x1e803, 0x1e8d0, 0x1e8d7, 0x1e909, 0x1e90a,
	0x1e944, 0x1e94b
};

static constexpr int32_t s_coll_bloUnsafeBwdLength = 890;

static constexpr uint16_t s_coll_cebTrieIndex[2112] = {
	0x0, 0x8, 0x10, 0x18, 0x30, 0x38, 0x40, 0x48, 0x30, 0x38, 0x50, 0x58, 0x30, 0x38, 0x30, 0x38,
	0x30, 0x38, 0x30, 0x38, 0x30, 0x38, 0x30, 0x38, 0x30, 0x38, 0x30, 0x38, 0x30, 0x38, 0x30, 0x38,
	0x30, 0x38, 0x30, 0x38, 0x30, 0x38, 0x30, 0x38, 0x30, 0x38, 0x30, 0x38, 0x30, 0x38, 0x30, 0x38,
	0x30, 0x38, 0x30, 0x38, 0x30, 0x38, 0x30, 0x38, 0x30, 0x38, 0x30, 0x38, 0x30, 0x38, 0x30, 0x38,
	0x30, 0x30, 0x30, 0x30, 0x30, 0x30, 0x30, 0x30, 0x30, 0x30, 0x30, 0x30, 0x30, 0x30, 0x30, 0x30,
	0x30, 0x30, 0x30, 0x30, 0x30, 0x30, 0x30, 0x30, 0x30, 0x30, 0x30, 0x30, 0x30, 0x30, 0x30, 0x30,
	0x30, 0x30, 0x30, 0x30, 0x30, 0x30, 0x30, 0x30, 0x30, 0x30, 0x30, 0x30, 0x30, 0x30, 0x30, 0x30,
	0x30, 0x30, 0x30, 0x30, 0x30, 0x30, 0x30, 0x30, 0x30, 0x30, 0x30, 0x30, 0x30, 0x30, 0x30, 0x30,
	0x30, 0x30, 0x30, 0x30, 0x30, 0x30, 0x30, 0x30, 0x30, 0x30, 0x30, 0x30, 0x30, 0x30, 0x30, 0x30,
	0x30, 0x30, 0x30, 0x30, 0x30, 0x30, 0x30, 0x30, 0x30, 0x30, 0x30, 0x30, 0x30, 0x30, 0x30, 0x30,
	0x30, 0x30, 0x30, 0x30, 0x30, 0x30, 0x30, 0x30, 0x30, 0x30, 0x30, 0x30, 0x30, 0x30, 0x30, 0x30,
	0x30, 0x30, 0x30, 0x30, 0x30, 0x30, 0x30, 0x30, 0x30, 0x30, 0x30, 0x30, 0x30, 0x30, 0x30, 0x30,
	0x30, 0x30, 0x30, 0x30, 0x30, 0x30, 0x30, 0x30, 0x30, 0x30, 0x30, 0x30, 0x30, 0x30, 0x30, 0x30,
	0x30, 0x30, 0x30, 0x30, 0x30, 0x30, 0x30, 0x30, 0x30, 0x30, 0x30, 0x30, 0x30, 0x30, 0x30, 0x30,
	0x30, 0x30, 0x30, 0x30, 0x30, 0x30, 0x30, 0x30, 0x30, 0x30, 0x30, 0x30, 0x30, 0x30, 0x30, 0x30,
	0x30, 0x30, 0x6f, 0x30, 0x30, 0x30, 0x30, 0x30, 0x30, 0x30, 0x30, 0x30, 0x30, 0x30, 0x30, 0x30,
	0x30, 0x30, 0x30, 0x30, 0x30, 0x30, 0x30, 0x30, 0x30, 0x30, 0x30, 0x30, 0x30, 0x30, 0x30, 0x30,
	0x30, 0x30, 0x30, 0x30, 0x30, 0x30, 0x30, 0x30, 0x30, 0x30, 0x30, 0x30, 0x30, 0x30, 0x30, 0x30,
	0x30, 0x30, 0x30, 0x30, 0x30, 0x30, 0x30, 0x30, 0x30, 0x30, 0x30, 0x30, 0x30, 0x30, 0x30, 0x30,
	0x30, 0x30, 0x30, 0x30, 0x30, 0x30, 0x30, 0x30, 0x30, 0x30, 0x30, 0x30, 0x30, 0x30, 0x30, 0x30,
	0x30, 0x30, 0x30, 0x30, 0x30, 0x30, 0x30, 0x30, 0x30, 0x30, 0x30, 0x30, 0x30, 0x30, 0x30, 0x30,
	0x30, 0x30, 0x30, 0x30, 0x30, 0x30, 0x30, 0x30, 0x30, 0x30, 0x30, 0x30, 0x30, 0x30, 0x30, 0x30,
	0x30, 0x30, 0x30, 0x30, 0x30, 0x30, 0x30, 0x30, 0x30, 0x30, 0x30, 0x30, 0x30, 0x30, 0x30, 0x30,
	0x30, 0x30, 0x30, 0x30, 0x30, 0x30, 0x30, 0x30, 0x30, 0x30, 0x30, 0x30, 0x30, 0x30, 0x30, 0x30,
	0x30, 0x30, 0x30, 0x30, 0x30, 0x30, 0x30, 0x30, 0x30, 0x30, 0x30, 0x30, 0x30, 0x30, 0x30, 0x30,
	0x30, 0x30, 0x30, 0x30, 0x30, 0x30, 0x30, 0x30, 0x30, 0x30, 0x30, 0x30, 0x30, 0x30, 0x30, 0x30,
	0x30, 0x30, 0x30, 0x30, 0x30, 0x30, 0x30, 0x30, 0x30, 0x30, 0x30, 0x30, 0x30, 0x30, 0x30, 0x30,
	0x30, 0x30, 0x30, 0x30, 0x30, 0x30, 0x30, 0x30, 0x30, 0x30, 0x30, 0x30, 0x30, 0x30, 0x30, 0x30,
	0x30, 0x30, 0x30, 0x30, 0x30, 0x30, 0x30, 0x30, 0x30, 0x30, 0x30, 0x30, 0x30, 0x30, 0x30, 0x30,
	0x30, 0x30, 0x30, 0x30, 0x30, 0x30, 0x30, 0x30, 0x30, 0x30, 0x30, 0x30, 0x30, 0x30, 0x30, 0x30,
	0x30, 0x30, 0x30, 0x30, 0x30, 0x30, 0x30, 0x30, 0x30, 0x30, 0x30, 0x30, 0x30, 0x30, 0x30, 0x30,
	0x30, 0x30, 0x30, 0x30, 0x30, 0x30, 0x30, 0x30, 0x30, 0x30, 0x30, 0x30, 0x30, 0x30, 0x30, 0x30,
	0x30, 0x30, 0x30, 0x30, 0x30, 0x30, 0x30, 0x30, 0x30, 0x30, 0x30, 0x30, 0x30, 0x30, 0x30, 0x30,
	0x30, 0x30, 0x30, 0x30, 0x30, 0x30, 0x30, 0x30, 0x30, 0x30, 0x30, 0x30, 0x30, 0x30, 0x30, 0x30,
	0x30, 0x30, 0x30, 0x30, 0x30, 0x30, 0x30, 0x30, 0x30, 0x30, 0x30, 0x30, 0x30, 0x30, 0x30, 0x30,
	0x30, 0x30, 0x30, 0x30, 0x30, 0x30, 0x30, 0x30, 0x30, 0x30, 0x30, 0x30, 0x30, 0x30, 0x30, 0x30,
	0x30, 0x30, 0x30, 0x30, 0x30, 0x30, 0x30, 0x30, 0x30, 0x30, 0x30, 0x30, 0x30, 0x30, 0x30, 0x30,
	0x30, 0x30, 0x30, 0x30, 0x30, 0x30, 0x30, 0x30, 0x30, 0x30, 0x30, 0x30, 0x30, 0x30, 0x30, 0x30,
	0x30, 0x30, 0x30, 0x30, 0x30, 0x30, 0x30, 0x30, 0x30, 0x30, 0x30, 0x30, 0x30, 0x30, 0x30, 0x30,
	0x30, 0x30, 0x30, 0x30, 0x30, 0x30, 0x30, 0x30, 0x30, 0x30, 0x30, 0x30, 0x30, 0x30, 0x30, 0x30,
	0x30, 0x30, 0x30, 0x30, 0x30, 0x30, 0x30, 0x30, 0x30, 0x30, 0x30, 0x30, 0x30, 0x30, 0x30, 0x30,
	0x30, 0x30, 0x30, 0x30, 0x30, 0x30, 0x30, 0x30, 0x30, 0x30, 0x30, 0x30, 0x30, 0x30, 0x30, 0x30,
	0x30, 0x30, 0x30, 0x30, 0x30, 0x30, 0x30, 0x30, 0x30, 0x30, 0x30, 0x30, 0x30, 0x30, 0x30, 0x30,
	0x30, 0x30, 0x30, 0x30, 0x30, 0x30, 0x30, 0x30, 0x30, 0x30, 0x30, 0x30, 0x30, 0x30, 0x30, 0x30,
	0x30, 0x30, 0x30, 0x30, 0x30, 0x30, 0x30, 0x30, 0x30, 0x30, 0x30, 0x30, 0x30, 0x30, 0x30, 0x30,
	0x30, 0x30, 0x30, 0x30, 0x30, 0x30, 0x30, 0x30, 0x30, 0x30, 0x30, 0x30, 0x30, 0x30, 0x30, 0x30,
	0x30, 0x30, 0x30, 0x30, 0x30, 0x30, 0x30, 0x30, 0x30, 0x30, 0x30, 0x30, 0x30, 0x30, 0x30, 0x30,
	0x30, 0x30, 0x30, 0x30, 0x30, 0x30, 0x30, 0x30, 0x30, 0x30, 0x30, 0x30, 0x30, 0x30, 0x30, 0x30,
	0x30, 0x30, 0x30, 0x30, 0x30, 0x30, 0x30, 0x30, 0x30, 0x30, 0x30, 0x30, 0x30, 0x30, 0x30, 0x30,
	0x30, 0x30, 0x30, 0x30, 0x30, 0x30, 0x30, 0x30, 0x30, 0x30, 0x30, 0x30, 0x30, 0x30, 0x30, 0x30,
	0x30, 0x30, 0x30, 0x30, 0x30, 0x30, 0x30, 0x30, 0x30, 0x30, 0x30, 0x30, 0x30, 0x30, 0x30, 0x30,
	0x30, 0x30, 0x30, 0x30, 0x30, 0x30, 0x30, 0x30, 0x30, 0x30, 0x30, 0x30, 0x30, 0x30, 0x30, 0x30,
	0x30, 0x30, 0x30, 0x30, 0x30, 0x30, 0x30, 0x30, 0x30, 0x30, 0x30, 0x30, 0x30, 0x30, 0x30, 0x30,
	0x30, 0x30, 0x30, 0x30, 0x30, 0x30, 0x30, 0x30, 0x30, 0x30, 0x30, 0x30, 0x30, 0x30, 0x30, 0x30,
	0x30, 0x30, 0x30, 0x30, 0x30, 0x30, 0x30, 0x30, 0x30, 0x30, 0x30, 0x30, 0x30, 0x30, 0x30, 0x30,
	0x30, 0x30, 0x30, 0x30, 0x30, 0x30, 0x30, 0x30, 0x30, 0x30, 0x30, 0x30, 0x30, 0x30, 0x30, 0x30,
	0x30, 0x30, 0x30, 0x30, 0x30, 0x30, 0x30, 0x30, 0x30, 0x30, 0x30, 0x30, 0x30, 0x30, 0x30, 0x30,
	0x30, 0x30, 0x30, 0x30, 0x30, 0x30, 0x30, 0x30, 0x30, 0x30, 0x30, 0x30, 0x30, 0x30, 0x30, 0x30,
	0x30, 0x30, 0x30, 0x30, 0x30, 0x30, 0x30, 0x30, 0x30, 0x30, 0x30, 0x30, 0x30, 0x30, 0x30, 0x30,
	0x30, 0x30, 0x30, 0x30, 0x30, 0x30, 0x30, 0x30, 0x30, 0x30, 0x30, 0x30, 0x30, 0x30, 0x30, 0x30,
	0x30, 0x30, 0x30, 0x30, 0x30, 0x30, 0x30, 0x30, 0x30, 0x30, 0x30, 0x30, 0x30, 0x30, 0x30, 0x30,
	0x30, 0x30, 0x30, 0x30, 0x30, 0x30, 0x30, 0x30, 0x30, 0x30, 0x30, 0x30, 0x30, 0x30, 0x30, 0x30,
	0x30, 0x30, 0x30, 0x30, 0x30, 0x30, 0x30, 0x30, 0x30, 0x30, 0x30, 0x30, 0x30, 0x30, 0x30, 0x30,
	0x30, 0x30, 0x30, 0x30, 0x30, 0x30, 0x30, 0x30, 0x30, 0x30, 0x30, 0x30, 0x30, 0x30, 0x30, 0x30,
	0x30, 0x30, 0x30, 0x30, 0x30, 0x30, 0x30, 0x30, 0x30, 0x30, 0x30, 0x30, 0x30, 0x30, 0x30, 0x30,
	0x30, 0x30, 0x30, 0x30, 0x30, 0x30, 0x30, 0x30, 0x30, 0x30, 0x30, 0x30, 0x30, 0x30, 0x30, 0x30,
	0x30, 0x30, 0x30, 0x30, 0x30, 0x30, 0x30, 0x30, 0x30, 0x30, 0x30, 0x30, 0x30, 0x30, 0x30, 0x30,
	0x30, 0x30, 0x30, 0x30, 0x30, 0x30, 0x30, 0x30, 0x30, 0x30, 0x30, 0x30, 0x30, 0x30, 0x30, 0x30,
	0x30, 0x30, 0x30, 0x30, 0x30, 0x30, 0x30, 0x30, 0x30, 0x30, 0x30, 0x30, 0x30, 0x30, 0x30, 0x30,
	0x30, 0x30, 0x30, 0x30, 0x30, 0x30, 0x30, 0x30, 0x30, 0x30, 0x30, 0x30, 0x30, 0x30, 0x30, 0x30,
	0x30, 0x30, 0x30, 0x30, 0x30, 0x30, 0x30, 0x30, 0x30, 0x30, 0x30, 0x30, 0x30, 0x30, 0x30, 0x30,
	0x30, 0x30, 0x30, 0x30, 0x30, 0x30, 0x30, 0x30, 0x30, 0x30, 0x30, 0x30, 0x30, 0x30, 0x30, 0x30,
	0x30, 0x30, 0x30, 0x30, 0x30, 0x30, 0x30, 0x30, 0x30, 0x30, 0x30, 0x30, 0x30, 0x30, 0x30, 0x30,
	0x30, 0x30, 0x30, 0x30, 0x30, 0x30, 0x30, 0x30, 0x30, 0x30, 0x30, 0x30, 0x30, 0x30, 0x30, 0x30,
	0x30, 0x30, 0x30, 0x30, 0x30, 0x30, 0x30, 0x30, 0x30, 0x30, 0x30, 0x30, 0x30, 0x30, 0x30, 0x30,
	0x30, 0x30, 0x30, 0x30, 0x30, 0x30, 0x30, 0x30, 0x30, 0x30, 0x30, 0x30, 0x30, 0x30, 0x30, 0x30,
	0x30, 0x30, 0x30, 0x30, 0x30, 0x30, 0x30, 0x30, 0x30, 0x30, 0x30, 0x30, 0x30, 0x30, 0x30, 0x30,
	0x30, 0x30, 0x30, 0x30, 0x30, 0x30, 0x30, 0x30, 0x30, 0x30, 0x30, 0x30, 0x30, 0x30, 0x30, 0x30,
	0x30, 0x30, 0x30, 0x30, 0x30, 0x30, 0x30, 0x30, 0x30, 0x30, 0x30, 0x30, 0x30, 0x30, 0x30, 0x30,
	0x30, 0x30, 0x30, 0x30, 0x30, 0x30, 0x30, 0x30, 0x30, 0x30, 0x30, 0x30, 0x30, 0x30, 0x30, 0x30,
	0x30, 0x30, 0x30, 0x30, 0x30, 0x30, 0x30, 0x30, 0x30, 0x30, 0x30, 0x30, 0x30, 0x30, 0x30, 0x30,
	0x30, 0x30, 0x30, 0x30, 0x30, 0x30, 0x30, 0x30, 0x30, 0x30, 0x30, 0x30, 0x30, 0x30, 0x30, 0x30,
	0x30, 0x30, 0x30, 0x30, 0x30, 0x30, 0x30, 0x30, 0x30, 0x30, 0x30, 0x30, 0x30, 0x30, 0x30, 0x30,
	0x30, 0x30, 0x30, 0x30, 0x30, 0x30, 0x30, 0x30, 0x30, 0x30, 0x30, 0x30, 0x30, 0x30, 0x30, 0x30,
	0x30, 0x30, 0x30, 0x30, 0x30, 0x30, 0x30, 0x30, 0x30, 0x30, 0x30, 0x30, 0x30, 0x30, 0x30, 0x30,
	0x30, 0x30, 0x30, 0x30, 0x30, 0x30, 0x30, 0x30, 0x30, 0x30, 0x30, 0x30, 0x30, 0x30, 0x30, 0x30,
	0x77, 0x77, 0x77, 0x77, 0x77, 0x77, 0x77, 0x77, 0x77, 0x77, 0x77, 0x77, 0x77, 0x77, 0x77, 0x77,
	0x77, 0x77, 0x77, 0x77, 0x77, 0x77, 0x77, 0x77, 0x77, 0x77, 0x77, 0x77, 0x77, 0x77, 0x77, 0x77,
	0x77, 0x77, 0x77, 0x77, 0x77, 0x77, 0x77, 0x77, 0x77, 0x77, 0x77, 0x77, 0x77, 0x77, 0x77, 0x77,
	0x77, 0x77, 0x77, 0x77, 0x77, 0x77, 0x77, 0x77, 0x77, 0x77, 0x77, 0x77, 0x77, 0x77, 0x77, 0x77,
	0x77, 0x77, 0x77, 0x77, 0x77, 0x77, 0x77, 0x77, 0x77, 0x77, 0x77, 0x77, 0x77, 0x77, 0x77, 0x77,
	0x77, 0x77, 0x77, 0x77, 0x77, 0x77, 0x77, 0x77, 0x77, 0x77, 0x77, 0x77, 0x77, 0x77, 0x77, 0x77,
	0x77, 0x77, 0x77, 0x77, 0x77, 0x77, 0x77, 0x77, 0x77, 0x77, 0x77, 0x77, 0x77, 0x77, 0x77, 0x77,
	0x77, 0x77, 0x77, 0x77, 0x77, 0x77, 0x77, 0x77, 0x77, 0x77, 0x77, 0x77, 0x77, 0x77, 0x77, 0x77,
	0x77, 0x77, 0x77, 0x77, 0x77, 0x77, 0x77, 0x77, 0x77, 0x77, 0x77, 0x77, 0x77, 0x77, 0x77, 0x77,
	0x77, 0x77, 0x77, 0x77, 0x77, 0x77, 0x77, 0x77, 0x77, 0x77, 0x77, 0x77, 0x77, 0x77, 0x77, 0x77,
	0x77, 0x77, 0x77, 0x77, 0x77, 0x77, 0x77, 0x77, 0x77, 0x77, 0x77, 0x77, 0x77, 0x77, 0x77, 0x77,
	0x77, 0x77, 0x77, 0x77, 0x77, 0x77, 0x77, 0x77, 0x77, 0x77, 0x77, 0x77, 0x77, 0x77, 0x77, 0x77,
	0x77, 0x77, 0x77, 0x77, 0x77, 0x77, 0x77, 0x77, 0x77, 0x77, 0x77, 0x77, 0x77, 0x77, 0x77, 0x77,
	0x77, 0x77, 0x77, 0x77, 0x77, 0x77, 0x77, 0x77, 0x77, 0x77, 0x77, 0x77, 0x77, 0x77, 0x77, 0x77,
	0x77, 0x77, 0x77, 0x77, 0x77, 0x77, 0x77, 0x77, 0x77, 0x77, 0x77, 0x77, 0x77, 0x77, 0x77, 0x77,
	0x77, 0x77, 0x77, 0x77, 0x77, 0x77, 0x77, 0x77, 0x77, 0x77, 0x77, 0x77, 0x77, 0x77, 0x77, 0x77,
	0x77, 0x77, 0x77, 0x77, 0x77, 0x77, 0x77, 0x77, 0x77, 0x77, 0x77, 0x77, 0x77, 0x77, 0x77, 0x77,
	0x77, 0x77, 0x77, 0x77, 0x77, 0x77, 0x77, 0x77, 0x77, 0x77, 0x77, 0x77, 0x77, 0x77, 0x77, 0x77,
	0x77, 0x77, 0x77, 0x77, 0x77, 0x77, 0x77, 0x77, 0x77, 0x77, 0x77, 0x77, 0x77, 0x77, 0x77, 0x77,
	0x77, 0x77, 0x77, 0x77, 0x77, 0x77, 0x77, 0x77, 0x77, 0x77, 0x77, 0x77, 0x77, 0x77, 0x77, 0x77,
	0x77, 0x77, 0x77, 0x77, 0x77, 0x77, 0x77, 0x77, 0x77, 0x77, 0x77, 0x77, 0x77, 0x77, 0x77, 0x77,
	0x77, 0x77, 0x77, 0x77, 0x77, 0x77, 0x77, 0x77, 0x77, 0x77, 0x77, 0x77, 0x77, 0x68, 0x30, 0x30,
	0x60, 0x60, 0x60, 0x60, 0x60, 0x60, 0x60, 0x60, 0x60, 0x60, 0x60, 0x60, 0x60, 0x60, 0x60, 0x60,
	0x60, 0x60, 0x60, 0x60, 0x60, 0x60, 0x60, 0x60, 0x60, 0x60, 0x60, 0x60, 0x60, 0x60, 0x60, 0x60,
	0x30, 0x30, 0x30, 0x30, 0x30, 0x30, 0x30, 0x30, 0x30, 0x30, 0x30, 0x30, 0x30, 0x30, 0x30, 0x30,
	0x30, 0x30, 0x30, 0x30, 0x30, 0x30, 0x30, 0x30, 0x30, 0x30, 0x30, 0x30, 0x30, 0x30, 0x30, 0x30,
	0x30, 0x30, 0x30, 0x30, 0x30, 0x30, 0x30, 0x30, 0x30, 0x30, 0x30, 0x30, 0x30, 0x30, 0x30, 0x30,
	0x30, 0x30, 0x30, 0x30, 0x30, 0x30, 0x30, 0x30, 0x30, 0x30, 0x30, 0x30, 0x30, 0x30, 0x30, 0x30,
	0x30, 0x30, 0x30, 0x30, 0x30, 0x30, 0x30, 0x30, 0x30, 0x30, 0x30, 0x30, 0x30, 0x30, 0x30, 0x30,
	0x30, 0x30, 0x30, 0x30, 0x30, 0x30, 0x30, 0x30, 0x30, 0x30, 0x30, 0x30, 0x30, 0x30, 0x30, 0x30,
	0x30, 0x30, 0x30, 0x30, 0x30, 0x30, 0x30, 0x30, 0x30, 0x30, 0x30, 0x30, 0x30, 0x30, 0x30, 0x30,
	0x30, 0x30, 0x30, 0x30, 0x30, 0x30, 0x30, 0x30, 0x30, 0x30, 0x30, 0x30, 0x30, 0x30, 0x30, 0x30,
	0x30, 0x30, 0x30, 0x30, 0x30, 0x30, 0x30, 0x30, 0x30, 0x30, 0x30, 0x30, 0x30, 0x30, 0x30, 0x30,
	0x30, 0x30, 0x30, 0x30, 0x30, 0x30, 0x30, 0x30, 0x30, 0x30, 0x30, 0x30, 0x30, 0x30, 0x30, 0x30,
	0x30, 0x30, 0x30, 0x30, 0x30, 0x30, 0x30, 0x30, 0x30, 0x30, 0x30, 0x30, 0x30, 0x30, 0x30, 0x30,
	0x30, 0x30, 0x30, 0x30, 0x30, 0x30, 0x30, 0x30, 0x30, 0x30, 0x30, 0x30, 0x30, 0x30, 0x30, 0x30,
	0x30, 0x30, 0x30, 0x30, 0x30, 0x30, 0x30, 0x30, 0x30, 0x30, 0x30, 0x30, 0x30, 0x30, 0x30, 0x30,
	0x30, 0x30, 0x30, 0x30, 0x30, 0x30, 0x30, 0x30, 0x30, 0x30, 0x30, 0x30, 0x30, 0x30, 0x30, 0x30,
	0x30, 0x30, 0x30, 0x30, 0x30, 0x30, 0x30, 0x30, 0x30, 0x30, 0x30, 0x30, 0x30, 0x30, 0x30, 0x30,
	0x30, 0x30, 0x30, 0x30, 0x30, 0x30, 0x30, 0x30, 0x30, 0x30, 0x30, 0x30, 0x30, 0x30, 0x30, 0x30,
	0x30, 0x30, 0x30, 0x30, 0x30, 0x30, 0x30, 0x30, 0x30, 0x30, 0x30, 0x30, 0x30, 0x30, 0x30, 0x30,
	0x30, 0x30, 0x30, 0x30, 0x30, 0x30, 0x30, 0x30, 0x30, 0x30, 0x30, 0x30, 0x30, 0x30, 0x30, 0x30,
	0x30, 0x30, 0x30, 0x30, 0x30, 0x30, 0x30, 0x30, 0x30, 0x30, 0x30, 0x30, 0x30, 0x30, 0x30, 0x30,
	0x30, 0x30, 0x30, 0x30, 0x30, 0x30, 0x30, 0x30, 0x30, 0x30, 0x30, 0x30, 0x30, 0x30, 0x30, 0x30,
	0x80, 0x80, 0xc0, 0x100, 0xc0, 0x140, 0xc0, 0xc0, 0xc0, 0xc0, 0xc0, 0xc0, 0xc0, 0xc0, 0xc0, 0xc0,
	0xc0, 0xc0, 0xc0, 0xc0, 0xc0, 0xc0, 0xc0, 0xc0, 0xc0, 0xc0, 0xc0, 0xc0, 0xc0, 0xc0, 0xc0, 0xc0
};

static constexpr uint32_t s_coll_cebTrieData[512] = {
	0xcb, 0x0, 0x0, 0x0, 0x0, 0x0, 0x0, 0x0,
	0x0, 0x3040505, 0x3060505, 0x3080505, 0x30a0505, 0x30c0505, 0x0, 0x0,
	0x0, 0x0, 0x0, 0x0, 0x0, 0x0, 0x0, 0x0,
	0x0, 0x0, 0x0, 0x0, 0x0, 0x0, 0x0, 0x0,
	0x4000505, 0x75a0505, 0x9760505, 0xa940505, 0xda90505, 0xa960505, 0xa8e0505, 0x9700505,
	0x97c0505, 0x97e0505, 0xa7e0505, 0xc7b0505, 0x6000505, 0x50e0505, 0x8000505, 0xa880505,
	0x820ca, 0x841ca, 0x862ca, 0x883ca, 0x8a4ca, 0x8c5ca, 0x8e6ca, 0x907ca,
	0x928ca, 0x949ca, 0x7360505, 0x72a0505, 0xc850505, 0xc870505, 0xc890505, 0x7640505,
	0xa7c0505, 0x2b00059c, 0x2d00059c, 0x2f00059c, 0x3100059c, 0x3300059c, 0x3500059c, 0x3700059c,
	0x3900059c, 0x3b00059c, 0x3d00059c, 0x3f00059c, 0x4100059c, 0x4300059c, 0x4c9, 0x4700059c,
	0x4900059c, 0x4b00059c, 0x4d00059c, 0x4f00059c, 0x5100059c, 0x5300059c, 0x5500059c, 0x570005a0,
	0x5900059c, 0x5b00059c, 0x5d00059c, 0x9800505, 0xa8a0505, 0x9820505, 0xc0a0505, 0x50a0505,
	0xc040505, 0x2b000505, 0x2d000505, 0x2f000505, 0x31000505, 0x33000505, 0x35000505, 0x37000505,
	0x39000505, 0x3b000505, 0x3d000505, 0x3f000505, 0x41000505, 0x43000505, 0x7c4c9, 0x47000505,
	0x49000505, 0x4b000505, 0x4d000505, 0x4f000505, 0x51000505, 0x53000505, 0x55000505, 0x57000505,
	0x59000505, 0x5b000505, 0x5d000505, 0x9840505, 0xc8d0505, 0x9860505, 0xc910505, 0x0,
	0xfffd0505, 0xfffd0505, 0xfffd0505, 0xfffd0505, 0xfffd0505, 0xfffd0505, 0xfffd0505, 0xfffd0505,
	0xfffd0505, 0xfffd0505, 0xfffd0505, 0xfffd0505, 0xfffd0505, 0xfffd0505, 0xfffd0505, 0xfffd0505,
	0xfffd0505, 0xfffd0505, 0xfffd0505, 0xfffd0505, 0xfffd0505, 0xfffd0505, 0xfffd0505, 0xfffd0505,
	0xfffd0505, 0xfffd0505, 0xfffd0505, 0xfffd0505, 0xfffd0505, 0xfffd0505, 0xfffd0505, 0xfffd0505,
	0xfffd0505, 0xfffd0505, 0xfffd0505, 0xfffd0505, 0xfffd0505, 0xfffd0505, 0xfffd0505, 0xfffd0505,
	0xfffd0505, 0xfffd0505, 0xfffd0505, 0xfffd0505, 0xfffd0505, 0xfffd0505, 0xfffd0505, 0xfffd0505,
	0xfffd0505, 0xfffd0505, 0xfffd0505, 0xfffd0505, 0xfffd0505, 0xfffd0505, 0xfffd0505, 0xfffd0505,
	0xfffd0505, 0xfffd0505, 0xfffd0505, 0xfffd0505, 0xfffd0505, 0xfffd0505, 0xfffd0505, 0xfffd0505,
	0xc0, 0xc0, 0xc0, 0xc0, 0xc0, 0xc0, 0xc0, 0xc0,
	0xc0, 0xc0, 0xc0, 0xc0, 0xc0, 0xc0, 0xc0, 0xc0,
	0xc0, 0xc0, 0xc0, 0xc0, 0xc0, 0xc0, 0xc0, 0xc0,
	0xc0, 0xc0, 0xc0, 0xc0, 0xc0, 0xc0, 0xc0, 0xc0,
	0xc0, 0xc0, 0xc0, 0xc0, 0xc0, 0xc0, 0xc0, 0xc0,
	0xc0, 0xc0, 0xc0, 0xc0, 0xc0, 0xc0, 0xc0, 0xc0,
	0xc0, 0xc0, 0xc0, 0xc0, 0xc0, 0xc0, 0xc0, 0xc0,
	0xc0, 0xc0, 0xc0, 0xc0, 0xc0, 0xc0, 0xc0, 0xc0,
	0x2b9c8ac4, 0x2b9c88c4, 0x2b9c8ec4, 0x2b9c9ac4, 0x2b9c96c4, 0x2b9c92c4, 0x762c5, 0x2f9ca0c4,
	0x339c8ac4, 0x339c88c4, 0x339c8ec4, 0x339c96c4, 0x3b9c8ac4, 0x3b9c88c4, 0x3b9c8ec4, 0x3b9c96c4,
	0x310070a0, 0x46020586, 0x479c8ac4, 0x479c88c4, 0x479c8ec4, 0x479c9ac4, 0x479c96c4, 0xc830505,
	0x479c9ec4, 0x539c8ac4, 0x539c88c4, 0x539c8ec4, 0x539c96c4, 0x5b9c88c4, 0x5e2805a0, 0x7a2c5,
	0x2b058ac4, 0x2b0588c4, 0x2b058ec4, 0x2b059ac4, 0x2b0596c4, 0x2b0592c4, 0x7e2c5, 0x2f05a0c4,
	0x33058ac4, 0x330588c4, 0x33058ec4, 0x330596c4, 0x3b058ac4, 0x3b0588c4, 0x3b058ec4, 0x3b0596c4,
	0x31007005, 0x46020505, 0x47058ac4, 0x470588c4, 0x47058ec4, 0x47059ac4, 0x470596c4, 0xc810505,
	0x47059ec4, 0x53058ac4, 0x530588c4, 0x53058ec4, 0x530596c4, 0x5b0588c4, 0x5e280505, 0x5b0596c4,
	0xc0, 0xc0, 0xc0, 0xc0, 0xc0, 0xc06c9, 0xcc6c9, 0xc0,
	0xc0, 0xc0, 0xc0, 0xc0, 0xc0, 0xc0, 0xc0, 0xc0,
	0xc0, 0xc0, 0xc0, 0xc0, 0xc0, 0xc0, 0xc0, 0xc0,
	0xc0, 0xc0, 0xc0, 0xc0, 0xc0, 0xc0, 0xc0, 0xc0,
	0xc0, 0xc0, 0xc0, 0xc0, 0xc0, 0xc0, 0xc0, 0xc0,
	0xc0, 0xc0, 0xc0, 0xc0, 0xc0, 0xc0, 0xc0, 0xc0,
	0xc0, 0xc0, 0xc0, 0xc0, 0xc0, 0xc0, 0xc0, 0xc0,
	0xc0, 0xc0, 0xc0, 0xc0, 0xc0, 0xc0, 0xc0, 0xc0,
	0x1cd, 0x1cd, 0x1cd, 0x1cd, 0x1cd, 0x1cd, 0x1cd, 0x1cd,
	0x1cd, 0x1cd, 0x1cd, 0x1cd, 0x1cd, 0x1cd, 0x1cd, 0x1cd,
	0x1cd, 0x1cd, 0x1cd, 0x1cd, 0x1cd, 0x1cd, 0x1cd, 0x1cd,
	0x1cd, 0x1cd, 0x1cd, 0x1cd, 0x1cd, 0x1cd, 0x1cd, 0x1cd,
	0x1cc, 0x1cc, 0x1cc, 0x1cc, 0xc0, 0xc0, 0xc0, 0xc0,
	0xc0, 0xc0, 0xc0, 0xc0, 0xc0, 0xc0, 0xc0, 0xc0,
	0xc0, 0xc0, 0xc0, 0xc0, 0xc0, 0xc0, 0xc0, 0xc0,
	0xc0, 0xc0, 0xc0, 0xc0, 0xc0, 0xc0, 0xc0, 0xc0,
	0xc0, 0xc0, 0xd86c9, 0xe46c9, 0xf06c9, 0xfc6c9, 0x1086c9, 0x1146c9,
	0xc0, 0xc0, 0xc0, 0xc0, 0xc0, 0xc0, 0xc0, 0xc0,
	0xc0, 0xc0, 0xc0, 0xc0, 0xc0, 0xc0, 0xc0, 0xc0,
	0xc0, 0xc0, 0xc0, 0xc0, 0x1cc, 0x1cc, 0x1cc, 0x1cc,
	0x1cc, 0x1cc, 0x1cc, 0x1cc, 0x1cc, 0x1cc, 0x1cc, 0x1cc,
	0x1cc, 0x1cc, 0x1cc, 0x1cc, 0x1cc, 0x1cc, 0x1cc, 0x1cc,
	0x1cc, 0x1cc, 0x1cc, 0x1cc, 0x1cc, 0x1cc, 0x1cc, 0x1cc,
	0x1cc, 0x1cc, 0x1cc, 0x1cc, 0xc0, 0xc0, 0xc0, 0xc0
};

static constexpr int32_t s_coll_cebTrieIndexLength = 2112;
static constexpr int32_t s_coll_cebTrieDataLength = 512;
static constexpr char32_t s_coll_cebTrieHighStart = 0xe000;
static constexpr int32_t s_coll_cebTrieHighValueIndex = 508;

static constexpr uint32_t s_coll_cebCe32s[75] = {
	0x0, 0x46030587, 0x8e05, 0x46030546, 0x8e05, 0x46030587, 0x8c05, 0x46030546,
	0x8c05, 0x46030587, 0x9c05, 0x46030546, 0x9c05, 0x46030587, 0xa005, 0x46030546,
	0xa005, 0x46030587, 0x9005, 0x46030546, 0x9005, 0x46030587, 0x8805, 0x46030546,
	0x8805, 0x46030587, 0xa405, 0x46030546, 0xa405, 0x46030505, 0x8e05, 0x46030505,
	0x8c05, 0x46030505, 0x9c05, 0x46030505, 0xa005, 0x46030505, 0x9005, 0x46030505,
	0x8805, 0x46030505, 0xa405, 0x46020586, 0xa005, 0x46020505, 0xa005, 0x46020586,
	0xc405, 0x46020505, 0xc405, 0x46020586, 0xd205, 0x46020505, 0xd205, 0x46020586,
	0xcc05, 0x46020505, 0xcc05, 0x2b0070a0, 0x330005a2, 0x4f007005, 0x4f000513, 0x2b007005,
	0x33000513, 0x12000505, 0x14000505, 0x16000505, 0x18000505, 0x1a000505, 0x1c000505, 0x1e000505,
	0x20000505, 0x22000505, 0x24000505
};

static constexpr char16_t s_coll_cebContexts[144] = {
	0x4500, 0x59c, 0x10, 0x122, 0x1e, 0x1f4, 0x10, 0x1f4, 0xc002, 0xa2c5, 0x1f5, 0xc002,
	0xe2c5, 0x303, 0xffff, 0x4602, 0x586, 0x1e20, 0xc003, 0x22c5, 0x1e21, 0xc003, 0x62c5, 0x122,
	0xc001, 0xa2c5, 0x123, 0xc001, 0xe2c5, 0x1e6, 0xc002, 0x22c5, 0x1e7, 0xc002, 0x62c5, 0x11e,
	0xc, 0x11e, 0xc000, 0xa2c5, 0x11f, 0xc000, 0xe2c5, 0x120, 0xc001, 0x22c5, 0x121, 0xc001,
	0x62c5, 0x47, 0xffff, 0x4603, 0x587, 0x67, 0xffff, 0x4603, 0x546, 0x11c, 0xa2c5, 0x11d,
	0xc000, 0x62c5, 0x4500, 0x505, 0x8, 0x123, 0x10, 0x123, 0xc004, 0x62c5, 0x1e7, 0xc004,
	0xa2c5, 0x1f5, 0xc004, 0xe2c5, 0x303, 0xffff, 0x4602, 0x505, 0x1e21, 0xc005, 0x22c5, 0x67,
	0xffff, 0x4603, 0x505, 0x11d, 0xc003, 0xa2c5, 0x11f, 0xc003, 0xe2c5, 0x121, 0xc004, 0x22c5,
	0x459c, 0xa0c4, 0x30, 0x303, 0xc005, 0x62c5, 0x4505, 0xa0c4, 0x30, 0x303, 0xc005, 0xa2c5,
	0x459c, 0xc4c4, 0x30, 0x303, 0xc005, 0xe2c5, 0x4505, 0xc4c4, 0x30, 0x303, 0xc006, 0x22c5,
	0x459c, 0xd2c4, 0x30, 0x303, 0xc006, 0x62c5, 0x4505, 0xd2c4, 0x30, 0x303, 0xc006, 0xa2c5,
	0x459c, 0xccc4, 0x30, 0x303, 0xc006, 0xe2c5, 0x4505, 0xccc4, 0x30, 0x303, 0xc007, 0x22c5
};

static constexpr uint16_t s_coll_cebFastLatin[518] = {
	0x205, 0xc40, 0xde0, 0xe80, 0xea8, 0x418, 0x0, 0x0, 0x0, 0x0, 0x0, 0x0,
	0x0, 0x0, 0xc00, 0xc08, 0xc10, 0xc18, 0xc20, 0x0, 0x0, 0x0, 0x0, 0x0,
	0x0, 0x0, 0x0, 0x0, 0x0, 0x0, 0x0, 0x0, 0x0, 0x0, 0x0, 0x0,
	0x0, 0xc40, 0xca8, 0xcf0, 0xd78, 0xe98, 0xd80, 0xd70, 0xcd8, 0xd08, 0xd10, 0xd58,
	0xe30, 0xc90, 0xc60, 0xcd0, 0xd60, 0x10a8, 0x14a8, 0x18a8, 0x1ca8, 0x20a8, 0x24a8, 0x28a8,
	0x2ca8, 0x30a8, 0x34a8, 0xca0, 0xc98, 0xe50, 0xe58, 0xe60, 0xcb8, 0xd50, 0x38b9, 0x3cb9,
	0x40b9, 0x44b9, 0x48ba, 0x4cb9, 0x50b9, 0x54b9, 0x58ba, 0x60ba, 0x64b9, 0x68b9, 0x6cb9, 0x41a,
	0x80b9, 0x84b9, 0x88b9, 0x90b9, 0x94ba, 0x98b9, 0xa0b9, 0xa4b9, 0xa8b9, 0xacb9, 0xb0b9, 0xb4b9,
	0xd18, 0xd68, 0xd20, 0xdf8, 0xc50, 0xde8, 0x38a8, 0x3ca8, 0x40a8, 0x44a8, 0x48a8, 0x4ca8,
	0x50a8, 0x54a8, 0x58a8, 0x60a8, 0x64a8, 0x68a8, 0x6ca8, 0x430, 0x80a8, 0x84a8, 0x88a8, 0x90a8,
	0x94a8, 0x98a8, 0xa0a8, 0xa4a8, 0xa8a8, 0xaca8, 0xb0a8, 0xb4a8, 0xd28, 0xe70, 0xd30, 0xe80,
	0x0, 0x0, 0x0, 0x0, 0x0, 0x0, 0xc28, 0x0, 0x0, 0x0, 0x0, 0x0,
	0x0, 0x0, 0x0, 0x0, 0x0, 0x0, 0x0, 0x0, 0x0, 0x0, 0x0, 0x0,
	0x0, 0x0, 0x0, 0x0, 0x0, 0x0, 0x0, 0x0, 0x0, 0xc42, 0xcb0, 0xe90,
	0xea0, 0xe88, 0xea8, 0xe78, 0xd40, 0xe08, 0xe20, 0x38aa, 0xcf8, 0xe68, 0x0, 0xe28,
	0xe00, 0xe18, 0xe38, 0x18a9, 0x1ca9, 0xdf0, 0x1, 0xd48, 0x1, 0xe10, 0x14a9, 0x80aa,
	0xd00, 0x1, 0x1, 0x1, 0xcc0, 0x39b9, 0x3999, 0x39f9, 0x3a99, 0x3a59, 0x3a39, 0x800,
	0x42f9, 0x49ba, 0x499a, 0x49fa, 0x4a5a, 0x59ba, 0x599a, 0x59fa, 0x5a5a, 0x44d9, 0x74b9, 0x81b9,
	0x8199, 0x81f9, 0x8299, 0x8259, 0xe48, 0x82d9, 0xa1b9, 0xa199, 0xa1f9, 0xa259, 0xb199, 0xb8b9,
	0x802, 0x39a8, 0x3988, 0x39e8, 0x3a88, 0x3a48, 0x3a28, 0x804, 0x42e8, 0x49a8, 0x4988, 0x49e8,
	0x4a48, 0x59a8, 0x5988, 0x59e8, 0x5a48, 0x44c8, 0x74a8, 0x81a8, 0x8188, 0x81e8, 0x8288, 0x8248,
	0xe40, 0x82c8, 0xa1a8, 0xa188, 0xa1e8, 0xa248, 0xb188, 0xb8a8, 0xb248, 0x3b39, 0x3b28, 0x39d9,
	0x39c8, 0x3b19, 0x3b08, 0x4199, 0x4188, 0x41f9, 0x41e8, 0x42b9, 0x42a8, 0x4219, 0x4208, 0x4619,
	0x4608, 0x4759, 0x4748, 0x4b3a, 0x4b28, 0x49da, 0x49c8, 0x4aba, 0x4aa8, 0x4b1a, 0x4b08, 0x4a1a,
	0x4a08, 0x51f9, 0x51e8, 0x51d9, 0x51c8, 0x52b9, 0x52a8, 0x52f9, 0x52e8, 0x55f9, 0x55e8, 0x5759,
	0x5748, 0x5a9a, 0x5a88, 0x5b3a, 0x5b28, 0x59da, 0x59c8, 0x5b1a, 0x5b08, 0x5aba, 0x5ca8, 0x806,
	0x808, 0x61fa, 0x61e8, 0x66f9, 0x66e8, 0x8ca8, 0x6999, 0x6988, 0x6af9, 0x6ae8, 0x6a19, 0x6a08,
	0x6b79, 0x6b68, 0x6b59, 0x6b48, 0x719a, 0x7188, 0x43c, 0x43e, 0x721a, 0x7208, 0x80a, 0x7cb9,
	0x7ca8, 0x8339, 0x8328, 0x81d9, 0x81c8, 0x8279, 0x8268, 0x80c, 0x80e, 0x9199, 0x9188, 0x92f9,
	0x92e8, 0x9219, 0x9208, 0x959a, 0x9588, 0x95fa, 0x95e8, 0x96fa, 0x96e8, 0x961a, 0x9608, 0x9af9,
	0x9ae8, 0x9a19, 0x9a08, 0x9cb9, 0x9ca8, 0xa299, 0xa288, 0xa339, 0xa328, 0xa1d9, 0xa1c8, 0xa239,
	0xa228, 0xa279, 0xa268, 0xa319, 0xa308, 0xa9f9, 0xa9e8, 0xb1f9, 0xb1e8, 0xb259, 0xb599, 0xb588,
	0xb6b9, 0xb6a8, 0xb619, 0xb608, 0x94e8, 0xc41, 0xc41, 0xc41, 0xc41, 0xc41, 0xc41, 0xc41,
	0xc42, 0xc41, 0xc41, 0xc41, 0x0, 0x0, 0x0, 0x0, 0x0, 0xc68, 0xc69, 0xc70,
	0xc78, 0xc80, 0xc88, 0xd38, 0xc58, 0x1, 0x1, 0x1, 0x1, 0x1, 0x1, 0x1,
	0x1, 0xd98, 0xda0, 0xda8, 0xdb0, 0xcd1, 0x810, 0x1, 0xdb8, 0xc30, 0xc38, 0x0,
	0x0, 0x0, 0x0, 0x0, 0xc42, 0xd88, 0xd90, 0xdc0, 0x812, 0x1, 0xdc8, 0x814,
	0x1, 0xdd0, 0xce0, 0xce8, 0xdd8, 0x816, 0xcc8, 0xc48, 0xde0, 0x38d9, 0x48bb, 0x94c8,
	0x94a9, 0x38c8, 0x48a9, 0x58bb, 0x60bb, 0x58a9, 0x60a9, 0xbca9, 0x70a9, 0x80d9, 0x48bb, 0x80c8,
	0x48a9, 0xcd1, 0xcd1, 0xdc1, 0xdc1, 0xdc9, 0xdc9, 0xca9, 0xca9, 0x5ff, 0x0, 0x5ff,
	0x70ba, 0x447, 0x78ba, 0x467, 0x78b1, 0x51c, 0x79fa, 0x51d, 0x79f1, 0x51e, 0x79da, 0x51f,
	0x79d1, 0x520, 0x7aba, 0x521, 0x7ab1, 0x522, 0x7afa, 0x523, 0x7af1, 0x5ff, 0x70a8, 0x467,
	0x78a8, 0x51d, 0x79e8, 0x51f, 0x79c8, 0x521, 0x7aa8, 0x523, 0x7ae8, 0x5ff, 0x72fa, 0x5ff,
	0x72e8, 0x1ff
};

static constexpr uint16_t s_coll_cebFastLatinPrimaries[384] = {
	0x0, 0x0, 0x0, 0x0, 0x0, 0x0, 0x0, 0x0, 0x0, 0xc00, 0xc08, 0xc10,
	0xc18, 0xc20, 0x0, 0x0, 0x0, 0x0, 0x0, 0x0, 0x0, 0x0, 0x0, 0x0,
	0x0, 0x0, 0x0, 0x0, 0x0, 0x0, 0x0, 0x0, 0xc40, 0xca8, 0xcf0, 0xd78,
	0xe98, 0xd80, 0xd70, 0xcd8, 0xd08, 0xd10, 0xd58, 0xe30, 0xc90, 0xc60, 0xcd0, 0xd60,
	0x1000, 0x1400, 0x1800, 0x1c00, 0x2000, 0x2400, 0x2800, 0x2c00, 0x3000, 0x3400, 0xca0, 0xc98,
	0xe50, 0xe58, 0xe60, 0xcb8, 0xd50, 0x3800, 0x3c00, 0x4000, 0x4400, 0x4800, 0x4c00, 0x5000,
	0x5400, 0x5800, 0x6000, 0x6400, 0x6800, 0x6c00, 0x0, 0x8000, 0x8400, 0x8800, 0x9000, 0x9400,
	0x9800, 0xa000, 0xa400, 0xa800, 0xac00, 0xb000, 0xb400, 0xd18, 0xd68, 0xd20, 0xdf8, 0xc50,
	0xde8, 0x3800, 0x3c00, 0x4000, 0x4400, 0x4800, 0x4c00, 0x5000, 0x5400, 0x5800, 0x6000, 0x6400,
	0x6800, 0x6c00, 0x0, 0x8000, 0x8400, 0x8800, 0x9000, 0x9400, 0x9800, 0xa000, 0xa400, 0xa800,
	0xac00, 0xb000, 0xb400, 0xd28, 0xe70, 0xd30, 0xe80, 0x0, 0x0, 0x0, 0x0, 0x0,
	0x0, 0xc28, 0x0, 0x0, 0x0, 0x0, 0x0, 0x0, 0x0, 0x0, 0x0, 0x0,
	0x0, 0x0, 0x0, 0x0, 0x0, 0x0, 0x0, 0x0, 0x0, 0x0, 0x0, 0x0,
	0x0, 0x0, 0x0, 0x0, 0xc40, 0xcb0, 0xe90, 0xea0, 0xe88, 0xea8, 0xe78, 0xd40,
	0xe08, 0xe20, 0x3800, 0xcf8, 0xe68, 0x0, 0xe28, 0xe00, 0xe18, 0xe38, 0x1800, 0x1c00,
	0xdf0, 0x0, 0xd48, 0x0, 0xe10, 0x1400, 0x8000, 0xd00, 0x0, 0x0, 0x0, 0xcc0,
	0x3800, 0x3800, 0x3800, 0x3800, 0x3800, 0x3800, 0x0, 0x4000, 0x4800, 0x4800, 0x4800, 0x4800,
	0x5800, 0x5800, 0x5800, 0x5800, 0x4400, 0x7400, 0x8000, 0x8000, 0x8000, 0x8000, 0x8000, 0xe48,
	0x8000, 0xa000, 0xa000, 0xa000, 0xa000, 0xb000, 0xb800, 0x0, 0x3800, 0x3800, 0x3800, 0x3800,
	0x3800, 0x3800, 0x0, 0x4000, 0x4800, 0x4800, 0x4800, 0x4800, 0x5800, 0x5800, 0x5800, 0x5800,
	0x4400, 0x7400, 0x8000, 0x8000, 0x8000, 0x8000, 0x8000, 0xe40, 0x8000, 0xa000, 0xa000, 0xa000,
	0xa000, 0xb000, 0xb800, 0xb000, 0x3800, 0x3800, 0x3800, 0x3800, 0x3800, 0x3800, 0x4000, 0x4000,
	0x4000, 0x4000, 0x4000, 0x4000, 0x4000, 0x4000, 0x4400, 0x4400, 0x4400, 0x4400, 0x4800, 0x4800,
	0x4800, 0x4800, 0x4800, 0x4800, 0x4800, 0x4800, 0x4800, 0x4800, 0x5000, 0x5000, 0x5000, 0x5000,
	0x5000, 0x5000, 0x5000, 0x5000, 0x5400, 0x5400, 0x5400, 0x5400, 0x5800, 0x5800, 0x5800, 0x5800,
	0x5800, 0x5800, 0x5800, 0x5800, 0x5800, 0x5c00, 0x0, 0x0, 0x6000, 0x6000, 0x6400, 0x6400,
	0x8c00, 0x6800, 0x6800, 0x6800, 0x6800, 0x6800, 0x6800, 0x6800, 0x6800, 0x6800, 0x6800, 0x7000,
	0x7000, 0x0, 0x0, 0x7000, 0x7000, 0x0, 0x7c00, 0x7c00, 0x8000, 0x8000, 0x8000, 0x8000,
	0x8000, 0x8000, 0x0, 0x0, 0x9000, 0x9000, 0x9000, 0x9000, 0x9000, 0x9000, 0x9400, 0x9400,
	0x9400, 0x9400, 0x9400, 0x9400, 0x9400, 0x9400, 0x9800, 0x9800, 0x9800, 0x9800, 0x9c00, 0x9c00,
	0xa000, 0xa000, 0xa000, 0xa000, 0xa000, 0xa000, 0xa000, 0xa000, 0xa000, 0xa000, 0xa000, 0xa000,
	0xa800, 0xa800, 0xb000, 0xb000, 0xb000, 0xb400, 0xb400, 0xb400, 0xb400, 0xb400, 0xb400, 0x9400
};

static constexpr int32_t s_coll_cebFastLatinMiniVarTop = 0xbff;

static constexpr uint32_t s_coll_cebNumericPrimary = 0x10000000;
static constexpr int32_t s_coll_cebOptions = 0x2010;
static constexpr int32_t s_coll_cebJamoCe32sStart = -1;

static constexpr uint32_t s_coll_cebUnsafeBwd[854] = {
	0x34, 0x35, 0x47, 0x48, 0x4c, 0x4d, 0x67, 0x68, 0xa0, 0xa1, 0x11c, 0x124,
	0x1e6, 0x1e8, 0x1f4, 0x1f6, 0x300, 0x34f, 0x350, 0x370, 0x3a9, 0x3aa, 0x3e2, 0x3e3,
	0x42f, 0x430, 0x483, 0x488, 0x531, 0x532, 0x591, 0x5be, 0x5bf, 0x5c0, 0x5c1, 0x5c3,
	0x5c4, 0x5c6, 0x5c7, 0x5c8, 0x5d0, 0x5d1, 0x610, 0x61b, 0x628, 0x629, 0x64b, 0x660,
	0x670, 0x671, 0x6d6, 0x6dd, 0x6df, 0x6e5, 0x6e7, 0x6e9, 0x6ea, 0x6ee, 0x710, 0x712,
	0x730, 0x74b, 0x78c, 0x78d, 0x7ca, 0x7cb, 0x7eb, 0x7f4, 0x7fd, 0x7fe, 0x800, 0x801,
	0x816, 0x81a, 0x81b, 0x824, 0x825, 0x828, 0x829, 0x82e, 0x840, 0x841, 0x859, 0x85c,
	0x897, 0x8a0, 0x8ca, 0x8e2, 0x8e3, 0x900, 0x905, 0x906, 0x93c, 0x93d, 0x94d, 0x94e,
	0x951, 0x955, 0x995, 0x996, 0x9bc, 0x9bd, 0x9be, 0x9bf, 0x9cd, 0x9ce, 0x9d7, 0x9d8,
	0x9fe, 0x9ff, 0xa15, 0xa16, 0xa3c, 0xa3d, 0xa4d, 0xa4e, 0xa95, 0xa96, 0xabc, 0xabd,
	0xacd, 0xace, 0xb15, 0xb16, 0xb3c, 0xb3d, 0xb3e, 0xb3f, 0xb4d, 0xb4e, 0xb56, 0xb58,
	0xb95, 0xb96, 0xbbe, 0xbbf, 0xbcd, 0xbce, 0xbd7, 0xbd8, 0xc15, 0xc16, 0xc3c, 0xc3d,
	0xc4d, 0xc4e, 0xc55, 0xc57, 0xc95, 0xc96, 0xcbc, 0xcbd, 0xcc2, 0xcc3, 0xccd, 0xcce,
	0xcd5, 0xcd7, 0xd15, 0xd16, 0xd3b, 0xd3d, 0xd3e, 0xd3f, 0xd4d, 0xd4e, 0xd57, 0xd58,
	0xd85, 0xd86, 0xdca, 0xdcb, 0xdcf, 0xdd0, 0xddf, 0xde0, 0xe01, 0xe2f, 0xe32, 0xe33,
	0xe38, 0xe3b, 0xe48, 0xe4c, 0xe81, 0xe83, 0xe84, 0xe85, 0xe86, 0xe8b, 0xe8c, 0xea4,
	0xea5, 0xea6, 0xea7, 0xeaf, 0xeb2, 0xeb3, 0xeb8, 0xebb, 0xec8, 0xecc, 0xedc, 0xee0,
	0xf18, 0xf1a, 0xf35, 0xf36, 0xf37, 0xf38, 0xf39, 0xf3a, 0xf40, 0xf41, 0xf71, 0xf76,
	0xf7a, 0xf7e, 0xf80, 0xf85, 0xf86, 0xf88, 0xfc6, 0xfc7, 0x1000, 0x1001, 0x102e, 0x102f,
	0x1037, 0x1038, 0x1039, 0x103b, 0x108d, 0x108e, 0x10d3, 0x10d4, 0x12a0, 0x12a1, 0x135d, 0x1360,
	0x13c4, 0x13c5, 0x14c0, 0x14c1, 0x168f, 0x1690, 0x16a0, 0x16a1, 0x1703, 0x1704, 0x1714, 0x1716,
	0x1723, 0x1724, 0x1734, 0x1735, 0x1743, 0x1744, 0x1763, 0x1764, 0x1780, 0x1781, 0x17d2, 0x17d3,
	0x17dd, 0x17de, 0x1826, 0x1827, 0x18a9, 0x18aa, 0x1900, 0x1901, 0x1939, 0x193c, 0x1950, 0x1951,
	0x1980, 0x19ac, 0x1a00, 0x1a01, 0x1a17, 0x1a19, 0x1a20, 0x1a21, 0x1a60, 0x1a61, 0x1a75, 0x1a7d,
	0x1a7f, 0x1a80, 0x1ab0, 0x1abe, 0x1abf, 0x1ade, 0x1ae0, 0x1aec, 0x1b05, 0x1b06, 0x1b34, 0x1b36,
	0x1b44, 0x1b45, 0x1b6b, 0x1b74, 0x1b83, 0x1b84, 0x1baa, 0x1bac, 0x1bc0, 0x1bc1, 0x1be6, 0x1be7,
	0x1bf2, 0x1bf4, 0x1c00, 0x1c01, 0x1c37, 0x1c38, 0x1c5a, 0x1c5b, 0x1cd0, 0x1cd3, 0x1cd4, 0x1ce1,
	0x1ce2, 0x1ce9, 0x1ced, 0x1cee, 0x1cf4, 0x1cf5, 0x1cf8, 0x1cfa, 0x1dc0, 0x1e00, 0x1e20, 0x1e22,
	0x201c, 0x201d, 0x20ac, 0x20ad, 0x20d0, 0x20dd, 0x20e1, 0x20e2, 0x20e5, 0x20f1, 0x263a, 0x263b,
	0x2c00, 0x2c01, 0x2cef, 0x2cf2, 0x2d30, 0x2d31, 0x2d7f, 0x2d80, 0x2de0, 0x2e00, 0x302a, 0x3030,
	0x304b, 0x304c, 0x3099, 0x309b, 0x30ab, 0x30ac, 0x3105, 0x3106, 0x5b57, 0x5b58, 0xa288, 0xa289,
	0xa4d0, 0xa4d1, 0xa549, 0xa54a, 0xa66f, 0xa670, 0xa674, 0xa67e, 0xa69e, 0xa6a1, 0xa6f0, 0xa6f2,
	0xa800, 0xa801, 0xa806, 0xa807, 0xa82c, 0xa82d, 0xa840, 0xa841, 0xa882, 0xa883, 0xa8c4, 0xa8c5,
	0xa8e0, 0xa8f2, 0xa90a, 0xa90b, 0xa92b, 0xa92e, 0xa930, 0xa931, 0xa953, 0xa954, 0xa984, 0xa985,
	0xa9b3, 0xa9b4, 0xa9c0, 0xa9c1, 0xaa00, 0xaa01, 0xaa80, 0xaab1, 0xaab2, 0xaab5, 0xaab7, 0xaab9,
	0xaabe, 0xaac0, 0xaac1, 0xaac2, 0xaaf6, 0xaaf7, 0xabc0, 0xabc1, 0xabed, 0xabee, 0xac00, 0xac01,
	0xd800, 0xd809, 0xd80b, 0xd80d, 0xd811, 0xd812, 0xd818, 0xd819, 0xd81a, 0xd81c, 0xd820, 0xd821,
	0xd823, 0xd824, 0xd82c, 0xd82d, 0xd82f, 0xd830, 0xd834, 0xd835, 0xd838, 0xd83b, 0xdc00, 0xe000,
	0xfb1e, 0xfb1f, 0xfdd0, 0xfdd1, 0xfe20, 0xfe30, 0x10000, 0x10001, 0x101fd, 0x101fe, 0x10280, 0x10281,
	0x102a0, 0x102a1, 0x102e0, 0x102e1, 0x10300, 0x10301, 0x10330, 0x10331, 0x1036b, 0x1036c, 0x10376, 0x1037b,
	0x10380, 0x10381, 0x103a0, 0x103a1, 0x10414, 0x10415, 0x10450, 0x10451, 0x10480, 0x10481, 0x104b5, 0x104b6,
	0x10500, 0x10501, 0x10537, 0x10538, 0x10582, 0x10583, 0x105c2, 0x105c3, 0x10647, 0x10648, 0x10800, 0x10801,
	0x10840, 0x10841, 0x10873, 0x10874, 0x10896, 0x10897, 0x108f4, 0x108f5, 0x10900, 0x10901, 0x10920, 0x10921,
	0x10950, 0x10951, 0x10980, 0x10981, 0x109a0, 0x109a1, 0x10a00, 0x10a01, 0x10a0d, 0x10a0e, 0x10a0f, 0x10a10,
	0x10a38, 0x10a3b, 0x10a3f, 0x10a40, 0x10a60, 0x10a61, 0x10a95, 0x10a96, 0x10ad8, 0x10ad9, 0x10ae5, 0x10ae7,
	0x10b00, 0x10b01, 0x10b40, 0x10b41, 0x10b60, 0x10b61, 0x10b8f, 0x10b90, 0x10c00, 0x10c01, 0x10ca1, 0x10ca2,
	0x10d12, 0x10d13, 0x10d24, 0x10d28, 0x10d5d, 0x10d5e, 0x10d69, 0x10d6e, 0x10e88, 0x10e89, 0x10eab, 0x10ead,
	0x10efa, 0x10efc, 0x10efd, 0x10f00, 0x10f19, 0x10f1a, 0x10f42, 0x10f43, 0x10f46, 0x10f51, 0x10f7c, 0x10f7d,
	0x10f82, 0x10f86, 0x10fbf, 0x10fc0, 0x10ff1, 0x10ff2, 0x11005, 0x11006, 0x11046, 0x11047, 0x11070, 0x11071,
	0x1107f, 0x11080, 0x11083, 0x11084, 0x110b9, 0x110bb, 0x110d0, 0x110d1, 0x11100, 0x11104, 0x11127, 0x11128,
	0x11133, 0x11135, 0x11152, 0x11153, 0x11173, 0x11174, 0x11183, 0x11184, 0x111c0, 0x111c1, 0x111ca, 0x111cb,
	0x11208, 0x11209, 0x11235, 0x11237, 0x1128f, 0x11290, 0x112be, 0x112bf, 0x112e9, 0x112eb, 0x11315, 0x11316,
	0x1133b, 0x1133d, 0x1133e, 0x1133f, 0x1134d, 0x1134e, 0x11357, 0x11358, 0x11366, 0x1136d, 0x11370, 0x11375,
	0x11392, 0x11393, 0x113b8, 0x113b9, 0x113bb, 0x113bc, 0x113c2, 0x113c3, 0x113c9, 0x113ca, 0x113ce, 0x113d1,
	0x11412, 0x11413, 0x11442, 0x11443, 0x11446, 0x11447, 0x1145e, 0x1145f, 0x11484, 0x11485, 0x114b0, 0x114b1,
	0x114ba, 0x114bb, 0x114bd, 0x114be, 0x114c2, 0x114c4, 0x1158e, 0x1158f, 0x115af, 0x115b0, 0x115bf, 0x115c1,
	0x1160e, 0x1160f, 0x1163f, 0x11640, 0x11680, 0x11681, 0x116b6, 0x116b8, 0x11717, 0x11718, 0x1172b, 0x1172c,
	0x1180b, 0x1180c, 0x11839, 0x1183b, 0x118b4, 0x118b5, 0x1190c, 0x1190d, 0x11930, 0x11931, 0x1193d, 0x1193f,
	0x11943, 0x11944, 0x119ce, 0x119cf, 0x119e0, 0x119e1, 0x11a0b, 0x11a0c, 0x11a34, 0x11a35, 0x11a47, 0x11a48,
	0x11a5c, 0x11a5d, 0x11a99, 0x11a9a, 0x11ac0, 0x11ac1, 0x11bc4, 0x11bc5, 0x11c0e, 0x11c0f, 0x11c3f, 0x11c40,
	0x11c72, 0x11c73, 0x11d10, 0x11d11, 0x11d42, 0x11d43, 0x11d44, 0x11d46, 0x11d71, 0x11d72, 0x11d97, 0x11d98,
	0x11dc6, 0x11dc7, 0x11ee5, 0x11ee6, 0x11f1b, 0x11f1c, 0x11f41, 0x11f43, 0x12000, 0x12001, 0x12fe5, 0x12fe6,
	0x13153, 0x13154, 0x14400, 0x14401, 0x1611c, 0x1611d, 0x1611e, 0x16121, 0x16123, 0x16126, 0x16129, 0x1612a,
	0x1612f, 0x16130, 0x16a4f, 0x16a50, 0x16abc, 0x16abd, 0x16ae6, 0x16ae7, 0x16af0, 0x16af5, 0x16b1c, 0x16b1d,
	0x16b30, 0x16b37, 0x16d45, 0x16d46, 0x16d67, 0x16d69, 0x16e40, 0x16e41, 0x16ea1, 0x16ea2, 0x16f00, 0x16f01,
	0x16ff0, 0x16ff2, 0x18229, 0x1822a, 0x18c65, 0x18c66, 0x1b1c4, 0x1b1c5, 0x1bc20, 0x1bc21, 0x1bc9e, 0x1bc9f,
	0x1d165, 0x1d16a, 0x1d16d, 0x1d173, 0x1d17b, 0x1d183, 0x1d185, 0x1d18c, 0x1d1aa, 0x1d1ae, 0x1d242, 0x1d245,
	0x1e000, 0x1e007, 0x1e008, 0x1e019, 0x1e01b, 0x1e022, 0x1e023, 0x1e025, 0x1e026, 0x1e02b, 0x1e08f, 0x1e090,
	0x1e108, 0x1e109, 0x1e130, 0x1e137, 0x1e290, 0x1e291, 0x1e2ae, 0x1e2af, 0x1e2e1, 0x1e2e2, 0x1e2ec, 0x1e2f0,
	0x1e4e6, 0x1e4e7, 0x1e4ec, 0x1e4f0, 0x1e5d0, 0x1e5d1, 0x1e5ee, 0x1e5f0, 0x1e6d5, 0x1e6d6, 0x1e6e3, 0x1e6e4,
	0x1e6e6, 0x1e6e7, 0x1e6ee, 0x1e6f0, 0x1e6f5, 0x1e6f6, 0x1e802, 0x1e803, 0x1e8d0, 0x1e8d7, 0x1e909, 0x1e90a,
	0x1e944, 0x1e94b
};

static constexpr int32_t s_coll_cebUnsafeBwdLength = 854;

static constexpr uint16_t s_coll_eeTrieIndex[2112] = {
	0x0, 0x8, 0x10, 0x18, 0x30, 0x38, 0x40, 0x48, 0x50, 0x58, 0x5e, 0x66, 0x6d, 0x75, 0x30, 0x38,
	0x30, 0x38, 0x7a, 0x82, 0x88, 0x90, 0x30, 0x38, 0x98, 0xa0, 0x30, 0x38, 0x30, 0x38, 0x30, 0x38,
	0x30, 0x38, 0x30, 0x38, 0x30, 0x38, 0x30, 0x38, 0x30, 0x38, 0x30, 0x38, 0x30, 0x38, 0x30, 0x38,
	0x30, 0x38, 0x30, 0x38, 0x30, 0x38, 0x30, 0x38, 0x30, 0x38, 0x30, 0x38, 0x30, 0x38, 0x30, 0x38,
	0x30, 0x30, 0x30, 0x30, 0x30, 0x30, 0x30, 0x30, 0x30, 0x30, 0x30, 0x30, 0x30, 0x30, 0x30, 0x30,
	0x30, 0x30, 0x30, 0x30, 0x30, 0x30, 0x30, 0x30, 0x30, 0x30, 0x30, 0x30, 0x30, 0x30, 0x30, 0x30,
	0x30, 0x30, 0x30, 0x30, 0x30, 0x30, 0x30, 0x30, 0x30, 0x30, 0x30, 0x30, 0x30, 0x30, 0x30, 0x30,
	0x30, 0x30, 0x30, 0x30, 0x30, 0x30, 0x30, 0x30, 0x30, 0x30, 0x30, 0x30, 0x30, 0x30, 0x30, 0x30,
	0x30, 0x30, 0x30, 0x30, 0x30, 0x30, 0x30, 0x30, 0x30, 0x30, 0x30, 0x30, 0x30, 0x30, 0x30, 0x30,
	0x30, 0x30, 0x30, 0x30, 0x30, 0x30, 0x30, 0x30, 0x30, 0x30, 0x30, 0x30, 0x30, 0x30, 0x30, 0x30,
	0x30, 0x30, 0x30, 0x30, 0x30, 0x30, 0x30, 0x30, 0x30, 0x30, 0x30, 0x30, 0x30, 0x30, 0x30, 0x30,
	0x30, 0x30, 0x30, 0x30, 0x30, 0x30, 0x30, 0x30, 0x30, 0x30, 0x30, 0x30, 0x30, 0x30, 0x30, 0x30,
	0x30, 0x30, 0x30, 0x30, 0x30, 0x30, 0x30, 0x30, 0x30, 0x30, 0x30, 0x30, 0x30, 0x30, 0x30, 0x30,
	0x30, 0x30, 0x30, 0x30, 0x30, 0x30, 0x30, 0x30, 0x30, 0x30, 0x30, 0x30, 0x30, 0x30, 0x30, 0x30,
	0x30, 0x30, 0x30, 0x30, 0x30, 0x30, 0x30, 0x30, 0x30, 0x30, 0x30, 0x30, 0x30, 0x30, 0x30, 0x30,
	0x30, 0x30, 0x30, 0x30, 0xb6, 0xbd, 0xc5, 0x30, 0x30, 0x30, 0x30, 0x30, 0x30, 0x30, 0x30, 0x30,
	0x30, 0x30, 0x30, 0x30, 0x30, 0x30, 0x30, 0x30, 0x30, 0xcc, 0x30, 0x30, 0x30, 0x30, 0x30, 0x30,
	0x30, 0x30, 0x30, 0x30, 0x30, 0x30, 0x30, 0x30, 0x30, 0x30, 0x30, 0x30, 0x30, 0x30, 0x30, 0x30,
	0x30, 0x30, 0x30, 0x30, 0x30, 0x30, 0x30, 0x30, 0x30, 0x30, 0x30, 0x30, 0x30, 0x30, 0x30, 0x30,
	0x30, 0x30, 0x30, 0x30, 0x30, 0x30, 0x30, 0x30, 0x30, 0x30, 0x30, 0x30, 0x30, 0x30, 0x30, 0x30,
	0x30, 0x30, 0x30, 0x30, 0x30, 0x30, 0x30, 0x30, 0x30, 0x30, 0x30, 0x30, 0x30, 0x30, 0x30, 0x30,
	0x30, 0x30, 0x30, 0x30, 0x30, 0x30, 0x30, 0x30, 0x30, 0x30, 0x30, 0x30, 0x30, 0x30, 0x30, 0x30,
	0x30, 0x30, 0x30, 0x30, 0x30, 0x30, 0x30, 0x30, 0x30, 0x30, 0x30, 0x30, 0x30, 0x30, 0x30, 0x30,
	0x30, 0x30, 0x30, 0x30, 0x30, 0x30, 0x30, 0x30, 0x30, 0x30, 0x30, 0x30, 0x30, 0x30, 0x30, 0x30,
	0x30, 0x30, 0x30, 0x30, 0x30, 0x30, 0x30, 0x30, 0x30, 0x30, 0x30, 0x30, 0x30, 0x30, 0x30, 0x30,
	0x30, 0x30, 0x30, 0x30, 0x30, 0x30, 0x30, 0x30, 0x30, 0x30, 0x30, 0x30, 0x30, 0x30, 0x30, 0x30,
	0x30, 0x30, 0x30, 0x30, 0x30, 0x30, 0x30, 0x30, 0x30, 0x30, 0x30, 0x30, 0x30, 0x30, 0x30, 0x30,
	0x30, 0x30, 0x30, 0x30, 0x30, 0x30, 0x30, 0x30, 0x30, 0x30, 0x30, 0x30, 0x30, 0x30, 0x30, 0x30,
	0x30, 0x30, 0x30, 0x30, 0x30, 0x30, 0x30, 0x30, 0x30, 0x30, 0x30, 0x30, 0x30, 0x30, 0x30, 0x30,
	0x30, 0x30, 0x30, 0x30, 0x30, 0x30, 0x30, 0x30, 0x30, 0x30, 0x30, 0x30, 0x30, 0x30, 0x30, 0x30,
	0x30, 0x30, 0x30, 0x30, 0x30, 0x30, 0x30, 0x30, 0x30, 0x30, 0x30, 0x30, 0x30, 0x30, 0x30, 0x30,
	0x30, 0x30, 0x30, 0x30, 0x30, 0x30, 0x30, 0x30, 0x30, 0x30, 0x30, 0x30, 0x30, 0x30, 0x30, 0x30,
	0x30, 0x30, 0x30, 0x30, 0x30, 0x30, 0x30, 0x30, 0x30, 0x30, 0x30, 0x30, 0x30, 0x30, 0x30, 0x30,
	0x30, 0x30, 0x30, 0x30, 0x30, 0x30, 0x30, 0x30, 0x30, 0x30, 0x30, 0x30, 0x30, 0x30, 0x30, 0x30,
	0x30, 0x30, 0x30, 0x30, 0x30, 0x30, 0x30, 0x30, 0x30, 0x30, 0x30, 0x30, 0x30, 0x30, 0x30, 0x30,
	0x30, 0x30, 0x30, 0x30, 0x30, 0x30, 0x30, 0x30, 0x30, 0x30, 0x30, 0x30, 0x30, 0x30, 0x30, 0x30,
	0x30, 0x30, 0x30, 0x30, 0x30, 0x30, 0x30, 0x30, 0x30, 0x30, 0x30, 0x30, 0x30, 0x30, 0x30, 0x30,
	0x30, 0x30, 0x30, 0x30, 0x30, 0x30, 0x30, 0x30, 0x30, 0x30, 0x30, 0x30, 0x30, 0x30, 0x30, 0x30,
	0x30, 0x30, 0x30, 0x30, 0x30, 0x30, 0x30, 0x30, 0x30, 0x30, 0x30, 0x30, 0x30, 0x30, 0x30, 0x30,
	0x30, 0x30, 0x30, 0x30, 0x30, 0x30, 0x30, 0x30, 0x30, 0x30, 0x30, 0x30, 0x30, 0x30, 0x30, 0x30,
	0x30, 0x30, 0x30, 0x30, 0x30, 0x30, 0x30, 0x30, 0x30, 0x30, 0x30, 0x30, 0x30, 0x30, 0x30, 0x30,
	0x30, 0x30, 0x30, 0x30, 0x30, 0x30, 0x30, 0x30, 0x30, 0x30, 0x30, 0x30, 0x30, 0x30, 0x30, 0x30,
	0x30, 0x30, 0x30, 0x30, 0x30, 0x30, 0x30, 0x30, 0x30, 0x30, 0x30, 0x30, 0x30, 0x30, 0x30, 0x30,
	0x30, 0x30, 0x30, 0x30, 0x30, 0x30, 0x30, 0x30, 0x30, 0x30, 0x30, 0x30, 0x30, 0x30, 0x30, 0x30,
	0x30, 0x30, 0x30, 0x30, 0x30, 0x30, 0x30, 0x30, 0x30, 0x30, 0x30, 0x30, 0x30, 0x30, 0x30, 0x30,
	0x30, 0x30, 0x30, 0x30, 0x30, 0x30, 0x30, 0x30, 0x30, 0x30, 0x30, 0x30, 0x30, 0x30, 0x30, 0x30,
	0x30, 0x30, 0x30, 0x30, 0x30, 0x30, 0x30, 0x30, 0x30, 0x30, 0x30, 0x30, 0x30, 0x30, 0x30, 0x30,
	0x30, 0x30, 0x30, 0x30, 0x30, 0x30, 0x30, 0x30, 0x30, 0x30, 0x30, 0x30, 0x30, 0x30, 0x30, 0x30,
	0x30, 0x30, 0x30, 0x30, 0x30, 0x30, 0x30, 0x30, 0x30, 0x30, 0x30, 0x30, 0x30, 0x30, 0x30, 0x30,
	0x30, 0x30, 0x30, 0x30, 0x30, 0x30, 0x30, 0x30, 0x30, 0x30, 0x30, 0x30, 0x30, 0x30, 0x30, 0x30,
	0x30, 0x30, 0x30, 0x30, 0x30, 0x30, 0x30, 0x30, 0x30, 0x30, 0x30, 0x30, 0x30, 0x30, 0x30, 0x30,
	0x30, 0x30, 0x30, 0x30, 0x30, 0x30, 0x30, 0x30, 0x30, 0x30, 0x30, 0x30, 0x30, 0x30, 0x30, 0x30,
	0x30, 0x30, 0x30, 0x30, 0x30, 0x30, 0x30, 0x30, 0x30, 0x30, 0x30, 0x30, 0x30, 0x30, 0x30, 0x30,
	0x30, 0x30, 0x30, 0x30, 0x30, 0x30, 0x30, 0x30, 0x30, 0x30, 0x30, 0x30, 0x30, 0x30, 0x30, 0x30,
	0x30, 0x30, 0x30, 0x30, 0x30, 0x30, 0x30, 0x30, 0x30, 0x30, 0x30, 0x30, 0x30, 0x30, 0x30, 0x30,
	0x30, 0x30, 0x30, 0x30, 0x30, 0x30, 0x30, 0x30, 0x30, 0x30, 0x30, 0x30, 0x30, 0x30, 0x30, 0x30,
	0x30, 0x30, 0x30, 0x30, 0x30, 0x30, 0x30, 0x30, 0x30, 0x30, 0x30, 0x30, 0x30, 0x30, 0x30, 0x30,
	0x30, 0x30, 0x30, 0x30, 0x30, 0x30, 0x30, 0x30, 0x30, 0x30, 0x30, 0x30, 0x30, 0x30, 0x30, 0x30,
	0x30, 0x30, 0x30, 0x30, 0x30, 0x30, 0x30, 0x30, 0x30, 0x30, 0x30, 0x30, 0x30, 0x30, 0x30, 0x30,
	0x30, 0x30, 0x30, 0x30, 0x30, 0x30, 0x30, 0x30, 0x30, 0x30, 0x30, 0x30, 0x30, 0x30, 0x30, 0x30,
	0x30, 0x30, 0x30, 0x30, 0x30, 0x30, 0x30, 0x30, 0x30, 0x30, 0x30, 0x30, 0x30, 0x30, 0x30, 0x30,
	0x30, 0x30, 0x30, 0x30, 0x30, 0x30, 0x30, 0x30, 0x30, 0x30, 0x30, 0x30, 0x30, 0x30, 0x30, 0x30,
	0x30, 0x30, 0x30, 0x30, 0x30, 0x30, 0x30, 0x30, 0x30, 0x30, 0x30, 0x30, 0x30, 0x30, 0x30, 0x30,
	0x30, 0x30, 0x30, 0x30, 0x30, 0x30, 0x30, 0x30, 0x30, 0x30, 0x30, 0x30, 0x30, 0x30, 0x30, 0x30,
	0x30, 0x30, 0x30, 0x30, 0x30, 0x30, 0x30, 0x30, 0x30, 0x30, 0x30, 0x30, 0x30, 0x30, 0x30, 0x30,
	0x30, 0x30, 0x30, 0x30, 0x30, 0x30, 0x30, 0x30, 0x30, 0x30, 0x30, 0x30, 0x30, 0x30, 0x30, 0x30,
	0x30, 0x30, 0x30, 0x30, 0x30, 0x30, 0x30, 0x30, 0x30, 0x30, 0x30, 0x30, 0x30, 0x30, 0x30, 0x30,
	0x30, 0x30, 0x30, 0x30, 0x30, 0x30, 0x30, 0x30, 0x30, 0x30, 0x30, 0x30, 0x30, 0x30, 0x30, 0x30,
	0x30, 0x30, 0x30, 0x30, 0x30, 0x30, 0x30, 0x30, 0x30, 0x30, 0x30, 0x30, 0x30, 0x30, 0x30, 0x30,
	0x30, 0x30, 0x30, 0x30, 0x30, 0x30, 0x30, 0x30, 0x30, 0x30, 0x30, 0x30, 0x30, 0x30, 0x30, 0x30,
	0x30, 0x30, 0x30, 0x30, 0x30, 0x30, 0x30, 0x30, 0x30, 0x30, 0x30, 0x30, 0x30, 0x30, 0x30, 0x30,
	0x30, 0x30, 0x30, 0x30, 0x30, 0x30, 0x30, 0x30, 0x30, 0x30, 0x30, 0x30, 0x30, 0x30, 0x30, 0x30,
	0x30, 0x30, 0x30, 0x30, 0x30, 0x30, 0x30, 0x30, 0x30, 0x30, 0x30, 0x30, 0x30, 0x30, 0x30, 0x30,
	0x30, 0x30, 0x30, 0x30, 0x30, 0x30, 0x30, 0x30, 0x30, 0x30, 0x30, 0x30, 0x30, 0x30, 0x30, 0x30,
	0x30, 0x30, 0x30, 0x30, 0x30, 0x30, 0x30, 0x30, 0x30, 0x30, 0x30, 0x30, 0x30, 0x30, 0x30, 0x30,
	0x30, 0x30, 0x30, 0x30, 0x30, 0x30, 0x30, 0x30, 0x30, 0x30, 0x30, 0x30, 0x30, 0x30, 0x30, 0x30,
	0x30, 0x30, 0x30, 0x30, 0x30, 0x30, 0x30, 0x30, 0x30, 0x30, 0x30, 0x30, 0x30, 0x30, 0x30, 0x30,
	0x30, 0x30, 0x30, 0x30, 0x30, 0x30, 0x30, 0x30, 0x30, 0x30, 0x30, 0x30, 0x30, 0x30, 0x30, 0x30,
	0x30, 0x30, 0x30, 0x30, 0x30, 0x30, 0x30, 0x30, 0x30, 0x30, 0x30, 0x30, 0x30, 0x30, 0x30, 0x30,
	0x30, 0x30, 0x30, 0x30, 0x30, 0x30, 0x30, 0x30, 0x30, 0x30, 0x30, 0x30, 0x30, 0x30, 0x30, 0x30,
	0x30, 0x30, 0x30, 0x30, 0x30, 0x30, 0x30, 0x30, 0x30, 0x30, 0x30, 0x30, 0x30, 0x30, 0x30, 0x30,
	0x30, 0x30, 0x30, 0x30, 0x30, 0x30, 0x30, 0x30, 0x30, 0x30, 0x30, 0x30, 0x30, 0x30, 0x30, 0x30,
	0x30, 0x30, 0x30, 0x30, 0x30, 0x30, 0x30, 0x30, 0x30, 0x30, 0x30, 0x30, 0x30, 0x30, 0x30, 0x30,
	0x30, 0x30, 0x30, 0x30, 0x30, 0x30, 0x30, 0x30, 0x30, 0x30, 0x30, 0x30, 0x30, 0x30, 0x30, 0x30,
	0x30, 0x30, 0x30, 0x30, 0x30, 0x30, 0x30, 0x30, 0x30, 0x30, 0x30, 0x30, 0x30, 0x30, 0x30, 0x30,
	0x30, 0x30, 0x30, 0x30, 0x30, 0x30, 0x30, 0x30, 0x30, 0x30, 0x30, 0x30, 0x30, 0x30, 0x30, 0x30,
	0xd4, 0xd4, 0xd4, 0xd4, 0xd4, 0xd4, 0xd4, 0xd4, 0xd4, 0xd4, 0xd4, 0xd4, 0xd4, 0xd4, 0xd4, 0xd4,
	0xd4, 0xd4, 0xd4, 0xd4, 0xd4, 0xd4, 0xd4, 0xd4, 0xd4, 0xd4, 0xd4, 0xd4, 0xd4, 0xd4, 0xd4, 0xd4,
	0xd4, 0xd4, 0xd4, 0xd4, 0xd4, 0xd4, 0xd4, 0xd4, 0xd4, 0xd4, 0xd4, 0xd4, 0xd4, 0xd4, 0xd4, 0xd4,
	0xd4, 0xd4, 0xd4, 0xd4, 0xd4, 0xd4, 0xd4, 0xd4, 0xd4, 0xd4, 0xd4, 0xd4, 0xd4, 0xd4, 0xd4, 0xd4,
	0xd4, 0xd4, 0xd4, 0xd4, 0xd4, 0xd4, 0xd4, 0xd4, 0xd4, 0xd4, 0xd4, 0xd4, 0xd4, 0xd4, 0xd4, 0xd4,
	0xd4, 0xd4, 0xd4, 0xd4, 0xd4, 0xd4, 0xd4, 0xd4, 0xd4, 0xd4, 0xd4, 0xd4, 0xd4, 0xd4, 0xd4, 0xd4,
	0xd4, 0xd4, 0xd4, 0xd4, 0xd4, 0xd4, 0xd4, 0xd4, 0xd4, 0xd4, 0xd4, 0xd4, 0xd4, 0xd4, 0xd4, 0xd4,
	0xd4, 0xd4, 0xd4, 0xd4, 0xd4, 0xd4, 0xd4, 0xd4, 0xd4, 0xd4, 0xd4, 0xd4, 0xd4, 0xd4, 0xd4, 0xd4,
	0xd4, 0xd4, 0xd4, 0xd4, 0xd4, 0xd4, 0xd4, 0xd4, 0xd4, 0xd4, 0xd4, 0xd4, 0xd4, 0xd4, 0xd4, 0xd4,
	0xd4, 0xd4, 0xd4, 0xd4, 0xd4, 0xd4, 0xd4, 0xd4, 0xd4, 0xd4, 0xd4, 0xd4, 0xd4, 0xd4, 0xd4, 0xd4,
	0xd4, 0xd4, 0xd4, 0xd4, 0xd4, 0xd4, 0xd4, 0xd4, 0xd4, 0xd4, 0xd4, 0xd4, 0xd4, 0xd4, 0xd4, 0xd4,
	0xd4, 0xd4, 0xd4, 0xd4, 0xd4, 0xd4, 0xd4, 0xd4, 0xd4, 0xd4, 0xd4, 0xd4, 0xd4, 0xd4, 0xd4, 0xd4,
	0xd4, 0xd4, 0xd4, 0xd4, 0xd4, 0xd4, 0xd4, 0xd4, 0xd4, 0xd4, 0xd4, 0xd4, 0xd4, 0xd4, 0xd4, 0xd4,
	0xd4, 0xd4, 0xd4, 0xd4, 0xd4, 0xd4, 0xd4, 0xd4, 0xd4, 0xd4, 0xd4, 0xd4, 0xd4, 0xd4, 0xd4, 0xd4,
	0xd4, 0xd4, 0xd4, 0xd4, 0xd4, 0xd4, 0xd4, 0xd4, 0xd4, 0xd4, 0xd4, 0xd4, 0xd4, 0xd4, 0xd4, 0xd4,
	0xd4, 0xd4, 0xd4, 0xd4, 0xd4, 0xd4, 0xd4, 0xd4, 0xd4, 0xd4, 0xd4, 0xd4, 0xd4, 0xd4, 0xd4, 0xd4,
	0xd4, 0xd4, 0xd4, 0xd4, 0xd4, 0xd4, 0xd4, 0xd4, 0xd4, 0xd4, 0xd4, 0xd4, 0xd4, 0xd4, 0xd4, 0xd4,
	0xd4, 0xd4, 0xd4, 0xd4, 0xd4, 0xd4, 0xd4, 0xd4, 0xd4, 0xd4, 0xd4, 0xd4, 0xd4, 0xd4, 0xd4, 0xd4,
	0xd4, 0xd4, 0xd4, 0xd4, 0xd4, 0xd4, 0xd4, 0xd4, 0xd4, 0xd4, 0xd4, 0xd4, 0xd4, 0xd4, 0xd4, 0xd4,
	0xd4, 0xd4, 0xd4, 0xd4, 0xd4, 0xd4, 0xd4, 0xd4, 0xd4, 0xd4, 0xd4, 0xd4, 0xd4, 0xd4, 0xd4, 0xd4,
	0xd4, 0xd4, 0xd4, 0xd4, 0xd4, 0xd4, 0xd4, 0xd4, 0xd4, 0xd4, 0xd4, 0xd4, 0xd4, 0xd4, 0xd4, 0xd4,
	0xd4, 0xd4, 0xd4, 0xd4, 0xd4, 0xd4, 0xd4, 0xd4, 0xd4, 0xd4, 0xd4, 0xd4, 0xd4, 0xb0, 0x30, 0x30,
	0xa8, 0xa8, 0xa8, 0xa8, 0xa8, 0xa8, 0xa8, 0xa8, 0xa8, 0xa8, 0xa8, 0xa8, 0xa8, 0xa8, 0xa8, 0xa8,
	0xa8, 0xa8, 0xa8, 0xa8, 0xa8, 0xa8, 0xa8, 0xa8, 0xa8, 0xa8, 0xa8, 0xa8, 0xa8, 0xa8, 0xa8, 0xa8,
	0x30, 0x30, 0x30, 0x30, 0x30, 0x30, 0x30, 0x30, 0x30, 0x30, 0x30, 0x30, 0x30, 0x30, 0x30, 0x30,
	0x30, 0x30, 0x30, 0x30, 0x30, 0x30, 0x30, 0x30, 0x30, 0x30, 0x30, 0x30, 0x30, 0x30, 0x30, 0x30,
	0x30, 0x30, 0x30, 0x30, 0x30, 0x30, 0x30, 0x30, 0x30, 0x30, 0x30, 0x30, 0x30, 0x30, 0x30, 0x30,
	0x30, 0x30, 0x30, 0x30, 0x30, 0x30, 0x30, 0x30, 0x30, 0x30, 0x30, 0x30, 0x30, 0x30, 0x30, 0x30,
	0x30, 0x30, 0x30, 0x30, 0x30, 0x30, 0x30, 0x30, 0x30, 0x30, 0x30, 0x30, 0x30, 0x30, 0x30, 0x30,
	0x30, 0x30, 0x30, 0x30, 0x30, 0x30, 0x30, 0x30, 0x30, 0x30, 0x30, 0x30, 0x30, 0x30, 0x30, 0x30,
	0x30, 0x30, 0x30, 0x30, 0x30, 0x30, 0x30, 0x30, 0x30, 0x30, 0x30, 0x30, 0x30, 0x30, 0x30, 0x30,
	0x30, 0x30, 0x30, 0x30, 0x30, 0x30, 0x30, 0x30, 0x30, 0x30, 0x30, 0x30, 0x30, 0x30, 0x30, 0x30,
	0x30, 0x30, 0x30, 0x30, 0x30, 0x30, 0x30, 0x30, 0x30, 0x30, 0x30, 0x30, 0x30, 0x30, 0x30, 0x30,
	0x30, 0x30, 0x30, 0x30, 0x30, 0x30, 0x30, 0x30, 0x30, 0x30, 0x30, 0x30, 0x30, 0x30, 0x30, 0x30,
	0x30, 0x30, 0x30, 0x30, 0x30, 0x30, 0x30, 0x30, 0x30, 0x30, 0x30, 0x30, 0x30, 0x30, 0x30, 0x30,
	0x30, 0x30, 0x30, 0x30, 0x30, 0x30, 0x30, 0x30, 0x30, 0x30, 0x30, 0x30, 0x30, 0x30, 0x30, 0x30,
	0x30, 0x30, 0x30, 0x30, 0x30, 0x30, 0x30, 0x30, 0x30, 0x30, 0x30, 0x30, 0x30, 0x30, 0x30, 0x30,
	0x30, 0x30, 0x30, 0x30, 0x30, 0x30, 0x30, 0x30, 0x30, 0x30, 0x30, 0x30, 0x30, 0x30, 0x30, 0x30,
	0x30, 0x30, 0x30, 0x30, 0x30, 0x30, 0x30, 0x30, 0x30, 0x30, 0x30, 0x30, 0x30, 0x30, 0x30, 0x30,
	0x30, 0x30, 0x30, 0x30, 0x30, 0x30, 0x30, 0x30, 0x30, 0x30, 0x30, 0x30, 0x30, 0x30, 0x30, 0x30,
	0x30, 0x30, 0x30, 0x30, 0x30, 0x30, 0x30, 0x30, 0x30, 0x30, 0x30, 0x30, 0x30, 0x30, 0x30, 0x30,
	0x30, 0x30, 0x30, 0x30, 0x30, 0x30, 0x30, 0x30, 0x30, 0x30, 0x30, 0x30, 0x30, 0x30, 0x30, 0x30,
	0x30, 0x30, 0x30, 0x30, 0x30, 0x30, 0x30, 0x30, 0x30, 0x30, 0x30, 0x30, 0x30, 0x30, 0x30, 0x30,
	0x30, 0x30, 0x30, 0x30, 0x30, 0x30, 0x30, 0x30, 0x30, 0x30, 0x30, 0x30, 0x30, 0x30, 0x30, 0x30,
	0x80, 0x80, 0xc0, 0x100, 0x140, 0x178, 0x1b4, 0xc0, 0xc0, 0x1e8, 0x220, 0xc0, 0x260, 0xc0, 0xc0, 0xc0,
	0xc0, 0xc0, 0xc0, 0xc0, 0xc0, 0xc0, 0xc0, 0xc0, 0xc0, 0xc0, 0xc0, 0xc0, 0xc0, 0xc0, 0xc0, 0xc0
};

static constexpr uint32_t s_coll_eeTrieData[884] = {
	0xcb, 0x0, 0x0, 0x0, 0x0, 0x0, 0x0, 0x0,
	0x0, 0x3040505, 0x3060505, 0x3080505, 0x30a0505, 0x30c0505, 0x0, 0x0,
	0x0, 0x0, 0x0, 0x0, 0x0, 0x0, 0x0, 0x0,
	0x0, 0x0, 0x0, 0x0, 0x0, 0x0, 0x0, 0x0,
	0x4000505, 0x75a0505, 0x9760505, 0xa940505, 0xda90505, 0xa960505, 0xa8e0505, 0x9700505,
	0x97c0505, 0x97e0505, 0xa7e0505, 0xc7b0505, 0x6000505, 0x50e0505, 0x8000505, 0xa880505,
	0x2540ca, 0x2561ca, 0x2582ca, 0x25a3ca, 0x25c4ca, 0x25e5ca, 0x2606ca, 0x2627ca,
	0x2648ca, 0x2669ca, 0x7360505, 0x72a0505, 0xc850505, 0xc870505, 0xc890505, 0x7640505,
	0xa7c0505, 0x2b00059c, 0x2d00059c, 0x2f00059c, 0xc9, 0x3300059c, 0x3500059c, 0x640c9,
	0x3900059c, 0x3b00059c, 0x3d00059c, 0x9e0c9, 0x4100059c, 0x4300059c, 0xd00c9, 0x4700059c,
	0x4900059c, 0x4b00059c, 0x4d00059c, 0x4f00059c, 0x1680c9, 0x5300059c, 0x5500059c, 0x570005a0,
	0x3a020586, 0x5b00059c, 0x5d00059c, 0x9800505, 0xa8a0505, 0x9820505, 0xc0a0505, 0x50a0505,
	0xc040505, 0x2b000505, 0x2d000505, 0x2f000505, 0x20a0c9, 0x33000505, 0x35000505, 0x23e0c9,
	0x39000505, 0x3b000505, 0x3d000505, 0x25c0c9, 0x41000505, 0x43000505, 0x2760c9, 0x47000505,
	0x49000505, 0x4b000505, 0x4d000505, 0x4f000505, 0x2c80c9, 0x53000505, 0x55000505, 0x57000505,
	0x3a020505, 0x5b000505, 0x5d000505, 0x9840505, 0xc8d0505, 0x9860505, 0xc910505, 0x0,
	0xfffd0505, 0xfffd0505, 0xfffd0505, 0xfffd0505, 0xfffd0505, 0xfffd0505, 0xfffd0505, 0xfffd0505,
	0xfffd0505, 0xfffd0505, 0xfffd0505, 0xfffd0505, 0xfffd0505, 0xfffd0505, 0xfffd0505, 0xfffd0505,
	0xfffd0505, 0xfffd0505, 0xfffd0505, 0xfffd0505, 0xfffd0505, 0xfffd0505, 0xfffd0505, 0xfffd0505,
	0xfffd0505, 0xfffd0505, 0xfffd0505, 0xfffd0505, 0xfffd0505, 0xfffd0505, 0xfffd0505, 0xfffd0505,
	0xfffd0505, 0xfffd0505, 0xfffd0505, 0xfffd0505, 0xfffd0505, 0xfffd0505, 0xfffd0505, 0xfffd0505,
	0xfffd0505, 0xfffd0505, 0xfffd0505, 0xfffd0505, 0xfffd0505, 0xfffd0505, 0xfffd0505, 0xfffd0505,
	0xfffd0505, 0xfffd0505, 0xfffd0505, 0xfffd0505, 0xfffd0505, 0xfffd0505, 0xfffd0505, 0xfffd0505,
	0xfffd0505, 0xfffd0505, 0xfffd0505, 0xfffd0505, 0xfffd0505, 0xfffd0505, 0xfffd0505, 0xfffd0505,
	0xc0, 0xc0, 0xc0, 0xc0, 0xc0, 0xc0, 0xc0, 0xc0,
	0xc0, 0xc0, 0xc0, 0xc0, 0xc0, 0xc0, 0xc0, 0xc0,
	0xc0, 0xc0, 0xc0, 0xc0, 0xc0, 0xc0, 0xc0, 0xc0,
	0xc0, 0xc0, 0xc0, 0xc0, 0xc0, 0xc0, 0xc0, 0xc0,
	0xc0, 0xc0, 0xc0, 0xc0, 0xc0, 0xc0, 0xc0, 0xc0,
	0xc0, 0xc0, 0xc0, 0xc0, 0xc0, 0xc0, 0xc0, 0xc0,
	0xc0, 0xc0, 0xc0, 0xc0, 0xc0, 0xc0, 0xc0, 0xc0,
	0xc0, 0xc0, 0xc0, 0xc0, 0xc0, 0xc0, 0xc0, 0xc0,
	0x2b9c8ac4, 0x2b9c88c4, 0x2b9c91c4, 0x2b9c9ac4, 0x2b9c96c4, 0x2b9c92c4, 0x2482c5, 0x2f9ca0c4,
	0x339c8ac4, 0x339c88c4, 0x339c91c4, 0x339c96c4, 0x3b9c8ac4, 0x3b9c88c4, 0x3b9c91c4, 0x3b9c96c4,
	0x310070a0, 0x459c9ac4, 0x479c8ac4, 0x479c88c4, 0x479c91c4, 0x479c9ac4, 0x479c96c4, 0xc830505,
	0x479c9ec4, 0x539c8ac4, 0x539c88c4, 0x539c91c4, 0x539c96c4, 0x5b9c88c4, 0x5e2805a0, 0x24c2c5,
	0x2b058ac4, 0x2b0588c4, 0x2b0591c4, 0x2b059ac4, 0x2b0596c4, 0x2b0592c4, 0x2502c5, 0x2f05a0c4,
	0x33058ac4, 0x330588c4, 0x330591c4, 0x330596c4, 0x3b058ac4, 0x3b0588c4, 0x3b0591c4, 0x3b0596c4,
	0x31007005, 0x45059ac4, 0x47058ac4, 0x470588c4, 0x470591c4, 0x47059ac4, 0x470596c4, 0xc810505,
	0x47059ec4, 0x53058ac4, 0x530588c4, 0x530591c4, 0x530596c4, 0x5b0588c4, 0x5e280505, 0x5b0596c4,
	0xc0, 0xc0, 0xc0, 0xc0, 0xc0, 0xc0, 0xc0, 0xc0,
	0x2f9c91c4, 0x2f0591c4, 0xc0, 0xc0, 0xc0, 0xc0, 0xc0, 0xc0,
	0xc0, 0xc0, 0xc0, 0xc0, 0xc0, 0xc0, 0xc0, 0xc0,
	0xc0, 0xc0, 0xc0, 0xc0, 0x379c91c4, 0x370591c4, 0xc0, 0xc0,
	0xc0, 0xc0, 0xc0, 0xc0, 0x399c91c4, 0x390591c4, 0xc0, 0xc0,
	0xc0, 0xc0, 0xc0, 0xc0, 0xc0, 0xc0, 0xc0, 0xc0,
	0xc0, 0xc0, 0xc0, 0xc0, 0x3d9c91c4, 0x3d0591c4, 0xc0, 0xc0,
	0xc0, 0xc0, 0xc0, 0xc0, 0xc0, 0xc0, 0xc0, 0xc0,
	0xc0, 0xc0, 0x46030586, 0x46030505, 0xc0, 0xc0, 0xc0, 0xc0,
	0xc0, 0xc0, 0xc0, 0xc0, 0xc0, 0xc0, 0xc0, 0xc0,
	0xc0, 0xc0, 0xc0, 0xc0, 0x4f9c91c4, 0x4f0591c4, 0xc0, 0xc0,
	0xc0, 0xc0, 0xc0, 0xc0, 0xc0, 0xc0, 0xc0, 0xc0,
	0xc0, 0xc0, 0xc0, 0xc0, 0xc0, 0xc0, 0xc0, 0xc0,
	0xc0, 0xc0, 0xc0, 0xc0, 0x57a091c4, 0x570591c4, 0x5b9c91c4, 0x5b0591c4,
	0xc0, 0xc0, 0xc0, 0xc0, 0xc0, 0xc0, 0xc0, 0xc0,
	0xc0, 0xc0, 0x48020586, 0xc0, 0xc0, 0x32030586, 0xc0, 0xc0,
	0xc0, 0xc0, 0xc0, 0xc0, 0x34020586, 0x36020586, 0x36020505, 0xc0,
	0x38030586, 0xc0, 0xc0, 0xc0, 0xc0, 0xc0, 0xc0, 0xc0,
	0xc0, 0xc0, 0xc0, 0xc0, 0xc0, 0xc0, 0xc0, 0xc0,
	0xc0, 0xc0, 0xc0, 0xc0, 0xc0, 0xc0, 0xc0, 0xc0,
	0xc0, 0xc0, 0xc0, 0xc0, 0xc0, 0xc0, 0x56020586, 0xc0,
	0xc0, 0xc0, 0xc0, 0xc0, 0xc0, 0xc0, 0xc0, 0xc0,
	0xc0, 0xc0, 0xc0, 0xc0, 0xc0, 0xc0, 0xc0, 0xc0,
	0xc0, 0xc0, 0xc0, 0xc0, 0x48020505, 0xc0, 0x32030505, 0xc0,
	0xc0, 0xc0, 0xc0, 0x34020505, 0xc0, 0xc0, 0xc0, 0xc0,
	0xc0, 0xc0, 0xc0, 0x38030505, 0xc0, 0xc0, 0xc0, 0xc0,
	0xc0, 0xc0, 0xc0, 0xc0, 0xc0, 0xc0, 0xc0, 0xc0,
	0xc0, 0xc0, 0xc0, 0xc0, 0xc0, 0xc0, 0xc0, 0xc0,
	0xc0, 0xc0, 0xc0, 0xc0, 0xc0, 0xc0, 0xc0, 0xc0,
	0xc0, 0xc0, 0xc0, 0x56020505, 0xc0, 0xc0, 0xc0, 0xc0,
	0xc0, 0xc0, 0xc0, 0xc0, 0xc0, 0xc0, 0xc0, 0xc0,
	0xc0, 0xc0, 0xc0, 0xc0, 0xc0, 0xc0, 0xc0, 0xc0,
	0xc0, 0xc0, 0xc0, 0xc0, 0xc0, 0xc0, 0xc0, 0xc0,
	0xc0, 0xc0, 0xc0, 0xc0, 0xc0, 0xc0, 0xc0, 0xc0,
	0xc0, 0xc0, 0xc0, 0xc0, 0xc0, 0xc0, 0xc0, 0xc0,
	0xc0, 0xc0, 0xc0, 0xc0, 0xc0, 0xc0, 0xc0, 0xc0,
	0xc0, 0xc0, 0x9105, 0xc0, 0xc0, 0xc0, 0xc0, 0xc0,
	0xc0, 0xc0, 0xc0, 0xc0, 0xc0, 0xc0, 0xc0, 0xc0,
	0xc0, 0xc0, 0xc0, 0xc0, 0xc0, 0xc0, 0xc0, 0xc0,
	0xc0, 0xc0, 0xc0, 0xc0, 0xc0, 0xc0, 0xc0, 0xc0,
	0xc0, 0xc0, 0xc0, 0xc0, 0xc0, 0xc0, 0xc0, 0xc0,
	0xc0, 0xc0, 0xc0, 0xc0, 0xc0, 0xc0, 0xc0, 0xc0,
	0xc0, 0xc0, 0xc0, 0xc0, 0xc0, 0xc0, 0xc0, 0xc0,
	0xc0, 0xc0, 0xc0, 0xc0, 0xc0, 0xc0, 0xc0, 0xc0,
	0x1cd, 0x1cd, 0x1cd, 0x1cd, 0x1cd, 0x1cd, 0x1cd, 0x1cd,
	0x1cd, 0x1cd, 0x1cd, 0x1cd, 0x1cd, 0x1cd, 0x1cd, 0x1cd,
	0x1cd, 0x1cd, 0x1cd, 0x1cd, 0x1cd, 0x1cd, 0x1cd, 0x1cd,
	0x1cd, 0x1cd, 0x1cd, 0x1cd, 0x1cd, 0x1cd, 0x1cd, 0x1cd,
	0x1cc, 0x1cc, 0x1cc, 0x1cc, 0xc0, 0xc0, 0xc0, 0xc0,
	0xc0, 0xc0, 0xc0, 0xc0, 0xc0, 0xc0, 0xc0, 0xc0,
	0xc0, 0xc0, 0xc0, 0xc0, 0xc0, 0xc0, 0xc0, 0xc0,
	0xc0, 0xc0, 0xc0, 0xc0, 0xc0, 0xc0, 0xc0, 0xc0,
	0xc0, 0xc0, 0x1842c5, 0x1882c5, 0x18c2c5, 0x1902c5, 0xc0, 0xc0,
	0x5d9c91c4, 0x5d0591c4, 0xc0, 0xc0, 0xc0, 0xc0, 0xc0, 0xc0,
	0xc0, 0xc0, 0xc0, 0xc0, 0xc0, 0xc0, 0xc0, 0xc0,
	0x1943c5, 0x19a3c5, 0x1a03c5, 0x1a63c5, 0x1ac3c5, 0x1b23c5, 0x1b83c5, 0x1be3c5,
	0x1c43c5, 0x1ca3c5, 0xc0, 0xc0, 0xc0, 0xc0, 0xc0, 0xc0,
	0xc0, 0xc0, 0xc0, 0xc0, 0xc0, 0xc0, 0xc0, 0xc0,
	0xc0, 0xc0, 0x1d03c5, 0x1d63c5, 0x1dc3c5, 0x1e23c5, 0x1e83c5, 0x1ee3c5,
	0x1f43c5, 0x1fa3c5, 0x2003c5, 0x2063c5, 0xc0, 0xc0, 0xc0, 0xc0,
	0xc0, 0xc0, 0xc0, 0xc0, 0x20c3c5, 0x2123c5, 0x2183c5, 0x21e3c5,
	0x2243c5, 0x22a3c5, 0x2303c5, 0x2363c5, 0x23c3c5, 0x2423c5, 0xc0, 0xc0,
	0xc0, 0xc0, 0xc0, 0xc0, 0xc0, 0xc0, 0xc0, 0xc0,
	0xc0, 0xc0, 0x9e0c9, 0xc0, 0xc0, 0xc0, 0xc0, 0xc0,
	0xc0, 0xc0, 0xc0, 0xc0, 0xc0, 0xc0, 0xc0, 0xc0,
	0xc0, 0xc0, 0xc0, 0xc0, 0xc0, 0xc0, 0xc0, 0xc0,
	0x1cc, 0x1cc, 0x1cc, 0x1cc, 0x1cc, 0x1cc, 0x1cc, 0x1cc,
	0x1cc, 0x1cc, 0x1cc, 0x1cc, 0x1cc, 0x1cc, 0x1cc, 0x1cc,
	0x1cc, 0x1cc, 0x1cc, 0x1cc, 0x1cc, 0x1cc, 0x1cc, 0x1cc,
	0x1cc, 0x1cc, 0x1cc, 0x1cc, 0x1cc, 0x1cc, 0x1cc, 0x1cc,
	0xc0, 0xc0, 0xc0, 0xc0
};

static constexpr int32_t s_coll_eeTrieIndexLength = 2112;
static constexpr int32_t s_coll_eeTrieDataLength = 884;
static constexpr char32_t s_coll_eeTrieHighStart = 0xe000;
static constexpr int32_t s_coll_eeTrieHighValueIndex = 880;

static constexpr uint32_t s_coll_eeCe32s[308] = {
	0x0, 0x32020587, 0x8805, 0x32020546, 0x8805, 0x32020587, 0x9c05, 0x32020546,
	0x9c05, 0x32020587, 0x9005, 0x32020546, 0x9005, 0x32020587, 0x9105, 0x32020546,
	0x9105, 0x32020587, 0xc405, 0x32020546, 0xc405, 0x32020587, 0xd205, 0x32020546,
	0xd205, 0x38020587, 0x9c05, 0x38020546, 0x9c05, 0x38020587, 0xc405, 0x38020546,
	0xc405, 0x38020587, 0xd205, 0x38020546, 0xd205, 0x40020587, 0x8805, 0x40020546,
	0x8805, 0x40020587, 0x9c05, 0x40020546, 0x9c05, 0x46020587, 0x8805, 0x46020546,
	0x8805, 0x46020546, 0x9605, 0x46020587, 0x9105, 0x46020546, 0x9105, 0x46020587,
	0x9605, 0x46020587, 0xa405, 0x46020546, 0xa405, 0x46020587, 0x9c05, 0x46020546,
	0x9c05, 0x46020546, 0x9205, 0x46020587, 0x8a05, 0x46020546, 0x8a05, 0x46020587,
	0xc405, 0x46020546, 0xc405, 0x46020587, 0xb605, 0x46020546, 0xb605, 0x46020587,
	0x9a05, 0x46020546, 0x9a05, 0x52020587, 0x8805, 0x52020546, 0x8805, 0x52020587,
	0x9105, 0x52020546, 0x9105, 0x52020587, 0xa005, 0x52020546, 0xa005, 0x52020587,
	0x9005, 0x52020546, 0x9005, 0x52020587, 0xca05, 0x52020546, 0xca05, 0x52020587,
	0x9c05, 0x52020546, 0x9c05, 0x52020587, 0xc405, 0x52020546, 0xc405, 0x52020587,
	0x8805, 0x9c05, 0x52020546, 0x8805, 0x9c05, 0x52020587, 0x9005, 0x9c05,
	0x52020546, 0x9005, 0x9c05, 0x52020587, 0xc405, 0x9c05, 0x52020546, 0xc405,
	0x9c05, 0x32020505, 0x8805, 0x32020505, 0x9c05, 0x32020505, 0x9005, 0x32020505,
	0x9105, 0x32020505, 0xc405, 0x32020505, 0xd205, 0x38020505, 0x9c05, 0x38020505,
	0xc405, 0x38020505, 0xd205, 0x40020505, 0x8805, 0x40020505, 0x9c05, 0x46020505,
	0x8805, 0x46020505, 0x9605, 0x46020505, 0x9105, 0x46020505, 0xa405, 0x46020505,
	0x9c05, 0x46020505, 0x9205, 0x46020505, 0x8a05, 0x46020505, 0xc405, 0x46020505,
	0xb605, 0x46020505, 0x9a05, 0x52020505, 0x8805, 0x52020505, 0x9105, 0x52020505,
	0xa005, 0x52020505, 0x9005, 0x52020505, 0xca05, 0x52020505, 0x9c05, 0x52020505,
	0xc405, 0x52020505, 0x8805, 0x9c05, 0x52020505, 0x9005, 0x9c05, 0x52020505,
	0xc405, 0x9c05, 0x3a020586, 0x9c05, 0x3a020505, 0x9c05, 0x3a020586, 0x9605,
	0x3a020505, 0x9605, 0x2b00059c, 0x9105, 0x8805, 0x2b000505, 0x9105, 0x8805,
	0x2b00059c, 0x9105, 0x8a05, 0x2b000505, 0x9105, 0x8a05, 0x2b00059c, 0x9105,
	0xb605, 0x2b000505, 0x9105, 0xb605, 0x2b00059c, 0x9105, 0x9a05, 0x2b000505,
	0x9105, 0x9a05, 0x2b00059c, 0xc405, 0x9105, 0x2b000505, 0xc405, 0x9105,
	0x3300059c, 0x9105, 0x8805, 0x33000505, 0x9105, 0x8805, 0x3300059c, 0x9105,
	0x8a05, 0x33000505, 0x9105, 0x8a05, 0x3300059c, 0x9105, 0xb605, 0x33000505,
	0x9105, 0xb605, 0x3300059c, 0x9105, 0x9a05, 0x33000505, 0x9105, 0x9a05,
	0x3300059c, 0xc405, 0x9105, 0x33000505, 0xc405, 0x9105, 0x4700059c, 0x9105,
	0x8805, 0x47000505, 0x9105, 0x8805, 0x4700059c, 0x9105, 0x8a05, 0x47000505,
	0x9105, 0x8a05, 0x4700059c, 0x9105, 0xb605, 0x47000505, 0x9105, 0xb605,
	0x4700059c, 0x9105, 0x9a05, 0x47000505, 0x9105, 0x9a05, 0x4700059c, 0xc405,
	0x9105, 0x47000505, 0xc405, 0x9105, 0x2b0070a0, 0x330005a2, 0x4f007005, 0x4f000513,
	0x2b007005, 0x33000513, 0x12000505, 0x14000505, 0x16000505, 0x18000505, 0x1a000505, 0x1c000505,
	0x1e000505, 0x20000505, 0x22000505, 0x24000505
};

static constexpr char16_t s_coll_eeContexts[397] = {
	0x3100, 0x59c, 0xd, 0x17e, 0x17, 0x1e92, 0xc, 0x1e92, 0xc002, 0x22c5, 0x1e93, 0xc002,
	0x62c5, 0x1e94, 0xc002, 0xa2c5, 0x1e95, 0xc002, 0xe2c5, 0x17e, 0xc001, 0x62c5, 0x1e90, 0xc001,
	0xa2c5, 0x1e91, 0xc001, 0xe2c5, 0x17a, 0xc, 0x17a, 0xc000, 0x62c5, 0x17b, 0xc000, 0xa2c5,
	0x17c, 0xc000, 0xe2c5, 0x17d, 0xc001, 0x22c5, 0x5a, 0xf202, 0x587, 0x7a, 0xf202, 0x546,
	0x179, 0xa2c5, 0x3700, 0x59c, 0x7, 0x1e04, 0xc, 0x1e04, 0xc003, 0xa2c5, 0x1e05, 0xc003,
	0xe2c5, 0x1e06, 0xc004, 0x22c5, 0x1e07, 0xc004, 0x62c5, 0x42, 0xf802, 0x587, 0x62, 0xf802,
	0x546, 0x1e02, 0xc003, 0x22c5, 0x1e03, 0xc003, 0x62c5, 0x3f00, 0x59c, 0x5, 0x1e55, 0x9,
	0x1e55, 0xc004, 0xe2c5, 0x1e56, 0xc005, 0x22c5, 0x1e57, 0xc005, 0x62c5, 0x50, 0xffff, 0x4002,
	0x587, 0x70, 0xffff, 0x4002, 0x546, 0x1e54, 0xc004, 0xa2c5, 0x4500, 0x59c, 0x14, 0x1e8e,
	0x25, 0x1ef4, 0x14, 0x1ef7, 0x9, 0x1ef7, 0xc009, 0xa2c5, 0x1ef8, 0xc009, 0xe2c5, 0x1ef9,
	0xc00a, 0x22c5, 0x1ef4, 0xc008, 0xe2c5, 0x1ef5, 0xc009, 0x22c5, 0x1ef6, 0xc009, 0x62c5, 0x1e8e,
	0xc007, 0xa2c5, 0x1e8f, 0xc007, 0xe2c5, 0x1e99, 0xc008, 0x22c5, 0x1ef2, 0xc008, 0x62c5, 0x1ef3,
	0xc008, 0xa2c5, 0x176, 0xf, 0x176, 0xc006, 0x62c5, 0x177, 0xc006, 0xa2c5, 0x178, 0xc006,
	0xe2c5, 0x232, 0xc007, 0x22c5, 0x233, 0xc007, 0x62c5, 0x59, 0xffff, 0x4602, 0x587, 0x79,
	0xffff, 0x4602, 0x546, 0xdd, 0xc005, 0xa2c5, 0xfd, 0xc005, 0xe2c5, 0xff, 0xc006, 0x22c5,
	0x5100, 0x59c, 0x15, 0x219, 0x25, 0x1e64, 0x14, 0x1e67, 0x9, 0x1e67, 0xc00f, 0x3c5,
	0x1e68, 0xc00f, 0x63c5, 0x1e69, 0xc00f, 0xc3c5, 0x1e64, 0xc00d, 0xe3c5, 0x1e65, 0xc00e, 0x43c5,
	0x1e66, 0xc00e, 0xa3c5, 0x219, 0xc00c, 0xa2c5, 0x1e60, 0xc00c, 0xe2c5, 0x1e61, 0xc00d, 0x22c5,
	0x1e62, 0xc00d, 0x62c5, 0x1e63, 0xc00d, 0xa2c5, 0x15d, 0x14, 0x160, 0x9, 0x160, 0xc00b,
	0xe2c5, 0x161, 0xc00c, 0x22c5, 0x218, 0xc00c, 0x62c5, 0x15d, 0xc00b, 0x22c5, 0x15e, 0xc00b,
	0x62c5, 0x15f, 0xc00b, 0xa2c5, 0x53, 0xffff, 0x5202, 0x587, 0x73, 0xffff, 0x5202, 0x546,
	0x15a, 0xc00a, 0x62c5, 0x15b, 0xc00a, 0xa2c5, 0x15c, 0xc00a, 0xe2c5, 0x3100, 0x505, 0x6,
	0x17e, 0xc, 0x17e, 0xc010, 0xa2c5, 0x1e91, 0xc010, 0xe2c5, 0x1e93, 0xc011, 0x22c5, 0x1e95,
	0xc011, 0x62c5, 0x7a, 0xf202, 0x505, 0x17a, 0xc010, 0x22c5, 0x17c, 0xc010, 0x62c5, 0x3700,
	0x505, 0x3, 0x62, 0xf802, 0x505, 0x1e03, 0xc011, 0xa2c5, 0x1e05, 0xc011, 0xe2c5, 0x1e07,
	0xc012, 0x22c5, 0x3f00, 0x505, 0x2, 0x70, 0xffff, 0x4002, 0x505, 0x1e55, 0xc012, 0x62c5,
	0x1e57, 0xc012, 0xa2c5, 0x4500, 0x505, 0xa, 0x1e8f, 0x14, 0x1ef5, 0x9, 0x1ef5, 0xc014,
	0xa2c5, 0x1ef7, 0xc014, 0xe2c5, 0x1ef9, 0xc015, 0x22c5, 0x1e8f, 0xc013, 0xe2c5, 0x1e99, 0xc014,
	0x22c5, 0x1ef3, 0xc014, 0x62c5, 0x79, 0xffff, 0x4602, 0x505, 0xfd, 0xc012, 0xe2c5, 0xff,
	0xc013, 0x22c5, 0x177, 0xc013, 0x62c5, 0x233, 0xc013, 0xa2c5, 0x5100, 0x505, 0xa, 0x219,
	0x14, 0x1e65, 0x9, 0x1e65, 0xc017, 0x23c5, 0x1e67, 0xc017, 0x83c5, 0x1e69, 0xc017, 0xe3c5,
	0x219, 0xc016, 0x62c5, 0x1e61, 0xc016, 0xa2c5, 0x1e63, 0xc016, 0xe2c5, 0x73, 0xffff, 0x5202,
	0x505, 0x15b, 0xc015, 0x62c5, 0x15d, 0xc015, 0xa2c5, 0x15f, 0xc015, 0xe2c5, 0x161, 0xc016,
	0x22c5
};

static constexpr uint16_t s_coll_eeFastLatin[590] = {
	0x205, 0xc40, 0xde0, 0xe80, 0xea8, 0x418, 0x0, 0x0, 0x0, 0x0, 0x0, 0x0,
	0x0, 0x0, 0xc00, 0xc08, 0xc10, 0xc18, 0xc20, 0x0, 0x0, 0x0, 0x0, 0x0,
	0x0, 0x0, 0x0, 0x0, 0x0, 0x0, 0x0, 0x0, 0x0, 0x0, 0x0, 0x0,
	0x0, 0xc40, 0xca8, 0xcf0, 0xd78, 0xe98, 0xd80, 0xd70, 0xcd8, 0xd08, 0xd10, 0xd58,
	0xe30, 0xc90, 0xc60, 0xcd0, 0xd60, 0x10a8, 0x14a8, 0x18a8, 0x1ca8, 0x20a8, 0x24a8, 0x28a8,
	0x2ca8, 0x30a8, 0x34a8, 0xca0, 0xc98, 0xe50, 0xe58, 0xe60, 0xcb8, 0xd50, 0x38b9, 0x3cb9,
	0x40b9, 0x41a, 0x4cba, 0x50b9, 0x42c, 0x5cb9, 0x64ba, 0x6cba, 0x432, 0x78b9, 0x7cb9, 0x438,
	0x8cb9, 0x90b9, 0x94b9, 0x9cb9, 0xa0ba, 0x44a, 0xb0b9, 0xb4b9, 0xb8b9, 0x60b9, 0xbcb9, 0xc0b9,
	0xd18, 0xd68, 0xd20, 0xdf8, 0xc50, 0xde8, 0x38a8, 0x3ca8, 0x40a8, 0x460, 0x4ca8, 0x50a8,
	0x46a, 0x5ca8, 0x64a8, 0x6ca8, 0x46e, 0x78a8, 0x7ca8, 0x472, 0x8ca8, 0x90a8, 0x94a8, 0x9ca8,
	0xa0a8, 0x47c, 0xb0a8, 0xb4a8, 0xb8a8, 0x60a8, 0xbca8, 0xc0a8, 0xd28, 0xe70, 0xd30, 0xe80,
	0x0, 0x0, 0x0, 0x0, 0x0, 0x0, 0xc28, 0x0, 0x0, 0x0, 0x0, 0x0,
	0x0, 0x0, 0x0, 0x0, 0x0, 0x0, 0x0, 0x0, 0x0, 0x0, 0x0, 0x0,
	0x0, 0x0, 0x0, 0x0, 0x0, 0x0, 0x0, 0x0, 0x0, 0xc42, 0xcb0, 0xe90,
	0xea0, 0xe88, 0xea8, 0xe78, 0xd40, 0xe08, 0xe20, 0x38aa, 0xcf8, 0xe68, 0x0, 0xe28,
	0xe00, 0xe18, 0xe38, 0x18a9, 0x1ca9, 0xdf0, 0x1, 0xd48, 0x1, 0xe10, 0x14a9, 0x8caa,
	0xd00, 0x1, 0x1, 0x1, 0xcc0, 0x39b9, 0x3999, 0x3a19, 0x3a99, 0x3a59, 0x3a39, 0x800,
	0x42f9, 0x4dba, 0x4d9a, 0x4e1a, 0x4e5a, 0x65ba, 0x659a, 0x661a, 0x665a, 0x44d9, 0x829a, 0x8db9,
	0x8d99, 0x8e19, 0x8e99, 0x8e59, 0xe48, 0x8ed9, 0xb1b9, 0xb199, 0xb219, 0xb259, 0xbd99, 0xc4b9,
	0x802, 0x39a8, 0x3988, 0x3a08, 0x3a88, 0x3a48, 0x3a28, 0x804, 0x42e8, 0x4da8, 0x4d88, 0x4e08,
	0x4e48, 0x65a8, 0x6588, 0x6608, 0x6648, 0x44c8, 0x8288, 0x8da8, 0x8d88, 0x8e08, 0x8e88, 0x8e48,
	0xe40, 0x8ec8, 0xb1a8, 0xb188, 0xb208, 0xb248, 0xbd88, 0xc4a8, 0xbe48, 0x3b39, 0x3b28, 0x39d9,
	0x39c8, 0x3b19, 0x3b08, 0x4199, 0x4188, 0x4219, 0x4208, 0x42b9, 0x42a8, 0x41f9, 0x41e8, 0x45f9,
	0x45e8, 0x4759, 0x4748, 0x4f3a, 0x4f28, 0x4dda, 0x4dc8, 0x4eba, 0x4ea8, 0x4f1a, 0x4f08, 0x4dfa,
	0x4de8, 0x5619, 0x5608, 0x55d9, 0x55c8, 0x56b9, 0x56a8, 0x56f9, 0x56e8, 0x5e19, 0x5e08, 0x5f59,
	0x5f48, 0x669a, 0x6688, 0x673a, 0x6728, 0x65da, 0x65c8, 0x671a, 0x6708, 0x66ba, 0x68a8, 0x806,
	0x808, 0x6e1a, 0x6e08, 0x72f9, 0x72e8, 0x98a8, 0x7999, 0x7988, 0x7af9, 0x7ae8, 0x79f9, 0x79e8,
	0x7b79, 0x7b68, 0x7b59, 0x7b48, 0x819a, 0x8188, 0x82fa, 0x82e8, 0x81fa, 0x81e8, 0x80a, 0x88b9,
	0x88a8, 0x8f39, 0x8f28, 0x8dd9, 0x8dc8, 0x8e79, 0x8e68, 0x80c, 0x80e, 0x9d99, 0x9d88, 0x9ef9,
	0x9ee8, 0x9df9, 0x9de8, 0xa19a, 0xa188, 0xa21a, 0xa208, 0xa2fa, 0xa2e8, 0xa1fa, 0xa1e8, 0xa6f9,
	0xa6e8, 0xa5f9, 0xa5e8, 0xacb9, 0xaca8, 0xb299, 0xb288, 0xb339, 0xb328, 0xb1d9, 0xb1c8, 0xb239,
	0xb228, 0xb279, 0xb268, 0xb319, 0xb308, 0xba19, 0xba08, 0xbe19, 0xbe08, 0xbe59, 0xc199, 0xc188,
	0xc2b9, 0xc2a8, 0xc1f9, 0xc1e8, 0xa0e8, 0xc41, 0xc41, 0xc41, 0xc41, 0xc41, 0xc41, 0xc41,
	0xc42, 0xc41, 0xc41, 0xc41, 0x0, 0x0, 0x0, 0x0, 0x0, 0xc68, 0xc69, 0xc70,
	0xc78, 0xc80, 0xc88, 0xd38, 0xc58, 0x1, 0x1, 0x1, 0x1, 0x1, 0x1, 0x1,
	0x1, 0xd98, 0xda0, 0xda8, 0xdb0, 0xcd1, 0x810, 0x1, 0xdb8, 0xc30, 0xc38, 0x0,
	0x0, 0x0, 0x0, 0x0, 0xc42, 0xd88, 0xd90, 0xdc0, 0x812, 0x1, 0xdc8, 0x814,
	0x1, 0xdd0, 0xce0, 0xce8, 0xdd8, 0x816, 0xcc8, 0xc48, 0xde0, 0x38d9, 0x4cbb, 0xa0c8,
	0xa0a9, 0x38c8, 0x4ca9, 0x64bb, 0x6cbb, 0x64a9, 0x6ca9, 0xc8a9, 0x80a9, 0x8cd9, 0x4cbb, 0x8cc8,
	0x4ca9, 0xcd1, 0xcd1, 0xdc1, 0xdc1, 0xdc9, 0xdc9, 0xca9, 0xca9, 0x5ff, 0x0, 0x5ff,
	0x44b9, 0x45a, 0x48ba, 0x47a, 0x48b1, 0x579, 0x499a, 0x57a, 0x4991, 0x57b, 0x4aba, 0x57c,
	0x4ab1, 0x57d, 0x49fa, 0x57e, 0x49f1, 0x5ff, 0x54b9, 0x442, 0x58ba, 0x462, 0x58b1, 0x5ff,
	0x70b9, 0x450, 0x74ba, 0x470, 0x74b1, 0x5ff, 0x80ba, 0x459, 0x84ba, 0x479, 0x84b1, 0x4dd,
	0x859a, 0x4fd, 0x8591, 0x4ff, 0x8651, 0x576, 0x861a, 0x577, 0x8611, 0x578, 0x865a, 0x5ff,
	0xa4b9, 0x453, 0xa8ba, 0x473, 0xa8b1, 0x55a, 0xa99a, 0x55b, 0xa991, 0x55c, 0xaa1a, 0x55d,
	0xaa11, 0x55e, 0xaafa, 0x55f, 0xaaf1, 0x560, 0xa9fa, 0x561, 0xa9f1, 0x5ff, 0x44a8, 0x47a,
	0x48a8, 0x57a, 0x4988, 0x57c, 0x4aa8, 0x57e, 0x49e8, 0x5ff, 0x54a8, 0x462, 0x58a8, 0x5ff,
	0x70a8, 0x470, 0x74a8, 0x5ff, 0x80a8, 0x479, 0x84a8, 0x4fd, 0x8588, 0x4ff, 0x8648, 0x577,
	0x8608, 0x5ff, 0xa4a8, 0x473, 0xa8a8, 0x55b, 0xa988, 0x55d, 0xaa08, 0x55f, 0xaae8, 0x561,
	0xa9e8, 0x1ff
};

static constexpr uint16_t s_coll_eeFastLatinPrimaries[384] = {
	0x0, 0x0, 0x0, 0x0, 0x0, 0x0, 0x0, 0x0, 0x0, 0xc00, 0xc08, 0xc10,
	0xc18, 0xc20, 0x0, 0x0, 0x0, 0x0, 0x0, 0x0, 0x0, 0x0, 0x0, 0x0,
	0x0, 0x0, 0x0, 0x0, 0x0, 0x0, 0x0, 0x0, 0xc40, 0xca8, 0xcf0, 0xd78,
	0xe98, 0xd80, 0xd70, 0xcd8, 0xd08, 0xd10, 0xd58, 0xe30, 0xc90, 0xc60, 0xcd0, 0xd60,
	0x1000, 0x1400, 0x1800, 0x1c00, 0x2000, 0x2400, 0x2800, 0x2c00, 0x3000, 0x3400, 0xca0, 0xc98,
	0xe50, 0xe58, 0xe60, 0xcb8, 0xd50, 0x3800, 0x3c00, 0x4000, 0x0, 0x4c00, 0x5000, 0x0,
	0x5c00, 0x6400, 0x6c00, 0x0, 0x7800, 0x7c00, 0x0, 0x8c00, 0x9000, 0x9400, 0x9c00, 0xa000,
	0x0, 0xb000, 0xb400, 0xb800, 0x6000, 0xbc00, 0xc000, 0xd18, 0xd68, 0xd20, 0xdf8, 0xc50,
	0xde8, 0x3800, 0x3c00, 0x4000, 0x0, 0x4c00, 0x5000, 0x0, 0x5c00, 0x6400, 0x6c00, 0x0,
	0x7800, 0x7c00, 0x0, 0x8c00, 0x9000, 0x9400, 0x9c00, 0xa000, 0x0, 0xb000, 0xb400, 0xb800,
	0x6000, 0xbc00, 0xc000, 0xd28, 0xe70, 0xd30, 0xe80, 0x0, 0x0, 0x0, 0x0, 0x0,
	0x0, 0xc28, 0x0, 0x0, 0x0, 0x0, 0x0, 0x0, 0x0, 0x0, 0x0, 0x0,
	0x0, 0x0, 0x0, 0x0, 0x0, 0x0, 0x0, 0x0, 0x0, 0x0, 0x0, 0x0,
	0x0, 0x0, 0x0, 0x0, 0xc40, 0xcb0, 0xe90, 0xea0, 0xe88, 0xea8, 0xe78, 0xd40,
	0xe08, 0xe20, 0x3800, 0xcf8, 0xe68, 0x0, 0xe28, 0xe00, 0xe18, 0xe38, 0x1800, 0x1c00,
	0xdf0, 0x0, 0xd48, 0x0, 0xe10, 0x1400, 0x8c00, 0xd00, 0x0, 0x0, 0x0, 0xcc0,
	0x3800, 0x3800, 0x3800, 0x3800, 0x3800, 0x3800, 0x0, 0x4000, 0x4c00, 0x4c00, 0x4c00, 0x4c00,
	0x6400, 0x6400, 0x6400, 0x6400, 0x4400, 0x8000, 0x8c00, 0x8c00, 0x8c00, 0x8c00, 0x8c00, 0xe48,
	0x8c00, 0xb000, 0xb000, 0xb000, 0xb000, 0xbc00, 0xc400, 0x0, 0x3800, 0x3800, 0x3800, 0x3800,
	0x3800, 0x3800, 0x0, 0x4000, 0x4c00, 0x4c00, 0x4c00, 0x4c00, 0x6400, 0x6400, 0x6400, 0x6400,
	0x4400, 0x8000, 0x8c00, 0x8c00, 0x8c00, 0x8c00, 0x8c00, 0xe40, 0x8c00, 0xb000, 0xb000, 0xb000,
	0xb000, 0xbc00, 0xc400, 0xbc00, 0x3800, 0x3800, 0x3800, 0x3800, 0x3800, 0x3800, 0x4000, 0x4000,
	0x4000, 0x4000, 0x4000, 0x4000, 0x4000, 0x4000, 0x4400, 0x4400, 0x4400, 0x4400, 0x4c00, 0x4c00,
	0x4c00, 0x4c00, 0x4c00, 0x4c00, 0x4c00, 0x4c00, 0x4c00, 0x4c00, 0x5400, 0x5400, 0x5400, 0x5400,
	0x5400, 0x5400, 0x5400, 0x5400, 0x5c00, 0x5c00, 0x5c00, 0x5c00, 0x6400, 0x6400, 0x6400, 0x6400,
	0x6400, 0x6400, 0x6400, 0x6400, 0x6400, 0x6800, 0x0, 0x0, 0x6c00, 0x6c00, 0x7000, 0x7000,
	0x9800, 0x7800, 0x7800, 0x7800, 0x7800, 0x7800, 0x7800, 0x7800, 0x7800, 0x7800, 0x7800, 0x8000,
	0x8000, 0x8000, 0x8000, 0x8000, 0x8000, 0x0, 0x8800, 0x8800, 0x8c00, 0x8c00, 0x8c00, 0x8c00,
	0x8c00, 0x8c00, 0x0, 0x0, 0x9c00, 0x9c00, 0x9c00, 0x9c00, 0x9c00, 0x9c00, 0xa000, 0xa000,
	0xa000, 0xa000, 0xa000, 0xa000, 0xa000, 0xa000, 0xa400, 0xa400, 0xa400, 0xa400, 0xac00, 0xac00,
	0xb000, 0xb000, 0xb000, 0xb000, 0xb000, 0xb000, 0xb000, 0xb000, 0xb000, 0xb000, 0xb000, 0xb000,
	0xb800, 0xb800, 0xbc00, 0xbc00, 0xbc00, 0xc000, 0xc000, 0xc000, 0xc000, 0xc000, 0xc000, 0xa000
};

static constexpr int32_t s_coll_eeFastLatinMiniVarTop = 0xbff;

static constexpr uint32_t s_coll_eeNumericPrimary = 0x10000000;
static constexpr int32_t s_coll_eeOptions = 0x2010;
static constexpr int32_t s_coll_eeJamoCe32sStart = -1;

static constexpr uint32_t s_coll_eeUnsafeBwd[884] = {
	0x34, 0x35, 0x42, 0x43, 0x4c, 0x4d, 0x50, 0x51, 0x53, 0x54, 0x59, 0x5b,
	0x62, 0x63, 0x70, 0x71, 0x73, 0x74, 0x79, 0x7b, 0xa0, 0xa1, 0xdd, 0xde,
	0xfd, 0xfe, 0xff, 0x100, 0x15a, 0x162, 0x176, 0x17f, 0x218, 0x21a, 0x232, 0x234,
	0x300, 0x34f, 0x350, 0x370, 0x3a9, 0x3aa, 0x3e2, 0x3e3, 0x42f, 0x430, 0x483, 0x488,
	0x531, 0x532, 0x591, 0x5be, 0x5bf, 0x5c0, 0x5c1, 0x5c3, 0x5c4, 0x5c6, 0x5c7, 0x5c8,
	0x5d0, 0x5d1, 0x610, 0x61b, 0x628, 0x629, 0x64b, 0x660, 0x670, 0x671, 0x6d6, 0x6dd,
	0x6df, 0x6e5, 0x6e7, 0x6e9, 0x6ea, 0x6ee, 0x710, 0x712, 0x730, 0x74b, 0x78c, 0x78d,
	0x7ca, 0x7cb, 0x7eb, 0x7f4, 0x7fd, 0x7fe, 0x800, 0x801, 0x816, 0x81a, 0x81b, 0x824,
	0x825, 0x828, 0x829, 0x82e, 0x840, 0x841, 0x859, 0x85c, 0x897, 0x8a0, 0x8ca, 0x8e2,
	0x8e3, 0x900, 0x905, 0x906, 0x93c, 0x93d, 0x94d, 0x94e, 0x951, 0x955, 0x995, 0x996,
	0x9bc, 0x9bd, 0x9be, 0x9bf, 0x9cd, 0x9ce, 0x9d7, 0x9d8, 0x9fe, 0x9ff, 0xa15, 0xa16,
	0xa3c, 0xa3d, 0xa4d, 0xa4e, 0xa95, 0xa96, 0xabc, 0xabd, 0xacd, 0xace, 0xb15, 0xb16,
	0xb3c, 0xb3d, 0xb3e, 0xb3f, 0xb4d, 0xb4e, 0xb56, 0xb58, 0xb95, 0xb96, 0xbbe, 0xbbf,
	0xbcd, 0xbce, 0xbd7, 0xbd8, 0xc15, 0xc16, 0xc3c, 0xc3d, 0xc4d, 0xc4e, 0xc55, 0xc57,
	0xc95, 0xc96, 0xcbc, 0xcbd, 0xcc2, 0xcc3, 0xccd, 0xcce, 0xcd5, 0xcd7, 0xd15, 0xd16,
	0xd3b, 0xd3d, 0xd3e, 0xd3f, 0xd4d, 0xd4e, 0xd57, 0xd58, 0xd85, 0xd86, 0xdca, 0xdcb,
	0xdcf, 0xdd0, 0xddf, 0xde0, 0xe01, 0xe2f, 0xe32, 0xe33, 0xe38, 0xe3b, 0xe48, 0xe4c,
	0xe81, 0xe83, 0xe84, 0xe85, 0xe86, 0xe8b, 0xe8c, 0xea4, 0xea5, 0xea6, 0xea7, 0xeaf,
	0xeb2, 0xeb3, 0xeb8, 0xebb, 0xec8, 0xecc, 0xedc, 0xee0, 0xf18, 0xf1a, 0xf35, 0xf36,
	0xf37, 0xf38, 0xf39, 0xf3a, 0xf40, 0xf41, 0xf71, 0xf76, 0xf7a, 0xf7e, 0xf80, 0xf85,
	0xf86, 0xf88, 0xfc6, 0xfc7, 0x1000, 0x1001, 0x102e, 0x102f, 0x1037, 0x1038, 0x1039, 0x103b,
	0x108d, 0x108e, 0x10d3, 0x10d4, 0x12a0, 0x12a1, 0x135d, 0x1360, 0x13c4, 0x13c5, 0x14c0, 0x14c1,
	0x168f, 0x1690, 0x16a0, 0x16a1, 0x1703, 0x1704, 0x1714, 0x1716, 0x1723, 0x1724, 0x1734, 0x1735,
	0x1743, 0x1744, 0x1763, 0x1764, 0x1780, 0x1781, 0x17d2, 0x17d3, 0x17dd, 0x17de, 0x1826, 0x1827,
	0x18a9, 0x18aa, 0x1900, 0x1901, 0x1939, 0x193c, 0x1950, 0x1951, 0x1980, 0x19ac, 0x1a00, 0x1a01,
	0x1a17, 0x1a19, 0x1a20, 0x1a21, 0x1a60, 0x1a61, 0x1a75, 0x1a7d, 0x1a7f, 0x1a80, 0x1ab0, 0x1abe,
	0x1abf, 0x1ade, 0x1ae0, 0x1aec, 0x1b05, 0x1b06, 0x1b34, 0x1b36, 0x1b44, 0x1b45, 0x1b6b, 0x1b74,
	0x1b83, 0x1b84, 0x1baa, 0x1bac, 0x1bc0, 0x1bc1, 0x1be6, 0x1be7, 0x1bf2, 0x1bf4, 0x1c00, 0x1c01,
	0x1c37, 0x1c38, 0x1c5a, 0x1c5b, 0x1cd0, 0x1cd3, 0x1cd4, 0x1ce1, 0x1ce2, 0x1ce9, 0x1ced, 0x1cee,
	0x1cf4, 0x1cf5, 0x1cf8, 0x1cfa, 0x1dc0, 0x1e00, 0x1e02, 0x1e08, 0x1e54, 0x1e58, 0x1e60, 0x1e6a,
	0x1e8e, 0x1e96, 0x1e99, 0x1e9a, 0x1ef2, 0x1efa, 0x201c, 0x201d, 0x20ac, 0x20ad, 0x20d0, 0x20dd,
	0x20e1, 0x20e2, 0x20e5, 0x20f1, 0x263a, 0x263b, 0x2c00, 0x2c01, 0x2cef, 0x2cf2, 0x2d30, 0x2d31,
	0x2d7f, 0x2d80, 0x2de0, 0x2e00, 0x302a, 0x3030, 0x304b, 0x304c, 0x3099, 0x309b, 0x30ab, 0x30ac,
	0x3105, 0x3106, 0x5b57, 0x5b58, 0xa288, 0xa289, 0xa4d0, 0xa4d1, 0xa549, 0xa54a, 0xa66f, 0xa670,
	0xa674, 0xa67e, 0xa69e, 0xa6a1, 0xa6f0, 0xa6f2, 0xa800, 0xa801, 0xa806, 0xa807, 0xa82c, 0xa82d,
	0xa840, 0xa841, 0xa882, 0xa883, 0xa8c4, 0xa8c5, 0xa8e0, 0xa8f2, 0xa90a, 0xa90b, 0xa92b, 0xa92e,
	0xa930, 0xa931, 0xa953, 0xa954, 0xa984, 0xa985, 0xa9b3, 0xa9b4, 0xa9c0, 0xa9c1, 0xaa00, 0xaa01,
	0xaa80, 0xaab1, 0xaab2, 0xaab5, 0xaab7, 0xaab9, 0xaabe, 0xaac0, 0xaac1, 0xaac2, 0xaaf6, 0xaaf7,
	0xabc0, 0xabc1, 0xabed, 0xabee, 0xac00, 0xac01, 0xd800, 0xd809, 0xd80b, 0xd80d, 0xd811, 0xd812,
	0xd818, 0xd819, 0xd81a, 0xd81c, 0xd820, 0xd821, 0xd823, 0xd824, 0xd82c, 0xd82d, 0xd82f, 0xd830,
	0xd834, 0xd835, 0xd838, 0xd83b, 0xdc00, 0xe000, 0xfb1e, 0xfb1f, 0xfdd0, 0xfdd1, 0xfe20, 0xfe30,
	0x10000, 0x10001, 0x101fd, 0x101fe, 0x10280, 0x10281, 0x102a0, 0x102a1, 0x102e0, 0x102e1, 0x10300, 0x10301,
	0x10330, 0x10331, 0x1036b, 0x1036c, 0x10376, 0x1037b, 0x10380, 0x10381, 0x103a0, 0x103a1, 0x10414, 0x10415,
	0x10450, 0x10451, 0x10480, 0x10481, 0x104b5, 0x104b6, 0x10500, 0x10501, 0x10537, 0x10538, 0x10582, 0x10583,
	0x105c2, 0x105c3, 0x10647, 0x10648, 0x10800, 0x10801, 0x10840, 0x10841, 0x10873, 0x10874, 0x10896, 0x10897,
	0x108f4, 0x108f5, 0x10900, 0x10901, 0x10920, 0x10921, 0x10950, 0x10951, 0x10980, 0x10981, 0x109a0, 0x109a1,
	0x10a00, 0x10a01, 0x10a0d, 0x10a0e, 0x10a0f, 0x10a10, 0x10a38, 0x10a3b, 0x10a3f, 0x10a40, 0x10a60, 0x10a61,
	0x10a95, 0x10a96, 0x10ad8, 0x10ad9, 0x10ae5, 0x10ae7, 0x10b00, 0x10b01, 0x10b40, 0x10b41, 0x10b60, 0x10b61,
	0x10b8f, 0x10b90, 0x10c00, 0x10c01, 0x10ca1, 0x10ca2, 0x10d12, 0x10d13, 0x10d24, 0x10d28, 0x10d5d, 0x10d5e,
	0x10d69, 0x10d6e, 0x10e88, 0x10e89, 0x10eab, 0x10ead, 0x10efa, 0x10efc, 0x10efd, 0x10f00, 0x10f19, 0x10f1a,
	0x10f42, 0x10f43, 0x10f46, 0x10f51, 0x10f7c, 0x10f7d, 0x10f82, 0x10f86, 0x10fbf, 0x10fc0, 0x10ff1, 0x10ff2,
	0x11005, 0x11006, 0x11046, 0x11047, 0x11070, 0x11071, 0x1107f, 0x11080, 0x11083, 0x11084, 0x110b9, 0x110bb,
	0x110d0, 0x110d1, 0x11100, 0x11104, 0x11127, 0x11128, 0x11133, 0x11135, 0x11152, 0x11153, 0x11173, 0x11174,
	0x11183, 0x11184, 0x111c0, 0x111c1, 0x111ca, 0x111cb, 0x11208, 0x11209, 0x11235, 0x11237, 0x1128f, 0x11290,
	0x112be, 0x112bf, 0x112e9, 0x112eb, 0x11315, 0x11316, 0x1133b, 0x1133d, 0x1133e, 0x1133f, 0x1134d, 0x1134e,
	0x11357, 0x11358, 0x11366, 0x1136d, 0x11370, 0x11375, 0x11392, 0x11393, 0x113b8, 0x113b9, 0x113bb, 0x113bc,
	0x113c2, 0x113c3, 0x113c9, 0x113ca, 0x113ce, 0x113d1, 0x11412, 0x11413, 0x11442, 0x11443, 0x11446, 0x11447,
	0x1145e, 0x1145f, 0x11484, 0x11485, 0x114b0, 0x114b1, 0x114ba, 0x114bb, 0x114bd, 0x114be, 0x114c2, 0x114c4,
	0x1158e, 0x1158f, 0x115af, 0x115b0, 0x115bf, 0x115c1, 0x1160e, 0x1160f, 0x1163f, 0x11640, 0x11680, 0x11681,
	0x116b6, 0x116b8, 0x11717, 0x11718, 0x1172b, 0x1172c, 0x1180b, 0x1180c, 0x11839, 0x1183b, 0x118b4, 0x118b5,
	0x1190c, 0x1190d, 0x11930, 0x11931, 0x1193d, 0x1193f, 0x11943, 0x11944, 0x119ce, 0x119cf, 0x119e0, 0x119e1,
	0x11a0b, 0x11a0c, 0x11a34, 0x11a35, 0x11a47, 0x11a48, 0x11a5c, 0x11a5d, 0x11a99, 0x11a9a, 0x11ac0, 0x11ac1,
	0x11bc4, 0x11bc5, 0x11c0e, 0x11c0f, 0x11c3f, 0x11c40, 0x11c72, 0x11c73, 0x11d10, 0x11d11, 0x11d42, 0x11d43,
	0x11d44, 0x11d46, 0x11d71, 0x11d72, 0x11d97, 0x11d98, 0x11dc6, 0x11dc7, 0x11ee5, 0x11ee6, 0x11f1b, 0x11f1c,
	0x11f41, 0x11f43, 0x12000, 0x12001, 0x12fe5, 0x12fe6, 0x13153, 0x13154, 0x14400, 0x14401, 0x1611c, 0x1611d,
	0x1611e, 0x16121, 0x16123, 0x16126, 0x16129, 0x1612a, 0x1612f, 0x16130, 0x16a4f, 0x16a50, 0x16abc, 0x16abd,
	0x16ae6, 0x16ae7, 0x16af0, 0x16af5, 0x16b1c, 0x16b1d, 0x16b30, 0x16b37, 0x16d45, 0x16d46, 0x16d67, 0x16d69,
	0x16e40, 0x16e41, 0x16ea1, 0x16ea2, 0x16f00, 0x16f01, 0x16ff0, 0x16ff2, 0x18229, 0x1822a, 0x18c65, 0x18c66,
	0x1b1c4, 0x1b1c5, 0x1bc20, 0x1bc21, 0x1bc9e, 0x1bc9f, 0x1d165, 0x1d16a, 0x1d16d, 0x1d173, 0x1d17b, 0x1d183,
	0x1d185, 0x1d18c, 0x1d1aa, 0x1d1ae, 0x1d242, 0x1d245, 0x1e000, 0x1e007, 0x1e008, 0x1e019, 0x1e01b, 0x1e022,
	0x1e023, 0x1e025, 0x1e026, 0x1e02b, 0x1e08f, 0x1e090, 0x1e108, 0x1e109, 0x1e130, 0x1e137, 0x1e290, 0x1e291,
	0x1e2ae, 0x1e2af, 0x1e2e1, 0x1e2e2, 0x1e2ec, 0x1e2f0, 0x1e4e6, 0x1e4e7, 0x1e4ec, 0x1e4f0, 0x1e5d0, 0x1e5d1,
	0x1e5ee, 0x1e5f0, 0x1e6d5, 0x1e6d6, 0x1e6e3, 0x1e6e4, 0x1e6e6, 0x1e6e7, 0x1e6ee, 0x1e6f0, 0x1e6f5, 0x1e6f6,
	0x1e802, 0x1e803, 0x1e8d0, 0x1e8d7, 0x1e909, 0x1e90a, 0x1e944, 0x1e94b
};

static constexpr int32_t s_coll_eeUnsafeBwdLength = 884;

static constexpr uint16_t s_coll_ff_AdlmTrieIndex[2208] = {
	0x0, 0x8, 0x10, 0x18, 0x30, 0x38, 0x40, 0x48, 0x30, 0x38, 0x30, 0x38, 0x30, 0x38, 0x30, 0x38,
	0x30, 0x38, 0x30, 0x38, 0x30, 0x38, 0x30, 0x38, 0x30, 0x38, 0x30, 0x38, 0x30, 0x38, 0x30, 0x38,
	0x30, 0x38, 0x30, 0x38, 0x30, 0x38, 0x30, 0x38, 0x30, 0x38, 0x30, 0x38, 0x30, 0x38, 0x30, 0x38,
	0x30, 0x38, 0x30, 0x38, 0x30, 0x38, 0x30, 0x38, 0x30, 0x38, 0x30, 0x38, 0x30, 0x38, 0x30, 0x38,
	0x30, 0x30, 0x30, 0x30, 0x30, 0x30, 0x30, 0x30, 0x30, 0x30, 0x30, 0x30, 0x30, 0x30, 0x30, 0x30,
	0x30, 0x30, 0x30, 0x30, 0x30, 0x30, 0x30, 0x30, 0x30, 0x30, 0x30, 0x30, 0x30, 0x30, 0x30, 0x30,
	0x30, 0x30, 0x30, 0x30, 0x30, 0x30, 0x30, 0x30, 0x30, 0x30, 0x30, 0x30, 0x30, 0x30, 0x30, 0x30,
	0x30, 0x30, 0x30, 0x30, 0x30, 0x30, 0x30, 0x30, 0x30, 0x30, 0x30, 0x30, 0x30, 0x30, 0x30, 0x30,
	0x30, 0x30, 0x30, 0x30, 0x30, 0x30, 0x30, 0x30, 0x30, 0x30, 0x30, 0x30, 0x30, 0x30, 0x30, 0x30,
	0x30, 0x30, 0x30, 0x30, 0x30, 0x30, 0x30, 0x30, 0x30, 0x30, 0x30, 0x30, 0x30, 0x30, 0x30, 0x30,
	0x30, 0x30, 0x30, 0x30, 0x30, 0x30, 0x30, 0x30, 0x30, 0x30, 0x30, 0x30, 0x30, 0x30, 0x30, 0x30,
	0x30, 0x30, 0x30, 0x30, 0x30, 0x30, 0x30, 0x30, 0x30, 0x30, 0x30, 0x30, 0x30, 0x30, 0x30, 0x30,
	0x30, 0x30, 0x30, 0x30, 0x30, 0x30, 0x30, 0x30, 0x30, 0x30, 0x30, 0x30, 0x30, 0x30, 0x30, 0x30,
	0x30, 0x30, 0x30, 0x30, 0x30, 0x30, 0x30, 0x30, 0x30, 0x30, 0x30, 0x30, 0x30, 0x30, 0x30, 0x30,
	0x30, 0x30, 0x30, 0x30, 0x30, 0x30, 0x30, 0x30, 0x30, 0x30, 0x30, 0x30, 0x30, 0x30, 0x30, 0x30,
	0x30, 0x30, 0x30, 0x30, 0x30, 0x30, 0x30, 0x30, 0x30, 0x30, 0x30, 0x30, 0x30, 0x30, 0x30, 0x30,
	0x30, 0x30, 0x30, 0x30, 0x30, 0x30, 0x30, 0x30, 0x30, 0x30, 0x30, 0x30, 0x30, 0x30, 0x30, 0x30,
	0x30, 0x30, 0x30, 0x30, 0x30, 0x30, 0x30, 0x30, 0x30, 0x30, 0x30, 0x30, 0x30, 0x30, 0x30, 0x30,
	0x30, 0x30, 0x30, 0x30, 0x30, 0x30, 0x30, 0x30, 0x30, 0x30, 0x30, 0x30, 0x30, 0x30, 0x30, 0x30,
	0x30, 0x30, 0x30, 0x30, 0x30, 0x30, 0x30, 0x30, 0x30, 0x30, 0x30, 0x30, 0x30, 0x30, 0x30, 0x30,
	0x30, 0x30, 0x30, 0x30, 0x30, 0x30, 0x30, 0x30, 0x30, 0x30, 0x30, 0x30, 0x30, 0x30, 0x30, 0x30,
	0x30, 0x30, 0x30, 0x30, 0x30, 0x30, 0x30, 0x30, 0x30, 0x30, 0x30, 0x30, 0x30, 0x30, 0x30, 0x30,
	0x30, 0x30, 0x30, 0x30, 0x30, 0x30, 0x30, 0x30, 0x30, 0x30, 0x30, 0x30, 0x30, 0x30, 0x30, 0x30,
	0x30, 0x30, 0x30, 0x30, 0x30, 0x30, 0x30, 0x30, 0x30, 0x30, 0x30, 0x30, 0x30, 0x30, 0x30, 0x30,
	0x30, 0x30, 0x30, 0x30, 0x30, 0x30, 0x30, 0x30, 0x30, 0x30, 0x30, 0x30, 0x30, 0x30, 0x30, 0x30,
	0x30, 0x30, 0x30, 0x30, 0x30, 0x30, 0x30, 0x30, 0x30, 0x30, 0x30, 0x30, 0x30, 0x30, 0x30, 0x30,
	0x30, 0x30, 0x30, 0x30, 0x30, 0x30, 0x30, 0x30, 0x30, 0x30, 0x30, 0x30, 0x30, 0x30, 0x30, 0x30,
	0x30, 0x30, 0x30, 0x30, 0x30, 0x30, 0x30, 0x30, 0x30, 0x30, 0x30, 0x30, 0x30, 0x30, 0x30, 0x30,
	0x30, 0x30, 0x30, 0x30, 0x30, 0x30, 0x30, 0x30, 0x30, 0x30, 0x30, 0x30, 0x30, 0x30, 0x30, 0x30,
	0x30, 0x30, 0x30, 0x30, 0x30, 0x30, 0x30, 0x30, 0x30, 0x30, 0x30, 0x30, 0x30, 0x30, 0x30, 0x30,
	0x30, 0x30, 0x30, 0x30, 0x30, 0x30, 0x30, 0x30, 0x30, 0x30, 0x30, 0x30, 0x30, 0x30, 0x30, 0x30,
	0x30, 0x30, 0x30, 0x30, 0x30, 0x30, 0x30, 0x30, 0x30, 0x30, 0x30, 0x30, 0x30, 0x30, 0x30, 0x30,
	0x30, 0x30, 0x30, 0x30, 0x30, 0x30, 0x30, 0x30, 0x30, 0x30, 0x30, 0x30, 0x30, 0x30, 0x30, 0x30,
	0x30, 0x30, 0x30, 0x30, 0x30, 0x30, 0x30, 0x30, 0x30, 0x30, 0x30, 0x30, 0x30, 0x30, 0x30, 0x30,
	0x30, 0x30, 0x30, 0x30, 0x30, 0x30, 0x30, 0x30, 0x30, 0x30, 0x30, 0x30, 0x30, 0x30, 0x30, 0x30,
	0x30, 0x30, 0x30, 0x30, 0x30, 0x30, 0x30, 0x30, 0x30, 0x30, 0x30, 0x30, 0x30, 0x30, 0x30, 0x30,
	0x30, 0x30, 0x30, 0x30, 0x30, 0x30, 0x30, 0x30, 0x30, 0x30, 0x30, 0x30, 0x30, 0x30, 0x30, 0x30,
	0x30, 0x30, 0x30, 0x30, 0x30, 0x30, 0x30, 0x30, 0x30, 0x30, 0x30, 0x30, 0x30, 0x30, 0x30, 0x30,
	0x30, 0x30, 0x30, 0x30, 0x30, 0x30, 0x30, 0x30, 0x30, 0x30, 0x30, 0x30, 0x30, 0x30, 0x30, 0x30,
	0x30, 0x30, 0x30, 0x30, 0x30, 0x30, 0x30, 0x30, 0x30, 0x30, 0x30, 0x30, 0x30, 0x30, 0x30, 0x30,
	0x30, 0x30, 0x30, 0x30, 0x30, 0x30, 0x30, 0x30, 0x30, 0x30, 0x30, 0x30, 0x30, 0x30, 0x30, 0x30,
	0x30, 0x30, 0x30, 0x30, 0x30, 0x30, 0x30, 0x30, 0x30, 0x30, 0x30, 0x30, 0x30, 0x30, 0x30, 0x30,
	0x30, 0x30, 0x30, 0x30, 0x30, 0x30, 0x30, 0x30, 0x30, 0x30, 0x30, 0x30, 0x30, 0x30, 0x30, 0x30,
	0x30, 0x30, 0x30, 0x30, 0x30, 0x30, 0x30, 0x30, 0x30, 0x30, 0x30, 0x30, 0x30, 0x30, 0x30, 0x30,
	0x30, 0x30, 0x30, 0x30, 0x30, 0x30, 0x30, 0x30, 0x30, 0x30, 0x30, 0x30, 0x30, 0x30, 0x30, 0x30,
	0x30, 0x30, 0x30, 0x30, 0x30, 0x30, 0x30, 0x30, 0x30, 0x30, 0x30, 0x30, 0x30, 0x30, 0x30, 0x30,
	0x30, 0x30, 0x30, 0x30, 0x30, 0x30, 0x30, 0x30, 0x30, 0x30, 0x30, 0x30, 0x30, 0x30, 0x30, 0x30,
	0x30, 0x30, 0x30, 0x30, 0x30, 0x30, 0x30, 0x30, 0x30, 0x30, 0x30, 0x30, 0x30, 0x30, 0x30, 0x30,
	0x30, 0x30, 0x30, 0x30, 0x30, 0x30, 0x30, 0x30, 0x30, 0x30, 0x30, 0x30, 0x30, 0x30, 0x30, 0x30,
	0x30, 0x30, 0x30, 0x30, 0x30, 0x30, 0x30, 0x30, 0x30, 0x30, 0x30, 0x30, 0x30, 0x30, 0x30, 0x30,
	0x30, 0x30, 0x30, 0x30, 0x30, 0x30, 0x30, 0x30, 0x30, 0x30, 0x30, 0x30, 0x30, 0x30, 0x30, 0x30,
	0x30, 0x30, 0x30, 0x30, 0x30, 0x30, 0x30, 0x30, 0x30, 0x30, 0x30, 0x30, 0x30, 0x30, 0x30, 0x30,
	0x30, 0x30, 0x30, 0x30, 0x30, 0x30, 0x30, 0x30, 0x30, 0x30, 0x30, 0x30, 0x30, 0x30, 0x30, 0x30,
	0x30, 0x30, 0x30, 0x30, 0x30, 0x30, 0x30, 0x30, 0x30, 0x30, 0x30, 0x30, 0x30, 0x30, 0x30, 0x30,
	0x30, 0x30, 0x30, 0x30, 0x30, 0x30, 0x30, 0x30, 0x30, 0x30, 0x30, 0x30, 0x30, 0x30, 0x30, 0x30,
	0x30, 0x30, 0x30, 0x30, 0x30, 0x30, 0x30, 0x30, 0x30, 0x30, 0x30, 0x30, 0x30, 0x30, 0x30, 0x30,
	0x30, 0x30, 0x30, 0x30, 0x30, 0x30, 0x30, 0x30, 0x30, 0x30, 0x30, 0x30, 0x30, 0x30, 0x30, 0x30,
	0x30, 0x30, 0x30, 0x30, 0x30, 0x30, 0x30, 0x30, 0x30, 0x30, 0x30, 0x30, 0x30, 0x30, 0x30, 0x30,
	0x30, 0x30, 0x30, 0x30, 0x30, 0x30, 0x30, 0x30, 0x30, 0x30, 0x30, 0x30, 0x30, 0x30, 0x30, 0x30,
	0x30, 0x30, 0x30, 0x30, 0x30, 0x30, 0x30, 0x30, 0x30, 0x30, 0x30, 0x30, 0x30, 0x30, 0x30, 0x30,
	0x30, 0x30, 0x30, 0x30, 0x30, 0x30, 0x30, 0x30, 0x30, 0x30, 0x30, 0x30, 0x30, 0x30, 0x30, 0x30,
	0x30, 0x30, 0x30, 0x30, 0x30, 0x30, 0x30, 0x30, 0x30, 0x30, 0x30, 0x30, 0x30, 0x30, 0x30, 0x30,
	0x30, 0x30, 0x30, 0x30, 0x30, 0x30, 0x30, 0x30, 0x30, 0x30, 0x30, 0x30, 0x30, 0x30, 0x30, 0x30,
	0x30, 0x30, 0x30, 0x30, 0x30, 0x30, 0x30, 0x30, 0x30, 0x30, 0x30, 0x30, 0x30, 0x30, 0x30, 0x30,
	0x30, 0x30, 0x30, 0x30, 0x30, 0x30, 0x30, 0x30, 0x30, 0x30, 0x30, 0x30, 0x30, 0x30, 0x30, 0x30,
	0x30, 0x30, 0x30, 0x30, 0x30, 0x30, 0x30, 0x30, 0x30, 0x30, 0x30, 0x30, 0x30, 0x30, 0x30, 0x30,
	0x30, 0x30, 0x30, 0x30, 0x30, 0x30, 0x30, 0x30, 0x30, 0x30, 0x30, 0x30, 0x30, 0x30, 0x30, 0x30,
	0x30, 0x30, 0x30, 0x30, 0x30, 0x30, 0x30, 0x30, 0x30, 0x30, 0x30, 0x30, 0x30, 0x30, 0x30, 0x30,
	0x30, 0x30, 0x30, 0x30, 0x30, 0x30, 0x30, 0x30, 0x30, 0x30, 0x30, 0x30, 0x30, 0x30, 0x30, 0x30,
	0x30, 0x30, 0x30, 0x30, 0x30, 0x30, 0x30, 0x30, 0x30, 0x30, 0x30, 0x30, 0x30, 0x30, 0x30, 0x30,
	0x30, 0x30, 0x30, 0x30, 0x30, 0x30, 0x30, 0x30, 0x30, 0x30, 0x30, 0x30, 0x30, 0x30, 0x30, 0x30,
	0x30, 0x30, 0x30, 0x30, 0x30, 0x30, 0x30, 0x30, 0x30, 0x30, 0x30, 0x30, 0x30, 0x30, 0x30, 0x30,
	0x30, 0x30, 0x30, 0x30, 0x30, 0x30, 0x30, 0x30, 0x30, 0x30, 0x30, 0x30, 0x30, 0x30, 0x30, 0x30,
	0x30, 0x30, 0x30, 0x30, 0x30, 0x30, 0x30, 0x30, 0x30, 0x30, 0x30, 0x30, 0x30, 0x30, 0x30, 0x30,
	0x30, 0x30, 0x30, 0x30, 0x30, 0x30, 0x30, 0x30, 0x30, 0x30, 0x30, 0x30, 0x30, 0x30, 0x30, 0x30,
	0x30, 0x30, 0x30, 0x30, 0x30, 0x30, 0x30, 0x30, 0x30, 0x30, 0x30, 0x30, 0x30, 0x30, 0x30, 0x30,
	0x30, 0x30, 0x30, 0x30, 0x30, 0x30, 0x30, 0x30, 0x30, 0x30, 0x30, 0x30, 0x30, 0x30, 0x30, 0x30,
	0x30, 0x30, 0x30, 0x30, 0x30, 0x30, 0x30, 0x30, 0x30, 0x30, 0x30, 0x30, 0x30, 0x30, 0x30, 0x30,
	0x30, 0x30, 0x30, 0x30, 0x30, 0x30, 0x30, 0x30, 0x30, 0x30, 0x30, 0x30, 0x30, 0x30, 0x30, 0x30,
	0x30, 0x30, 0x30, 0x30, 0x30, 0x30, 0x30, 0x30, 0x30, 0x30, 0x30, 0x30, 0x30, 0x30, 0x30, 0x30,
	0x30, 0x30, 0x30, 0x30, 0x30, 0x30, 0x30, 0x30, 0x30, 0x30, 0x30, 0x30, 0x30, 0x30, 0x30, 0x30,
	0x30, 0x30, 0x30, 0x30, 0x30, 0x30, 0x30, 0x30, 0x30, 0x30, 0x30, 0x30, 0x30, 0x30, 0x30, 0x30,
	0x30, 0x30, 0x30, 0x30, 0x30, 0x30, 0x30, 0x30, 0x30, 0x30, 0x30, 0x30, 0x30, 0x30, 0x30, 0x30,
	0x30, 0x30, 0x30, 0x30, 0x30, 0x30, 0x30, 0x30, 0x30, 0x30, 0x30, 0x30, 0x30, 0x30, 0x30, 0x30,
	0x30, 0x30, 0x30, 0x30, 0x30, 0x30, 0x30, 0x30, 0x30, 0x30, 0x30, 0x30, 0x30, 0x30, 0x30, 0x30,
	0x30, 0x30, 0x30, 0x30, 0x30, 0x30, 0x30, 0x30, 0x30, 0x30, 0x30, 0x30, 0x30, 0x30, 0x30, 0x30,
	0x78, 0x78, 0x78, 0x78, 0x78, 0x78, 0x78, 0x78, 0x78, 0x78, 0x78, 0x78, 0x78, 0x78, 0x78, 0x78,
	0x78, 0x78, 0x78, 0x78, 0x78, 0x78, 0x78, 0x78, 0x78, 0x78, 0x78, 0x78, 0x78, 0x78, 0x78, 0x78,
	0x78, 0x78, 0x78, 0x78, 0x78, 0x78, 0x78, 0x78, 0x78, 0x78, 0x78, 0x78, 0x78, 0x78, 0x78, 0x78,
	0x78, 0x78, 0x78, 0x78, 0x78, 0x78, 0x78, 0x78, 0x78, 0x78, 0x78, 0x78, 0x78, 0x78, 0x78, 0x78,
	0x78, 0x78, 0x78, 0x78, 0x78, 0x78, 0x78, 0x78, 0x78, 0x78, 0x78, 0x78, 0x78, 0x78, 0x78, 0x78,
	0x78, 0x78, 0x78, 0x78, 0x78, 0x78, 0x78, 0x78, 0x78, 0x78, 0x78, 0x78, 0x78, 0x78, 0x78, 0x78,
	0x78, 0x78, 0x78, 0x78, 0x78, 0x78, 0x78, 0x78, 0x78, 0x78, 0x78, 0x78, 0x78, 0x78, 0x78, 0x78,
	0x78, 0x78, 0x78, 0x78, 0x78, 0x78, 0x78, 0x78, 0x78, 0x78, 0x78, 0x78, 0x78, 0x78, 0x78, 0x78,
	0x78, 0x78, 0x78, 0x78, 0x78, 0x78, 0x78, 0x78, 0x78, 0x78, 0x78, 0x78, 0x78, 0x78, 0x78, 0x78,
	0x78, 0x78, 0x78, 0x78, 0x78, 0x78, 0x78, 0x78, 0x78, 0x78, 0x78, 0x78, 0x78, 0x78, 0x78, 0x78,
	0x78, 0x78, 0x78, 0x78, 0x78, 0x78, 0x78, 0x78, 0x78, 0x78, 0x78, 0x78, 0x78, 0x78, 0x78, 0x78,
	0x78, 0x78, 0x78, 0x78, 0x78, 0x78, 0x78, 0x78, 0x78, 0x78, 0x78, 0x78, 0x78, 0x78, 0x78, 0x78,
	0x78, 0x78, 0x78, 0x78, 0x78, 0x78, 0x78, 0x78, 0x78, 0x78, 0x78, 0x78, 0x78, 0x78, 0x78, 0x78,
	0x78, 0x78, 0x78, 0x78, 0x78, 0x78, 0x78, 0x78, 0x78, 0x78, 0x78, 0x78, 0x78, 0x78, 0x78, 0x78,
	0x78, 0x78, 0x78, 0x78, 0x78, 0x78, 0x78, 0x78, 0x78, 0x78, 0x78, 0x78, 0x78, 0x78, 0x78, 0x78,
	0x78, 0x78, 0x78, 0x78, 0x78, 0x78, 0x78, 0x78, 0x78, 0x78, 0x78, 0x78, 0x78, 0x78, 0x78, 0x78,
	0x78, 0x78, 0x78, 0x78, 0x78, 0x78, 0x78, 0x78, 0x78, 0x78, 0x78, 0x78, 0x78, 0x78, 0x78, 0x78,
	0x78, 0x78, 0x78, 0x78, 0x78, 0x78, 0x78, 0x78, 0x78, 0x78, 0x78, 0x78, 0x78, 0x78, 0x78, 0x78,
	0x78, 0x78, 0x78, 0x78, 0x78, 0x78, 0x78, 0x78, 0x78, 0x78, 0x78, 0x78, 0x78, 0x78, 0x78, 0x78,
	0x78, 0x78, 0x78, 0x78, 0x78, 0x78, 0x78, 0x78, 0x78, 0x78, 0x78, 0x78, 0x78, 0x78, 0x78, 0x78,
	0x78, 0x78, 0x78, 0x78, 0x78, 0x78, 0x78, 0x78, 0x78, 0x78, 0x78, 0x78, 0x78, 0x78, 0x78, 0x78,
	0x78, 0x78, 0x78, 0x78, 0x78, 0x78, 0x78, 0x78, 0x78, 0x78, 0x78, 0x78, 0x78, 0x58, 0x30, 0x30,
	0x50, 0x80, 0x50, 0x50, 0x50, 0x50, 0x50, 0x50, 0x50, 0x50, 0x50, 0x50, 0x50, 0x50, 0x50, 0x50,
	0x50, 0x50, 0x50, 0x50, 0x50, 0x50, 0x50, 0x50, 0x50, 0x50, 0x50, 0x50, 0x50, 0x50, 0x50, 0x50,
	0x30, 0x30, 0x30, 0x30, 0x30, 0x30, 0x30, 0x30, 0x30, 0x30, 0x30, 0x30, 0x30, 0x30, 0x30, 0x30,
	0x30, 0x30, 0x30, 0x30, 0x30, 0x30, 0x30, 0x30, 0x30, 0x30, 0x30, 0x30, 0x30, 0x30, 0x30, 0x30,
	0x30, 0x30, 0x30, 0x30, 0x30, 0x30, 0x30, 0x30, 0x30, 0x30, 0x30, 0x30, 0x30, 0x30, 0x30, 0x30,
	0x30, 0x30, 0x30, 0x30, 0x30, 0x30, 0x30, 0x30, 0x30, 0x30, 0x30, 0x30, 0x30, 0x30, 0x30, 0x30,
	0x30, 0x30, 0x30, 0x30, 0x30, 0x30, 0x30, 0x30, 0x30, 0x30, 0x30, 0x30, 0x30, 0x30, 0x30, 0x30,
	0x30, 0x30, 0x30, 0x30, 0x30, 0x30, 0x30, 0x30, 0x30, 0x30, 0x30, 0x30, 0x30, 0x30, 0x30, 0x30,
	0x30, 0x30, 0x30, 0x30, 0x30, 0x30, 0x30, 0x30, 0x30, 0x30, 0x30, 0x30, 0x30, 0x30, 0x30, 0x30,
	0x30, 0x30, 0x30, 0x30, 0x30, 0x30, 0x30, 0x30, 0x30, 0x30, 0x30, 0x30, 0x30, 0x30, 0x30, 0x30,
	0x30, 0x30, 0x30, 0x30, 0x30, 0x30, 0x30, 0x30, 0x30, 0x30, 0x30, 0x30, 0x30, 0x30, 0x30, 0x30,
	0x30, 0x30, 0x30, 0x30, 0x30, 0x30, 0x30, 0x30, 0x30, 0x30, 0x30, 0x30, 0x30, 0x30, 0x30, 0x30,
	0x30, 0x30, 0x30, 0x30, 0x30, 0x30, 0x30, 0x30, 0x30, 0x30, 0x30, 0x30, 0x30, 0x30, 0x30, 0x30,
	0x30, 0x30, 0x30, 0x30, 0x30, 0x30, 0x30, 0x30, 0x30, 0x30, 0x30, 0x30, 0x30, 0x30, 0x30, 0x30,
	0x30, 0x30, 0x30, 0x30, 0x30, 0x30, 0x30, 0x30, 0x30, 0x30, 0x30, 0x30, 0x30, 0x30, 0x30, 0x30,
	0x30, 0x30, 0x30, 0x30, 0x30, 0x30, 0x30, 0x30, 0x30, 0x30, 0x30, 0x30, 0x30, 0x30, 0x30, 0x30,
	0x30, 0x30, 0x30, 0x30, 0x30, 0x30, 0x30, 0x30, 0x30, 0x30, 0x30, 0x30, 0x30, 0x30, 0x30, 0x30,
	0x30, 0x30, 0x30, 0x30, 0x30, 0x30, 0x30, 0x30, 0x30, 0x30, 0x30, 0x30, 0x30, 0x30, 0x30, 0x30,
	0x30, 0x30, 0x30, 0x30, 0x30, 0x30, 0x30, 0x30, 0x30, 0x30, 0x30, 0x30, 0x30, 0x30, 0x30, 0x30,
	0x30, 0x30, 0x30, 0x30, 0x30, 0x30, 0x30, 0x30, 0x30, 0x30, 0x30, 0x30, 0x30, 0x30, 0x30, 0x30,
	0x30, 0x30, 0x30, 0x30, 0x30, 0x30, 0x30, 0x30, 0x30, 0x30, 0x30, 0x30, 0x30, 0x30, 0x30, 0x30,
	0x30, 0x30, 0x30, 0x30, 0x30, 0x30, 0x30, 0x30, 0x30, 0x30, 0x30, 0x30, 0x30, 0x30, 0x30, 0x30,
	0x80, 0x80, 0xc0, 0x100, 0xc0, 0xc0, 0xc0, 0xc0, 0xc0, 0xc0, 0xc0, 0xc0, 0xc0, 0xc0, 0xc0, 0xc0,
	0xc0, 0xc0, 0xc0, 0xc0, 0xc0, 0xc0, 0xc0, 0xc0, 0xc0, 0xc0, 0xc0, 0xc0, 0xc0, 0xc0, 0xc0, 0xc0,
	0x40, 0x40, 0x40, 0x40, 0x40, 0x40, 0x40, 0x40, 0x40, 0x40, 0x40, 0x40, 0x40, 0x40, 0x40, 0x40,
	0x40, 0x40, 0x40, 0x40, 0x40, 0x40, 0x40, 0x40, 0x40, 0x40, 0x40, 0x40, 0x40, 0x85e, 0x30, 0x30,
	0x30, 0x30, 0x30, 0x30, 0x30, 0x30, 0x60, 0x68, 0x70, 0x30, 0x30, 0x30, 0x30, 0x30, 0x30, 0x30,
	0x30, 0x30, 0x30, 0x30, 0x30, 0x30, 0x30, 0x30, 0x30, 0x30, 0x30, 0x30, 0x30, 0x30, 0x30, 0x30,
	0x30, 0x30, 0x30, 0x30, 0x30, 0x30, 0x30, 0x30, 0x30, 0x30, 0x30, 0x30, 0x30, 0x30, 0x30, 0x30,
	0x30, 0x30, 0x30, 0x30, 0x30, 0x30, 0x30, 0x30, 0x30, 0x30, 0x30, 0x30, 0x30, 0x30, 0xffff, 0xffff
};

static constexpr uint32_t s_coll_ff_AdlmTrieData[548] = {
	0xcb, 0x0, 0x0, 0x0, 0x0, 0x0, 0x0, 0x0,
	0x0, 0x3040505, 0x3060505, 0x3080505, 0x30a0505, 0x30c0505, 0x0, 0x0,
	0x0, 0x0, 0x0, 0x0, 0x0, 0x0, 0x0, 0x0,
	0x0, 0x0, 0x0, 0x0, 0x0, 0x0, 0x0, 0x0,
	0x4000505, 0x75a0505, 0x9760505, 0xa940505, 0xda90505, 0xa960505, 0xa8e0505, 0x9700505,
	0x97c0505, 0x97e0505, 0xa7e0505, 0xc7b0505, 0x6000505, 0x50e0505, 0x8000505, 0xa880505,
	0xe0ca, 0x101ca, 0x122ca, 0x143ca, 0x164ca, 0x185ca, 0x1a6ca, 0x1c7ca,
	0x1e8ca, 0x209ca, 0x7360505, 0x72a0505, 0xc850505, 0xc870505, 0xc890505, 0x7640505,
	0xa7c0505, 0x2b00059c, 0x2d00059c, 0x2f00059c, 0x3100059c, 0x3300059c, 0x3500059c, 0x3700059c,
	0x3900059c, 0x3b00059c, 0x3d00059c, 0x3f00059c, 0x4100059c, 0x4300059c, 0x4500059c, 0x4700059c,
	0x4900059c, 0x4b00059c, 0x4d00059c, 0x4f00059c, 0x5100059c, 0x5300059c, 0x5500059c, 0x570005a0,
	0x5900059c, 0x5b00059c, 0x5d00059c, 0x9800505, 0xa8a0505, 0x9820505, 0xc0a0505, 0x50a0505,
	0xc040505, 0x2b000505, 0x2d000505, 0x2f000505, 0x31000505, 0x33000505, 0x35000505, 0x37000505,
	0x39000505, 0x3b000505, 0x3d000505, 0x3f000505, 0x41000505, 0x43000505, 0x45000505, 0x47000505,
	0x49000505, 0x4b000505, 0x4d000505, 0x4f000505, 0x51000505, 0x53000505, 0x55000505, 0x57000505,
	0x59000505, 0x5b000505, 0x5d000505, 0x9840505, 0xc8d0505, 0x9860505, 0xc910505, 0x0,
	0xfffd0505, 0xfffd0505, 0xfffd0505, 0xfffd0505, 0xfffd0505, 0xfffd0505, 0xfffd0505, 0xfffd0505,
	0xfffd0505, 0xfffd0505, 0xfffd0505, 0xfffd0505, 0xfffd0505, 0xfffd0505, 0xfffd0505, 0xfffd0505,
	0xfffd0505, 0xfffd0505, 0xfffd0505, 0xfffd0505, 0xfffd0505, 0xfffd0505, 0xfffd0505, 0xfffd0505,
	0xfffd0505, 0xfffd0505, 0xfffd0505, 0xfffd0505, 0xfffd0505, 0xfffd0505, 0xfffd0505, 0xfffd0505,
	0xfffd0505, 0xfffd0505, 0xfffd0505, 0xfffd0505, 0xfffd0505, 0xfffd0505, 0xfffd0505, 0xfffd0505,
	0xfffd0505, 0xfffd0505, 0xfffd0505, 0xfffd0505, 0xfffd0505, 0xfffd0505, 0xfffd0505, 0xfffd0505,
	0xfffd0505, 0xfffd0505, 0xfffd0505, 0xfffd0505, 0xfffd0505, 0xfffd0505, 0xfffd0505, 0xfffd0505,
	0xfffd0505, 0xfffd0505, 0xfffd0505, 0xfffd0505, 0xfffd0505, 0xfffd0505, 0xfffd0505, 0xfffd0505,
	0xc0, 0xc0, 0xc0, 0xc0, 0xc0, 0xc0, 0xc0, 0xc0,
	0xc0, 0xc0, 0xc0, 0xc0, 0xc0, 0xc0, 0xc0, 0xc0,
	0xc0, 0xc0, 0xc0, 0xc0, 0xc0, 0xc0, 0xc0, 0xc0,
	0xc0, 0xc0, 0xc0, 0xc0, 0xc0, 0xc0, 0xc0, 0xc0,
	0xc0, 0xc0, 0xc0, 0xc0, 0xc0, 0xc0, 0xc0, 0xc0,
	0xc0, 0xc0, 0xc0, 0xc0, 0xc0, 0xc0, 0xc0, 0xc0,
	0xc0, 0xc0, 0xc0, 0xc0, 0xc0, 0xc0, 0xc0, 0xc0,
	0xc0, 0xc0, 0xc0, 0xc0, 0xc0, 0xc0, 0xc0, 0xc0,
	0x2b9c8ac4, 0x2b9c88c4, 0x2b9c8ec4, 0x2b9c9ac4, 0x2b9c96c4, 0x2b9c92c4, 0x22c5, 0x2f9ca0c4,
	0x339c8ac4, 0x339c88c4, 0x339c8ec4, 0x339c96c4, 0x3b9c8ac4, 0x3b9c88c4, 0x3b9c8ec4, 0x3b9c96c4,
	0x310070a0, 0x459c9ac4, 0x479c8ac4, 0x479c88c4, 0x479c8ec4, 0x479c9ac4, 0x479c96c4, 0xc830505,
	0x479c9ec4, 0x539c8ac4, 0x539c88c4, 0x539c8ec4, 0x539c96c4, 0x5b9c88c4, 0x5e2805a0, 0x62c5,
	0x2b058ac4, 0x2b0588c4, 0x2b058ec4, 0x2b059ac4, 0x2b0596c4, 0x2b0592c4, 0xa2c5, 0x2f05a0c4,
	0x33058ac4, 0x330588c4, 0x33058ec4, 0x330596c4, 0x3b058ac4, 0x3b0588c4, 0x3b058ec4, 0x3b0596c4,
	0x31007005, 0x45059ac4, 0x47058ac4, 0x470588c4, 0x47058ec4, 0x47059ac4, 0x470596c4, 0xc810505,
	0x47059ec4, 0x53058ac4, 0x530588c4, 0x53058ec4, 0x530596c4, 0x5b0588c4, 0x5e280505, 0x5b0596c4,
	0x1cd, 0x1cd, 0x1cd, 0x1cd, 0x1cd, 0x1cd, 0x1cd, 0x1cd,
	0x1cd, 0x1cd, 0x1cd, 0x1cd, 0x1cd, 0x1cd, 0x1cd, 0x1cd,
	0x1cd, 0x1cd, 0x1cd, 0x1cd, 0x1cd, 0x1cd, 0x1cd, 0x1cd,
	0x1cd, 0x1cd, 0x1cd, 0x1cd, 0x1cd, 0x1cd, 0x1cd, 0x1cd,
	0x1cc, 0x1cc, 0x1cc, 0x1cc, 0xc0, 0xc0, 0xc0, 0xc0,
	0xc0, 0xc0, 0xc0, 0xc0, 0xc0, 0xc0, 0xc0, 0xc0,
	0xc0, 0xc0, 0xc0, 0xc0, 0xc0, 0xc0, 0xc0, 0xc0,
	0xc0, 0xc0, 0xc0, 0xc0, 0xc0, 0xc0, 0xc0, 0xc0,
	0x4c9, 0x124c9, 0x244c9, 0x3a4c9, 0x504c9, 0x664c9, 0x7c4c9, 0x924c9,
	0xa84c9, 0xbe4c9, 0xd44c9, 0xea4c9, 0x1004c9, 0x1164c9, 0x12c4c9, 0x1424c9,
	0x1584c9, 0x16e4c9, 0x1844c9, 0x19a4c9, 0x1b04c9, 0x1c64c9, 0x1dc4c9, 0x1f24c9,
	0x2084c9, 0x21e4c9, 0x2344c9, 0x24a4c9, 0x2604c9, 0x2764c9, 0x28c4c9, 0x2a24c9,
	0x2b84c9, 0x2ce4c9, 0x2e44c9, 0x2fe4c9, 0x3184c9, 0x3324c9, 0x34c4c9, 0x3664c9,
	0x3804c9, 0x39a4c9, 0x3b44c9, 0x3ce4c9, 0x3e64c9, 0x4004c9, 0x4184c9, 0x4304c9,
	0x44a4c9, 0x4644c9, 0x47e4c9, 0x4984c9, 0x4b24c9, 0x4cc4c9, 0x4e44c9, 0x4fe4c9,
	0x5184c9, 0x5324c9, 0x54c4c9, 0x5664c9, 0x5804c9, 0x59a4c9, 0x5b44c9, 0x5ce4c9,
	0x5e84c9, 0x6024c9, 0x61c4c9, 0x6364c9, 0xc0, 0xc0, 0xc0, 0xc0,
	0xc0, 0xc0, 0xc0, 0xc0, 0xc0, 0xc0, 0xc0, 0xc0,
	0xc0, 0xc0, 0xc0, 0xc0, 0xc0, 0xc0, 0xc0, 0xc0,
	0xc0, 0xc0, 0xc0, 0xc0, 0xc0, 0xc0, 0xc0, 0xc0,
	0x1cc, 0x1cc, 0x1cc, 0x1cc, 0x1cc, 0x1cc, 0x1cc, 0x1cc,
	0x1cc, 0x1cc, 0x1cc, 0x1cc, 0x1cc, 0x1cc, 0x1cc, 0x1cc,
	0x1cc, 0x1cc, 0x1cc, 0x1cc, 0x1cc, 0x1cc, 0x1cc, 0x1cc,
	0x1cc, 0x1cc, 0x1cc, 0x1cc, 0x1cc, 0x1cc, 0x1cc, 0x1cc,
	0x1cd, 0x1cd, 0x1cd, 0x1cd, 0x1cd, 0x1cd, 0x1cd, 0x1cd,
	0x1cd, 0x1cd, 0x1cd, 0x1cd, 0x1cd, 0x1cd, 0x1cd, 0x1cd,
	0x1cd, 0x1cd, 0x1cd, 0x1cd, 0x1cd, 0x1cd, 0x1cd, 0x1cd,
	0x1cd, 0x1cd, 0x2cd, 0x1cd, 0x1cd, 0x1cd, 0x1cd, 0x1cd,
	0xc0, 0xc0, 0xc0, 0xc0
};

static constexpr int32_t s_coll_ff_AdlmTrieIndexLength = 2208;
static constexpr int32_t s_coll_ff_AdlmTrieDataLength = 548;
static constexpr char32_t s_coll_ff_AdlmTrieHighStart = 0x1f000;
static constexpr int32_t s_coll_ff_AdlmTrieHighValueIndex = 544;

static constexpr uint32_t s_coll_ff_AdlmCe32s[17] = {
	0x0, 0x2b0070a0, 0x330005a2, 0x4f007005, 0x4f000513, 0x2b007005, 0x33000513, 0x12000505,
	0x14000505, 0x16000505, 0x18000505, 0x1a000505, 0x1c000505, 0x1e000505, 0x20000505, 0x22000505,
	0x24000505
};

static constexpr int64_t s_coll_ff_AdlmCes[42] = {
	int64_t(0x7b65030005008500ULL), int64_t(0x7b67030005008500ULL), int64_t(0x7b69030005008500ULL), int64_t(0x7b6b030005008500ULL), int64_t(0x7b6d030005008500ULL),
	int64_t(0x7b6f030005008500ULL), int64_t(0x7b71030005008500ULL), int64_t(0x7b73030005008500ULL), int64_t(0x7b75030005008500ULL), int64_t(0x7b77030046008500ULL),
	int64_t(0x7b77030005008500ULL), int64_t(0x7b79030005008500ULL), int64_t(0x7b7b030046008500ULL), int64_t(0x7b7b030005008500ULL), int64_t(0x7b7d030046008500ULL),
	int64_t(0x7b7d030005008500ULL), int64_t(0x7b7f030005008500ULL), int64_t(0x7b81030005008500ULL), int64_t(0x7b83030005008500ULL), int64_t(0x7b85030005008500ULL),
	int64_t(0x7b87030005008500ULL), int64_t(0x7b89030005008500ULL), int64_t(0x7b8b030046008500ULL), int64_t(0x7b8b030005008500ULL), int64_t(0x7b8d030005008500ULL),
	int64_t(0x7b8f030005008500ULL), int64_t(0x7b91030005008500ULL), int64_t(0x7b93030005008500ULL), int64_t(0x7b95030005008500ULL), int64_t(0x7b97030005008500ULL),
	int64_t(0x7b99030005008500ULL), int64_t(0x7b9b030005008500ULL), int64_t(0x7b9d030005008500ULL), int64_t(0x7b9f030005008500ULL), int64_t(0x7ba1030005008500ULL),
	int64_t(0x7ba3030005008500ULL), int64_t(0x7ba5030005008500ULL), int64_t(0x7ba7030005008500ULL), int64_t(0x7b77020046000500ULL), int64_t(0x7b7b020046000500ULL),
	int64_t(0x7b7d020046000500ULL), int64_t(0x7b8b020046000500ULL)
};

static constexpr char16_t s_coll_ff_AdlmContexts[808] = {
	0x7b64, 0x5a0, 0x30, 0xd83a, 0x1, 0xdd00, 0x81c6, 0xdd44, 0x81c6, 0x7b66, 0x5a0, 0x30,
	0xd83a, 0x1, 0xdd01, 0xa1c6, 0xdd46, 0xa1c6, 0x7b68, 0x5a0, 0x30, 0xd83a, 0x1, 0xdd02,
	0xc000, 0x41c6, 0xdd46, 0xc000, 0x41c6, 0x7b6a, 0x5a0, 0x30, 0xd83a, 0x1, 0xdd03, 0xc000,
	0x61c6, 0xdd46, 0xc000, 0x61c6, 0x7b6c, 0x5a0, 0x30, 0xd83a, 0x1, 0xdd04, 0xc000, 0x81c6,
	0xdd46, 0xc000, 0x81c6, 0x7b6e, 0x5a0, 0x30, 0xd83a, 0x1, 0xdd05, 0xc000, 0xa1c6, 0xdd46,
	0xc000, 0xa1c6, 0x7b70, 0x5a0, 0x30, 0xd83a, 0x1, 0xdd06, 0xc000, 0xc1c6, 0xdd46, 0xc000,
	0xc1c6, 0x7b72, 0x5a0, 0x30, 0xd83a, 0x1, 0xdd07, 0xc000, 0xe1c6, 0xdd46, 0xc000, 0xe1c6,
	0x7b74, 0x5a0, 0x30, 0xd83a, 0x1, 0xdd08, 0xc001, 0x1c6, 0xdd46, 0xc001, 0x1c6, 0x7b76,
	0x5a0, 0x30, 0xd83a, 0x1, 0xdd09, 0xc001, 0x21c6, 0xdd45, 0xc001, 0x41c6, 0x7b78, 0x5a0,
	0x30, 0xd83a, 0x1, 0xdd0a, 0xc001, 0x61c6, 0xdd46, 0xc001, 0x61c6, 0x7b7a, 0x5a0, 0x30,
	0xd83a, 0x1, 0xdd0b, 0xc001, 0x81c6, 0xdd45, 0xc001, 0xa1c6, 0x7b7c, 0x5a0, 0x30, 0xd83a,
	0x1, 0xdd0c, 0xc001, 0xc1c6, 0xdd45, 0xc001, 0xe1c6, 0x7b7e, 0x5a0, 0x30, 0xd83a, 0x1,
	0xdd0d, 0xc002, 0x1c6, 0xdd46, 0xc002, 0x1c6, 0x7b80, 0x5a0, 0x30, 0xd83a, 0x1, 0xdd0e,
	0xc002, 0x21c6, 0xdd46, 0xc002, 0x21c6, 0x7b82, 0x5a0, 0x30, 0xd83a, 0x1, 0xdd0f, 0xc002,
	0x41c6, 0xdd46, 0xc002, 0x41c6, 0x7b84, 0x5a0, 0x30, 0xd83a, 0x1, 0xdd10, 0xc002, 0x61c6,
	0xdd46, 0xc002, 0x61c6, 0x7b86, 0x5a0, 0x30, 0xd83a, 0x1, 0xdd11, 0xc002, 0x81c6, 0xdd46,
	0xc002, 0x81c6, 0x7b88, 0x5a0, 0x30, 0xd83a, 0x1, 0xdd12, 0xc002, 0xa1c6, 0xdd46, 0xc002,
	0xa1c6, 0x7b8a, 0x5a0, 0x30, 0xd83a, 0x1, 0xdd13, 0xc002, 0xc1c6, 0xdd45, 0xc002, 0xe1c6,
	0x7b8c, 0x5a0, 0x30, 0xd83a, 0x1, 0xdd14, 0xc003, 0x1c6, 0xdd46, 0xc003, 0x1c6, 0x7b8e,
	0x5a0, 0x30, 0xd83a, 0x1, 0xdd15, 0xc003, 0x21c6, 0xdd46, 0xc003, 0x21c6, 0x7b90, 0x5a0,
	0x30, 0xd83a, 0x1, 0xdd16, 0xc003, 0x41c6, 0xdd46, 0xc003, 0x41c6, 0x7b92, 0x5a0, 0x30,
	0xd83a, 0x1, 0xdd17, 0xc003, 0x61c6, 0xdd46, 0xc003, 0x61c6, 0x7b94, 0x5a0, 0x30, 0xd83a,
	0x1, 0xdd18, 0xc003, 0x81c6, 0xdd46, 0xc003, 0x81c6, 0x7b96, 0x5a0, 0x30, 0xd83a, 0x1,
	0xdd19, 0xc003, 0xa1c6, 0xdd46, 0xc003, 0xa1c6, 0x7b98, 0x5a0, 0x30, 0xd83a, 0x1, 0xdd1a,
	0xc003, 0xc1c6, 0xdd46, 0xc003, 0xc1c6, 0x7b9a, 0x5a0, 0x30, 0xd83a, 0x1, 0xdd1b, 0xc003,
	0xe1c6, 0xdd46, 0xc003, 0xe1c6, 0x7b9c, 0x5a0, 0x30, 0xd83a, 0x1, 0xdd1c, 0xc004, 0x1c6,
	0xdd46, 0xc004, 0x1c6, 0x7b9e, 0x5a0, 0x30, 0xd83a, 0x1, 0xdd1d, 0xc004, 0x21c6, 0xdd46,
	0xc004, 0x21c6, 0x7ba0, 0x5a0, 0x30, 0xd83a, 0x1, 0xdd1e, 0xc004, 0x41c6, 0xdd46, 0xc004,
	0x41c6, 0x7ba2, 0x5a0, 0x30, 0xd83a, 0x1, 0xdd1f, 0xc004, 0x61c6, 0xdd46, 0xc004, 0x61c6,
	0x7ba4, 0x5a0, 0x30, 0xd83a, 0x1, 0xdd20, 0xc004, 0x81c6, 0xdd46, 0xc004, 0x81c6, 0x7ba6,
	0x5a0, 0x30, 0xd83a, 0x1, 0xdd21, 0xc004, 0xa1c6, 0xdd46, 0xc004, 0xa1c6, 0x7b64, 0x505,
	0x30, 0xd83a, 0x1, 0xdd22, 0xffff, 0x7b65, 0x2c1, 0xdd44, 0xffff, 0x7b65, 0x2c1, 0x7b66,
	0x505, 0x30, 0xd83a, 0x1, 0xdd23, 0xffff, 0x7b67, 0x2c1, 0xdd46, 0xffff, 0x7b67, 0x2c1,
	0x7b68, 0x505, 0x30, 0xd83a, 0x1, 0xdd24, 0xffff, 0x7b69, 0x2c1, 0xdd46, 0xffff, 0x7b69,
	0x2c1, 0x7b6a, 0x505, 0x30, 0xd83a, 0x1, 0xdd25, 0xffff, 0x7b6b, 0x2c1, 0xdd46, 0xffff,
	0x7b6b, 0x2c1, 0x7b6c, 0x505, 0x30, 0xd83a, 0x1, 0xdd26, 0xffff, 0x7b6d, 0x2c1, 0xdd46,
	0xffff, 0x7b6d, 0x2c1, 0x7b6e, 0x505, 0x30, 0xd83a, 0x1, 0xdd27, 0xffff, 0x7b6f, 0x2c1,
	0xdd46, 0xffff, 0x7b6f, 0x2c1, 0x7b70, 0x505, 0x30, 0xd83a, 0x1, 0xdd28, 0xffff, 0x7b71,
	0x2c1, 0xdd46, 0xffff, 0x7b71, 0x2c1, 0x7b72, 0x505, 0x30, 0xd83a, 0x1, 0xdd29, 0xffff,
	0x7b73, 0x2c1, 0xdd46, 0xffff, 0x7b73, 0x2c1, 0x7b74, 0x505, 0x30, 0xd83a, 0x1, 0xdd2a,
	0xffff, 0x7b75, 0x2c1, 0xdd46, 0xffff, 0x7b75, 0x2c1, 0x7b76, 0x505, 0x30, 0xd83a, 0x1,
	0xdd2b, 0xc004, 0xc1c6, 0xdd45, 0xffff, 0x7b77, 0x2c1, 0x7b78, 0x505, 0x30, 0xd83a, 0x1,
	0xdd2c, 0xffff, 0x7b79, 0x2c1, 0xdd46, 0xffff, 0x7b79, 0x2c1, 0x7b7a, 0x505, 0x30, 0xd83a,
	0x1, 0xdd2d, 0xc004, 0xe1c6, 0xdd45, 0xffff, 0x7b7b, 0x2c1, 0x7b7c, 0x505, 0x30, 0xd83a,
	0x1, 0xdd2e, 0xc005, 0x1c6, 0xdd45, 0xffff, 0x7b7d, 0x2c1, 0x7b7e, 0x505, 0x30, 0xd83a,
	0x1, 0xdd2f, 0xffff, 0x7b7f, 0x2c1, 0xdd46, 0xffff, 0x7b7f, 0x2c1, 0x7b80, 0x505, 0x30,
	0xd83a, 0x1, 0xdd30, 0xffff, 0x7b81, 0x2c1, 0xdd46, 0xffff, 0x7b81, 0x2c1, 0x7b82, 0x505,
	0x30, 0xd83a, 0x1, 0xdd31, 0xffff, 0x7b83, 0x2c1, 0xdd46, 0xffff, 0x7b83, 0x2c1, 0x7b84,
	0x505, 0x30, 0xd83a, 0x1, 0xdd32, 0xffff, 0x7b85, 0x2c1, 0xdd46, 0xffff, 0x7b85, 0x2c1,
	0x7b86, 0x505, 0x30, 0xd83a, 0x1, 0xdd33, 0xffff, 0x7b87, 0x2c1, 0xdd46, 0xffff, 0x7b87,
	0x2c1, 0x7b88, 0x505, 0x30, 0xd83a, 0x1, 0xdd34, 0xffff, 0x7b89, 0x2c1, 0xdd46, 0xffff,
	0x7b89, 0x2c1, 0x7b8a, 0x505, 0x30, 0xd83a, 0x1, 0xdd35, 0xc005, 0x21c6, 0xdd45, 0xffff,
	0x7b8b, 0x2c1, 0x7b8c, 0x505, 0x30, 0xd83a, 0x1, 0xdd36, 0xffff, 0x7b8d, 0x2c1, 0xdd46,
	0xffff, 0x7b8d, 0x2c1, 0x7b8e, 0x505, 0x30, 0xd83a, 0x1, 0xdd37, 0xffff, 0x7b8f, 0x2c1,
	0xdd46, 0xffff, 0x7b8f, 0x2c1, 0x7b90, 0x505, 0x30, 0xd83a, 0x1, 0xdd38, 0xffff, 0x7b91,
	0x2c1, 0xdd46, 0xffff, 0x7b91, 0x2c1, 0x7b92, 0x505, 0x30, 0xd83a, 0x1, 0xdd39, 0xffff,
	0x7b93, 0x2c1, 0xdd46, 0xffff, 0x7b93, 0x2c1, 0x7b94, 0x505, 0x30, 0xd83a, 0x1, 0xdd3a,
	0xffff, 0x7b95, 0x2c1, 0xdd46, 0xffff, 0x7b95, 0x2c1, 0x7b96, 0x505, 0x30, 0xd83a, 0x1,
	0xdd3b, 0xffff, 0x7b97, 0x2c1, 0xdd46, 0xffff, 0x7b97, 0x2c1, 0x7b98, 0x505, 0x30, 0xd83a,
	0x1, 0xdd3c, 0xffff, 0x7b99, 0x2c1, 0xdd46, 0xffff, 0x7b99, 0x2c1, 0x7b9a, 0x505, 0x30,
	0xd83a, 0x1, 0xdd3d, 0xffff, 0x7b9b, 0x2c1, 0xdd46, 0xffff, 0x7b9b, 0x2c1, 0x7b9c, 0x505,
	0x30, 0xd83a, 0x1, 0xdd3e, 0xffff, 0x7b9d, 0x2c1, 0xdd46, 0xffff, 0x7b9d, 0x2c1, 0x7b9e,
	0x505, 0x30, 0xd83a, 0x1, 0xdd3f, 0xffff, 0x7b9f, 0x2c1, 0xdd46, 0xffff, 0x7b9f, 0x2c1,
	0x7ba0, 0x505, 0x30, 0xd83a, 0x1, 0xdd40, 0xffff, 0x7ba1, 0x2c1, 0xdd46, 0xffff, 0x7ba1,
	0x2c1, 0x7ba2, 0x505, 0x30, 0xd83a, 0x1, 0xdd41, 0xffff, 0x7ba3, 0x2c1, 0xdd46, 0xffff,
	0x7ba3, 0x2c1, 0x7ba4, 0x505, 0x30, 0xd83a, 0x1, 0xdd42, 0xffff, 0x7ba5, 0x2c1, 0xdd46,
	0xffff, 0x7ba5, 0x2c1, 0x7ba6, 0x505, 0x30, 0xd83a, 0x1, 0xdd43, 0xffff, 0x7ba7, 0x2c1,
	0xdd46, 0xffff, 0x7ba7, 0x2c1
};

static constexpr uint32_t s_coll_ff_AdlmNumericPrimary = 0x10000000;
static constexpr int32_t s_coll_ff_AdlmOptions = 0x2010;
static constexpr int32_t s_coll_ff_AdlmJamoCe32sStart = -1;

static constexpr uint32_t s_coll_ff_AdlmUnsafeBwd[840] = {
	0x34, 0x35, 0x4c, 0x4d, 0xa0, 0xa1, 0x300, 0x34f, 0x350, 0x370, 0x3a9, 0x3aa,
	0x3e2, 0x3e3, 0x42f, 0x430, 0x483, 0x488, 0x531, 0x532, 0x591, 0x5be, 0x5bf, 0x5c0,
	0x5c1, 0x5c3, 0x5c4, 0x5c6, 0x5c7, 0x5c8, 0x5d0, 0x5d1, 0x610, 0x61b, 0x628, 0x629,
	0x64b, 0x660, 0x670, 0x671, 0x6d6, 0x6dd, 0x6df, 0x6e5, 0x6e7, 0x6e9, 0x6ea, 0x6ee,
	0x710, 0x712, 0x730, 0x74b, 0x78c, 0x78d, 0x7ca, 0x7cb, 0x7eb, 0x7f4, 0x7fd, 0x7fe,
	0x800, 0x801, 0x816, 0x81a, 0x81b, 0x824, 0x825, 0x828, 0x829, 0x82e, 0x840, 0x841,
	0x859, 0x85c, 0x897, 0x8a0, 0x8ca, 0x8e2, 0x8e3, 0x900, 0x905, 0x906, 0x93c, 0x93d,
	0x94d, 0x94e, 0x951, 0x955, 0x995, 0x996, 0x9bc, 0x9bd, 0x9be, 0x9bf, 0x9cd, 0x9ce,
	0x9d7, 0x9d8, 0x9fe, 0x9ff, 0xa15, 0xa16, 0xa3c, 0xa3d, 0xa4d, 0xa4e, 0xa95, 0xa96,
	0xabc, 0xabd, 0xacd, 0xace, 0xb15, 0xb16, 0xb3c, 0xb3d, 0xb3e, 0xb3f, 0xb4d, 0xb4e,
	0xb56, 0xb58, 0xb95, 0xb96, 0xbbe, 0xbbf, 0xbcd, 0xbce, 0xbd7, 0xbd8, 0xc15, 0xc16,
	0xc3c, 0xc3d, 0xc4d, 0xc4e, 0xc55, 0xc57, 0xc95, 0xc96, 0xcbc, 0xcbd, 0xcc2, 0xcc3,
	0xccd, 0xcce, 0xcd5, 0xcd7, 0xd15, 0xd16, 0xd3b, 0xd3d, 0xd3e, 0xd3f, 0xd4d, 0xd4e,
	0xd57, 0xd58, 0xd85, 0xd86, 0xdca, 0xdcb, 0xdcf, 0xdd0, 0xddf, 0xde0, 0xe01, 0xe2f,
	0xe32, 0xe33, 0xe38, 0xe3b, 0xe48, 0xe4c, 0xe81, 0xe83, 0xe84, 0xe85, 0xe86, 0xe8b,
	0xe8c, 0xea4, 0xea5, 0xea6, 0xea7, 0xeaf, 0xeb2, 0xeb3, 0xeb8, 0xebb, 0xec8, 0xecc,
	0xedc, 0xee0, 0xf18, 0xf1a, 0xf35, 0xf36, 0xf37, 0xf38, 0xf39, 0xf3a, 0xf40, 0xf41,
	0xf71, 0xf76, 0xf7a, 0xf7e, 0xf80, 0xf85, 0xf86, 0xf88, 0xfc6, 0xfc7, 0x1000, 0x1001,
	0x102e, 0x102f, 0x1037, 0x1038, 0x1039, 0x103b, 0x108d, 0x108e, 0x10d3, 0x10d4, 0x12a0, 0x12a1,
	0x135d, 0x1360, 0x13c4, 0x13c5, 0x14c0, 0x14c1, 0x168f, 0x1690, 0x16a0, 0x16a1, 0x1703, 0x1704,
	0x1714, 0x1716, 0x1723, 0x1724, 0x1734, 0x1735, 0x1743, 0x1744, 0x1763, 0x1764, 0x1780, 0x1781,
	0x17d2, 0x17d3, 0x17dd, 0x17de, 0x1826, 0x1827, 0x18a9, 0x18aa, 0x1900, 0x1901, 0x1939, 0x193c,
	0x1950, 0x1951, 0x1980, 0x19ac, 0x1a00, 0x1a01, 0x1a17, 0x1a19, 0x1a20, 0x1a21, 0x1a60, 0x1a61,
	0x1a75, 0x1a7d, 0x1a7f, 0x1a80, 0x1ab0, 0x1abe, 0x1abf, 0x1ade, 0x1ae0, 0x1aec, 0x1b05, 0x1b06,
	0x1b34, 0x1b36, 0x1b44, 0x1b45, 0x1b6b, 0x1b74, 0x1b83, 0x1b84, 0x1baa, 0x1bac, 0x1bc0, 0x1bc1,
	0x1be6, 0x1be7, 0x1bf2, 0x1bf4, 0x1c00, 0x1c01, 0x1c37, 0x1c38, 0x1c5a, 0x1c5b, 0x1cd0, 0x1cd3,
	0x1cd4, 0x1ce1, 0x1ce2, 0x1ce9, 0x1ced, 0x1cee, 0x1cf4, 0x1cf5, 0x1cf8, 0x1cfa, 0x1dc0, 0x1e00,
	0x201c, 0x201d, 0x20ac, 0x20ad, 0x20d0, 0x20dd, 0x20e1, 0x20e2, 0x20e5, 0x20f1, 0x263a, 0x263b,
	0x2c00, 0x2c01, 0x2cef, 0x2cf2, 0x2d30, 0x2d31, 0x2d7f, 0x2d80, 0x2de0, 0x2e00, 0x302a, 0x3030,
	0x304b, 0x304c, 0x3099, 0x309b, 0x30ab, 0x30ac, 0x3105, 0x3106, 0x5b57, 0x5b58, 0xa288, 0xa289,
	0xa4d0, 0xa4d1, 0xa549, 0xa54a, 0xa66f, 0xa670, 0xa674, 0xa67e, 0xa69e, 0xa6a1, 0xa6f0, 0xa6f2,
	0xa800, 0xa801, 0xa806, 0xa807, 0xa82c, 0xa82d, 0xa840, 0xa841, 0xa882, 0xa883, 0xa8c4, 0xa8c5,
	0xa8e0, 0xa8f2, 0xa90a, 0xa90b, 0xa92b, 0xa92e, 0xa930, 0xa931, 0xa953, 0xa954, 0xa984, 0xa985,
	0xa9b3, 0xa9b4, 0xa9c0, 0xa9c1, 0xaa00, 0xaa01, 0xaa80, 0xaab1, 0xaab2, 0xaab5, 0xaab7, 0xaab9,
	0xaabe, 0xaac0, 0xaac1, 0xaac2, 0xaaf6, 0xaaf7, 0xabc0, 0xabc1, 0xabed, 0xabee, 0xac00, 0xac01,
	0xd800, 0xd809, 0xd80b, 0xd80d, 0xd811, 0xd812, 0xd818, 0xd819, 0xd81a, 0xd81c, 0xd820, 0xd821,
	0xd823, 0xd824, 0xd82c, 0xd82d, 0xd82f, 0xd830, 0xd834, 0xd835, 0xd838, 0xd83b, 0xdc00, 0xe000,
	0xfb1e, 0xfb1f, 0xfdd0, 0xfdd1, 0xfe20, 0xfe30, 0x10000, 0x10001, 0x101fd, 0x101fe, 0x10280, 0x10281,
	0x102a0, 0x102a1, 0x102e0, 0x102e1, 0x10300, 0x10301, 0x10330, 0x10331, 0x1036b, 0x1036c, 0x10376, 0x1037b,
	0x10380, 0x10381, 0x103a0, 0x103a1, 0x10414, 0x10415, 0x10450, 0x10451, 0x10480, 0x10481, 0x104b5, 0x104b6,
	0x10500, 0x10501, 0x10537, 0x10538, 0x10582, 0x10583, 0x105c2, 0x105c3, 0x10647, 0x10648, 0x10800, 0x10801,
	0x10840, 0x10841, 0x10873, 0x10874, 0x10896, 0x10897, 0x108f4, 0x108f5, 0x10900, 0x10901, 0x10920, 0x10921,
	0x10950, 0x10951, 0x10980, 0x10981, 0x109a0, 0x109a1, 0x10a00, 0x10a01, 0x10a0d, 0x10a0e, 0x10a0f, 0x10a10,
	0x10a38, 0x10a3b, 0x10a3f, 0x10a40, 0x10a60, 0x10a61, 0x10a95, 0x10a96, 0x10ad8, 0x10ad9, 0x10ae5, 0x10ae7,
	0x10b00, 0x10b01, 0x10b40, 0x10b41, 0x10b60, 0x10b61, 0x10b8f, 0x10b90, 0x10c00, 0x10c01, 0x10ca1, 0x10ca2,
	0x10d12, 0x10d13, 0x10d24, 0x10d28, 0x10d5d, 0x10d5e, 0x10d69, 0x10d6e, 0x10e88, 0x10e89, 0x10eab, 0x10ead,
	0x10efa, 0x10efc, 0x10efd, 0x10f00, 0x10f19, 0x10f1a, 0x10f42, 0x10f43, 0x10f46, 0x10f51, 0x10f7c, 0x10f7d,
	0x10f82, 0x10f86, 0x10fbf, 0x10fc0, 0x10ff1, 0x10ff2, 0x11005, 0x11006, 0x11046, 0x11047, 0x11070, 0x11071,
	0x1107f, 0x11080, 0x11083, 0x11084, 0x110b9, 0x110bb, 0x110d0, 0x110d1, 0x11100, 0x11104, 0x11127, 0x11128,
	0x11133, 0x11135, 0x11152, 0x11153, 0x11173, 0x11174, 0x11183, 0x11184, 0x111c0, 0x111c1, 0x111ca, 0x111cb,
	0x11208, 0x11209, 0x11235, 0x11237, 0x1128f, 0x11290, 0x112be, 0x112bf, 0x112e9, 0x112eb, 0x11315, 0x11316,
	0x1133b, 0x1133d, 0x1133e, 0x1133f, 0x1134d, 0x1134e, 0x11357, 0x11358, 0x11366, 0x1136d, 0x11370, 0x11375,
	0x11392, 0x11393, 0x113b8, 0x113b9, 0x113bb, 0x113bc, 0x113c2, 0x113c3, 0x113c9, 0x113ca, 0x113ce, 0x113d1,
	0x11412, 0x11413, 0x11442, 0x11443, 0x11446, 0x11447, 0x1145e, 0x1145f, 0x11484, 0x11485, 0x114b0, 0x114b1,
	0x114ba, 0x114bb, 0x114bd, 0x114be, 0x114c2, 0x114c4, 0x1158e, 0x1158f, 0x115af, 0x115b0, 0x115bf, 0x115c1,
	0x1160e, 0x1160f, 0x1163f, 0x11640, 0x11680, 0x11681, 0x116b6, 0x116b8, 0x11717, 0x11718, 0x1172b, 0x1172c,
	0x1180b, 0x1180c, 0x11839, 0x1183b, 0x118b4, 0x118b5, 0x1190c, 0x1190d, 0x11930, 0x11931, 0x1193d, 0x1193f,
	0x11943, 0x11944, 0x119ce, 0x119cf, 0x119e0, 0x119e1, 0x11a0b, 0x11a0c, 0x11a34, 0x11a35, 0x11a47, 0x11a48,
	0x11a5c, 0x11a5d, 0x11a99, 0x11a9a, 0x11ac0, 0x11ac1, 0x11bc4, 0x11bc5, 0x11c0e, 0x11c0f, 0x11c3f, 0x11c40,
	0x11c72, 0x11c73, 0x11d10, 0x11d11, 0x11d42, 0x11d43, 0x11d44, 0x11d46, 0x11d71, 0x11d72, 0x11d97, 0x11d98,
	0x11dc6, 0x11dc7, 0x11ee5, 0x11ee6, 0x11f1b, 0x11f1c, 0x11f41, 0x11f43, 0x12000, 0x12001, 0x12fe5, 0x12fe6,
	0x13153, 0x13154, 0x14400, 0x14401, 0x1611c, 0x1611d, 0x1611e, 0x16121, 0x16123, 0x16126, 0x16129, 0x1612a,
	0x1612f, 0x16130, 0x16a4f, 0x16a50, 0x16abc, 0x16abd, 0x16ae6, 0x16ae7, 0x16af0, 0x16af5, 0x16b1c, 0x16b1d,
	0x16b30, 0x16b37, 0x16d45, 0x16d46, 0x16d67, 0x16d69, 0x16e40, 0x16e41, 0x16ea1, 0x16ea2, 0x16f00, 0x16f01,
	0x16ff0, 0x16ff2, 0x18229, 0x1822a, 0x18c65, 0x18c66, 0x1b1c4, 0x1b1c5, 0x1bc20, 0x1bc21, 0x1bc9e, 0x1bc9f,
	0x1d165, 0x1d16a, 0x1d16d, 0x1d173, 0x1d17b, 0x1d183, 0x1d185, 0x1d18c, 0x1d1aa, 0x1d1ae, 0x1d242, 0x1d245,
	0x1e000, 0x1e007, 0x1e008, 0x1e019, 0x1e01b, 0x1e022, 0x1e023, 0x1e025, 0x1e026, 0x1e02b, 0x1e08f, 0x1e090,
	0x1e108, 0x1e109, 0x1e130, 0x1e137, 0x1e290, 0x1e291, 0x1e2ae, 0x1e2af, 0x1e2e1, 0x1e2e2, 0x1e2ec, 0x1e2f0,
	0x1e4e6, 0x1e4e7, 0x1e4ec, 0x1e4f0, 0x1e5d0, 0x1e5d1, 0x1e5ee, 0x1e5f0, 0x1e6d5, 0x1e6d6, 0x1e6e3, 0x1e6e4,
	0x1e6e6, 0x1e6e7, 0x1e6ee, 0x1e6f0, 0x1e6f5, 0x1e6f6, 0x1e802, 0x1e803, 0x1e8d0, 0x1e8d7, 0x1e900, 0x1e94b
};

static constexpr int32_t s_coll_ff_AdlmUnsafeBwdLength = 840;

static constexpr uint16_t s_coll_haTrieIndex[2112] = {
	0x0, 0x8, 0x10, 0x18, 0x30, 0x38, 0x40, 0x48, 0x30, 0x38, 0x30, 0x38, 0x50, 0x58, 0x30, 0x38,
	0x30, 0x38, 0x5e, 0x66, 0x64, 0x6c, 0x30, 0x38, 0x30, 0x38, 0x30, 0x38, 0x30, 0x38, 0x30, 0x38,
	0x30, 0x38, 0x30, 0x38, 0x30, 0x38, 0x30, 0x38, 0x30, 0x38, 0x30, 0x38, 0x30, 0x38, 0x30, 0x38,
	0x30, 0x38, 0x30, 0x38, 0x30, 0x38, 0x30, 0x38, 0x30, 0x38, 0x30, 0x38, 0x30, 0x38, 0x30, 0x38,
	0x30, 0x30, 0x30, 0x30, 0x30, 0x30, 0x30, 0x30, 0x30, 0x30, 0x30, 0x30, 0x30, 0x30, 0x30, 0x30,
	0x30, 0x30, 0x30, 0x30, 0x30, 0x30, 0x30, 0x30, 0x30, 0x30, 0x30, 0x30, 0x30, 0x30, 0x30, 0x30,
	0x30, 0x30, 0x30, 0x30, 0x30, 0x30, 0x30, 0x30, 0x30, 0x30, 0x30, 0x30, 0x30, 0x30, 0x30, 0x30,
	0x30, 0x30, 0x30, 0x30, 0x30, 0x30, 0x30, 0x30, 0x30, 0x30, 0x30, 0x30, 0x30, 0x30, 0x30, 0x30,
	0x30, 0x30, 0x30, 0x30, 0x30, 0x30, 0x30, 0x30, 0x30, 0x30, 0x30, 0x30, 0x30, 0x30, 0x30, 0x30,
	0x30, 0x30, 0x30, 0x30, 0x30, 0x30, 0x30, 0x30, 0x30, 0x30, 0x30, 0x30, 0x30, 0x30, 0x30, 0x30,
	0x30, 0x30, 0x30, 0x30, 0x30, 0x30, 0x30, 0x30, 0x30, 0x30, 0x30, 0x30, 0x30, 0x30, 0x30, 0x30,
	0x30, 0x30, 0x30, 0x30, 0x30, 0x30, 0x30, 0x30, 0x30, 0x30, 0x30, 0x30, 0x30, 0x30, 0x30, 0x30,
	0x30, 0x30, 0x30, 0x30, 0x30, 0x30, 0x30, 0x30, 0x30, 0x30, 0x30, 0x30, 0x30, 0x30, 0x30, 0x30,
	0x30, 0x30, 0x30, 0x30, 0x30, 0x30, 0x30, 0x30, 0x30, 0x30, 0x30, 0x30, 0x30, 0x30, 0x30, 0x30,
	0x30, 0x30, 0x30, 0x30, 0x30, 0x30, 0x30, 0x30, 0x30, 0x30, 0x30, 0x30, 0x30, 0x30, 0x30, 0x30,
	0x30, 0x30, 0x30, 0x30, 0x30, 0x30, 0x30, 0x30, 0x30, 0x30, 0x30, 0x30, 0x30, 0x30, 0x30, 0x30,
	0x30, 0x30, 0x30, 0x30, 0x30, 0x30, 0x30, 0x30, 0x30, 0x30, 0x30, 0x30, 0x30, 0x30, 0x30, 0x30,
	0x30, 0x30, 0x30, 0x30, 0x30, 0x30, 0x30, 0x30, 0x30, 0x30, 0x30, 0x30, 0x30, 0x30, 0x30, 0x30,
	0x30, 0x30, 0x30, 0x30, 0x30, 0x30, 0x30, 0x30, 0x30, 0x30, 0x30, 0x30, 0x30, 0x30, 0x30, 0x30,
	0x30, 0x30, 0x30, 0x30, 0x30, 0x30, 0x30, 0x30, 0x30, 0x30, 0x30, 0x30, 0x30, 0x30, 0x30, 0x30,
	0x30, 0x30, 0x30, 0x30, 0x30, 0x30, 0x30, 0x30, 0x30, 0x30, 0x30, 0x30, 0x30, 0x30, 0x30, 0x30,
	0x30, 0x30, 0x30, 0x30, 0x30, 0x30, 0x30, 0x30, 0x30, 0x30, 0x30, 0x30, 0x30, 0x30, 0x30, 0x30,
	0x30, 0x30, 0x30, 0x30, 0x30, 0x30, 0x30, 0x30, 0x30, 0x30, 0x30, 0x30, 0x30, 0x30, 0x30, 0x30,
	0x30, 0x30, 0x30, 0x30, 0x30, 0x30, 0x30, 0x30, 0x30, 0x30, 0x30, 0x30, 0x30, 0x30, 0x30, 0x30,
	0x30, 0x30, 0x30, 0x30, 0x30, 0x30, 0x30, 0x30, 0x30, 0x30, 0x30, 0x30, 0x30, 0x30, 0x30, 0x30,
	0x30, 0x30, 0x30, 0x30, 0x30, 0x30, 0x30, 0x30, 0x30, 0x30, 0x30, 0x30, 0x30, 0x30, 0x30, 0x30,
	0x30, 0x30, 0x30, 0x30, 0x30, 0x30, 0x30, 0x30, 0x30, 0x30, 0x30, 0x30, 0x30, 0x30, 0x30, 0x30,
	0x30, 0x30, 0x30, 0x30, 0x30, 0x30, 0x30, 0x30, 0x30, 0x30, 0x30, 0x30, 0x30, 0x30, 0x30, 0x30,
	0x30, 0x30, 0x30, 0x30, 0x30, 0x30, 0x30, 0x30, 0x30, 0x30, 0x30, 0x30, 0x30, 0x30, 0x30, 0x30,
	0x30, 0x30, 0x30, 0x30, 0x30, 0x30, 0x30, 0x30, 0x30, 0x30, 0x30, 0x30, 0x30, 0x30, 0x30, 0x30,
	0x30, 0x30, 0x30, 0x30, 0x30, 0x30, 0x30, 0x30, 0x30, 0x30, 0x30, 0x30, 0x30, 0x30, 0x30, 0x30,
	0x30, 0x30, 0x30, 0x30, 0x30, 0x30, 0x30, 0x30, 0x30, 0x30, 0x30, 0x30, 0x30, 0x30, 0x30, 0x30,
	0x30, 0x30, 0x30, 0x30, 0x30, 0x30, 0x30, 0x30, 0x30, 0x30, 0x30, 0x30, 0x30, 0x30, 0x30, 0x30,
	0x30, 0x30, 0x30, 0x30, 0x30, 0x30, 0x30, 0x30, 0x30, 0x30, 0x30, 0x30, 0x30, 0x30, 0x30, 0x30,
	0x30, 0x30, 0x30, 0x30, 0x30, 0x30, 0x30, 0x30, 0x30, 0x30, 0x30, 0x30, 0x30, 0x30, 0x30, 0x30,
	0x30, 0x30, 0x30, 0x30, 0x30, 0x30, 0x30, 0x30, 0x30, 0x30, 0x30, 0x30, 0x30, 0x30, 0x30, 0x30,
	0x30, 0x30, 0x30, 0x30, 0x30, 0x30, 0x30, 0x30, 0x30, 0x30, 0x30, 0x30, 0x30, 0x30, 0x30, 0x30,
	0x30, 0x30, 0x30, 0x30, 0x30, 0x30, 0x30, 0x30, 0x30, 0x30, 0x30, 0x30, 0x30, 0x30, 0x30, 0x30,
	0x30, 0x30, 0x30, 0x30, 0x30, 0x30, 0x30, 0x30, 0x30, 0x30, 0x30, 0x30, 0x30, 0x30, 0x30, 0x30,
	0x30, 0x30, 0x30, 0x30, 0x30, 0x30, 0x30, 0x30, 0x30, 0x30, 0x30, 0x30, 0x30, 0x30, 0x30, 0x30,
	0x30, 0x30, 0x30, 0x30, 0x30, 0x30, 0x30, 0x30, 0x30, 0x30, 0x30, 0x30, 0x30, 0x30, 0x30, 0x30,
	0x30, 0x30, 0x30, 0x30, 0x30, 0x30, 0x30, 0x30, 0x30, 0x30, 0x30, 0x30, 0x30, 0x30, 0x30, 0x30,
	0x30, 0x30, 0x30, 0x30, 0x30, 0x30, 0x30, 0x30, 0x30, 0x30, 0x30, 0x30, 0x30, 0x30, 0x30, 0x30,
	0x30, 0x30, 0x30, 0x30, 0x30, 0x30, 0x30, 0x30, 0x30, 0x30, 0x30, 0x30, 0x30, 0x30, 0x30, 0x30,
	0x30, 0x30, 0x30, 0x30, 0x30, 0x30, 0x30, 0x30, 0x30, 0x30, 0x30, 0x30, 0x30, 0x30, 0x30, 0x30,
	0x30, 0x30, 0x30, 0x30, 0x30, 0x30, 0x30, 0x30, 0x30, 0x30, 0x30, 0x30, 0x30, 0x30, 0x30, 0x30,
	0x30, 0x30, 0x30, 0x30, 0x30, 0x30, 0x30, 0x30, 0x30, 0x30, 0x30, 0x30, 0x30, 0x30, 0x30, 0x30,
	0x30, 0x30, 0x30, 0x30, 0x30, 0x30, 0x30, 0x30, 0x30, 0x30, 0x30, 0x30, 0x30, 0x30, 0x30, 0x30,
	0x30, 0x30, 0x30, 0x30, 0x30, 0x30, 0x30, 0x30, 0x30, 0x30, 0x30, 0x30, 0x30, 0x30, 0x30, 0x30,
	0x30, 0x30, 0x30, 0x30, 0x30, 0x30, 0x30, 0x30, 0x30, 0x30, 0x30, 0x30, 0x30, 0x30, 0x30, 0x30,
	0x30, 0x30, 0x30, 0x30, 0x30, 0x30, 0x30, 0x30, 0x30, 0x30, 0x30, 0x30, 0x30, 0x30, 0x30, 0x30,
	0x30, 0x30, 0x30, 0x30, 0x30, 0x30, 0x30, 0x30, 0x30, 0x30, 0x30, 0x30, 0x30, 0x30, 0x30, 0x30,
	0x30, 0x30, 0x30, 0x30, 0x30, 0x30, 0x30, 0x30, 0x30, 0x30, 0x30, 0x30, 0x30, 0x30, 0x30, 0x30,
	0x30, 0x30, 0x30, 0x30, 0x30, 0x30, 0x30, 0x30, 0x30, 0x30, 0x30, 0x30, 0x30, 0x30, 0x30, 0x30,
	0x30, 0x30, 0x30, 0x30, 0x30, 0x30, 0x30, 0x30, 0x30, 0x30, 0x30, 0x30, 0x30, 0x30, 0x30, 0x30,
	0x30, 0x30, 0x30, 0x30, 0x30, 0x30, 0x30, 0x30, 0x30, 0x30, 0x30, 0x30, 0x30, 0x30, 0x30, 0x30,
	0x30, 0x30, 0x30, 0x30, 0x30, 0x30, 0x30, 0x30, 0x30, 0x30, 0x30, 0x30, 0x30, 0x30, 0x30, 0x30,
	0x30, 0x30, 0x30, 0x30, 0x30, 0x30, 0x30, 0x30, 0x30, 0x30, 0x30, 0x30, 0x30, 0x30, 0x30, 0x30,
	0x30, 0x30, 0x30, 0x30, 0x30, 0x30, 0x30, 0x30, 0x30, 0x30, 0x30, 0x30, 0x30, 0x30, 0x30, 0x30,
	0x30, 0x30, 0x30, 0x30, 0x30, 0x30, 0x30, 0x30, 0x30, 0x30, 0x30, 0x30, 0x30, 0x30, 0x30, 0x30,
	0x30, 0x30, 0x30, 0x30, 0x30, 0x30, 0x30, 0x30, 0x30, 0x30, 0x30, 0x30, 0x30, 0x30, 0x30, 0x30,
	0x30, 0x30, 0x30, 0x30, 0x30, 0x30, 0x30, 0x30, 0x30, 0x30, 0x30, 0x30, 0x30, 0x30, 0x30, 0x30,
	0x30, 0x30, 0x30, 0x30, 0x30, 0x30, 0x30, 0x30, 0x30, 0x30, 0x30, 0x30, 0x30, 0x30, 0x30, 0x30,
	0x30, 0x30, 0x30, 0x30, 0x30, 0x30, 0x30, 0x30, 0x30, 0x30, 0x30, 0x30, 0x30, 0x30, 0x30, 0x30,
	0x30, 0x30, 0x30, 0x30, 0x30, 0x30, 0x30, 0x30, 0x30, 0x30, 0x30, 0x30, 0x30, 0x30, 0x30, 0x30,
	0x30, 0x30, 0x30, 0x30, 0x30, 0x30, 0x30, 0x30, 0x30, 0x30, 0x30, 0x30, 0x30, 0x30, 0x30, 0x30,
	0x30, 0x30, 0x30, 0x30, 0x30, 0x30, 0x30, 0x30, 0x30, 0x30, 0x30, 0x30, 0x30, 0x30, 0x30, 0x30,
	0x30, 0x30, 0x30, 0x30, 0x30, 0x30, 0x30, 0x30, 0x30, 0x30, 0x30, 0x30, 0x30, 0x30, 0x30, 0x30,
	0x30, 0x30, 0x30, 0x30, 0x30, 0x30, 0x30, 0x30, 0x30, 0x30, 0x30, 0x30, 0x30, 0x30, 0x30, 0x30,
	0x30, 0x30, 0x30, 0x30, 0x30, 0x30, 0x30, 0x30, 0x30, 0x30, 0x30, 0x30, 0x30, 0x30, 0x30, 0x30,
	0x30, 0x30, 0x30, 0x30, 0x30, 0x30, 0x30, 0x30, 0x30, 0x30, 0x30, 0x30, 0x30, 0x30, 0x30, 0x30,
	0x30, 0x30, 0x30, 0x30, 0x30, 0x30, 0x30, 0x30, 0x30, 0x30, 0x30, 0x30, 0x30, 0x30, 0x30, 0x30,
	0x30, 0x30, 0x30, 0x30, 0x30, 0x30, 0x30, 0x30, 0x30, 0x30, 0x30, 0x30, 0x30, 0x30, 0x30, 0x30,
	0x30, 0x30, 0x30, 0x30, 0x30, 0x30, 0x30, 0x30, 0x30, 0x30, 0x30, 0x30, 0x30, 0x30, 0x30, 0x30,
	0x30, 0x30, 0x30, 0x30, 0x30, 0x30, 0x30, 0x30, 0x30, 0x30, 0x30, 0x30, 0x30, 0x30, 0x30, 0x30,
	0x30, 0x30, 0x30, 0x30, 0x30, 0x30, 0x30, 0x30, 0x30, 0x30, 0x30, 0x30, 0x30, 0x30, 0x30, 0x30,
	0x30, 0x30, 0x30, 0x30, 0x30, 0x30, 0x30, 0x30, 0x30, 0x30, 0x30, 0x30, 0x30, 0x30, 0x30, 0x30,
	0x30, 0x30, 0x30, 0x30, 0x30, 0x30, 0x30, 0x30, 0x30, 0x30, 0x30, 0x30, 0x30, 0x30, 0x30, 0x30,
	0x30, 0x30, 0x30, 0x30, 0x30, 0x30, 0x30, 0x30, 0x30, 0x30, 0x30, 0x30, 0x30, 0x30, 0x30, 0x30,
	0x30, 0x30, 0x30, 0x30, 0x30, 0x30, 0x30, 0x30, 0x30, 0x30, 0x30, 0x30, 0x30, 0x30, 0x30, 0x30,
	0x30, 0x30, 0x30, 0x30, 0x30, 0x30, 0x30, 0x30, 0x30, 0x30, 0x30, 0x30, 0x30, 0x30, 0x30, 0x30,
	0x30, 0x30, 0x30, 0x30, 0x30, 0x30, 0x30, 0x30, 0x30, 0x30, 0x30, 0x30, 0x30, 0x30, 0x30, 0x30,
	0x30, 0x30, 0x30, 0x30, 0x30, 0x30, 0x30, 0x30, 0x30, 0x30, 0x30, 0x30, 0x30, 0x30, 0x30, 0x30,
	0x30, 0x30, 0x30, 0x30, 0x30, 0x30, 0x30, 0x30, 0x30, 0x30, 0x30, 0x30, 0x30, 0x30, 0x30, 0x30,
	0x30, 0x30, 0x30, 0x30, 0x30, 0x30, 0x30, 0x30, 0x30, 0x30, 0x30, 0x30, 0x30, 0x30, 0x30, 0x30,
	0x30, 0x30, 0x30, 0x30, 0x30, 0x30, 0x30, 0x30, 0x30, 0x30, 0x30, 0x30, 0x30, 0x30, 0x30, 0x30,
	0x84, 0x84, 0x84, 0x84, 0x84, 0x84, 0x84, 0x84, 0x84, 0x84, 0x84, 0x84, 0x84, 0x84, 0x84, 0x84,
	0x84, 0x84, 0x84, 0x84, 0x84, 0x84, 0x84, 0x84, 0x84, 0x84, 0x84, 0x84, 0x84, 0x84, 0x84, 0x84,
	0x84, 0x84, 0x84, 0x84, 0x84, 0x84, 0x84, 0x84, 0x84, 0x84, 0x84, 0x84, 0x84, 0x84, 0x84, 0x84,
	0x84, 0x84, 0x84, 0x84, 0x84, 0x84, 0x84, 0x84, 0x84, 0x84, 0x84, 0x84, 0x84, 0x84, 0x84, 0x84,
	0x84, 0x84, 0x84, 0x84, 0x84, 0x84, 0x84, 0x84, 0x84, 0x84, 0x84, 0x84, 0x84, 0x84, 0x84, 0x84,
	0x84, 0x84, 0x84, 0x84, 0x84, 0x84, 0x84, 0x84, 0x84, 0x84, 0x84, 0x84, 0x84, 0x84, 0x84, 0x84,
	0x84, 0x84, 0x84, 0x84, 0x84, 0x84, 0x84, 0x84, 0x84, 0x84, 0x84, 0x84, 0x84, 0x84, 0x84, 0x84,
	0x84, 0x84, 0x84, 0x84, 0x84, 0x84, 0x84, 0x84, 0x84, 0x84, 0x84, 0x84, 0x84, 0x84, 0x84, 0x84,
	0x84, 0x84, 0x84, 0x84, 0x84, 0x84, 0x84, 0x84, 0x84, 0x84, 0x84, 0x84, 0x84, 0x84, 0x84, 0x84,
	0x84, 0x84, 0x84, 0x84, 0x84, 0x84, 0x84, 0x84, 0x84, 0x84, 0x84, 0x84, 0x84, 0x84, 0x84, 0x84,
	0x84, 0x84, 0x84, 0x84, 0x84, 0x84, 0x84, 0x84, 0x84, 0x84, 0x84, 0x84, 0x84, 0x84, 0x84, 0x84,
	0x84, 0x84, 0x84, 0x84, 0x84, 0x84, 0x84, 0x84, 0x84, 0x84, 0x84, 0x84, 0x84, 0x84, 0x84, 0x84,
	0x84, 0x84, 0x84, 0x84, 0x84, 0x84, 0x84, 0x84, 0x84, 0x84, 0x84, 0x84, 0x84, 0x84, 0x84, 0x84,
	0x84, 0x84, 0x84, 0x84, 0x84, 0x84, 0x84, 0x84, 0x84, 0x84, 0x84, 0x84, 0x84, 0x84, 0x84, 0x84,
	0x84, 0x84, 0x84, 0x84, 0x84, 0x84, 0x84, 0x84, 0x84, 0x84, 0x84, 0x84, 0x84, 0x84, 0x84, 0x84,
	0x84, 0x84, 0x84, 0x84, 0x84, 0x84, 0x84, 0x84, 0x84, 0x84, 0x84, 0x84, 0x84, 0x84, 0x84, 0x84,
	0x84, 0x84, 0x84, 0x84, 0x84, 0x84, 0x84, 0x84, 0x84, 0x84, 0x84, 0x84, 0x84, 0x84, 0x84, 0x84,
	0x84, 0x84, 0x84, 0x84, 0x84, 0x84, 0x84, 0x84, 0x84, 0x84, 0x84, 0x84, 0x84, 0x84, 0x84, 0x84,
	0x84, 0x84, 0x84, 0x84, 0x84, 0x84, 0x84, 0x84, 0x84, 0x84, 0x84, 0x84, 0x84, 0x84, 0x84, 0x84,
	0x84, 0x84, 0x84, 0x84, 0x84, 0x84, 0x84, 0x84, 0x84, 0x84, 0x84, 0x84, 0x84, 0x84, 0x84, 0x84,
	0x84, 0x84, 0x84, 0x84, 0x84, 0x84, 0x84, 0x84, 0x84, 0x84, 0x84, 0x84, 0x84, 0x84, 0x84, 0x84,
	0x84, 0x84, 0x84, 0x84, 0x84, 0x84, 0x84, 0x84, 0x84, 0x84, 0x84, 0x84, 0x84, 0x7c, 0x30, 0x30,
	0x74, 0x74, 0x74, 0x74, 0x74, 0x74, 0x74, 0x74, 0x74, 0x74, 0x74, 0x74, 0x74, 0x74, 0x74, 0x74,
	0x74, 0x74, 0x74, 0x74, 0x74, 0x74, 0x74, 0x74, 0x74, 0x74, 0x74, 0x74, 0x74, 0x74, 0x74, 0x74,
	0x30, 0x30, 0x30, 0x30, 0x30, 0x30, 0x30, 0x30, 0x30, 0x30, 0x30, 0x30, 0x30, 0x30, 0x30, 0x30,
	0x30, 0x30, 0x30, 0x30, 0x30, 0x30, 0x30, 0x30, 0x30, 0x30, 0x30, 0x30, 0x30, 0x30, 0x30, 0x30,
	0x30, 0x30, 0x30, 0x30, 0x30, 0x30, 0x30, 0x30, 0x30, 0x30, 0x30, 0x30, 0x30, 0x30, 0x30, 0x30,
	0x30, 0x30, 0x30, 0x30, 0x30, 0x30, 0x30, 0x30, 0x30, 0x30, 0x30, 0x30, 0x30, 0x30, 0x30, 0x30,
	0x30, 0x30, 0x30, 0x30, 0x30, 0x30, 0x30, 0x30, 0x30, 0x30, 0x30, 0x30, 0x30, 0x30, 0x30, 0x30,
	0x30, 0x30, 0x30, 0x30, 0x30, 0x30, 0x30, 0x30, 0x30, 0x30, 0x30, 0x30, 0x30, 0x30, 0x30, 0x30,
	0x30, 0x30, 0x30, 0x30, 0x30, 0x30, 0x30, 0x30, 0x30, 0x30, 0x30, 0x30, 0x30, 0x30, 0x30, 0x30,
	0x30, 0x30, 0x30, 0x30, 0x30, 0x30, 0x30, 0x30, 0x30, 0x30, 0x30, 0x30, 0x30, 0x30, 0x30, 0x30,
	0x30, 0x30, 0x30, 0x30, 0x30, 0x30, 0x30, 0x30, 0x30, 0x30, 0x30, 0x30, 0x30, 0x30, 0x30, 0x30,
	0x30, 0x30, 0x30, 0x30, 0x30, 0x30, 0x30, 0x30, 0x30, 0x30, 0x30, 0x30, 0x30, 0x30, 0x30, 0x30,
	0x30, 0x30, 0x30, 0x30, 0x30, 0x30, 0x30, 0x30, 0x30, 0x30, 0x30, 0x30, 0x30, 0x30, 0x30, 0x30,
	0x30, 0x30, 0x30, 0x30, 0x30, 0x30, 0x30, 0x30, 0x30, 0x30, 0x30, 0x30, 0x30, 0x30, 0x30, 0x30,
	0x30, 0x30, 0x30, 0x30, 0x30, 0x30, 0x30, 0x30, 0x30, 0x30, 0x30, 0x30, 0x30, 0x30, 0x30, 0x30,
	0x30, 0x30, 0x30, 0x30, 0x30, 0x30, 0x30, 0x30, 0x30, 0x30, 0x30, 0x30, 0x30, 0x30, 0x30, 0x30,
	0x30, 0x30, 0x30, 0x30, 0x30, 0x30, 0x30, 0x30, 0x30, 0x30, 0x30, 0x30, 0x30, 0x30, 0x30, 0x30,
	0x30, 0x30, 0x30, 0x30, 0x30, 0x30, 0x30, 0x30, 0x30, 0x30, 0x30, 0x30, 0x30, 0x30, 0x30, 0x30,
	0x30, 0x30, 0x30, 0x30, 0x30, 0x30, 0x30, 0x30, 0x30, 0x30, 0x30, 0x30, 0x30, 0x30, 0x30, 0x30,
	0x30, 0x30, 0x30, 0x30, 0x30, 0x30, 0x30, 0x30, 0x30, 0x30, 0x30, 0x30, 0x30, 0x30, 0x30, 0x30,
	0x30, 0x30, 0x30, 0x30, 0x30, 0x30, 0x30, 0x30, 0x30, 0x30, 0x30, 0x30, 0x30, 0x30, 0x30, 0x30,
	0x30, 0x30, 0x30, 0x30, 0x30, 0x30, 0x30, 0x30, 0x30, 0x30, 0x30, 0x30, 0x30, 0x30, 0x30, 0x30,
	0x80, 0x80, 0xc0, 0x100, 0xc0, 0xc0, 0x140, 0xc0, 0xc0, 0x178, 0x190, 0xc0, 0xc0, 0xc0, 0xc0, 0xc0,
	0xc0, 0xc0, 0xc0, 0xc0, 0xc0, 0xc0, 0xc0, 0xc0, 0xc0, 0xc0, 0xc0, 0xc0, 0xc0, 0xc0, 0xc0, 0xc0
};

static constexpr uint32_t s_coll_haTrieData[564] = {
	0xcb, 0x0, 0x0, 0x0, 0x0, 0x0, 0x0, 0x0,
	0x0, 0x3040505, 0x3060505, 0x3080505, 0x30a0505, 0x30c0505, 0x0, 0x0,
	0x0, 0x0, 0x0, 0x0, 0x0, 0x0, 0x0, 0x0,
	0x0, 0x0, 0x0, 0x0, 0x0, 0x0, 0x0, 0x0,
	0x4000505, 0x75a0505, 0x9760505, 0xa940505, 0xda90505, 0xa960505, 0xa8e0505, 0xc9,
	0x97c0505, 0x97e0505, 0xa7e0505, 0xc7b0505, 0x6000505, 0x50e0505, 0x8000505, 0xa880505,
	0x18c0ca, 0x18e1ca, 0x1902ca, 0x1923ca, 0x1944ca, 0x1965ca, 0x1986ca, 0x19a7ca,
	0x19c8ca, 0x19e9ca, 0x7360505, 0x72a0505, 0xc850505, 0xc870505, 0xc890505, 0x7640505,
	0xa7c0505, 0x2b00059c, 0x2d00059c, 0x2f00059c, 0x3100059c, 0x3300059c, 0x3500059c, 0x3700059c,
	0x3900059c, 0x3b00059c, 0x3d00059c, 0x3f00059c, 0x4100059c, 0x4300059c, 0x4500059c, 0x4700059c,
	0x4900059c, 0x4b00059c, 0x4d00059c, 0x960c9, 0x1120c9, 0x5300059c, 0x5500059c, 0x570005a0,
	0x5900059c, 0x5b00059c, 0x5d00059c, 0x9800505, 0xa8a0505, 0x9820505, 0xc0a0505, 0x50a0505,
	0xc040505, 0x2b000505, 0x2d000505, 0x2f000505, 0x31000505, 0x33000505, 0x35000505, 0x37000505,
	0x39000505, 0x3b000505, 0x3d000505, 0x3f000505, 0x41000505, 0x43000505, 0x45000505, 0x47000505,
	0x49000505, 0x4b000505, 0x4d000505, 0x1b40c9, 0x1f60c9, 0x53000505, 0x55000505, 0x57000505,
	0x59000505, 0x5b000505, 0x5d000505, 0x9840505, 0xc8d0505, 0x9860505, 0xc910505, 0x0,
	0xfffd0505, 0xfffd0505, 0xfffd0505, 0xfffd0505, 0xfffd0505, 0xfffd0505, 0xfffd0505, 0xfffd0505,
	0xfffd0505, 0xfffd0505, 0xfffd0505, 0xfffd0505, 0xfffd0505, 0xfffd0505, 0xfffd0505, 0xfffd0505,
	0xfffd0505, 0xfffd0505, 0xfffd0505, 0xfffd0505, 0xfffd0505, 0xfffd0505, 0xfffd0505, 0xfffd0505,
	0xfffd0505, 0xfffd0505, 0xfffd0505, 0xfffd0505, 0xfffd0505, 0xfffd0505, 0xfffd0505, 0xfffd0505,
	0xfffd0505, 0xfffd0505, 0xfffd0505, 0xfffd0505, 0xfffd0505, 0xfffd0505, 0xfffd0505, 0xfffd0505,
	0xfffd0505, 0xfffd0505, 0xfffd0505, 0xfffd0505, 0xfffd0505, 0xfffd0505, 0xfffd0505, 0xfffd0505,
	0xfffd0505, 0xfffd0505, 0xfffd0505, 0xfffd0505, 0xfffd0505, 0xfffd0505, 0xfffd0505, 0xfffd0505,
	0xfffd0505, 0xfffd0505, 0xfffd0505, 0xfffd0505, 0xfffd0505, 0xfffd0505, 0xfffd0505, 0xfffd0505,
	0xc0, 0xc0, 0xc0, 0xc0, 0xc0, 0xc0, 0xc0, 0xc0,
	0xc0, 0xc0, 0xc0, 0xc0, 0xc0, 0xc0, 0xc0, 0xc0,
	0xc0, 0xc0, 0xc0, 0xc0, 0xc0, 0xc0, 0xc0, 0xc0,
	0xc0, 0xc0, 0xc0, 0xc0, 0xc0, 0xc0, 0xc0, 0xc0,
	0xc0, 0xc0, 0xc0, 0xc0, 0xc0, 0xc0, 0xc0, 0xc0,
	0xc0, 0xc0, 0xc0, 0xc0, 0xc0, 0xc0, 0xc0, 0xc0,
	0xc0, 0xc0, 0xc0, 0xc0, 0xc0, 0xc0, 0xc0, 0xc0,
	0xc0, 0xc0, 0xc0, 0xc0, 0xc0, 0xc0, 0xc0, 0xc0,
	0x2b9c8ac4, 0x2b9c88c4, 0x2b9c8ec4, 0x2b9c9ac4, 0x2b9c96c4, 0x2b9c92c4, 0x1802c5, 0x2f9ca0c4,
	0x339c8ac4, 0x339c88c4, 0x339c8ec4, 0x339c96c4, 0x3b9c8ac4, 0x3b9c88c4, 0x3b9c8ec4, 0x3b9c96c4,
	0x310070a0, 0x459c9ac4, 0x479c8ac4, 0x479c88c4, 0x479c8ec4, 0x479c9ac4, 0x479c96c4, 0xc830505,
	0x479c9ec4, 0x539c8ac4, 0x539c88c4, 0x539c8ec4, 0x539c96c4, 0x5b9c88c4, 0x5e2805a0, 0x1842c5,
	0x2b058ac4, 0x2b0588c4, 0x2b058ec4, 0x2b059ac4, 0x2b0596c4, 0x2b0592c4, 0x1882c5, 0x2f05a0c4,
	0x33058ac4, 0x330588c4, 0x33058ec4, 0x330596c4, 0x3b058ac4, 0x3b0588c4, 0x3b058ec4, 0x3b0596c4,
	0x31007005, 0x45059ac4, 0x47058ac4, 0x470588c4, 0x47058ec4, 0x47059ac4, 0x470596c4, 0xc810505,
	0x47059ec4, 0x53058ac4, 0x530588c4, 0x53058ec4, 0x530596c4, 0x5b0588c4, 0x5e280505, 0x5b0596c4,
	0xc0, 0x2e020586, 0xc0, 0xc0, 0xc0, 0xc0, 0xc0, 0xc0,
	0xc0, 0xc0, 0x32020586, 0xc0, 0xc0, 0xc0, 0xc0, 0xc0,
	0xc0, 0xc0, 0xc0, 0xc0, 0xc0, 0xc0, 0xc0, 0xc0,
	0x40020586, 0x40020505, 0xc0, 0xc0, 0xc0, 0xc0, 0xc0, 0xc0,
	0xc0, 0xc0, 0xc0, 0xc0, 0xc0, 0xc0, 0xc0, 0xc0,
	0xc0, 0xc0, 0xc0, 0xc0, 0xc0, 0xc0, 0xc0, 0xc0,
	0xc0, 0xc0, 0xc0, 0x5c020588, 0x5c020505, 0xc0, 0xc0, 0xc0,
	0xc0, 0xc0, 0xc0, 0xc0, 0xc0, 0xc0, 0xc0, 0xc0,
	0xc0, 0xc0, 0xc0, 0xc0, 0xc0, 0xc0, 0xc0, 0xc0,
	0xc0, 0xc0, 0xc0, 0x2e020505, 0xc0, 0xc0, 0xc0, 0x32020505,
	0xc0, 0xc0, 0xc0, 0xc0, 0xc0, 0xc0, 0xc0, 0xc0,
	0xc0, 0xc0, 0xc0, 0xc0, 0xc0, 0xc0, 0xc0, 0xc0,
	0xc0, 0xc0, 0xc0, 0xc0, 0xc0, 0xc0, 0xc0, 0xc0,
	0xc0, 0xc0, 0xc0, 0xc0, 0xc0, 0xc0, 0xc0, 0xc0,
	0xc0, 0xc0, 0xc0, 0xc0, 0xc0, 0xc0, 0xc0, 0xc0,
	0xc0, 0xc0, 0xc0, 0xc0, 0xc0, 0xc0, 0xc0, 0xc0,
	0xc0, 0xc0, 0xc0, 0xc0, 0xc0, 0xc0, 0xc0, 0xc0,
	0xc0, 0xc0, 0xc0, 0xc0, 0x2480c9, 0xc0, 0xc0, 0xc0,
	0x1cd, 0x1cd, 0x1cd, 0x1cd, 0x1cd, 0x1cd, 0x1cd, 0x1cd,
	0x1cd, 0x1cd, 0x1cd, 0x1cd, 0x1cd, 0x1cd, 0x1cd, 0x1cd,
	0x1cd, 0x1cd, 0x1cd, 0x1cd, 0x1cd, 0x1cd, 0x1cd, 0x1cd,
	0x1cd, 0x1cd, 0x1cd, 0x1cd, 0x1cd, 0x1cd, 0x1cd, 0x1cd,
	0x1cc, 0x1cc, 0x1cc, 0x1cc, 0xc0, 0xc0, 0xc0, 0xc0,
	0xc0, 0xc0, 0xc0, 0xc0, 0xc0, 0xc0, 0xc0, 0xc0,
	0xc0, 0xc0, 0xc0, 0xc0, 0xc0, 0xc0, 0xc0, 0xc0,
	0xc0, 0xc0, 0xc0, 0xc0, 0xc0, 0xc0, 0xc0, 0xc0,
	0x1cc, 0x1cc, 0x1cc, 0x1cc, 0x1cc, 0x1cc, 0x1cc, 0x1cc,
	0x1cc, 0x1cc, 0x1cc, 0x1cc, 0x1cc, 0x1cc, 0x1cc, 0x1cc,
	0x1cc, 0x1cc, 0x1cc, 0x1cc, 0x1cc, 0x1cc, 0x1cc, 0x1cc,
	0x1cc, 0x1cc, 0x1cc, 0x1cc, 0x1cc, 0x1cc, 0x1cc, 0x1cc,
	0xc0, 0xc0, 0xc0, 0xc0
};

static constexpr int32_t s_coll_haTrieIndexLength = 2112;
static constexpr int32_t s_coll_haTrieDataLength = 564;
static constexpr char32_t s_coll_haTrieHighStart = 0xe000;
static constexpr int32_t s_coll_haTrieHighValueIndex = 560;

static constexpr uint32_t s_coll_haCe32s[208] = {
	0x0, 0x5c02054a, 0x8805, 0x5c020507, 0x8805, 0x5c020507, 0x9605, 0x5c02054a,
	0x8e05, 0x5c020507, 0x8e05, 0x5c02054a, 0x9605, 0x5c02054a, 0xa405, 0x5c020507,
	0xa405, 0x5c02054a, 0x9c05, 0x5c020507, 0x9c05, 0x5c020507, 0x9205, 0x5c02054a,
	0x8a05, 0x5c020507, 0x8a05, 0x5c02054a, 0xc405, 0x5c020507, 0xc405, 0x5c02054a,
	0xb605, 0x5c020507, 0xb605, 0x5c02054a, 0x9a05, 0x5c020507, 0x9a05, 0x50020587,
	0x8e05, 0x50020546, 0x8e05, 0x50020587, 0x9005, 0x50020546, 0x9005, 0x50020587,
	0x9c05, 0x50020546, 0x9c05, 0x50020587, 0xc405, 0x50020546, 0xc405, 0x50020587,
	0x9605, 0x50020546, 0x9605, 0x50020587, 0xa005, 0x50020546, 0xa005, 0x50020587,
	0xce05, 0x50020546, 0xce05, 0x50020546, 0xd205, 0x52020587, 0x8805, 0x52020546,
	0x8805, 0x52020587, 0x8e05, 0x52020546, 0x8e05, 0x52020587, 0xa005, 0x52020546,
	0xa005, 0x52020587, 0x9005, 0x52020546, 0x9005, 0x52020587, 0xca05, 0x52020546,
	0xca05, 0x52020587, 0x9c05, 0x52020546, 0x9c05, 0x52020587, 0xc405, 0x52020546,
	0xc405, 0x52020587, 0x8805, 0x9c05, 0x52020546, 0x8805, 0x9c05, 0x52020587,
	0x9005, 0x9c05, 0x52020546, 0x9005, 0x9c05, 0x52020587, 0xc405, 0x9c05,
	0x52020546, 0xc405, 0x9c05, 0x50020505, 0x8e05, 0x50020505, 0x9005, 0x50020505,
	0x9c05, 0x50020505, 0xc405, 0x50020505, 0x9605, 0x50020505, 0xa005, 0x50020505,
	0xce05, 0x50020505, 0xd205, 0x52020505, 0x8805, 0x52020505, 0x8e05, 0x52020505,
	0xa005, 0x52020505, 0x9005, 0x52020505, 0xca05, 0x52020505, 0x9c05, 0x52020505,
	0xc405, 0x52020505, 0x8805, 0x9c05, 0x52020505, 0x9005, 0x9c05, 0x52020505,
	0xc405, 0x9c05, 0x5c020549, 0x8805, 0x5c020506, 0x8805, 0x5c020506, 0x9605,
	0x5c020549, 0x8e05, 0x5c020506, 0x8e05, 0x5c020549, 0x9605, 0x5c020549, 0xa405,
	0x5c020506, 0xa405, 0x5c020549, 0x9c05, 0x5c020506, 0x9c05, 0x5c020506, 0x9205,
	0x5c020549, 0x8a05, 0x5c020506, 0x8a05, 0x5c020549, 0xc405, 0x5c020506, 0xc405,
	0x5c020549, 0xb605, 0x5c020506, 0xb605, 0x5c020549, 0x9a05, 0x5c020506, 0x9a05,
	0x2b0070a0, 0x330005a2, 0x4f007005, 0x4f000513, 0x2b007005, 0x33000513, 0x12000505, 0x14000505,
	0x16000505, 0x18000505, 0x1a000505, 0x1c000505, 0x1e000505, 0x20000505, 0x22000505, 0x24000505
};

static constexpr char16_t s_coll_haContexts[368] = {
	0x970, 0x505, 0x14, 0x1e8e, 0x25, 0x1ef4, 0x14, 0x1ef7, 0x9, 0x1ef7, 0xc004, 0x22c5,
	0x1ef8, 0xc004, 0x62c5, 0x1ef9, 0xc004, 0xa2c5, 0x1ef4, 0xc003, 0x62c5, 0x1ef5, 0xc003, 0xa2c5,
	0x1ef6, 0xc003, 0xe2c5, 0x1e8e, 0xc002, 0x22c5, 0x1e8f, 0xc002, 0x62c5, 0x1e99, 0xc002, 0xa2c5,
	0x1ef2, 0xc002, 0xe2c5, 0x1ef3, 0xc003, 0x22c5, 0x176, 0xf, 0x176, 0xc000, 0xe2c5, 0x177,
	0xc001, 0x22c5, 0x178, 0xc001, 0x62c5, 0x232, 0xc001, 0xa2c5, 0x233, 0xc001, 0xe2c5, 0x59,
	0xffff, 0x5c02, 0x54a, 0x79, 0xffff, 0x5c02, 0x507, 0xdd, 0xa2c5, 0xfd, 0xc000, 0x62c5,
	0xff, 0xc000, 0xa2c5, 0x4f00, 0x59c, 0x10, 0x1e24, 0x1d, 0x1e28, 0xf, 0x1e28, 0xc007,
	0x62c5, 0x1e29, 0xc007, 0xa2c5, 0x1e2a, 0xc007, 0xe2c5, 0x1e2b, 0xc008, 0x22c5, 0x1e96, 0xc008,
	0x62c5, 0x1e24, 0xc006, 0x62c5, 0x1e25, 0xc006, 0xa2c5, 0x1e26, 0xc006, 0xe2c5, 0x1e27, 0xc007,
	0x22c5, 0x21e, 0xc, 0x21e, 0xc005, 0x62c5, 0x21f, 0xc005, 0xa2c5, 0x1e22, 0xc005, 0xe2c5,
	0x1e23, 0xc006, 0x22c5, 0x48, 0xffff, 0x5002, 0x587, 0x68, 0xffff, 0x5002, 0x546, 0x124,
	0xc004, 0xe2c5, 0x125, 0xc005, 0x22c5, 0x5100, 0x59c, 0x15, 0x219, 0x25, 0x1e64, 0x14,
	0x1e67, 0x9, 0x1e67, 0xc00d, 0x43c5, 0x1e68, 0xc00d, 0xa3c5, 0x1e69, 0xc00e, 0x3c5, 0x1e64,
	0xc00c, 0x23c5, 0x1e65, 0xc00c, 0x83c5, 0x1e66, 0xc00c, 0xe3c5, 0x219, 0xc00a, 0xe2c5, 0x1e60,
	0xc00b, 0x22c5, 0x1e61, 0xc00b, 0x62c5, 0x1e62, 0xc00b, 0xa2c5, 0x1e63, 0xc00b, 0xe2c5, 0x15d,
	0x14, 0x160, 0x9, 0x160, 0xc00a, 0x22c5, 0x161, 0xc00a, 0x62c5, 0x218, 0xc00a, 0xa2c5,
	0x15d, 0xc009, 0x62c5, 0x15e, 0xc009, 0xa2c5, 0x15f, 0xc009, 0xe2c5, 0x53, 0xffff, 0x5202,
	0x587, 0x73, 0xffff, 0x5202, 0x546, 0x15a, 0xc008, 0xa2c5, 0x15b, 0xc008, 0xe2c5, 0x15c,
	0xc009, 0x22c5, 0x4f00, 0x505, 0x8, 0x1e25, 0xf, 0x1e25, 0xc00f, 0x22c5, 0x1e27, 0xc00f,
	0x62c5, 0x1e29, 0xc00f, 0xa2c5, 0x1e2b, 0xc00f, 0xe2c5, 0x1e96, 0xc010, 0x22c5, 0x68, 0xffff,
	0x5002, 0x505, 0x125, 0xc00e, 0x62c5, 0x21f, 0xc00e, 0xa2c5, 0x1e23, 0xc00e, 0xe2c5, 0x5100,
	0x505, 0xa, 0x219, 0x14, 0x1e65, 0x9, 0x1e65, 0xc012, 0x23c5, 0x1e67, 0xc012, 0x83c5,
	0x1e69, 0xc012, 0xe3c5, 0x219, 0xc011, 0x62c5, 0x1e61, 0xc011, 0xa2c5, 0x1e63, 0xc011, 0xe2c5,
	0x73, 0xffff, 0x5202, 0x505, 0x15b, 0xc010, 0x62c5, 0x15d, 0xc010, 0xa2c5, 0x15f, 0xc010,
	0xe2c5, 0x161, 0xc011, 0x22c5, 0x5e58, 0x505, 0x14, 0x1e8e, 0x25, 0x1ef4, 0x14, 0x1ef7,
	0x9, 0x1ef7, 0xc017, 0x42c5, 0x1ef8, 0xc017, 0x82c5, 0x1ef9, 0xc017, 0xc2c5, 0x1ef4, 0xc016,
	0x82c5, 0x1ef5, 0xc016, 0xc2c5, 0x1ef6, 0xc017, 0x2c5, 0x1e8e, 0xc015, 0x42c5, 0x1e8f, 0xc015,
	0x82c5, 0x1e99, 0xc015, 0xc2c5, 0x1ef2, 0xc016, 0x2c5, 0x1ef3, 0xc016, 0x42c5, 0x176, 0xf,
	0x176, 0xc014, 0x2c5, 0x177, 0xc014, 0x42c5, 0x178, 0xc014, 0x82c5, 0x232, 0xc014, 0xc2c5,
	0x233, 0xc015, 0x2c5, 0x59, 0xffff, 0x5c02, 0x549, 0x79, 0xffff, 0x5c02, 0x506, 0xdd,
	0xc013, 0x42c5, 0xfd, 0xc013, 0x82c5, 0xff, 0xc013, 0xc2c5
};

static constexpr uint16_t s_coll_haFastLatin[548] = {
	0x205, 0xc40, 0xde0, 0xe80, 0xea8, 0x418, 0x0, 0x0, 0x0, 0x0, 0x0, 0x0,
	0x0, 0x0, 0xc00, 0xc08, 0xc10, 0xc18, 0xc20, 0x0, 0x0, 0x0, 0x0, 0x0,
	0x0, 0x0, 0x0, 0x0, 0x0, 0x0, 0x0, 0x0, 0x0, 0x0, 0x0, 0x0,
	0x0, 0xc40, 0xca8, 0xcf0, 0xd78, 0xe98, 0xd80, 0xd70, 0x41a, 0xd08, 0xd10, 0xd58,
	0xe30, 0xc90, 0xc60, 0xcd0, 0xd60, 0x10a8, 0x14a8, 0x18a8, 0x1ca8, 0x20a8, 0x24a8, 0x28a8,
	0x2ca8, 0x30a8, 0x34a8, 0xca0, 0xc98, 0xe50, 0xe58, 0xe60, 0xcb8, 0xd50, 0x38b9, 0x3cb9,
	0x40b9, 0x44b9, 0x48ba, 0x4cb9, 0x50b9, 0x54b9, 0x58ba, 0x60ba, 0x64b9, 0x68b9, 0x6cb9, 0x70ba,
	0x78b9, 0x7cb9, 0x80b9, 0x88b9, 0x42c, 0x436, 0xa0b9, 0xa4b9, 0xa8b9, 0xacb9, 0xb0b9, 0xb8b9,
	0xd18, 0xd68, 0xd20, 0xdf8, 0xc50, 0xde8, 0x38a8, 0x3ca8, 0x40a8, 0x44a8, 0x48a8, 0x4ca8,
	0x50a8, 0x54a8, 0x58a8, 0x60a8, 0x64a8, 0x68a8, 0x6ca8, 0x70a8, 0x78a8, 0x7ca8, 0x80a8, 0x88a8,
	0x44c, 0x452, 0xa0a8, 0xa4a8, 0xa8a8, 0xaca8, 0xb0a8, 0xb8a8, 0xd28, 0xe70, 0xd30, 0xe80,
	0x0, 0x0, 0x0, 0x0, 0x0, 0x0, 0xc28, 0x0, 0x0, 0x0, 0x0, 0x0,
	0x0, 0x0, 0x0, 0x0, 0x0, 0x0, 0x0, 0x0, 0x0, 0x0, 0x0, 0x0,
	0x0, 0x0, 0x0, 0x0, 0x0, 0x0, 0x0, 0x0, 0x0, 0xc42, 0xcb0, 0xe90,
	0xea0, 0xe88, 0xea8, 0xe78, 0xd40, 0xe08, 0xe20, 0x38aa, 0xcf8, 0xe68, 0x0, 0xe28,
	0xe00, 0xe18, 0xe38, 0x18a9, 0x1ca9, 0xdf0, 0x1, 0xd48, 0x1, 0xe10, 0x14a9, 0x78aa,
	0xd00, 0x1, 0x1, 0x1, 0xcc0, 0x39b9, 0x3999, 0x39f9, 0x3a99, 0x3a59, 0x3a39, 0x800,
	0x42f9, 0x49ba, 0x499a, 0x49fa, 0x4a5a, 0x59ba, 0x599a, 0x59fa, 0x5a5a, 0x44d9, 0x729a, 0x79b9,
	0x7999, 0x79f9, 0x7a99, 0x7a59, 0xe48, 0x7ad9, 0xa1b9, 0xa199, 0xa1f9, 0xa259, 0xb199, 0xbcb9,
	0x802, 0x39a8, 0x3988, 0x39e8, 0x3a88, 0x3a48, 0x3a28, 0x804, 0x42e8, 0x49a8, 0x4988, 0x49e8,
	0x4a48, 0x59a8, 0x5988, 0x59e8, 0x5a48, 0x44c8, 0x7288, 0x79a8, 0x7988, 0x79e8, 0x7a88, 0x7a48,
	0xe40, 0x7ac8, 0xa1a8, 0xa188, 0xa1e8, 0xa248, 0xb188, 0xbca8, 0xb248, 0x3b39, 0x3b28, 0x39d9,
	0x39c8, 0x3b19, 0x3b08, 0x4199, 0x4188, 0x41f9, 0x41e8, 0x42b9, 0x42a8, 0x4219, 0x4208, 0x4619,
	0x4608, 0x4759, 0x4748, 0x4b3a, 0x4b28, 0x49da, 0x49c8, 0x4aba, 0x4aa8, 0x4b1a, 0x4b08, 0x4a1a,
	0x4a08, 0x51f9, 0x51e8, 0x51d9, 0x51c8, 0x52b9, 0x52a8, 0x52f9, 0x52e8, 0x55f9, 0x55e8, 0x5759,
	0x5748, 0x5a9a, 0x5a88, 0x5b3a, 0x5b28, 0x59da, 0x59c8, 0x5b1a, 0x5b08, 0x5aba, 0x5ca8, 0x806,
	0x808, 0x61fa, 0x61e8, 0x66f9, 0x66e8, 0x84a8, 0x6999, 0x6988, 0x6af9, 0x6ae8, 0x6a19, 0x6a08,
	0x6b79, 0x6b68, 0x6b59, 0x6b48, 0x719a, 0x7188, 0x72fa, 0x72e8, 0x721a, 0x7208, 0x80a, 0x74b9,
	0x74a8, 0x7b39, 0x7b28, 0x79d9, 0x79c8, 0x7a79, 0x7a68, 0x80c, 0x80e, 0x8999, 0x8988, 0x8af9,
	0x8ae8, 0x8a19, 0x8a08, 0x8d9a, 0x8d88, 0x8dfa, 0x8de8, 0x8efa, 0x8ee8, 0x8e1a, 0x8e08, 0x96f9,
	0x96e8, 0x9619, 0x9608, 0x9cb9, 0x9ca8, 0xa299, 0xa288, 0xa339, 0xa328, 0xa1d9, 0xa1c8, 0xa239,
	0xa228, 0xa279, 0xa268, 0xa319, 0xa308, 0xa9f9, 0xa9e8, 0xb1f9, 0xb1e8, 0xb259, 0xb999, 0xb988,
	0xbab9, 0xbaa8, 0xba19, 0xba08, 0x8ce8, 0xc41, 0xc41, 0xc41, 0xc41, 0xc41, 0xc41, 0xc41,
	0xc42, 0xc41, 0xc41, 0xc41, 0x0, 0x0, 0x0, 0x0, 0x0, 0xc68, 0xc69, 0xc70,
	0xc78, 0xc80, 0xc88, 0xd38, 0xc58, 0x1, 0x1, 0x1, 0x1, 0x1, 0x1, 0x1,
	0x1, 0xd98, 0xda0, 0xda8, 0xdb0, 0xcd1, 0x810, 0x1, 0xdb8, 0xc30, 0xc38, 0x0,
	0x0, 0x0, 0x0, 0x0, 0xc42, 0xd88, 0xd90, 0xdc0, 0x812, 0x1, 0xdc8, 0x814,
	0x1, 0xdd0, 0xce0, 0xce8, 0xdd8, 0x816, 0xcc8, 0xc48, 0xde0, 0x38d9, 0x48bb, 0x8cc8,
	0x8ca9, 0x38c8, 0x48a9, 0x58bb, 0x60bb, 0x58a9, 0x60a9, 0xc0a9, 0x70a9, 0x78d9, 0x48bb, 0x78c8,
	0x48a9, 0xcd1, 0xcd1, 0xdc1, 0xdc1, 0xdc9, 0xdc9, 0xca9, 0xca9, 0x5ff, 0x0, 0x5ff,
	0xcd8, 0x459, 0xb4b2, 0x479, 0xb4a9, 0x4dd, 0xb592, 0x4fd, 0xb589, 0x4ff, 0xb649, 0x576,
	0xb5f2, 0x577, 0xb5e9, 0x578, 0xb652, 0x5ff, 0x8cba, 0x448, 0x90ba, 0x468, 0x90b1, 0x524,
	0x91fa, 0x525, 0x91f1, 0x5ff, 0x94b9, 0x453, 0x98ba, 0x473, 0x98b1, 0x55a, 0x999a, 0x55b,
	0x9991, 0x55c, 0x99fa, 0x55d, 0x99f1, 0x55e, 0x9afa, 0x55f, 0x9af1, 0x560, 0x9a1a, 0x561,
	0x9a11, 0x5ff, 0x8ca8, 0x468, 0x90a8, 0x525, 0x91e8, 0x5ff, 0x94a8, 0x473, 0x98a8, 0x55b,
	0x9988, 0x55d, 0x99e8, 0x55f, 0x9ae8, 0x561, 0x9a08, 0x1ff
};

static constexpr uint16_t s_coll_haFastLatinPrimaries[384] = {
	0x0, 0x0, 0x0, 0x0, 0x0, 0x0, 0x0, 0x0, 0x0, 0xc00, 0xc08, 0xc10,
	0xc18, 0xc20, 0x0, 0x0, 0x0, 0x0, 0x0, 0x0, 0x0, 0x0, 0x0, 0x0,
	0x0, 0x0, 0x0, 0x0, 0x0, 0x0, 0x0, 0x0, 0xc40, 0xca8, 0xcf0, 0xd78,
	0xe98, 0xd80, 0xd70, 0x0, 0xd08, 0xd10, 0xd58, 0xe30, 0xc90, 0xc60, 0xcd0, 0xd60,
	0x1000, 0x1400, 0x1800, 0x1c00, 0x2000, 0x2400, 0x2800, 0x2c00, 0x3000, 0x3400, 0xca0, 0xc98,
	0xe50, 0xe58, 0xe60, 0xcb8, 0xd50, 0x3800, 0x3c00, 0x4000, 0x4400, 0x4800, 0x4c00, 0x5000,
	0x5400, 0x5800, 0x6000, 0x6400, 0x6800, 0x6c00, 0x7000, 0x7800, 0x7c00, 0x8000, 0x8800, 0x0,
	0x0, 0xa000, 0xa400, 0xa800, 0xac00, 0xb000, 0xb800, 0xd18, 0xd68, 0xd20, 0xdf8, 0xc50,
	0xde8, 0x3800, 0x3c00, 0x4000, 0x4400, 0x4800, 0x4c00, 0x5000, 0x5400, 0x5800, 0x6000, 0x6400,
	0x6800, 0x6c00, 0x7000, 0x7800, 0x7c00, 0x8000, 0x8800, 0x0, 0x0, 0xa000, 0xa400, 0xa800,
	0xac00, 0xb000, 0xb800, 0xd28, 0xe70, 0xd30, 0xe80, 0x0, 0x0, 0x0, 0x0, 0x0,
	0x0, 0xc28, 0x0, 0x0, 0x0, 0x0, 0x0, 0x0, 0x0, 0x0, 0x0, 0x0,
	0x0, 0x0, 0x0, 0x0, 0x0, 0x0, 0x0, 0x0, 0x0, 0x0, 0x0, 0x0,
	0x0, 0x0, 0x0, 0x0, 0xc40, 0xcb0, 0xe90, 0xea0, 0xe88, 0xea8, 0xe78, 0xd40,
	0xe08, 0xe20, 0x3800, 0xcf8, 0xe68, 0x0, 0xe28, 0xe00, 0xe18, 0xe38, 0x1800, 0x1c00,
	0xdf0, 0x0, 0xd48, 0x0, 0xe10, 0x1400, 0x7800, 0xd00, 0x0, 0x0, 0x0, 0xcc0,
	0x3800, 0x3800, 0x3800, 0x3800, 0x3800, 0x3800, 0x0, 0x4000, 0x4800, 0x4800, 0x4800, 0x4800,
	0x5800, 0x5800, 0x5800, 0x5800, 0x4400, 0x7000, 0x7800, 0x7800, 0x7800, 0x7800, 0x7800, 0xe48,
	0x7800, 0xa000, 0xa000, 0xa000, 0xa000, 0xb000, 0xbc00, 0x0, 0x3800, 0x3800, 0x3800, 0x3800,
	0x3800, 0x3800, 0x0, 0x4000, 0x4800, 0x4800, 0x4800, 0x4800, 0x5800, 0x5800, 0x5800, 0x5800,
	0x4400, 0x7000, 0x7800, 0x7800, 0x7800, 0x7800, 0x7800, 0xe40, 0x7800, 0xa000, 0xa000, 0xa000,
	0xa000, 0xb000, 0xbc00, 0xb000, 0x3800, 0x3800, 0x3800, 0x3800, 0x3800, 0x3800, 0x4000, 0x4000,
	0x4000, 0x4000, 0x4000, 0x4000, 0x4000, 0x4000, 0x4400, 0x4400, 0x4400, 0x4400, 0x4800, 0x4800,
	0x4800, 0x4800, 0x4800, 0x4800, 0x4800, 0x4800, 0x4800, 0x4800, 0x5000, 0x5000, 0x5000, 0x5000,
	0x5000, 0x5000, 0x5000, 0x5000, 0x5400, 0x5400, 0x5400, 0x5400, 0x5800, 0x5800, 0x5800, 0x5800,
	0x5800, 0x5800, 0x5800, 0x5800, 0x5800, 0x5c00, 0x0, 0x0, 0x6000, 0x6000, 0x6400, 0x6400,
	0x8400, 0x6800, 0x6800, 0x6800, 0x6800, 0x6800, 0x6800, 0x6800, 0x6800, 0x6800, 0x6800, 0x7000,
	0x7000, 0x7000, 0x7000, 0x7000, 0x7000, 0x0, 0x7400, 0x7400, 0x7800, 0x7800, 0x7800, 0x7800,
	0x7800, 0x7800, 0x0, 0x0, 0x8800, 0x8800, 0x8800, 0x8800, 0x8800, 0x8800, 0x8c00, 0x8c00,
	0x8c00, 0x8c00, 0x8c00, 0x8c00, 0x8c00, 0x8c00, 0x9400, 0x9400, 0x9400, 0x9400, 0x9c00, 0x9c00,
	0xa000, 0xa000, 0xa000, 0xa000, 0xa000, 0xa000, 0xa000, 0xa000, 0xa000, 0xa000, 0xa000, 0xa000,
	0xa800, 0xa800, 0xb000, 0xb000, 0xb000, 0xb800, 0xb800, 0xb800, 0xb800, 0xb800, 0xb800, 0x8c00
};

static constexpr int32_t s_coll_haFastLatinMiniVarTop = 0xbff;

static constexpr uint32_t s_coll_haNumericPrimary = 0x10000000;
static constexpr int32_t s_coll_haOptions = 0x2010;
static constexpr int32_t s_coll_haJamoCe32sStart = -1;

static constexpr uint32_t s_coll_haUnsafeBwd[884] = {
	0x34, 0x35, 0x48, 0x49, 0x4c, 0x4d, 0x53, 0x54, 0x59, 0x5a, 0x68, 0x69,
	0x73, 0x74, 0x79, 0x7a, 0xa0, 0xa1, 0xdd, 0xde, 0xfd, 0xfe, 0xff, 0x100,
	0x124, 0x126, 0x15a, 0x162, 0x176, 0x179, 0x218, 0x21a, 0x21e, 0x220, 0x232, 0x234,
	0x300, 0x34f, 0x350, 0x370, 0x3a9, 0x3aa, 0x3e2, 0x3e3, 0x42f, 0x430, 0x483, 0x488,
	0x531, 0x532, 0x591, 0x5be, 0x5bf, 0x5c0, 0x5c1, 0x5c3, 0x5c4, 0x5c6, 0x5c7, 0x5c8,
	0x5d0, 0x5d1, 0x610, 0x61b, 0x628, 0x629, 0x64b, 0x660, 0x670, 0x671, 0x6d6, 0x6dd,
	0x6df, 0x6e5, 0x6e7, 0x6e9, 0x6ea, 0x6ee, 0x710, 0x712, 0x730, 0x74b, 0x78c, 0x78d,
	0x7ca, 0x7cb, 0x7eb, 0x7f4, 0x7fd, 0x7fe, 0x800, 0x801, 0x816, 0x81a, 0x81b, 0x824,
	0x825, 0x828, 0x829, 0x82e, 0x840, 0x841, 0x859, 0x85c, 0x897, 0x8a0, 0x8ca, 0x8e2,
	0x8e3, 0x900, 0x905, 0x906, 0x93c, 0x93d, 0x94d, 0x94e, 0x951, 0x955, 0x995, 0x996,
	0x9bc, 0x9bd, 0x9be, 0x9bf, 0x9cd, 0x9ce, 0x9d7, 0x9d8, 0x9fe, 0x9ff, 0xa15, 0xa16,
	0xa3c, 0xa3d, 0xa4d, 0xa4e, 0xa95, 0xa96, 0xabc, 0xabd, 0xacd, 0xace, 0xb15, 0xb16,
	0xb3c, 0xb3d, 0xb3e, 0xb3f, 0xb4d, 0xb4e, 0xb56, 0xb58, 0xb95, 0xb96, 0xbbe, 0xbbf,
	0xbcd, 0xbce, 0xbd7, 0xbd8, 0xc15, 0xc16, 0xc3c, 0xc3d, 0xc4d, 0xc4e, 0xc55, 0xc57,
	0xc95, 0xc96, 0xcbc, 0xcbd, 0xcc2, 0xcc3, 0xccd, 0xcce, 0xcd5, 0xcd7, 0xd15, 0xd16,
	0xd3b, 0xd3d, 0xd3e, 0xd3f, 0xd4d, 0xd4e, 0xd57, 0xd58, 0xd85, 0xd86, 0xdca, 0xdcb,
	0xdcf, 0xdd0, 0xddf, 0xde0, 0xe01, 0xe2f, 0xe32, 0xe33, 0xe38, 0xe3b, 0xe48, 0xe4c,
	0xe81, 0xe83, 0xe84, 0xe85, 0xe86, 0xe8b, 0xe8c, 0xea4, 0xea5, 0xea6, 0xea7, 0xeaf,
	0xeb2, 0xeb3, 0xeb8, 0xebb, 0xec8, 0xecc, 0xedc, 0xee0, 0xf18, 0xf1a, 0xf35, 0xf36,
	0xf37, 0xf38, 0xf39, 0xf3a, 0xf40, 0xf41, 0xf71, 0xf76, 0xf7a, 0xf7e, 0xf80, 0xf85,
	0xf86, 0xf88, 0xfc6, 0xfc7, 0x1000, 0x1001, 0x102e, 0x102f, 0x1037, 0x1038, 0x1039, 0x103b,
	0x108d, 0x108e, 0x10d3, 0x10d4, 0x12a0, 0x12a1, 0x135d, 0x1360, 0x13c4, 0x13c5, 0x14c0, 0x14c1,
	0x168f, 0x1690, 0x16a0, 0x16a1, 0x1703, 0x1704, 0x1714, 0x1716, 0x1723, 0x1724, 0x1734, 0x1735,
	0x1743, 0x1744, 0x1763, 0x1764, 0x1780, 0x1781, 0x17d2, 0x17d3, 0x17dd, 0x17de, 0x1826, 0x1827,
	0x18a9, 0x18aa, 0x1900, 0x1901, 0x1939, 0x193c, 0x1950, 0x1951, 0x1980, 0x19ac, 0x1a00, 0x1a01,
	0x1a17, 0x1a19, 0x1a20, 0x1a21, 0x1a60, 0x1a61, 0x1a75, 0x1a7d, 0x1a7f, 0x1a80, 0x1ab0, 0x1abe,
	0x1abf, 0x1ade, 0x1ae0, 0x1aec, 0x1b05, 0x1b06, 0x1b34, 0x1b36, 0x1b44, 0x1b45, 0x1b6b, 0x1b74,
	0x1b83, 0x1b84, 0x1baa, 0x1bac, 0x1bc0, 0x1bc1, 0x1be6, 0x1be7, 0x1bf2, 0x1bf4, 0x1c00, 0x1c01,
	0x1c37, 0x1c38, 0x1c5a, 0x1c5b, 0x1cd0, 0x1cd3, 0x1cd4, 0x1ce1, 0x1ce2, 0x1ce9, 0x1ced, 0x1cee,
	0x1cf4, 0x1cf5, 0x1cf8, 0x1cfa, 0x1dc0, 0x1e00, 0x1e22, 0x1e2c, 0x1e60, 0x1e6a, 0x1e8e, 0x1e90,
	0x1e96, 0x1e97, 0x1e99, 0x1e9a, 0x1ef2, 0x1efa, 0x201c, 0x201d, 0x20ac, 0x20ad, 0x20d0, 0x20dd,
	0x20e1, 0x20e2, 0x20e5, 0x20f1, 0x263a, 0x263b, 0x2c00, 0x2c01, 0x2cef, 0x2cf2, 0x2d30, 0x2d31,
	0x2d7f, 0x2d80, 0x2de0, 0x2e00, 0x302a, 0x3030, 0x304b, 0x304c, 0x3099, 0x309b, 0x30ab, 0x30ac,
	0x3105, 0x3106, 0x5b57, 0x5b58, 0xa288, 0xa289, 0xa4d0, 0xa4d1, 0xa549, 0xa54a, 0xa66f, 0xa670,
	0xa674, 0xa67e, 0xa69e, 0xa6a1, 0xa6f0, 0xa6f2, 0xa800, 0xa801, 0xa806, 0xa807, 0xa82c, 0xa82d,
	0xa840, 0xa841, 0xa882, 0xa883, 0xa8c4, 0xa8c5, 0xa8e0, 0xa8f2, 0xa90a, 0xa90b, 0xa92b, 0xa92e,
	0xa930, 0xa931, 0xa953, 0xa954, 0xa984, 0xa985, 0xa9b3, 0xa9b4, 0xa9c0, 0xa9c1, 0xaa00, 0xaa01,
	0xaa80, 0xaab1, 0xaab2, 0xaab5, 0xaab7, 0xaab9, 0xaabe, 0xaac0, 0xaac1, 0xaac2, 0xaaf6, 0xaaf7,
	0xabc0, 0xabc1, 0xabed, 0xabee, 0xac00, 0xac01, 0xd800, 0xd809, 0xd80b, 0xd80d, 0xd811, 0xd812,
	0xd818, 0xd819, 0xd81a, 0xd81c, 0xd820, 0xd821, 0xd823, 0xd824, 0xd82c, 0xd82d, 0xd82f, 0xd830,
	0xd834, 0xd835, 0xd838, 0xd83b, 0xdc00, 0xe000, 0xfb1e, 0xfb1f, 0xfdd0, 0xfdd1, 0xfe20, 0xfe30,
	0x10000, 0x10001, 0x101fd, 0x101fe, 0x10280, 0x10281, 0x102a0, 0x102a1, 0x102e0, 0x102e1, 0x10300, 0x10301,
	0x10330, 0x10331, 0x1036b, 0x1036c, 0x10376, 0x1037b, 0x10380, 0x10381, 0x103a0, 0x103a1, 0x10414, 0x10415,
	0x10450, 0x10451, 0x10480, 0x10481, 0x104b5, 0x104b6, 0x10500, 0x10501, 0x10537, 0x10538, 0x10582, 0x10583,
	0x105c2, 0x105c3, 0x10647, 0x10648, 0x10800, 0x10801, 0x10840, 0x10841, 0x10873, 0x10874, 0x10896, 0x10897,
	0x108f4, 0x108f5, 0x10900, 0x10901, 0x10920, 0x10921, 0x10950, 0x10951, 0x10980, 0x10981, 0x109a0, 0x109a1,
	0x10a00, 0x10a01, 0x10a0d, 0x10a0e, 0x10a0f, 0x10a10, 0x10a38, 0x10a3b, 0x10a3f, 0x10a40, 0x10a60, 0x10a61,
	0x10a95, 0x10a96, 0x10ad8, 0x10ad9, 0x10ae5, 0x10ae7, 0x10b00, 0x10b01, 0x10b40, 0x10b41, 0x10b60, 0x10b61,
	0x10b8f, 0x10b90, 0x10c00, 0x10c01, 0x10ca1, 0x10ca2, 0x10d12, 0x10d13, 0x10d24, 0x10d28, 0x10d5d, 0x10d5e,
	0x10d69, 0x10d6e, 0x10e88, 0x10e89, 0x10eab, 0x10ead, 0x10efa, 0x10efc, 0x10efd, 0x10f00, 0x10f19, 0x10f1a,
	0x10f42, 0x10f43, 0x10f46, 0x10f51, 0x10f7c, 0x10f7d, 0x10f82, 0x10f86, 0x10fbf, 0x10fc0, 0x10ff1, 0x10ff2,
	0x11005, 0x11006, 0x11046, 0x11047, 0x11070, 0x11071, 0x1107f, 0x11080, 0x11083, 0x11084, 0x110b9, 0x110bb,
	0x110d0, 0x110d1, 0x11100, 0x11104, 0x11127, 0x11128, 0x11133, 0x11135, 0x11152, 0x11153, 0x11173, 0x11174,
	0x11183, 0x11184, 0x111c0, 0x111c1, 0x111ca, 0x111cb, 0x11208, 0x11209, 0x11235, 0x11237, 0x1128f, 0x11290,
	0x112be, 0x112bf, 0x112e9, 0x112eb, 0x11315, 0x11316, 0x1133b, 0x1133d, 0x1133e, 0x1133f, 0x1134d, 0x1134e,
	0x11357, 0x11358, 0x11366, 0x1136d, 0x11370, 0x11375, 0x11392, 0x11393, 0x113b8, 0x113b9, 0x113bb, 0x113bc,
	0x113c2, 0x113c3, 0x113c9, 0x113ca, 0x113ce, 0x113d1, 0x11412, 0x11413, 0x11442, 0x11443, 0x11446, 0x11447,
	0x1145e, 0x1145f, 0x11484, 0x11485, 0x114b0, 0x114b1, 0x114ba, 0x114bb, 0x114bd, 0x114be, 0x114c2, 0x114c4,
	0x1158e, 0x1158f, 0x115af, 0x115b0, 0x115bf, 0x115c1, 0x1160e, 0x1160f, 0x1163f, 0x11640, 0x11680, 0x11681,
	0x116b6, 0x116b8, 0x11717, 0x11718, 0x1172b, 0x1172c, 0x1180b, 0x1180c, 0x11839, 0x1183b, 0x118b4, 0x118b5,
	0x1190c, 0x1190d, 0x11930, 0x11931, 0x1193d, 0x1193f, 0x11943, 0x11944, 0x119ce, 0x119cf, 0x119e0, 0x119e1,
	0x11a0b, 0x11a0c, 0x11a34, 0x11a35, 0x11a47, 0x11a48, 0x11a5c, 0x11a5d, 0x11a99, 0x11a9a, 0x11ac0, 0x11ac1,
	0x11bc4, 0x11bc5, 0x11c0e, 0x11c0f, 0x11c3f, 0x11c40, 0x11c72, 0x11c73, 0x11d10, 0x11d11, 0x11d42, 0x11d43,
	0x11d44, 0x11d46, 0x11d71, 0x11d72, 0x11d97, 0x11d98, 0x11dc6, 0x11dc7, 0x11ee5, 0x11ee6, 0x11f1b, 0x11f1c,
	0x11f41, 0x11f43, 0x12000, 0x12001, 0x12fe5, 0x12fe6, 0x13153, 0x13154, 0x14400, 0x14401, 0x1611c, 0x1611d,
	0x1611e, 0x16121, 0x16123, 0x16126, 0x16129, 0x1612a, 0x1612f, 0x16130, 0x16a4f, 0x16a50, 0x16abc, 0x16abd,
	0x16ae6, 0x16ae7, 0x16af0, 0x16af5, 0x16b1c, 0x16b1d, 0x16b30, 0x16b37, 0x16d45, 0x16d46, 0x16d67, 0x16d69,
	0x16e40, 0x16e41, 0x16ea1, 0x16ea2, 0x16f00, 0x16f01, 0x16ff0, 0x16ff2, 0x18229, 0x1822a, 0x18c65, 0x18c66,
	0x1b1c4, 0x1b1c5, 0x1bc20, 0x1bc21, 0x1bc9e, 0x1bc9f, 0x1d165, 0x1d16a, 0x1d16d, 0x1d173, 0x1d17b, 0x1d183,
	0x1d185, 0x1d18c, 0x1d1aa, 0x1d1ae, 0x1d242, 0x1d245, 0x1e000, 0x1e007, 0x1e008, 0x1e019, 0x1e01b, 0x1e022,
	0x1e023, 0x1e025, 0x1e026, 0x1e02b, 0x1e08f, 0x1e090, 0x1e108, 0x1e109, 0x1e130, 0x1e137, 0x1e290, 0x1e291,
	0x1e2ae, 0x1e2af, 0x1e2e1, 0x1e2e2, 0x1e2ec, 0x1e2f0, 0x1e4e6, 0x1e4e7, 0x1e4ec, 0x1e4f0, 0x1e5d0, 0x1e5d1,
	0x1e5ee, 0x1e5f0, 0x1e6d5, 0x1e6d6, 0x1e6e3, 0x1e6e4, 0x1e6e6, 0x1e6e7, 0x1e6ee, 0x1e6f0, 0x1e6f5, 0x1e6f6,
	0x1e802, 0x1e803, 0x1e8d0, 0x1e8d7, 0x1e909, 0x1e90a, 0x1e944, 0x1e94b
};

static constexpr int32_t s_coll_haUnsafeBwdLength = 884;

static constexpr uint16_t s_coll_hawTrieIndex[2112] = {
	0x0, 0x8, 0x10, 0x18, 0x30, 0x38, 0x40, 0x48, 0x50, 0x58, 0x5d, 0x65, 0x6a, 0x72, 0x77, 0x7f,
	0x86, 0x8e, 0x30, 0x38, 0x93, 0x9b, 0x30, 0x38, 0x30, 0x38, 0x30, 0x38, 0x30, 0x38, 0x30, 0x38,
	0x30, 0x38, 0x30, 0x38, 0x30, 0x38, 0x30, 0x38, 0x30, 0x38, 0x30, 0x38, 0x30, 0x38, 0x30, 0x38,
	0x30, 0x38, 0x30, 0x38, 0x30, 0x38, 0x30, 0x38, 0x30, 0x38, 0x30, 0x38, 0x30, 0x38, 0x30, 0x38,
	0x30, 0x30, 0x30, 0x30, 0x30, 0x30, 0x30, 0x30, 0x30, 0x30, 0x30, 0x30, 0x30, 0x30, 0x30, 0x30,
	0x30, 0x30, 0x30, 0x30, 0x30, 0x30, 0x30, 0x30, 0x30, 0x30, 0x30, 0x30, 0x30, 0x30, 0x30, 0x30,
	0x30, 0x30, 0x30, 0x30, 0x30, 0x30, 0x30, 0x30, 0x30, 0x30, 0x30, 0x30, 0x30, 0x30, 0x30, 0x30,
	0x30, 0x30, 0x30, 0x30, 0x30, 0x30, 0x30, 0x30, 0x30, 0x30, 0x30, 0x30, 0x30, 0x30, 0x30, 0x30,
	0x30, 0x30, 0x30, 0x30, 0x30, 0x30, 0x30, 0x30, 0x30, 0x30, 0x30, 0x30, 0x30, 0x30, 0x30, 0x30,
	0x30, 0x30, 0x30, 0x30, 0x30, 0x30, 0x30, 0x30, 0x30, 0x30, 0x30, 0x30, 0x30, 0x30, 0x30, 0x30,
	0x30, 0x30, 0x30, 0x30, 0x30, 0x30, 0x30, 0x30, 0x30, 0x30, 0x30, 0x30, 0x30, 0x30, 0x30, 0x30,
	0x30, 0x30, 0x30, 0x30, 0x30, 0x30, 0x30, 0x30, 0x30, 0x30, 0x30, 0x30, 0x30, 0x30, 0x30, 0x30,
	0x30, 0x30, 0x30, 0x30, 0x30, 0x30, 0x30, 0x30, 0x30, 0x30, 0x30, 0x30, 0x30, 0x30, 0x30, 0x30,
	0x30, 0x30, 0x30, 0x30, 0x30, 0x30, 0x30, 0x30, 0x30, 0x30, 0x30, 0x30, 0x30, 0x30, 0x30, 0x30,
	0x30, 0x30, 0x30, 0x30, 0x30, 0x30, 0x30, 0x30, 0x30, 0x30, 0x30, 0x30, 0x30, 0x30, 0x30, 0x30,
	0xae, 0xb6, 0xbb, 0xc0, 0x30, 0xc7, 0xcf, 0xd7, 0x30, 0x30, 0x30, 0x30, 0x30, 0x30, 0x30, 0x30,
	0x30, 0x30, 0x30, 0x30, 0x30, 0x30, 0x30, 0x30, 0x30, 0x30, 0x30, 0x30, 0x30, 0x30, 0x30, 0x30,
	0x30, 0x30, 0x30, 0x30, 0x30, 0x30, 0x30, 0x30, 0x30, 0x30, 0x30, 0x30, 0x30, 0x30, 0x30, 0x30,
	0x30, 0x30, 0x30, 0x30, 0x30, 0x30, 0x30, 0x30, 0x30, 0x30, 0x30, 0x30, 0x30, 0x30, 0x30, 0x30,
	0x30, 0x30, 0x30, 0x30, 0x30, 0x30, 0x30, 0x30, 0x30, 0x30, 0x30, 0x30, 0x30, 0x30, 0x30, 0x30,
	0x30, 0x30, 0x30, 0x30, 0x30, 0x30, 0x30, 0x30, 0x30, 0x30, 0x30, 0x30, 0x30, 0x30, 0x30, 0x30,
	0x30, 0x30, 0x30, 0x30, 0x30, 0x30, 0x30, 0x30, 0x30, 0x30, 0x30, 0x30, 0x30, 0x30, 0x30, 0x30,
	0x30, 0x30, 0x30, 0x30, 0x30, 0x30, 0x30, 0x30, 0x30, 0x30, 0x30, 0x30, 0x30, 0x30, 0x30, 0x30,
	0x30, 0x30, 0x30, 0x30, 0x30, 0x30, 0x30, 0x30, 0x30, 0x30, 0x30, 0x30, 0x30, 0x30, 0x30, 0x30,
	0x30, 0x30, 0x30, 0x30, 0x30, 0x30, 0x30, 0x30, 0x30, 0x30, 0x30, 0x30, 0x30, 0x30, 0x30, 0x30,
	0x30, 0x30, 0x30, 0x30, 0x30, 0x30, 0x30, 0x30, 0x30, 0x30, 0x30, 0x30, 0x30, 0x30, 0x30, 0x30,
	0x30, 0x30, 0x30, 0x30, 0x30, 0x30, 0x30, 0x30, 0x30, 0x30, 0x30, 0x30, 0x30, 0x30, 0x30, 0x30,
	0x30, 0x30, 0x30, 0x30, 0x30, 0x30, 0x30, 0x30, 0x30, 0x30, 0x30, 0x30, 0x30, 0x30, 0x30, 0x30,
	0x30, 0x30, 0x30, 0x30, 0x30, 0x30, 0x30, 0x30, 0x30, 0x30, 0x30, 0x30, 0x30, 0x30, 0x30, 0x30,
	0x30, 0x30, 0x30, 0x30, 0x30, 0x30, 0x30, 0x30, 0x30, 0x30, 0x30, 0x30, 0x30, 0x30, 0x30, 0x30,
	0x30, 0x30, 0x30, 0x30, 0x30, 0x30, 0x30, 0x30, 0x30, 0x30, 0x30, 0x30, 0x30, 0x30, 0x30, 0x30,
	0x30, 0x30, 0x30, 0x30, 0x30, 0x30, 0x30, 0x30, 0x30, 0x30, 0x30, 0x30, 0x30, 0x30, 0x30, 0x30,
	0x30, 0x30, 0x30, 0x30, 0x30, 0x30, 0x30, 0x30, 0x30, 0x30, 0x30, 0x30, 0x30, 0x30, 0x30, 0x30,
	0x30, 0x30, 0x30, 0x30, 0x30, 0x30, 0x30, 0x30, 0x30, 0x30, 0x30, 0x30, 0x30, 0x30, 0x30, 0x30,
	0x30, 0x30, 0x30, 0x30, 0x30, 0x30, 0x30, 0x30, 0x30, 0x30, 0x30, 0x30, 0x30, 0x30, 0x30, 0x30,
	0x30, 0x30, 0x30, 0x30, 0x30, 0x30, 0x30, 0x30, 0x30, 0x30, 0x30, 0x30, 0x30, 0x30, 0x30, 0x30,
	0x30, 0x30, 0x30, 0x30, 0x30, 0x30, 0x30, 0x30, 0x30, 0x30, 0x30, 0x30, 0x30, 0x30, 0x30, 0x30,
	0x30, 0x30, 0x30, 0x30, 0x30, 0x30, 0x30, 0x30, 0x30, 0x30, 0x30, 0x30, 0x30, 0x30, 0x30, 0x30,
	0x30, 0x30, 0x30, 0x30, 0x30, 0x30, 0x30, 0x30, 0x30, 0x30, 0x30, 0x30, 0x30, 0x30, 0x30, 0x30,
	0x30, 0x30, 0x30, 0x30, 0x30, 0x30, 0x30, 0x30, 0x30, 0x30, 0x30, 0x30, 0x30, 0x30, 0x30, 0x30,
	0x30, 0x30, 0x30, 0x30, 0x30, 0x30, 0x30, 0x30, 0x30, 0x30, 0x30, 0x30, 0x30, 0x30, 0x30, 0x30,
	0x30, 0x30, 0x30, 0x30, 0x30, 0x30, 0x30, 0x30, 0x30, 0x30, 0x30, 0x30, 0x30, 0x30, 0x30, 0x30,
	0x30, 0x30, 0x30, 0x30, 0x30, 0x30, 0x30, 0x30, 0x30, 0x30, 0x30, 0x30, 0x30, 0x30, 0x30, 0x30,
	0x30, 0x30, 0x30, 0x30, 0x30, 0x30, 0x30, 0x30, 0x30, 0x30, 0x30, 0x30, 0x30, 0x30, 0x30, 0x30,
	0x30, 0x30, 0x30, 0x30, 0x30, 0x30, 0x30, 0x30, 0x30, 0x30, 0x30, 0x30, 0x30, 0x30, 0x30, 0x30,
	0x30, 0x30, 0x30, 0x30, 0x30, 0x30, 0x30, 0x30, 0x30, 0x30, 0x30, 0x30, 0x30, 0x30, 0x30, 0x30,
	0x30, 0x30, 0x30, 0x30, 0x30, 0x30, 0x30, 0x30, 0x30, 0x30, 0x30, 0x30, 0x30, 0x30, 0x30, 0x30,
	0x30, 0x30, 0x30, 0x30, 0x30, 0x30, 0x30, 0x30, 0x30, 0x30, 0x30, 0x30, 0x30, 0x30, 0x30, 0x30,
	0x30, 0x30, 0x30, 0x30, 0x30, 0x30, 0x30, 0x30, 0x30, 0x30, 0x30, 0x30, 0x30, 0x30, 0x30, 0x30,
	0x30, 0x30, 0x30, 0x30, 0x30, 0x30, 0x30, 0x30, 0x30, 0x30, 0x30, 0x30, 0x30, 0x30, 0x30, 0x30,
	0x30, 0x30, 0x30, 0x30, 0x30, 0x30, 0x30, 0x30, 0x30, 0x30, 0x30, 0x30, 0x30, 0x30, 0x30, 0x30,
	0x30, 0x30, 0x30, 0x30, 0x30, 0x30, 0x30, 0x30, 0x30, 0x30, 0x30, 0x30, 0x30, 0x30, 0x30, 0x30,
	0x30, 0x30, 0x30, 0x30, 0x30, 0x30, 0x30, 0x30, 0x30, 0x30, 0x30, 0x30, 0x30, 0x30, 0x30, 0x30,
	0x30, 0x30, 0x30, 0x30, 0x30, 0x30, 0x30, 0x30, 0x30, 0x30, 0x30, 0x30, 0x30, 0x30, 0x30, 0x30,
	0x30, 0x30, 0x30, 0x30, 0x30, 0x30, 0x30, 0x30, 0x30, 0x30, 0x30, 0x30, 0x30, 0x30, 0x30, 0x30,
	0x30, 0x30, 0x30, 0x30, 0x30, 0x30, 0x30, 0x30, 0x30, 0x30, 0x30, 0x30, 0x30, 0x30, 0x30, 0x30,
	0x30, 0x30, 0x30, 0x30, 0x30, 0x30, 0x30, 0x30, 0x30, 0x30, 0x30, 0x30, 0x30, 0x30, 0x30, 0x30,
	0x30, 0x30, 0x30, 0x30, 0x30, 0x30, 0x30, 0x30, 0x30, 0x30, 0x30, 0x30, 0x30, 0x30, 0x30, 0x30,
	0x30, 0x30, 0x30, 0x30, 0x30, 0x30, 0x30, 0x30, 0x30, 0x30, 0x30, 0x30, 0x30, 0x30, 0x30, 0x30,
	0x30, 0x30, 0x30, 0x30, 0x30, 0x30, 0x30, 0x30, 0x30, 0x30, 0x30, 0x30, 0x30, 0x30, 0x30, 0x30,
	0x30, 0x30, 0x30, 0x30, 0x30, 0x30, 0x30, 0x30, 0x30, 0x30, 0x30, 0x30, 0x30, 0x30, 0x30, 0x30,
	0x30, 0x30, 0x30, 0x30, 0x30, 0x30, 0x30, 0x30, 0x30, 0x30, 0x30, 0x30, 0x30, 0x30, 0x30, 0x30,
	0x30, 0x30, 0x30, 0x30, 0x30, 0x30, 0x30, 0x30, 0x30, 0x30, 0x30, 0x30, 0x30, 0x30, 0x30, 0x30,
	0x30, 0x30, 0x30, 0x30, 0x30, 0x30, 0x30, 0x30, 0x30, 0x30, 0x30, 0x30, 0x30, 0x30, 0x30, 0x30,
	0x30, 0x30, 0x30, 0x30, 0x30, 0x30, 0x30, 0x30, 0x30, 0x30, 0x30, 0x30, 0x30, 0x30, 0x30, 0x30,
	0x30, 0x30, 0x30, 0x30, 0x30, 0x30, 0x30, 0x30, 0x30, 0x30, 0x30, 0x30, 0x30, 0x30, 0x30, 0x30,
	0x30, 0x30, 0x30, 0x30, 0x30, 0x30, 0x30, 0x30, 0x30, 0x30, 0x30, 0x30, 0x30, 0x30, 0x30, 0x30,
	0x30, 0x30, 0x30, 0x30, 0x30, 0x30, 0x30, 0x30, 0x30, 0x30, 0x30, 0x30, 0x30, 0x30, 0x30, 0x30,
	0x30, 0x30, 0x30, 0x30, 0x30, 0x30, 0x30, 0x30, 0x30, 0x30, 0x30, 0x30, 0x30, 0x30, 0x30, 0x30,
	0x30, 0x30, 0x30, 0x30, 0x30, 0x30, 0x30, 0x30, 0x30, 0x30, 0x30, 0x30, 0x30, 0x30, 0x30, 0x30,
	0x30, 0x30, 0x30, 0x30, 0x30, 0x30, 0x30, 0x30, 0x30, 0x30, 0x30, 0x30, 0x30, 0x30, 0x30, 0x30,
	0x30, 0x30, 0x30, 0x30, 0x30, 0x30, 0x30, 0x30, 0x30, 0x30, 0x30, 0x30, 0x30, 0x30, 0x30, 0x30,
	0x30, 0x30, 0x30, 0x30, 0x30, 0x30, 0x30, 0x30, 0x30, 0x30, 0x30, 0x30, 0x30, 0x30, 0x30, 0x30,
	0x30, 0x30, 0x30, 0x30, 0x30, 0x30, 0x30, 0x30, 0x30, 0x30, 0x30, 0x30, 0x30, 0x30, 0x30, 0x30,
	0x30, 0x30, 0x30, 0x30, 0x30, 0x30, 0x30, 0x30, 0x30, 0x30, 0x30, 0x30, 0x30, 0x30, 0x30, 0x30,
	0x30, 0x30, 0x30, 0x30, 0x30, 0x30, 0x30, 0x30, 0x30, 0x30, 0x30, 0x30, 0x30, 0x30, 0x30, 0x30,
	0x30, 0x30, 0x30, 0x30, 0x30, 0x30, 0x30, 0x30, 0x30, 0x30, 0x30, 0x30, 0x30, 0x30, 0x30, 0x30,
	0x30, 0x30, 0x30, 0x30, 0x30, 0x30, 0x30, 0x30, 0x30, 0x30, 0x30, 0x30, 0x30, 0x30, 0x30, 0x30,
	0x30, 0x30, 0x30, 0x30, 0x30, 0x30, 0x30, 0x30, 0x30, 0x30, 0x30, 0x30, 0x30, 0x30, 0x30, 0x30,
	0x30, 0x30, 0x30, 0x30, 0x30, 0x30, 0x30, 0x30, 0x30, 0x30, 0x30, 0x30, 0x30, 0x30, 0x30, 0x30,
	0x30, 0x30, 0x30, 0x30, 0x30, 0x30, 0x30, 0x30, 0x30, 0x30, 0x30, 0x30, 0x30, 0x30, 0x30, 0x30,
	0x30, 0x30, 0x30, 0x30, 0x30, 0x30, 0x30, 0x30, 0x30, 0x30, 0x30, 0x30, 0x30, 0x30, 0x30, 0x30,
	0x30, 0x30, 0x30, 0x30, 0x30, 0x30, 0x30, 0x30, 0x30, 0x30, 0x30, 0x30, 0x30, 0x30, 0x30, 0x30,
	0x30, 0x30, 0x30, 0x30, 0x30, 0x30, 0x30, 0x30, 0x30, 0x30, 0x30, 0x30, 0x30, 0x30, 0x30, 0x30,
	0x30, 0x30, 0x30, 0x30, 0x30, 0x30, 0x30, 0x30, 0x30, 0x30, 0x30, 0x30, 0x30, 0x30, 0x30, 0x30,
	0x30, 0x30, 0x30, 0x30, 0x30, 0x30, 0x30, 0x30, 0x30, 0x30, 0x30, 0x30, 0x30, 0x30, 0x30, 0x30,
	0xdf, 0xdf, 0xdf, 0xdf, 0xdf, 0xdf, 0xdf, 0xdf, 0xdf, 0xdf, 0xdf, 0xdf, 0xdf, 0xdf, 0xdf, 0xdf,
	0xdf, 0xdf, 0xdf, 0xdf, 0xdf, 0xdf, 0xdf, 0xdf, 0xdf, 0xdf, 0xdf, 0xdf, 0xdf, 0xdf, 0xdf, 0xdf,
	0xdf, 0xdf, 0xdf, 0xdf, 0xdf, 0xdf, 0xdf, 0xdf, 0xdf, 0xdf, 0xdf, 0xdf, 0xdf, 0xdf, 0xdf, 0xdf,
	0xdf, 0xdf, 0xdf, 0xdf, 0xdf, 0xdf, 0xdf, 0xdf, 0xdf, 0xdf, 0xdf, 0xdf, 0xdf, 0xdf, 0xdf, 0xdf,
	0xdf, 0xdf, 0xdf, 0xdf, 0xdf, 0xdf, 0xdf, 0xdf, 0xdf, 0xdf, 0xdf, 0xdf, 0xdf, 0xdf, 0xdf, 0xdf,
	0xdf, 0xdf, 0xdf, 0xdf, 0xdf, 0xdf, 0xdf, 0xdf, 0xdf, 0xdf, 0xdf, 0xdf, 0xdf, 0xdf, 0xdf, 0xdf,
	0xdf, 0xdf, 0xdf, 0xdf, 0xdf, 0xdf, 0xdf, 0xdf, 0xdf, 0xdf, 0xdf, 0xdf, 0xdf, 0xdf, 0xdf, 0xdf,
	0xdf, 0xdf, 0xdf, 0xdf, 0xdf, 0xdf, 0xdf, 0xdf, 0xdf, 0xdf, 0xdf, 0xdf, 0xdf, 0xdf, 0xdf, 0xdf,
	0xdf, 0xdf, 0xdf, 0xdf, 0xdf, 0xdf, 0xdf, 0xdf, 0xdf, 0xdf, 0xdf, 0xdf, 0xdf, 0xdf, 0xdf, 0xdf,
	0xdf, 0xdf, 0xdf, 0xdf, 0xdf, 0xdf, 0xdf, 0xdf, 0xdf, 0xdf, 0xdf, 0xdf, 0xdf, 0xdf, 0xdf, 0xdf,
	0xdf, 0xdf, 0xdf, 0xdf, 0xdf, 0xdf, 0xdf, 0xdf, 0xdf, 0xdf, 0xdf, 0xdf, 0xdf, 0xdf, 0xdf, 0xdf,
	0xdf, 0xdf, 0xdf, 0xdf, 0xdf, 0xdf, 0xdf, 0xdf, 0xdf, 0xdf, 0xdf, 0xdf, 0xdf, 0xdf, 0xdf, 0xdf,
	0xdf, 0xdf, 0xdf, 0xdf, 0xdf, 0xdf, 0xdf, 0xdf, 0xdf, 0xdf, 0xdf, 0xdf, 0xdf, 0xdf, 0xdf, 0xdf,
	0xdf, 0xdf, 0xdf, 0xdf, 0xdf, 0xdf, 0xdf, 0xdf, 0xdf, 0xdf, 0xdf, 0xdf, 0xdf, 0xdf, 0xdf, 0xdf,
	0xdf, 0xdf, 0xdf, 0xdf, 0xdf, 0xdf, 0xdf, 0xdf, 0xdf, 0xdf, 0xdf, 0xdf, 0xdf, 0xdf, 0xdf, 0xdf,
	0xdf, 0xdf, 0xdf, 0xdf, 0xdf, 0xdf, 0xdf, 0xdf, 0xdf, 0xdf, 0xdf, 0xdf, 0xdf, 0xdf, 0xdf, 0xdf,
	0xdf, 0xdf, 0xdf, 0xdf, 0xdf, 0xdf, 0xdf, 0xdf, 0xdf, 0xdf, 0xdf, 0xdf, 0xdf, 0xdf, 0xdf, 0xdf,
	0xdf, 0xdf, 0xdf, 0xdf, 0xdf, 0xdf, 0xdf, 0xdf, 0xdf, 0xdf, 0xdf, 0xdf, 0xdf, 0xdf, 0xdf, 0xdf,
	0xdf, 0xdf, 0xdf, 0xdf, 0xdf, 0xdf, 0xdf, 0xdf, 0xdf, 0xdf, 0xdf, 0xdf, 0xdf, 0xdf, 0xdf, 0xdf,
	0xdf, 0xdf, 0xdf, 0xdf, 0xdf, 0xdf, 0xdf, 0xdf, 0xdf, 0xdf, 0xdf, 0xdf, 0xdf, 0xdf, 0xdf, 0xdf,
	0xdf, 0xdf, 0xdf, 0xdf, 0xdf, 0xdf, 0xdf, 0xdf, 0xdf, 0xdf, 0xdf, 0xdf, 0xdf, 0xdf, 0xdf, 0xdf,
	0xdf, 0xdf, 0xdf, 0xdf, 0xdf, 0xdf, 0xdf, 0xdf, 0xdf, 0xdf, 0xdf, 0xdf, 0xdf, 0xab, 0x30, 0x30,
	0xa3, 0xa3, 0xa3, 0xa3, 0xa3, 0xa3, 0xa3, 0xa3, 0xa3, 0xa3, 0xa3, 0xa3, 0xa3, 0xa3, 0xa3, 0xa3,
	0xa3, 0xa3, 0xa3, 0xa3, 0xa3, 0xa3, 0xa3, 0xa3, 0xa3, 0xa3, 0xa3, 0xa3, 0xa3, 0xa3, 0xa3, 0xa3,
	0x30, 0x30, 0x30, 0x30, 0x30, 0x30, 0x30, 0x30, 0x30, 0x30, 0x30, 0x30, 0x30, 0x30, 0x30, 0x30,
	0x30, 0x30, 0x30, 0x30, 0x30, 0x30, 0x30, 0x30, 0x30, 0x30, 0x30, 0x30, 0x30, 0x30, 0x30, 0x30,
	0x30, 0x30, 0x30, 0x30, 0x30, 0x30, 0x30, 0x30, 0x30, 0x30, 0x30, 0x30, 0x30, 0x30, 0x30, 0x30,
	0x30, 0x30, 0x30, 0x30, 0x30, 0x30, 0x30, 0x30, 0x30, 0x30, 0x30, 0x30, 0x30, 0x30, 0x30, 0x30,
	0x30, 0x30, 0x30, 0x30, 0x30, 0x30, 0x30, 0x30, 0x30, 0x30, 0x30, 0x30, 0x30, 0x30, 0x30, 0x30,
	0x30, 0x30, 0x30, 0x30, 0x30, 0x30, 0x30, 0x30, 0x30, 0x30, 0x30, 0x30, 0x30, 0x30, 0x30, 0x30,
	0x30, 0x30, 0x30, 0x30, 0x30, 0x30, 0x30, 0x30, 0x30, 0x30, 0x30, 0x30, 0x30, 0x30, 0x30, 0x30,
	0x30, 0x30, 0x30, 0x30, 0x30, 0x30, 0x30, 0x30, 0x30, 0x30, 0x30, 0x30, 0x30, 0x30, 0x30, 0x30,
	0x30, 0x30, 0x30, 0x30, 0x30, 0x30, 0x30, 0x30, 0x30, 0x30, 0x30, 0x30, 0x30, 0x30, 0x30, 0x30,
	0x30, 0x30, 0x30, 0x30, 0x30, 0x30, 0x30, 0x30, 0x30, 0x30, 0x30, 0x30, 0x30, 0x30, 0x30, 0x30,
	0x30, 0x30, 0x30, 0x30, 0x30, 0x30, 0x30, 0x30, 0x30, 0x30, 0x30, 0x30, 0x30, 0x30, 0x30, 0x30,
	0x30, 0x30, 0x30, 0x30, 0x30, 0x30, 0x30, 0x30, 0x30, 0x30, 0x30, 0x30, 0x30, 0x30, 0x30, 0x30,
	0x30, 0x30, 0x30, 0x30, 0x30, 0x30, 0x30, 0x30, 0x30, 0x30, 0x30, 0x30, 0x30, 0x30, 0x30, 0x30,
	0x30, 0x30, 0x30, 0x30, 0x30, 0x30, 0x30, 0x30, 0x30, 0x30, 0x30, 0x30, 0x30, 0x30, 0x30, 0x30,
	0x30, 0x30, 0x30, 0x30, 0x30, 0x30, 0x30, 0x30, 0x30, 0x30, 0x30, 0x30, 0x30, 0x30, 0x30, 0x30,
	0x30, 0x30, 0x30, 0x30, 0x30, 0x30, 0x30, 0x30, 0x30, 0x30, 0x30, 0x30, 0x30, 0x30, 0x30, 0x30,
	0x30, 0x30, 0x30, 0x30, 0x30, 0x30, 0x30, 0x30, 0x30, 0x30, 0x30, 0x30, 0x30, 0x30, 0x30, 0x30,
	0x30, 0x30, 0x30, 0x30, 0x30, 0x30, 0x30, 0x30, 0x30, 0x30, 0x30, 0x30, 0x30, 0x30, 0x30, 0x30,
	0x30, 0x30, 0x30, 0x30, 0x30, 0x30, 0x30, 0x30, 0x30, 0x30, 0x30, 0x30, 0x30, 0x30, 0x30, 0x30,
	0x30, 0x30, 0x30, 0x30, 0x30, 0x30, 0x30, 0x30, 0x30, 0x30, 0x30, 0x30, 0x30, 0x30, 0x30, 0x30,
	0x80, 0x80, 0xc0, 0x100, 0x140, 0x174, 0x1a8, 0x1dc, 0x218, 0xc0, 0x24c, 0xc0, 0xc0, 0xc0, 0xc0, 0xc0,
	0xc0, 0xc0, 0xc0, 0xc0, 0xc0, 0xc0, 0xc0, 0xc0, 0xc0, 0xc0, 0xc0, 0xc0, 0xc0, 0xc0, 0xc0, 0xc0
};

static constexpr uint32_t s_coll_hawTrieData[928] = {
	0xcb, 0x0, 0x0, 0x0, 0x0, 0x0, 0x0, 0x0,
	0x0, 0x3040505, 0x3060505, 0x3080505, 0x30a0505, 0x30c0505, 0x0, 0x0,
	0x0, 0x0, 0x0, 0x0, 0x0, 0x0, 0x0, 0x0,
	0x0, 0x0, 0x0, 0x0, 0x0, 0x0, 0x0, 0x0,
	0x4000505, 0x75a0505, 0x9760505, 0xa940505, 0xda90505, 0xa960505, 0xa8e0505, 0x9700505,
	0x97c0505, 0x97e0505, 0xa7e0505, 0xc7b0505, 0x6000505, 0x50e0505, 0x8000505, 0xa880505,
	0x3ea0ca, 0x3ec1ca, 0x3ee2ca, 0x3f03ca, 0x3f24ca, 0x3f45ca, 0x3f66ca, 0x3f87ca,
	0x3fa8ca, 0x3fc9ca, 0x7360505, 0x72a0505, 0xc850505, 0xc870505, 0xc890505, 0x7640505,
	0xa7c0505, 0x2b00059c, 0x2d00059c, 0x2f00059c, 0x3100059c, 0x2c020586, 0x3500059c, 0x3700059c,
	0x3900059c, 0x2c030586, 0x3d00059c, 0x3f00059c, 0x4100059c, 0x4300059c, 0x4500059c, 0x2c040586,
	0x4900059c, 0x4b00059c, 0x4d00059c, 0x4f00059c, 0x5100059c, 0x2c050586, 0x5500059c, 0x570005a0,
	0x5900059c, 0x5b00059c, 0x5d00059c, 0x9800505, 0xa8a0505, 0x9820505, 0xc0a0505, 0x50a0505,
	0xc040505, 0x2b000505, 0x2d000505, 0x2f000505, 0x31000505, 0x2c020505, 0x35000505, 0x37000505,
	0x39000505, 0x2c030505, 0x3d000505, 0x3f000505, 0x41000505, 0x43000505, 0x45000505, 0x2c040505,
	0x49000505, 0x4b000505, 0x4d000505, 0x4f000505, 0x51000505, 0x2c050505, 0x55000505, 0x57000505,
	0x59000505, 0x5b000505, 0x5d000505, 0x9840505, 0xc8d0505, 0x9860505, 0xc910505, 0x0,
	0xfffd0505, 0xfffd0505, 0xfffd0505, 0xfffd0505, 0xfffd0505, 0xfffd0505, 0xfffd0505, 0xfffd0505,
	0xfffd0505, 0xfffd0505, 0xfffd0505, 0xfffd0505, 0xfffd0505, 0xfffd0505, 0xfffd0505, 0xfffd0505,
	0xfffd0505, 0xfffd0505, 0xfffd0505, 0xfffd0505, 0xfffd0505, 0xfffd0505, 0xfffd0505, 0xfffd0505,
	0xfffd0505, 0xfffd0505, 0xfffd0505, 0xfffd0505, 0xfffd0505, 0xfffd0505, 0xfffd0505, 0xfffd0505,
	0xfffd0505, 0xfffd0505, 0xfffd0505, 0xfffd0505, 0xfffd0505, 0xfffd0505, 0xfffd0505, 0xfffd0505,
	0xfffd0505, 0xfffd0505, 0xfffd0505, 0xfffd0505, 0xfffd0505, 0xfffd0505, 0xfffd0505, 0xfffd0505,
	0xfffd0505, 0xfffd0505, 0xfffd0505, 0xfffd0505, 0xfffd0505, 0xfffd0505, 0xfffd0505, 0xfffd0505,
	0xfffd0505, 0xfffd0505, 0xfffd0505, 0xfffd0505, 0xfffd0505, 0xfffd0505, 0xfffd0505, 0xfffd0505,
	0xc0, 0xc0, 0xc0, 0xc0, 0xc0, 0xc0, 0xc0, 0xc0,
	0xc0, 0xc0, 0xc0, 0xc0, 0xc0, 0xc0, 0xc0, 0xc0,
	0xc0, 0xc0, 0xc0, 0xc0, 0xc0, 0xc0, 0xc0, 0xc0,
	0xc0, 0xc0, 0xc0, 0xc0, 0xc0, 0xc0, 0xc0, 0xc0,
	0xc0, 0xc0, 0xc0, 0xc0, 0xc0, 0xc0, 0xc0, 0xc0,
	0xc0, 0xc0, 0xc0, 0xc0, 0xc0, 0xc0, 0xc0, 0xc0,
	0xc0, 0xc0, 0xc0, 0xc0, 0xc0, 0xc0, 0xc0, 0xc0,
	0xc0, 0xc0, 0xc0, 0xc0, 0xc0, 0xc0, 0xc0, 0xc0,
	0x2b9c8ac4, 0x2b9c88c4, 0x2b9c8ec4, 0x2b9c9ac4, 0x2b9c96c4, 0x2b9c92c4, 0x3de2c5, 0x2f9ca0c4,
	0x22c5, 0x62c5, 0xa2c5, 0xe2c5, 0x122c5, 0x162c5, 0x1a2c5, 0x1e2c5,
	0x310070a0, 0x459c9ac4, 0x222c5, 0x262c5, 0x2a2c5, 0x2e2c5, 0x322c5, 0xc830505,
	0x479c9ec4, 0x362c5, 0x3a2c5, 0x3e2c5, 0x422c5, 0x5b9c88c4, 0x5e2805a0, 0x3e22c5,
	0x2b058ac4, 0x2b0588c4, 0x2b058ec4, 0x2b059ac4, 0x2b0596c4, 0x2b0592c4, 0x3e62c5, 0x2f05a0c4,
	0x462c5, 0x4a2c5, 0x4e2c5, 0x522c5, 0x562c5, 0x5a2c5, 0x5e2c5, 0x622c5,
	0x31007005, 0x45059ac4, 0x662c5, 0x6a2c5, 0x6e2c5, 0x722c5, 0x762c5, 0xc810505,
	0x47059ec4, 0x7a2c5, 0x7e2c5, 0x822c5, 0x862c5, 0x5b0588c4, 0x5e280505, 0x5b0596c4,
	0xc0, 0xc0, 0xc0, 0xc0, 0xc0, 0xc0, 0xc0, 0xc0,
	0xc0, 0xc0, 0xc0, 0xc0, 0xc0, 0xc0, 0xc0, 0xc0,
	0xc0, 0xc0, 0x8a2c5, 0x8e2c5, 0x922c5, 0x962c5, 0x9a2c5, 0x9e2c5,
	0xa22c5, 0xa62c5, 0xaa2c5, 0xae2c5, 0xc0, 0xc0, 0xc0, 0xc0,
	0xc0, 0xc0, 0xc0, 0xc0, 0xc0, 0xc0, 0xc0, 0xc0,
	0xb22c5, 0xb62c5, 0xba2c5, 0xbe2c5, 0xc22c5, 0xc62c5, 0xca2c5, 0xce2c5,
	0xd22c5, 0xc0, 0xc0, 0xc0, 0xc0, 0xc0, 0xc0, 0xc0,
	0xc0, 0xc0, 0xc0, 0xc0, 0xc0, 0xc0, 0xc0, 0xc0,
	0xd62c5, 0xda2c5, 0xde2c5, 0xe22c5, 0xe62c5, 0xea2c5, 0xc0, 0xc0,
	0xc0, 0xc0, 0xc0, 0xc0, 0xc0, 0xc0, 0xc0, 0xc0,
	0xc0, 0xc0, 0xc0, 0xc0, 0xc0, 0xc0, 0xc0, 0xc0,
	0xc0, 0xc0, 0xc0, 0xc0, 0xee2c5, 0xf22c5, 0xf62c5, 0xfa2c5,
	0xfe2c5, 0x1022c5, 0x1062c5, 0x10a2c5, 0x10e2c5, 0x1122c5, 0x1162c5, 0x11a2c5,
	0xc0, 0xc0, 0xc0, 0xc0, 0xc0, 0xc0, 0xc0, 0xc0,
	0xc0, 0xc0, 0xc0, 0xc0, 0xc0, 0xc0, 0xc0, 0xc0,
	0xc0, 0xc0, 0xc0, 0xc0, 0xc0, 0xc0, 0xc0, 0xc0,
	0xc0, 0xc0, 0xc0, 0xc0, 0xc0, 0xc0, 0xc0, 0xc0,
	0x11e2c5, 0x1222c5, 0xc0, 0xc0, 0xc0, 0xc0, 0xc0, 0xc0,
	0xc0, 0xc0, 0xc0, 0xc0, 0xc0, 0xc0, 0xc0, 0x1262c5,
	0x12a2c5, 0xc0, 0xc0, 0xc0, 0xc0, 0xc0, 0xc0, 0xc0,
	0xc0, 0xc0, 0xc0, 0xc0, 0xc0, 0xc0, 0xc0, 0xc0,
	0xc0, 0xc0, 0xc0, 0x12e2c5, 0x1322c5, 0x1362c5, 0x13a2c5, 0x13e2c5,
	0x1422c5, 0x1463c5, 0x14c3c5, 0x1523c5, 0x1583c5, 0x15e3c5, 0x1643c5, 0x16a3c5,
	0x1703c5, 0xc0, 0xc0, 0xc0, 0xc0, 0xc0, 0xc0, 0xc0,
	0xc0, 0xc0, 0xc0, 0xc0, 0xc0, 0xc0, 0x1762c5, 0x17a2c5,
	0x17e3c5, 0x1843c5, 0xc0, 0xc0, 0xc0, 0xc0, 0xc0, 0xc0,
	0xc0, 0xc0, 0xc0, 0xc0, 0xc0, 0xc0, 0xc0, 0xc0,
	0xc0, 0xc0, 0xc0, 0xc0, 0x18a2c5, 0x18e2c5, 0x1922c5, 0x1962c5,
	0x19a2c5, 0x19e2c5, 0x1a22c5, 0x1a62c5, 0x1aa2c5, 0x1ae2c5, 0x1b22c5, 0x1b62c5,
	0xc0, 0xc0, 0xc0, 0xc0, 0x1ba2c5, 0x1be2c5, 0x1c22c5, 0x1c62c5,
	0xc0, 0xc0, 0xc0, 0xc0, 0xc0, 0xc0, 0xc0, 0xc0,
	0xc0, 0xc0, 0xc0, 0xc0, 0xc0, 0xc0, 0xc0, 0xc0,
	0x1ca2c5, 0x1ce2c5, 0x1d23c5, 0x1d83c5, 0x1de3c5, 0x1e43c5, 0x1ea2c5, 0x1ee2c5,
	0x1f23c5, 0x1f83c5, 0xc0, 0xc0, 0xc0, 0xc0, 0xc0, 0xc0,
	0xc0, 0xc0, 0xc0, 0xc0, 0xc0, 0xc0, 0xc0, 0xc0,
	0xc0, 0xc0, 0xc0, 0xc0, 0xc0, 0xc0, 0xc0, 0xc0,
	0xc0, 0xc0, 0xc0, 0xc0, 0xc0, 0xc0, 0xc0, 0xc0,
	0xc0, 0xc0, 0xc0, 0xc0, 0xc0, 0xc0, 0xc0, 0xc0,
	0xc0, 0xc0, 0xc0, 0xc0, 0xc0, 0xc0, 0xc0, 0xc0,
	0xc0, 0xc0, 0xc0, 0xc0, 0xc0, 0xc0, 0xc0, 0xc0,
	0xc0, 0xc0, 0xc0, 0xc0, 0xc0, 0xc0, 0xc0, 0x58020505,
	0xc0, 0xc0, 0xc0, 0xc0, 0x1cd, 0x1cd, 0x1cd, 0x1cd,
	0x1cd, 0x1cd, 0x1cd, 0x1cd, 0x1cd, 0x1cd, 0x1cd, 0x1cd,
	0x1cd, 0x1cd, 0x1cd, 0x1cd, 0x1cd, 0x1cd, 0x1cd, 0x1cd,
	0x1cd, 0x1cd, 0x1cd, 0x1cd, 0x1cd, 0x1cd, 0x1cd, 0x1cd,
	0x1cd, 0x1cd, 0x1cd, 0x1cd, 0x1cc, 0x1cc, 0x1cc, 0x1cc,
	0xc0, 0xc0, 0xc0, 0xc0, 0xc0, 0xc0, 0xc0, 0xc0,
	0xc0, 0xc0, 0xc0, 0xc0, 0xc0, 0xc0, 0xc0, 0xc0,
	0xc0, 0xc0, 0xc0, 0xc0, 0xc0, 0xc0, 0xc0, 0xc0,
	0xc0, 0xc0, 0xc0, 0xc0, 0x1fe3c5, 0x2043c5, 0x20a3c5, 0x2103c5,
	0x2162c5, 0x21a2c5, 0x21e2c5, 0x2222c5, 0x2263c5, 0x22c3c5, 0xc0, 0xc0,
	0xc0, 0xc0, 0xc0, 0xc0, 0xc0, 0xc0, 0xc0, 0xc0,
	0xc0, 0xc0, 0xc0, 0xc0, 0x2322c5, 0x2362c5, 0x23a3c5, 0x2403c5,
	0xc0, 0xc0, 0xc0, 0xc0, 0xc0, 0xc0, 0xc0, 0xc0,
	0xc0, 0xc0, 0xc0, 0xc0, 0xc0, 0xc0, 0xc0, 0xc0,
	0x2463c5, 0x24c3c5, 0x2523c5, 0x2583c5, 0x25e3c5, 0x2643c5, 0x26a3c5, 0x2703c5,
	0xc0, 0xc0, 0xc0, 0xc0, 0xc0, 0xc0, 0xc0, 0xc0,
	0xc0, 0xc0, 0xc0, 0xc0, 0xc0, 0xc0, 0xc0, 0xc0,
	0xc0, 0xc0, 0x2762c5, 0x27a2c5, 0x27e2c5, 0x2822c5, 0x2862c5, 0x28a2c5,
	0x28e3c5, 0x2943c5, 0x29a3c5, 0x2a03c5, 0xc0, 0xc0, 0xc0, 0xc0,
	0xc0, 0xc0, 0xc0, 0xc0, 0xc0, 0xc0, 0xc0, 0xc0,
	0xc0, 0xc0, 0xc0, 0xc0, 0xc0, 0xc0, 0xc0, 0xc0,
	0xc0, 0xc0, 0xc0, 0xc0, 0x2a62c5, 0x2aa2c5, 0x2ae2c5, 0x2b22c5,
	0x2b62c5, 0x2ba2c5, 0x2be3c5, 0x2c43c5, 0x2ca3c5, 0x2d03c5, 0x2d63c5, 0x2dc3c5,
	0x2e23c5, 0x2e83c5, 0x2ee3c5, 0x2f43c5, 0x2fa2c5, 0x2fe2c5, 0x3022c5, 0x3062c5,
	0x30a2c5, 0x30e2c5, 0x3122c5, 0x3162c5, 0x31a3c5, 0x3203c5, 0x3263c5, 0x32c3c5,
	0x3323c5, 0x3383c5, 0x33e3c5, 0x3443c5, 0x34a3c5, 0x3503c5, 0x3563c5, 0x35c3c5,
	0x3623c5, 0x3683c5, 0x36e3c5, 0x3743c5, 0x37a3c5, 0x3803c5, 0x3863c5, 0x38c3c5,
	0x3922c5, 0x3962c5, 0x39a2c5, 0x39e2c5, 0x3a23c5, 0x3a83c5, 0x3ae3c5, 0x3b43c5,
	0x3ba3c5, 0x3c03c5, 0x3c63c5, 0x3cc3c5, 0x3d23c5, 0x3d83c5, 0xc0, 0xc0,
	0xc0, 0xc0, 0xc0, 0xc0, 0xc0, 0xc0, 0xc0, 0xc0,
	0xc0, 0xc0, 0xc0, 0xc0, 0x1cc, 0x1cc, 0x1cc, 0x1cc,
	0x1cc, 0x1cc, 0x1cc, 0x1cc, 0x1cc, 0x1cc, 0x1cc, 0x1cc,
	0x1cc, 0x1cc, 0x1cc, 0x1cc, 0x1cc, 0x1cc, 0x1cc, 0x1cc,
	0x1cc, 0x1cc, 0x1cc, 0x1cc, 0x1cc, 0x1cc, 0x1cc, 0x1cc,
	0x1cc, 0x1cc, 0x1cc, 0x1cc, 0xc0, 0xc0, 0xc0, 0xc0
};

static constexpr int32_t s_coll_hawTrieIndexLength = 2112;
static constexpr int32_t s_coll_hawTrieDataLength = 928;
static constexpr char32_t s_coll_hawTrieHighStart = 0xe000;
static constexpr int32_t s_coll_hawTrieHighValueIndex = 924;

static constexpr uint32_t s_coll_hawCe32s[511] = {
	0x0, 0x2c020586, 0x8a05, 0x2c020586, 0x8805, 0x2c020586, 0x8e05, 0x2c020586,
	0x9605, 0x2c030586, 0x8a05, 0x2c030586, 0x8805, 0x2c030586, 0x8e05, 0x2c030586,
	0x9605, 0x2c040586, 0x8a05, 0x2c040586, 0x8805, 0x2c040586, 0x8e05, 0x2c040586,
	0x9a05, 0x2c040586, 0x9605, 0x2c050586, 0x8a05, 0x2c050586, 0x8805, 0x2c050586,
	0x8e05, 0x2c050586, 0x9605, 0x2c020505, 0x8a05, 0x2c020505, 0x8805, 0x2c020505,
	0x8e05, 0x2c020505, 0x9605, 0x2c030505, 0x8a05, 0x2c030505, 0x8805, 0x2c030505,
	0x8e05, 0x2c030505, 0x9605, 0x2c040505, 0x8a05, 0x2c040505, 0x8805, 0x2c040505,
	0x8e05, 0x2c040505, 0x9a05, 0x2c040505, 0x9605, 0x2c050505, 0x8a05, 0x2c050505,
	0x8805, 0x2c050505, 0x8e05, 0x2c050505, 0x9605, 0x2c020586, 0xa405, 0x2c020505,
	0xa405, 0x2c020586, 0x8c05, 0x2c020505, 0x8c05, 0x2c020586, 0x9c05, 0x2c020505,
	0x9c05, 0x2c020586, 0xa205, 0x2c020505, 0xa205, 0x2c020586, 0x9005, 0x2c020505,
	0x9005, 0x2c030586, 0x9a05, 0x2c030505, 0x9a05, 0x2c030586, 0xa405, 0x2c030505,
	0xa405, 0x2c030586, 0x8c05, 0x2c030505, 0x8c05, 0x2c030586, 0xa205, 0x2c030505,
	0xa205, 0x2c030586, 0x9c05, 0x2c040586, 0xa405, 0x2c040505, 0xa405, 0x2c040586,
	0x8c05, 0x2c040505, 0x8c05, 0x2c040586, 0x9805, 0x2c040505, 0x9805, 0x2c050586,
	0x9a05, 0x2c050505, 0x9a05, 0x2c050586, 0xa405, 0x2c050505, 0xa405, 0x2c050586,
	0x8c05, 0x2c050505, 0x8c05, 0x2c050586, 0x9205, 0x2c050505, 0x9205, 0x2c050586,
	0x9805, 0x2c050505, 0x9805, 0x2c050586, 0xa205, 0x2c050505, 0xa205, 0x2c040586,
	0xbe05, 0x2c040505, 0xbe05, 0x2c050586, 0xbe05, 0x2c050505, 0xbe05, 0x2c030586,
	0x9005, 0x2c030505, 0x9005, 0x2c040586, 0x9005, 0x2c040505, 0x9005, 0x2c050586,
	0x9005, 0x2c050505, 0x9005, 0x2c050586, 0x9605, 0xa405, 0x2c050505, 0x9605,
	0xa405, 0x2c050586, 0x9605, 0x8805, 0x2c050505, 0x9605, 0x8805, 0x2c050586,
	0x9605, 0x9005, 0x2c050505, 0x9605, 0x9005, 0x2c050586, 0x9605, 0x8a05,
	0x2c050505, 0x9605, 0x8a05, 0x2c040586, 0xa205, 0x2c040505, 0xa205, 0x2c040586,
	0xa205, 0xa405, 0x2c040505, 0xa205, 0xa405, 0x2c020586, 0xb805, 0x2c020505,
	0xb805, 0x2c020586, 0xbc05, 0x2c020505, 0xbc05, 0x2c030586, 0xb805, 0x2c030505,
	0xb805, 0x2c030586, 0xbc05, 0x2c030505, 0xbc05, 0x2c040586, 0xb805, 0x2c040505,
	0xb805, 0x2c040586, 0xbc05, 0x2c040505, 0xbc05, 0x2c050586, 0xb805, 0x2c050505,
	0xb805, 0x2c050586, 0xbc05, 0x2c050505, 0xbc05, 0x2c020586, 0xa005, 0x2c020505,
	0xa005, 0x2c040586, 0x9605, 0xa405, 0x2c040505, 0x9605, 0xa405, 0x2c040586,
	0x9a05, 0xa405, 0x2c040505, 0x9a05, 0xa405, 0x2c040586, 0x9c05, 0x2c040505,
	0x9c05, 0x2c040586, 0x9c05, 0xa405, 0x2c040505, 0x9c05, 0xa405, 0x2c020586,
	0xa405, 0x8a05, 0x2c020505, 0xa405, 0x8a05, 0x2c020586, 0xa405, 0x8805,
	0x2c020505, 0xa405, 0x8805, 0x2c020586, 0xcc05, 0x2c020505, 0xcc05, 0x2c020586,
	0xd005, 0x2c020505, 0xd005, 0x2c020586, 0xa005, 0x8c05, 0x2c020505, 0xa005,
	0x8c05, 0x2c030586, 0xd005, 0x2c030505, 0xd005, 0x2c030586, 0x9605, 0x8805,
	0x2c030505, 0x9605, 0x8805, 0x2c040586, 0x9a05, 0x8805, 0x2c040505, 0x9a05,
	0x8805, 0x2c040586, 0x9a05, 0x9605, 0x2c040505, 0x9a05, 0x9605, 0x2c040586,
	0xa405, 0x8a05, 0x2c040505, 0xa405, 0x8a05, 0x2c040586, 0xa405, 0x8805,
	0x2c040505, 0xa405, 0x8805, 0x2c050586, 0xc605, 0x2c050505, 0xc605, 0x2c050586,
	0xd005, 0x2c050505, 0xd005, 0x2c050586, 0xcc05, 0x2c050505, 0xcc05, 0x2c050586,
	0x9a05, 0x8805, 0x2c050505, 0x9a05, 0x8805, 0x2c050586, 0xa405, 0x9605,
	0x2c050505, 0xa405, 0x9605, 0x2c020586, 0xc405, 0x2c020505, 0xc405, 0x2c020586,
	0xb605, 0x2c020505, 0xb605, 0x2c020586, 0x9a05, 0x2c020505, 0x9a05, 0x2c020586,
	0x8e05, 0x8805, 0x2c020505, 0x8e05, 0x8805, 0x2c020586, 0x8e05, 0x8a05,
	0x2c020505, 0x8e05, 0x8a05, 0x2c020586, 0x8e05, 0xb605, 0x2c020505, 0x8e05,
	0xb605, 0x2c020586, 0x8e05, 0x9a05, 0x2c020505, 0x8e05, 0x9a05, 0x2c020586,
	0xc405, 0x8e05, 0x2c020505, 0xc405, 0x8e05, 0x2c030586, 0xb605, 0x2c030505,
	0xb605, 0x2c030586, 0xc405, 0x2c030505, 0xc405, 0x2c040586, 0xc405, 0x2c040505,
	0xc405, 0x2c040586, 0xb605, 0x2c040505, 0xb605, 0x2c040586, 0x8e05, 0x8805,
	0x2c040505, 0x8e05, 0x8805, 0x2c040586, 0x8e05, 0x8a05, 0x2c040505, 0x8e05,
	0x8a05, 0x2c040586, 0x8e05, 0xb605, 0x2c040505, 0x8e05, 0xb605, 0x2c040586,
	0x8e05, 0x9a05, 0x2c040505, 0x8e05, 0x9a05, 0x2c040586, 0xc405, 0x8e05,
	0x2c040505, 0xc405, 0x8e05, 0x2c040586, 0xbe05, 0x8805, 0x2c040505, 0xbe05,
	0x8805, 0x2c040586, 0xbe05, 0x8a05, 0x2c040505, 0xbe05, 0x8a05, 0x2c040586,
	0xbe05, 0xb605, 0x2c040505, 0xbe05, 0xb605, 0x2c040586, 0xbe05, 0x9a05,
	0x2c040505, 0xbe05, 0x9a05, 0x2c040586, 0xbe05, 0xc405, 0x2c040505, 0xbe05,
	0xc405, 0x2c050586, 0xc405, 0x2c050505, 0xc405, 0x2c050586, 0xb605, 0x2c050505,
	0xb605, 0x2c050586, 0xbe05, 0x8805, 0x2c050505, 0xbe05, 0x8805, 0x2c050586,
	0xbe05, 0x8a05, 0x2c050505, 0xbe05, 0x8a05, 0x2c050586, 0xbe05, 0xb605,
	0x2c050505, 0xbe05, 0xb605, 0x2c050586, 0xbe05, 0x9a05, 0x2c050505, 0xbe05,
	0x9a05, 0x2c050586, 0xbe05, 0xc405, 0x2c050505, 0xbe05, 0xc405, 0x2b0070a0,
	0x330005a2, 0x4f007005, 0x4f000513, 0x2b007005, 0x33000513, 0x12000505, 0x14000505, 0x16000505,
	0x18000505, 0x1a000505, 0x1c000505, 0x1e000505, 0x20000505, 0x22000505, 0x24000505
};

static constexpr uint16_t s_coll_hawFastLatin[480] = {
	0x205, 0xc40, 0xde0, 0xe80, 0xea8, 0x418, 0x0, 0x0, 0x0, 0x0, 0x0, 0x0,
	0x0, 0x0, 0xc00, 0xc08, 0xc10, 0xc18, 0xc20, 0x0, 0x0, 0x0, 0x0, 0x0,
	0x0, 0x0, 0x0, 0x0, 0x0, 0x0, 0x0, 0x0, 0x0, 0x0, 0x0, 0x0,
	0x0, 0xc40, 0xca8, 0xcf0, 0xd78, 0xe98, 0xd80, 0xd70, 0xcd8, 0xd08, 0xd10, 0xd58,
	0xe30, 0xc90, 0xc60, 0xcd0, 0xd60, 0x10a8, 0x14a8, 0x18a8, 0x1ca8, 0x20a8, 0x24a8, 0x28a8,
	0x2ca8, 0x30a8, 0x34a8, 0xca0, 0xc98, 0xe50, 0xe58, 0xe60, 0xcb8, 0xd50, 0x38b9, 0x4cb9,
	0x50b9, 0x54b9, 0x3cb9, 0x5cb9, 0x60b9, 0x64b9, 0x40b9, 0x70ba, 0x74b9, 0x78b9, 0x7cb9, 0x80ba,
	0x44b9, 0x8cb9, 0x90b9, 0x98b9, 0x9cba, 0xa0b9, 0x48b9, 0xa8b9, 0xacb9, 0xb0b9, 0xb4b9, 0xb8b9,
	0xd18, 0xd68, 0xd20, 0xdf8, 0xc50, 0xde8, 0x38a8, 0x4ca8, 0x50a8, 0x54a8, 0x3ca8, 0x5ca8,
	0x60a8, 0x64a8, 0x40a8, 0x70a8, 0x74a8, 0x78a8, 0x7ca8, 0x80a8, 0x44a8, 0x8ca8, 0x90a8, 0x98a8,
	0x9ca8, 0xa0a8, 0x48a8, 0xa8a8, 0xaca8, 0xb0a8, 0xb4a8, 0xb8a8, 0xd28, 0xe70, 0xd30, 0xe80,
	0x0, 0x0, 0x0, 0x0, 0x0, 0x0, 0xc28, 0x0, 0x0, 0x0, 0x0, 0x0,
	0x0, 0x0, 0x0, 0x0, 0x0, 0x0, 0x0, 0x0, 0x0, 0x0, 0x0, 0x0,
	0x0, 0x0, 0x0, 0x0, 0x0, 0x0, 0x0, 0x0, 0x0, 0xc42, 0xcb0, 0xe90,
	0xea0, 0xe88, 0xea8, 0xe78, 0xd40, 0xe08, 0xe20, 0x38aa, 0xcf8, 0xe68, 0x0, 0xe28,
	0xe00, 0xe18, 0xe38, 0x18a9, 0x1ca9, 0xdf0, 0x1, 0xd48, 0x1, 0xe10, 0x14a9, 0x88aa,
	0xd00, 0x1, 0x1, 0x1, 0xcc0, 0x39b9, 0x3999, 0x39f9, 0x3a99, 0x3a59, 0x3a39, 0x800,
	0x52f9, 0x3db9, 0x3d99, 0x3df9, 0x3e59, 0x41b9, 0x4199, 0x41f9, 0x4259, 0x54d9, 0x829a, 0x45b9,
	0x4599, 0x45f9, 0x4699, 0x4659, 0xe48, 0x8ad9, 0x49b9, 0x4999, 0x49f9, 0x4a59, 0xb599, 0xbcb9,
	0x802, 0x39a8, 0x3988, 0x39e8, 0x3a88, 0x3a48, 0x3a28, 0x804, 0x52e8, 0x3da8, 0x3d88, 0x3de8,
	0x3e48, 0x41a8, 0x4188, 0x41e8, 0x4248, 0x54c8, 0x8288, 0x45a8, 0x4588, 0x45e8, 0x4688, 0x4648,
	0xe40, 0x8ac8, 0x49a8, 0x4988, 0x49e8, 0x4a48, 0xb588, 0xbca8, 0xb648, 0x3b39, 0x3b28, 0x39d9,
	0x39c8, 0x3b19, 0x3b08, 0x5199, 0x5188, 0x51f9, 0x51e8, 0x52b9, 0x52a8, 0x5219, 0x5208, 0x5619,
	0x5608, 0x5759, 0x5748, 0x3f39, 0x3f28, 0x3dd9, 0x3dc8, 0x3eb9, 0x3ea8, 0x3f19, 0x3f08, 0x3e19,
	0x3e08, 0x61f9, 0x61e8, 0x61d9, 0x61c8, 0x62b9, 0x62a8, 0x62f9, 0x62e8, 0x65f9, 0x65e8, 0x6759,
	0x6748, 0x4299, 0x4288, 0x4339, 0x4328, 0x41d9, 0x41c8, 0x4319, 0x4308, 0x42b9, 0x6ca8, 0x806,
	0x808, 0x71fa, 0x71e8, 0x76f9, 0x76e8, 0x94a8, 0x7999, 0x7988, 0x7af9, 0x7ae8, 0x7a19, 0x7a08,
	0x7b79, 0x7b68, 0x7b59, 0x7b48, 0x819a, 0x8188, 0x82fa, 0x82e8, 0x821a, 0x8208, 0x80a, 0x84b9,
	0x84a8, 0x4739, 0x4728, 0x45d9, 0x45c8, 0x4679, 0x4668, 0x80c, 0x80e, 0x9999, 0x9988, 0x9af9,
	0x9ae8, 0x9a19, 0x9a08, 0x9d9a, 0x9d88, 0x9dfa, 0x9de8, 0x9efa, 0x9ee8, 0x9e1a, 0x9e08, 0xa2f9,
	0xa2e8, 0xa219, 0xa208, 0xa4b9, 0xa4a8, 0x4a99, 0x4a88, 0x4b39, 0x4b28, 0x49d9, 0x49c8, 0x4a39,
	0x4a28, 0x4a79, 0x4a68, 0x4b19, 0x4b08, 0xadf9, 0xade8, 0xb5f9, 0xb5e8, 0xb659, 0xb999, 0xb988,
	0xbab9, 0xbaa8, 0xba19, 0xba08, 0x9ce8, 0xc41, 0xc41, 0xc41, 0xc41, 0xc41, 0xc41, 0xc41,
	0xc42, 0xc41, 0xc41, 0xc41, 0x0, 0x0, 0x0, 0x0, 0x0, 0xc68, 0xc69, 0xc70,
	0xc78, 0xc80, 0xc88, 0xd38, 0xc58, 0x1, 0x1, 0x1, 0x1, 0x1, 0x1, 0x1,
	0x1, 0xd98, 0xda0, 0xda8, 0xdb0, 0xcd1, 0x810, 0x1, 0xdb8, 0xc30, 0xc38, 0x0,
	0x0, 0x0, 0x0, 0x0, 0xc42, 0xd88, 0xd90, 0xdc0, 0x812, 0x1, 0xdc8, 0x814,
	0x1, 0xdd0, 0xce0, 0xce8, 0xdd8, 0x816, 0xcc8, 0xc48, 0xde0, 0x38d9, 0x58ba, 0x9cc8,
	0x9ca9, 0x38c8, 0x58a9, 0x68ba, 0x70bb, 0x68a9, 0x70a9, 0xc0a9, 0x80a9, 0x88d9, 0x58ba, 0x88c8,
	0x58a9, 0xcd1, 0xcd1, 0xdc1, 0xdc1, 0xdc9, 0xdc9, 0xca9, 0xca9, 0x5ff, 0x0, 0x1ff
};

static constexpr uint16_t s_coll_hawFastLatinPrimaries[384] = {
	0x0, 0x0, 0x0, 0x0, 0x0, 0x0, 0x0, 0x0, 0x0, 0xc00, 0xc08, 0xc10,
	0xc18, 0xc20, 0x0, 0x0, 0x0, 0x0, 0x0, 0x0, 0x0, 0x0, 0x0, 0x0,
	0x0, 0x0, 0x0, 0x0, 0x0, 0x0, 0x0, 0x0, 0xc40, 0xca8, 0xcf0, 0xd78,
	0xe98, 0xd80, 0xd70, 0xcd8, 0xd08, 0xd10, 0xd58, 0xe30, 0xc90, 0xc60, 0xcd0, 0xd60,
	0x1000, 0x1400, 0x1800, 0x1c00, 0x2000, 0x2400, 0x2800, 0x2c00, 0x3000, 0x3400, 0xca0, 0xc98,
	0xe50, 0xe58, 0xe60, 0xcb8, 0xd50, 0x3800, 0x4c00, 0x5000, 0x5400, 0x3c00, 0x5c00, 0x6000,
	0x6400, 0x4000, 0x7000, 0x7400, 0x7800, 0x7c00, 0x8000, 0x4400, 0x8c00, 0x9000, 0x9800, 0x9c00,
	0xa000, 0x4800, 0xa800, 0xac00, 0xb000, 0xb400, 0xb800, 0xd18, 0xd68, 0xd20, 0xdf8, 0xc50,
	0xde8, 0x3800, 0x4c00, 0x5000, 0x5400, 0x3c00, 0x5c00, 0x6000, 0x6400, 0x4000, 0x7000, 0x7400,
	0x7800, 0x7c00, 0x8000, 0x4400, 0x8c00, 0x9000, 0x9800, 0x9c00, 0xa000, 0x4800, 0xa800, 0xac00,
	0xb000, 0xb400, 0xb800, 0xd28, 0xe70, 0xd30, 0xe80, 0x0, 0x0, 0x0, 0x0, 0x0,
	0x0, 0xc28, 0x0, 0x0, 0x0, 0x0, 0x0, 0x0, 0x0, 0x0, 0x0, 0x0,
	0x0, 0x0, 0x0, 0x0, 0x0, 0x0, 0x0, 0x0, 0x0, 0x0, 0x0, 0x0,
	0x0, 0x0, 0x0, 0x0, 0xc40, 0xcb0, 0xe90, 0xea0, 0xe88, 0xea8, 0xe78, 0xd40,
	0xe08, 0xe20, 0x3800, 0xcf8, 0xe68, 0x0, 0xe28, 0xe00, 0xe18, 0xe38, 0x1800, 0x1c00,
	0xdf0, 0x0, 0xd48, 0x0, 0xe10, 0x1400, 0x8800, 0xd00, 0x0, 0x0, 0x0, 0xcc0,
	0x3800, 0x3800, 0x3800, 0x3800, 0x3800, 0x3800, 0x0, 0x5000, 0x3c00, 0x3c00, 0x3c00, 0x3c00,
	0x4000, 0x4000, 0x4000, 0x4000, 0x5400, 0x8000, 0x4400, 0x4400, 0x4400, 0x4400, 0x4400, 0xe48,
	0x8800, 0x4800, 0x4800, 0x4800, 0x4800, 0xb400, 0xbc00, 0x0, 0x3800, 0x3800, 0x3800, 0x3800,
	0x3800, 0x3800, 0x0, 0x5000, 0x3c00, 0x3c00, 0x3c00, 0x3c00, 0x4000, 0x4000, 0x4000, 0x4000,
	0x5400, 0x8000, 0x4400, 0x4400, 0x4400, 0x4400, 0x4400, 0xe40, 0x8800, 0x4800, 0x4800, 0x4800,
	0x4800, 0xb400, 0xbc00, 0xb400, 0x3800, 0x3800, 0x3800, 0x3800, 0x3800, 0x3800, 0x5000, 0x5000,
	0x5000, 0x5000, 0x5000, 0x5000, 0x5000, 0x5000, 0x5400, 0x5400, 0x5400, 0x5400, 0x3c00, 0x3c00,
	0x3c00, 0x3c00, 0x3c00, 0x3c00, 0x3c00, 0x3c00, 0x3c00, 0x3c00, 0x6000, 0x6000, 0x6000, 0x6000,
	0x6000, 0x6000, 0x6000, 0x6000, 0x6400, 0x6400, 0x6400, 0x6400, 0x4000, 0x4000, 0x4000, 0x4000,
	0x4000, 0x4000, 0x4000, 0x4000, 0x4000, 0x6c00, 0x0, 0x0, 0x7000, 0x7000, 0x7400, 0x7400,
	0x9400, 0x7800, 0x7800, 0x7800, 0x7800, 0x7800, 0x7800, 0x7800, 0x7800, 0x7800, 0x7800, 0x8000,
	0x8000, 0x8000, 0x8000, 0x8000, 0x8000, 0x0, 0x8400, 0x8400, 0x4400, 0x4400, 0x4400, 0x4400,
	0x4400, 0x4400, 0x0, 0x0, 0x9800, 0x9800, 0x9800, 0x9800, 0x9800, 0x9800, 0x9c00, 0x9c00,
	0x9c00, 0x9c00, 0x9c00, 0x9c00, 0x9c00, 0x9c00, 0xa000, 0xa000, 0xa000, 0xa000, 0xa400, 0xa400,
	0x4800, 0x4800, 0x4800, 0x4800, 0x4800, 0x4800, 0x4800, 0x4800, 0x4800, 0x4800, 0x4800, 0x4800,
	0xac00, 0xac00, 0xb400, 0xb400, 0xb400, 0xb800, 0xb800, 0xb800, 0xb800, 0xb800, 0xb800, 0x9c00
};

static constexpr int32_t s_coll_hawFastLatinMiniVarTop = 0xbff;

static constexpr uint32_t s_coll_hawNumericPrimary = 0x10000000;
static constexpr int32_t s_coll_hawOptions = 0x2010;
static constexpr int32_t s_coll_hawJamoCe32sStart = -1;

static constexpr uint16_t s_coll_igTrieIndex[2112] = {
	0x0, 0x8, 0x10, 0x18, 0x30, 0x38, 0x40, 0x48, 0x50, 0x58, 0x5f, 0x67, 0x6c, 0x74, 0x79, 0x81,
	0x30, 0x38, 0x30, 0x38, 0x30, 0x38, 0x30, 0x38, 0x30, 0x38, 0x30, 0x38, 0x30, 0x38, 0x30, 0x38,
	0x30, 0x38, 0x30, 0x38, 0x30, 0x38, 0x30, 0x38, 0x30, 0x38, 0x30, 0x38, 0x30, 0x38, 0x30, 0x38,
	0x30, 0x38, 0x30, 0x38, 0x30, 0x38, 0x30, 0x38, 0x30, 0x38, 0x30, 0x38, 0x30, 0x38, 0x30, 0x38,
	0x30, 0x30, 0x30, 0x30, 0x30, 0x30, 0x30, 0x30, 0x30, 0x30, 0x30, 0x30, 0x30, 0x30, 0x30, 0x30,
	0x30, 0x30, 0x30, 0x30, 0x30, 0x30, 0x30, 0x30, 0x30, 0x30, 0x30, 0x30, 0x30, 0x30, 0x30, 0x30,
	0x30, 0x30, 0x30, 0x30, 0x30, 0x30, 0x30, 0x30, 0x30, 0x30, 0x30, 0x30, 0x30, 0x30, 0x30, 0x30,
	0x30, 0x30, 0x30, 0x30, 0x30, 0x30, 0x30, 0x30, 0x30, 0x30, 0x30, 0x30, 0x30, 0x30, 0x30, 0x30,
	0x30, 0x30, 0x30, 0x30, 0x30, 0x30, 0x30, 0x30, 0x30, 0x30, 0x30, 0x30, 0x30, 0x30, 0x30, 0x30,
	0x30, 0x30, 0x30, 0x30, 0x30, 0x30, 0x30, 0x30, 0x30, 0x30, 0x30, 0x30, 0x30, 0x30, 0x30, 0x30,
	0x30, 0x30, 0x30, 0x30, 0x30, 0x30, 0x30, 0x30, 0x30, 0x30, 0x30, 0x30, 0x30, 0x30, 0x30, 0x30,
	0x30, 0x30, 0x30, 0x30, 0x30, 0x30, 0x30, 0x30, 0x30, 0x30, 0x30, 0x30, 0x30, 0x30, 0x30, 0x30,
	0x30, 0x30, 0x30, 0x30, 0x30, 0x30, 0x30, 0x30, 0x30, 0x30, 0x30, 0x30, 0x30, 0x30, 0x30, 0x30,
	0x30, 0x30, 0x30, 0x30, 0x30, 0x30, 0x30, 0x30, 0x30, 0x30, 0x30, 0x30, 0x30, 0x30, 0x30, 0x30,
	0x30, 0x30, 0x30, 0x30, 0x30, 0x30, 0x30, 0x30, 0x30, 0x30, 0x30, 0x30, 0x30, 0x30, 0x30, 0x30,
	0x30, 0x30, 0x98, 0x30, 0x30, 0x30, 0x9e, 0xa6, 0x30, 0x30, 0x30, 0x30, 0x30, 0x30, 0x30, 0x30,
	0x30, 0x30, 0x30, 0x30, 0x30, 0x30, 0x30, 0x30, 0x30, 0xac, 0x30, 0x30, 0x30, 0x30, 0x30, 0x30,
	0x30, 0x30, 0x30, 0x30, 0x30, 0x30, 0x30, 0x30, 0x30, 0x30, 0x30, 0x30, 0x30, 0x30, 0x30, 0x30,
	0x30, 0x30, 0x30, 0x30, 0x30, 0x30, 0x30, 0x30, 0x30, 0x30, 0x30, 0x30, 0x30, 0x30, 0x30, 0x30,
	0x30, 0x30, 0x30, 0x30, 0x30, 0x30, 0x30, 0x30, 0x30, 0x30, 0x30, 0x30, 0x30, 0x30, 0x30, 0x30,
	0x30, 0x30, 0x30, 0x30, 0x30, 0x30, 0x30, 0x30, 0x30, 0x30, 0x30, 0x30, 0x30, 0x30, 0x30, 0x30,
	0x30, 0x30, 0x30, 0x30, 0x30, 0x30, 0x30, 0x30, 0x30, 0x30, 0x30, 0x30, 0x30, 0x30, 0x30, 0x30,
	0x30, 0x30, 0x30, 0x30, 0x30, 0x30, 0x30, 0x30, 0x30, 0x30, 0x30, 0x30, 0x30, 0x30, 0x30, 0x30,
	0x30, 0x30, 0x30, 0x30, 0x30, 0x30, 0x30, 0x30, 0x30, 0x30, 0x30, 0x30, 0x30, 0x30, 0x30, 0x30,
	0x30, 0x30, 0x30, 0x30, 0x30, 0x30, 0x30, 0x30, 0x30, 0x30, 0x30, 0x30, 0x30, 0x30, 0x30, 0x30,
	0x30, 0x30, 0x30, 0x30, 0x30, 0x30, 0x30, 0x30, 0x30, 0x30, 0x30, 0x30, 0x30, 0x30, 0x30, 0x30,
	0x30, 0x30, 0x30, 0x30, 0x30, 0x30, 0x30, 0x30, 0x30, 0x30, 0x30, 0x30, 0x30, 0x30, 0x30, 0x30,
	0x30, 0x30, 0x30, 0x30, 0x30, 0x30, 0x30, 0x30, 0x30, 0x30, 0x30, 0x30, 0x30, 0x30, 0x30, 0x30,
	0x30, 0x30, 0x30, 0x30, 0x30, 0x30, 0x30, 0x30, 0x30, 0x30, 0x30, 0x30, 0x30, 0x30, 0x30, 0x30,
	0x30, 0x30, 0x30, 0x30, 0x30, 0x30, 0x30, 0x30, 0x30, 0x30, 0x30, 0x30, 0x30, 0x30, 0x30, 0x30,
	0x30, 0x30, 0x30, 0x30, 0x30, 0x30, 0x30, 0x30, 0x30, 0x30, 0x30, 0x30, 0x30, 0x30, 0x30, 0x30,
	0x30, 0x30, 0x30, 0x30, 0x30, 0x30, 0x30, 0x30, 0x30, 0x30, 0x30, 0x30, 0x30, 0x30, 0x30, 0x30,
	0x30, 0x30, 0x30, 0x30, 0x30, 0x30, 0x30, 0x30, 0x30, 0x30, 0x30, 0x30, 0x30, 0x30, 0x30, 0x30,
	0x30, 0x30, 0x30, 0x30, 0x30, 0x30, 0x30, 0x30, 0x30, 0x30, 0x30, 0x30, 0x30, 0x30, 0x30, 0x30,
	0x30, 0x30, 0x30, 0x30, 0x30, 0x30, 0x30, 0x30, 0x30, 0x30, 0x30, 0x30, 0x30, 0x30, 0x30, 0x30,
	0x30, 0x30, 0x30, 0x30, 0x30, 0x30, 0x30, 0x30, 0x30, 0x30, 0x30, 0x30, 0x30, 0x30, 0x30, 0x30,
	0x30, 0x30, 0x30, 0x30, 0x30, 0x30, 0x30, 0x30, 0x30, 0x30, 0x30, 0x30, 0x30, 0x30, 0x30, 0x30,
	0x30, 0x30, 0x30, 0x30, 0x30, 0x30, 0x30, 0x30, 0x30, 0x30, 0x30, 0x30, 0x30, 0x30, 0x30, 0x30,
	0x30, 0x30, 0x30, 0x30, 0x30, 0x30, 0x30, 0x30, 0x30, 0x30, 0x30, 0x30, 0x30, 0x30, 0x30, 0x30,
	0x30, 0x30, 0x30, 0x30, 0x30, 0x30, 0x30, 0x30, 0x30, 0x30, 0x30, 0x30, 0x30, 0x30, 0x30, 0x30,
	0x30, 0x30, 0x30, 0x30, 0x30, 0x30, 0x30, 0x30, 0x30, 0x30, 0x30, 0x30, 0x30, 0x30, 0x30, 0x30,
	0x30, 0x30, 0x30, 0x30, 0x30, 0x30, 0x30, 0x30, 0x30, 0x30, 0x30, 0x30, 0x30, 0x30, 0x30, 0x30,
	0x30, 0x30, 0x30, 0x30, 0x30, 0x30, 0x30, 0x30, 0x30, 0x30, 0x30, 0x30, 0x30, 0x30, 0x30, 0x30,
	0x30, 0x30, 0x30, 0x30, 0x30, 0x30, 0x30, 0x30, 0x30, 0x30, 0x30, 0x30, 0x30, 0x30, 0x30, 0x30,
	0x30, 0x30, 0x30, 0x30, 0x30, 0x30, 0x30, 0x30, 0x30, 0x30, 0x30, 0x30, 0x30, 0x30, 0x30, 0x30,
	0x30, 0x30, 0x30, 0x30, 0x30, 0x30, 0x30, 0x30, 0x30, 0x30, 0x30, 0x30, 0x30, 0x30, 0x30, 0x30,
	0x30, 0x30, 0x30, 0x30, 0x30, 0x30, 0x30, 0x30, 0x30, 0x30, 0x30, 0x30, 0x30, 0x30, 0x30, 0x30,
	0x30, 0x30, 0x30, 0x30, 0x30, 0x30, 0x30, 0x30, 0x30, 0x30, 0x30, 0x30, 0x30, 0x30, 0x30, 0x30,
	0x30, 0x30, 0x30, 0x30, 0x30, 0x30, 0x30, 0x30, 0x30, 0x30, 0x30, 0x30, 0x30, 0x30, 0x30, 0x30,
	0x30, 0x30, 0x30, 0x30, 0x30, 0x30, 0x30, 0x30, 0x30, 0x30, 0x30, 0x30, 0x30, 0x30, 0x30, 0x30,
	0x30, 0x30, 0x30, 0x30, 0x30, 0x30, 0x30, 0x30, 0x30, 0x30, 0x30, 0x30, 0x30, 0x30, 0x30, 0x30,
	0x30, 0x30, 0x30, 0x30, 0x30, 0x30, 0x30, 0x30, 0x30, 0x30, 0x30, 0x30, 0x30, 0x30, 0x30, 0x30,
	0x30, 0x30, 0x30, 0x30, 0x30, 0x30, 0x30, 0x30, 0x30, 0x30, 0x30, 0x30, 0x30, 0x30, 0x30, 0x30,
	0x30, 0x30, 0x30, 0x30, 0x30, 0x30, 0x30, 0x30, 0x30, 0x30, 0x30, 0x30, 0x30, 0x30, 0x30, 0x30,
	0x30, 0x30, 0x30, 0x30, 0x30, 0x30, 0x30, 0x30, 0x30, 0x30, 0x30, 0x30, 0x30, 0x30, 0x30, 0x30,
	0x30, 0x30, 0x30, 0x30, 0x30, 0x30, 0x30, 0x30, 0x30, 0x30, 0x30, 0x30, 0x30, 0x30, 0x30, 0x30,
	0x30, 0x30, 0x30, 0x30, 0x30, 0x30, 0x30, 0x30, 0x30, 0x30, 0x30, 0x30, 0x30, 0x30, 0x30, 0x30,
	0x30, 0x30, 0x30, 0x30, 0x30, 0x30, 0x30, 0x30, 0x30, 0x30, 0x30, 0x30, 0x30, 0x30, 0x30, 0x30,
	0x30, 0x30, 0x30, 0x30, 0x30, 0x30, 0x30, 0x30, 0x30, 0x30, 0x30, 0x30, 0x30, 0x30, 0x30, 0x30,
	0x30, 0x30, 0x30, 0x30, 0x30, 0x30, 0x30, 0x30, 0x30, 0x30, 0x30, 0x30, 0x30, 0x30, 0x30, 0x30,
	0x30, 0x30, 0x30, 0x30, 0x30, 0x30, 0x30, 0x30, 0x30, 0x30, 0x30, 0x30, 0x30, 0x30, 0x30, 0x30,
	0x30, 0x30, 0x30, 0x30, 0x30, 0x30, 0x30, 0x30, 0x30, 0x30, 0x30, 0x30, 0x30, 0x30, 0x30, 0x30,
	0x30, 0x30, 0x30, 0x30, 0x30, 0x30, 0x30, 0x30, 0x30, 0x30, 0x30, 0x30, 0x30, 0x30, 0x30, 0x30,
	0x30, 0x30, 0x30, 0x30, 0x30, 0x30, 0x30, 0x30, 0x30, 0x30, 0x30, 0x30, 0x30, 0x30, 0x30, 0x30,
	0x30, 0x30, 0x30, 0x30, 0x30, 0x30, 0x30, 0x30, 0x30, 0x30, 0x30, 0x30, 0x30, 0x30, 0x30, 0x30,
	0x30, 0x30, 0x30, 0x30, 0x30, 0x30, 0x30, 0x30, 0x30, 0x30, 0x30, 0x30, 0x30, 0x30, 0x30, 0x30,
	0x30, 0x30, 0x30, 0x30, 0x30, 0x30, 0x30, 0x30, 0x30, 0x30, 0x30, 0x30, 0x30, 0x30, 0x30, 0x30,
	0x30, 0x30, 0x30, 0x30, 0x30, 0x30, 0x30, 0x30, 0x30, 0x30, 0x30, 0x30, 0x30, 0x30, 0x30, 0x30,
	0x30, 0x30, 0x30, 0x30, 0x30, 0x30, 0x30, 0x30, 0x30, 0x30, 0x30, 0x30, 0x30, 0x30, 0x30, 0x30,
	0x30, 0x30, 0x30, 0x30, 0x30, 0x30, 0x30, 0x30, 0x30, 0x30, 0x30, 0x30, 0x30, 0x30, 0x30, 0x30,
	0x30, 0x30, 0x30, 0x30, 0x30, 0x30, 0x30, 0x30, 0x30, 0x30, 0x30, 0x30, 0x30, 0x30, 0x30, 0x30,
	0x30, 0x30, 0x30, 0x30, 0x30, 0x30, 0x30, 0x30, 0x30, 0x30, 0x30, 0x30, 0x30, 0x30, 0x30, 0x30,
	0x30, 0x30, 0x30, 0x30, 0x30, 0x30, 0x30, 0x30, 0x30, 0x30, 0x30, 0x30, 0x30, 0x30, 0x30, 0x30,
	0x30, 0x30, 0x30, 0x30, 0x30, 0x30, 0x30, 0x30, 0x30, 0x30, 0x30, 0x30, 0x30, 0x30, 0x30, 0x30,
	0x30, 0x30, 0x30, 0x30, 0x30, 0x30, 0x30, 0x30, 0x30, 0x30, 0x30, 0x30, 0x30, 0x30, 0x30, 0x30,
	0x30, 0x30, 0x30, 0x30, 0x30, 0x30, 0x30, 0x30, 0x30, 0x30, 0x30, 0x30, 0x30, 0x30, 0x30, 0x30,
	0x30, 0x30, 0x30, 0x30, 0x30, 0x30, 0x30, 0x30, 0x30, 0x30, 0x30, 0x30, 0x30, 0x30, 0x30, 0x30,
	0x30, 0x30, 0x30, 0x30, 0x30, 0x30, 0x30, 0x30, 0x30, 0x30, 0x30, 0x30, 0x30, 0x30, 0x30, 0x30,
	0x30, 0x30, 0x30, 0x30, 0x30, 0x30, 0x30, 0x30, 0x30, 0x30, 0x30, 0x30, 0x30, 0x30, 0x30, 0x30,
	0x30, 0x30, 0x30, 0x30, 0x30, 0x30, 0x30, 0x30, 0x30, 0x30, 0x30, 0x30, 0x30, 0x30, 0x30, 0x30,
	0x30, 0x30, 0x30, 0x30, 0x30, 0x30, 0x30, 0x30, 0x30, 0x30, 0x30, 0x30, 0x30, 0x30, 0x30, 0x30,
	0x30, 0x30, 0x30, 0x30, 0x30, 0x30, 0x30, 0x30, 0x30, 0x30, 0x30, 0x30, 0x30, 0x30, 0x30, 0x30,
	0x30, 0x30, 0x30, 0x30, 0x30, 0x30, 0x30, 0x30, 0x30, 0x30, 0x30, 0x30, 0x30, 0x30, 0x30, 0x30,
	0x30, 0x30, 0x30, 0x30, 0x30, 0x30, 0x30, 0x30, 0x30, 0x30, 0x30, 0x30, 0x30, 0x30, 0x30, 0x30,
	0x30, 0x30, 0x30, 0x30, 0x30, 0x30, 0x30, 0x30, 0x30, 0x30, 0x30, 0x30, 0x30, 0x30, 0x30, 0x30,
	0x30, 0x30, 0x30, 0x30, 0x30, 0x30, 0x30, 0x30, 0x30, 0x30, 0x30, 0x30, 0x30, 0x30, 0x30, 0x30,
	0xb4, 0xb4, 0xb4, 0xb4, 0xb4, 0xb4, 0xb4, 0xb4, 0xb4, 0xb4, 0xb4, 0xb4, 0xb4, 0xb4, 0xb4, 0xb4,
	0xb4, 0xb4, 0xb4, 0xb4, 0xb4, 0xb4, 0xb4, 0xb4, 0xb4, 0xb4, 0xb4, 0xb4, 0xb4, 0xb4, 0xb4, 0xb4,
	0xb4, 0xb4, 0xb4, 0xb4, 0xb4, 0xb4, 0xb4, 0xb4, 0xb4, 0xb4, 0xb4, 0xb4, 0xb4, 0xb4, 0xb4, 0xb4,
	0xb4, 0xb4, 0xb4, 0xb4, 0xb4, 0xb4, 0xb4, 0xb4, 0xb4, 0xb4, 0xb4, 0xb4, 0xb4, 0xb4, 0xb4, 0xb4,
	0xb4, 0xb4, 0xb4, 0xb4, 0xb4, 0xb4, 0xb4, 0xb4, 0xb4, 0xb4, 0xb4, 0xb4, 0xb4, 0xb4, 0xb4, 0xb4,
	0xb4, 0xb4, 0xb4, 0xb4, 0xb4, 0xb4, 0xb4, 0xb4, 0xb4, 0xb4, 0xb4, 0xb4, 0xb4, 0xb4, 0xb4, 0xb4,
	0xb4, 0xb4, 0xb4, 0xb4, 0xb4, 0xb4, 0xb4, 0xb4, 0xb4, 0xb4, 0xb4, 0xb4, 0xb4, 0xb4, 0xb4, 0xb4,
	0xb4, 0xb4, 0xb4, 0xb4, 0xb4, 0xb4, 0xb4, 0xb4, 0xb4, 0xb4, 0xb4, 0xb4, 0xb4, 0xb4, 0xb4, 0xb4,
	0xb4, 0xb4, 0xb4, 0xb4, 0xb4, 0xb4, 0xb4, 0xb4, 0xb4, 0xb4, 0xb4, 0xb4, 0xb4, 0xb4, 0xb4, 0xb4,
	0xb4, 0xb4, 0xb4, 0xb4, 0xb4, 0xb4, 0xb4, 0xb4, 0xb4, 0xb4, 0xb4, 0xb4, 0xb4, 0xb4, 0xb4, 0xb4,
	0xb4, 0xb4, 0xb4, 0xb4, 0xb4, 0xb4, 0xb4, 0xb4, 0xb4, 0xb4, 0xb4, 0xb4, 0xb4, 0xb4, 0xb4, 0xb4,
	0xb4, 0xb4, 0xb4, 0xb4, 0xb4, 0xb4, 0xb4, 0xb4, 0xb4, 0xb4, 0xb4, 0xb4, 0xb4, 0xb4, 0xb4, 0xb4,
	0xb4, 0xb4, 0xb4, 0xb4, 0xb4, 0xb4, 0xb4, 0xb4, 0xb4, 0xb4, 0xb4, 0xb4, 0xb4, 0xb4, 0xb4, 0xb4,
	0xb4, 0xb4, 0xb4, 0xb4, 0xb4, 0xb4, 0xb4, 0xb4, 0xb4, 0xb4, 0xb4, 0xb4, 0xb4, 0xb4, 0xb4, 0xb4,
	0xb4, 0xb4, 0xb4, 0xb4, 0xb4, 0xb4, 0xb4, 0xb4, 0xb4, 0xb4, 0xb4, 0xb4, 0xb4, 0xb4, 0xb4, 0xb4,
	0xb4, 0xb4, 0xb4, 0xb4, 0xb4, 0xb4, 0xb4, 0xb4, 0xb4, 0xb4, 0xb4, 0xb4, 0xb4, 0xb4, 0xb4, 0xb4,
	0xb4, 0xb4, 0xb4, 0xb4, 0xb4, 0xb4, 0xb4, 0xb4, 0xb4, 0xb4, 0xb4, 0xb4, 0xb4, 0xb4, 0xb4, 0xb4,
	0xb4, 0xb4, 0xb4, 0xb4, 0xb4, 0xb4, 0xb4, 0xb4, 0xb4, 0xb4, 0xb4, 0xb4, 0xb4, 0xb4, 0xb4, 0xb4,
	0xb4, 0xb4, 0xb4, 0xb4, 0xb4, 0xb4, 0xb4, 0xb4, 0xb4, 0xb4, 0xb4, 0xb4, 0xb4, 0xb4, 0xb4, 0xb4,
	0xb4, 0xb4, 0xb4, 0xb4, 0xb4, 0xb4, 0xb4, 0xb4, 0xb4, 0xb4, 0xb4, 0xb4, 0xb4, 0xb4, 0xb4, 0xb4,
	0xb4, 0xb4, 0xb4, 0xb4, 0xb4, 0xb4, 0xb4, 0xb4, 0xb4, 0xb4, 0xb4, 0xb4, 0xb4, 0xb4, 0xb4, 0xb4,
	0xb4, 0xb4, 0xb4, 0xb4, 0xb4, 0xb4, 0xb4, 0xb4, 0xb4, 0xb4, 0xb4, 0xb4, 0xb4, 0x91, 0x30, 0x30,
	0x89, 0x89, 0x89, 0x89, 0x89, 0x89, 0x89, 0x89, 0x89, 0x89, 0x89, 0x89, 0x89, 0x89, 0x89, 0x89,
	0x89, 0x89, 0x89, 0x89, 0x89, 0x89, 0x89, 0x89, 0x89, 0x89, 0x89, 0x89, 0x89, 0x89, 0x89, 0x89,
	0x30, 0x30, 0x30, 0x30, 0x30, 0x30, 0x30, 0x30, 0x30, 0x30, 0x30, 0x30, 0x30, 0x30, 0x30, 0x30,
	0x30, 0x30, 0x30, 0x30, 0x30, 0x30, 0x30, 0x30, 0x30, 0x30, 0x30, 0x30, 0x30, 0x30, 0x30, 0x30,
	0x30, 0x30, 0x30, 0x30, 0x30, 0x30, 0x30, 0x30, 0x30, 0x30, 0x30, 0x30, 0x30, 0x30, 0x30, 0x30,
	0x30, 0x30, 0x30, 0x30, 0x30, 0x30, 0x30, 0x30, 0x30, 0x30, 0x30, 0x30, 0x30, 0x30, 0x30, 0x30,
	0x30, 0x30, 0x30, 0x30, 0x30, 0x30, 0x30, 0x30, 0x30, 0x30, 0x30, 0x30, 0x30, 0x30, 0x30, 0x30,
	0x30, 0x30, 0x30, 0x30, 0x30, 0x30, 0x30, 0x30, 0x30, 0x30, 0x30, 0x30, 0x30, 0x30, 0x30, 0x30,
	0x30, 0x30, 0x30, 0x30, 0x30, 0x30, 0x30, 0x30, 0x30, 0x30, 0x30, 0x30, 0x30, 0x30, 0x30, 0x30,
	0x30, 0x30, 0x30, 0x30, 0x30, 0x30, 0x30, 0x30, 0x30, 0x30, 0x30, 0x30, 0x30, 0x30, 0x30, 0x30,
	0x30, 0x30, 0x30, 0x30, 0x30, 0x30, 0x30, 0x30, 0x30, 0x30, 0x30, 0x30, 0x30, 0x30, 0x30, 0x30,
	0x30, 0x30, 0x30, 0x30, 0x30, 0x30, 0x30, 0x30, 0x30, 0x30, 0x30, 0x30, 0x30, 0x30, 0x30, 0x30,
	0x30, 0x30, 0x30, 0x30, 0x30, 0x30, 0x30, 0x30, 0x30, 0x30, 0x30, 0x30, 0x30, 0x30, 0x30, 0x30,
	0x30, 0x30, 0x30, 0x30, 0x30, 0x30, 0x30, 0x30, 0x30, 0x30, 0x30, 0x30, 0x30, 0x30, 0x30, 0x30,
	0x30, 0x30, 0x30, 0x30, 0x30, 0x30, 0x30, 0x30, 0x30, 0x30, 0x30, 0x30, 0x30, 0x30, 0x30, 0x30,
	0x30, 0x30, 0x30, 0x30, 0x30, 0x30, 0x30, 0x30, 0x30, 0x30, 0x30, 0x30, 0x30, 0x30, 0x30, 0x30,
	0x30, 0x30, 0x30, 0x30, 0x30, 0x30, 0x30, 0x30, 0x30, 0x30, 0x30, 0x30, 0x30, 0x30, 0x30, 0x30,
	0x30, 0x30, 0x30, 0x30, 0x30, 0x30, 0x30, 0x30, 0x30, 0x30, 0x30, 0x30, 0x30, 0x30, 0x30, 0x30,
	0x30, 0x30, 0x30, 0x30, 0x30, 0x30, 0x30, 0x30, 0x30, 0x30, 0x30, 0x30, 0x30, 0x30, 0x30, 0x30,
	0x30, 0x30, 0x30, 0x30, 0x30, 0x30, 0x30, 0x30, 0x30, 0x30, 0x30, 0x30, 0x30, 0x30, 0x30, 0x30,
	0x30, 0x30, 0x30, 0x30, 0x30, 0x30, 0x30, 0x30, 0x30, 0x30, 0x30, 0x30, 0x30, 0x30, 0x30, 0x30,
	0x30, 0x30, 0x30, 0x30, 0x30, 0x30, 0x30, 0x30, 0x30, 0x30, 0x30, 0x30, 0x30, 0x30, 0x30, 0x30,
	0x80, 0x80, 0xc0, 0x100, 0x140, 0x17c, 0x1b0, 0x1e4, 0xc0, 0xc0, 0xc0, 0xc0, 0xc0, 0xc0, 0xc0, 0xc0,
	0xc0, 0xc0, 0xc0, 0xc0, 0xc0, 0xc0, 0xc0, 0xc0, 0xc0, 0xc0, 0xc0, 0xc0, 0xc0, 0xc0, 0xc0, 0xc0
};

static constexpr uint32_t s_coll_igTrieData[756] = {
	0xcb, 0x0, 0x0, 0x0, 0x0, 0x0, 0x0, 0x0,
	0x0, 0x3040505, 0x3060505, 0x3080505, 0x30a0505, 0x30c0505, 0x0, 0x0,
	0x0, 0x0, 0x0, 0x0, 0x0, 0x0, 0x0, 0x0,
	0x0, 0x0, 0x0, 0x0, 0x0, 0x0, 0x0, 0x0,
	0x4000505, 0x75a0505, 0x9760505, 0xa940505, 0xda90505, 0xa960505, 0xa8e0505, 0x9700505,
	0x97c0505, 0x97e0505, 0xa7e0505, 0xc7b0505, 0x6000505, 0x50e0505, 0x8000505, 0xa880505,
	0x3120ca, 0x3141ca, 0x3162ca, 0x3183ca, 0x31a4ca, 0x31c5ca, 0x31e6ca, 0x3207ca,
	0x3228ca, 0x3249ca, 0x7360505, 0x72a0505, 0xc850505, 0xc870505, 0xc890505, 0x7640505,
	0xa7c0505, 0x2b00059c, 0x2d00059c, 0xc9, 0x3100059c, 0x3300059c, 0x3500059c, 0x760c9,
	0x3900059c, 0x1886c9, 0x3d00059c, 0x1940c9, 0x4100059c, 0x4300059c, 0x2304c9, 0x33a6c9,
	0x4900059c, 0x4b00059c, 0x4d00059c, 0x3480c9, 0x5100059c, 0x3c46c9, 0x5500059c, 0x570005a0,
	0x5900059c, 0x5b00059c, 0x5d00059c, 0x9800505, 0xa8a0505, 0x9820505, 0xc0a0505, 0x50a0505,
	0xc040505, 0x2b000505, 0x2d000505, 0x3d20c9, 0x31000505, 0x33000505, 0x35000505, 0x4120c9,
	0x39000505, 0x4a66c9, 0x3d000505, 0x4b20c9, 0x41000505, 0x43000505, 0x5064c9, 0x5966c9,
	0x49000505, 0x4b000505, 0x4d000505, 0x5a40c9, 0x51000505, 0x5e66c9, 0x55000505, 0x57000505,
	0x59000505, 0x5b000505, 0x5d000505, 0x9840505, 0xc8d0505, 0x9860505, 0xc910505, 0x0,
	0xfffd0505, 0xfffd0505, 0xfffd0505, 0xfffd0505, 0xfffd0505, 0xfffd0505, 0xfffd0505, 0xfffd0505,
	0xfffd0505, 0xfffd0505, 0xfffd0505, 0xfffd0505, 0xfffd0505, 0xfffd0505, 0xfffd0505, 0xfffd0505,
	0xfffd0505, 0xfffd0505, 0xfffd0505, 0xfffd0505, 0xfffd0505, 0xfffd0505, 0xfffd0505, 0xfffd0505,
	0xfffd0505, 0xfffd0505, 0xfffd0505, 0xfffd0505, 0xfffd0505, 0xfffd0505, 0xfffd0505, 0xfffd0505,
	0xfffd0505, 0xfffd0505, 0xfffd0505, 0xfffd0505, 0xfffd0505, 0xfffd0505, 0xfffd0505, 0xfffd0505,
	0xfffd0505, 0xfffd0505, 0xfffd0505, 0xfffd0505, 0xfffd0505, 0xfffd0505, 0xfffd0505, 0xfffd0505,
	0xfffd0505, 0xfffd0505, 0xfffd0505, 0xfffd0505, 0xfffd0505, 0xfffd0505, 0xfffd0505, 0xfffd0505,
	0xfffd0505, 0xfffd0505, 0xfffd0505, 0xfffd0505, 0xfffd0505, 0xfffd0505, 0xfffd0505, 0xfffd0505,
	0xc0, 0xc0, 0xc0, 0xc0, 0xc0, 0xc0, 0xc0, 0xc0,
	0xc0, 0xc0, 0xc0, 0xc0, 0xc0, 0xc0, 0xc0, 0xc0,
	0xc0, 0xc0, 0xc0, 0xc0, 0xc0, 0xc0, 0xc0, 0xc0,
	0xc0, 0xc0, 0xc0, 0xc0, 0xc0, 0xc0, 0xc0, 0xc0,
	0xc0, 0xc0, 0xc0, 0xc0, 0xc0, 0xc0, 0xc0, 0xc0,
	0xc0, 0xc0, 0xc0, 0xc0, 0xc0, 0xc0, 0xc0, 0xc0,
	0xc0, 0xc0, 0xc0, 0xc0, 0xc0, 0xc0, 0xc0, 0xc0,
	0xc0, 0xc0, 0xc0, 0xc0, 0xc0, 0xc0, 0xc0, 0xc0,
	0x2b9c8ac4, 0x2b9c88c4, 0x2b9c8ec4, 0x2b9c9ac4, 0x2b9c96c4, 0x2b9c92c4, 0x3062c5, 0x2f9ca0c4,
	0x339c8ac4, 0x339c88c4, 0x339c8ec4, 0x339c96c4, 0x3b9c8ac4, 0x3b9c88c4, 0x3b9c8ec4, 0x3b9c96c4,
	0x310070a0, 0x459c9ac4, 0x479c8ac4, 0x479c88c4, 0x479c8ec4, 0x479c9ac4, 0x479c96c4, 0xc830505,
	0x479c9ec4, 0x539c8ac4, 0x539c88c4, 0x539c8ec4, 0x539c96c4, 0x5b9c88c4, 0x5e2805a0, 0x30a2c5,
	0x2b058ac4, 0x2b0588c4, 0x2b058ec4, 0x2b059ac4, 0x2b0596c4, 0x2b0592c4, 0x30e2c5, 0x2f05a0c4,
	0x33058ac4, 0x330588c4, 0x33058ec4, 0x330596c4, 0x3b058ac4, 0x3b0588c4, 0x3b058ec4, 0x3b0596c4,
	0x31007005, 0x45059ac4, 0x47058ac4, 0x470588c4, 0x47058ec4, 0x47059ac4, 0x470596c4, 0xc810505,
	0x47059ec4, 0x53058ac4, 0x530588c4, 0x53058ec4, 0x530596c4, 0x5b0588c4, 0x5e280505, 0x5b0596c4,
	0xc0, 0xc0, 0xc0, 0xc0, 0xc0, 0xc0, 0xc0, 0xc0,
	0xc0, 0xc0, 0xc0, 0xc0, 0xc0, 0xc0, 0xc0, 0xc0,
	0xc0, 0xc0, 0xc0, 0xc0, 0xc0, 0xc0, 0xc0, 0xc0,
	0xc0, 0xc0, 0xc0, 0xc0, 0xc0, 0xc0, 0xc0, 0xc0,
	0xc0, 0xc0, 0xc0, 0xc0, 0xc0, 0xc0, 0xc0, 0xc0,
	0xc0, 0xc0, 0xc0, 0xc0, 0xc0, 0xc0, 0x5f46c9, 0x6006c9,
	0xc0, 0xc0, 0xc0, 0xc0, 0xc0, 0xc0, 0xc0, 0xc0,
	0xc0, 0xc0, 0xc0, 0xc0, 0xc0, 0xc0, 0xc0, 0xc0,
	0xc0, 0x60c6c9, 0x6186c9, 0xc0, 0xc0, 0xc0, 0xc0, 0xc0,
	0xc0, 0xc0, 0xc0, 0xc0, 0xc0, 0xc0, 0xc0, 0xc0,
	0xc0, 0xc0, 0xc0, 0xc0, 0xc0, 0xc0, 0xc0, 0xc0,
	0xc0, 0xc0, 0xc0, 0xc0, 0xc0, 0xc0, 0xc0, 0xc0,
	0xc0, 0xc0, 0xc0, 0xc0, 0xc0, 0xc0, 0xc0, 0xc0,
	0xc0, 0xc0, 0xc0, 0xc0, 0xc0, 0xc0, 0x6246c9, 0x6306c9,
	0xc0, 0xc0, 0xc0, 0xc0, 0xc0, 0xc0, 0xc0, 0xc0,
	0xc0, 0xc0, 0xc0, 0xc0, 0xc0, 0xc0, 0xc0, 0xc0,
	0xc0, 0xc0, 0xc0, 0xc0, 0xc0, 0xc0, 0xc0, 0xc0,
	0xc0, 0xc0, 0xc0, 0xc0, 0xc0, 0xc0, 0xc0, 0xc0,
	0x63c6c9, 0x6486c9, 0xc0, 0xc0, 0xc0, 0xc0, 0xc0, 0xc0,
	0xc0, 0xc0, 0xc0, 0xc0, 0xc0, 0xc0, 0xc0, 0x6546c9,
	0x6606c9, 0xc0, 0xc0, 0xc0, 0xc0, 0xc0, 0xc0, 0xc0,
	0xc0, 0xc0, 0xc0, 0xc0, 0xc0, 0xc0, 0xc0, 0xc0,
	0xc0, 0xc0, 0xc0, 0xc0, 0xc0, 0xc0, 0xc0, 0xc0,
	0xc0, 0xc0, 0xc0, 0xc0, 0xc0, 0xc0, 0xc0, 0xc0,
	0xc0, 0xc0, 0xc0, 0xc0, 0xc0, 0xc0, 0xc0, 0xc0,
	0xc0, 0xc0, 0xc0, 0xc0, 0xc0, 0xc0, 0x66c6c9, 0x6786c9,
	0xc0, 0xc0, 0xc0, 0xc0, 0xc0, 0xc0, 0xc0, 0xc0,
	0xc0, 0xc0, 0xc0, 0xc0, 0xc0, 0xc0, 0xc0, 0xc0,
	0xc0, 0xc0, 0xc0, 0xc0, 0x1cd, 0x1cd, 0x1cd, 0x1cd,
	0x1cd, 0x1cd, 0x1cd, 0x1cd, 0x1cd, 0x1cd, 0x1cd, 0x1cd,
	0x1cd, 0x1cd, 0x1cd, 0x1cd, 0x1cd, 0x1cd, 0x1cd, 0x1cd,
	0x1cd, 0x1cd, 0x1cd, 0x1cd, 0x1cd, 0x1cd, 0x1cd, 0x1cd,
	0x1cd, 0x1cd, 0x1cd, 0x1cd, 0x1cc, 0x1cc, 0x1cc, 0x1cc,
	0xc0, 0xc0, 0xc0, 0xc0, 0xc0, 0xc0, 0xc0, 0xc0,
	0xc0, 0xc0, 0xc0, 0xc0, 0xc0, 0xc0, 0xc0, 0xc0,
	0xc0, 0xc0, 0xc0, 0xc0, 0xc0, 0xc0, 0xc0, 0xc0,
	0xc0, 0xc0, 0xc0, 0xc0, 0x46020586, 0x46020505, 0x6846c9, 0x6906c9,
	0x69c6c9, 0x6a86c9, 0x6b46c9, 0x6c06c9, 0xc0, 0xc0, 0xc0, 0xc0,
	0xc0, 0xc0, 0xc0, 0xc0, 0xc0, 0xc0, 0xc0, 0xc0,
	0xc0, 0xc0, 0xc0, 0xc0, 0xc0, 0xc0, 0xc0, 0xc0,
	0xc0, 0xc0, 0x3c020586, 0x3c020505, 0x48020586, 0x48020505, 0xc0, 0xc0,
	0xc0, 0xc0, 0xc0, 0xc0, 0xc0, 0xc0, 0xc0, 0xc0,
	0x2fe2c5, 0x3022c5, 0xc0, 0xc0, 0xc0, 0xc0, 0xc0, 0xc0,
	0xc0, 0xc0, 0x2ce2c5, 0x2d22c5, 0x54020586, 0x54020505, 0xc0, 0xc0,
	0xc0, 0xc0, 0xc0, 0xc0, 0xc0, 0xc0, 0xc0, 0xc0,
	0x2d62c5, 0x2da2c5, 0xc0, 0xc0, 0xc0, 0xc0, 0xc0, 0xc0,
	0xc0, 0xc0, 0xc0, 0xc0, 0xc0, 0xc0, 0xc0, 0xc0,
	0xc0, 0xc0, 0x1940c9, 0xc0, 0xc0, 0xc0, 0xc0, 0xc0,
	0xc0, 0xc0, 0xc0, 0xc0, 0xc0, 0xc0, 0xc0, 0xc0,
	0xc0, 0xc0, 0xc0, 0xc0, 0xc0, 0xc0, 0xc0, 0xc0,
	0x1cc, 0x1cc, 0x1cc, 0x1cc, 0x1cc, 0x1cc, 0x1cc, 0x1cc,
	0x1cc, 0x1cc, 0x1cc, 0x1cc, 0x1cc, 0x1cc, 0x1cc, 0x1cc,
	0x1cc, 0x1cc, 0x1cc, 0x1cc, 0x1cc, 0x1cc, 0x1cc, 0x1cc,
	0x1cc, 0x1cc, 0x1cc, 0x1cc, 0x1cc, 0x1cc, 0x1cc, 0x1cc,
	0xc0, 0xc0, 0xc0, 0xc0
};

static constexpr int32_t s_coll_igTrieIndexLength = 2112;
static constexpr int32_t s_coll_igTrieDataLength = 756;
static constexpr char32_t s_coll_igTrieHighStart = 0xe000;
static constexpr int32_t s_coll_igTrieHighValueIndex = 752;

static constexpr uint32_t s_coll_igCe32s[403] = {
	0x0, 0x2e020587, 0x8e05, 0x2e020546, 0x8e05, 0x2e020587, 0x9005, 0x2e020546,
	0x9005, 0x2e020587, 0x9c05, 0x2e020546, 0x9c05, 0x2e020587, 0xc405, 0x2e020546,
	0xc405, 0x2e020587, 0x9605, 0x2e020546, 0x9605, 0x2e020587, 0xa005, 0x2e020546,
	0xa005, 0x2e020587, 0xce05, 0x2e020546, 0xce05, 0x2e020546, 0xd205, 0x38030587,
	0x8e05, 0x38030546, 0x8e05, 0x38040587, 0x8e05, 0x38040546, 0x8e05, 0x38030587,
	0x9005, 0x38030546, 0x9005, 0x38020587, 0x9c05, 0x38020546, 0x9c05, 0x38020587,
	0xc405, 0x38020546, 0xc405, 0x38020587, 0xd205, 0x38020546, 0xd205, 0x38030587,
	0x9c05, 0x38030546, 0x9c05, 0x38030587, 0xc405, 0x38030546, 0xc405, 0x38030587,
	0x9605, 0x38030546, 0x9605, 0x38030587, 0xa005, 0x38030546, 0xa005, 0x38030587,
	0xce05, 0x38030546, 0xce05, 0x38040587, 0x8a05, 0x38040546, 0x8a05, 0x38040587,
	0x8805, 0x38040546, 0x8805, 0x38040587, 0x9605, 0x38040546, 0x9605, 0x38040587,
	0x9c05, 0x38040546, 0x9c05, 0x38040587, 0xc405, 0x38040546, 0xc405, 0x38030546,
	0xd205, 0x38040546, 0x9205, 0x40030587, 0x8e05, 0x40030546, 0x8e05, 0x40020587,
	0x8805, 0x40020546, 0x8805, 0x40020587, 0x9c05, 0x40020546, 0x9c05, 0x40030587,
	0x8a05, 0x40030546, 0x8a05, 0x40030587, 0x8805, 0x40030546, 0x8805, 0x40030587,
	0x9605, 0x40030546, 0x9605, 0x40030587, 0x9c05, 0x40030546, 0x9c05, 0x40030587,
	0xc405, 0x40030546, 0xc405, 0x40030546, 0x9205, 0x46040587, 0x8805, 0x46040546,
	0x8805, 0x46040546, 0x9605, 0x46030587, 0x8e05, 0x46030546, 0x8e05, 0x46040587,
	0x8e05, 0x46040546, 0x8e05, 0x46040587, 0x9605, 0x46040587, 0xa405, 0x46040546,
	0xa405, 0x46030587, 0x8a05, 0x46030546, 0x8a05, 0x46030587, 0x8805, 0x46030546,
	0x8805, 0x46030587, 0x9605, 0x46030546, 0x9605, 0x46030587, 0x9c05, 0x46030546,
	0x9c05, 0x46030587, 0xc405, 0x46030546, 0xc405, 0x46040587, 0x9c05, 0x46040546,
	0x9c05, 0x46030546, 0x9205, 0x46040546, 0x9205, 0x46040587, 0x8a05, 0x46040546,
	0x8a05, 0x46040587, 0xc405, 0x46040546, 0xc405, 0x46040587, 0xb605, 0x46040546,
	0xb605, 0x46040587, 0x9a05, 0x46040546, 0x9a05, 0x50020587, 0x8e05, 0x50020546,
	0x8e05, 0x50020587, 0x9005, 0x50020546, 0x9005, 0x50020587, 0x9c05, 0x50020546,
	0x9c05, 0x50020587, 0xc405, 0x50020546, 0xc405, 0x50020587, 0x9605, 0x50020546,
	0x9605, 0x50020587, 0xa005, 0x50020546, 0xa005, 0x50020587, 0xce05, 0x50020546,
	0xce05, 0x50020546, 0xd205, 0x2e020505, 0x8e05, 0x2e020505, 0x9005, 0x2e020505,
	0x9c05, 0x2e020505, 0xc405, 0x2e020505, 0x9605, 0x2e020505, 0xa005, 0x2e020505,
	0xce05, 0x2e020505, 0xd205, 0x38030505, 0x8e05, 0x38040505, 0x8e05, 0x38030505,
	0x9005, 0x38020505, 0x9c05, 0x38020505, 0xc405, 0x38020505, 0xd205, 0x38030505,
	0x9c05, 0x38030505, 0xc405, 0x38030505, 0x9605, 0x38030505, 0xa005, 0x38030505,
	0xce05, 0x38040505, 0x8a05, 0x38040505, 0x8805, 0x38040505, 0x9605, 0x38040505,
	0x9c05, 0x38040505, 0xc405, 0x38030505, 0xd205, 0x38040505, 0x9205, 0x40030505,
	0x8e05, 0x40020505, 0x8805, 0x40020505, 0x9c05, 0x40030505, 0x8a05, 0x40030505,
	0x8805, 0x40030505, 0x9605, 0x40030505, 0x9c05, 0x40030505, 0xc405, 0x40030505,
	0x9205, 0x46040505, 0x8805, 0x46040505, 0x9605, 0x46030505, 0x8e05, 0x46040505,
	0x8e05, 0x46040505, 0xa405, 0x46030505, 0x8a05, 0x46030505, 0x8805, 0x46030505,
	0x9605, 0x46030505, 0x9c05, 0x46030505, 0xc405, 0x46040505, 0x9c05, 0x46030505,
	0x9205, 0x46040505, 0x9205, 0x46040505, 0x8a05, 0x46040505, 0xc405, 0x46040505,
	0xb605, 0x46040505, 0x9a05, 0x50020505, 0x8e05, 0x50020505, 0x9005, 0x50020505,
	0x9c05, 0x50020505, 0xc405, 0x50020505, 0x9605, 0x50020505, 0xa005, 0x50020505,
	0xce05, 0x50020505, 0xd205, 0x3c020586, 0xa205, 0x3c020505, 0xa205, 0x46020586,
	0xa005, 0x46020505, 0xa005, 0x54020586, 0xa205, 0x54020505, 0xa205, 0x48020586,
	0xbe05, 0x48020505, 0xbe05, 0x54020586, 0xbe05, 0x54020505, 0xbe05, 0x48020586,
	0xa205, 0x48020505, 0xa205, 0x46020586, 0xc405, 0x46020505, 0xc405, 0x46020586,
	0xd205, 0x46020505, 0xd205, 0x46020586, 0xcc05, 0x46020505, 0xcc05, 0x48020586,
	0x8e05, 0x48020505, 0x8e05, 0x2b0070a0, 0x330005a2, 0x4f007005, 0x4f000513, 0x2b007005,
	0x33000513, 0x12000505, 0x14000505, 0x16000505, 0x18000505, 0x1a000505, 0x1c000505, 0x1e000505,
	0x20000505, 0x22000505, 0x24000505
};

static constexpr char16_t s_coll_igContexts[870] = {
	0x2f00, 0x59c, 0x10, 0x1e24, 0x1d, 0x1e28, 0xf, 0x1e28, 0xc002, 0xa2c5, 0x1e29, 0xc002,
	0xe2c5, 0x1e2a, 0xc003, 0x22c5, 0x1e2b, 0xc003, 0x62c5, 0x1e96, 0xc003, 0xa2c5, 0x1e24, 0xc001,
	0xa2c5, 0x1e25, 0xc001, 0xe2c5, 0x1e26, 0xc002, 0x22c5, 0x1e27, 0xc002, 0x62c5, 0x21e, 0xc,
	0x21e, 0xc000, 0xa2c5, 0x21f, 0xc000, 0xe2c5, 0x1e22, 0xc001, 0x22c5, 0x1e23, 0xc001, 0x62c5,
	0x48, 0xee02, 0x587, 0x68, 0xee02, 0x546, 0x124, 0xa2c5, 0x125, 0xc000, 0x62c5, 0x3700,
	0x59c, 0x27, 0x1e24, 0x42, 0x1e82, 0x20, 0x1e87, 0xf, 0x1e87, 0xc00b, 0x22c5, 0x1e88,
	0xc00b, 0x62c5, 0x1e89, 0xc00b, 0xa2c5, 0x1e96, 0xc00b, 0xe2c5, 0x1e98, 0xc00c, 0x22c5, 0x1e82,
	0xc009, 0xe2c5, 0x1e83, 0xc00a, 0x22c5, 0x1e84, 0xc00a, 0x62c5, 0x1e85, 0xc00a, 0xa2c5, 0x1e86,
	0xc00a, 0xe2c5, 0x1e29, 0xf, 0x1e29, 0xc008, 0xa2c5, 0x1e2a, 0xc008, 0xe2c5, 0x1e2b, 0xc009,
	0x22c5, 0x1e80, 0xc009, 0x62c5, 0x1e81, 0xc009, 0xa2c5, 0x1e24, 0xc007, 0x62c5, 0x1e25, 0xc007,
	0xa2c5, 0x1e26, 0xc007, 0xe2c5, 0x1e27, 0xc008, 0x22c5, 0x1e28, 0xc008, 0x62c5, 0x21e, 0x20,
	0x1e05, 0xf, 0x1e05, 0xc006, 0x22c5, 0x1e06, 0xc006, 0x62c5, 0x1e07, 0xc006, 0xa2c5, 0x1e22,
	0xc006, 0xe2c5, 0x1e23, 0xc007, 0x22c5, 0x21e, 0xc004, 0xe2c5, 0x21f, 0xc005, 0x22c5, 0x1e02,
	0xc005, 0x62c5, 0x1e03, 0xc005, 0xa2c5, 0x1e04, 0xc005, 0xe2c5, 0x77, 0xf, 0x77, 0xf804,
	0x546, 0x124, 0xc003, 0xe2c5, 0x125, 0xc004, 0x22c5, 0x174, 0xc004, 0x62c5, 0x175, 0xc004,
	0xa2c5, 0x42, 0xf802, 0x587, 0x48, 0xf803, 0x587, 0x57, 0xf804, 0x587, 0x62, 0xf802,
	0x546, 0x68, 0xf803, 0x546, 0x3b00, 0x59c, 0x30, 0x323, 0xfc02, 0x586, 0x3f00, 0x59c,
	0x14, 0x1e80, 0x25, 0x1e85, 0x14, 0x1e88, 0x9, 0x1e88, 0xc00f, 0xe2c5, 0x1e89, 0xc010,
	0x22c5, 0x1e98, 0xc010, 0x62c5, 0x1e85, 0xc00f, 0x22c5, 0x1e86, 0xc00f, 0x62c5, 0x1e87, 0xc00f,
	0xa2c5, 0x1e80, 0xc00d, 0xe2c5, 0x1e81, 0xc00e, 0x22c5, 0x1e82, 0xc00e, 0x62c5, 0x1e83, 0xc00e,
	0xa2c5, 0x1e84, 0xc00e, 0xe2c5, 0x175, 0xf, 0x175, 0xc00c, 0xa2c5, 0x1e54, 0xc00c, 0xe2c5,
	0x1e55, 0xc00d, 0x22c5, 0x1e56, 0xc00d, 0x62c5, 0x1e57, 0xc00d, 0xa2c5, 0x50, 0xffff, 0x4002,
	0x587, 0x57, 0xffff, 0x4003, 0x587, 0x70, 0xffff, 0x4002, 0x546, 0x77, 0xffff, 0x4003,
	0x546, 0x174, 0xc00c, 0x62c5, 0x4500, 0x59c, 0x24, 0x1e83, 0x3f, 0x1e98, 0x20, 0x1ef5,
	0xf, 0x1ef5, 0xc017, 0x62c5, 0x1ef6, 0xc017, 0xa2c5, 0x1ef7, 0xc017, 0xe2c5, 0x1ef8, 0xc018,
	0x22c5, 0x1ef9, 0xc018, 0x62c5, 0x1e98, 0xc016, 0x22c5, 0x1e99, 0xc016, 0x62c5, 0x1ef2, 0xc016,
	0xa2c5, 0x1ef3, 0xc016, 0xe2c5, 0x1ef4, 0xc017, 0x22c5, 0x1e87, 0xf, 0x1e87, 0xc014, 0xe2c5,
	0x1e88, 0xc015, 0x22c5, 0x1e89, 0xc015, 0x62c5, 0x1e8e, 0xc015, 0xa2c5, 0x1e8f, 0xc015, 0xe2c5,
	0x1e83, 0xc013, 0xe2c5, 0x1e84, 0xc014, 0x22c5, 0x1e85, 0xc014, 0x62c5, 0x1e86, 0xc014, 0xa2c5,
	0x176, 0x1e, 0x233, 0x10, 0x233, 0xc012, 0xe2c5, 0x307, 0xffff, 0x4602, 0x586, 0x1e80,
	0xc013, 0x22c5, 0x1e81, 0xc013, 0x62c5, 0x1e82, 0xc013, 0xa2c5, 0x176, 0xc011, 0xe2c5, 0x177,
	0xc012, 0x22c5, 0x178, 0xc012, 0x62c5, 0x232, 0xc012, 0xa2c5, 0xdd, 0xf, 0xdd, 0xc010,
	0xa2c5, 0xfd, 0xc010, 0xe2c5, 0xff, 0xc011, 0x22c5, 0x174, 0xc011, 0x62c5, 0x175, 0xc011,
	0xa2c5, 0x57, 0xffff, 0x4603, 0x587, 0x59, 0xffff, 0x4604, 0x587, 0x77, 0xffff, 0x4603,
	0x546, 0x79, 0xffff, 0x4604, 0x546, 0x4700, 0x59c, 0x30, 0x323, 0xffff, 0x4802, 0x586,
	0x4f00, 0x59c, 0x10, 0x1e24, 0x1d, 0x1e28, 0xf, 0x1e28, 0xc01b, 0x22c5, 0x1e29, 0xc01b,
	0x62c5, 0x1e2a, 0xc01b, 0xa2c5, 0x1e2b, 0xc01b, 0xe2c5, 0x1e96, 0xc01c, 0x22c5, 0x1e24, 0xc01a,
	0x22c5, 0x1e25, 0xc01a, 0x62c5, 0x1e26, 0xc01a, 0xa2c5, 0x1e27, 0xc01a, 0xe2c5, 0x21e, 0xc,
	0x21e, 0xc019, 0x22c5, 0x21f, 0xc019, 0x62c5, 0x1e22, 0xc019, 0xa2c5, 0x1e23, 0xc019, 0xe2c5,
	0x48, 0xffff, 0x5002, 0x587, 0x68, 0xffff, 0x5002, 0x546, 0x124, 0xc018, 0xa2c5, 0x125,
	0xc018, 0xe2c5, 0x5300, 0x59c, 0x30, 0x323, 0xffff, 0x5402, 0x586, 0x2f00, 0x505, 0x8,
	0x1e25, 0xf, 0x1e25, 0xc01d, 0x22c5, 0x1e27, 0xc01d, 0x62c5, 0x1e29, 0xc01d, 0xa2c5, 0x1e2b,
	0xc01d, 0xe2c5, 0x1e96, 0xc01e, 0x22c5, 0x68, 0xee02, 0x505, 0x125, 0xc01c, 0x62c5, 0x21f,
	0xc01c, 0xa2c5, 0x1e23, 0xc01c, 0xe2c5, 0x3700, 0x505, 0x14, 0x1e25, 0x25, 0x1e83, 0x14,
	0x1e89, 0x9, 0x1e89, 0xc022, 0x22c5, 0x1e96, 0xc022, 0x62c5, 0x1e98, 0xc022, 0xa2c5, 0x1e83,
	0xc021, 0x62c5, 0x1e85, 0xc021, 0xa2c5, 0x1e87, 0xc021, 0xe2c5, 0x1e25, 0xc020, 0x22c5, 0x1e27,
	0xc020, 0x62c5, 0x1e29, 0xc020, 0xa2c5, 0x1e2b, 0xc020, 0xe2c5, 0x1e81, 0xc021, 0x22c5, 0x21f,
	0xf, 0x21f, 0xc01e, 0xe2c5, 0x1e03, 0xc01f, 0x22c5, 0x1e05, 0xc01f, 0x62c5, 0x1e07, 0xc01f,
	0xa2c5, 0x1e23, 0xc01f, 0xe2c5, 0x62, 0xf802, 0x505, 0x68, 0xf803, 0x505, 0x77, 0xf804,
	0x505, 0x125, 0xc01e, 0x62c5, 0x175, 0xc01e, 0xa2c5, 0x3b00, 0x505, 0x30, 0x323, 0xfc02,
	0x505, 0x3f00, 0x505, 0xa, 0x1e81, 0x14, 0x1e87, 0x9, 0x1e87, 0xc024, 0x62c5, 0x1e89,
	0xc024, 0xa2c5, 0x1e98, 0xc024, 0xe2c5, 0x1e81, 0xc023, 0xa2c5, 0x1e83, 0xc023, 0xe2c5, 0x1e85,
	0xc024, 0x22c5, 0x70, 0xffff, 0x4002, 0x505, 0x77, 0xffff, 0x4003, 0x505, 0x175, 0xc022,
	0xe2c5, 0x1e55, 0xc023, 0x22c5, 0x1e57, 0xc023, 0x62c5, 0x4500, 0x505, 0x13, 0x1e85, 0x20,
	0x1e99, 0xf, 0x1e99, 0xc028, 0x22c5, 0x1ef3, 0xc028, 0x62c5, 0x1ef5, 0xc028, 0xa2c5, 0x1ef7,
	0xc028, 0xe2c5, 0x1ef9, 0xc029, 0x22c5, 0x1e85, 0xc026, 0xe2c5, 0x1e87, 0xc027, 0x22c5, 0x1e89,
	0xc027, 0x62c5, 0x1e8f, 0xc027, 0xa2c5, 0x1e98, 0xc027, 0xe2c5, 0x177, 0x10, 0x177, 0xc025,
	0xe2c5, 0x233, 0xc026, 0x22c5, 0x307, 0xffff, 0x4602, 0x505, 0x1e81, 0xc026, 0x62c5, 0x1e83,
	0xc026, 0xa2c5, 0x77, 0xffff, 0x4603, 0x505, 0x79, 0xffff, 0x4604, 0x505, 0xfd, 0xc025,
	0x22c5, 0xff, 0xc025, 0x62c5, 0x175, 0xc025, 0xa2c5, 0x4700, 0x505, 0x30, 0x323, 0xffff,
	0x4802, 0x505, 0x4f00, 0x505, 0x8, 0x1e25, 0xf, 0x1e25, 0xc02a, 0x22c5, 0x1e27, 0xc02a,
	0x62c5, 0x1e29, 0xc02a, 0xa2c5, 0x1e2b, 0xc02a, 0xe2c5, 0x1e96, 0xc02b, 0x22c5, 0x68, 0xffff,
	0x5002, 0x505, 0x125, 0xc029, 0x62c5, 0x21f, 0xc029, 0xa2c5, 0x1e23, 0xc029, 0xe2c5, 0x5300,
	0x505, 0x30, 0x323, 0xffff, 0x5402, 0x505, 0x3b9c, 0xa2c4, 0x30, 0x323, 0xc02b, 0x62c5,
	0x3b05, 0xa2c4, 0x30, 0x323, 0xc02b, 0xa2c5, 0x459c, 0xa0c4, 0x30, 0x307, 0xc02b, 0xe2c5,
	0x4505, 0xa0c4, 0x30, 0x307, 0xc02c, 0x22c5, 0x539c, 0xa2c4, 0x30, 0x323, 0xc02c, 0x62c5,
	0x5305, 0xa2c4, 0x30, 0x323, 0xc02c, 0xa2c5, 0x479c, 0xbec4, 0x30, 0x323, 0xc02c, 0xe2c5,
	0x4705, 0xbec4, 0x30, 0x323, 0xc02d, 0x22c5, 0x539c, 0xbec4, 0x30, 0x323, 0xc02d, 0x62c5,
	0x5305, 0xbec4, 0x30, 0x323, 0xc02d, 0xa2c5, 0x479c, 0xa2c4, 0x30, 0x323, 0xc02d, 0xe2c5,
	0x4705, 0xa2c4, 0x30, 0x323, 0xc02e, 0x22c5, 0x459c, 0xc4c4, 0x30, 0x307, 0xc02e, 0x62c5,
	0x4505, 0xc4c4, 0x30, 0x307, 0xc02e, 0xa2c5, 0x459c, 0xd2c4, 0x30, 0x307, 0xc02e, 0xe2c5,
	0x4505, 0xd2c4, 0x30, 0x307, 0xc02f, 0x22c5, 0x459c, 0xccc4, 0x30, 0x307, 0xc02f, 0x62c5,
	0x4505, 0xccc4, 0x30, 0x307, 0xc02f, 0xa2c5
};

static constexpr uint16_t s_coll_igFastLatin[632] = {
	0x205, 0xc40, 0xde0, 0xe80, 0xea8, 0x418, 0x0, 0x0, 0x0, 0x0, 0x0, 0x0,
	0x0, 0x0, 0xc00, 0xc08, 0xc10, 0xc18, 0xc20, 0x0, 0x0, 0x0, 0x0, 0x0,
	0x0, 0x0, 0x0, 0x0, 0x0, 0x0, 0x0, 0x0, 0x0, 0x0, 0x0, 0x0,
	0x0, 0xc40, 0xca8, 0xcf0, 0xd78, 0xe98, 0xd80, 0xd70, 0xcd8, 0xd08, 0xd10, 0xd58,
	0xe30, 0xc90, 0xc60, 0xcd0, 0xd60, 0x10a8, 0x14a8, 0x18a8, 0x1ca8, 0x20a8, 0x24a8, 0x28a8,
	0x2ca8, 0x30a8, 0x34a8, 0xca0, 0xc98, 0xe50, 0xe58, 0xe60, 0xcb8, 0xd50, 0x38b9, 0x3cb9,
	0x41a, 0x48b9, 0x4cba, 0x50b9, 0x424, 0x64b9, 0x43a, 0x70ba, 0x43c, 0x80b9, 0x84b9, 0x44a,
	0x464, 0x9cb9, 0xa0b9, 0xa8b9, 0x466, 0xb4b9, 0x470, 0xc0b9, 0xc4b9, 0xc8b9, 0xccb9, 0xd0b9,
	0xd18, 0xd68, 0xd20, 0xdf8, 0xc50, 0xde8, 0x38a8, 0x3ca8, 0x472, 0x48a8, 0x4ca8, 0x50a8,
	0x478, 0x64a8, 0x484, 0x70a8, 0x486, 0x80a8, 0x84a8, 0x48e, 0x49c, 0x9ca8, 0xa0a8, 0xa8a8,
	0x49e, 0xb4a8, 0x4a4, 0xc0a8, 0xc4a8, 0xc8a8, 0xcca8, 0xd0a8, 0xd28, 0xe70, 0xd30, 0xe80,
	0x0, 0x0, 0x0, 0x0, 0x0, 0x0, 0xc28, 0x0, 0x0, 0x0, 0x0, 0x0,
	0x0, 0x0, 0x0, 0x0, 0x0, 0x0, 0x0, 0x0, 0x0, 0x0, 0x0, 0x0,
	0x0, 0x0, 0x0, 0x0, 0x0, 0x0, 0x0, 0x0, 0x0, 0xc42, 0xcb0, 0xe90,
	0xea0, 0xe88, 0xea8, 0xe78, 0xd40, 0xe08, 0xe20, 0x38aa, 0xcf8, 0xe68, 0x0, 0xe28,
	0xe00, 0xe18, 0xe38, 0x18a9, 0x1ca9, 0xdf0, 0x1, 0xd48, 0x1, 0xe10, 0x14a9, 0x98aa,
	0xd00, 0x1, 0x1, 0x1, 0xcc0, 0x39b9, 0x3999, 0x39f9, 0x3a99, 0x3a59, 0x3a39, 0x800,
	0x46f9, 0x4dba, 0x4d9a, 0x4dfa, 0x4e5a, 0x69ba, 0x699a, 0x69fa, 0x6a5a, 0x48d9, 0x8a9a, 0x99b9,
	0x9999, 0x99f9, 0x9a99, 0x9a59, 0xe48, 0x9ad9, 0xbdb9, 0xbd99, 0xbdf9, 0xbe59, 0xcd99, 0xd4b9,
	0x802, 0x39a8, 0x3988, 0x39e8, 0x3a88, 0x3a48, 0x3a28, 0x804, 0x46e8, 0x4da8, 0x4d88, 0x4de8,
	0x4e48, 0x69a8, 0x6988, 0x69e8, 0x6a48, 0x48c8, 0x8a88, 0x99a8, 0x9988, 0x99e8, 0x9a88, 0x9a48,
	0xe40, 0x9ac8, 0xbda8, 0xbd88, 0xbde8, 0xbe48, 0xcd88, 0xd4a8, 0xce48, 0x3b39, 0x3b28, 0x39d9,
	0x39c8, 0x3b19, 0x3b08, 0x4599, 0x4588, 0x45f9, 0x45e8, 0x46b9, 0x46a8, 0x4619, 0x4608, 0x4a19,
	0x4a08, 0x4b59, 0x4b48, 0x4f3a, 0x4f28, 0x4dda, 0x4dc8, 0x4eba, 0x4ea8, 0x4f1a, 0x4f08, 0x4e1a,
	0x4e08, 0x55f9, 0x55e8, 0x55d9, 0x55c8, 0x56b9, 0x56a8, 0x56f9, 0x56e8, 0x65f9, 0x65e8, 0x6759,
	0x6748, 0x6a9a, 0x6a88, 0x6b3a, 0x6b28, 0x69da, 0x69c8, 0x4a6, 0x4a8, 0x6aba, 0x6ca8, 0x806,
	0x808, 0x71fa, 0x71e8, 0x76f9, 0x76e8, 0xa4a8, 0x8199, 0x8188, 0x82f9, 0x82e8, 0x8219, 0x8208,
	0x8379, 0x8368, 0x8359, 0x8348, 0x899a, 0x8988, 0x4aa, 0x4ac, 0x8a1a, 0x8a08, 0x80a, 0x94b9,
	0x94a8, 0x9b39, 0x9b28, 0x99d9, 0x99c8, 0x9a79, 0x9a68, 0x80c, 0x80e, 0xa999, 0xa988, 0xaaf9,
	0xaae8, 0xaa19, 0xaa08, 0xad9a, 0xad88, 0xadfa, 0xade8, 0xaefa, 0xaee8, 0xae1a, 0xae08, 0xb6f9,
	0xb6e8, 0xb619, 0xb608, 0xb8b9, 0xb8a8, 0xbe99, 0xbe88, 0xbf39, 0xbf28, 0xbdd9, 0xbdc8, 0xbe39,
	0xbe28, 0xbe79, 0xbe68, 0x4ae, 0x4b0, 0xc5f9, 0xc5e8, 0xcdf9, 0xcde8, 0xce59, 0xd199, 0xd188,
	0xd2b9, 0xd2a8, 0xd219, 0xd208, 0xace8, 0xc41, 0xc41, 0xc41, 0xc41, 0xc41, 0xc41, 0xc41,
	0xc42, 0xc41, 0xc41, 0xc41, 0x0, 0x0, 0x0, 0x0, 0x0, 0xc68, 0xc69, 0xc70,
	0xc78, 0xc80, 0xc88, 0xd38, 0xc58, 0x1, 0x1, 0x1, 0x1, 0x1, 0x1, 0x1,
	0x1, 0xd98, 0xda0, 0xda8, 0xdb0, 0xcd1, 0x810, 0x1, 0xdb8, 0xc30, 0xc38, 0x0,
	0x0, 0x0, 0x0, 0x0, 0xc42, 0xd88, 0xd90, 0xdc0, 0x812, 0x1, 0xdc8, 0x814,
	0x1, 0xdd0, 0xce0, 0xce8, 0xdd8, 0x816, 0xcc8, 0xc48, 0xde0, 0x38d9, 0x4cbb, 0xacc8,
	0xaca9, 0x38c8, 0x4ca9, 0x68bb, 0x70bb, 0x68a9, 0x70a9, 0xd8a9, 0x88a9, 0x98d9, 0x4cbb, 0x98c8,
	0x4ca9, 0xcd1, 0xcd1, 0xdc1, 0xdc1, 0xdc9, 0xdc9, 0xca9, 0xca9, 0x5ff, 0x0, 0x5ff,
	0x44b9, 0x448, 0x40ba, 0x468, 0x40b1, 0x524, 0x41fa, 0x525, 0x41f1, 0x5ff, 0x54b9, 0x442,
	0x58ba, 0x448, 0x5cba, 0x457, 0x60ba, 0x462, 0x58b1, 0x468, 0x5cb1, 0x477, 0x60b1, 0x524,
	0x5dfa, 0x525, 0x5df1, 0x574, 0x61fa, 0x575, 0x61f1, 0x5ff, 0x68ba, 0x5ff, 0x74b9, 0x450,
	0x78ba, 0x457, 0x7cba, 0x470, 0x78b1, 0x477, 0x7cb1, 0x574, 0x7dfa, 0x575, 0x7df1, 0x5ff,
	0x88ba, 0x457, 0x8cba, 0x459, 0x90ba, 0x477, 0x8cb1, 0x479, 0x90b1, 0x4dd, 0x919a, 0x4fd,
	0x9191, 0x4ff, 0x9251, 0x574, 0x8dfa, 0x575, 0x8df1, 0x576, 0x91fa, 0x577, 0x91f1, 0x578,
	0x925a, 0x5ff, 0x98b9, 0x5ff, 0xacba, 0x448, 0xb0ba, 0x468, 0xb0b1, 0x524, 0xb1fa, 0x525,
	0xb1f1, 0x5ff, 0xbcb9, 0x5ff, 0x44a8, 0x468, 0x40a8, 0x525, 0x41e8, 0x5ff, 0x54a8, 0x462,
	0x58a8, 0x468, 0x5ca8, 0x477, 0x60a8, 0x525, 0x5de8, 0x575, 0x61e8, 0x5ff, 0x68a8, 0x5ff,
	0x74a8, 0x470, 0x78a8, 0x477, 0x7ca8, 0x575, 0x7de8, 0x5ff, 0x88a8, 0x477, 0x8ca8, 0x479,
	0x90a8, 0x4fd, 0x9188, 0x4ff, 0x9248, 0x575, 0x8de8, 0x577, 0x91e8, 0x5ff, 0x98a8, 0x5ff,
	0xaca8, 0x468, 0xb0a8, 0x525, 0xb1e8, 0x5ff, 0xbca8, 0x5ff, 0x6b1a, 0x5ff, 0x6b08, 0x5ff,
	0x8afa, 0x5ff, 0x8ae8, 0x5ff, 0xbf19, 0x5ff, 0xbf08, 0x1ff
};

static constexpr uint16_t s_coll_igFastLatinPrimaries[384] = {
	0x0, 0x0, 0x0, 0x0, 0x0, 0x0, 0x0, 0x0, 0x0, 0xc00, 0xc08, 0xc10,
	0xc18, 0xc20, 0x0, 0x0, 0x0, 0x0, 0x0, 0x0, 0x0, 0x0, 0x0, 0x0,
	0x0, 0x0, 0x0, 0x0, 0x0, 0x0, 0x0, 0x0, 0xc40, 0xca8, 0xcf0, 0xd78,
	0xe98, 0xd80, 0xd70, 0xcd8, 0xd08, 0xd10, 0xd58, 0xe30, 0xc90, 0xc60, 0xcd0, 0xd60,
	0x1000, 0x1400, 0x1800, 0x1c00, 0x2000, 0x2400, 0x2800, 0x2c00, 0x3000, 0x3400, 0xca0, 0xc98,
	0xe50, 0xe58, 0xe60, 0xcb8, 0xd50, 0x3800, 0x3c00, 0x0, 0x4800, 0x4c00, 0x5000, 0x0,
	0x6400, 0x0, 0x7000, 0x0, 0x8000, 0x8400, 0x0, 0x0, 0x9c00, 0xa000, 0xa800, 0x0,
	0xb400, 0x0, 0xc000, 0xc400, 0xc800, 0xcc00, 0xd000, 0xd18, 0xd68, 0xd20, 0xdf8, 0xc50,
	0xde8, 0x3800, 0x3c00, 0x0, 0x4800, 0x4c00, 0x5000, 0x0, 0x6400, 0x0, 0x7000, 0x0,
	0x8000, 0x8400, 0x0, 0x0, 0x9c00, 0xa000, 0xa800, 0x0, 0xb400, 0x0, 0xc000, 0xc400,
	0xc800, 0xcc00, 0xd000, 0xd28, 0xe70, 0xd30, 0xe80, 0x0, 0x0, 0x0, 0x0, 0x0,
	0x0, 0xc28, 0x0, 0x0, 0x0, 0x0, 0x0, 0x0, 0x0, 0x0, 0x0, 0x0,
	0x0, 0x0, 0x0, 0x0, 0x0, 0x0, 0x0, 0x0, 0x0, 0x0, 0x0, 0x0,
	0x0, 0x0, 0x0, 0x0, 0xc40, 0xcb0, 0xe90, 0xea0, 0xe88, 0xea8, 0xe78, 0xd40,
	0xe08, 0xe20, 0x3800, 0xcf8, 0xe68, 0x0, 0xe28, 0xe00, 0xe18, 0xe38, 0x1800, 0x1c00,
	0xdf0, 0x0, 0xd48, 0x0, 0xe10, 0x1400, 0x9800, 0xd00, 0x0, 0x0, 0x0, 0xcc0,
	0x3800, 0x3800, 0x3800, 0x3800, 0x3800, 0x3800, 0x0, 0x4400, 0x4c00, 0x4c00, 0x4c00, 0x4c00,
	0x6800, 0x6800, 0x6800, 0x6800, 0x4800, 0x8800, 0x9800, 0x9800, 0x9800, 0x9800, 0x9800, 0xe48,
	0x9800, 0xbc00, 0xbc00, 0xbc00, 0xbc00, 0xcc00, 0xd400, 0x0, 0x3800, 0x3800, 0x3800, 0x3800,
	0x3800, 0x3800, 0x0, 0x4400, 0x4c00, 0x4c00, 0x4c00, 0x4c00, 0x6800, 0x6800, 0x6800, 0x6800,
	0x4800, 0x8800, 0x9800, 0x9800, 0x9800, 0x9800, 0x9800, 0xe40, 0x9800, 0xbc00, 0xbc00, 0xbc00,
	0xbc00, 0xcc00, 0xd400, 0xcc00, 0x3800, 0x3800, 0x3800, 0x3800, 0x3800, 0x3800, 0x4400, 0x4400,
	0x4400, 0x4400, 0x4400, 0x4400, 0x4400, 0x4400, 0x4800, 0x4800, 0x4800, 0x4800, 0x4c00, 0x4c00,
	0x4c00, 0x4c00, 0x4c00, 0x4c00, 0x4c00, 0x4c00, 0x4c00, 0x4c00, 0x5400, 0x5400, 0x5400, 0x5400,
	0x5400, 0x5400, 0x5400, 0x5400, 0x6400, 0x6400, 0x6400, 0x6400, 0x6800, 0x6800, 0x6800, 0x6800,
	0x6800, 0x6800, 0x0, 0x0, 0x6800, 0x6c00, 0x0, 0x0, 0x7000, 0x7000, 0x7400, 0x7400,
	0xa400, 0x8000, 0x8000, 0x8000, 0x8000, 0x8000, 0x8000, 0x8000, 0x8000, 0x8000, 0x8000, 0x8800,
	0x8800, 0x0, 0x0, 0x8800, 0x8800, 0x0, 0x9400, 0x9400, 0x9800, 0x9800, 0x9800, 0x9800,
	0x9800, 0x9800, 0x0, 0x0, 0xa800, 0xa800, 0xa800, 0xa800, 0xa800, 0xa800, 0xac00, 0xac00,
	0xac00, 0xac00, 0xac00, 0xac00, 0xac00, 0xac00, 0xb400, 0xb400, 0xb400, 0xb400, 0xb800, 0xb800,
	0xbc00, 0xbc00, 0xbc00, 0xbc00, 0xbc00, 0xbc00, 0xbc00, 0xbc00, 0xbc00, 0xbc00, 0x0, 0x0,
	0xc400, 0xc400, 0xcc00, 0xcc00, 0xcc00, 0xd000, 0xd000, 0xd000, 0xd000, 0xd000, 0xd000, 0xac00
};

static constexpr int32_t s_coll_igFastLatinMiniVarTop = 0xbff;

static constexpr uint32_t s_coll_igNumericPrimary = 0x10000000;
static constexpr int32_t s_coll_igOptions = 0x2011;
static constexpr int32_t s_coll_igJamoCe32sStart = -1;

static constexpr uint32_t s_coll_igUnsafeBwd[892] = {
	0x34, 0x35, 0x42, 0x43, 0x48, 0x49, 0x4c, 0x4d, 0x50, 0x51, 0x57, 0x58,
	0x59, 0x5a, 0x62, 0x63, 0x68, 0x69, 0x70, 0x71, 0x77, 0x78, 0x79, 0x7a,
	0xa0, 0xa1, 0xdd, 0xde, 0xfd, 0xfe, 0xff, 0x100, 0x124, 0x126, 0x174, 0x179,
	0x21e, 0x220, 0x232, 0x234, 0x300, 0x34f, 0x350, 0x370, 0x3a9, 0x3aa, 0x3e2, 0x3e3,
	0x42f, 0x430, 0x483, 0x488, 0x531, 0x532, 0x591, 0x5be, 0x5bf, 0x5c0, 0x5c1, 0x5c3,
	0x5c4, 0x5c6, 0x5c7, 0x5c8, 0x5d0, 0x5d1, 0x610, 0x61b, 0x628, 0x629, 0x64b, 0x660,
	0x670, 0x671, 0x6d6, 0x6dd, 0x6df, 0x6e5, 0x6e7, 0x6e9, 0x6ea, 0x6ee, 0x710, 0x712,
	0x730, 0x74b, 0x78c, 0x78d, 0x7ca, 0x7cb, 0x7eb, 0x7f4, 0x7fd, 0x7fe, 0x800, 0x801,
	0x816, 0x81a, 0x81b, 0x824, 0x825, 0x828, 0x829, 0x82e, 0x840, 0x841, 0x859, 0x85c,
	0x897, 0x8a0, 0x8ca, 0x8e2, 0x8e3, 0x900, 0x905, 0x906, 0x93c, 0x93d, 0x94d, 0x94e,
	0x951, 0x955, 0x995, 0x996, 0x9bc, 0x9bd, 0x9be, 0x9bf, 0x9cd, 0x9ce, 0x9d7, 0x9d8,
	0x9fe, 0x9ff, 0xa15, 0xa16, 0xa3c, 0xa3d, 0xa4d, 0xa4e, 0xa95, 0xa96, 0xabc, 0xabd,
	0xacd, 0xace, 0xb15, 0xb16, 0xb3c, 0xb3d, 0xb3e, 0xb3f, 0xb4d, 0xb4e, 0xb56, 0xb58,
	0xb95, 0xb96, 0xbbe, 0xbbf, 0xbcd, 0xbce, 0xbd7, 0xbd8, 0xc15, 0xc16, 0xc3c, 0xc3d,
	0xc4d, 0xc4e, 0xc55, 0xc57, 0xc95, 0xc96, 0xcbc, 0xcbd, 0xcc2, 0xcc3, 0xccd, 0xcce,
	0xcd5, 0xcd7, 0xd15, 0xd16, 0xd3b, 0xd3d, 0xd3e, 0xd3f, 0xd4d, 0xd4e, 0xd57, 0xd58,
	0xd85, 0xd86, 0xdca, 0xdcb, 0xdcf, 0xdd0, 0xddf, 0xde0, 0xe01, 0xe2f, 0xe32, 0xe33,
	0xe38, 0xe3b, 0xe48, 0xe4c, 0xe81, 0xe83, 0xe84, 0xe85, 0xe86, 0xe8b, 0xe8c, 0xea4,
	0xea5, 0xea6, 0xea7, 0xeaf, 0xeb2, 0xeb3, 0xeb8, 0xebb, 0xec8, 0xecc, 0xedc, 0xee0,
	0xf18, 0xf1a, 0xf35, 0xf36, 0xf37, 0xf38, 0xf39, 0xf3a, 0xf40, 0xf41, 0xf71, 0xf76,
	0xf7a, 0xf7e, 0xf80, 0xf85, 0xf86, 0xf88, 0xfc6, 0xfc7, 0x1000, 0x1001, 0x102e, 0x102f,
	0x1037, 0x1038, 0x1039, 0x103b, 0x108d, 0x108e, 0x10d3, 0x10d4, 0x12a0, 0x12a1, 0x135d, 0x1360,
	0x13c4, 0x13c5, 0x14c0, 0x14c1, 0x168f, 0x1690, 0x16a0, 0x16a1, 0x1703, 0x1704, 0x1714, 0x1716,
	0x1723, 0x1724, 0x1734, 0x1735, 0x1743, 0x1744, 0x1763, 0x1764, 0x1780, 0x1781, 0x17d2, 0x17d3,
	0x17dd, 0x17de, 0x1826, 0x1827, 0x18a9, 0x18aa, 0x1900, 0x1901, 0x1939, 0x193c, 0x1950, 0x1951,
	0x1980, 0x19ac, 0x1a00, 0x1a01, 0x1a17, 0x1a19, 0x1a20, 0x1a21, 0x1a60, 0x1a61, 0x1a75, 0x1a7d,
	0x1a7f, 0x1a80, 0x1ab0, 0x1abe, 0x1abf, 0x1ade, 0x1ae0, 0x1aec, 0x1b05, 0x1b06, 0x1b34, 0x1b36,
	0x1b44, 0x1b45, 0x1b6b, 0x1b74, 0x1b83, 0x1b84, 0x1baa, 0x1bac, 0x1bc0, 0x1bc1, 0x1be6, 0x1be7,
	0x1bf2, 0x1bf4, 0x1c00, 0x1c01, 0x1c37, 0x1c38, 0x1c5a, 0x1c5b, 0x1cd0, 0x1cd3, 0x1cd4, 0x1ce1,
	0x1ce2, 0x1ce9, 0x1ced, 0x1cee, 0x1cf4, 0x1cf5, 0x1cf8, 0x1cfa, 0x1dc0, 0x1e00, 0x1e02, 0x1e08,
	0x1e22, 0x1e2c, 0x1e54, 0x1e58, 0x1e80, 0x1e8a, 0x1e8e, 0x1e90, 0x1e96, 0x1e97, 0x1e98, 0x1e9a,
	0x1ef2, 0x1efa, 0x201c, 0x201d, 0x20ac, 0x20ad, 0x20d0, 0x20dd, 0x20e1, 0x20e2, 0x20e5, 0x20f1,
	0x263a, 0x263b, 0x2c00, 0x2c01, 0x2cef, 0x2cf2, 0x2d30, 0x2d31, 0x2d7f, 0x2d80, 0x2de0, 0x2e00,
	0x302a, 0x3030, 0x304b, 0x304c, 0x3099, 0x309b, 0x30ab, 0x30ac, 0x3105, 0x3106, 0x5b57, 0x5b58,
	0xa288, 0xa289, 0xa4d0, 0xa4d1, 0xa549, 0xa54a, 0xa66f, 0xa670, 0xa674, 0xa67e, 0xa69e, 0xa6a1,
	0xa6f0, 0xa6f2, 0xa800, 0xa801, 0xa806, 0xa807, 0xa82c, 0xa82d, 0xa840, 0xa841, 0xa882, 0xa883,
	0xa8c4, 0xa8c5, 0xa8e0, 0xa8f2, 0xa90a, 0xa90b, 0xa92b, 0xa92e, 0xa930, 0xa931, 0xa953, 0xa954,
	0xa984, 0xa985, 0xa9b3, 0xa9b4, 0xa9c0, 0xa9c1, 0xaa00, 0xaa01, 0xaa80, 0xaab1, 0xaab2, 0xaab5,
	0xaab7, 0xaab9, 0xaabe, 0xaac0, 0xaac1, 0xaac2, 0xaaf6, 0xaaf7, 0xabc0, 0xabc1, 0xabed, 0xabee,
	0xac00, 0xac01, 0xd800, 0xd809, 0xd80b, 0xd80d, 0xd811, 0xd812, 0xd818, 0xd819, 0xd81a, 0xd81c,
	0xd820, 0xd821, 0xd823, 0xd824, 0xd82c, 0xd82d, 0xd82f, 0xd830, 0xd834, 0xd835, 0xd838, 0xd83b,
	0xdc00, 0xe000, 0xfb1e, 0xfb1f, 0xfdd0, 0xfdd1, 0xfe20, 0xfe30, 0x10000, 0x10001, 0x101fd, 0x101fe,
	0x10280, 0x10281, 0x102a0, 0x102a1, 0x102e0, 0x102e1, 0x10300, 0x10301, 0x10330, 0x10331, 0x1036b, 0x1036c,
	0x10376, 0x1037b, 0x10380, 0x10381, 0x103a0, 0x103a1, 0x10414, 0x10415, 0x10450, 0x10451, 0x10480, 0x10481,
	0x104b5, 0x104b6, 0x10500, 0x10501, 0x10537, 0x10538, 0x10582, 0x10583, 0x105c2, 0x105c3, 0x10647, 0x10648,
	0x10800, 0x10801, 0x10840, 0x10841, 0x10873, 0x10874, 0x10896, 0x10897, 0x108f4, 0x108f5, 0x10900, 0x10901,
	0x10920, 0x10921, 0x10950, 0x10951, 0x10980, 0x10981, 0x109a0, 0x109a1, 0x10a00, 0x10a01, 0x10a0d, 0x10a0e,
	0x10a0f, 0x10a10, 0x10a38, 0x10a3b, 0x10a3f, 0x10a40, 0x10a60, 0x10a61, 0x10a95, 0x10a96, 0x10ad8, 0x10ad9,
	0x10ae5, 0x10ae7, 0x10b00, 0x10b01, 0x10b40, 0x10b41, 0x10b60, 0x10b61, 0x10b8f, 0x10b90, 0x10c00, 0x10c01,
	0x10ca1, 0x10ca2, 0x10d12, 0x10d13, 0x10d24, 0x10d28, 0x10d5d, 0x10d5e, 0x10d69, 0x10d6e, 0x10e88, 0x10e89,
	0x10eab, 0x10ead, 0x10efa, 0x10efc, 0x10efd, 0x10f00, 0x10f19, 0x10f1a, 0x10f42, 0x10f43, 0x10f46, 0x10f51,
	0x10f7c, 0x10f7d, 0x10f82, 0x10f86, 0x10fbf, 0x10fc0, 0x10ff1, 0x10ff2, 0x11005, 0x11006, 0x11046, 0x11047,
	0x11070, 0x11071, 0x1107f, 0x11080, 0x11083, 0x11084, 0x110b9, 0x110bb, 0x110d0, 0x110d1, 0x11100, 0x11104,
	0x11127, 0x11128, 0x11133, 0x11135, 0x11152, 0x11153, 0x11173, 0x11174, 0x11183, 0x11184, 0x111c0, 0x111c1,
	0x111ca, 0x111cb, 0x11208, 0x11209, 0x11235, 0x11237, 0x1128f, 0x11290, 0x112be, 0x112bf, 0x112e9, 0x112eb,
	0x11315, 0x11316, 0x1133b, 0x1133d, 0x1133e, 0x1133f, 0x1134d, 0x1134e, 0x11357, 0x11358, 0x11366, 0x1136d,
	0x11370, 0x11375, 0x11392, 0x11393, 0x113b8, 0x113b9, 0x113bb, 0x113bc, 0x113c2, 0x113c3, 0x113c9, 0x113ca,
	0x113ce, 0x113d1, 0x11412, 0x11413, 0x11442, 0x11443, 0x11446, 0x11447, 0x1145e, 0x1145f, 0x11484, 0x11485,
	0x114b0, 0x114b1, 0x114ba, 0x114bb, 0x114bd, 0x114be, 0x114c2, 0x114c4, 0x1158e, 0x1158f, 0x115af, 0x115b0,
	0x115bf, 0x115c1, 0x1160e, 0x1160f, 0x1163f, 0x11640, 0x11680, 0x11681, 0x116b6, 0x116b8, 0x11717, 0x11718,
	0x1172b, 0x1172c, 0x1180b, 0x1180c, 0x11839, 0x1183b, 0x118b4, 0x118b5, 0x1190c, 0x1190d, 0x11930, 0x11931,
	0x1193d, 0x1193f, 0x11943, 0x11944, 0x119ce, 0x119cf, 0x119e0, 0x119e1, 0x11a0b, 0x11a0c, 0x11a34, 0x11a35,
	0x11a47, 0x11a48, 0x11a5c, 0x11a5d, 0x11a99, 0x11a9a, 0x11ac0, 0x11ac1, 0x11bc4, 0x11bc5, 0x11c0e, 0x11c0f,
	0x11c3f, 0x11c40, 0x11c72, 0x11c73, 0x11d10, 0x11d11, 0x11d42, 0x11d43, 0x11d44, 0x11d46, 0x11d71, 0x11d72,
	0x11d97, 0x11d98, 0x11dc6, 0x11dc7, 0x11ee5, 0x11ee6, 0x11f1b, 0x11f1c, 0x11f41, 0x11f43, 0x12000, 0x12001,
	0x12fe5, 0x12fe6, 0x13153, 0x13154, 0x14400, 0x14401, 0x1611c, 0x1611d, 0x1611e, 0x16121, 0x16123, 0x16126,
	0x16129, 0x1612a, 0x1612f, 0x16130, 0x16a4f, 0x16a50, 0x16abc, 0x16abd, 0x16ae6, 0x16ae7, 0x16af0, 0x16af5,
	0x16b1c, 0x16b1d, 0x16b30, 0x16b37, 0x16d45, 0x16d46, 0x16d67, 0x16d69, 0x16e40, 0x16e41, 0x16ea1, 0x16ea2,
	0x16f00, 0x16f01, 0x16ff0, 0x16ff2, 0x18229, 0x1822a, 0x18c65, 0x18c66, 0x1b1c4, 0x1b1c5, 0x1bc20, 0x1bc21,
	0x1bc9e, 0x1bc9f, 0x1d165, 0x1d16a, 0x1d16d, 0x1d173, 0x1d17b, 0x1d183, 0x1d185, 0x1d18c, 0x1d1aa, 0x1d1ae,
	0x1d242, 0x1d245, 0x1e000, 0x1e007, 0x1e008, 0x1e019, 0x1e01b, 0x1e022, 0x1e023, 0x1e025, 0x1e026, 0x1e02b,
	0x1e08f, 0x1e090, 0x1e108, 0x1e109, 0x1e130, 0x1e137, 0x1e290, 0x1e291, 0x1e2ae, 0x1e2af, 0x1e2e1, 0x1e2e2,
	0x1e2ec, 0x1e2f0, 0x1e4e6, 0x1e4e7, 0x1e4ec, 0x1e4f0, 0x1e5d0, 0x1e5d1, 0x1e5ee, 0x1e5f0, 0x1e6d5, 0x1e6d6,
	0x1e6e3, 0x1e6e4, 0x1e6e6, 0x1e6e7, 0x1e6ee, 0x1e6f0, 0x1e6f5, 0x1e6f6, 0x1e802, 0x1e803, 0x1e8d0, 0x1e8d7,
	0x1e909, 0x1e90a, 0x1e944, 0x1e94b
};

static constexpr int32_t s_coll_igUnsafeBwdLength = 892;

static constexpr uint16_t s_coll_kuTrieIndex[2112] = {
	0x0, 0x8, 0x10, 0x18, 0x30, 0x38, 0x40, 0x48, 0x50, 0x58, 0x5c, 0x64, 0x69, 0x71, 0x30, 0x38,
	0x76, 0x7e, 0x30, 0x38, 0x30, 0x38, 0x30, 0x38, 0x30, 0x38, 0x30, 0x38, 0x30, 0x38, 0x30, 0x38,
	0x30, 0x38, 0x30, 0x38, 0x30, 0x38, 0x30, 0x38, 0x30, 0x38, 0x30, 0x38, 0x30, 0x38, 0x30, 0x38,
	0x30, 0x38, 0x30, 0x38, 0x30, 0x38, 0x30, 0x38, 0x30, 0x38, 0x30, 0x38, 0x30, 0x38, 0x30, 0x38,
	0x30, 0x30, 0x30, 0x30, 0x30, 0x30, 0x30, 0x30, 0x30, 0x30, 0x30, 0x30, 0x30, 0x30, 0x30, 0x30,
	0x30, 0x30, 0x30, 0x30, 0x30, 0x30, 0x30, 0x30, 0x30, 0x30, 0x30, 0x30, 0x30, 0x30, 0x30, 0x30,
	0x30, 0x30, 0x30, 0x30, 0x30, 0x30, 0x30, 0x30, 0x30, 0x30, 0x30, 0x30, 0x30, 0x30, 0x30, 0x30,
	0x30, 0x30, 0x30, 0x30, 0x30, 0x30, 0x30, 0x30, 0x30, 0x30, 0x30, 0x30, 0x30, 0x30, 0x30, 0x30,
	0x30, 0x30, 0x30, 0x30, 0x30, 0x30, 0x30, 0x30, 0x30, 0x30, 0x30, 0x30, 0x30, 0x30, 0x30, 0x30,
	0x30, 0x30, 0x30, 0x30, 0x30, 0x30, 0x30, 0x30, 0x30, 0x30, 0x30, 0x30, 0x30, 0x30, 0x30, 0x30,
	0x30, 0x30, 0x30, 0x30, 0x30, 0x30, 0x30, 0x30, 0x30, 0x30, 0x30, 0x30, 0x30, 0x30, 0x30, 0x30,
	0x30, 0x30, 0x30, 0x30, 0x30, 0x30, 0x30, 0x30, 0x30, 0x30, 0x30, 0x30, 0x30, 0x30, 0x30, 0x30,
	0x30, 0x30, 0x30, 0x30, 0x30, 0x30, 0x30, 0x30, 0x30, 0x30, 0x30, 0x30, 0x30, 0x30, 0x30, 0x30,
	0x30, 0x30, 0x30, 0x30, 0x30, 0x30, 0x30, 0x30, 0x30, 0x30, 0x30, 0x30, 0x30, 0x30, 0x30, 0x30,
	0x30, 0x30, 0x30, 0x30, 0x30, 0x30, 0x30, 0x30, 0x30, 0x30, 0x30, 0x30, 0x30, 0x30, 0x30, 0x30,
	0x94, 0x9b, 0x30, 0x9f, 0x30, 0xa5, 0xad, 0xb4, 0x30, 0x30, 0x30, 0x30, 0x30, 0x30, 0x30, 0x30,
	0x30, 0x30, 0x30, 0x30, 0x30, 0x30, 0x30, 0x30, 0x30, 0x30, 0x30, 0x30, 0x30, 0x30, 0x30, 0x30,
	0x30, 0x30, 0x30, 0x30, 0x30, 0x30, 0x30, 0x30, 0x30, 0x30, 0x30, 0x30, 0x30, 0x30, 0x30, 0x30,
	0x30, 0x30, 0x30, 0x30, 0x30, 0x30, 0x30, 0x30, 0x30, 0x30, 0x30, 0x30, 0x30, 0x30, 0x30, 0x30,
	0x30, 0x30, 0x30, 0x30, 0x30, 0x30, 0x30, 0x30, 0x30, 0x30, 0x30, 0x30, 0x30, 0x30, 0x30, 0x30,
	0x30, 0x30, 0x30, 0x30, 0x30, 0x30, 0x30, 0x30, 0x30, 0x30, 0x30, 0x30, 0x30, 0x30, 0x30, 0x30,
	0x30, 0x30, 0x30, 0x30, 0x30, 0x30, 0x30, 0x30, 0x30, 0x30, 0x30, 0x30, 0x30, 0x30, 0x30, 0x30,
	0x30, 0x30, 0x30, 0x30, 0x30, 0x30, 0x30, 0x30, 0x30, 0x30, 0x30, 0x30, 0x30, 0x30, 0x30, 0x30,
	0x30, 0x30, 0x30, 0x30, 0x30, 0x30, 0x30, 0x30, 0x30, 0x30, 0x30, 0x30, 0x30, 0x30, 0x30, 0x30,
	0x30, 0x30, 0x30, 0x30, 0x30, 0x30, 0x30, 0x30, 0x30, 0x30, 0x30, 0x30, 0x30, 0x30, 0x30, 0x30,
	0x30, 0x30, 0x30, 0x30, 0x30, 0x30, 0x30, 0x30, 0x30, 0x30, 0x30, 0x30, 0x30, 0x30, 0x30, 0x30,
	0x30, 0x30, 0x30, 0x30, 0x30, 0x30, 0x30, 0x30, 0x30, 0x30, 0x30, 0x30, 0x30, 0x30, 0x30, 0x30,
	0x30, 0x30, 0x30, 0x30, 0x30, 0x30, 0x30, 0x30, 0x30, 0x30, 0x30, 0x30, 0x30, 0x30, 0x30, 0x30,
	0x30, 0x30, 0x30, 0x30, 0x30, 0x30, 0x30, 0x30, 0x30, 0x30, 0x30, 0x30, 0x30, 0x30, 0x30, 0x30,
	0x30, 0x30, 0x30, 0x30, 0x30, 0x30, 0x30, 0x30, 0x30, 0x30, 0x30, 0x30, 0x30, 0x30, 0x30, 0x30,
	0x30, 0x30, 0x30, 0x30, 0x30, 0x30, 0x30, 0x30, 0x30, 0x30, 0x30, 0x30, 0x30, 0x30, 0x30, 0x30,
	0x30, 0x30, 0x30, 0x30, 0x30, 0x30, 0x30, 0x30, 0x30, 0x30, 0x30, 0x30, 0x30, 0x30, 0x30, 0x30,
	0x30, 0x30, 0x30, 0x30, 0x30, 0x30, 0x30, 0x30, 0x30, 0x30, 0x30, 0x30, 0x30, 0x30, 0x30, 0x30,
	0x30, 0x30, 0x30, 0x30, 0x30, 0x30, 0x30, 0x30, 0x30, 0x30, 0x30, 0x30, 0x30, 0x30, 0x30, 0x30,
	0x30, 0x30, 0x30, 0x30, 0x30, 0x30, 0x30, 0x30, 0x30, 0x30, 0x30, 0x30, 0x30, 0x30, 0x30, 0x30,
	0x30, 0x30, 0x30, 0x30, 0x30, 0x30, 0x30, 0x30, 0x30, 0x30, 0x30, 0x30, 0x30, 0x30, 0x30, 0x30,
	0x30, 0x30, 0x30, 0x30, 0x30, 0x30, 0x30, 0x30, 0x30, 0x30, 0x30, 0x30, 0x30, 0x30, 0x30, 0x30,
	0x30, 0x30, 0x30, 0x30, 0x30, 0x30, 0x30, 0x30, 0x30, 0x30, 0x30, 0x30, 0x30, 0x30, 0x30, 0x30,
	0x30, 0x30, 0x30, 0x30, 0x30, 0x30, 0x30, 0x30, 0x30, 0x30, 0x30, 0x30, 0x30, 0x30, 0x30, 0x30,
	0x30, 0x30, 0x30, 0x30, 0x30, 0x30, 0x30, 0x30, 0x30, 0x30, 0x30, 0x30, 0x30, 0x30, 0x30, 0x30,
	0x30, 0x30, 0x30, 0x30, 0x30, 0x30, 0x30, 0x30, 0x30, 0x30, 0x30, 0x30, 0x30, 0x30, 0x30, 0x30,
	0x30, 0x30, 0x30, 0x30, 0x30, 0x30, 0x30, 0x30, 0x30, 0x30, 0x30, 0x30, 0x30, 0x30, 0x30, 0x30,
	0x30, 0x30, 0x30, 0x30, 0x30, 0x30, 0x30, 0x30, 0x30, 0x30, 0x30, 0x30, 0x30, 0x30, 0x30, 0x30,
	0x30, 0x30, 0x30, 0x30, 0x30, 0x30, 0x30, 0x30, 0x30, 0x30, 0x30, 0x30, 0x30, 0x30, 0x30, 0x30,
	0x30, 0x30, 0x30, 0x30, 0x30, 0x30, 0x30, 0x30, 0x30, 0x30, 0x30, 0x30, 0x30, 0x30, 0x30, 0x30,
	0x30, 0x30, 0x30, 0x30, 0x30, 0x30, 0x30, 0x30, 0x30, 0x30, 0x30, 0x30, 0x30, 0x30, 0x30, 0x30,
	0x30, 0x30, 0x30, 0x30, 0x30, 0x30, 0x30, 0x30, 0x30, 0x30, 0x30, 0x30, 0x30, 0x30, 0x30, 0x30,
	0x30, 0x30, 0x30, 0x30, 0x30, 0x30, 0x30, 0x30, 0x30, 0x30, 0x30, 0x30, 0x30, 0x30, 0x30, 0x30,
	0x30, 0x30, 0x30, 0x30, 0x30, 0x30, 0x30, 0x30, 0x30, 0x30, 0x30, 0x30, 0x30, 0x30, 0x30, 0x30,
	0x30, 0x30, 0x30, 0x30, 0x30, 0x30, 0x30, 0x30, 0x30, 0x30, 0x30, 0x30, 0x30, 0x30, 0x30, 0x30,
	0x30, 0x30, 0x30, 0x30, 0x30, 0x30, 0x30, 0x30, 0x30, 0x30, 0x30, 0x30, 0x30, 0x30, 0x30, 0x30,
	0x30, 0x30, 0x30, 0x30, 0x30, 0x30, 0x30, 0x30, 0x30, 0x30, 0x30, 0x30, 0x30, 0x30, 0x30, 0x30,
	0x30, 0x30, 0x30, 0x30, 0x30, 0x30, 0x30, 0x30, 0x30, 0x30, 0x30, 0x30, 0x30, 0x30, 0x30, 0x30,
	0x30, 0x30, 0x30, 0x30, 0x30, 0x30, 0x30, 0x30, 0x30, 0x30, 0x30, 0x30, 0x30, 0x30, 0x30, 0x30,
	0x30, 0x30, 0x30, 0x30, 0x30, 0x30, 0x30, 0x30, 0x30, 0x30, 0x30, 0x30, 0x30, 0x30, 0x30, 0x30,
	0x30, 0x30, 0x30, 0x30, 0x30, 0x30, 0x30, 0x30, 0x30, 0x30, 0x30, 0x30, 0x30, 0x30, 0x30, 0x30,
	0x30, 0x30, 0x30, 0x30, 0x30, 0x30, 0x30, 0x30, 0x30, 0x30, 0x30, 0x30, 0x30, 0x30, 0x30, 0x30,
	0x30, 0x30, 0x30, 0x30, 0x30, 0x30, 0x30, 0x30, 0x30, 0x30, 0x30, 0x30, 0x30, 0x30, 0x30, 0x30,
	0x30, 0x30, 0x30, 0x30, 0x30, 0x30, 0x30, 0x30, 0x30, 0x30, 0x30, 0x30, 0x30, 0x30, 0x30, 0x30,
	0x30, 0x30, 0x30, 0x30, 0x30, 0x30, 0x30, 0x30, 0x30, 0x30, 0x30, 0x30, 0x30, 0x30, 0x30, 0x30,
	0x30, 0x30, 0x30, 0x30, 0x30, 0x30, 0x30, 0x30, 0x30, 0x30, 0x30, 0x30, 0x30, 0x30, 0x30, 0x30,
	0x30, 0x30, 0x30, 0x30, 0x30, 0x30, 0x30, 0x30, 0x30, 0x30, 0x30, 0x30, 0x30, 0x30, 0x30, 0x30,
	0x30, 0x30, 0x30, 0x30, 0x30, 0x30, 0x30, 0x30, 0x30, 0x30, 0x30, 0x30, 0x30, 0x30, 0x30, 0x30,
	0x30, 0x30, 0x30, 0x30, 0x30, 0x30, 0x30, 0x30, 0x30, 0x30, 0x30, 0x30, 0x30, 0x30, 0x30, 0x30,
	0x30, 0x30, 0x30, 0x30, 0x30, 0x30, 0x30, 0x30, 0x30, 0x30, 0x30, 0x30, 0x30, 0x30, 0x30, 0x30,
	0x30, 0x30, 0x30, 0x30, 0x30, 0x30, 0x30, 0x30, 0x30, 0x30, 0x30, 0x30, 0x30, 0x30, 0x30, 0x30,
	0x30, 0x30, 0x30, 0x30, 0x30, 0x30, 0x30, 0x30, 0x30, 0x30, 0x30, 0x30, 0x30, 0x30, 0x30, 0x30,
	0x30, 0x30, 0x30, 0x30, 0x30, 0x30, 0x30, 0x30, 0x30, 0x30, 0x30, 0x30, 0x30, 0x30, 0x30, 0x30,
	0x30, 0x30, 0x30, 0x30, 0x30, 0x30, 0x30, 0x30, 0x30, 0x30, 0x30, 0x30, 0x30, 0x30, 0x30, 0x30,
	0x30, 0x30, 0x30, 0x30, 0x30, 0x30, 0x30, 0x30, 0x30, 0x30, 0x30, 0x30, 0x30, 0x30, 0x30, 0x30,
	0x30, 0x30, 0x30, 0x30, 0x30, 0x30, 0x30, 0x30, 0x30, 0x30, 0x30, 0x30, 0x30, 0x30, 0x30, 0x30,
	0x30, 0x30, 0x30, 0x30, 0x30, 0x30, 0x30, 0x30, 0x30, 0x30, 0x30, 0x30, 0x30, 0x30, 0x30, 0x30,
	0x30, 0x30, 0x30, 0x30, 0x30, 0x30, 0x30, 0x30, 0x30, 0x30, 0x30, 0x30, 0x30, 0x30, 0x30, 0x30,
	0x30, 0x30, 0x30, 0x30, 0x30, 0x30, 0x30, 0x30, 0x30, 0x30, 0x30, 0x30, 0x30, 0x30, 0x30, 0x30,
	0x30, 0x30, 0x30, 0x30, 0x30, 0x30, 0x30, 0x30, 0x30, 0x30, 0x30, 0x30, 0x30, 0x30, 0x30, 0x30,
	0x30, 0x30, 0x30, 0x30, 0x30, 0x30, 0x30, 0x30, 0x30, 0x30, 0x30, 0x30, 0x30, 0x30, 0x30, 0x30,
	0x30, 0x30, 0x30, 0x30, 0x30, 0x30, 0x30, 0x30, 0x30, 0x30, 0x30, 0x30, 0x30, 0x30, 0x30, 0x30,
	0x30, 0x30, 0x30, 0x30, 0x30, 0x30, 0x30, 0x30, 0x30, 0x30, 0x30, 0x30, 0x30, 0x30, 0x30, 0x30,
	0x30, 0x30, 0x30, 0x30, 0x30, 0x30, 0x30, 0x30, 0x30, 0x30, 0x30, 0x30, 0x30, 0x30, 0x30, 0x30,
	0x30, 0x30, 0x30, 0x30, 0x30, 0x30, 0x30, 0x30, 0x30, 0x30, 0x30, 0x30, 0x30, 0x30, 0x30, 0x30,
	0x30, 0x30, 0x30, 0x30, 0x30, 0x30, 0x30, 0x30, 0x30, 0x30, 0x30, 0x30, 0x30, 0x30, 0x30, 0x30,
	0x30, 0x30, 0x30, 0x30, 0x30, 0x30, 0x30, 0x30, 0x30, 0x30, 0x30, 0x30, 0x30, 0x30, 0x30, 0x30,
	0x30, 0x30, 0x30, 0x30, 0x30, 0x30, 0x30, 0x30, 0x30, 0x30, 0x30, 0x30, 0x30, 0x30, 0x30, 0x30,
	0x30, 0x30, 0x30, 0x30, 0x30, 0x30, 0x30, 0x30, 0x30, 0x30, 0x30, 0x30, 0x30, 0x30, 0x30, 0x30,
	0x30, 0x30, 0x30, 0x30, 0x30, 0x30, 0x30, 0x30, 0x30, 0x30, 0x30, 0x30, 0x30, 0x30, 0x30, 0x30,
	0x30, 0x30, 0x30, 0x30, 0x30, 0x30, 0x30, 0x30, 0x30, 0x30, 0x30, 0x30, 0x30, 0x30, 0x30, 0x30,
	0xbc, 0xbc, 0xbc, 0xbc, 0xbc, 0xbc, 0xbc, 0xbc, 0xbc, 0xbc, 0xbc, 0xbc, 0xbc, 0xbc, 0xbc, 0xbc,
	0xbc, 0xbc, 0xbc, 0xbc, 0xbc, 0xbc, 0xbc, 0xbc, 0xbc, 0xbc, 0xbc, 0xbc, 0xbc, 0xbc, 0xbc, 0xbc,
	0xbc, 0xbc, 0xbc, 0xbc, 0xbc, 0xbc, 0xbc, 0xbc, 0xbc, 0xbc, 0xbc, 0xbc, 0xbc, 0xbc, 0xbc, 0xbc,
	0xbc, 0xbc, 0xbc, 0xbc, 0xbc, 0xbc, 0xbc, 0xbc, 0xbc, 0xbc, 0xbc, 0xbc, 0xbc, 0xbc, 0xbc, 0xbc,
	0xbc, 0xbc, 0xbc, 0xbc, 0xbc, 0xbc, 0xbc, 0xbc, 0xbc, 0xbc, 0xbc, 0xbc, 0xbc, 0xbc, 0xbc, 0xbc,
	0xbc, 0xbc, 0xbc, 0xbc, 0xbc, 0xbc, 0xbc, 0xbc, 0xbc, 0xbc, 0xbc, 0xbc, 0xbc, 0xbc, 0xbc, 0xbc,
	0xbc, 0xbc, 0xbc, 0xbc, 0xbc, 0xbc, 0xbc, 0xbc, 0xbc, 0xbc, 0xbc, 0xbc, 0xbc, 0xbc, 0xbc, 0xbc,
	0xbc, 0xbc, 0xbc, 0xbc, 0xbc, 0xbc, 0xbc, 0xbc, 0xbc, 0xbc, 0xbc, 0xbc, 0xbc, 0xbc, 0xbc, 0xbc,
	0xbc, 0xbc, 0xbc, 0xbc, 0xbc, 0xbc, 0xbc, 0xbc, 0xbc, 0xbc, 0xbc, 0xbc, 0xbc, 0xbc, 0xbc, 0xbc,
	0xbc, 0xbc, 0xbc, 0xbc, 0xbc, 0xbc, 0xbc, 0xbc, 0xbc, 0xbc, 0xbc, 0xbc, 0xbc, 0xbc, 0xbc, 0xbc,
	0xbc, 0xbc, 0xbc, 0xbc, 0xbc, 0xbc, 0xbc, 0xbc, 0xbc, 0xbc, 0xbc, 0xbc, 0xbc, 0xbc, 0xbc, 0xbc,
	0xbc, 0xbc, 0xbc, 0xbc, 0xbc, 0xbc, 0xbc, 0xbc, 0xbc, 0xbc, 0xbc, 0xbc, 0xbc, 0xbc, 0xbc, 0xbc,
	0xbc, 0xbc, 0xbc, 0xbc, 0xbc, 0xbc, 0xbc, 0xbc, 0xbc, 0xbc, 0xbc, 0xbc, 0xbc, 0xbc, 0xbc, 0xbc,
	0xbc, 0xbc, 0xbc, 0xbc, 0xbc, 0xbc, 0xbc, 0xbc, 0xbc, 0xbc, 0xbc, 0xbc, 0xbc, 0xbc, 0xbc, 0xbc,
	0xbc, 0xbc, 0xbc, 0xbc, 0xbc, 0xbc, 0xbc, 0xbc, 0xbc, 0xbc, 0xbc, 0xbc, 0xbc, 0xbc, 0xbc, 0xbc,
	0xbc, 0xbc, 0xbc, 0xbc, 0xbc, 0xbc, 0xbc, 0xbc, 0xbc, 0xbc, 0xbc, 0xbc, 0xbc, 0xbc, 0xbc, 0xbc,
	0xbc, 0xbc, 0xbc, 0xbc, 0xbc, 0xbc, 0xbc, 0xbc, 0xbc, 0xbc, 0xbc, 0xbc, 0xbc, 0xbc, 0xbc, 0xbc,
	0xbc, 0xbc, 0xbc, 0xbc, 0xbc, 0xbc, 0xbc, 0xbc, 0xbc, 0xbc, 0xbc, 0xbc, 0xbc, 0xbc, 0xbc, 0xbc,
	0xbc, 0xbc, 0xbc, 0xbc, 0xbc, 0xbc, 0xbc, 0xbc, 0xbc, 0xbc, 0xbc, 0xbc, 0xbc, 0xbc, 0xbc, 0xbc,
	0xbc, 0xbc, 0xbc, 0xbc, 0xbc, 0xbc, 0xbc, 0xbc, 0xbc, 0xbc, 0xbc, 0xbc, 0xbc, 0xbc, 0xbc, 0xbc,
	0xbc, 0xbc, 0xbc, 0xbc, 0xbc, 0xbc, 0xbc, 0xbc, 0xbc, 0xbc, 0xbc, 0xbc, 0xbc, 0xbc, 0xbc, 0xbc,
	0xbc, 0xbc, 0xbc, 0xbc, 0xbc, 0xbc, 0xbc, 0xbc, 0xbc, 0xbc, 0xbc, 0xbc, 0xbc, 0x8e, 0x30, 0x30,
	0x86, 0x86, 0x86, 0x86, 0x86, 0x86, 0x86, 0x86, 0x86, 0x86, 0x86, 0x86, 0x86, 0x86, 0x86, 0x86,
	0x86, 0x86, 0x86, 0x86, 0x86, 0x86, 0x86, 0x86, 0x86, 0x86, 0x86, 0x86, 0x86, 0x86, 0x86, 0x86,
	0x30, 0x30, 0x30, 0x30, 0x30, 0x30, 0x30, 0x30, 0x30, 0x30, 0x30, 0x30, 0x30, 0x30, 0x30, 0x30,
	0x30, 0x30, 0x30, 0x30, 0x30, 0x30, 0x30, 0x30, 0x30, 0x30, 0x30, 0x30, 0x30, 0x30, 0x30, 0x30,
	0x30, 0x30, 0x30, 0x30, 0x30, 0x30, 0x30, 0x30, 0x30, 0x30, 0x30, 0x30, 0x30, 0x30, 0x30, 0x30,
	0x30, 0x30, 0x30, 0x30, 0x30, 0x30, 0x30, 0x30, 0x30, 0x30, 0x30, 0x30, 0x30, 0x30, 0x30, 0x30,
	0x30, 0x30, 0x30, 0x30, 0x30, 0x30, 0x30, 0x30, 0x30, 0x30, 0x30, 0x30, 0x30, 0x30, 0x30, 0x30,
	0x30, 0x30, 0x30, 0x30, 0x30, 0x30, 0x30, 0x30, 0x30, 0x30, 0x30, 0x30, 0x30, 0x30, 0x30, 0x30,
	0x30, 0x30, 0x30, 0x30, 0x30, 0x30, 0x30, 0x30, 0x30, 0x30, 0x30, 0x30, 0x30, 0x30, 0x30, 0x30,
	0x30, 0x30, 0x30, 0x30, 0x30, 0x30, 0x30, 0x30, 0x30, 0x30, 0x30, 0x30, 0x30, 0x30, 0x30, 0x30,
	0x30, 0x30, 0x30, 0x30, 0x30, 0x30, 0x30, 0x30, 0x30, 0x30, 0x30, 0x30, 0x30, 0x30, 0x30, 0x30,
	0x30, 0x30, 0x30, 0x30, 0x30, 0x30, 0x30, 0x30, 0x30, 0x30, 0x30, 0x30, 0x30, 0x30, 0x30, 0x30,
	0x30, 0x30, 0x30, 0x30, 0x30, 0x30, 0x30, 0x30, 0x30, 0x30, 0x30, 0x30, 0x30, 0x30, 0x30, 0x30,
	0x30, 0x30, 0x30, 0x30, 0x30, 0x30, 0x30, 0x30, 0x30, 0x30, 0x30, 0x30, 0x30, 0x30, 0x30, 0x30,
	0x30, 0x30, 0x30, 0x30, 0x30, 0x30, 0x30, 0x30, 0x30, 0x30, 0x30, 0x30, 0x30, 0x30, 0x30, 0x30,
	0x30, 0x30, 0x30, 0x30, 0x30, 0x30, 0x30, 0x30, 0x30, 0x30, 0x30, 0x30, 0x30, 0x30, 0x30, 0x30,
	0x30, 0x30, 0x30, 0x30, 0x30, 0x30, 0x30, 0x30, 0x30, 0x30, 0x30, 0x30, 0x30, 0x30, 0x30, 0x30,
	0x30, 0x30, 0x30, 0x30, 0x30, 0x30, 0x30, 0x30, 0x30, 0x30, 0x30, 0x30, 0x30, 0x30, 0x30, 0x30,
	0x30, 0x30, 0x30, 0x30, 0x30, 0x30, 0x30, 0x30, 0x30, 0x30, 0x30, 0x30, 0x30, 0x30, 0x30, 0x30,
	0x30, 0x30, 0x30, 0x30, 0x30, 0x30, 0x30, 0x30, 0x30, 0x30, 0x30, 0x30, 0x30, 0x30, 0x30, 0x30,
	0x30, 0x30, 0x30, 0x30, 0x30, 0x30, 0x30, 0x30, 0x30, 0x30, 0x30, 0x30, 0x30, 0x30, 0x30, 0x30,
	0x30, 0x30, 0x30, 0x30, 0x30, 0x30, 0x30, 0x30, 0x30, 0x30, 0x30, 0x30, 0x30, 0x30, 0x30, 0x30,
	0x80, 0x80, 0xc0, 0x100, 0x140, 0x170, 0x1a4, 0xc0, 0x1d8, 0xc0, 0xc0, 0xc0, 0xc0, 0xc0, 0xc0, 0xc0,
	0xc0, 0xc0, 0xc0, 0xc0, 0xc0, 0xc0, 0xc0, 0xc0, 0xc0, 0xc0, 0xc0, 0xc0, 0xc0, 0xc0, 0xc0, 0xc0
};

static constexpr uint32_t s_coll_kuTrieData[788] = {
	0xcb, 0x0, 0x0, 0x0, 0x0, 0x0, 0x0, 0x0,
	0x0, 0x3040505, 0x3060505, 0x3080505, 0x30a0505, 0x30c0505, 0x0, 0x0,
	0x0, 0x0, 0x0, 0x0, 0x0, 0x0, 0x0, 0x0,
	0x0, 0x0, 0x0, 0x0, 0x0, 0x0, 0x0, 0x0,
	0x4000505, 0x75a0505, 0x9760505, 0xa940505, 0xda90505, 0xa960505, 0xa8e0505, 0x9700505,
	0x97c0505, 0x97e0505, 0xa7e0505, 0xc7b0505, 0x6000505, 0x50e0505, 0x8000505, 0xa880505,
	0x1760ca, 0x1781ca, 0x17a2ca, 0x17c3ca, 0x17e4ca, 0x1805ca, 0x1826ca, 0x1847ca,
	0x1868ca, 0x1889ca, 0x7360505, 0x72a0505, 0xc850505, 0xc870505, 0xc890505, 0x7640505,
	0xa7c0505, 0x2b00059c, 0x2d00059c, 0x6c9, 0x3100059c, 0xc6c9, 0x3500059c, 0x3700059c,
	0x3900059c, 0x246c9, 0x3d00059c, 0x3f00059c, 0x4100059c, 0x4300059c, 0x4500059c, 0x4700059c,
	0x4900059c, 0x4b00059c, 0x4d00059c, 0x3c6c9, 0x5100059c, 0x4a6c9, 0x5500059c, 0x570005a0,
	0x5900059c, 0x5b00059c, 0x5d00059c, 0x9800505, 0xa8a0505, 0x9820505, 0xc0a0505, 0x50a0505,
	0xc040505, 0x2b000505, 0x2d000505, 0x786c9, 0x31000505, 0x846c9, 0x35000505, 0x37000505,
	0x39000505, 0x9c6c9, 0x3d000505, 0x3f000505, 0x41000505, 0x43000505, 0x45000505, 0x47000505,
	0x49000505, 0x4b000505, 0x4d000505, 0xb46c9, 0x51000505, 0xc26c9, 0x55000505, 0x57000505,
	0x59000505, 0x5b000505, 0x5d000505, 0x9840505, 0xc8d0505, 0x9860505, 0xc910505, 0x0,
	0xfffd0505, 0xfffd0505, 0xfffd0505, 0xfffd0505, 0xfffd0505, 0xfffd0505, 0xfffd0505, 0xfffd0505,
	0xfffd0505, 0xfffd0505, 0xfffd0505, 0xfffd0505, 0xfffd0505, 0xfffd0505, 0xfffd0505, 0xfffd0505,
	0xfffd0505, 0xfffd0505, 0xfffd0505, 0xfffd0505, 0xfffd0505, 0xfffd0505, 0xfffd0505, 0xfffd0505,
	0xfffd0505, 0xfffd0505, 0xfffd0505, 0xfffd0505, 0xfffd0505, 0xfffd0505, 0xfffd0505, 0xfffd0505,
	0xfffd0505, 0xfffd0505, 0xfffd0505, 0xfffd0505, 0xfffd0505, 0xfffd0505, 0xfffd0505, 0xfffd0505,
	0xfffd0505, 0xfffd0505, 0xfffd0505, 0xfffd0505, 0xfffd0505, 0xfffd0505, 0xfffd0505, 0xfffd0505,
	0xfffd0505, 0xfffd0505, 0xfffd0505, 0xfffd0505, 0xfffd0505, 0xfffd0505, 0xfffd0505, 0xfffd0505,
	0xfffd0505, 0xfffd0505, 0xfffd0505, 0xfffd0505, 0xfffd0505, 0xfffd0505, 0xfffd0505, 0xfffd0505,
	0xc0, 0xc0, 0xc0, 0xc0, 0xc0, 0xc0, 0xc0, 0xc0,
	0xc0, 0xc0, 0xc0, 0xc0, 0xc0, 0xc0, 0xc0, 0xc0,
	0xc0, 0xc0, 0xc0, 0xc0, 0xc0, 0xc0, 0xc0, 0xc0,
	0xc0, 0xc0, 0xc0, 0xc0, 0xc0, 0xc0, 0xc0, 0xc0,
	0xc0, 0xc0, 0xc0, 0xc0, 0xc0, 0xc0, 0xc0, 0xc0,
	0xc0, 0xc0, 0xc0, 0xc0, 0xc0, 0xc0, 0xc0, 0xc0,
	0xc0, 0xc0, 0xc0, 0xc0, 0xc0, 0xc0, 0xc0, 0xc0,
	0xc0, 0xc0, 0xc0, 0xc0, 0xc0, 0xc0, 0xc0, 0xc0,
	0x2b9c8ac4, 0x2b9c88c4, 0x2b9c8ec4, 0x2b9c9ac4, 0x2b9c96c4, 0x2b9c92c4, 0x16a2c5, 0x30020586,
	0x339c8ac4, 0x34024686, 0x34020586, 0x339c96c4, 0x3b9c8ac4, 0x3c024686, 0x3c020586, 0x3b9c96c4,
	0x310070a0, 0x459c9ac4, 0x479c8ac4, 0x479c88c4, 0x479c8ec4, 0x479c9ac4, 0x479c96c4, 0xc830505,
	0x479c9ec4, 0x54024786, 0x54024686, 0x54020586, 0x539c96c4, 0x5b9c88c4, 0x5e2805a0, 0x16e2c5,
	0x2b058ac4, 0x2b0588c4, 0x2b058ec4, 0x2b059ac4, 0x2b0596c4, 0x2b0592c4, 0x1722c5, 0x30020505,
	0x33058ac4, 0x34024605, 0x34020505, 0x330596c4, 0x3b058ac4, 0x3c024605, 0x3c020505, 0x3b0596c4,
	0x31007005, 0x45059ac4, 0x47058ac4, 0x470588c4, 0x47058ec4, 0x47059ac4, 0x470596c4, 0xc810505,
	0x47059ec4, 0x54024705, 0x54024605, 0x54020505, 0x530596c4, 0x5b0588c4, 0x5e280505, 0x5b0596c4,
	0xc0, 0xc0, 0xc0, 0xc0, 0xc0, 0xc0, 0xc0, 0xc0,
	0xc0, 0xc0, 0xc0, 0xc0, 0xc0, 0xc0, 0xc0, 0xc0,
	0xc0, 0xc0, 0xc0, 0xc0, 0xc0, 0xc0, 0xc0, 0xc0,
	0xf06c9, 0x1046c9, 0xc0, 0xc0, 0xc0, 0xc0, 0xc0, 0xc0,
	0xc0, 0xc0, 0xc0, 0xc0, 0xc0, 0xc0, 0xc0, 0xc0,
	0xc0, 0xc0, 0xc0, 0xc0, 0xc0, 0xc0, 0x11c6c9, 0x1346c9,
	0xc0, 0xc0, 0xc0, 0xc0, 0xc0, 0xc0, 0xc0, 0xc0,
	0xc0, 0xc0, 0xc0, 0xc0, 0xc0, 0xc0, 0xc0, 0xc0,
	0xc0, 0xc0, 0xc0, 0xc0, 0xc0, 0xc0, 0xc0, 0xc0,
	0xc0, 0xc0, 0xc0, 0xc0, 0xc0, 0xc0, 0x50020586, 0x50020505,
	0xc0, 0xc0, 0xc0, 0xc0, 0xc0, 0xc0, 0xc0, 0xc0,
	0xc0, 0xc0, 0xc0, 0xc0, 0xc0, 0xc0, 0xc0, 0xc0,
	0xc0, 0xc0, 0x14c6c9, 0x1706c9, 0xc0, 0xc0, 0xc0, 0xc0,
	0xc0, 0xc0, 0xc0, 0xc0, 0xc0, 0xc0, 0xc0, 0xc0,
	0xc0, 0xc0, 0xc0, 0xc0, 0xc0, 0xc0, 0xc0, 0xc0,
	0xc0, 0xc0, 0xc0, 0xc0, 0xc0, 0xc0, 0xc0, 0xc0,
	0xc0, 0xc0, 0xc0, 0xc0, 0xc0, 0xc0, 0xc0, 0xc0,
	0xc0, 0xc0, 0xc0, 0xc0, 0xc0, 0xc0, 0xc0, 0xc0,
	0xc0, 0xc0, 0xc0, 0x1946c9, 0x1b86c9, 0xc0, 0xc0, 0xc0,
	0xc0, 0xc0, 0xc0, 0xc0, 0xc0, 0xc0, 0xc0, 0xc0,
	0xc0, 0xc0, 0xc0, 0xc0, 0xc0, 0xc0, 0xc0, 0xc0,
	0xc0, 0xc0, 0xc0, 0xc0, 0xc0, 0xc0, 0xc0, 0xc0,
	0xc0, 0xc0, 0xc0, 0xc0, 0xc0, 0xc0, 0xc0, 0xc0,
	0xc0, 0xc0, 0xc0, 0xc0, 0xc0, 0xc0, 0xc0, 0xc0,
	0x1dc6c9, 0x1f46c9, 0xc0, 0xc0, 0xc0, 0xc0, 0xc0, 0xc0,
	0xc0, 0xc0, 0xc0, 0xc0, 0xc0, 0xc0, 0xc0, 0xc0,
	0xc0, 0xc0, 0xc0, 0xc0, 0xc0, 0xc0, 0xc0, 0xc0,
	0x1cd, 0x1cd, 0x1cd, 0x1cd, 0x1cd, 0x1cd, 0x1cd, 0x1cd,
	0x1cd, 0x1cd, 0x1cd, 0x1cd, 0x1cd, 0x1cd, 0x1cd, 0x1cd,
	0x1cd, 0x1cd, 0x1cd, 0x1cd, 0x1cd, 0x1cd, 0x1cd, 0x1cd,
	0x1cd, 0x1cd, 0x1cd, 0x1cd, 0x1cd, 0x1cd, 0x1cd, 0x1cd,
	0x1cc, 0x1cc, 0x1cc, 0x1cc, 0xc0, 0xc0, 0xc0, 0xc0,
	0xc0, 0xc0, 0xc0, 0xc0, 0xc0, 0xc0, 0xc0, 0xc0,
	0xc0, 0xc0, 0xc0, 0xc0, 0xc0, 0xc0, 0xc0, 0xc0,
	0xc0, 0xc0, 0xc0, 0xc0, 0xc0, 0xc0, 0xc0, 0xc0,
	0x622c5, 0x662c5, 0xc0, 0xc0, 0xc0, 0xc0, 0xc0, 0xc0,
	0xc0, 0xc0, 0xc0, 0xc0, 0xc0, 0xc0, 0xc0, 0xc0,
	0x20c6c9, 0x2246c9, 0x23c6c9, 0x2546c9, 0xc0, 0xc0, 0xc0, 0xc0,
	0xc0, 0xc0, 0xc0, 0xc0, 0xc0, 0xc0, 0xc0, 0xc0,
	0x26c6c9, 0x2846c9, 0xc0, 0xc0, 0xc0, 0xc0, 0xc0, 0xc0,
	0xc0, 0xc0, 0xc0, 0xc0, 0xc0, 0xc0, 0xc0, 0xc0,
	0xc0, 0xc0, 0xc0, 0xc0, 0xc0, 0xc0, 0x29c6c9, 0x2c06c9,
	0x2e46c9, 0x3086c9, 0x32c6c9, 0x3506c9, 0xc0, 0xc0, 0xc0, 0xc0,
	0xc0, 0xc0, 0xc0, 0xc0, 0xc0, 0xc0, 0xc0, 0xc0,
	0xc0, 0xc0, 0xc0, 0xc0, 0xc0, 0xc0, 0xc0, 0xc0,
	0xc0, 0xc0, 0xc0, 0xc0, 0x3746c9, 0x38c6c9, 0xc0, 0xc0,
	0xc0, 0xc0, 0xf22c5, 0xf62c5, 0xfa2c5, 0xfe2c5, 0x1022c5, 0x1062c5,
	0x10a2c5, 0x10e2c5, 0xe62c5, 0xee2c5, 0xc0, 0xc0, 0x3a46c9, 0x3bc6c9,
	0xc0, 0xc0, 0xc0, 0xc0, 0xc0, 0xc0, 0xc0, 0xc0,
	0xc0, 0xc0, 0xc0, 0xc0, 0xc0, 0xc0, 0xc0, 0xc0,
	0xc0, 0xc0, 0xc0, 0xc0, 0x3d46c9, 0x3f86c9, 0xc0, 0xc0,
	0x3e2c5, 0x4a2c5, 0x3a2c5, 0x462c5, 0xc0, 0xc0, 0xc0, 0xc0,
	0x41c6c9, 0x4406c9, 0xc0, 0xc0, 0xc0, 0xc0, 0xc0, 0xc0,
	0xc0, 0xc0, 0xc0, 0xc0, 0xc0, 0xc0, 0xc0, 0xc0,
	0x1cc, 0x1cc, 0x1cc, 0x1cc, 0x1cc, 0x1cc, 0x1cc, 0x1cc,
	0x1cc, 0x1cc, 0x1cc, 0x1cc, 0x1cc, 0x1cc, 0x1cc, 0x1cc,
	0x1cc, 0x1cc, 0x1cc, 0x1cc, 0x1cc, 0x1cc, 0x1cc, 0x1cc,
	0x1cc, 0x1cc, 0x1cc, 0x1cc, 0x1cc, 0x1cc, 0x1cc, 0x1cc,
	0xc0, 0xc0, 0xc0, 0xc0
};

static constexpr int32_t s_coll_kuTrieIndexLength = 2112;
static constexpr int32_t s_coll_kuTrieDataLength = 788;
static constexpr char32_t s_coll_kuTrieHighStart = 0xe000;
static constexpr int32_t s_coll_kuTrieHighValueIndex = 784;

static constexpr uint32_t s_coll_kuCe32s[197] = {
	0x0, 0x34024686, 0xa205, 0x34020586, 0xa205, 0x34024605, 0xa205, 0x34020505,
	0xa205, 0x3c024686, 0xa205, 0x3c020586, 0xa205, 0x3c024605, 0xa205, 0x3c020505,
	0xa205, 0x54024786, 0xa205, 0x54024686, 0xa205, 0x54020586, 0xa205, 0x54024705,
	0xa205, 0x54024605, 0xa205, 0x54020505, 0xa205, 0x54024786, 0xbe05, 0x54024686,
	0xbe05, 0x54020586, 0xbe05, 0x54024705, 0xbe05, 0x54024605, 0xbe05, 0x54020505,
	0xbe05, 0x34024686, 0xa005, 0x34020586, 0xa005, 0x34024605, 0xa005, 0x34020505,
	0xa005, 0x30020586, 0x8805, 0x30020505, 0x8805, 0x34024686, 0xcc05, 0x34020586,
	0xcc05, 0x34024605, 0xcc05, 0x34020505, 0xcc05, 0x34024686, 0xd005, 0x34020586,
	0xd005, 0x34024605, 0xd005, 0x34020505, 0xd005, 0x3c024686, 0xd005, 0x3c020586,
	0xd005, 0x3c024605, 0xd005, 0x3c020505, 0xd005, 0x54024786, 0xc605, 0x54024686,
	0xc605, 0x54020586, 0xc605, 0x54024705, 0xc605, 0x54024605, 0xc605, 0x54020505,
	0xc605, 0x54024786, 0xd005, 0x54024686, 0xd005, 0x54020586, 0xd005, 0x54024705,
	0xd005, 0x54024605, 0xd005, 0x54020505, 0xd005, 0x54024786, 0xcc05, 0x54024686,
	0xcc05, 0x54020586, 0xcc05, 0x54024705, 0xcc05, 0x54024605, 0xcc05, 0x54020505,
	0xcc05, 0x34024686, 0xc405, 0x34020586, 0xc405, 0x34024605, 0xc405, 0x34020505,
	0xc405, 0x34020586, 0x8805, 0x34020505, 0x8805, 0x34020586, 0x8a05, 0x34020505,
	0x8a05, 0x34020586, 0xb605, 0x34020505, 0xb605, 0x34020586, 0x9a05, 0x34020505,
	0x9a05, 0x3c024686, 0xc405, 0x3c020586, 0xc405, 0x3c024605, 0xc405, 0x3c020505,
	0xc405, 0x54024786, 0xc405, 0x54024686, 0xc405, 0x54020586, 0xc405, 0x54024705,
	0xc405, 0x54024605, 0xc405, 0x54020505, 0xc405, 0x5300059c, 0xbe05, 0xc405,
	0x54024786, 0xbe05, 0xc405, 0x54024686, 0xbe05, 0xc405, 0x54020586, 0xbe05,
	0xc405, 0x53000505, 0xbe05, 0xc405, 0x54024705, 0xbe05, 0xc405, 0x54024605,
	0xbe05, 0xc405, 0x54020505, 0xbe05, 0xc405, 0x2b0070a0, 0x330005a2, 0x4f007005,
	0x4f000513, 0x2b007005, 0x33000513, 0x12000505, 0x14000505, 0x16000505, 0x18000505, 0x1a000505,
	0x1c000505, 0x1e000505, 0x20000505, 0x22000505, 0x24000505
};

static constexpr char16_t s_coll_kuContexts[562] = {
	0x2f00, 0x59c, 0x30, 0x327, 0xf002, 0x586, 0x3300, 0x59c, 0x2, 0x301, 0xf402, 0x4686,
	0x302, 0xf402, 0x586, 0x341, 0xf402, 0x4686, 0x3b00, 0x59c, 0x2, 0x301, 0xfc02, 0x4686,
	0x302, 0xfc02, 0x586, 0x341, 0xfc02, 0x4686, 0x4f00, 0x59c, 0x30, 0x327, 0xffff, 0x5002,
	0x586, 0x5300, 0x59c, 0x4, 0x300, 0xffff, 0x5402, 0x4786, 0x301, 0xffff, 0x5402, 0x4686,
	0x302, 0xffff, 0x5402, 0x586, 0x340, 0xffff, 0x5402, 0x4786, 0x341, 0xffff, 0x5402, 0x4686,
	0x2f00, 0x505, 0x30, 0x327, 0xf002, 0x505, 0x3300, 0x505, 0x2, 0x301, 0xf402, 0x4605,
	0x302, 0xf402, 0x505, 0x341, 0xf402, 0x4605, 0x3b00, 0x505, 0x2, 0x301, 0xfc02, 0x4605,
	0x302, 0xfc02, 0x505, 0x341, 0xfc02, 0x4605, 0x4f00, 0x505, 0x30, 0x327, 0xffff, 0x5002,
	0x505, 0x5300, 0x505, 0x4, 0x300, 0xffff, 0x5402, 0x4705, 0x301, 0xffff, 0x5402, 0x4605,
	0x302, 0xffff, 0x5402, 0x505, 0x340, 0xffff, 0x5402, 0x4705, 0x341, 0xffff, 0x5402, 0x4605,
	0x339c, 0xa2c4, 0x2, 0x301, 0xa2c5, 0x302, 0xc000, 0x62c5, 0x341, 0xa2c5, 0x3305, 0xa2c4,
	0x2, 0x301, 0xc000, 0xa2c5, 0x302, 0xc000, 0xe2c5, 0x341, 0xc000, 0xa2c5, 0x3b9c, 0xa2c4,
	0x2, 0x301, 0xc001, 0x22c5, 0x302, 0xc001, 0x62c5, 0x341, 0xc001, 0x22c5, 0x3b05, 0xa2c4,
	0x2, 0x301, 0xc001, 0xa2c5, 0x302, 0xc001, 0xe2c5, 0x341, 0xc001, 0xa2c5, 0x539c, 0xa2c4,
	0x4, 0x300, 0xc002, 0x22c5, 0x301, 0xc002, 0x62c5, 0x302, 0xc002, 0xa2c5, 0x340, 0xc002,
	0x22c5, 0x341, 0xc002, 0x62c5, 0x5305, 0xa2c4, 0x4, 0x300, 0xc002, 0xe2c5, 0x301, 0xc003,
	0x22c5, 0x302, 0xc003, 0x62c5, 0x340, 0xc002, 0xe2c5, 0x341, 0xc003, 0x22c5, 0x539c, 0xbec4,
	0x4, 0x300, 0xc003, 0xa2c5, 0x301, 0xc003, 0xe2c5, 0x302, 0xc004, 0x22c5, 0x340, 0xc003,
	0xa2c5, 0x341, 0xc003, 0xe2c5, 0x5305, 0xbec4, 0x4, 0x300, 0xc004, 0x62c5, 0x301, 0xc004,
	0xa2c5, 0x302, 0xc004, 0xe2c5, 0x340, 0xc004, 0x62c5, 0x341, 0xc004, 0xa2c5, 0x339c, 0xa0c4,
	0x2, 0x301, 0xc005, 0x22c5, 0x302, 0xc005, 0x62c5, 0x341, 0xc005, 0x22c5, 0x3305, 0xa0c4,
	0x2, 0x301, 0xc005, 0xa2c5, 0x302, 0xc005, 0xe2c5, 0x341, 0xc005, 0xa2c5, 0x339c, 0xccc4,
	0x2, 0x301, 0xc006, 0xa2c5, 0x302, 0xc006, 0xe2c5, 0x341, 0xc006, 0xa2c5, 0x3305, 0xccc4,
	0x2, 0x301, 0xc007, 0x22c5, 0x302, 0xc007, 0x62c5, 0x341, 0xc007, 0x22c5, 0x339c, 0xd0c4,
	0x2, 0x301, 0xc007, 0xa2c5, 0x302, 0xc007, 0xe2c5, 0x341, 0xc007, 0xa2c5, 0x3305, 0xd0c4,
	0x2, 0x301, 0xc008, 0x22c5, 0x302, 0xc008, 0x62c5, 0x341, 0xc008, 0x22c5, 0x3b9c, 0xd0c4,
	0x2, 0x301, 0xc008, 0xa2c5, 0x302, 0xc008, 0xe2c5, 0x341, 0xc008, 0xa2c5, 0x3b05, 0xd0c4,
	0x2, 0x301, 0xc009, 0x22c5, 0x302, 0xc009, 0x62c5, 0x341, 0xc009, 0x22c5, 0x539c, 0xc6c4,
	0x4, 0x300, 0xc009, 0xa2c5, 0x301, 0xc009, 0xe2c5, 0x302, 0xc00a, 0x22c5, 0x340, 0xc009,
	0xa2c5, 0x341, 0xc009, 0xe2c5, 0x5305, 0xc6c4, 0x4, 0x300, 0xc00a, 0x62c5, 0x301, 0xc00a,
	0xa2c5, 0x302, 0xc00a, 0xe2c5, 0x340, 0xc00a, 0x62c5, 0x341, 0xc00a, 0xa2c5, 0x539c, 0xd0c4,
	0x4, 0x300, 0xc00b, 0x22c5, 0x301, 0xc00b, 0x62c5, 0x302, 0xc00b, 0xa2c5, 0x340, 0xc00b,
	0x22c5, 0x341, 0xc00b, 0x62c5, 0x5305, 0xd0c4, 0x4, 0x300, 0xc00b, 0xe2c5, 0x301, 0xc00c,
	0x22c5, 0x302, 0xc00c, 0x62c5, 0x340, 0xc00b, 0xe2c5, 0x341, 0xc00c, 0x22c5, 0x539c, 0xccc4,
	0x4, 0x300, 0xc00c, 0xa2c5, 0x301, 0xc00c, 0xe2c5, 0x302, 0xc00d, 0x22c5, 0x340, 0xc00c,
	0xa2c5, 0x341, 0xc00c, 0xe2c5, 0x5305, 0xccc4, 0x4, 0x300, 0xc00d, 0x62c5, 0x301, 0xc00d,
	0xa2c5, 0x302, 0xc00d, 0xe2c5, 0x340, 0xc00d, 0x62c5, 0x341, 0xc00d, 0xa2c5, 0x339c, 0xc4c4,
	0x2, 0x301, 0xc00e, 0x22c5, 0x302, 0xc00e, 0x62c5, 0x341, 0xc00e, 0x22c5, 0x3305, 0xc4c4,
	0x2, 0x301, 0xc00e, 0xa2c5, 0x302, 0xc00e, 0xe2c5, 0x341, 0xc00e, 0xa2c5, 0x3b9c, 0xc4c4,
	0x2, 0x301, 0xc011, 0x22c5, 0x302, 0xc011, 0x62c5, 0x341, 0xc011, 0x22c5, 0x3b05, 0xc4c4,
	0x2, 0x301, 0xc011, 0xa2c5, 0x302, 0xc011, 0xe2c5, 0x341, 0xc011, 0xa2c5, 0x539c, 0xc4c4,
	0x4, 0x300, 0xc012, 0x22c5, 0x301, 0xc012, 0x62c5, 0x302, 0xc012, 0xa2c5, 0x340, 0xc012,
	0x22c5, 0x341, 0xc012, 0x62c5, 0x5305, 0xc4c4, 0x4, 0x300, 0xc012, 0xe2c5, 0x301, 0xc013,
	0x22c5, 0x302, 0xc013, 0x62c5, 0x340, 0xc012, 0xe2c5, 0x341, 0xc013, 0x22c5, 0x13, 0xa3c5,
	0x4, 0x300, 0xc014, 0x3c5, 0x301, 0xc014, 0x63c5, 0x302, 0xc014, 0xc3c5, 0x340, 0xc014,
	0x3c5, 0x341, 0xc014, 0x63c5, 0x15, 0x23c5, 0x4, 0x300, 0xc015, 0x83c5, 0x301, 0xc015,
	0xe3c5, 0x302, 0xc016, 0x43c5, 0x340, 0xc015, 0x83c5, 0x341, 0xc015, 0xe3c5
};

static constexpr uint16_t s_coll_kuFastLatin[512] = {
	0x205, 0xc40, 0xde0, 0xe80, 0xea8, 0x418, 0x0, 0x0, 0x0, 0x0, 0x0, 0x0,
	0x0, 0x0, 0xc00, 0xc08, 0xc10, 0xc18, 0xc20, 0x0, 0x0, 0x0, 0x0, 0x0,
	0x0, 0x0, 0x0, 0x0, 0x0, 0x0, 0x0, 0x0, 0x0, 0x0, 0x0, 0x0,
	0x0, 0xc40, 0xca8, 0xcf0, 0xd78, 0xe98, 0xd80, 0xd70, 0xcd8, 0xd08, 0xd10, 0xd58,
	0xe30, 0xc90, 0xc60, 0xcd0, 0xd60, 0x10a8, 0x14a8, 0x18a8, 0x1ca8, 0x20a8, 0x24a8, 0x28a8,
	0x2ca8, 0x30a8, 0x34a8, 0xca0, 0xc98, 0xe50, 0xe58, 0xe60, 0xcb8, 0xd50, 0x38b9, 0x3cb9,
	0x41a, 0x48b9, 0x41c, 0x54b9, 0x58b9, 0x5cb9, 0x41e, 0x6cba, 0x70b9, 0x74b9, 0x78b9, 0x7cba,
	0x84b9, 0x88b9, 0x8cb9, 0x94b9, 0x420, 0xa0b9, 0x422, 0xb0b9, 0xb4b9, 0xb8b9, 0xbcb9, 0xc0b9,
	0xd18, 0xd68, 0xd20, 0xdf8, 0xc50, 0xde8, 0x38a8, 0x3ca8, 0x424, 0x48a8, 0x426, 0x54a8,
	0x58a8, 0x5ca8, 0x428, 0x6ca8, 0x70a8, 0x74a8, 0x78a8, 0x7ca8, 0x84a8, 0x88a8, 0x8ca8, 0x94a8,
	0x42a, 0xa0a8, 0x42c, 0xb0a8, 0xb4a8, 0xb8a8, 0xbca8, 0xc0a8, 0xd28, 0xe70, 0xd30, 0xe80,
	0x0, 0x0, 0x0, 0x0, 0x0, 0x0, 0xc28, 0x0, 0x0, 0x0, 0x0, 0x0,
	0x0, 0x0, 0x0, 0x0, 0x0, 0x0, 0x0, 0x0, 0x0, 0x0, 0x0, 0x0,
	0x0, 0x0, 0x0, 0x0, 0x0, 0x0, 0x0, 0x0, 0x0, 0xc42, 0xcb0, 0xe90,
	0xea0, 0xe88, 0xea8, 0xe78, 0xd40, 0xe08, 0xe20, 0x38aa, 0xcf8, 0xe68, 0x0, 0xe28,
	0xe00, 0xe18, 0xe38, 0x18a9, 0x1ca9, 0xdf0, 0x1, 0xd48, 0x1, 0xe10, 0x14a9, 0x84aa,
	0xd00, 0x1, 0x1, 0x1, 0xcc0, 0x39b9, 0x3999, 0x39f9, 0x3a99, 0x3a59, 0x3a39, 0x800,
	0x44b9, 0x4dba, 0x50d9, 0x50b9, 0x4e5a, 0x61ba, 0x64d9, 0x64b9, 0x625a, 0x48d9, 0x7e9a, 0x85b9,
	0x8599, 0x85f9, 0x8699, 0x8659, 0xe48, 0x86d9, 0xacf9, 0xacd9, 0xacb9, 0xaa59, 0xbd99, 0xc4b9,
	0x802, 0x39a8, 0x3988, 0x39e8, 0x3a88, 0x3a48, 0x3a28, 0x804, 0x44a8, 0x4da8, 0x50c8, 0x50a8,
	0x4e48, 0x61a8, 0x64c8, 0x64a8, 0x6248, 0x48c8, 0x7e88, 0x85a8, 0x8588, 0x85e8, 0x8688, 0x8648,
	0xe40, 0x86c8, 0xace8, 0xacc8, 0xaca8, 0xaa48, 0xbd88, 0xc4a8, 0xbe48, 0x3b39, 0x3b28, 0x39d9,
	0x39c8, 0x3b19, 0x3b08, 0x4199, 0x4188, 0x41f9, 0x41e8, 0x42b9, 0x42a8, 0x4219, 0x4208, 0x4a19,
	0x4a08, 0x4b59, 0x4b48, 0x4f3a, 0x4f28, 0x4dda, 0x4dc8, 0x4eba, 0x4ea8, 0x42e, 0x430, 0x4e1a,
	0x4e08, 0x59f9, 0x59e8, 0x59d9, 0x59c8, 0x5ab9, 0x5aa8, 0x5af9, 0x5ae8, 0x5df9, 0x5de8, 0x5f59,
	0x5f48, 0x629a, 0x6288, 0x633a, 0x6328, 0x61da, 0x61c8, 0x432, 0x434, 0x62ba, 0x68a8, 0x806,
	0x808, 0x6dfa, 0x6de8, 0x72f9, 0x72e8, 0x90a8, 0x7599, 0x7588, 0x76f9, 0x76e8, 0x7619, 0x7608,
	0x7779, 0x7768, 0x7759, 0x7748, 0x7d9a, 0x7d88, 0x7efa, 0x7ee8, 0x7e1a, 0x7e08, 0x80a, 0x80b9,
	0x80a8, 0x8739, 0x8728, 0x85d9, 0x85c8, 0x8679, 0x8668, 0x80c, 0x80e, 0x9599, 0x9588, 0x96f9,
	0x96e8, 0x9619, 0x9608, 0x999a, 0x9988, 0x99fa, 0x99e8, 0x9cb9, 0x9ca8, 0x9a1a, 0x9a08, 0xa2f9,
	0xa2e8, 0xa219, 0xa208, 0xa4b9, 0xa4a8, 0xaa99, 0xaa88, 0xab39, 0xab28, 0xa9d9, 0xa9c8, 0xaa39,
	0xaa28, 0xaa79, 0xaa68, 0x436, 0x438, 0xb5f9, 0xb5e8, 0xbdf9, 0xbde8, 0xbe59, 0xc199, 0xc188,
	0xc2b9, 0xc2a8, 0xc219, 0xc208, 0x98e8, 0xc41, 0xc41, 0xc41, 0xc41, 0xc41, 0xc41, 0xc41,
	0xc42, 0xc41, 0xc41, 0xc41, 0x0, 0x0, 0x0, 0x0, 0x0, 0xc68, 0xc69, 0xc70,
	0xc78, 0xc80, 0xc88, 0xd38, 0xc58, 0x1, 0x1, 0x1, 0x1, 0x1, 0x1, 0x1,
	0x1, 0xd98, 0xda0, 0xda8, 0xdb0, 0xcd1, 0x810, 0x1, 0xdb8, 0xc30, 0xc38, 0x0,
	0x0, 0x0, 0x0, 0x0, 0xc42, 0xd88, 0xd90, 0xdc0, 0x812, 0x1, 0xdc8, 0x814,
	0x1, 0xdd0, 0xce0, 0xce8, 0xdd8, 0x816, 0xcc8, 0xc48, 0xde0, 0x38d9, 0x4cbb, 0x98c8,
	0x98a9, 0x38c8, 0x4ca9, 0x60bb, 0x6cbb, 0x60a9, 0x6ca9, 0xc8a9, 0x7ca9, 0x84d9, 0x4cbb, 0x84c8,
	0x4ca9, 0xcd1, 0xcd1, 0xdc1, 0xdc1, 0xdc9, 0xdc9, 0xca9, 0xca9, 0x5ff, 0x0, 0x5ff,
	0x40b9, 0x5ff, 0x4cba, 0x5ff, 0x60ba, 0x5ff, 0x98ba, 0x5ff, 0xa8b9, 0x5ff, 0x40a8, 0x5ff,
	0x4ca8, 0x5ff, 0x60a8, 0x5ff, 0x98a8, 0x5ff, 0xa8a8, 0x5ff, 0x4f1a, 0x5ff, 0x4f08, 0x5ff,
	0x631a, 0x5ff, 0x6308, 0x5ff, 0xab19, 0x5ff, 0xab08, 0x1ff
};

static constexpr uint16_t s_coll_kuFastLatinPrimaries[384] = {
	0x0, 0x0, 0x0, 0x0, 0x0, 0x0, 0x0, 0x0, 0x0, 0xc00, 0xc08, 0xc10,
	0xc18, 0xc20, 0x0, 0x0, 0x0, 0x0, 0x0, 0x0, 0x0, 0x0, 0x0, 0x0,
	0x0, 0x0, 0x0, 0x0, 0x0, 0x0, 0x0, 0x0, 0xc40, 0xca8, 0xcf0, 0xd78,
	0xe98, 0xd80, 0xd70, 0xcd8, 0xd08, 0xd10, 0xd58, 0xe30, 0xc90, 0xc60, 0xcd0, 0xd60,
	0x0, 0x0, 0x0, 0x0, 0x0, 0x0, 0x0, 0x0, 0x0, 0x0, 0xca0, 0xc98,
	0xe50, 0xe58, 0xe60, 0xcb8, 0xd50, 0x3800, 0x3c00, 0x0, 0x4800, 0x0, 0x5400, 0x5800,
	0x5c00, 0x0, 0x6c00, 0x7000, 0x7400, 0x7800, 0x7c00, 0x8400, 0x8800, 0x8c00, 0x9400, 0x0,
	0xa000, 0x0, 0xb000, 0xb400, 0xb800, 0xbc00, 0xc000, 0xd18, 0xd68, 0xd20, 0xdf8, 0xc50,
	0xde8, 0x3800, 0x3c00, 0x0, 0x4800, 0x0, 0x5400, 0x5800, 0x5c00, 0x0, 0x6c00, 0x7000,
	0x7400, 0x7800, 0x7c00, 0x8400, 0x8800, 0x8c00, 0x9400, 0x0, 0xa000, 0x0, 0xb000, 0xb400,
	0xb800, 0xbc00, 0xc000, 0xd28, 0xe70, 0xd30, 0xe80, 0x0, 0x0, 0x0, 0x0, 0x0,
	0x0, 0xc28, 0x0, 0x0, 0x0, 0x0, 0x0, 0x0, 0x0, 0x0, 0x0, 0x0,
	0x0, 0x0, 0x0, 0x0, 0x0, 0x0, 0x0, 0x0, 0x0, 0x0, 0x0, 0x0,
	0x0, 0x0, 0x0, 0x0, 0xc40, 0xcb0, 0xe90, 0xea0, 0xe88, 0xea8, 0xe78, 0xd40,
	0xe08, 0xe20, 0x3800, 0xcf8, 0xe68, 0x0, 0xe28, 0xe00, 0xe18, 0xe38, 0x1800, 0x1c00,
	0xdf0, 0x0, 0xd48, 0x0, 0xe10, 0x1400, 0x8400, 0xd00, 0x0, 0x0, 0x0, 0xcc0,
	0x3800, 0x3800, 0x3800, 0x3800, 0x3800, 0x3800, 0x0, 0x4400, 0x4c00, 0x5000, 0x5000, 0x4c00,
	0x6000, 0x6400, 0x6400, 0x6000, 0x4800, 0x7c00, 0x8400, 0x8400, 0x8400, 0x8400, 0x8400, 0xe48,
	0x8400, 0xac00, 0xac00, 0xac00, 0xa800, 0xbc00, 0xc400, 0x0, 0x3800, 0x3800, 0x3800, 0x3800,
	0x3800, 0x3800, 0x0, 0x4400, 0x4c00, 0x5000, 0x5000, 0x4c00, 0x6000, 0x6400, 0x6400, 0x6000,
	0x4800, 0x7c00, 0x8400, 0x8400, 0x8400, 0x8400, 0x8400, 0xe40, 0x8400, 0xac00, 0xac00, 0xac00,
	0xa800, 0xbc00, 0xc400, 0xbc00, 0x3800, 0x3800, 0x3800, 0x3800, 0x3800, 0x3800, 0x4000, 0x4000,
	0x4000, 0x4000, 0x4000, 0x4000, 0x4000, 0x4000, 0x4800, 0x4800, 0x4800, 0x4800, 0x4c00, 0x4c00,
	0x4c00, 0x4c00, 0x4c00, 0x4c00, 0x0, 0x0, 0x4c00, 0x4c00, 0x5800, 0x5800, 0x5800, 0x5800,
	0x5800, 0x5800, 0x5800, 0x5800, 0x5c00, 0x5c00, 0x5c00, 0x5c00, 0x6000, 0x6000, 0x6000, 0x6000,
	0x6000, 0x6000, 0x0, 0x0, 0x6000, 0x6800, 0x0, 0x0, 0x6c00, 0x6c00, 0x7000, 0x7000,
	0x9000, 0x7400, 0x7400, 0x7400, 0x7400, 0x7400, 0x7400, 0x7400, 0x7400, 0x7400, 0x7400, 0x7c00,
	0x7c00, 0x7c00, 0x7c00, 0x7c00, 0x7c00, 0x0, 0x8000, 0x8000, 0x8400, 0x8400, 0x8400, 0x8400,
	0x8400, 0x8400, 0x0, 0x0, 0x9400, 0x9400, 0x9400, 0x9400, 0x9400, 0x9400, 0x9800, 0x9800,
	0x9800, 0x9800, 0x9c00, 0x9c00, 0x9800, 0x9800, 0xa000, 0xa000, 0xa000, 0xa000, 0xa400, 0xa400,
	0xa800, 0xa800, 0xa800, 0xa800, 0xa800, 0xa800, 0xa800, 0xa800, 0xa800, 0xa800, 0x0, 0x0,
	0xb400, 0xb400, 0xbc00, 0xbc00, 0xbc00, 0xc000, 0xc000, 0xc000, 0xc000, 0xc000, 0xc000, 0x9800
};

static constexpr int32_t s_coll_kuFastLatinMiniVarTop = 0xbff;

static constexpr uint32_t s_coll_kuNumericPrimary = 0x10000000;
static constexpr int32_t s_coll_kuOptions = 0x2010;
static constexpr int32_t s_coll_kuJamoCe32sStart = -1;

static constexpr uint8_t s_coll_kuReorderTable[256] = {
	0, 1, 2, 3, 4, 5, 6, 7, 8, 9, 10, 11, 12, 13, 14, 15, 16, 17, 18, 19, 20, 21, 22, 23, 24, 25, 26, 27, 28, 29, 30, 31,
	32, 33, 34, 35, 36, 37, 38, 39, 40, 41, 42, 43, 44, 45, 46, 47, 48, 49, 50, 51, 52, 53, 54, 55, 56, 57, 58, 59, 60, 61, 62, 63,
	64, 65, 66, 67, 68, 69, 70, 71, 72, 73, 74, 75, 76, 77, 78, 79, 80, 81, 82, 83, 84, 85, 86, 87, 88, 89, 90, 91, 92, 93, 94, 95,
	96, 97, 98, 99, 100, 101, 102, 95, 104, 105, 106, 107, 108, 109, 110, 111, 112, 113, 114, 115, 116, 117, 118, 119, 120, 121, 122, 123, 124, 125, 126, 127,
	128, 129, 130, 131, 132, 133, 134, 135, 136, 137, 138, 139, 140, 141, 142, 143, 144, 145, 146, 147, 148, 149, 150, 151, 152, 153, 154, 155, 156, 157, 158, 159,
	160, 161, 162, 163, 164, 165, 166, 167, 168, 169, 170, 171, 172, 173, 174, 175, 176, 177, 178, 179, 180, 181, 182, 183, 184, 185, 186, 187, 188, 189, 190, 191,
	192, 193, 194, 195, 196, 197, 198, 199, 200, 201, 202, 203, 204, 205, 206, 207, 208, 209, 210, 211, 212, 213, 214, 215, 216, 217, 218, 219, 220, 221, 222, 223,
	224, 225, 226, 227, 228, 229, 230, 231, 232, 233, 234, 235, 236, 237, 238, 239, 240, 241, 242, 243, 244, 245, 246, 247, 248, 249, 250, 251, 252, 253, 254, 255
};

static constexpr uint16_t s_coll_lktTrieIndex[2112] = {
	0x0, 0x8, 0x10, 0x18, 0x30, 0x38, 0x40, 0x48, 0x50, 0x58, 0x59, 0x61, 0x30, 0x38, 0x69, 0x71,
	0x73, 0x7b, 0x30, 0x38, 0x30, 0x38, 0x30, 0x38, 0x30, 0x38, 0x30, 0x38, 0x30, 0x38, 0x30, 0x38,
	0x30, 0x38, 0x30, 0x38, 0x30, 0x38, 0x30, 0x38, 0x30, 0x38, 0x30, 0x38, 0x30, 0x38, 0x30, 0x38,
	0x30, 0x38, 0x30, 0x38, 0x30, 0x38, 0x30, 0x38, 0x30, 0x38, 0x30, 0x38, 0x30, 0x38, 0x30, 0x38,
	0x30, 0x30, 0x30, 0x30, 0x30, 0x30, 0x30, 0x30, 0x30, 0x30, 0x30, 0x30, 0x30, 0x30, 0x30, 0x30,
	0x30, 0x30, 0x30, 0x30, 0x30, 0x30, 0x30, 0x30, 0x30, 0x30, 0x30, 0x30, 0x30, 0x30, 0x30, 0x30,
	0x30, 0x30, 0x30, 0x30, 0x30, 0x30, 0x30, 0x30, 0x30, 0x30, 0x30, 0x30, 0x30, 0x30, 0x30, 0x30,
	0x30, 0x30, 0x30, 0x30, 0x30, 0x30, 0x30, 0x30, 0x30, 0x30, 0x30, 0x30, 0x30, 0x30, 0x30, 0x30,
	0x30, 0x30, 0x30, 0x30, 0x30, 0x30, 0x30, 0x30, 0x30, 0x30, 0x30, 0x30, 0x30, 0x30, 0x30, 0x30,
	0x30, 0x30, 0x30, 0x30, 0x30, 0x30, 0x30, 0x30, 0x30, 0x30, 0x30, 0x30, 0x30, 0x30, 0x30, 0x30,
	0x30, 0x30, 0x30, 0x30, 0x30, 0x30, 0x30, 0x30, 0x30, 0x30, 0x30, 0x30, 0x30, 0x30, 0x30, 0x30,
	0x30, 0x30, 0x30, 0x30, 0x30, 0x30, 0x30, 0x30, 0x30, 0x30, 0x30, 0x30, 0x30, 0x30, 0x30, 0x30,
	0x30, 0x30, 0x30, 0x30, 0x30, 0x30, 0x30, 0x30, 0x30, 0x30, 0x30, 0x30, 0x30, 0x30, 0x30, 0x30,
	0x30, 0x30, 0x30, 0x30, 0x30, 0x30, 0x30, 0x30, 0x30, 0x30, 0x30, 0x30, 0x30, 0x30, 0x30, 0x30,
	0x30, 0x30, 0x30, 0x30, 0x30, 0x30, 0x30, 0x30, 0x30, 0x30, 0x30, 0x30, 0x30, 0x30, 0x30, 0x30,
	0x30, 0x92, 0x30, 0x9a, 0x9e, 0x30, 0x30, 0x30, 0x30, 0x30, 0x30, 0x30, 0x30, 0x30, 0x30, 0x30,
	0x30, 0x30, 0x30, 0x30, 0x30, 0x30, 0x30, 0x30, 0x30, 0x30, 0x30, 0x30, 0x30, 0x30, 0x30, 0x30,
	0x30, 0x30, 0x30, 0x30, 0x30, 0x30, 0x30, 0x30, 0x30, 0x30, 0x30, 0x30, 0x30, 0x30, 0x30, 0x30,
	0x30, 0x30, 0x30, 0x30, 0x30, 0x30, 0x30, 0x30, 0x30, 0x30, 0x30, 0x30, 0x30, 0x30, 0x30, 0x30,
	0x30, 0x30, 0x30, 0x30, 0x30, 0x30, 0x30, 0x30, 0x30, 0x30, 0x30, 0x30, 0x30, 0x30, 0x30, 0x30,
	0x30, 0x30, 0x30, 0x30, 0x30, 0x30, 0x30, 0x30, 0x30, 0x30, 0x30, 0x30, 0x30, 0x30, 0x30, 0x30,
	0x30, 0x30, 0x30, 0x30, 0x30, 0x30, 0x30, 0x30, 0x30, 0x30, 0x30, 0x30, 0x30, 0x30, 0x30, 0x30,
	0x30, 0x30, 0x30, 0x30, 0x30, 0x30, 0x30, 0x30, 0x30, 0x30, 0x30, 0x30, 0x30, 0x30, 0x30, 0x30,
	0x30, 0x30, 0x30, 0x30, 0x30, 0x30, 0x30, 0x30, 0x30, 0x30, 0x30, 0x30, 0x30, 0x30, 0x30, 0x30,
	0x30, 0x30, 0x30, 0x30, 0x30, 0x30, 0x30, 0x30, 0x30, 0x30, 0x30, 0x30, 0x30, 0x30, 0x30, 0x30,
	0x30, 0x30, 0x30, 0x30, 0x30, 0x30, 0x30, 0x30, 0x30, 0x30, 0x30, 0x30, 0x30, 0x30, 0x30, 0x30,
	0x30, 0x30, 0x30, 0x30, 0x30, 0x30, 0x30, 0x30, 0x30, 0x30, 0x30, 0x30, 0x30, 0x30, 0x30, 0x30,
	0x30, 0x30, 0x30, 0x30, 0x30, 0x30, 0x30, 0x30, 0x30, 0x30, 0x30, 0x30, 0x30, 0x30, 0x30, 0x30,
	0x30, 0x30, 0x30, 0x30, 0x30, 0x30, 0x30, 0x30, 0x30, 0x30, 0x30, 0x30, 0x30, 0x30, 0x30, 0x30,
	0x30, 0x30, 0x30, 0x30, 0x30, 0x30, 0x30, 0x30, 0x30, 0x30, 0x30, 0x30, 0x30, 0x30, 0x30, 0x30,
	0x30, 0x30, 0x30, 0x30, 0x30, 0x30, 0x30, 0x30, 0x30, 0x30, 0x30, 0x30, 0x30, 0x30, 0x30, 0x30,
	0x30, 0x30, 0x30, 0x30, 0x30, 0x30, 0x30, 0x30, 0x30, 0x30, 0x30, 0x30, 0x30, 0x30, 0x30, 0x30,
	0x30, 0x30, 0x30, 0x30, 0x30, 0x30, 0x30, 0x30, 0x30, 0x30, 0x30, 0x30, 0x30, 0x30, 0x30, 0x30,
	0x30, 0x30, 0x30, 0x30, 0x30, 0x30, 0x30, 0x30, 0x30, 0x30, 0x30, 0x30, 0x30, 0x30, 0x30, 0x30,
	0x30, 0x30, 0x30, 0x30, 0x30, 0x30, 0x30, 0x30, 0x30, 0x30, 0x30, 0x30, 0x30, 0x30, 0x30, 0x30,
	0x30, 0x30, 0x30, 0x30, 0x30, 0x30, 0x30, 0x30, 0x30, 0x30, 0x30, 0x30, 0x30, 0x30, 0x30, 0x30,
	0x30, 0x30, 0x30, 0x30, 0x30, 0x30, 0x30, 0x30, 0x30, 0x30, 0x30, 0x30, 0x30, 0x30, 0x30, 0x30,
	0x30, 0x30, 0x30, 0x30, 0x30, 0x30, 0x30, 0x30, 0x30, 0x30, 0x30, 0x30, 0x30, 0x30, 0x30, 0x30,
	0x30, 0x30, 0x30, 0x30, 0x30, 0x30, 0x30, 0x30, 0x30, 0x30, 0x30, 0x30, 0x30, 0x30, 0x30, 0x30,
	0x30, 0x30, 0x30, 0x30, 0x30, 0x30, 0x30, 0x30, 0x30, 0x30, 0x30, 0x30, 0x30, 0x30, 0x30, 0x30,
	0x30, 0x30, 0x30, 0x30, 0x30, 0x30, 0x30, 0x30, 0x30, 0x30, 0x30, 0x30, 0x30, 0x30, 0x30, 0x30,
	0x30, 0x30, 0x30, 0x30, 0x30, 0x30, 0x30, 0x30, 0x30, 0x30, 0x30, 0x30, 0x30, 0x30, 0x30, 0x30,
	0x30, 0x30, 0x30, 0x30, 0x30, 0x30, 0x30, 0x30, 0x30, 0x30, 0x30, 0x30, 0x30, 0x30, 0x30, 0x30,
	0x30, 0x30, 0x30, 0x30, 0x30, 0x30, 0x30, 0x30, 0x30, 0x30, 0x30, 0x30, 0x30, 0x30, 0x30, 0x30,
	0x30, 0x30, 0x30, 0x30, 0x30, 0x30, 0x30, 0x30, 0x30, 0x30, 0x30, 0x30, 0x30, 0x30, 0x30, 0x30,
	0x30, 0x30, 0x30, 0x30, 0x30, 0x30, 0x30, 0x30, 0x30, 0x30, 0x30, 0x30, 0x30, 0x30, 0x30, 0x30,
	0x30, 0x30, 0x30, 0x30, 0x30, 0x30, 0x30, 0x30, 0x30, 0x30, 0x30, 0x30, 0x30, 0x30, 0x30, 0x30,
	0x30, 0x30, 0x30, 0x30, 0x30, 0x30, 0x30, 0x30, 0x30, 0x30, 0x30, 0x30, 0x30, 0x30, 0x30, 0x30,
	0x30, 0x30, 0x30, 0x30, 0x30, 0x30, 0x30, 0x30, 0x30, 0x30, 0x30, 0x30, 0x30, 0x30, 0x30, 0x30,
	0x30, 0x30, 0x30, 0x30, 0x30, 0x30, 0x30, 0x30, 0x30, 0x30, 0x30, 0x30, 0x30, 0x30, 0x30, 0x30,
	0x30, 0x30, 0x30, 0x30, 0x30, 0x30, 0x30, 0x30, 0x30, 0x30, 0x30, 0x30, 0x30, 0x30, 0x30, 0x30,
	0x30, 0x30, 0x30, 0x30, 0x30, 0x30, 0x30, 0x30, 0x30, 0x30, 0x30, 0x30, 0x30, 0x30, 0x30, 0x30,
	0x30, 0x30, 0x30, 0x30, 0x30, 0x30, 0x30, 0x30, 0x30, 0x30, 0x30, 0x30, 0x30, 0x30, 0x30, 0x30,
	0x30, 0x30, 0x30, 0x30, 0x30, 0x30, 0x30, 0x30, 0x30, 0x30, 0x30, 0x30, 0x30, 0x30, 0x30, 0x30,
	0x30, 0x30, 0x30, 0x30, 0x30, 0x30, 0x30, 0x30, 0x30, 0x30, 0x30, 0x30, 0x30, 0x30, 0x30, 0x30,
	0x30, 0x30, 0x30, 0x30, 0x30, 0x30, 0x30, 0x30, 0x30, 0x30, 0x30, 0x30, 0x30, 0x30, 0x30, 0x30,
	0x30, 0x30, 0x30, 0x30, 0x30, 0x30, 0x30, 0x30, 0x30, 0x30, 0x30, 0x30, 0x30, 0x30, 0x30, 0x30,
	0x30, 0x30, 0x30, 0x30, 0x30, 0x30, 0x30, 0x30, 0x30, 0x30, 0x30, 0x30, 0x30, 0x30, 0x30, 0x30,
	0x30, 0x30, 0x30, 0x30, 0x30, 0x30, 0x30, 0x30, 0x30, 0x30, 0x30, 0x30, 0x30, 0x30, 0x30, 0x30,
	0x30, 0x30, 0x30, 0x30, 0x30, 0x30, 0x30, 0x30, 0x30, 0x30, 0x30, 0x30, 0x30, 0x30, 0x30, 0x30,
	0x30, 0x30, 0x30, 0x30, 0x30, 0x30, 0x30, 0x30, 0x30, 0x30, 0x30, 0x30, 0x30, 0x30, 0x30, 0x30,
	0x30, 0x30, 0x30, 0x30, 0x30, 0x30, 0x30, 0x30, 0x30, 0x30, 0x30, 0x30, 0x30, 0x30, 0x30, 0x30,
	0x30, 0x30, 0x30, 0x30, 0x30, 0x30, 0x30, 0x30, 0x30, 0x30, 0x30, 0x30, 0x30, 0x30, 0x30, 0x30,
	0x30, 0x30, 0x30, 0x30, 0x30, 0x30, 0x30, 0x30, 0x30, 0x30, 0x30, 0x30, 0x30, 0x30, 0x30, 0x30,
	0x30, 0x30, 0x30, 0x30, 0x30, 0x30, 0x30, 0x30, 0x30, 0x30, 0x30, 0x30, 0x30, 0x30, 0x30, 0x30,
	0x30, 0x30, 0x30, 0x30, 0x30, 0x30, 0x30, 0x30, 0x30, 0x30, 0x30, 0x30, 0x30, 0x30, 0x30, 0x30,
	0x30, 0x30, 0x30, 0x30, 0x30, 0x30, 0x30, 0x30, 0x30, 0x30, 0x30, 0x30, 0x30, 0x30, 0x30, 0x30,
	0x30, 0x30, 0x30, 0x30, 0x30, 0x30, 0x30, 0x30, 0x30, 0x30, 0x30, 0x30, 0x30, 0x30, 0x30, 0x30,
	0x30, 0x30, 0x30, 0x30, 0x30, 0x30, 0x30, 0x30, 0x30, 0x30, 0x30, 0x30, 0x30, 0x30, 0x30, 0x30,
	0x30, 0x30, 0x30, 0x30, 0x30, 0x30, 0x30, 0x30, 0x30, 0x30, 0x30, 0x30, 0x30, 0x30, 0x30, 0x30,
	0x30, 0x30, 0x30, 0x30, 0x30, 0x30, 0x30, 0x30, 0x30, 0x30, 0x30, 0x30, 0x30, 0x30, 0x30, 0x30,
	0x30, 0x30, 0x30, 0x30, 0x30, 0x30, 0x30, 0x30, 0x30, 0x30, 0x30, 0x30, 0x30, 0x30, 0x30, 0x30,
	0x30, 0x30, 0x30, 0x30, 0x30, 0x30, 0x30, 0x30, 0x30, 0x30, 0x30, 0x30, 0x30, 0x30, 0x30, 0x30,
	0x30, 0x30, 0x30, 0x30, 0x30, 0x30, 0x30, 0x30, 0x30, 0x30, 0x30, 0x30, 0x30, 0x30, 0x30, 0x30,
	0x30, 0x30, 0x30, 0x30, 0x30, 0x30, 0x30, 0x30, 0x30, 0x30, 0x30, 0x30, 0x30, 0x30, 0x30, 0x30,
	0x30, 0x30, 0x30, 0x30, 0x30, 0x30, 0x30, 0x30, 0x30, 0x30, 0x30, 0x30, 0x30, 0x30, 0x30, 0x30,
	0x30, 0x30, 0x30, 0x30, 0x30, 0x30, 0x30, 0x30, 0x30, 0x30, 0x30, 0x30, 0x30, 0x30, 0x30, 0x30,
	0x30, 0x30, 0x30, 0x30, 0x30, 0x30, 0x30, 0x30, 0x30, 0x30, 0x30, 0x30, 0x30, 0x30, 0x30, 0x30,
	0x30, 0x30, 0x30, 0x30, 0x30, 0x30, 0x30, 0x30, 0x30, 0x30, 0x30, 0x30, 0x30, 0x30, 0x30, 0x30,
	0x30, 0x30, 0x30, 0x30, 0x30, 0x30, 0x30, 0x30, 0x30, 0x30, 0x30, 0x30, 0x30, 0x30, 0x30, 0x30,
	0x30, 0x30, 0x30, 0x30, 0x30, 0x30, 0x30, 0x30, 0x30, 0x30, 0x30, 0x30, 0x30, 0x30, 0x30, 0x30,
	0x30, 0x30, 0x30, 0x30, 0x30, 0x30, 0x30, 0x30, 0x30, 0x30, 0x30, 0x30, 0x30, 0x30, 0x30, 0x30,
	0x30, 0x30, 0x30, 0x30, 0x30, 0x30, 0x30, 0x30, 0x30, 0x30, 0x30, 0x30, 0x30, 0x30, 0x30, 0x30,
	0x30, 0x30, 0x30, 0x30, 0x30, 0x30, 0x30, 0x30, 0x30, 0x30, 0x30, 0x30, 0x30, 0x30, 0x30, 0x30,
	0x30, 0x30, 0x30, 0x30, 0x30, 0x30, 0x30, 0x30, 0x30, 0x30, 0x30, 0x30, 0x30, 0x30, 0x30, 0x30,
	0x30, 0x30, 0x30, 0x30, 0x30, 0x30, 0x30, 0x30, 0x30, 0x30, 0x30, 0x30, 0x30, 0x30, 0x30, 0x30,
	0xa6, 0xa6, 0xa6, 0xa6, 0xa6, 0xa6, 0xa6, 0xa6, 0xa6, 0xa6, 0xa6, 0xa6, 0xa6, 0xa6, 0xa6, 0xa6,
	0xa6, 0xa6, 0xa6, 0xa6, 0xa6, 0xa6, 0xa6, 0xa6, 0xa6, 0xa6, 0xa6, 0xa6, 0xa6, 0xa6, 0xa6, 0xa6,
	0xa6, 0xa6, 0xa6, 0xa6, 0xa6, 0xa6, 0xa6, 0xa6, 0xa6, 0xa6, 0xa6, 0xa6, 0xa6, 0xa6, 0xa6, 0xa6,
	0xa6, 0xa6, 0xa6, 0xa6, 0xa6, 0xa6, 0xa6, 0xa6, 0xa6, 0xa6, 0xa6, 0xa6, 0xa6, 0xa6, 0xa6, 0xa6,
	0xa6, 0xa6, 0xa6, 0xa6, 0xa6, 0xa6, 0xa6, 0xa6, 0xa6, 0xa6, 0xa6, 0xa6, 0xa6, 0xa6, 0xa6, 0xa6,
	0xa6, 0xa6, 0xa6, 0xa6, 0xa6, 0xa6, 0xa6, 0xa6, 0xa6, 0xa6, 0xa6, 0xa6, 0xa6, 0xa6, 0xa6, 0xa6,
	0xa6, 0xa6, 0xa6, 0xa6, 0xa6, 0xa6, 0xa6, 0xa6, 0xa6, 0xa6, 0xa6, 0xa6, 0xa6, 0xa6, 0xa6, 0xa6,
	0xa6, 0xa6, 0xa6, 0xa6, 0xa6, 0xa6, 0xa6, 0xa6, 0xa6, 0xa6, 0xa6, 0xa6, 0xa6, 0xa6, 0xa6, 0xa6,
	0xa6, 0xa6, 0xa6, 0xa6, 0xa6, 0xa6, 0xa6, 0xa6, 0xa6, 0xa6, 0xa6, 0xa6, 0xa6, 0xa6, 0xa6, 0xa6,
	0xa6, 0xa6, 0xa6, 0xa6, 0xa6, 0xa6, 0xa6, 0xa6, 0xa6, 0xa6, 0xa6, 0xa6, 0xa6, 0xa6, 0xa6, 0xa6,
	0xa6, 0xa6, 0xa6, 0xa6, 0xa6, 0xa6, 0xa6, 0xa6, 0xa6, 0xa6, 0xa6, 0xa6, 0xa6, 0xa6, 0xa6, 0xa6,
	0xa6, 0xa6, 0xa6, 0xa6, 0xa6, 0xa6, 0xa6, 0xa6, 0xa6, 0xa6, 0xa6, 0xa6, 0xa6, 0xa6, 0xa6, 0xa6,
	0xa6, 0xa6, 0xa6, 0xa6, 0xa6, 0xa6, 0xa6, 0xa6, 0xa6, 0xa6, 0xa6, 0xa6, 0xa6, 0xa6, 0xa6, 0xa6,
	0xa6, 0xa6, 0xa6, 0xa6, 0xa6, 0xa6, 0xa6, 0xa6, 0xa6, 0xa6, 0xa6, 0xa6, 0xa6, 0xa6, 0xa6, 0xa6,
	0xa6, 0xa6, 0xa6, 0xa6, 0xa6, 0xa6, 0xa6, 0xa6, 0xa6, 0xa6, 0xa6, 0xa6, 0xa6, 0xa6, 0xa6, 0xa6,
	0xa6, 0xa6, 0xa6, 0xa6, 0xa6, 0xa6, 0xa6, 0xa6, 0xa6, 0xa6, 0xa6, 0xa6, 0xa6, 0xa6, 0xa6, 0xa6,
	0xa6, 0xa6, 0xa6, 0xa6, 0xa6, 0xa6, 0xa6, 0xa6, 0xa6, 0xa6, 0xa6, 0xa6, 0xa6, 0xa6, 0xa6, 0xa6,
	0xa6, 0xa6, 0xa6, 0xa6, 0xa6, 0xa6, 0xa6, 0xa6, 0xa6, 0xa6, 0xa6, 0xa6, 0xa6, 0xa6, 0xa6, 0xa6,
	0xa6, 0xa6, 0xa6, 0xa6, 0xa6, 0xa6, 0xa6, 0xa6, 0xa6, 0xa6, 0xa6, 0xa6, 0xa6, 0xa6, 0xa6, 0xa6,
	0xa6, 0xa6, 0xa6, 0xa6, 0xa6, 0xa6, 0xa6, 0xa6, 0xa6, 0xa6, 0xa6, 0xa6, 0xa6, 0xa6, 0xa6, 0xa6,
	0xa6, 0xa6, 0xa6, 0xa6, 0xa6, 0xa6, 0xa6, 0xa6, 0xa6, 0xa6, 0xa6, 0xa6, 0xa6, 0xa6, 0xa6, 0xa6,
	0xa6, 0xa6, 0xa6, 0xa6, 0xa6, 0xa6, 0xa6, 0xa6, 0xa6, 0xa6, 0xa6, 0xa6, 0xa6, 0x8b, 0x30, 0x30,
	0x83, 0x83, 0x83, 0x83, 0x83, 0x83, 0x83, 0x83, 0x83, 0x83, 0x83, 0x83, 0x83, 0x83, 0x83, 0x83,
	0x83, 0x83, 0x83, 0x83, 0x83, 0x83, 0x83, 0x83, 0x83, 0x83, 0x83, 0x83, 0x83, 0x83, 0x83, 0x83,
	0x30, 0x30, 0x30, 0x30, 0x30, 0x30, 0x30, 0x30, 0x30, 0x30, 0x30, 0x30, 0x30, 0x30, 0x30, 0x30,
	0x30, 0x30, 0x30, 0x30, 0x30, 0x30, 0x30, 0x30, 0x30, 0x30, 0x30, 0x30, 0x30, 0x30, 0x30, 0x30,
	0x30, 0x30, 0x30, 0x30, 0x30, 0x30, 0x30, 0x30, 0x30, 0x30, 0x30, 0x30, 0x30, 0x30, 0x30, 0x30,
	0x30, 0x30, 0x30, 0x30, 0x30, 0x30, 0x30, 0x30, 0x30, 0x30, 0x30, 0x30, 0x30, 0x30, 0x30, 0x30,
	0x30, 0x30, 0x30, 0x30, 0x30, 0x30, 0x30, 0x30, 0x30, 0x30, 0x30, 0x30, 0x30, 0x30, 0x30, 0x30,
	0x30, 0x30, 0x30, 0x30, 0x30, 0x30, 0x30, 0x30, 0x30, 0x30, 0x30, 0x30, 0x30, 0x30, 0x30, 0x30,
	0x30, 0x30, 0x30, 0x30, 0x30, 0x30, 0x30, 0x30, 0x30, 0x30, 0x30, 0x30, 0x30, 0x30, 0x30, 0x30,
	0x30, 0x30, 0x30, 0x30, 0x30, 0x30, 0x30, 0x30, 0x30, 0x30, 0x30, 0x30, 0x30, 0x30, 0x30, 0x30,
	0x30, 0x30, 0x30, 0x30, 0x30, 0x30, 0x30, 0x30, 0x30, 0x30, 0x30, 0x30, 0x30, 0x30, 0x30, 0x30,
	0x30, 0x30, 0x30, 0x30, 0x30, 0x30, 0x30, 0x30, 0x30, 0x30, 0x30, 0x30, 0x30, 0x30, 0x30, 0x30,
	0x30, 0x30, 0x30, 0x30, 0x30, 0x30, 0x30, 0x30, 0x30, 0x30, 0x30, 0x30, 0x30, 0x30, 0x30, 0x30,
	0x30, 0x30, 0x30, 0x30, 0x30, 0x30, 0x30, 0x30, 0x30, 0x30, 0x30, 0x30, 0x30, 0x30, 0x30, 0x30,
	0x30, 0x30, 0x30, 0x30, 0x30, 0x30, 0x30, 0x30, 0x30, 0x30, 0x30, 0x30, 0x30, 0x30, 0x30, 0x30,
	0x30, 0x30, 0x30, 0x30, 0x30, 0x30, 0x30, 0x30, 0x30, 0x30, 0x30, 0x30, 0x30, 0x30, 0x30, 0x30,
	0x30, 0x30, 0x30, 0x30, 0x30, 0x30, 0x30, 0x30, 0x30, 0x30, 0x30, 0x30, 0x30, 0x30, 0x30, 0x30,
	0x30, 0x30, 0x30, 0x30, 0x30, 0x30, 0x30, 0x30, 0x30, 0x30, 0x30, 0x30, 0x30, 0x30, 0x30, 0x30,
	0x30, 0x30, 0x30, 0x30, 0x30, 0x30, 0x30, 0x30, 0x30, 0x30, 0x30, 0x30, 0x30, 0x30, 0x30, 0x30,
	0x30, 0x30, 0x30, 0x30, 0x30, 0x30, 0x30, 0x30, 0x30, 0x30, 0x30, 0x30, 0x30, 0x30, 0x30, 0x30,
	0x30, 0x30, 0x30, 0x30, 0x30, 0x30, 0x30, 0x30, 0x30, 0x30, 0x30, 0x30, 0x30, 0x30, 0x30, 0x30,
	0x30, 0x30, 0x30, 0x30, 0x30, 0x30, 0x30, 0x30, 0x30, 0x30, 0x30, 0x30, 0x30, 0x30, 0x30, 0x30,
	0x80, 0x80, 0xc0, 0x100, 0x140, 0x164, 0xc0, 0x1a4, 0x1cc, 0xc0, 0xc0, 0xc0, 0xc0, 0xc0, 0xc0, 0xc0,
	0xc0, 0xc0, 0xc0, 0xc0, 0xc0, 0xc0, 0xc0, 0xc0, 0xc0, 0xc0, 0xc0, 0xc0, 0xc0, 0xc0, 0xc0, 0xc0
};

static constexpr uint32_t s_coll_lktTrieData[700] = {
	0xcb, 0x0, 0x0, 0x0, 0x0, 0x0, 0x0, 0x0,
	0x0, 0x3040505, 0x3060505, 0x3080505, 0x30a0505, 0x30c0505, 0x0, 0x0,
	0x0, 0x0, 0x0, 0x0, 0x0, 0x0, 0x0, 0x0,
	0x0, 0x0, 0x0, 0x0, 0x0, 0x0, 0x0, 0x0,
	0x4000505, 0x75a0505, 0x9760505, 0xa940505, 0xda90505, 0xa960505, 0xa8e0505, 0x9700505,
	0x97c0505, 0x97e0505, 0xa7e0505, 0xc7b0505, 0x6000505, 0x50e0505, 0x8000505, 0xa880505,
	0x6a0ca, 0x6c1ca, 0x6e2ca, 0x703ca, 0x724ca, 0x745ca, 0x766ca, 0x787ca,
	0x7a8ca, 0x7c9ca, 0x7360505, 0x72a0505, 0xc850505, 0xc870505, 0xc890505, 0x7640505,
	0xa7c0505, 0x2b00059c, 0x2d00059c, 0x6c9, 0x3100059c, 0x3300059c, 0x3500059c, 0xc6c9,
	0x186c9, 0x3b00059c, 0x3d00059c, 0x3f00059c, 0x4100059c, 0x4300059c, 0x4500059c, 0x4700059c,
	0x4900059c, 0x4b00059c, 0x4d00059c, 0x246c9, 0x5100059c, 0x5300059c, 0x5500059c, 0x570005a0,
	0x5900059c, 0x5b00059c, 0x326c9, 0x9800505, 0xa8a0505, 0x9820505, 0xc0a0505, 0x50a0505,
	0xc040505, 0x2b000505, 0x2d000505, 0x406c9, 0x31000505, 0x33000505, 0x35000505, 0x4c6c9,
	0x586c9, 0x3b000505, 0x3d000505, 0x3f000505, 0x41000505, 0x43000505, 0x45000505, 0x47000505,
	0x49000505, 0x4b000505, 0x4d000505, 0x646c9, 0x51000505, 0x53000505, 0x55000505, 0x57000505,
	0x59000505, 0x5b000505, 0x726c9, 0x9840505, 0xc8d0505, 0x9860505, 0xc910505, 0x0,
	0xfffd0505, 0xfffd0505, 0xfffd0505, 0xfffd0505, 0xfffd0505, 0xfffd0505, 0xfffd0505, 0xfffd0505,
	0xfffd0505, 0xfffd0505, 0xfffd0505, 0xfffd0505, 0xfffd0505, 0xfffd0505, 0xfffd0505, 0xfffd0505,
	0xfffd0505, 0xfffd0505, 0xfffd0505, 0xfffd0505, 0xfffd0505, 0xfffd0505, 0xfffd0505, 0xfffd0505,
	0xfffd0505, 0xfffd0505, 0xfffd0505, 0xfffd0505, 0xfffd0505, 0xfffd0505, 0xfffd0505, 0xfffd0505,
	0xfffd0505, 0xfffd0505, 0xfffd0505, 0xfffd0505, 0xfffd0505, 0xfffd0505, 0xfffd0505, 0xfffd0505,
	0xfffd0505, 0xfffd0505, 0xfffd0505, 0xfffd0505, 0xfffd0505, 0xfffd0505, 0xfffd0505, 0xfffd0505,
	0xfffd0505, 0xfffd0505, 0xfffd0505, 0xfffd0505, 0xfffd0505, 0xfffd0505, 0xfffd0505, 0xfffd0505,
	0xfffd0505, 0xfffd0505, 0xfffd0505, 0xfffd0505, 0xfffd0505, 0xfffd0505, 0xfffd0505, 0xfffd0505,
	0xc0, 0xc0, 0xc0, 0xc0, 0xc0, 0xc0, 0xc0, 0xc0,
	0xc0, 0xc0, 0xc0, 0xc0, 0xc0, 0xc0, 0xc0, 0xc0,
	0xc0, 0xc0, 0xc0, 0xc0, 0xc0, 0xc0, 0xc0, 0xc0,
	0xc0, 0xc0, 0xc0, 0xc0, 0xc0, 0xc0, 0xc0, 0xc0,
	0xc0, 0xc0, 0xc0, 0xc0, 0xc0, 0xc0, 0xc0, 0xc0,
	0xc0, 0xc0, 0xc0, 0xc0, 0xc0, 0xc0, 0xc0, 0xc0,
	0xc0, 0xc0, 0xc0, 0xc0, 0xc0, 0xc0, 0xc0, 0xc0,
	0xc0, 0xc0, 0xc0, 0xc0, 0xc0, 0xc0, 0xc0, 0xc0,
	0x2b9c8ac4, 0x2b9c88c4, 0x2b9c8ec4, 0x2b9c9ac4, 0x2b9c96c4, 0x2b9c92c4, 0x5e2c5, 0x806c9,
	0x339c8ac4, 0x339c88c4, 0x339c8ec4, 0x339c96c4, 0x3b9c8ac4, 0x3b9c88c4, 0x3b9c8ec4, 0x3b9c96c4,
	0x310070a0, 0x459c9ac4, 0x479c8ac4, 0x479c88c4, 0x479c8ec4, 0x479c9ac4, 0x479c96c4, 0xc830505,
	0x479c9ec4, 0x539c8ac4, 0x539c88c4, 0x539c8ec4, 0x539c96c4, 0x5b9c88c4, 0x5e2805a0, 0x622c5,
	0x2b058ac4, 0x2b0588c4, 0x2b058ec4, 0x2b059ac4, 0x2b0596c4, 0x2b0592c4, 0x662c5, 0x8a6c9,
	0x33058ac4, 0x330588c4, 0x33058ec4, 0x330596c4, 0x3b058ac4, 0x3b0588c4, 0x3b058ec4, 0x3b0596c4,
	0x31007005, 0x45059ac4, 0x47058ac4, 0x470588c4, 0x47058ec4, 0x47059ac4, 0x470596c4, 0xc810505,
	0x47059ec4, 0x53058ac4, 0x530588c4, 0x53058ec4, 0x530596c4, 0x5b0588c4, 0x5e280505, 0x5b0596c4,
	0xc0, 0xc0, 0xc0, 0xc0, 0xc0, 0xc0, 0xc0, 0xc0,
	0xc0, 0xc0, 0xc0, 0xc0, 0x30020586, 0x30020505, 0xc0, 0xc0,
	0xc0, 0xc0, 0xc0, 0xc0, 0xc0, 0xc0, 0xc0, 0xc0,
	0xc0, 0xc0, 0xc0, 0xc0, 0xc0, 0xc0, 0xc0, 0xc0,
	0xc0, 0xc0, 0x966c9, 0xa26c9, 0xc0, 0xc0, 0xc0, 0xc0,
	0xc0, 0xc0, 0xc0, 0xc0, 0xc0, 0xc0, 0xc0, 0xc0,
	0xc0, 0xc0, 0xc0, 0xc0, 0xc0, 0xc0, 0xc0, 0xc0,
	0xc0, 0xc0, 0xc0, 0xc0, 0xc0, 0xc0, 0xc0, 0xc0,
	0xc0, 0xc0, 0xae6c9, 0xba6c9, 0x50020586, 0x50020505, 0xc0, 0xc0,
	0xc0, 0xc0, 0xc0, 0xc0, 0xc0, 0xc0, 0xc0, 0xc0,
	0xc0, 0xc0, 0xc0, 0xc0, 0xc0, 0xc0, 0xc0, 0xc0,
	0xc0, 0xc0, 0xc0, 0xc0, 0xc0, 0xc0, 0xc0, 0xc0,
	0xc0, 0x5e020586, 0x5e020505, 0xc0, 0xc0, 0xc0, 0xc0, 0xc0,
	0xc0, 0xc0, 0xc0, 0xc0, 0xc0, 0xc0, 0xc0, 0xc0,
	0xc0, 0xc0, 0xc0, 0xc0, 0xc0, 0xc0, 0xc0, 0xc0,
	0xc0, 0xc0, 0xc0, 0xc0, 0xc0, 0xc0, 0xc0, 0xc0,
	0xc0, 0xc0, 0xc0, 0xc0, 0xc0, 0xc0, 0xc0, 0xc0,
	0xc0, 0xc0, 0x38020586, 0x38020505, 0xc0, 0xc0, 0xc0, 0xc0,
	0xc0, 0xc0, 0xc0, 0xc0, 0xc0, 0xc0, 0xc0, 0xc0,
	0xc0, 0xc0, 0xc0, 0xc0, 0xc0, 0xc0, 0xc0, 0xc0,
	0xc0, 0xc0, 0xc0, 0xc0, 0xc66c9, 0xd26c9, 0xc0, 0xc0,
	0xc0, 0xc0, 0x3a020586, 0x3a020505, 0xc0, 0xc0, 0xc0, 0xc0,
	0xc0, 0xc0, 0xc0, 0xc0, 0xc0, 0xc0, 0xc0, 0xc0,
	0xc0, 0xc0, 0xc0, 0xc0, 0xc0, 0xc0, 0xc0, 0xc0,
	0xc0, 0xc0, 0xc0, 0xc0, 0xc0, 0xc0, 0xc0, 0xc0,
	0xc0, 0xc0, 0xc0, 0xc0, 0x1cd, 0x1cd, 0x1cd, 0x1cd,
	0x1cd, 0x1cd, 0x1cd, 0x1cd, 0x1cd, 0x1cd, 0x1cd, 0x1cd,
	0x1cd, 0x1cd, 0x1cd, 0x1cd, 0x1cd, 0x1cd, 0x1cd, 0x1cd,
	0x1cd, 0x1cd, 0x1cd, 0x1cd, 0x1cd, 0x1cd, 0x1cd, 0x1cd,
	0x1cd, 0x1cd, 0x1cd, 0x1cd, 0x1cc, 0x1cc, 0x1cc, 0x1cc,
	0xc0, 0xc0, 0xc0, 0xc0, 0xc0, 0xc0, 0xc0, 0xc0,
	0xc0, 0xc0, 0xc0, 0xc0, 0xc0, 0xc0, 0xc0, 0xc0,
	0xc0, 0xc0, 0xc0, 0xc0, 0xc0, 0xc0, 0xc0, 0xc0,
	0xc0, 0xc0, 0xc0, 0xc0, 0xde6c9, 0xea6c9, 0xc0, 0xc0,
	0xf66c9, 0x1026c9, 0x10e6c9, 0x11a6c9, 0xc0, 0xc0, 0xc0, 0xc0,
	0xc0, 0xc0, 0xc0, 0xc0, 0xc0, 0xc0, 0xc0, 0xc0,
	0xc0, 0xc0, 0xc0, 0xc0, 0xc0, 0xc0, 0xc0, 0xc0,
	0xc0, 0xc0, 0x1266c9, 0x1326c9, 0xc0, 0xc0, 0x422c5, 0x462c5,
	0xc0, 0xc0, 0xc0, 0xc0, 0xc0, 0xc0, 0xc0, 0xc0,
	0xc0, 0xc0, 0xc0, 0xc0, 0xc0, 0xc0, 0xc0, 0xc0,
	0xc0, 0xc0, 0xc0, 0xc0, 0xc0, 0xc0, 0xc0, 0xc0,
	0xc0, 0xc0, 0x13e6c9, 0x14a6c9, 0x1566c9, 0x1626c9, 0x16e6c9, 0xc0,
	0xc0, 0xc0, 0xc0, 0xc0, 0xc0, 0xc0, 0xc0, 0xc0,
	0x1cc, 0x1cc, 0x1cc, 0x1cc, 0x1cc, 0x1cc, 0x1cc, 0x1cc,
	0x1cc, 0x1cc, 0x1cc, 0x1cc, 0x1cc, 0x1cc, 0x1cc, 0x1cc,
	0x1cc, 0x1cc, 0x1cc, 0x1cc, 0x1cc, 0x1cc, 0x1cc, 0x1cc,
	0x1cc, 0x1cc, 0x1cc, 0x1cc, 0x1cc, 0x1cc, 0x1cc, 0x1cc,
	0xc0, 0xc0, 0xc0, 0xc0
};

static constexpr int32_t s_coll_lktTrieIndexLength = 2112;
static constexpr int32_t s_coll_lktTrieDataLength = 700;
static constexpr char32_t s_coll_lktTrieHighStart = 0xe000;
static constexpr int32_t s_coll_lktTrieHighValueIndex = 696;

static constexpr uint32_t s_coll_lktCe32s[63] = {
	0x0, 0x30020586, 0xa005, 0x30020505, 0xa005, 0x38020586, 0xa005, 0x38020505,
	0xa005, 0x50020586, 0xa005, 0x50020505, 0xa005, 0x50020586, 0xca05, 0x50020505,
	0xca05, 0x3a020586, 0xc405, 0x3a020505, 0xc405, 0x3a020586, 0xa005, 0x3a020505,
	0xa005, 0x3a020586, 0xce05, 0x3a020505, 0xce05, 0x50020586, 0xc405, 0x50020505,
	0xc405, 0x50020586, 0x9c05, 0x50020505, 0x9c05, 0x5e020586, 0xc405, 0x5e020505,
	0xc405, 0x5e020586, 0xd205, 0x5e020505, 0xd205, 0x3a020505, 0xd205, 0x2b0070a0,
	0x330005a2, 0x4f007005, 0x4f000513, 0x2b007005, 0x33000513, 0x12000505, 0x14000505, 0x16000505,
	0x18000505, 0x1a000505, 0x1c000505, 0x1e000505, 0x20000505, 0x22000505, 0x24000505
};

static constexpr char16_t s_coll_lktContexts[189] = {
	0x2f00, 0x59c, 0x30, 0x30c, 0xf002, 0x586, 0x3700, 0x59c, 0x30, 0x30c, 0xf802, 0x586,
	0x3900, 0x59c, 0x30, 0x30c, 0xfa02, 0x586, 0x4f00, 0x59c, 0x30, 0x30c, 0xffff, 0x5002,
	0x586, 0x5d00, 0x59c, 0x30, 0x30c, 0xffff, 0x5e02, 0x586, 0x2f00, 0x505, 0x30, 0x30c,
	0xf002, 0x505, 0x3700, 0x505, 0x30, 0x30c, 0xf802, 0x505, 0x3900, 0x505, 0x30, 0x30c,
	0xfa02, 0x505, 0x4f00, 0x505, 0x30, 0x30c, 0xffff, 0x5002, 0x505, 0x5d00, 0x505, 0x30,
	0x30c, 0xffff, 0x5e02, 0x505, 0x2f9c, 0xa0c4, 0x30, 0x30c, 0xa2c5, 0x2f05, 0xa0c4, 0x30,
	0x30c, 0xc000, 0x62c5, 0x379c, 0xa0c4, 0x30, 0x30c, 0xc000, 0xa2c5, 0x3705, 0xa0c4, 0x30,
	0x30c, 0xc000, 0xe2c5, 0x4f9c, 0xa0c4, 0x30, 0x30c, 0xc001, 0x22c5, 0x4f05, 0xa0c4, 0x30,
	0x30c, 0xc001, 0x62c5, 0x4f9c, 0xcac4, 0x30, 0x30c, 0xc001, 0xa2c5, 0x4f05, 0xcac4, 0x30,
	0x30c, 0xc001, 0xe2c5, 0x399c, 0xc4c4, 0x30, 0x30c, 0xc002, 0x22c5, 0x3905, 0xc4c4, 0x30,
	0x30c, 0xc002, 0x62c5, 0x399c, 0xa0c4, 0x30, 0x30c, 0xc002, 0xa2c5, 0x3905, 0xa0c4, 0x30,
	0x30c, 0xc002, 0xe2c5, 0x399c, 0xcec4, 0x30, 0x30c, 0xc003, 0x22c5, 0x3905, 0xcec4, 0x30,
	0x30c, 0xc003, 0x62c5, 0x4f9c, 0xc4c4, 0x30, 0x30c, 0xc003, 0xa2c5, 0x4f05, 0xc4c4, 0x30,
	0x30c, 0xc003, 0xe2c5, 0x5d9c, 0xc4c4, 0x30, 0x30c, 0xc004, 0xa2c5, 0x5d05, 0xc4c4, 0x30,
	0x30c, 0xc004, 0xe2c5, 0x5d9c, 0xd2c4, 0x30, 0x30c, 0xc005, 0x22c5, 0x5d05, 0xd2c4, 0x30,
	0x30c, 0xc005, 0x62c5, 0x3905, 0xd2c4, 0x30, 0x30c, 0xc005, 0xa2c5
};

static constexpr uint16_t s_coll_lktFastLatin[512] = {
	0x205, 0xc40, 0xde0, 0xe80, 0xea8, 0x418, 0x0, 0x0, 0x0, 0x0, 0x0, 0x0,
	0x0, 0x0, 0xc00, 0xc08, 0xc10, 0xc18, 0xc20, 0x0, 0x0, 0x0, 0x0, 0x0,
	0x0, 0x0, 0x0, 0x0, 0x0, 0x0, 0x0, 0x0, 0x0, 0x0, 0x0, 0x0,
	0x0, 0xc40, 0xca8, 0xcf0, 0xd78, 0xe98, 0xd80, 0xd70, 0xcd8, 0xd08, 0xd10, 0xd58,
	0xe30, 0xc90, 0xc60, 0xcd0, 0xd60, 0x10a8, 0x14a8, 0x18a8, 0x1ca8, 0x20a8, 0x24a8, 0x28a8,
	0x2ca8, 0x30a8, 0x34a8, 0xca0, 0xc98, 0xe50, 0xe58, 0xe60, 0xcb8, 0xd50, 0x38b9, 0x3cb9,
	0x41a, 0x48b9, 0x4cba, 0x50b9, 0x41c, 0x41e, 0x5cba, 0x64ba, 0x68b9, 0x6cb9, 0x70b9, 0x74ba,
	0x7cb9, 0x80b9, 0x84b9, 0x8cb9, 0x420, 0x98b9, 0xa0b9, 0xa4b9, 0xa8b9, 0xacb9, 0xb0b9, 0x422,
	0xd18, 0xd68, 0xd20, 0xdf8, 0xc50, 0xde8, 0x38a8, 0x3ca8, 0x424, 0x48a8, 0x4ca8, 0x50a8,
	0x426, 0x428, 0x5ca8, 0x64a8, 0x68a8, 0x6ca8, 0x70a8, 0x74a8, 0x7ca8, 0x80a8, 0x84a8, 0x8ca8,
	0x42a, 0x98a8, 0xa0a8, 0xa4a8, 0xa8a8, 0xaca8, 0xb0a8, 0x42c, 0xd28, 0xe70, 0xd30, 0xe80,
	0x0, 0x0, 0x0, 0x0, 0x0, 0x0, 0xc28, 0x0, 0x0, 0x0, 0x0, 0x0,
	0x0, 0x0, 0x0, 0x0, 0x0, 0x0, 0x0, 0x0, 0x0, 0x0, 0x0, 0x0,
	0x0, 0x0, 0x0, 0x0, 0x0, 0x0, 0x0, 0x0, 0x0, 0xc42, 0xcb0, 0xe90,
	0xea0, 0xe88, 0xea8, 0xe78, 0xd40, 0xe08, 0xe20, 0x38aa, 0xcf8, 0xe68, 0x0, 0xe28,
	0xe00, 0xe18, 0xe38, 0x18a9, 0x1ca9, 0xdf0, 0x1, 0xd48, 0x1, 0xe10, 0x14a9, 0x7caa,
	0xd00, 0x1, 0x1, 0x1, 0xcc0, 0x39b9, 0x3999, 0x39f9, 0x3a99, 0x3a59, 0x3a39, 0x800,
	0x42e, 0x4dba, 0x4d9a, 0x4dfa, 0x4e5a, 0x5dba, 0x5d9a, 0x5dfa, 0x5e5a, 0x48d9, 0x769a, 0x7db9,
	0x7d99, 0x7df9, 0x7e99, 0x7e59, 0xe48, 0x7ed9, 0xa1b9, 0xa199, 0xa1f9, 0xa259, 0xb199, 0xbcb9,
	0x802, 0x39a8, 0x3988, 0x39e8, 0x3a88, 0x3a48, 0x3a28, 0x804, 0x430, 0x4da8, 0x4d88, 0x4de8,
	0x4e48, 0x5da8, 0x5d88, 0x5de8, 0x5e48, 0x48c8, 0x7688, 0x7da8, 0x7d88, 0x7de8, 0x7e88, 0x7e48,
	0xe40, 0x7ec8, 0xa1a8, 0xa188, 0xa1e8, 0xa248, 0xb188, 0xbca8, 0xb248, 0x3b39, 0x3b28, 0x39d9,
	0x39c8, 0x3b19, 0x3b08, 0x4199, 0x4188, 0x41f9, 0x41e8, 0x42b9, 0x42a8, 0x44b9, 0x44a8, 0x4a19,
	0x4a08, 0x4b59, 0x4b48, 0x4f3a, 0x4f28, 0x4dda, 0x4dc8, 0x4eba, 0x4ea8, 0x4f1a, 0x4f08, 0x4e1a,
	0x4e08, 0x55f9, 0x55e8, 0x55d9, 0x55c8, 0x56b9, 0x56a8, 0x432, 0x434, 0x59f9, 0x59e8, 0x5b59,
	0x5b48, 0x5e9a, 0x5e88, 0x5f3a, 0x5f28, 0x5dda, 0x5dc8, 0x5f1a, 0x5f08, 0x5eba, 0x60a8, 0x806,
	0x808, 0x65fa, 0x65e8, 0x6af9, 0x6ae8, 0x88a8, 0x6d99, 0x6d88, 0x6ef9, 0x6ee8, 0x6e19, 0x6e08,
	0x6f79, 0x6f68, 0x6f59, 0x6f48, 0x759a, 0x7588, 0x76fa, 0x76e8, 0x761a, 0x7608, 0x80a, 0x78b9,
	0x78a8, 0x7f39, 0x7f28, 0x7dd9, 0x7dc8, 0x7e79, 0x7e68, 0x80c, 0x80e, 0x8d99, 0x8d88, 0x8ef9,
	0x8ee8, 0x8e19, 0x8e08, 0x919a, 0x9188, 0x91fa, 0x91e8, 0x436, 0x438, 0x94b9, 0x94a8, 0x9af9,
	0x9ae8, 0x9a19, 0x9a08, 0x9cb9, 0x9ca8, 0xa299, 0xa288, 0xa339, 0xa328, 0xa1d9, 0xa1c8, 0xa239,
	0xa228, 0xa279, 0xa268, 0xa319, 0xa308, 0xa9f9, 0xa9e8, 0xb1f9, 0xb1e8, 0xb259, 0xb599, 0xb588,
	0xb6b9, 0xb6a8, 0xb8b9, 0xb8a8, 0x90e8, 0xc41, 0xc41, 0xc41, 0xc41, 0xc41, 0xc41, 0xc41,
	0xc42, 0xc41, 0xc41, 0xc41, 0x0, 0x0, 0x0, 0x0, 0x0, 0xc68, 0xc69, 0xc70,
	0xc78, 0xc80, 0xc88, 0xd38, 0xc58, 0x1, 0x1, 0x1, 0x1, 0x1, 0x1, 0x1,
	0x1, 0xd98, 0xda0, 0xda8, 0xdb0, 0xcd1, 0x810, 0x1, 0xdb8, 0xc30, 0xc38, 0x0,
	0x0, 0x0, 0x0, 0x0, 0xc42, 0xd88, 0xd90, 0xdc0, 0x812, 0x1, 0xdc8, 0x814,
	0x1, 0xdd0, 0xce0, 0xce8, 0xdd8, 0x816, 0xcc8, 0xc48, 0xde0, 0x38d9, 0x4cbb, 0x90c8,
	0x90a9, 0x38c8, 0x4ca9, 0x5cbb, 0x64bb, 0x5ca9, 0x64a9, 0xc0a9, 0x74a9, 0x7cd9, 0x4cbb, 0x7cc8,
	0x4ca9, 0xcd1, 0xcd1, 0xdc1, 0xdc1, 0xdc9, 0xdc9, 0xca9, 0xca9, 0x5ff, 0x0, 0x5ff,
	0x40b9, 0x5ff, 0x54b9, 0x5ff, 0x58b9, 0x5ff, 0x90ba, 0x5ff, 0xb4b9, 0x5ff, 0x40a8, 0x5ff,
	0x54a8, 0x5ff, 0x58a8, 0x5ff, 0x90a8, 0x5ff, 0xb4a8, 0x5ff, 0x42f9, 0x5ff, 0x42e8, 0x5ff,
	0x56f9, 0x5ff, 0x56e8, 0x5ff, 0x92fa, 0x5ff, 0x92e8, 0x1ff
};

static constexpr uint16_t s_coll_lktFastLatinPrimaries[384] = {
	0x0, 0x0, 0x0, 0x0, 0x0, 0x0, 0x0, 0x0, 0x0, 0xc00, 0xc08, 0xc10,
	0xc18, 0xc20, 0x0, 0x0, 0x0, 0x0, 0x0, 0x0, 0x0, 0x0, 0x0, 0x0,
	0x0, 0x0, 0x0, 0x0, 0x0, 0x0, 0x0, 0x0, 0xc40, 0xca8, 0xcf0, 0xd78,
	0xe98, 0xd80, 0xd70, 0xcd8, 0xd08, 0xd10, 0xd58, 0xe30, 0xc90, 0xc60, 0xcd0, 0xd60,
	0x1000, 0x1400, 0x1800, 0x1c00, 0x2000, 0x2400, 0x2800, 0x2c00, 0x3000, 0x3400, 0xca0, 0xc98,
	0xe50, 0xe58, 0xe60, 0xcb8, 0xd50, 0x3800, 0x3c00, 0x0, 0x4800, 0x4c00, 0x5000, 0x0,
	0x0, 0x5c00, 0x6400, 0x6800, 0x6c00, 0x7000, 0x7400, 0x7c00, 0x8000, 0x8400, 0x8c00, 0x0,
	0x9800, 0xa000, 0xa400, 0xa800, 0xac00, 0xb000, 0x0, 0xd18, 0xd68, 0xd20, 0xdf8, 0xc50,
	0xde8, 0x3800, 0x3c00, 0x0, 0x4800, 0x4c00, 0x5000, 0x0, 0x0, 0x5c00, 0x6400, 0x6800,
	0x6c00, 0x7000, 0x7400, 0x7c00, 0x8000, 0x8400, 0x8c00, 0x0, 0x9800, 0xa000, 0xa400, 0xa800,
	0xac00, 0xb000, 0x0, 0xd28, 0xe70, 0xd30, 0xe80, 0x0, 0x0, 0x0, 0x0, 0x0,
	0x0, 0xc28, 0x0, 0x0, 0x0, 0x0, 0x0, 0x0, 0x0, 0x0, 0x0, 0x0,
	0x0, 0x0, 0x0, 0x0, 0x0, 0x0, 0x0, 0x0, 0x0, 0x0, 0x0, 0x0,
	0x0, 0x0, 0x0, 0x0, 0xc40, 0xcb0, 0xe90, 0xea0, 0xe88, 0xea8, 0xe78, 0xd40,
	0xe08, 0xe20, 0x3800, 0xcf8, 0xe68, 0x0, 0xe28, 0xe00, 0xe18, 0xe38, 0x1800, 0x1c00,
	0xdf0, 0x0, 0xd48, 0x0, 0xe10, 0x1400, 0x7c00, 0xd00, 0x0, 0x0, 0x0, 0xcc0,
	0x3800, 0x3800, 0x3800, 0x3800, 0x3800, 0x3800, 0x0, 0x0, 0x4c00, 0x4c00, 0x4c00, 0x4c00,
	0x5c00, 0x5c00, 0x5c00, 0x5c00, 0x4800, 0x7400, 0x7c00, 0x7c00, 0x7c00, 0x7c00, 0x7c00, 0xe48,
	0x7c00, 0xa000, 0xa000, 0xa000, 0xa000, 0xb000, 0xbc00, 0x0, 0x3800, 0x3800, 0x3800, 0x3800,
	0x3800, 0x3800, 0x0, 0x0, 0x4c00, 0x4c00, 0x4c00, 0x4c00, 0x5c00, 0x5c00, 0x5c00, 0x5c00,
	0x4800, 0x7400, 0x7c00, 0x7c00, 0x7c00, 0x7c00, 0x7c00, 0xe40, 0x7c00, 0xa000, 0xa000, 0xa000,
	0xa000, 0xb000, 0xbc00, 0xb000, 0x3800, 0x3800, 0x3800, 0x3800, 0x3800, 0x3800, 0x4000, 0x4000,
	0x4000, 0x4000, 0x4000, 0x4000, 0x4400, 0x4400, 0x4800, 0x4800, 0x4800, 0x4800, 0x4c00, 0x4c00,
	0x4c00, 0x4c00, 0x4c00, 0x4c00, 0x4c00, 0x4c00, 0x4c00, 0x4c00, 0x5400, 0x5400, 0x5400, 0x5400,
	0x5400, 0x5400, 0x0, 0x0, 0x5800, 0x5800, 0x5800, 0x5800, 0x5c00, 0x5c00, 0x5c00, 0x5c00,
	0x5c00, 0x5c00, 0x5c00, 0x5c00, 0x5c00, 0x6000, 0x0, 0x0, 0x6400, 0x6400, 0x6800, 0x6800,
	0x8800, 0x6c00, 0x6c00, 0x6c00, 0x6c00, 0x6c00, 0x6c00, 0x6c00, 0x6c00, 0x6c00, 0x6c00, 0x7400,
	0x7400, 0x7400, 0x7400, 0x7400, 0x7400, 0x0, 0x7800, 0x7800, 0x7c00, 0x7c00, 0x7c00, 0x7c00,
	0x7c00, 0x7c00, 0x0, 0x0, 0x8c00, 0x8c00, 0x8c00, 0x8c00, 0x8c00, 0x8c00, 0x9000, 0x9000,
	0x9000, 0x9000, 0x0, 0x0, 0x9400, 0x9400, 0x9800, 0x9800, 0x9800, 0x9800, 0x9c00, 0x9c00,
	0xa000, 0xa000, 0xa000, 0xa000, 0xa000, 0xa000, 0xa000, 0xa000, 0xa000, 0xa000, 0xa000, 0xa000,
	0xa800, 0xa800, 0xb000, 0xb000, 0xb000, 0xb400, 0xb400, 0xb400, 0xb400, 0xb800, 0xb800, 0x9000
};

static constexpr int32_t s_coll_lktFastLatinMiniVarTop = 0xbff;

static constexpr uint32_t s_coll_lktNumericPrimary = 0x10000000;
static constexpr int32_t s_coll_lktOptions = 0x2010;
static constexpr int32_t s_coll_lktJamoCe32sStart = -1;

static constexpr uint16_t s_coll_lnTrieIndex[2112] = {
	0x0, 0x8, 0x10, 0x18, 0x30, 0x38, 0x40, 0x48, 0x30, 0x38, 0x30, 0x38, 0x50, 0x58, 0x30, 0x38,
	0x30, 0x38, 0x5b, 0x63, 0x30, 0x38, 0x30, 0x38, 0x30, 0x38, 0x30, 0x38, 0x30, 0x38, 0x30, 0x38,
	0x30, 0x38, 0x30, 0x38, 0x30, 0x38, 0x30, 0x38, 0x30, 0x38, 0x30, 0x38, 0x30, 0x38, 0x30, 0x38,
	0x30, 0x38, 0x30, 0x38, 0x30, 0x38, 0x30, 0x38, 0x30, 0x38, 0x30, 0x38, 0x30, 0x38, 0x30, 0x38,
	0x30, 0x30, 0x30, 0x30, 0x30, 0x30, 0x30, 0x30, 0x30, 0x30, 0x30, 0x30, 0x30, 0x30, 0x30, 0x30,
	0x30, 0x30, 0x30, 0x30, 0x30, 0x30, 0x30, 0x30, 0x30, 0x30, 0x30, 0x30, 0x30, 0x30, 0x30, 0x30,
	0x30, 0x30, 0x30, 0x30, 0x30, 0x30, 0x30, 0x30, 0x30, 0x30, 0x30, 0x30, 0x30, 0x30, 0x30, 0x30,
	0x30, 0x30, 0x30, 0x30, 0x30, 0x30, 0x30, 0x30, 0x30, 0x30, 0x30, 0x30, 0x30, 0x30, 0x30, 0x30,
	0x30, 0x30, 0x30, 0x30, 0x30, 0x30, 0x30, 0x30, 0x30, 0x30, 0x30, 0x30, 0x30, 0x30, 0x30, 0x30,
	0x30, 0x30, 0x30, 0x30, 0x30, 0x30, 0x30, 0x30, 0x30, 0x30, 0x30, 0x30, 0x30, 0x30, 0x30, 0x30,
	0x30, 0x30, 0x30, 0x30, 0x30, 0x30, 0x30, 0x30, 0x30, 0x30, 0x30, 0x30, 0x30, 0x30, 0x30, 0x30,
	0x30, 0x30, 0x30, 0x30, 0x30, 0x30, 0x30, 0x30, 0x30, 0x30, 0x30, 0x30, 0x30, 0x30, 0x30, 0x30,
	0x30, 0x30, 0x30, 0x30, 0x30, 0x30, 0x30, 0x30, 0x30, 0x30, 0x30, 0x30, 0x30, 0x30, 0x30, 0x30,
	0x30, 0x30, 0x30, 0x30, 0x30, 0x30, 0x30, 0x30, 0x30, 0x30, 0x30, 0x30, 0x30, 0x30, 0x30, 0x30,
	0x30, 0x30, 0x30, 0x30, 0x30, 0x30, 0x30, 0x30, 0x30, 0x30, 0x30, 0x30, 0x30, 0x30, 0x30, 0x30,
	0x30, 0x30, 0x30, 0x30, 0x30, 0x30, 0x30, 0x30, 0x30, 0x30, 0x30, 0x30, 0x30, 0x30, 0x30, 0x30,
	0x30, 0x30, 0x30, 0x30, 0x30, 0x30, 0x30, 0x30, 0x30, 0x30, 0x30, 0x30, 0x30, 0x30, 0x30, 0x30,
	0x30, 0x30, 0x30, 0x30, 0x30, 0x30, 0x30, 0x30, 0x30, 0x30, 0x30, 0x30, 0x30, 0x30, 0x30, 0x30,
	0x30, 0x30, 0x30, 0x30, 0x30, 0x30, 0x30, 0x30, 0x30, 0x30, 0x30, 0x30, 0x30, 0x30, 0x30, 0x30,
	0x30, 0x30, 0x30, 0x30, 0x30, 0x30, 0x30, 0x30, 0x30, 0x30, 0x30, 0x30, 0x30, 0x30, 0x30, 0x30,
	0x30, 0x30, 0x30, 0x30, 0x30, 0x30, 0x30, 0x30, 0x30, 0x30, 0x30, 0x30, 0x30, 0x30, 0x30, 0x30,
	0x30, 0x30, 0x30, 0x30, 0x30, 0x30, 0x30, 0x30, 0x30, 0x30, 0x30, 0x30, 0x30, 0x30, 0x30, 0x30,
	0x30, 0x30, 0x30, 0x30, 0x30, 0x30, 0x30, 0x30, 0x30, 0x30, 0x30, 0x30, 0x30, 0x30, 0x30, 0x30,
	0x30, 0x30, 0x30, 0x30, 0x30, 0x30, 0x30, 0x30, 0x30, 0x30, 0x30, 0x30, 0x30, 0x30, 0x30, 0x30,
	0x30, 0x30, 0x30, 0x30, 0x30, 0x30, 0x30, 0x30, 0x30, 0x30, 0x30, 0x30, 0x30, 0x30, 0x30, 0x30,
	0x30, 0x30, 0x30, 0x30, 0x30, 0x30, 0x30, 0x30, 0x30, 0x30, 0x30, 0x30, 0x30, 0x30, 0x30, 0x30,
	0x30, 0x30, 0x30, 0x30, 0x30, 0x30, 0x30, 0x30, 0x30, 0x30, 0x30, 0x30, 0x30, 0x30, 0x30, 0x30,
	0x30, 0x30, 0x30, 0x30, 0x30, 0x30, 0x30, 0x30, 0x30, 0x30, 0x30, 0x30, 0x30, 0x30, 0x30, 0x30,
	0x30, 0x30, 0x30, 0x30, 0x30, 0x30, 0x30, 0x30, 0x30, 0x30, 0x30, 0x30, 0x30, 0x30, 0x30, 0x30,
	0x30, 0x30, 0x30, 0x30, 0x30, 0x30, 0x30, 0x30, 0x30, 0x30, 0x30, 0x30, 0x30, 0x30, 0x30, 0x30,
	0x30, 0x30, 0x30, 0x30, 0x30, 0x30, 0x30, 0x30, 0x30, 0x30, 0x30, 0x30, 0x30, 0x30, 0x30, 0x30,
	0x30, 0x30, 0x30, 0x30, 0x30, 0x30, 0x30, 0x30, 0x30, 0x30, 0x30, 0x30, 0x30, 0x30, 0x30, 0x30,
	0x30, 0x30, 0x30, 0x30, 0x30, 0x30, 0x30, 0x30, 0x30, 0x30, 0x30, 0x30, 0x30, 0x30, 0x30, 0x30,
	0x30, 0x30, 0x30, 0x30, 0x30, 0x30, 0x30, 0x30, 0x30, 0x30, 0x30, 0x30, 0x30, 0x30, 0x30, 0x30,
	0x30, 0x30, 0x30, 0x30, 0x30, 0x30, 0x30, 0x30, 0x30, 0x30, 0x30, 0x30, 0x30, 0x30, 0x30, 0x30,
	0x30, 0x30, 0x30, 0x30, 0x30, 0x30, 0x30, 0x30, 0x30, 0x30, 0x30, 0x30, 0x30, 0x30, 0x30, 0x30,
	0x30, 0x30, 0x30, 0x30, 0x30, 0x30, 0x30, 0x30, 0x30, 0x30, 0x30, 0x30, 0x30, 0x30, 0x30, 0x30,
	0x30, 0x30, 0x30, 0x30, 0x30, 0x30, 0x30, 0x30, 0x30, 0x30, 0x30, 0x30, 0x30, 0x30, 0x30, 0x30,
	0x30, 0x30, 0x30, 0x30, 0x30, 0x30, 0x30, 0x30, 0x30, 0x30, 0x30, 0x30, 0x30, 0x30, 0x30, 0x30,
	0x30, 0x30, 0x30, 0x30, 0x30, 0x30, 0x30, 0x30, 0x30, 0x30, 0x30, 0x30, 0x30, 0x30, 0x30, 0x30,
	0x30, 0x30, 0x30, 0x30, 0x30, 0x30, 0x30, 0x30, 0x30, 0x30, 0x30, 0x30, 0x30, 0x30, 0x30, 0x30,
	0x30, 0x30, 0x30, 0x30, 0x30, 0x30, 0x30, 0x30, 0x30, 0x30, 0x30, 0x30, 0x30, 0x30, 0x30, 0x30,
	0x30, 0x30, 0x30, 0x30, 0x30, 0x30, 0x30, 0x30, 0x30, 0x30, 0x30, 0x30, 0x30, 0x30, 0x30, 0x30,
	0x30, 0x30, 0x30, 0x30, 0x30, 0x30, 0x30, 0x30, 0x30, 0x30, 0x30, 0x30, 0x30, 0x30, 0x30, 0x30,
	0x30, 0x30, 0x30, 0x30, 0x30, 0x30, 0x30, 0x30, 0x30, 0x30, 0x30, 0x30, 0x30, 0x30, 0x30, 0x30,
	0x30, 0x30, 0x30, 0x30, 0x30, 0x30, 0x30, 0x30, 0x30, 0x30, 0x30, 0x30, 0x30, 0x30, 0x30, 0x30,
	0x30, 0x30, 0x30, 0x30, 0x30, 0x30, 0x30, 0x30, 0x30, 0x30, 0x30, 0x30, 0x30, 0x30, 0x30, 0x30,
	0x30, 0x30, 0x30, 0x30, 0x30, 0x30, 0x30, 0x30, 0x30, 0x30, 0x30, 0x30, 0x30, 0x30, 0x30, 0x30,
	0x30, 0x30, 0x30, 0x30, 0x30, 0x30, 0x30, 0x30, 0x30, 0x30, 0x30, 0x30, 0x30, 0x30, 0x30, 0x30,
	0x30, 0x30, 0x30, 0x30, 0x30, 0x30, 0x30, 0x30, 0x30, 0x30, 0x30, 0x30, 0x30, 0x30, 0x30, 0x30,
	0x30, 0x30, 0x30, 0x30, 0x30, 0x30, 0x30, 0x30, 0x30, 0x30, 0x30, 0x30, 0x30, 0x30, 0x30, 0x30,
	0x30, 0x30, 0x30, 0x30, 0x30, 0x30, 0x30, 0x30, 0x30, 0x30, 0x30, 0x30, 0x30, 0x30, 0x30, 0x30,
	0x30, 0x30, 0x30, 0x30, 0x30, 0x30, 0x30, 0x30, 0x30, 0x30, 0x30, 0x30, 0x30, 0x30, 0x30, 0x30,
	0x30, 0x30, 0x30, 0x30, 0x30, 0x30, 0x30, 0x30, 0x30, 0x30, 0x30, 0x30, 0x30, 0x30, 0x30, 0x30,
	0x30, 0x30, 0x30, 0x30, 0x30, 0x30, 0x30, 0x30, 0x30, 0x30, 0x30, 0x30, 0x30, 0x30, 0x30, 0x30,
	0x30, 0x30, 0x30, 0x30, 0x30, 0x30, 0x30, 0x30, 0x30, 0x30, 0x30, 0x30, 0x30, 0x30, 0x30, 0x30,
	0x30, 0x30, 0x30, 0x30, 0x30, 0x30, 0x30, 0x30, 0x30, 0x30, 0x30, 0x30, 0x30, 0x30, 0x30, 0x30,
	0x30, 0x30, 0x30, 0x30, 0x30, 0x30, 0x30, 0x30, 0x30, 0x30, 0x30, 0x30, 0x30, 0x30, 0x30, 0x30,
	0x30, 0x30, 0x30, 0x30, 0x30, 0x30, 0x30, 0x30, 0x30, 0x30, 0x30, 0x30, 0x30, 0x30, 0x30, 0x30,
	0x30, 0x30, 0x30, 0x30, 0x30, 0x30, 0x30, 0x30, 0x30, 0x30, 0x30, 0x30, 0x30, 0x30, 0x30, 0x30,
	0x30, 0x30, 0x30, 0x30, 0x30, 0x30, 0x30, 0x30, 0x30, 0x30, 0x30, 0x30, 0x30, 0x30, 0x30, 0x30,
	0x30, 0x30, 0x30, 0x30, 0x30, 0x30, 0x30, 0x30, 0x30, 0x30, 0x30, 0x30, 0x30, 0x30, 0x30, 0x30,
	0x30, 0x30, 0x30, 0x30, 0x30, 0x30, 0x30, 0x30, 0x30, 0x30, 0x30, 0x30, 0x30, 0x30, 0x30, 0x30,
	0x30, 0x30, 0x30, 0x30, 0x30, 0x30, 0x30, 0x30, 0x30, 0x30, 0x30, 0x30, 0x30, 0x30, 0x30, 0x30,
	0x30, 0x30, 0x30, 0x30, 0x30, 0x30, 0x30, 0x30, 0x30, 0x30, 0x30, 0x30, 0x30, 0x30, 0x30, 0x30,
	0x30, 0x30, 0x30, 0x30, 0x30, 0x30, 0x30, 0x30, 0x30, 0x30, 0x30, 0x30, 0x30, 0x30, 0x30, 0x30,
	0x30, 0x30, 0x30, 0x30, 0x30, 0x30, 0x30, 0x30, 0x30, 0x30, 0x30, 0x30, 0x30, 0x30, 0x30, 0x30,
	0x30, 0x30, 0x30, 0x30, 0x30, 0x30, 0x30, 0x30, 0x30, 0x30, 0x30, 0x30, 0x30, 0x30, 0x30, 0x30,
	0x30, 0x30, 0x30, 0x30, 0x30, 0x30, 0x30, 0x30, 0x30, 0x30, 0x30, 0x30, 0x30, 0x30, 0x30, 0x30,
	0x30, 0x30, 0x30, 0x30, 0x30, 0x30, 0x30, 0x30, 0x30, 0x30, 0x30, 0x30, 0x30, 0x30, 0x30, 0x30,
	0x30, 0x30, 0x30, 0x30, 0x30, 0x30, 0x30, 0x30, 0x30, 0x30, 0x30, 0x30, 0x30, 0x30, 0x30, 0x30,
	0x30, 0x30, 0x30, 0x30, 0x30, 0x30, 0x30, 0x30, 0x30, 0x30, 0x30, 0x30, 0x30, 0x30, 0x30, 0x30,
	0x30, 0x30, 0x30, 0x30, 0x30, 0x30, 0x30, 0x30, 0x30, 0x30, 0x30, 0x30, 0x30, 0x30, 0x30, 0x30,
	0x30, 0x30, 0x30, 0x30, 0x30, 0x30, 0x30, 0x30, 0x30, 0x30, 0x30, 0x30, 0x30, 0x30, 0x30, 0x30,
	0x30, 0x30, 0x30, 0x30, 0x30, 0x30, 0x30, 0x30, 0x30, 0x30, 0x30, 0x30, 0x30, 0x30, 0x30, 0x30,
	0x30, 0x30, 0x30, 0x30, 0x30, 0x30, 0x30, 0x30, 0x30, 0x30, 0x30, 0x30, 0x30, 0x30, 0x30, 0x30,
	0x30, 0x30, 0x30, 0x30, 0x30, 0x30, 0x30, 0x30, 0x30, 0x30, 0x30, 0x30, 0x30, 0x30, 0x30, 0x30,
	0x30, 0x30, 0x30, 0x30, 0x30, 0x30, 0x30, 0x30, 0x30, 0x30, 0x30, 0x30, 0x30, 0x30, 0x30, 0x30,
	0x30, 0x30, 0x30, 0x30, 0x30, 0x30, 0x30, 0x30, 0x30, 0x30, 0x30, 0x30, 0x30, 0x30, 0x30, 0x30,
	0x30, 0x30, 0x30, 0x30, 0x30, 0x30, 0x30, 0x30, 0x30, 0x30, 0x30, 0x30, 0x30, 0x30, 0x30, 0x30,
	0x30, 0x30, 0x30, 0x30, 0x30, 0x30, 0x30, 0x30, 0x30, 0x30, 0x30, 0x30, 0x30, 0x30, 0x30, 0x30,
	0x30, 0x30, 0x30, 0x30, 0x30, 0x30, 0x30, 0x30, 0x30, 0x30, 0x30, 0x30, 0x30, 0x30, 0x30, 0x30,
	0x30, 0x30, 0x30, 0x30, 0x30, 0x30, 0x30, 0x30, 0x30, 0x30, 0x30, 0x30, 0x30, 0x30, 0x30, 0x30,
	0x30, 0x30, 0x30, 0x30, 0x30, 0x30, 0x30, 0x30, 0x30, 0x30, 0x30, 0x30, 0x30, 0x30, 0x30, 0x30,
	0x30, 0x30, 0x30, 0x30, 0x30, 0x30, 0x30, 0x30, 0x30, 0x30, 0x30, 0x30, 0x30, 0x30, 0x30, 0x30,
	0x30, 0x30, 0x30, 0x30, 0x30, 0x30, 0x30, 0x30, 0x30, 0x30, 0x30, 0x30, 0x30, 0x30, 0x30, 0x30,
	0x7b, 0x7b, 0x7b, 0x7b, 0x7b, 0x7b, 0x7b, 0x7b, 0x7b, 0x7b, 0x7b, 0x7b, 0x7b, 0x7b, 0x7b, 0x7b,
	0x7b, 0x7b, 0x7b, 0x7b, 0x7b, 0x7b, 0x7b, 0x7b, 0x7b, 0x7b, 0x7b, 0x7b, 0x7b, 0x7b, 0x7b, 0x7b,
	0x7b, 0x7b, 0x7b, 0x7b, 0x7b, 0x7b, 0x7b, 0x7b, 0x7b, 0x7b, 0x7b, 0x7b, 0x7b, 0x7b, 0x7b, 0x7b,
	0x7b, 0x7b, 0x7b, 0x7b, 0x7b, 0x7b, 0x7b, 0x7b, 0x7b, 0x7b, 0x7b, 0x7b, 0x7b, 0x7b, 0x7b, 0x7b,
	0x7b, 0x7b, 0x7b, 0x7b, 0x7b, 0x7b, 0x7b, 0x7b, 0x7b, 0x7b, 0x7b, 0x7b, 0x7b, 0x7b, 0x7b, 0x7b,
	0x7b, 0x7b, 0x7b, 0x7b, 0x7b, 0x7b, 0x7b, 0x7b, 0x7b, 0x7b, 0x7b, 0x7b, 0x7b, 0x7b, 0x7b, 0x7b,
	0x7b, 0x7b, 0x7b, 0x7b, 0x7b, 0x7b, 0x7b, 0x7b, 0x7b, 0x7b, 0x7b, 0x7b, 0x7b, 0x7b, 0x7b, 0x7b,
	0x7b, 0x7b, 0x7b, 0x7b, 0x7b, 0x7b, 0x7b, 0x7b, 0x7b, 0x7b, 0x7b, 0x7b, 0x7b, 0x7b, 0x7b, 0x7b,
	0x7b, 0x7b, 0x7b, 0x7b, 0x7b, 0x7b, 0x7b, 0x7b, 0x7b, 0x7b, 0x7b, 0x7b, 0x7b, 0x7b, 0x7b, 0x7b,
	0x7b, 0x7b, 0x7b, 0x7b, 0x7b, 0x7b, 0x7b, 0x7b, 0x7b, 0x7b, 0x7b, 0x7b, 0x7b, 0x7b, 0x7b, 0x7b,
	0x7b, 0x7b, 0x7b, 0x7b, 0x7b, 0x7b, 0x7b, 0x7b, 0x7b, 0x7b, 0x7b, 0x7b, 0x7b, 0x7b, 0x7b, 0x7b,
	0x7b, 0x7b, 0x7b, 0x7b, 0x7b, 0x7b, 0x7b, 0x7b, 0x7b, 0x7b, 0x7b, 0x7b, 0x7b, 0x7b, 0x7b, 0x7b,
	0x7b, 0x7b, 0x7b, 0x7b, 0x7b, 0x7b, 0x7b, 0x7b, 0x7b, 0x7b, 0x7b, 0x7b, 0x7b, 0x7b, 0x7b, 0x7b,
	0x7b, 0x7b, 0x7b, 0x7b, 0x7b, 0x7b, 0x7b, 0x7b, 0x7b, 0x7b, 0x7b, 0x7b, 0x7b, 0x7b, 0x7b, 0x7b,
	0x7b, 0x7b, 0x7b, 0x7b, 0x7b, 0x7b, 0x7b, 0x7b, 0x7b, 0x7b, 0x7b, 0x7b, 0x7b, 0x7b, 0x7b, 0x7b,
	0x7b, 0x7b, 0x7b, 0x7b, 0x7b, 0x7b, 0x7b, 0x7b, 0x7b, 0x7b, 0x7b, 0x7b, 0x7b, 0x7b, 0x7b, 0x7b,
	0x7b, 0x7b, 0x7b, 0x7b, 0x7b, 0x7b, 0x7b, 0x7b, 0x7b, 0x7b, 0x7b, 0x7b, 0x7b, 0x7b, 0x7b, 0x7b,
	0x7b, 0x7b, 0x7b, 0x7b, 0x7b, 0x7b, 0x7b, 0x7b, 0x7b, 0x7b, 0x7b, 0x7b, 0x7b, 0x7b, 0x7b, 0x7b,
	0x7b, 0x7b, 0x7b, 0x7b, 0x7b, 0x7b, 0x7b, 0x7b, 0x7b, 0x7b, 0x7b, 0x7b, 0x7b, 0x7b, 0x7b, 0x7b,
	0x7b, 0x7b, 0x7b, 0x7b, 0x7b, 0x7b, 0x7b, 0x7b, 0x7b, 0x7b, 0x7b, 0x7b, 0x7b, 0x7b, 0x7b, 0x7b,
	0x7b, 0x7b, 0x7b, 0x7b, 0x7b, 0x7b, 0x7b, 0x7b, 0x7b, 0x7b, 0x7b, 0x7b, 0x7b, 0x7b, 0x7b, 0x7b,
	0x7b, 0x7b, 0x7b, 0x7b, 0x7b, 0x7b, 0x7b, 0x7b, 0x7b, 0x7b, 0x7b, 0x7b, 0x7b, 0x73, 0x30, 0x30,
	0x6b, 0x6b, 0x6b, 0x6b, 0x6b, 0x6b, 0x6b, 0x6b, 0x6b, 0x6b, 0x6b, 0x6b, 0x6b, 0x6b, 0x6b, 0x6b,
	0x6b, 0x6b, 0x6b, 0x6b, 0x6b, 0x6b, 0x6b, 0x6b, 0x6b, 0x6b, 0x6b, 0x6b, 0x6b, 0x6b, 0x6b, 0x6b,
	0x30, 0x30, 0x30, 0x30, 0x30, 0x30, 0x30, 0x30, 0x30, 0x30, 0x30, 0x30, 0x30, 0x30, 0x30, 0x30,
	0x30, 0x30, 0x30, 0x30, 0x30, 0x30, 0x30, 0x30, 0x30, 0x30, 0x30, 0x30, 0x30, 0x30, 0x30, 0x30,
	0x30, 0x30, 0x30, 0x30, 0x30, 0x30, 0x30, 0x30, 0x30, 0x30, 0x30, 0x30, 0x30, 0x30, 0x30, 0x30,
	0x30, 0x30, 0x30, 0x30, 0x30, 0x30, 0x30, 0x30, 0x30, 0x30, 0x30, 0x30, 0x30, 0x30, 0x30, 0x30,
	0x30, 0x30, 0x30, 0x30, 0x30, 0x30, 0x30, 0x30, 0x30, 0x30, 0x30, 0x30, 0x30, 0x30, 0x30, 0x30,
	0x30, 0x30, 0x30, 0x30, 0x30, 0x30, 0x30, 0x30, 0x30, 0x30, 0x30, 0x30, 0x30, 0x30, 0x30, 0x30,
	0x30, 0x30, 0x30, 0x30, 0x30, 0x30, 0x30, 0x30, 0x30, 0x30, 0x30, 0x30, 0x30, 0x30, 0x30, 0x30,
	0x30, 0x30, 0x30, 0x30, 0x30, 0x30, 0x30, 0x30, 0x30, 0x30, 0x30, 0x30, 0x30, 0x30, 0x30, 0x30,
	0x30, 0x30, 0x30, 0x30, 0x30, 0x30, 0x30, 0x30, 0x30, 0x30, 0x30, 0x30, 0x30, 0x30, 0x30, 0x30,
	0x30, 0x30, 0x30, 0x30, 0x30, 0x30, 0x30, 0x30, 0x30, 0x30, 0x30, 0x30, 0x30, 0x30, 0x30, 0x30,
	0x30, 0x30, 0x30, 0x30, 0x30, 0x30, 0x30, 0x30, 0x30, 0x30, 0x30, 0x30, 0x30, 0x30, 0x30, 0x30,
	0x30, 0x30, 0x30, 0x30, 0x30, 0x30, 0x30, 0x30, 0x30, 0x30, 0x30, 0x30, 0x30, 0x30, 0x30, 0x30,
	0x30, 0x30, 0x30, 0x30, 0x30, 0x30, 0x30, 0x30, 0x30, 0x30, 0x30, 0x30, 0x30, 0x30, 0x30, 0x30,
	0x30, 0x30, 0x30, 0x30, 0x30, 0x30, 0x30, 0x30, 0x30, 0x30, 0x30, 0x30, 0x30, 0x30, 0x30, 0x30,
	0x30, 0x30, 0x30, 0x30, 0x30, 0x30, 0x30, 0x30, 0x30, 0x30, 0x30, 0x30, 0x30, 0x30, 0x30, 0x30,
	0x30, 0x30, 0x30, 0x30, 0x30, 0x30, 0x30, 0x30, 0x30, 0x30, 0x30, 0x30, 0x30, 0x30, 0x30, 0x30,
	0x30, 0x30, 0x30, 0x30, 0x30, 0x30, 0x30, 0x30, 0x30, 0x30, 0x30, 0x30, 0x30, 0x30, 0x30, 0x30,
	0x30, 0x30, 0x30, 0x30, 0x30, 0x30, 0x30, 0x30, 0x30, 0x30, 0x30, 0x30, 0x30, 0x30, 0x30, 0x30,
	0x30, 0x30, 0x30, 0x30, 0x30, 0x30, 0x30, 0x30, 0x30, 0x30, 0x30, 0x30, 0x30, 0x30, 0x30, 0x30,
	0x30, 0x30, 0x30, 0x30, 0x30, 0x30, 0x30, 0x30, 0x30, 0x30, 0x30, 0x30, 0x30, 0x30, 0x30, 0x30,
	0x80, 0x80, 0xc0, 0x100, 0xc0, 0xc0, 0x140, 0xc0, 0xc0, 0x16c, 0xc0, 0xc0, 0xc0, 0xc0, 0xc0, 0xc0,
	0xc0, 0xc0, 0xc0, 0xc0, 0xc0, 0xc0, 0xc0, 0xc0, 0xc0, 0xc0, 0xc0, 0xc0, 0xc0, 0xc0, 0xc0, 0xc0
};

static constexpr uint32_t s_coll_lnTrieData[528] = {
	0xcb, 0x0, 0x0, 0x0, 0x0, 0x0, 0x0, 0x0,
	0x0, 0x3040505, 0x3060505, 0x3080505, 0x30a0505, 0x30c0505, 0x0, 0x0,
	0x0, 0x0, 0x0, 0x0, 0x0, 0x0, 0x0, 0x0,
	0x0, 0x0, 0x0, 0x0, 0x0, 0x0, 0x0, 0x0,
	0x4000505, 0x75a0505, 0x9760505, 0xa940505, 0xda90505, 0xa960505, 0xa8e0505, 0x9700505,
	0x97c0505, 0x97e0505, 0xa7e0505, 0xc7b0505, 0x6000505, 0x50e0505, 0x8000505, 0xa880505,
	0xe0ca, 0x101ca, 0x122ca, 0x143ca, 0x164ca, 0x185ca, 0x1a6ca, 0x1c7ca,
	0x1e8ca, 0x209ca, 0x7360505, 0x72a0505, 0xc850505, 0xc870505, 0xc890505, 0x7640505,
	0xa7c0505, 0x2b00059c, 0x2d00059c, 0x2f00059c, 0x3100059c, 0x3300059c, 0x3500059c, 0x3700059c,
	0x3900059c, 0x3b00059c, 0x3d00059c, 0x3f00059c, 0x4100059c, 0x4300059c, 0x4500059c, 0x4700059c,
	0x4900059c, 0x4b00059c, 0x4d00059c, 0x4f00059c, 0x5100059c, 0x5300059c, 0x5500059c, 0x570005a0,
	0x5900059c, 0x5b00059c, 0x5d00059c, 0x9800505, 0xa8a0505, 0x9820505, 0xc0a0505, 0x50a0505,
	0xc040505, 0x2b000505, 0x2d000505, 0x2f000505, 0x31000505, 0x33000505, 0x35000505, 0x37000505,
	0x39000505, 0x3b000505, 0x3d000505, 0x3f000505, 0x41000505, 0x43000505, 0x45000505, 0x47000505,
	0x49000505, 0x4b000505, 0x4d000505, 0x4f000505, 0x51000505, 0x53000505, 0x55000505, 0x57000505,
	0x59000505, 0x5b000505, 0x5d000505, 0x9840505, 0xc8d0505, 0x9860505, 0xc910505, 0x0,
	0xfffd0505, 0xfffd0505, 0xfffd0505, 0xfffd0505, 0xfffd0505, 0xfffd0505, 0xfffd0505, 0xfffd0505,
	0xfffd0505, 0xfffd0505, 0xfffd0505, 0xfffd0505, 0xfffd0505, 0xfffd0505, 0xfffd0505, 0xfffd0505,
	0xfffd0505, 0xfffd0505, 0xfffd0505, 0xfffd0505, 0xfffd0505, 0xfffd0505, 0xfffd0505, 0xfffd0505,
	0xfffd0505, 0xfffd0505, 0xfffd0505, 0xfffd0505, 0xfffd0505, 0xfffd0505, 0xfffd0505, 0xfffd0505,
	0xfffd0505, 0xfffd0505, 0xfffd0505, 0xfffd0505, 0xfffd0505, 0xfffd0505, 0xfffd0505, 0xfffd0505,
	0xfffd0505, 0xfffd0505, 0xfffd0505, 0xfffd0505, 0xfffd0505, 0xfffd0505, 0xfffd0505, 0xfffd0505,
	0xfffd0505, 0xfffd0505, 0xfffd0505, 0xfffd0505, 0xfffd0505, 0xfffd0505, 0xfffd0505, 0xfffd0505,
	0xfffd0505, 0xfffd0505, 0xfffd0505, 0xfffd0505, 0xfffd0505, 0xfffd0505, 0xfffd0505, 0xfffd0505,
	0xc0, 0xc0, 0xc0, 0xc0, 0xc0, 0xc0, 0xc0, 0xc0,
	0xc0, 0xc0, 0xc0, 0xc0, 0xc0, 0xc0, 0xc0, 0xc0,
	0xc0, 0xc0, 0xc0, 0xc0, 0xc0, 0xc0, 0xc0, 0xc0,
	0xc0, 0xc0, 0xc0, 0xc0, 0xc0, 0xc0, 0xc0, 0xc0,
	0xc0, 0xc0, 0xc0, 0xc0, 0xc0, 0xc0, 0xc0, 0xc0,
	0xc0, 0xc0, 0xc0, 0xc0, 0xc0, 0xc0, 0xc0, 0xc0,
	0xc0, 0xc0, 0xc0, 0xc0, 0xc0, 0xc0, 0xc0, 0xc0,
	0xc0, 0xc0, 0xc0, 0xc0, 0xc0, 0xc0, 0xc0, 0xc0,
	0x2b9c8ac4, 0x2b9c88c4, 0x2b9c8ec4, 0x2b9c9ac4, 0x2b9c96c4, 0x2b9c92c4, 0x22c5, 0x2f9ca0c4,
	0x339c8ac4, 0x339c88c4, 0x339c8ec4, 0x339c96c4, 0x3b9c8ac4, 0x3b9c88c4, 0x3b9c8ec4, 0x3b9c96c4,
	0x310070a0, 0x459c9ac4, 0x479c8ac4, 0x479c88c4, 0x479c8ec4, 0x479c9ac4, 0x479c96c4, 0xc830505,
	0x479c9ec4, 0x539c8ac4, 0x539c88c4, 0x539c8ec4, 0x539c96c4, 0x5b9c88c4, 0x5e2805a0, 0x62c5,
	0x2b058ac4, 0x2b0588c4, 0x2b058ec4, 0x2b059ac4, 0x2b0596c4, 0x2b0592c4, 0xa2c5, 0x2f05a0c4,
	0x33058ac4, 0x330588c4, 0x33058ec4, 0x330596c4, 0x3b058ac4, 0x3b0588c4, 0x3b058ec4, 0x3b0596c4,
	0x31007005, 0x45059ac4, 0x47058ac4, 0x470588c4, 0x47058ec4, 0x47059ac4, 0x470596c4, 0xc810505,
	0x47059ec4, 0x53058ac4, 0x530588c4, 0x53058ec4, 0x530596c4, 0x5b0588c4, 0x5e280505, 0x5b0596c4,
	0xc0, 0xc0, 0xc0, 0xc0, 0xc0, 0xc0, 0x47004686, 0xc0,
	0xc0, 0xc0, 0xc0, 0xc0, 0xc0, 0xc0, 0xc0, 0xc0,
	0x34020586, 0xc0, 0xc0, 0xc0, 0xc0, 0xc0, 0xc0, 0xc0,
	0xc0, 0xc0, 0xc0, 0xc0, 0xc0, 0xc0, 0xc0, 0xc0,
	0xc0, 0xc0, 0xc0, 0xc0, 0xc0, 0xc0, 0xc0, 0xc0,
	0xc0, 0xc0, 0xc0, 0xc0, 0xc0, 0xc0, 0xc0, 0xc0,
	0xc0, 0xc0, 0xc0, 0xc0, 0xc0, 0xc0, 0xc0, 0xc0,
	0xc0, 0xc0, 0xc0, 0xc0, 0xc0, 0xc0, 0xc0, 0xc0,
	0x47004605, 0xc0, 0xc0, 0xc0, 0xc0, 0xc0, 0xc0, 0x34020505,
	0xc0, 0xc0, 0xc0, 0xc0, 0xc0, 0xc0, 0xc0, 0xc0,
	0xc0, 0xc0, 0xc0, 0xc0, 0xc0, 0xc0, 0xc0, 0xc0,
	0xc0, 0xc0, 0xc0, 0xc0, 0xc0, 0xc0, 0xc0, 0xc0,
	0xc0, 0xc0, 0xc0, 0xc0, 0xc0, 0xc0, 0xc0, 0xc0,
	0xc0, 0xc0, 0xc0, 0xc0, 0x1cd, 0x1cd, 0x1cd, 0x1cd,
	0x1cd, 0x1cd, 0x1cd, 0x1cd, 0x1cd, 0x1cd, 0x1cd, 0x1cd,
	0x1cd, 0x1cd, 0x1cd, 0x1cd, 0x1cd, 0x1cd, 0x1cd, 0x1cd,
	0x1cd, 0x1cd, 0x1cd, 0x1cd, 0x1cd, 0x1cd, 0x1cd, 0x1cd,
	0x1cd, 0x1cd, 0x1cd, 0x1cd, 0x1cc, 0x1cc, 0x1cc, 0x1cc,
	0xc0, 0xc0, 0xc0, 0xc0, 0xc0, 0xc0, 0xc0, 0xc0,
	0xc0, 0xc0, 0xc0, 0xc0, 0xc0, 0xc0, 0xc0, 0xc0,
	0xc0, 0xc0, 0xc0, 0xc0, 0xc0, 0xc0, 0xc0, 0xc0,
	0xc0, 0xc0, 0xc0, 0xc0, 0x1cc, 0x1cc, 0x1cc, 0x1cc,
	0x1cc, 0x1cc, 0x1cc, 0x1cc, 0x1cc, 0x1cc, 0x1cc, 0x1cc,
	0x1cc, 0x1cc, 0x1cc, 0x1cc, 0x1cc, 0x1cc, 0x1cc, 0x1cc,
	0x1cc, 0x1cc, 0x1cc, 0x1cc, 0x1cc, 0x1cc, 0x1cc, 0x1cc,
	0x1cc, 0x1cc, 0x1cc, 0x1cc, 0xc0, 0xc0, 0xc0, 0xc0
};

static constexpr int32_t s_coll_lnTrieIndexLength = 2112;
static constexpr int32_t s_coll_lnTrieDataLength = 528;
static constexpr char32_t s_coll_lnTrieHighStart = 0xe000;
static constexpr int32_t s_coll_lnTrieHighValueIndex = 524;

static constexpr uint32_t s_coll_lnCe32s[17] = {
	0x0, 0x2b0070a0, 0x330005a2, 0x4f007005, 0x4f000513, 0x2b007005, 0x33000513, 0x12000505,
	0x14000505, 0x16000505, 0x18000505, 0x1a000505, 0x1c000505, 0x1e000505, 0x20000505, 0x22000505,
	0x24000505
};

static constexpr uint32_t s_coll_lnNumericPrimary = 0x10000000;
static constexpr int32_t s_coll_lnOptions = 0x2010;
static constexpr int32_t s_coll_lnJamoCe32sStart = -1;

static constexpr uint16_t s_coll_nsoTrieIndex[2112] = {
	0x0, 0x8, 0x10, 0x18, 0x30, 0x38, 0x40, 0x48, 0x50, 0x58, 0x59, 0x61, 0x62, 0x6a, 0x6b, 0x73,
	0x76, 0x7e, 0x30, 0x38, 0x30, 0x38, 0x30, 0x38, 0x30, 0x38, 0x30, 0x38, 0x30, 0x38, 0x30, 0x38,
	0x30, 0x38, 0x30, 0x38, 0x30, 0x38, 0x30, 0x38, 0x30, 0x38, 0x30, 0x38, 0x30, 0x38, 0x30, 0x38,
	0x30, 0x38, 0x30, 0x38, 0x30, 0x38, 0x30, 0x38, 0x30, 0x38, 0x30, 0x38, 0x30, 0x38, 0x30, 0x38,
	0x30, 0x30, 0x30, 0x30, 0x30, 0x30, 0x30, 0x30, 0x30, 0x30, 0x30, 0x30, 0x30, 0x30, 0x30, 0x30,
	0x30, 0x30, 0x30, 0x30, 0x30, 0x30, 0x30, 0x30, 0x30, 0x30, 0x30, 0x30, 0x30, 0x30, 0x30, 0x30,
	0x30, 0x30, 0x30, 0x30, 0x30, 0x30, 0x30, 0x30, 0x30, 0x30, 0x30, 0x30, 0x30, 0x30, 0x30, 0x30,
	0x30, 0x30, 0x30, 0x30, 0x30, 0x30, 0x30, 0x30, 0x30, 0x30, 0x30, 0x30, 0x30, 0x30, 0x30, 0x30,
	0x30, 0x30, 0x30, 0x30, 0x30, 0x30, 0x30, 0x30, 0x30, 0x30, 0x30, 0x30, 0x30, 0x30, 0x30, 0x30,
	0x30, 0x30, 0x30, 0x30, 0x30, 0x30, 0x30, 0x30, 0x30, 0x30, 0x30, 0x30, 0x30, 0x30, 0x30, 0x30,
	0x30, 0x30, 0x30, 0x30, 0x30, 0x30, 0x30, 0x30, 0x30, 0x30, 0x30, 0x30, 0x30, 0x30, 0x30, 0x30,
	0x30, 0x30, 0x30, 0x30, 0x30, 0x30, 0x30, 0x30, 0x30, 0x30, 0x30, 0x30, 0x30, 0x30, 0x30, 0x30,
	0x30, 0x30, 0x30, 0x30, 0x30, 0x30, 0x30, 0x30, 0x30, 0x30, 0x30, 0x30, 0x30, 0x30, 0x30, 0x30,
	0x30, 0x30, 0x30, 0x30, 0x30, 0x30, 0x30, 0x30, 0x30, 0x30, 0x30, 0x30, 0x30, 0x30, 0x30, 0x30,
	0x30, 0x30, 0x30, 0x30, 0x30, 0x30, 0x30, 0x30, 0x30, 0x30, 0x30, 0x30, 0x30, 0x30, 0x30, 0x30,
	0x90, 0x30, 0x30, 0x98, 0x30, 0x9a, 0xa2, 0xaa, 0x30, 0x30, 0x30, 0x30, 0x30, 0x30, 0x30, 0x30,
	0x30, 0x30, 0x30, 0x30, 0x30, 0x30, 0x30, 0x30, 0x30, 0x30, 0x30, 0x30, 0x30, 0x30, 0x30, 0x30,
	0x30, 0x30, 0x30, 0x30, 0x30, 0x30, 0x30, 0x30, 0x30, 0x30, 0x30, 0x30, 0x30, 0x30, 0x30, 0x30,
	0x30, 0x30, 0x30, 0x30, 0x30, 0x30, 0x30, 0x30, 0x30, 0x30, 0x30, 0x30, 0x30, 0x30, 0x30, 0x30,
	0x30, 0x30, 0x30, 0x30, 0x30, 0x30, 0x30, 0x30, 0x30, 0x30, 0x30, 0x30, 0x30, 0x30, 0x30, 0x30,
	0x30, 0x30, 0x30, 0x30, 0x30, 0x30, 0x30, 0x30, 0x30, 0x30, 0x30, 0x30, 0x30, 0x30, 0x30, 0x30,
	0x30, 0x30, 0x30, 0x30, 0x30, 0x30, 0x30, 0x30, 0x30, 0x30, 0x30, 0x30, 0x30, 0x30, 0x30, 0x30,
	0x30, 0x30, 0x30, 0x30, 0x30, 0x30, 0x30, 0x30, 0x30, 0x30, 0x30, 0x30, 0x30, 0x30, 0x30, 0x30,
	0x30, 0x30, 0x30, 0x30, 0x30, 0x30, 0x30, 0x30, 0x30, 0x30, 0x30, 0x30, 0x30, 0x30, 0x30, 0x30,
	0x30, 0x30, 0x30, 0x30, 0x30, 0x30, 0x30, 0x30, 0x30, 0x30, 0x30, 0x30, 0x30, 0x30, 0x30, 0x30,
	0x30, 0x30, 0x30, 0x30, 0x30, 0x30, 0x30, 0x30, 0x30, 0x30, 0x30, 0x30, 0x30, 0x30, 0x30, 0x30,
	0x30, 0x30, 0x30, 0x30, 0x30, 0x30, 0x30, 0x30, 0x30, 0x30, 0x30, 0x30, 0x30, 0x30, 0x30, 0x30,
	0x30, 0x30, 0x30, 0x30, 0x30, 0x30, 0x30, 0x30, 0x30, 0x30, 0x30, 0x30, 0x30, 0x30, 0x30, 0x30,
	0x30, 0x30, 0x30, 0x30, 0x30, 0x30, 0x30, 0x30, 0x30, 0x30, 0x30, 0x30, 0x30, 0x30, 0x30, 0x30,
	0x30, 0x30, 0x30, 0x30, 0x30, 0x30, 0x30, 0x30, 0x30, 0x30, 0x30, 0x30, 0x30, 0x30, 0x30, 0x30,
	0x30, 0x30, 0x30, 0x30, 0x30, 0x30, 0x30, 0x30, 0x30, 0x30, 0x30, 0x30, 0x30, 0x30, 0x30, 0x30,
	0x30, 0x30, 0x30, 0x30, 0x30, 0x30, 0x30, 0x30, 0x30, 0x30, 0x30, 0x30, 0x30, 0x30, 0x30, 0x30,
	0x30, 0x30, 0x30, 0x30, 0x30, 0x30, 0x30, 0x30, 0x30, 0x30, 0x30, 0x30, 0x30, 0x30, 0x30, 0x30,
	0x30, 0x30, 0x30, 0x30, 0x30, 0x30, 0x30, 0x30, 0x30, 0x30, 0x30, 0x30, 0x30, 0x30, 0x30, 0x30,
	0x30, 0x30, 0x30, 0x30, 0x30, 0x30, 0x30, 0x30, 0x30, 0x30, 0x30, 0x30, 0x30, 0x30, 0x30, 0x30,
	0x30, 0x30, 0x30, 0x30, 0x30, 0x30, 0x30, 0x30, 0x30, 0x30, 0x30, 0x30, 0x30, 0x30, 0x30, 0x30,
	0x30, 0x30, 0x30, 0x30, 0x30, 0x30, 0x30, 0x30, 0x30, 0x30, 0x30, 0x30, 0x30, 0x30, 0x30, 0x30,
	0x30, 0x30, 0x30, 0x30, 0x30, 0x30, 0x30, 0x30, 0x30, 0x30, 0x30, 0x30, 0x30, 0x30, 0x30, 0x30,
	0x30, 0x30, 0x30, 0x30, 0x30, 0x30, 0x30, 0x30, 0x30, 0x30, 0x30, 0x30, 0x30, 0x30, 0x30, 0x30,
	0x30, 0x30, 0x30, 0x30, 0x30, 0x30, 0x30, 0x30, 0x30, 0x30, 0x30, 0x30, 0x30, 0x30, 0x30, 0x30,
	0x30, 0x30, 0x30, 0x30, 0x30, 0x30, 0x30, 0x30, 0x30, 0x30, 0x30, 0x30, 0x30, 0x30, 0x30, 0x30,
	0x30, 0x30, 0x30, 0x30, 0x30, 0x30, 0x30, 0x30, 0x30, 0x30, 0x30, 0x30, 0x30, 0x30, 0x30, 0x30,
	0x30, 0x30, 0x30, 0x30, 0x30, 0x30, 0x30, 0x30, 0x30, 0x30, 0x30, 0x30, 0x30, 0x30, 0x30, 0x30,
	0x30, 0x30, 0x30, 0x30, 0x30, 0x30, 0x30, 0x30, 0x30, 0x30, 0x30, 0x30, 0x30, 0x30, 0x30, 0x30,
	0x30, 0x30, 0x30, 0x30, 0x30, 0x30, 0x30, 0x30, 0x30, 0x30, 0x30, 0x30, 0x30, 0x30, 0x30, 0x30,
	0x30, 0x30, 0x30, 0x30, 0x30, 0x30, 0x30, 0x30, 0x30, 0x30, 0x30, 0x30, 0x30, 0x30, 0x30, 0x30,
	0x30, 0x30, 0x30, 0x30, 0x30, 0x30, 0x30, 0x30, 0x30, 0x30, 0x30, 0x30, 0x30, 0x30, 0x30, 0x30,
	0x30, 0x30, 0x30, 0x30, 0x30, 0x30, 0x30, 0x30, 0x30, 0x30, 0x30, 0x30, 0x30, 0x30, 0x30, 0x30,
	0x30, 0x30, 0x30, 0x30, 0x30, 0x30, 0x30, 0x30, 0x30, 0x30, 0x30, 0x30, 0x30, 0x30, 0x30, 0x30,
	0x30, 0x30, 0x30, 0x30, 0x30, 0x30, 0x30, 0x30, 0x30, 0x30, 0x30, 0x30, 0x30, 0x30, 0x30, 0x30,
	0x30, 0x30, 0x30, 0x30, 0x30, 0x30, 0x30, 0x30, 0x30, 0x30, 0x30, 0x30, 0x30, 0x30, 0x30, 0x30,
	0x30, 0x30, 0x30, 0x30, 0x30, 0x30, 0x30, 0x30, 0x30, 0x30, 0x30, 0x30, 0x30, 0x30, 0x30, 0x30,
	0x30, 0x30, 0x30, 0x30, 0x30, 0x30, 0x30, 0x30, 0x30, 0x30, 0x30, 0x30, 0x30, 0x30, 0x30, 0x30,
	0x30, 0x30, 0x30, 0x30, 0x30, 0x30, 0x30, 0x30, 0x30, 0x30, 0x30, 0x30, 0x30, 0x30, 0x30, 0x30,
	0x30, 0x30, 0x30, 0x30, 0x30, 0x30, 0x30, 0x30, 0x30, 0x30, 0x30, 0x30, 0x30, 0x30, 0x30, 0x30,
	0x30, 0x30, 0x30, 0x30, 0x30, 0x30, 0x30, 0x30, 0x30, 0x30, 0x30, 0x30, 0x30, 0x30, 0x30, 0x30,
	0x30, 0x30, 0x30, 0x30, 0x30, 0x30, 0x30, 0x30, 0x30, 0x30, 0x30, 0x30, 0x30, 0x30, 0x30, 0x30,
	0x30, 0x30, 0x30, 0x30, 0x30, 0x30, 0x30, 0x30, 0x30, 0x30, 0x30, 0x30, 0x30, 0x30, 0x30, 0x30,
	0x30, 0x30, 0x30, 0x30, 0x30, 0x30, 0x30, 0x30, 0x30, 0x30, 0x30, 0x30, 0x30, 0x30, 0x30, 0x30,
	0x30, 0x30, 0x30, 0x30, 0x30, 0x30, 0x30, 0x30, 0x30, 0x30, 0x30, 0x30, 0x30, 0x30, 0x30, 0x30,
	0x30, 0x30, 0x30, 0x30, 0x30, 0x30, 0x30, 0x30, 0x30, 0x30, 0x30, 0x30, 0x30, 0x30, 0x30, 0x30,
	0x30, 0x30, 0x30, 0x30, 0x30, 0x30, 0x30, 0x30, 0x30, 0x30, 0x30, 0x30, 0x30, 0x30, 0x30, 0x30,
	0x30, 0x30, 0x30, 0x30, 0x30, 0x30, 0x30, 0x30, 0x30, 0x30, 0x30, 0x30, 0x30, 0x30, 0x30, 0x30,
	0x30, 0x30, 0x30, 0x30, 0x30, 0x30, 0x30, 0x30, 0x30, 0x30, 0x30, 0x30, 0x30, 0x30, 0x30, 0x30,
	0x30, 0x30, 0x30, 0x30, 0x30, 0x30, 0x30, 0x30, 0x30, 0x30, 0x30, 0x30, 0x30, 0x30, 0x30, 0x30,
	0x30, 0x30, 0x30, 0x30, 0x30, 0x30, 0x30, 0x30, 0x30, 0x30, 0x30, 0x30, 0x30, 0x30, 0x30, 0x30,
	0x30, 0x30, 0x30, 0x30, 0x30, 0x30, 0x30, 0x30, 0x30, 0x30, 0x30, 0x30, 0x30, 0x30, 0x30, 0x30,
	0x30, 0x30, 0x30, 0x30, 0x30, 0x30, 0x30, 0x30, 0x30, 0x30, 0x30, 0x30, 0x30, 0x30, 0x30, 0x30,
	0x30, 0x30, 0x30, 0x30, 0x30, 0x30, 0x30, 0x30, 0x30, 0x30, 0x30, 0x30, 0x30, 0x30, 0x30, 0x30,
	0x30, 0x30, 0x30, 0x30, 0x30, 0x30, 0x30, 0x30, 0x30, 0x30, 0x30, 0x30, 0x30, 0x30, 0x30, 0x30,
	0x30, 0x30, 0x30, 0x30, 0x30, 0x30, 0x30, 0x30, 0x30, 0x30, 0x30, 0x30, 0x30, 0x30, 0x30, 0x30,
	0x30, 0x30, 0x30, 0x30, 0x30, 0x30, 0x30, 0x30, 0x30, 0x30, 0x30, 0x30, 0x30, 0x30, 0x30, 0x30,
	0x30, 0x30, 0x30, 0x30, 0x30, 0x30, 0x30, 0x30, 0x30, 0x30, 0x30, 0x30, 0x30, 0x30, 0x30, 0x30,
	0x30, 0x30, 0x30, 0x30, 0x30, 0x30, 0x30, 0x30, 0x30, 0x30, 0x30, 0x30, 0x30, 0x30, 0x30, 0x30,
	0x30, 0x30, 0x30, 0x30, 0x30, 0x30, 0x30, 0x30, 0x30, 0x30, 0x30, 0x30, 0x30, 0x30, 0x30, 0x30,
	0x30, 0x30, 0x30, 0x30, 0x30, 0x30, 0x30, 0x30, 0x30, 0x30, 0x30, 0x30, 0x30, 0x30, 0x30, 0x30,
	0x30, 0x30, 0x30, 0x30, 0x30, 0x30, 0x30, 0x30, 0x30, 0x30, 0x30, 0x30, 0x30, 0x30, 0x30, 0x30,
	0x30, 0x30, 0x30, 0x30, 0x30, 0x30, 0x30, 0x30, 0x30, 0x30, 0x30, 0x30, 0x30, 0x30, 0x30, 0x30,
	0x30, 0x30, 0x30, 0x30, 0x30, 0x30, 0x30, 0x30, 0x30, 0x30, 0x30, 0x30, 0x30, 0x30, 0x30, 0x30,
	0x30, 0x30, 0x30, 0x30, 0x30, 0x30, 0x30, 0x30, 0x30, 0x30, 0x30, 0x30, 0x30, 0x30, 0x30, 0x30,
	0x30, 0x30, 0x30, 0x30, 0x30, 0x30, 0x30, 0x30, 0x30, 0x30, 0x30, 0x30, 0x30, 0x30, 0x30, 0x30,
	0x30, 0x30, 0x30, 0x30, 0x30, 0x30, 0x30, 0x30, 0x30, 0x30, 0x30, 0x30, 0x30, 0x30, 0x30, 0x30,
	0x30, 0x30, 0x30, 0x30, 0x30, 0x30, 0x30, 0x30, 0x30, 0x30, 0x30, 0x30, 0x30, 0x30, 0x30, 0x30,
	0x30, 0x30, 0x30, 0x30, 0x30, 0x30, 0x30, 0x30, 0x30, 0x30, 0x30, 0x30, 0x30, 0x30, 0x30, 0x30,
	0x30, 0x30, 0x30, 0x30, 0x30, 0x30, 0x30, 0x30, 0x30, 0x30, 0x30, 0x30, 0x30, 0x30, 0x30, 0x30,
	0x30, 0x30, 0x30, 0x30, 0x30, 0x30, 0x30, 0x30, 0x30, 0x30, 0x30, 0x30, 0x30, 0x30, 0x30, 0x30,
	0xb2, 0xb2, 0xb2, 0xb2, 0xb2, 0xb2, 0xb2, 0xb2, 0xb2, 0xb2, 0xb2, 0xb2, 0xb2, 0xb2, 0xb2, 0xb2,
	0xb2, 0xb2, 0xb2, 0xb2, 0xb2, 0xb2, 0xb2, 0xb2, 0xb2, 0xb2, 0xb2, 0xb2, 0xb2, 0xb2, 0xb2, 0xb2,
	0xb2, 0xb2, 0xb2, 0xb2, 0xb2, 0xb2, 0xb2, 0xb2, 0xb2, 0xb2, 0xb2, 0xb2, 0xb2, 0xb2, 0xb2, 0xb2,
	0xb2, 0xb2, 0xb2, 0xb2, 0xb2, 0xb2, 0xb2, 0xb2, 0xb2, 0xb2, 0xb2, 0xb2, 0xb2, 0xb2, 0xb2, 0xb2,
	0xb2, 0xb2, 0xb2, 0xb2, 0xb2, 0xb2, 0xb2, 0xb2, 0xb2, 0xb2, 0xb2, 0xb2, 0xb2, 0xb2, 0xb2, 0xb2,
	0xb2, 0xb2, 0xb2, 0xb2, 0xb2, 0xb2, 0xb2, 0xb2, 0xb2, 0xb2, 0xb2, 0xb2, 0xb2, 0xb2, 0xb2, 0xb2,
	0xb2, 0xb2, 0xb2, 0xb2, 0xb2, 0xb2, 0xb2, 0xb2, 0xb2, 0xb2, 0xb2, 0xb2, 0xb2, 0xb2, 0xb2, 0xb2,
	0xb2, 0xb2, 0xb2, 0xb2, 0xb2, 0xb2, 0xb2, 0xb2, 0xb2, 0xb2, 0xb2, 0xb2, 0xb2, 0xb2, 0xb2, 0xb2,
	0xb2, 0xb2, 0xb2, 0xb2, 0xb2, 0xb2, 0xb2, 0xb2, 0xb2, 0xb2, 0xb2, 0xb2, 0xb2, 0xb2, 0xb2, 0xb2,
	0xb2, 0xb2, 0xb2, 0xb2, 0xb2, 0xb2, 0xb2, 0xb2, 0xb2, 0xb2, 0xb2, 0xb2, 0xb2, 0xb2, 0xb2, 0xb2,
	0xb2, 0xb2, 0xb2, 0xb2, 0xb2, 0xb2, 0xb2, 0xb2, 0xb2, 0xb2, 0xb2, 0xb2, 0xb2, 0xb2, 0xb2, 0xb2,
	0xb2, 0xb2, 0xb2, 0xb2, 0xb2, 0xb2, 0xb2, 0xb2, 0xb2, 0xb2, 0xb2, 0xb2, 0xb2, 0xb2, 0xb2, 0xb2,
	0xb2, 0xb2, 0xb2, 0xb2, 0xb2, 0xb2, 0xb2, 0xb2, 0xb2, 0xb2, 0xb2, 0xb2, 0xb2, 0xb2, 0xb2, 0xb2,
	0xb2, 0xb2, 0xb2, 0xb2, 0xb2, 0xb2, 0xb2, 0xb2, 0xb2, 0xb2, 0xb2, 0xb2, 0xb2, 0xb2, 0xb2, 0xb2,
	0xb2, 0xb2, 0xb2, 0xb2, 0xb2, 0xb2, 0xb2, 0xb2, 0xb2, 0xb2, 0xb2, 0xb2, 0xb2, 0xb2, 0xb2, 0xb2,
	0xb2, 0xb2, 0xb2, 0xb2, 0xb2, 0xb2, 0xb2, 0xb2, 0xb2, 0xb2, 0xb2, 0xb2, 0xb2, 0xb2, 0xb2, 0xb2,
	0xb2, 0xb2, 0xb2, 0xb2, 0xb2, 0xb2, 0xb2, 0xb2, 0xb2, 0xb2, 0xb2, 0xb2, 0xb2, 0xb2, 0xb2, 0xb2,
	0xb2, 0xb2, 0xb2, 0xb2, 0xb2, 0xb2, 0xb2, 0xb2, 0xb2, 0xb2, 0xb2, 0xb2, 0xb2, 0xb2, 0xb2, 0xb2,
	0xb2, 0xb2, 0xb2, 0xb2, 0xb2, 0xb2, 0xb2, 0xb2, 0xb2, 0xb2, 0xb2, 0xb2, 0xb2, 0xb2, 0xb2, 0xb2,
	0xb2, 0xb2, 0xb2, 0xb2, 0xb2, 0xb2, 0xb2, 0xb2, 0xb2, 0xb2, 0xb2, 0xb2, 0xb2, 0xb2, 0xb2, 0xb2,
	0xb2, 0xb2, 0xb2, 0xb2, 0xb2, 0xb2, 0xb2, 0xb2, 0xb2, 0xb2, 0xb2, 0xb2, 0xb2, 0xb2, 0xb2, 0xb2,
	0xb2, 0xb2, 0xb2, 0xb2, 0xb2, 0xb2, 0xb2, 0xb2, 0xb2, 0xb2, 0xb2, 0xb2, 0xb2, 0x8e, 0x30, 0x30,
	0x86, 0x86, 0x86, 0x86, 0x86, 0x86, 0x86, 0x86, 0x86, 0x86, 0x86, 0x86, 0x86, 0x86, 0x86, 0x86,
	0x86, 0x86, 0x86, 0x86, 0x86, 0x86, 0x86, 0x86, 0x86, 0x86, 0x86, 0x86, 0x86, 0x86, 0x86, 0x86,
	0x30, 0x30, 0x30, 0x30, 0x30, 0x30, 0x30, 0x30, 0x30, 0x30, 0x30, 0x30, 0x30, 0x30, 0x30, 0x30,
	0x30, 0x30, 0x30, 0x30, 0x30, 0x30, 0x30, 0x30, 0x30, 0x30, 0x30, 0x30, 0x30, 0x30, 0x30, 0x30,
	0x30, 0x30, 0x30, 0x30, 0x30, 0x30, 0x30, 0x30, 0x30, 0x30, 0x30, 0x30, 0x30, 0x30, 0x30, 0x30,
	0x30, 0x30, 0x30, 0x30, 0x30, 0x30, 0x30, 0x30, 0x30, 0x30, 0x30, 0x30, 0x30, 0x30, 0x30, 0x30,
	0x30, 0x30, 0x30, 0x30, 0x30, 0x30, 0x30, 0x30, 0x30, 0x30, 0x30, 0x30, 0x30, 0x30, 0x30, 0x30,
	0x30, 0x30, 0x30, 0x30, 0x30, 0x30, 0x30, 0x30, 0x30, 0x30, 0x30, 0x30, 0x30, 0x30, 0x30, 0x30,
	0x30, 0x30, 0x30, 0x30, 0x30, 0x30, 0x30, 0x30, 0x30, 0x30, 0x30, 0x30, 0x30, 0x30, 0x30, 0x30,
	0x30, 0x30, 0x30, 0x30, 0x30, 0x30, 0x30, 0x30, 0x30, 0x30, 0x30, 0x30, 0x30, 0x30, 0x30, 0x30,
	0x30, 0x30, 0x30, 0x30, 0x30, 0x30, 0x30, 0x30, 0x30, 0x30, 0x30, 0x30, 0x30, 0x30, 0x30, 0x30,
	0x30, 0x30, 0x30, 0x30, 0x30, 0x30, 0x30, 0x30, 0x30, 0x30, 0x30, 0x30, 0x30, 0x30, 0x30, 0x30,
	0x30, 0x30, 0x30, 0x30, 0x30, 0x30, 0x30, 0x30, 0x30, 0x30, 0x30, 0x30, 0x30, 0x30, 0x30, 0x30,
	0x30, 0x30, 0x30, 0x30, 0x30, 0x30, 0x30, 0x30, 0x30, 0x30, 0x30, 0x30, 0x30, 0x30, 0x30, 0x30,
	0x30, 0x30, 0x30, 0x30, 0x30, 0x30, 0x30, 0x30, 0x30, 0x30, 0x30, 0x30, 0x30, 0x30, 0x30, 0x30,
	0x30, 0x30, 0x30, 0x30, 0x30, 0x30, 0x30, 0x30, 0x30, 0x30, 0x30, 0x30, 0x30, 0x30, 0x30, 0x30,
	0x30, 0x30, 0x30, 0x30, 0x30, 0x30, 0x30, 0x30, 0x30, 0x30, 0x30, 0x30, 0x30, 0x30, 0x30, 0x30,
	0x30, 0x30, 0x30, 0x30, 0x30, 0x30, 0x30, 0x30, 0x30, 0x30, 0x30, 0x30, 0x30, 0x30, 0x30, 0x30,
	0x30, 0x30, 0x30, 0x30, 0x30, 0x30, 0x30, 0x30, 0x30, 0x30, 0x30, 0x30, 0x30, 0x30, 0x30, 0x30,
	0x30, 0x30, 0x30, 0x30, 0x30, 0x30, 0x30, 0x30, 0x30, 0x30, 0x30, 0x30, 0x30, 0x30, 0x30, 0x30,
	0x30, 0x30, 0x30, 0x30, 0x30, 0x30, 0x30, 0x30, 0x30, 0x30, 0x30, 0x30, 0x30, 0x30, 0x30, 0x30,
	0x30, 0x30, 0x30, 0x30, 0x30, 0x30, 0x30, 0x30, 0x30, 0x30, 0x30, 0x30, 0x30, 0x30, 0x30, 0x30,
	0x80, 0x80, 0xc0, 0x100, 0x140, 0x164, 0x188, 0x1ac, 0x1d8, 0xc0, 0xc0, 0xc0, 0xc0, 0xc0, 0xc0, 0xc0,
	0xc0, 0xc0, 0xc0, 0xc0, 0xc0, 0xc0, 0xc0, 0xc0, 0xc0, 0xc0, 0xc0, 0xc0, 0xc0, 0xc0, 0xc0, 0xc0
};

static constexpr uint32_t s_coll_nsoTrieData[748] = {
	0xcb, 0x0, 0x0, 0x0, 0x0, 0x0, 0x0, 0x0,
	0x0, 0x3040505, 0x3060505, 0x3080505, 0x30a0505, 0x30c0505, 0x0, 0x0,
	0x0, 0x0, 0x0, 0x0, 0x0, 0x0, 0x0, 0x0,
	0x0, 0x0, 0x0, 0x0, 0x0, 0x0, 0x0, 0x0,
	0x4000505, 0x75a0505, 0x9760505, 0xa940505, 0xda90505, 0xa960505, 0xa8e0505, 0x9700505,
	0x97c0505, 0x97e0505, 0xa7e0505, 0xc7b0505, 0x6000505, 0x50e0505, 0x8000505, 0xa880505,
	0xc60ca, 0xc81ca, 0xca2ca, 0xcc3ca, 0xce4ca, 0xd05ca, 0xd26ca, 0xd47ca,
	0xd68ca, 0xd89ca, 0x7360505, 0x72a0505, 0xc850505, 0xc870505, 0xc890505, 0x7640505,
	0xa7c0505, 0x2b00059c, 0x2d00059c, 0x2f00059c, 0x3100059c, 0x6c9, 0x3500059c, 0x3700059c,
	0x3900059c, 0x3b00059c, 0x3d00059c, 0x3f00059c, 0x4100059c, 0x4300059c, 0x4500059c, 0xc6c9,
	0x4900059c, 0x4b00059c, 0x4d00059c, 0x1a6c9, 0x5100059c, 0x5300059c, 0x5500059c, 0x570005a0,
	0x5900059c, 0x5b00059c, 0x5d00059c, 0x9800505, 0xa8a0505, 0x9820505, 0xc0a0505, 0x50a0505,
	0xc040505, 0x2b000505, 0x2d000505, 0x2f000505, 0x31000505, 0x286c9, 0x35000505, 0x37000505,
	0x39000505, 0x3b000505, 0x3d000505, 0x3f000505, 0x41000505, 0x43000505, 0x45000505, 0x346c9,
	0x49000505, 0x4b000505, 0x4d000505, 0x426c9, 0x51000505, 0x53000505, 0x55000505, 0x57000505,
	0x59000505, 0x5b000505, 0x5d000505, 0x9840505, 0xc8d0505, 0x9860505, 0xc910505, 0x0,
	0xfffd0505, 0xfffd0505, 0xfffd0505, 0xfffd0505, 0xfffd0505, 0xfffd0505, 0xfffd0505, 0xfffd0505,
	0xfffd0505, 0xfffd0505, 0xfffd0505, 0xfffd0505, 0xfffd0505, 0xfffd0505, 0xfffd0505, 0xfffd0505,
	0xfffd0505, 0xfffd0505, 0xfffd0505, 0xfffd0505, 0xfffd0505, 0xfffd0505, 0xfffd0505, 0xfffd0505,
	0xfffd0505, 0xfffd0505, 0xfffd0505, 0xfffd0505, 0xfffd0505, 0xfffd0505, 0xfffd0505, 0xfffd0505,
	0xfffd0505, 0xfffd0505, 0xfffd0505, 0xfffd0505, 0xfffd0505, 0xfffd0505, 0xfffd0505, 0xfffd0505,
	0xfffd0505, 0xfffd0505, 0xfffd0505, 0xfffd0505, 0xfffd0505, 0xfffd0505, 0xfffd0505, 0xfffd0505,
	0xfffd0505, 0xfffd0505, 0xfffd0505, 0xfffd0505, 0xfffd0505, 0xfffd0505, 0xfffd0505, 0xfffd0505,
	0xfffd0505, 0xfffd0505, 0xfffd0505, 0xfffd0505, 0xfffd0505, 0xfffd0505, 0xfffd0505, 0xfffd0505,
	0xc0, 0xc0, 0xc0, 0xc0, 0xc0, 0xc0, 0xc0, 0xc0,
	0xc0, 0xc0, 0xc0, 0xc0, 0xc0, 0xc0, 0xc0, 0xc0,
	0xc0, 0xc0, 0xc0, 0xc0, 0xc0, 0xc0, 0xc0, 0xc0,
	0xc0, 0xc0, 0xc0, 0xc0, 0xc0, 0xc0, 0xc0, 0xc0,
	0xc0, 0xc0, 0xc0, 0xc0, 0xc0, 0xc0, 0xc0, 0xc0,
	0xc0, 0xc0, 0xc0, 0xc0, 0xc0, 0xc0, 0xc0, 0xc0,
	0xc0, 0xc0, 0xc0, 0xc0, 0xc0, 0xc0, 0xc0, 0xc0,
	0xc0, 0xc0, 0xc0, 0xc0, 0xc0, 0xc0, 0xc0, 0xc0,
	0x2b9c8ac4, 0x2b9c88c4, 0x2b9c8ec4, 0x2b9c9ac4, 0x2b9c96c4, 0x2b9c92c4, 0xba2c5, 0x2f9ca0c4,
	0x339c8ac4, 0x339c88c4, 0x34020586, 0x339c96c4, 0x3b9c8ac4, 0x3b9c88c4, 0x3b9c8ec4, 0x3b9c96c4,
	0x310070a0, 0x459c9ac4, 0x479c8ac4, 0x479c88c4, 0x48020586, 0x479c9ac4, 0x479c96c4, 0xc830505,
	0x479c9ec4, 0x539c8ac4, 0x539c88c4, 0x539c8ec4, 0x539c96c4, 0x5b9c88c4, 0x5e2805a0, 0xbe2c5,
	0x2b058ac4, 0x2b0588c4, 0x2b058ec4, 0x2b059ac4, 0x2b0596c4, 0x2b0592c4, 0xc22c5, 0x2f05a0c4,
	0x33058ac4, 0x330588c4, 0x34020505, 0x330596c4, 0x3b058ac4, 0x3b0588c4, 0x3b058ec4, 0x3b0596c4,
	0x31007005, 0x45059ac4, 0x47058ac4, 0x470588c4, 0x48020505, 0x47059ac4, 0x470596c4, 0xc810505,
	0x47059ec4, 0x53058ac4, 0x530588c4, 0x53058ec4, 0x530596c4, 0x5b0588c4, 0x5e280505, 0x5b0596c4,
	0xc0, 0xc0, 0xc0, 0xc0, 0xc0, 0xc0, 0xc0, 0xc0,
	0xc0, 0xc0, 0xc0, 0xc0, 0xc0, 0xc0, 0xc0, 0xc0,
	0xc0, 0xc0, 0xc0, 0xc0, 0xc0, 0xc0, 0xc0, 0xc0,
	0x506c9, 0x5a6c9, 0xc0, 0xc0, 0xc0, 0xc0, 0xc0, 0xc0,
	0xc0, 0xc0, 0xc0, 0xc0, 0xc0, 0xc0, 0xc0, 0xc0,
	0xc0, 0xc0, 0xc0, 0xc0, 0xc0, 0xc0, 0xc0, 0xc0,
	0xc0, 0xc0, 0xc0, 0xc0, 0xc0, 0xc0, 0xc0, 0xc0,
	0xc0, 0xc0, 0xc0, 0xc0, 0xc0, 0xc0, 0xc0, 0xc0,
	0xc0, 0xc0, 0x666c9, 0x726c9, 0x50020586, 0x50020505, 0xc0, 0xc0,
	0xc0, 0xc0, 0xc0, 0xc0, 0xc0, 0xc0, 0xc0, 0xc0,
	0xc0, 0xc0, 0xc0, 0xc0, 0xc0, 0xc0, 0xc0, 0xc0,
	0xc0, 0xc0, 0xc0, 0xc0, 0xc0, 0xc0, 0xc0, 0xc0,
	0xc0, 0xc0, 0xc0, 0xc0, 0xc0, 0xc0, 0xc0, 0xc0,
	0x7e6c9, 0x8a6c9, 0xc0, 0xc0, 0xc0, 0xc0, 0xc0, 0xc0,
	0xc0, 0xc0, 0xc0, 0xc0, 0xc0, 0xc0, 0xc0, 0xc0,
	0xc0, 0xc0, 0xc0, 0xc0, 0xc0, 0xc0, 0xc0, 0xc0,
	0xc0, 0xc0, 0xc0, 0xc0, 0xc0, 0xc0, 0xc0, 0xc0,
	0xc0, 0xc0, 0xc0, 0xc0, 0xc0, 0xc0, 0xc0, 0xc0,
	0xc0, 0xc0, 0xc0, 0xc0, 0xc0, 0xc0, 0x966c9, 0xa26c9,
	0xc0, 0xc0, 0xc0, 0xc0, 0xc0, 0xc0, 0xc0, 0xc0,
	0xc0, 0xc0, 0xc0, 0xc0, 0xc0, 0xc0, 0xc0, 0xc0,
	0xc0, 0xc0, 0xc0, 0xc0, 0xc0, 0xc0, 0xc0, 0xc0,
	0xae6c9, 0xba6c9, 0xc0, 0xc0, 0xc0, 0xc0, 0xc0, 0xc0,
	0xc0, 0xc0, 0xc0, 0xc0, 0xc0, 0xc0, 0xc0, 0xc0,
	0xc66c9, 0xd26c9, 0xc0, 0xc0, 0xc0, 0xc0, 0xc0, 0xc0,
	0xc0, 0xc0, 0xc0, 0xc0, 0xc0, 0xc0, 0xc0, 0xc0,
	0xc0, 0xc0, 0xc0, 0xc0, 0xc0, 0xc0, 0xc0, 0xc0,
	0x1cd, 0x1cd, 0x1cd, 0x1cd, 0x1cd, 0x1cd, 0x1cd, 0x1cd,
	0x1cd, 0x1cd, 0x1cd, 0x1cd, 0x1cd, 0x1cd, 0x1cd, 0x1cd,
	0x1cd, 0x1cd, 0x1cd, 0x1cd, 0x1cd, 0x1cd, 0x1cd, 0x1cd,
	0x1cd, 0x1cd, 0x1cd, 0x1cd, 0x1cd, 0x1cd, 0x1cd, 0x1cd,
	0x1cc, 0x1cc, 0x1cc, 0x1cc, 0xc0, 0xc0, 0xc0, 0xc0,
	0xc0, 0xc0, 0xc0, 0xc0, 0xc0, 0xc0, 0xc0, 0xc0,
	0xc0, 0xc0, 0xc0, 0xc0, 0xc0, 0xc0, 0xc0, 0xc0,
	0xc0, 0xc0, 0xc0, 0xc0, 0xc0, 0xc0, 0xc0, 0xc0,
	0xde6c9, 0xea6c9, 0xf66c9, 0x1026c9, 0xc0, 0xc0, 0xc0, 0xc0,
	0xc0, 0xc0, 0x10e6c9, 0x11a6c9, 0xc0, 0xc0, 0x4a2c5, 0x4e2c5,
	0xc0, 0xc0, 0xc0, 0xc0, 0xc0, 0xc0, 0xc0, 0xc0,
	0xc0, 0xc0, 0xc0, 0xc0, 0xc0, 0xc0, 0xc0, 0xc0,
	0xc0, 0xc0, 0xc0, 0xc0, 0xc0, 0xc0, 0xc0, 0xc0,
	0x1266c9, 0x1326c9, 0xc0, 0xc0, 0xc0, 0xc0, 0x5a2c5, 0x5e2c5,
	0x622c5, 0x662c5, 0x6a2c5, 0x6e2c5, 0x722c5, 0x762c5, 0x522c5, 0x562c5,
	0xc0, 0xc0, 0xc0, 0xc0, 0x13e6c9, 0x14a6c9, 0xc0, 0xc0,
	0x822c5, 0x862c5, 0x8a2c5, 0x8e2c5, 0x922c5, 0x962c5, 0x9a2c5, 0x9e2c5,
	0x7a2c5, 0x7e2c5, 0xc0, 0xc0, 0xc0, 0xc0, 0xc0, 0xc0,
	0xc0, 0xc0, 0x1566c9, 0x1626c9, 0xc0, 0xc0, 0xc0, 0xc0,
	0xc0, 0xc0, 0xc0, 0xc0, 0xc0, 0xc0, 0xc0, 0xc0,
	0xc0, 0xc0, 0xc0, 0xc0, 0xc0, 0xc0, 0xc0, 0xc0,
	0xc0, 0xc0, 0xc0, 0xc0, 0xc0, 0xc0, 0xc0, 0xc0,
	0x1cc, 0x1cc, 0x1cc, 0x1cc, 0x1cc, 0x1cc, 0x1cc, 0x1cc,
	0x1cc, 0x1cc, 0x1cc, 0x1cc, 0x1cc, 0x1cc, 0x1cc, 0x1cc,
	0x1cc, 0x1cc, 0x1cc, 0x1cc, 0x1cc, 0x1cc, 0x1cc, 0x1cc,
	0x1cc, 0x1cc, 0x1cc, 0x1cc, 0x1cc, 0x1cc, 0x1cc, 0x1cc,
	0xc0, 0xc0, 0xc0, 0xc0
};

static constexpr int32_t s_coll_nsoTrieIndexLength = 2112;
static constexpr int32_t s_coll_nsoTrieDataLength = 748;
static constexpr char32_t s_coll_nsoTrieHighStart = 0xe000;
static constexpr int32_t s_coll_nsoTrieHighValueIndex = 744;

static constexpr uint32_t s_coll_nsoCe32s[109] = {
	0x0, 0x34020586, 0xa205, 0x34020505, 0xa205, 0x50020586, 0xa005, 0x50020505,
	0xa005, 0x48020586, 0xbe05, 0x48020505, 0xbe05, 0x48020586, 0xa205, 0x48020505,
	0xa205, 0x50020586, 0xca05, 0x50020505, 0xca05, 0x34020586, 0xa005, 0x34020505,
	0xa005, 0x34020586, 0xcc05, 0x34020505, 0xcc05, 0x34020586, 0xd005, 0x34020505,
	0xd005, 0x50020586, 0xc405, 0x50020505, 0xc405, 0x50020586, 0x9c05, 0x50020505,
	0x9c05, 0x34020586, 0xc405, 0x34020505, 0xc405, 0x34020586, 0x8805, 0x34020505,
	0x8805, 0x34020586, 0x8a05, 0x34020505, 0x8a05, 0x34020586, 0xb605, 0x34020505,
	0xb605, 0x34020586, 0x9a05, 0x34020505, 0x9a05, 0x48020586, 0xc405, 0x48020505,
	0xc405, 0x48020586, 0x8805, 0x48020505, 0x8805, 0x48020586, 0x8a05, 0x48020505,
	0x8a05, 0x48020586, 0xb605, 0x48020505, 0xb605, 0x48020586, 0x9a05, 0x48020505,
	0x9a05, 0x4700059c, 0xbe05, 0xc405, 0x48020586, 0xbe05, 0xc405, 0x47000505,
	0xbe05, 0xc405, 0x48020505, 0xbe05, 0xc405, 0x2b0070a0, 0x330005a2, 0x4f007005,
	0x4f000513, 0x2b007005, 0x33000513, 0x12000505, 0x14000505, 0x16000505, 0x18000505, 0x1a000505,
	0x1c000505, 0x1e000505, 0x20000505, 0x22000505, 0x24000505
};

static constexpr char16_t s_coll_nsoContexts[183] = {
	0x3300, 0x59c, 0x30, 0x302, 0xf402, 0x586, 0x4700, 0x59c, 0x30, 0x302, 0xffff, 0x4802,
	0x586, 0x4f00, 0x59c, 0x30, 0x30c, 0xffff, 0x5002, 0x586, 0x3300, 0x505, 0x30, 0x302,
	0xf402, 0x505, 0x4700, 0x505, 0x30, 0x302, 0xffff, 0x4802, 0x505, 0x4f00, 0x505, 0x30,
	0x30c, 0xffff, 0x5002, 0x505, 0x339c, 0xa2c4, 0x30, 0x302, 0xa2c5, 0x3305, 0xa2c4, 0x30,
	0x302, 0xc000, 0x62c5, 0x4f9c, 0xa0c4, 0x30, 0x30c, 0xc000, 0xa2c5, 0x4f05, 0xa0c4, 0x30,
	0x30c, 0xc000, 0xe2c5, 0x479c, 0xbec4, 0x30, 0x302, 0xc001, 0x22c5, 0x4705, 0xbec4, 0x30,
	0x302, 0xc001, 0x62c5, 0x479c, 0xa2c4, 0x30, 0x302, 0xc001, 0xa2c5, 0x4705, 0xa2c4, 0x30,
	0x302, 0xc001, 0xe2c5, 0x4f9c, 0xcac4, 0x30, 0x30c, 0xc002, 0x22c5, 0x4f05, 0xcac4, 0x30,
	0x30c, 0xc002, 0x62c5, 0x339c, 0xa0c4, 0x30, 0x302, 0xc002, 0xa2c5, 0x3305, 0xa0c4, 0x30,
	0x302, 0xc002, 0xe2c5, 0x339c, 0xccc4, 0x30, 0x302, 0xc003, 0x22c5, 0x3305, 0xccc4, 0x30,
	0x302, 0xc003, 0x62c5, 0x339c, 0xd0c4, 0x30, 0x302, 0xc003, 0xa2c5, 0x3305, 0xd0c4, 0x30,
	0x302, 0xc003, 0xe2c5, 0x4f9c, 0xc4c4, 0x30, 0x30c, 0xc004, 0x22c5, 0x4f05, 0xc4c4, 0x30,
	0x30c, 0xc004, 0x62c5, 0x339c, 0xc4c4, 0x30, 0x302, 0xc005, 0x22c5, 0x3305, 0xc4c4, 0x30,
	0x302, 0xc005, 0x62c5, 0x479c, 0xc4c4, 0x30, 0x302, 0xc007, 0xa2c5, 0x4705, 0xc4c4, 0x30,
	0x302, 0xc007, 0xe2c5, 0xa, 0x23c5, 0x30, 0x302, 0xc00a, 0x83c5, 0xa, 0xe3c5, 0x30,
	0x302, 0xc00b, 0x43c5
};

static constexpr uint16_t s_coll_nsoFastLatin[500] = {
	0x205, 0xc40, 0xde0, 0xe80, 0xea8, 0x418, 0x0, 0x0, 0x0, 0x0, 0x0, 0x0,
	0x0, 0x0, 0xc00, 0xc08, 0xc10, 0xc18, 0xc20, 0x0, 0x0, 0x0, 0x0, 0x0,
	0x0, 0x0, 0x0, 0x0, 0x0, 0x0, 0x0, 0x0, 0x0, 0x0, 0x0, 0x0,
	0x0, 0xc40, 0xca8, 0xcf0, 0xd78, 0xe98, 0xd80, 0xd70, 0xcd8, 0xd08, 0xd10, 0xd58,
	0xe30, 0xc90, 0xc60, 0xcd0, 0xd60, 0x10a8, 0x14a8, 0x18a8, 0x1ca8, 0x20a8, 0x24a8, 0x28a8,
	0x2ca8, 0x30a8, 0x34a8, 0xca0, 0xc98, 0xe50, 0xe58, 0xe60, 0xcb8, 0xd50, 0x38b9, 0x3cb9,
	0x40b9, 0x44b9, 0x41a, 0x50b9, 0x54b9, 0x58b9, 0x5cba, 0x64ba, 0x68b9, 0x6cb9, 0x70b9, 0x74ba,
	0x41c, 0x84b9, 0x88b9, 0x90b9, 0x41e, 0x9cb9, 0xa4b9, 0xa8b9, 0xacb9, 0xb0b9, 0xb4b9, 0xb8b9,
	0xd18, 0xd68, 0xd20, 0xdf8, 0xc50, 0xde8, 0x38a8, 0x3ca8, 0x40a8, 0x44a8, 0x420, 0x50a8,
	0x54a8, 0x58a8, 0x5ca8, 0x64a8, 0x68a8, 0x6ca8, 0x70a8, 0x74a8, 0x422, 0x84a8, 0x88a8, 0x90a8,
	0x424, 0x9ca8, 0xa4a8, 0xa8a8, 0xaca8, 0xb0a8, 0xb4a8, 0xb8a8, 0xd28, 0xe70, 0xd30, 0xe80,
	0x0, 0x0, 0x0, 0x0, 0x0, 0x0, 0xc28, 0x0, 0x0, 0x0, 0x0, 0x0,
	0x0, 0x0, 0x0, 0x0, 0x0, 0x0, 0x0, 0x0, 0x0, 0x0, 0x0, 0x0,
	0x0, 0x0, 0x0, 0x0, 0x0, 0x0, 0x0, 0x0, 0x0, 0xc42, 0xcb0, 0xe90,
	0xea0, 0xe88, 0xea8, 0xe78, 0xd40, 0xe08, 0xe20, 0x38aa, 0xcf8, 0xe68, 0x0, 0xe28,
	0xe00, 0xe18, 0xe38, 0x18a9, 0x1ca9, 0xdf0, 0x1, 0xd48, 0x1, 0xe10, 0x14a9, 0x7caa,
	0xd00, 0x1, 0x1, 0x1, 0xcc0, 0x39b9, 0x3999, 0x39f9, 0x3a99, 0x3a59, 0x3a39, 0x800,
	0x42f9, 0x49ba, 0x499a, 0x4cb9, 0x4a5a, 0x5dba, 0x5d9a, 0x5dfa, 0x5e5a, 0x44d9, 0x769a, 0x7db9,
	0x7d99, 0x80b9, 0x7e99, 0x7e59, 0xe48, 0x7ed9, 0xa5b9, 0xa599, 0xa5f9, 0xa659, 0xb599, 0xbcb9,
	0x802, 0x39a8, 0x3988, 0x39e8, 0x3a88, 0x3a48, 0x3a28, 0x804, 0x42e8, 0x49a8, 0x4988, 0x4ca8,
	0x4a48, 0x5da8, 0x5d88, 0x5de8, 0x5e48, 0x44c8, 0x7688, 0x7da8, 0x7d88, 0x80a8, 0x7e88, 0x7e48,
	0xe40, 0x7ec8, 0xa5a8, 0xa588, 0xa5e8, 0xa648, 0xb588, 0xbca8, 0xb648, 0x3b39, 0x3b28, 0x39d9,
	0x39c8, 0x3b19, 0x3b08, 0x4199, 0x4188, 0x41f9, 0x41e8, 0x42b9, 0x42a8, 0x4219, 0x4208, 0x4619,
	0x4608, 0x4759, 0x4748, 0x4b3a, 0x4b28, 0x49da, 0x49c8, 0x4aba, 0x4aa8, 0x426, 0x428, 0x4a1a,
	0x4a08, 0x55f9, 0x55e8, 0x55d9, 0x55c8, 0x56b9, 0x56a8, 0x56f9, 0x56e8, 0x59f9, 0x59e8, 0x5b59,
	0x5b48, 0x5e9a, 0x5e88, 0x5f3a, 0x5f28, 0x5dda, 0x5dc8, 0x5f1a, 0x5f08, 0x5eba, 0x60a8, 0x806,
	0x808, 0x65fa, 0x65e8, 0x6af9, 0x6ae8, 0x8ca8, 0x6d99, 0x6d88, 0x6ef9, 0x6ee8, 0x6e19, 0x6e08,
	0x6f79, 0x6f68, 0x6f59, 0x6f48, 0x759a, 0x7588, 0x76fa, 0x76e8, 0x761a, 0x7608, 0x80a, 0x78b9,
	0x78a8, 0x7f39, 0x7f28, 0x7dd9, 0x7dc8, 0x7e79, 0x7e68, 0x80c, 0x80e, 0x9199, 0x9188, 0x92f9,
	0x92e8, 0x9219, 0x9208, 0x959a, 0x9588, 0x95fa, 0x95e8, 0x42a, 0x42c, 0x98b9, 0x98a8, 0x9ef9,
	0x9ee8, 0x9e19, 0x9e08, 0xa0b9, 0xa0a8, 0xa699, 0xa688, 0xa739, 0xa728, 0xa5d9, 0xa5c8, 0xa639,
	0xa628, 0xa679, 0xa668, 0xa719, 0xa708, 0xadf9, 0xade8, 0xb5f9, 0xb5e8, 0xb659, 0xb999, 0xb988,
	0xbab9, 0xbaa8, 0xba19, 0xba08, 0x94e8, 0xc41, 0xc41, 0xc41, 0xc41, 0xc41, 0xc41, 0xc41,
	0xc42, 0xc41, 0xc41, 0xc41, 0x0, 0x0, 0x0, 0x0, 0x0, 0xc68, 0xc69, 0xc70,
	0xc78, 0xc80, 0xc88, 0xd38, 0xc58, 0x1, 0x1, 0x1, 0x1, 0x1, 0x1, 0x1,
	0x1, 0xd98, 0xda0, 0xda8, 0xdb0, 0xcd1, 0x810, 0x1, 0xdb8, 0xc30, 0xc38, 0x0,
	0x0, 0x0, 0x0, 0x0, 0xc42, 0xd88, 0xd90, 0xdc0, 0x812, 0x1, 0xdc8, 0x814,
	0x1, 0xdd0, 0xce0, 0xce8, 0xdd8, 0x816, 0xcc8, 0xc48, 0xde0, 0x38d9, 0x48bb, 0x94c8,
	0x94a9, 0x38c8, 0x48a9, 0x5cbb, 0x64bb, 0x5ca9, 0x64a9, 0xc0a9, 0x74a9, 0x7cd9, 0x48bb, 0x7cc8,
	0x48a9, 0xcd1, 0xcd1, 0xdc1, 0xdc1, 0xdc9, 0xdc9, 0xca9, 0xca9, 0x5ff, 0x0, 0x5ff,
	0x48ba, 0x5ff, 0x7cb9, 0x5ff, 0x94ba, 0x5ff, 0x48a8, 0x5ff, 0x7ca8, 0x5ff, 0x94a8, 0x5ff,
	0x4b1a, 0x5ff, 0x4b08, 0x5ff, 0x96fa, 0x5ff, 0x96e8, 0x1ff
};

static constexpr uint16_t s_coll_nsoFastLatinPrimaries[384] = {
	0x0, 0x0, 0x0, 0x0, 0x0, 0x0, 0x0, 0x0, 0x0, 0xc00, 0xc08, 0xc10,
	0xc18, 0xc20, 0x0, 0x0, 0x0, 0x0, 0x0, 0x0, 0x0, 0x0, 0x0, 0x0,
	0x0, 0x0, 0x0, 0x0, 0x0, 0x0, 0x0, 0x0, 0xc40, 0xca8, 0xcf0, 0xd78,
	0xe98, 0xd80, 0xd70, 0xcd8, 0xd08, 0xd10, 0xd58, 0xe30, 0xc90, 0xc60, 0xcd0, 0xd60,
	0x1000, 0x1400, 0x1800, 0x1c00, 0x2000, 0x2400, 0x2800, 0x2c00, 0x3000, 0x3400, 0xca0, 0xc98,
	0xe50, 0xe58, 0xe60, 0xcb8, 0xd50, 0x3800, 0x3c00, 0x4000, 0x4400, 0x0, 0x5000, 0x5400,
	0x5800, 0x5c00, 0x6400, 0x6800, 0x6c00, 0x7000, 0x7400, 0x0, 0x8400, 0x8800, 0x9000, 0x0,
	0x9c00, 0xa400, 0xa800, 0xac00, 0xb000, 0xb400, 0xb800, 0xd18, 0xd68, 0xd20, 0xdf8, 0xc50,
	0xde8, 0x3800, 0x3c00, 0x4000, 0x4400, 0x0, 0x5000, 0x5400, 0x5800, 0x5c00, 0x6400, 0x6800,
	0x6c00, 0x7000, 0x7400, 0x0, 0x8400, 0x8800, 0x9000, 0x0, 0x9c00, 0xa400, 0xa800, 0xac00,
	0xb000, 0xb400, 0xb800, 0xd28, 0xe70, 0xd30, 0xe80, 0x0, 0x0, 0x0, 0x0, 0x0,
	0x0, 0xc28, 0x0, 0x0, 0x0, 0x0, 0x0, 0x0, 0x0, 0x0, 0x0, 0x0,
	0x0, 0x0, 0x0, 0x0, 0x0, 0x0, 0x0, 0x0, 0x0, 0x0, 0x0, 0x0,
	0x0, 0x0, 0x0, 0x0, 0xc40, 0xcb0, 0xe90, 0xea0, 0xe88, 0xea8, 0xe78, 0xd40,
	0xe08, 0xe20, 0x3800, 0xcf8, 0xe68, 0x0, 0xe28, 0xe00, 0xe18, 0xe38, 0x1800, 0x1c00,
	0xdf0, 0x0, 0xd48, 0x0, 0xe10, 0x1400, 0x7c00, 0xd00, 0x0, 0x0, 0x0, 0xcc0,
	0x3800, 0x3800, 0x3800, 0x3800, 0x3800, 0x3800, 0x0, 0x4000, 0x4800, 0x4800, 0x4c00, 0x4800,
	0x5c00, 0x5c00, 0x5c00, 0x5c00, 0x4400, 0x7400, 0x7c00, 0x7c00, 0x8000, 0x7c00, 0x7c00, 0xe48,
	0x7c00, 0xa400, 0xa400, 0xa400, 0xa400, 0xb400, 0xbc00, 0x0, 0x3800, 0x3800, 0x3800, 0x3800,
	0x3800, 0x3800, 0x0, 0x4000, 0x4800, 0x4800, 0x4c00, 0x4800, 0x5c00, 0x5c00, 0x5c00, 0x5c00,
	0x4400, 0x7400, 0x7c00, 0x7c00, 0x8000, 0x7c00, 0x7c00, 0xe40, 0x7c00, 0xa400, 0xa400, 0xa400,
	0xa400, 0xb400, 0xbc00, 0xb400, 0x3800, 0x3800, 0x3800, 0x3800, 0x3800, 0x3800, 0x4000, 0x4000,
	0x4000, 0x4000, 0x4000, 0x4000, 0x4000, 0x4000, 0x4400, 0x4400, 0x4400, 0x4400, 0x4800, 0x4800,
	0x4800, 0x4800, 0x4800, 0x4800, 0x0, 0x0, 0x4800, 0x4800, 0x5400, 0x5400, 0x5400, 0x5400,
	0x5400, 0x5400, 0x5400, 0x5400, 0x5800, 0x5800, 0x5800, 0x5800, 0x5c00, 0x5c00, 0x5c00, 0x5c00,
	0x5c00, 0x5c00, 0x5c00, 0x5c00, 0x5c00, 0x6000, 0x0, 0x0, 0x6400, 0x6400, 0x6800, 0x6800,
	0x8c00, 0x6c00, 0x6c00, 0x6c00, 0x6c00, 0x6c00, 0x6c00, 0x6c00, 0x6c00, 0x6c00, 0x6c00, 0x7400,
	0x7400, 0x7400, 0x7400, 0x7400, 0x7400, 0x0, 0x7800, 0x7800, 0x7c00, 0x7c00, 0x7c00, 0x7c00,
	0x7c00, 0x7c00, 0x0, 0x0, 0x9000, 0x9000, 0x9000, 0x9000, 0x9000, 0x9000, 0x9400, 0x9400,
	0x9400, 0x9400, 0x0, 0x0, 0x9800, 0x9800, 0x9c00, 0x9c00, 0x9c00, 0x9c00, 0xa000, 0xa000,
	0xa400, 0xa400, 0xa400, 0xa400, 0xa400, 0xa400, 0xa400, 0xa400, 0xa400, 0xa400, 0xa400, 0xa400,
	0xac00, 0xac00, 0xb400, 0xb400, 0xb400, 0xb800, 0xb800, 0xb800, 0xb800, 0xb800, 0xb800, 0x9400
};

static constexpr int32_t s_coll_nsoFastLatinMiniVarTop = 0xbff;

static constexpr uint32_t s_coll_nsoNumericPrimary = 0x10000000;
static constexpr int32_t s_coll_nsoOptions = 0x2010;
static constexpr int32_t s_coll_nsoJamoCe32sStart = -1;

static constexpr uint16_t s_coll_omTrieIndex[2112] = {
	0x0, 0x8, 0x10, 0x18, 0x30, 0x38, 0x40, 0x48, 0x30, 0x38, 0x30, 0x38, 0x30, 0x38, 0x30, 0x38,
	0x30, 0x38, 0x30, 0x38, 0x30, 0x38, 0x30, 0x38, 0x30, 0x38, 0x30, 0x38, 0x30, 0x38, 0x30, 0x38,
	0x30, 0x38, 0x30, 0x38, 0x30, 0x38, 0x30, 0x38, 0x30, 0x38, 0x30, 0x38, 0x30, 0x38, 0x30, 0x38,
	0x30, 0x38, 0x30, 0x38, 0x30, 0x38, 0x30, 0x38, 0x30, 0x38, 0x30, 0x38, 0x30, 0x38, 0x30, 0x38,
	0x30, 0x30, 0x30, 0x30, 0x30, 0x30, 0x30, 0x30, 0x30, 0x30, 0x30, 0x30, 0x30, 0x30, 0x30, 0x30,
	0x30, 0x30, 0x30, 0x30, 0x30, 0x30, 0x30, 0x30, 0x30, 0x30, 0x30, 0x30, 0x30, 0x30, 0x30, 0x30,
	0x30, 0x30, 0x30, 0x30, 0x30, 0x30, 0x30, 0x30, 0x30, 0x30, 0x30, 0x30, 0x30, 0x30, 0x30, 0x30,
	0x30, 0x30, 0x30, 0x30, 0x30, 0x30, 0x30, 0x30, 0x30, 0x30, 0x30, 0x30, 0x30, 0x30, 0x30, 0x30,
	0x30, 0x30, 0x30, 0x30, 0x30, 0x30, 0x30, 0x30, 0x30, 0x30, 0x30, 0x30, 0x30, 0x30, 0x30, 0x30,
	0x30, 0x30, 0x30, 0x30, 0x30, 0x30, 0x30, 0x30, 0x30, 0x30, 0x30, 0x30, 0x30, 0x30, 0x30, 0x30,
	0x30, 0x30, 0x30, 0x30, 0x30, 0x30, 0x30, 0x30, 0x30, 0x30, 0x30, 0x30, 0x30, 0x30, 0x30, 0x30,
	0x30, 0x30, 0x30, 0x30, 0x30, 0x30, 0x30, 0x30, 0x30, 0x30, 0x30, 0x30, 0x30, 0x30, 0x30, 0x30,
	0x30, 0x30, 0x30, 0x30, 0x30, 0x30, 0x30, 0x30, 0x30, 0x30, 0x30, 0x30, 0x30, 0x30, 0x30, 0x30,
	0x30, 0x30, 0x30, 0x30, 0x30, 0x30, 0x30, 0x30, 0x30, 0x30, 0x30, 0x30, 0x30, 0x30, 0x30, 0x30,
	0x30, 0x30, 0x30, 0x30, 0x30, 0x30, 0x30, 0x30, 0x30, 0x30, 0x30, 0x30, 0x30, 0x30, 0x30, 0x30,
	0x30, 0x30, 0x30, 0x30, 0x30, 0x30, 0x30, 0x30, 0x30, 0x30, 0x30, 0x30, 0x30, 0x30, 0x30, 0x30,
	0x30, 0x30, 0x30, 0x30, 0x30, 0x30, 0x30, 0x30, 0x30, 0x5e, 0x30, 0x30, 0x30, 0x30, 0x30, 0x30,
	0x30, 0x30, 0x30, 0x30, 0x30, 0x30, 0x30, 0x30, 0x30, 0x30, 0x30, 0x30, 0x30, 0x30, 0x30, 0x30,
	0x30, 0x30, 0x30, 0x30, 0x30, 0x30, 0x30, 0x30, 0x30, 0x30, 0x30, 0x30, 0x30, 0x30, 0x30, 0x30,
	0x30, 0x30, 0x30, 0x30, 0x30, 0x30, 0x30, 0x30, 0x30, 0x30, 0x30, 0x30, 0x30, 0x30, 0x30, 0x30,
	0x30, 0x30, 0x30, 0x30, 0x30, 0x30, 0x30, 0x30, 0x30, 0x30, 0x30, 0x30, 0x30, 0x30, 0x30, 0x30,
	0x30, 0x30, 0x30, 0x30, 0x30, 0x30, 0x30, 0x30, 0x30, 0x30, 0x30, 0x30, 0x30, 0x30, 0x30, 0x30,
	0x30, 0x30, 0x30, 0x30, 0x30, 0x30, 0x30, 0x30, 0x30, 0x30, 0x30, 0x30, 0x30, 0x30, 0x30, 0x30,
	0x30, 0x30, 0x30, 0x30, 0x30, 0x30, 0x30, 0x30, 0x30, 0x30, 0x30, 0x30, 0x30, 0x30, 0x30, 0x30,
	0x30, 0x30, 0x30, 0x30, 0x30, 0x30, 0x30, 0x30, 0x30, 0x30, 0x30, 0x30, 0x30, 0x30, 0x30, 0x30,
	0x30, 0x30, 0x30, 0x30, 0x30, 0x30, 0x30, 0x30, 0x30, 0x30, 0x30, 0x30, 0x30, 0x30, 0x30, 0x30,
	0x30, 0x30, 0x30, 0x30, 0x30, 0x30, 0x30, 0x30, 0x30, 0x30, 0x30, 0x30, 0x30, 0x30, 0x30, 0x30,
	0x30, 0x30, 0x30, 0x30, 0x30, 0x30, 0x30, 0x30, 0x30, 0x30, 0x30, 0x30, 0x30, 0x30, 0x30, 0x30,
	0x30, 0x30, 0x30, 0x30, 0x30, 0x30, 0x30, 0x30, 0x30, 0x30, 0x30, 0x30, 0x30, 0x30, 0x30, 0x30,
	0x30, 0x30, 0x30, 0x30, 0x30, 0x30, 0x30, 0x30, 0x30, 0x30, 0x30, 0x30, 0x30, 0x30, 0x30, 0x30,
	0x30, 0x30, 0x30, 0x30, 0x30, 0x30, 0x30, 0x30, 0x30, 0x30, 0x30, 0x30, 0x30, 0x30, 0x30, 0x30,
	0x30, 0x30, 0x30, 0x30, 0x30, 0x30, 0x30, 0x30, 0x30, 0x30, 0x30, 0x30, 0x30, 0x30, 0x30, 0x30,
	0x30, 0x30, 0x30, 0x30, 0x30, 0x30, 0x30, 0x30, 0x30, 0x30, 0x30, 0x30, 0x30, 0x30, 0x30, 0x30,
	0x30, 0x30, 0x30, 0x30, 0x30, 0x30, 0x30, 0x30, 0x30, 0x30, 0x30, 0x30, 0x30, 0x30, 0x30, 0x30,
	0x30, 0x30, 0x30, 0x30, 0x30, 0x30, 0x30, 0x30, 0x30, 0x30, 0x30, 0x30, 0x30, 0x30, 0x30, 0x30,
	0x30, 0x30, 0x30, 0x30, 0x30, 0x30, 0x30, 0x30, 0x30, 0x30, 0x30, 0x30, 0x30, 0x30, 0x30, 0x30,
	0x30, 0x30, 0x30, 0x30, 0x30, 0x30, 0x30, 0x30, 0x30, 0x30, 0x30, 0x30, 0x30, 0x30, 0x30, 0x30,
	0x30, 0x30, 0x30, 0x30, 0x30, 0x30, 0x30, 0x30, 0x30, 0x30, 0x30, 0x30, 0x30, 0x30, 0x30, 0x30,
	0x30, 0x30, 0x30, 0x30, 0x30, 0x30, 0x30, 0x30, 0x30, 0x30, 0x30, 0x30, 0x30, 0x30, 0x30, 0x30,
	0x30, 0x30, 0x30, 0x30, 0x30, 0x30, 0x30, 0x30, 0x30, 0x30, 0x30, 0x30, 0x30, 0x30, 0x30, 0x30,
	0x30, 0x30, 0x30, 0x30, 0x30, 0x30, 0x30, 0x30, 0x30, 0x30, 0x30, 0x30, 0x30, 0x30, 0x30, 0x30,
	0x30, 0x30, 0x30, 0x30, 0x30, 0x30, 0x30, 0x30, 0x30, 0x30, 0x30, 0x30, 0x30, 0x30, 0x30, 0x30,
	0x30, 0x30, 0x30, 0x30, 0x30, 0x30, 0x30, 0x30, 0x30, 0x30, 0x30, 0x30, 0x30, 0x30, 0x30, 0x30,
	0x30, 0x30, 0x30, 0x30, 0x30, 0x30, 0x30, 0x30, 0x30, 0x30, 0x30, 0x30, 0x30, 0x30, 0x30, 0x30,
	0x30, 0x30, 0x30, 0x30, 0x30, 0x30, 0x30, 0x30, 0x30, 0x30, 0x30, 0x30, 0x30, 0x30, 0x30, 0x30,
	0x30, 0x30, 0x30, 0x30, 0x30, 0x30, 0x30, 0x30, 0x30, 0x30, 0x30, 0x30, 0x30, 0x30, 0x30, 0x30,
	0x30, 0x30, 0x30, 0x30, 0x30, 0x30, 0x30, 0x30, 0x30, 0x30, 0x30, 0x30, 0x30, 0x30, 0x30, 0x30,
	0x30, 0x30, 0x30, 0x30, 0x30, 0x30, 0x30, 0x30, 0x30, 0x30, 0x30, 0x30, 0x30, 0x30, 0x30, 0x30,
	0x30, 0x30, 0x30, 0x30, 0x30, 0x30, 0x30, 0x30, 0x30, 0x30, 0x30, 0x30, 0x30, 0x30, 0x30, 0x30,
	0x30, 0x30, 0x30, 0x30, 0x30, 0x30, 0x30, 0x30, 0x30, 0x30, 0x30, 0x30, 0x30, 0x30, 0x30, 0x30,
	0x30, 0x30, 0x30, 0x30, 0x30, 0x30, 0x30, 0x30, 0x30, 0x30, 0x30, 0x30, 0x30, 0x30, 0x30, 0x30,
	0x30, 0x30, 0x30, 0x30, 0x30, 0x30, 0x30, 0x30, 0x30, 0x30, 0x30, 0x30, 0x30, 0x30, 0x30, 0x30,
	0x30, 0x30, 0x30, 0x30, 0x30, 0x30, 0x30, 0x30, 0x30, 0x30, 0x30, 0x30, 0x30, 0x30, 0x30, 0x30,
	0x30, 0x30, 0x30, 0x30, 0x30, 0x30, 0x30, 0x30, 0x30, 0x30, 0x30, 0x30, 0x30, 0x30, 0x30, 0x30,
	0x30, 0x30, 0x30, 0x30, 0x30, 0x30, 0x30, 0x30, 0x30, 0x30, 0x30, 0x30, 0x30, 0x30, 0x30, 0x30,
	0x30, 0x30, 0x30, 0x30, 0x30, 0x30, 0x30, 0x30, 0x30, 0x30, 0x30, 0x30, 0x30, 0x30, 0x30, 0x30,
	0x30, 0x30, 0x30, 0x30, 0x30, 0x30, 0x30, 0x30, 0x30, 0x30, 0x30, 0x30, 0x30, 0x30, 0x30, 0x30,
	0x30, 0x30, 0x30, 0x30, 0x30, 0x30, 0x30, 0x30, 0x30, 0x30, 0x30, 0x30, 0x30, 0x30, 0x30, 0x30,
	0x30, 0x30, 0x30, 0x30, 0x30, 0x30, 0x30, 0x30, 0x30, 0x30, 0x30, 0x30, 0x30, 0x30, 0x30, 0x30,
	0x30, 0x30, 0x30, 0x30, 0x30, 0x30, 0x30, 0x30, 0x30, 0x30, 0x30, 0x30, 0x30, 0x30, 0x30, 0x30,
	0x30, 0x30, 0x30, 0x30, 0x30, 0x30, 0x30, 0x30, 0x30, 0x30, 0x30, 0x30, 0x30, 0x30, 0x30, 0x30,
	0x30, 0x30, 0x30, 0x30, 0x30, 0x30, 0x30, 0x30, 0x30, 0x30, 0x30, 0x30, 0x30, 0x30, 0x30, 0x30,
	0x30, 0x30, 0x30, 0x30, 0x30, 0x30, 0x30, 0x30, 0x30, 0x30, 0x30, 0x30, 0x30, 0x30, 0x30, 0x30,
	0x30, 0x30, 0x30, 0x30, 0x30, 0x30, 0x30, 0x30, 0x30, 0x30, 0x30, 0x30, 0x30, 0x30, 0x30, 0x30,
	0x30, 0x30, 0x30, 0x30, 0x30, 0x30, 0x30, 0x30, 0x30, 0x30, 0x30, 0x30, 0x30, 0x30, 0x30, 0x30,
	0x30, 0x30, 0x30, 0x30, 0x30, 0x30, 0x30, 0x30, 0x30, 0x30, 0x30, 0x30, 0x30, 0x30, 0x30, 0x30,
	0x30, 0x30, 0x30, 0x30, 0x30, 0x30, 0x30, 0x30, 0x30, 0x30, 0x30, 0x30, 0x30, 0x30, 0x30, 0x30,
	0x30, 0x30, 0x30, 0x30, 0x30, 0x30, 0x30, 0x30, 0x30, 0x30, 0x30, 0x30, 0x30, 0x30, 0x30, 0x30,
	0x30, 0x30, 0x30, 0x30, 0x30, 0x30, 0x30, 0x30, 0x30, 0x30, 0x30, 0x30, 0x30, 0x30, 0x30, 0x30,
	0x30, 0x30, 0x30, 0x30, 0x30, 0x30, 0x30, 0x30, 0x30, 0x30, 0x30, 0x30, 0x30, 0x30, 0x30, 0x30,
	0x30, 0x30, 0x30, 0x30, 0x30, 0x30, 0x30, 0x30, 0x30, 0x30, 0x30, 0x30, 0x30, 0x30, 0x30, 0x30,
	0x30, 0x30, 0x30, 0x30, 0x30, 0x30, 0x30, 0x30, 0x30, 0x30, 0x30, 0x30, 0x30, 0x30, 0x30, 0x30,
	0x30, 0x30, 0x30, 0x30, 0x30, 0x30, 0x30, 0x30, 0x30, 0x30, 0x30, 0x30, 0x30, 0x30, 0x30, 0x30,
	0x30, 0x30, 0x30, 0x30, 0x30, 0x30, 0x30, 0x30, 0x30, 0x30, 0x30, 0x30, 0x30, 0x30, 0x30, 0x30,
	0x30, 0x30, 0x30, 0x30, 0x30, 0x30, 0x30, 0x30, 0x30, 0x30, 0x30, 0x30, 0x30, 0x30, 0x30, 0x30,
	0x30, 0x30, 0x30, 0x30, 0x30, 0x30, 0x30, 0x30, 0x30, 0x30, 0x30, 0x30, 0x30, 0x30, 0x30, 0x30,
	0x30, 0x30, 0x30, 0x30, 0x30, 0x30, 0x30, 0x30, 0x30, 0x30, 0x30, 0x30, 0x30, 0x30, 0x30, 0x30,
	0x30, 0x30, 0x30, 0x30, 0x30, 0x30, 0x30, 0x30, 0x30, 0x30, 0x30, 0x30, 0x30, 0x30, 0x30, 0x30,
	0x30, 0x30, 0x30, 0x30, 0x30, 0x30, 0x30, 0x30, 0x30, 0x30, 0x30, 0x30, 0x30, 0x30, 0x30, 0x30,
	0x30, 0x30, 0x30, 0x30, 0x30, 0x30, 0x30, 0x30, 0x30, 0x30, 0x30, 0x30, 0x30, 0x30, 0x30, 0x30,
	0x30, 0x30, 0x30, 0x30, 0x30, 0x30, 0x30, 0x30, 0x30, 0x30, 0x30, 0x30, 0x30, 0x30, 0x30, 0x30,
	0x30, 0x30, 0x30, 0x30, 0x30, 0x30, 0x30, 0x30, 0x30, 0x30, 0x30, 0x30, 0x30, 0x30, 0x30, 0x30,
	0x30, 0x30, 0x30, 0x30, 0x30, 0x30, 0x30, 0x30, 0x30, 0x30, 0x30, 0x30, 0x30, 0x30, 0x30, 0x30,
	0x30, 0x30, 0x30, 0x30, 0x30, 0x30, 0x30, 0x30, 0x30, 0x30, 0x30, 0x30, 0x30, 0x30, 0x30, 0x30,
	0x30, 0x30, 0x30, 0x30, 0x30, 0x30, 0x30, 0x30, 0x30, 0x30, 0x30, 0x30, 0x30, 0x30, 0x30, 0x30,
	0x30, 0x30, 0x30, 0x30, 0x30, 0x30, 0x30, 0x30, 0x30, 0x30, 0x30, 0x30, 0x30, 0x30, 0x30, 0x30,
	0x66, 0x66, 0x66, 0x66, 0x66, 0x66, 0x66, 0x66, 0x66, 0x66, 0x66, 0x66, 0x66, 0x66, 0x66, 0x66,
	0x66, 0x66, 0x66, 0x66, 0x66, 0x66, 0x66, 0x66, 0x66, 0x66, 0x66, 0x66, 0x66, 0x66, 0x66, 0x66,
	0x66, 0x66, 0x66, 0x66, 0x66, 0x66, 0x66, 0x66, 0x66, 0x66, 0x66, 0x66, 0x66, 0x66, 0x66, 0x66,
	0x66, 0x66, 0x66, 0x66, 0x66, 0x66, 0x66, 0x66, 0x66, 0x66, 0x66, 0x66, 0x66, 0x66, 0x66, 0x66,
	0x66, 0x66, 0x66, 0x66, 0x66, 0x66, 0x66, 0x66, 0x66, 0x66, 0x66, 0x66, 0x66, 0x66, 0x66, 0x66,
	0x66, 0x66, 0x66, 0x66, 0x66, 0x66, 0x66, 0x66, 0x66, 0x66, 0x66, 0x66, 0x66, 0x66, 0x66, 0x66,
	0x66, 0x66, 0x66, 0x66, 0x66, 0x66, 0x66, 0x66, 0x66, 0x66, 0x66, 0x66, 0x66, 0x66, 0x66, 0x66,
	0x66, 0x66, 0x66, 0x66, 0x66, 0x66, 0x66, 0x66, 0x66, 0x66, 0x66, 0x66, 0x66, 0x66, 0x66, 0x66,
	0x66, 0x66, 0x66, 0x66, 0x66, 0x66, 0x66, 0x66, 0x66, 0x66, 0x66, 0x66, 0x66, 0x66, 0x66, 0x66,
	0x66, 0x66, 0x66, 0x66, 0x66, 0x66, 0x66, 0x66, 0x66, 0x66, 0x66, 0x66, 0x66, 0x66, 0x66, 0x66,
	0x66, 0x66, 0x66, 0x66, 0x66, 0x66, 0x66, 0x66, 0x66, 0x66, 0x66, 0x66, 0x66, 0x66, 0x66, 0x66,
	0x66, 0x66, 0x66, 0x66, 0x66, 0x66, 0x66, 0x66, 0x66, 0x66, 0x66, 0x66, 0x66, 0x66, 0x66, 0x66,
	0x66, 0x66, 0x66, 0x66, 0x66, 0x66, 0x66, 0x66, 0x66, 0x66, 0x66, 0x66, 0x66, 0x66, 0x66, 0x66,
	0x66, 0x66, 0x66, 0x66, 0x66, 0x66, 0x66, 0x66, 0x66, 0x66, 0x66, 0x66, 0x66, 0x66, 0x66, 0x66,
	0x66, 0x66, 0x66, 0x66, 0x66, 0x66, 0x66, 0x66, 0x66, 0x66, 0x66, 0x66, 0x66, 0x66, 0x66, 0x66,
	0x66, 0x66, 0x66, 0x66, 0x66, 0x66, 0x66, 0x66, 0x66, 0x66, 0x66, 0x66, 0x66, 0x66, 0x66, 0x66,
	0x66, 0x66, 0x66, 0x66, 0x66, 0x66, 0x66, 0x66, 0x66, 0x66, 0x66, 0x66, 0x66, 0x66, 0x66, 0x66,
	0x66, 0x66, 0x66, 0x66, 0x66, 0x66, 0x66, 0x66, 0x66, 0x66, 0x66, 0x66, 0x66, 0x66, 0x66, 0x66,
	0x66, 0x66, 0x66, 0x66, 0x66, 0x66, 0x66, 0x66, 0x66, 0x66, 0x66, 0x66, 0x66, 0x66, 0x66, 0x66,
	0x66, 0x66, 0x66, 0x66, 0x66, 0x66, 0x66, 0x66, 0x66, 0x66, 0x66, 0x66, 0x66, 0x66, 0x66, 0x66,
	0x66, 0x66, 0x66, 0x66, 0x66, 0x66, 0x66, 0x66, 0x66, 0x66, 0x66, 0x66, 0x66, 0x66, 0x66, 0x66,
	0x66, 0x66, 0x66, 0x66, 0x66, 0x66, 0x66, 0x66, 0x66, 0x66, 0x66, 0x66, 0x66, 0x58, 0x30, 0x30,
	0x50, 0x50, 0x50, 0x50, 0x50, 0x50, 0x50, 0x50, 0x50, 0x50, 0x50, 0x50, 0x50, 0x50, 0x50, 0x50,
	0x50, 0x50, 0x50, 0x50, 0x50, 0x50, 0x50, 0x50, 0x50, 0x50, 0x50, 0x50, 0x50, 0x50, 0x50, 0x50,
	0x30, 0x30, 0x30, 0x30, 0x30, 0x30, 0x30, 0x30, 0x30, 0x30, 0x30, 0x30, 0x30, 0x30, 0x30, 0x30,
	0x30, 0x30, 0x30, 0x30, 0x30, 0x30, 0x30, 0x30, 0x30, 0x30, 0x30, 0x30, 0x30, 0x30, 0x30, 0x30,
	0x30, 0x30, 0x30, 0x30, 0x30, 0x30, 0x30, 0x30, 0x30, 0x30, 0x30, 0x30, 0x30, 0x30, 0x30, 0x30,
	0x30, 0x30, 0x30, 0x30, 0x30, 0x30, 0x30, 0x30, 0x30, 0x30, 0x30, 0x30, 0x30, 0x30, 0x30, 0x30,
	0x30, 0x30, 0x30, 0x30, 0x30, 0x30, 0x30, 0x30, 0x30, 0x30, 0x30, 0x30, 0x30, 0x30, 0x30, 0x30,
	0x30, 0x30, 0x30, 0x30, 0x30, 0x30, 0x30, 0x30, 0x30, 0x30, 0x30, 0x30, 0x30, 0x30, 0x30, 0x30,
	0x30, 0x30, 0x30, 0x30, 0x30, 0x30, 0x30, 0x30, 0x30, 0x30, 0x30, 0x30, 0x30, 0x30, 0x30, 0x30,
	0x30, 0x30, 0x30, 0x30, 0x30, 0x30, 0x30, 0x30, 0x30, 0x30, 0x30, 0x30, 0x30, 0x30, 0x30, 0x30,
	0x30, 0x30, 0x30, 0x30, 0x30, 0x30, 0x30, 0x30, 0x30, 0x30, 0x30, 0x30, 0x30, 0x30, 0x30, 0x30,
	0x30, 0x30, 0x30, 0x30, 0x30, 0x30, 0x30, 0x30, 0x30, 0x30, 0x30, 0x30, 0x30, 0x30, 0x30, 0x30,
	0x30, 0x30, 0x30, 0x30, 0x30, 0x30, 0x30, 0x30, 0x30, 0x30, 0x30, 0x30, 0x30, 0x30, 0x30, 0x30,
	0x30, 0x30, 0x30, 0x30, 0x30, 0x30, 0x30, 0x30, 0x30, 0x30, 0x30, 0x30, 0x30, 0x30, 0x30, 0x30,
	0x30, 0x30, 0x30, 0x30, 0x30, 0x30, 0x30, 0x30, 0x30, 0x30, 0x30, 0x30, 0x30, 0x30, 0x30, 0x30,
	0x30, 0x30, 0x30, 0x30, 0x30, 0x30, 0x30, 0x30, 0x30, 0x30, 0x30, 0x30, 0x30, 0x30, 0x30, 0x30,
	0x30, 0x30, 0x30, 0x30, 0x30, 0x30, 0x30, 0x30, 0x30, 0x30, 0x30, 0x30, 0x30, 0x30, 0x30, 0x30,
	0x30, 0x30, 0x30, 0x30, 0x30, 0x30, 0x30, 0x30, 0x30, 0x30, 0x30, 0x30, 0x30, 0x30, 0x30, 0x30,
	0x30, 0x30, 0x30, 0x30, 0x30, 0x30, 0x30, 0x30, 0x30, 0x30, 0x30, 0x30, 0x30, 0x30, 0x30, 0x30,
	0x30, 0x30, 0x30, 0x30, 0x30, 0x30, 0x30, 0x30, 0x30, 0x30, 0x30, 0x30, 0x30, 0x30, 0x30, 0x30,
	0x30, 0x30, 0x30, 0x30, 0x30, 0x30, 0x30, 0x30, 0x30, 0x30, 0x30, 0x30, 0x30, 0x30, 0x30, 0x30,
	0x30, 0x30, 0x30, 0x30, 0x30, 0x30, 0x30, 0x30, 0x30, 0x30, 0x30, 0x30, 0x30, 0x30, 0x30, 0x30,
	0x80, 0x80, 0xc0, 0x100, 0xc0, 0xc0, 0xc0, 0xc0, 0xc0, 0xc0, 0xc0, 0xc0, 0xc0, 0xc0, 0xc0, 0xc0,
	0xc0, 0xc0, 0xc0, 0xc0, 0xc0, 0xc0, 0xc0, 0xc0, 0xc0, 0xc0, 0xc0, 0xc0, 0xc0, 0xc0, 0xc0, 0xc0
};

static constexpr uint32_t s_coll_omTrieData[444] = {
	0xcb, 0x0, 0x0, 0x0, 0x0, 0x0, 0x0, 0x0,
	0x0, 0x3040505, 0x3060505, 0x3080505, 0x30a0505, 0x30c0505, 0x0, 0x0,
	0x0, 0x0, 0x0, 0x0, 0x0, 0x0, 0x0, 0x0,
	0x0, 0x0, 0x0, 0x0, 0x0, 0x0, 0x0, 0x0,
	0x4000505, 0x75a0505, 0x9760505, 0xa940505, 0xda90505, 0xa960505, 0xa8e0505, 0x9700505,
	0x97c0505, 0x97e0505, 0xa7e0505, 0xc7b0505, 0x6000505, 0x50e0505, 0x8000505, 0xa880505,
	0x18a0ca, 0x18c1ca, 0x18e2ca, 0x1903ca, 0x1924ca, 0x1945ca, 0x1966ca, 0x1987ca,
	0x19a8ca, 0x19c9ca, 0x7360505, 0x72a0505, 0xc850505, 0xc870505, 0xc890505, 0x7640505,
	0xa7c0505, 0x2b00059c, 0x2d00059c, 0xc9, 0x7a0c9, 0x3300059c, 0x3500059c, 0x3700059c,
	0x3900059c, 0x3b00059c, 0x3d00059c, 0xf60c9, 0x4100059c, 0x4300059c, 0x1720c9, 0x4700059c,
	0x2020c9, 0x4b00059c, 0x4d00059c, 0x27a0c9, 0x5100059c, 0x5300059c, 0x5500059c, 0x570005a0,
	0x5900059c, 0x5b00059c, 0x5d00059c, 0x9800505, 0xa8a0505, 0x9820505, 0xc0a0505, 0x50a0505,
	0xc040505, 0x2b000505, 0x2d000505, 0x2ba0c9, 0x2fc0c9, 0x33000505, 0x35000505, 0x37000505,
	0x39000505, 0x3b000505, 0x3d000505, 0x33e0c9, 0x41000505, 0x43000505, 0x3800c9, 0x47000505,
	0x3d20c9, 0x4b000505, 0x4d000505, 0x4140c9, 0x51000505, 0x53000505, 0x55000505, 0x57000505,
	0x59000505, 0x5b000505, 0x5d000505, 0x9840505, 0xc8d0505, 0x9860505, 0xc910505, 0x0,
	0xfffd0505, 0xfffd0505, 0xfffd0505, 0xfffd0505, 0xfffd0505, 0xfffd0505, 0xfffd0505, 0xfffd0505,
	0xfffd0505, 0xfffd0505, 0xfffd0505, 0xfffd0505, 0xfffd0505, 0xfffd0505, 0xfffd0505, 0xfffd0505,
	0xfffd0505, 0xfffd0505, 0xfffd0505, 0xfffd0505, 0xfffd0505, 0xfffd0505, 0xfffd0505, 0xfffd0505,
	0xfffd0505, 0xfffd0505, 0xfffd0505, 0xfffd0505, 0xfffd0505, 0xfffd0505, 0xfffd0505, 0xfffd0505,
	0xfffd0505, 0xfffd0505, 0xfffd0505, 0xfffd0505, 0xfffd0505, 0xfffd0505, 0xfffd0505, 0xfffd0505,
	0xfffd0505, 0xfffd0505, 0xfffd0505, 0xfffd0505, 0xfffd0505, 0xfffd0505, 0xfffd0505, 0xfffd0505,
	0xfffd0505, 0xfffd0505, 0xfffd0505, 0xfffd0505, 0xfffd0505, 0xfffd0505, 0xfffd0505, 0xfffd0505,
	0xfffd0505, 0xfffd0505, 0xfffd0505, 0xfffd0505, 0xfffd0505, 0xfffd0505, 0xfffd0505, 0xfffd0505,
	0xc0, 0xc0, 0xc0, 0xc0, 0xc0, 0xc0, 0xc0, 0xc0,
	0xc0, 0xc0, 0xc0, 0xc0, 0xc0, 0xc0, 0xc0, 0xc0,
	0xc0, 0xc0, 0xc0, 0xc0, 0xc0, 0xc0, 0xc0, 0xc0,
	0xc0, 0xc0, 0xc0, 0xc0, 0xc0, 0xc0, 0xc0, 0xc0,
	0xc0, 0xc0, 0xc0, 0xc0, 0xc0, 0xc0, 0xc0, 0xc0,
	0xc0, 0xc0, 0xc0, 0xc0, 0xc0, 0xc0, 0xc0, 0xc0,
	0xc0, 0xc0, 0xc0, 0xc0, 0xc0, 0xc0, 0xc0, 0xc0,
	0xc0, 0xc0, 0xc0, 0xc0, 0xc0, 0xc0, 0xc0, 0xc0,
	0x2b9c8ac4, 0x2b9c88c4, 0x2b9c8ec4, 0x2b9c9ac4, 0x2b9c96c4, 0x2b9c92c4, 0x17e2c5, 0x2f9ca0c4,
	0x339c8ac4, 0x339c88c4, 0x339c8ec4, 0x339c96c4, 0x3b9c8ac4, 0x3b9c88c4, 0x3b9c8ec4, 0x3b9c96c4,
	0x310070a0, 0x459c9ac4, 0x479c8ac4, 0x479c88c4, 0x479c8ec4, 0x479c9ac4, 0x479c96c4, 0xc830505,
	0x479c9ec4, 0x539c8ac4, 0x539c88c4, 0x539c8ec4, 0x539c96c4, 0x5b9c88c4, 0x5e2805a0, 0x1822c5,
	0x2b058ac4, 0x2b0588c4, 0x2b058ec4, 0x2b059ac4, 0x2b0596c4, 0x2b0592c4, 0x1862c5, 0x2f05a0c4,
	0x33058ac4, 0x330588c4, 0x33058ec4, 0x330596c4, 0x3b058ac4, 0x3b0588c4, 0x3b058ec4, 0x3b0596c4,
	0x31007005, 0x45059ac4, 0x47058ac4, 0x470588c4, 0x47058ec4, 0x47059ac4, 0x470596c4, 0xc810505,
	0x47059ec4, 0x53058ac4, 0x530588c4, 0x53058ec4, 0x530596c4, 0x5b0588c4, 0x5e280505, 0x5b0596c4,
	0x1cd, 0x1cd, 0x1cd, 0x1cd, 0x1cd, 0x1cd, 0x1cd, 0x1cd,
	0x1cd, 0x1cd, 0x1cd, 0x1cd, 0x1cd, 0x1cd, 0x1cd, 0x1cd,
	0x1cd, 0x1cd, 0x1cd, 0x1cd, 0x1cd, 0x1cd, 0x1cd, 0x1cd,
	0x1cd, 0x1cd, 0x1cd, 0x1cd, 0x1cd, 0x1cd, 0x1cd, 0x1cd,
	0x1cc, 0x1cc, 0x1cc, 0x1cc, 0xc0, 0xc0, 0xc0, 0xc0,
	0xc0, 0xc0, 0xc0, 0xc0, 0xc0, 0xc0, 0xc0, 0xc0,
	0xc0, 0xc0, 0xc0, 0xc0, 0xc0, 0xc0, 0xc0, 0xc0,
	0xc0, 0xc0, 0xc0, 0xc0, 0xc0, 0xc0, 0xc0, 0xc0,
	0xc0, 0xc0, 0xf60c9, 0xc0, 0xc0, 0xc0, 0xc0, 0xc0,
	0xc0, 0xc0, 0xc0, 0xc0, 0xc0, 0xc0, 0xc0, 0xc0,
	0xc0, 0xc0, 0xc0, 0xc0, 0xc0, 0xc0, 0xc0, 0xc0,
	0x1cc, 0x1cc, 0x1cc, 0x1cc, 0x1cc, 0x1cc, 0x1cc, 0x1cc,
	0x1cc, 0x1cc, 0x1cc, 0x1cc, 0x1cc, 0x1cc, 0x1cc, 0x1cc,
	0x1cc, 0x1cc, 0x1cc, 0x1cc, 0x1cc, 0x1cc, 0x1cc, 0x1cc,
	0x1cc, 0x1cc, 0x1cc, 0x1cc, 0x1cc, 0x1cc, 0x1cc, 0x1cc,
	0xc0, 0xc0, 0xc0, 0xc0
};

static constexpr int32_t s_coll_omTrieIndexLength = 2112;
static constexpr int32_t s_coll_omTrieDataLength = 444;
static constexpr char32_t s_coll_omTrieHighStart = 0xe000;
static constexpr int32_t s_coll_omTrieHighValueIndex = 440;

static constexpr uint32_t s_coll_omCe32s[207] = {
	0x0, 0x5e020587, 0x8e05, 0x5e020546, 0x8e05, 0x5e020587, 0x9005, 0x5e020546,
	0x9005, 0x5e020587, 0x9c05, 0x5e020546, 0x9c05, 0x5e020587, 0xc405, 0x5e020546,
	0xc405, 0x5e020587, 0x9605, 0x5e020546, 0x9605, 0x5e020587, 0xa005, 0x5e020546,
	0xa005, 0x5e020587, 0xce05, 0x5e020546, 0xce05, 0x5e020546, 0xd205, 0x5e030587,
	0x8e05, 0x5e030546, 0x8e05, 0x5e030587, 0x9005, 0x5e030546, 0x9005, 0x5e030587,
	0x9c05, 0x5e030546, 0x9c05, 0x5e030587, 0xc405, 0x5e030546, 0xc405, 0x5e030587,
	0x9605, 0x5e030546, 0x9605, 0x5e030587, 0xa005, 0x5e030546, 0xa005, 0x5e030587,
	0xce05, 0x5e030546, 0xce05, 0x5e030546, 0xd205, 0x5e040587, 0x8e05, 0x5e040546,
	0x8e05, 0x5e040587, 0x9005, 0x5e040546, 0x9005, 0x5e040587, 0x9c05, 0x5e040546,
	0x9c05, 0x5e040587, 0xc405, 0x5e040546, 0xc405, 0x5e040587, 0x9605, 0x5e040546,
	0x9605, 0x5e040587, 0xa005, 0x5e040546, 0xa005, 0x5e040587, 0xce05, 0x5e040546,
	0xce05, 0x5e040546, 0xd205, 0x5e020505, 0x8e05, 0x5e020505, 0x9005, 0x5e020505,
	0x9c05, 0x5e020505, 0xc405, 0x5e020505, 0x9605, 0x5e020505, 0xa005, 0x5e020505,
	0xce05, 0x5e020505, 0xd205, 0x5e030505, 0x8e05, 0x5e030505, 0x9005, 0x5e030505,
	0x9c05, 0x5e030505, 0xc405, 0x5e030505, 0x9605, 0x5e030505, 0xa005, 0x5e030505,
	0xce05, 0x5e030505, 0xd205, 0x5e040505, 0x8e05, 0x5e040505, 0x9005, 0x5e040505,
	0x9c05, 0x5e040505, 0xc405, 0x5e040505, 0x9605, 0x5e040505, 0xa005, 0x5e040505,
	0xce05, 0x5e040505, 0xd205, 0x5e0502c1, 0x8805, 0x5e0502c1, 0x9605, 0x5e0502c1,
	0x8e05, 0x5e0502c1, 0xa405, 0x5e0502c1, 0x9c05, 0x5e0502c1, 0x9205, 0x5e0502c1,
	0x8a05, 0x5e0502c1, 0xc405, 0x5e0502c1, 0xb605, 0x5e0502c1, 0x9a05, 0x5e0503c1,
	0x8e05, 0x5e0503c1, 0x9005, 0x5e0503c1, 0x9c05, 0x5e0503c1, 0xc405, 0x5e0503c1,
	0x9605, 0x5e0503c1, 0xa005, 0x5e0503c1, 0xce05, 0x5e0503c1, 0xd205, 0x5e0504c1,
	0x8e05, 0x5e0504c1, 0x9005, 0x5e0504c1, 0x9c05, 0x5e0504c1, 0xc405, 0x5e0504c1,
	0x9605, 0x5e0504c1, 0xa005, 0x5e0504c1, 0xce05, 0x5e0504c1, 0xd205, 0x2b0070a0,
	0x330005a2, 0x4f007005, 0x4f000513, 0x2b007005, 0x33000513, 0x12000505, 0x14000505, 0x16000505,
	0x18000505, 0x1a000505, 0x1c000505, 0x1e000505, 0x20000505, 0x22000505, 0x24000505
};

static constexpr int64_t s_coll_omCes[89] = {
	int64_t(0x5e05020005008700ULL), int64_t(0x5e05020005004600ULL), int64_t(0x5e05020005008700ULL), int64_t(0x88000500ULL), int64_t(0x5e05020005004600ULL),
	int64_t(0x88000500ULL), int64_t(0x5e05020005004600ULL), int64_t(0x96000500ULL), int64_t(0x5e05020005008700ULL), int64_t(0x8e000500ULL),
	int64_t(0x5e05020005004600ULL), int64_t(0x8e000500ULL), int64_t(0x5e05020005008700ULL), int64_t(0x96000500ULL), int64_t(0x5e05020005008700ULL),
	int64_t(0xa4000500ULL), int64_t(0x5e05020005004600ULL), int64_t(0xa4000500ULL), int64_t(0x5e05020005008700ULL), int64_t(0x9c000500ULL),
	int64_t(0x5e05020005004600ULL), int64_t(0x9c000500ULL), int64_t(0x5e05020005004600ULL), int64_t(0x92000500ULL), int64_t(0x5e05020005008700ULL),
	int64_t(0x8a000500ULL), int64_t(0x5e05020005004600ULL), int64_t(0x8a000500ULL), int64_t(0x5e05020005008700ULL), int64_t(0xc4000500ULL),
	int64_t(0x5e05020005004600ULL), int64_t(0xc4000500ULL), int64_t(0x5e05020005008700ULL), int64_t(0xb6000500ULL), int64_t(0x5e05020005004600ULL),
	int64_t(0xb6000500ULL), int64_t(0x5e05020005008700ULL), int64_t(0x9a000500ULL), int64_t(0x5e05020005004600ULL), int64_t(0x9a000500ULL),
	int64_t(0x5e05030005008700ULL), int64_t(0x5e05030005004600ULL), int64_t(0x5e05030005008700ULL), int64_t(0x8e000500ULL), int64_t(0x5e05030005004600ULL),
	int64_t(0x8e000500ULL), int64_t(0x5e05030005008700ULL), int64_t(0x90000500ULL), int64_t(0x5e05030005004600ULL), int64_t(0x90000500ULL),
	int64_t(0x5e05030005008700ULL), int64_t(0x9c000500ULL), int64_t(0x5e05030005004600ULL), int64_t(0x9c000500ULL), int64_t(0x5e05030005008700ULL),
	int64_t(0xc4000500ULL), int64_t(0x5e05030005004600ULL), int64_t(0xc4000500ULL), int64_t(0x5e05030005008700ULL), int64_t(0x96000500ULL),
	int64_t(0x5e05030005004600ULL), int64_t(0x96000500ULL), int64_t(0x5e05030005008700ULL), int64_t(0xa0000500ULL), int64_t(0x5e05030005004600ULL),
	int64_t(0xa0000500ULL), int64_t(0x5e05030005008700ULL), int64_t(0xce000500ULL), int64_t(0x5e05030005004600ULL), int64_t(0xce000500ULL),
	int64_t(0x5e05030005004600ULL), int64_t(0xd2000500ULL), int64_t(0x5e05040005004600ULL), int64_t(0x5e05040005004600ULL), int64_t(0x8e000500ULL),
	int64_t(0x5e05040005004600ULL), int64_t(0x90000500ULL), int64_t(0x5e05040005004600ULL), int64_t(0x9c000500ULL), int64_t(0x5e05040005004600ULL),
	int64_t(0xc4000500ULL), int64_t(0x5e05040005004600ULL), int64_t(0x96000500ULL), int64_t(0x5e05040005004600ULL), int64_t(0xa0000500ULL),
	int64_t(0x5e05040005004600ULL), int64_t(0xce000500ULL), int64_t(0x5e05040005004600ULL), int64_t(0xd2000500ULL)
};

static constexpr char16_t s_coll_omContexts[555] = {
	0x2f00, 0x59c, 0x10, 0x1e24, 0x1d, 0x1e28, 0xf, 0x1e28, 0xc002, 0xa2c5, 0x1e29, 0xc002,
	0xe2c5, 0x1e2a, 0xc003, 0x22c5, 0x1e2b, 0xc003, 0x62c5, 0x1e96, 0xc003, 0xa2c5, 0x1e24, 0xc001,
	0xa2c5, 0x1e25, 0xc001, 0xe2c5, 0x1e26, 0xc002, 0x22c5, 0x1e27, 0xc002, 0x62c5, 0x21e, 0xc,
	0x21e, 0xc000, 0xa2c5, 0x21f, 0xc000, 0xe2c5, 0x1e22, 0xc001, 0x22c5, 0x1e23, 0xc001, 0x62c5,
	0x48, 0xffff, 0x5e02, 0x587, 0x68, 0xffff, 0x5e02, 0x546, 0x124, 0xa2c5, 0x125, 0xc000,
	0x62c5, 0x3100, 0x59c, 0x10, 0x1e24, 0x1d, 0x1e28, 0xf, 0x1e28, 0xc006, 0x62c5, 0x1e29,
	0xc006, 0xa2c5, 0x1e2a, 0xc006, 0xe2c5, 0x1e2b, 0xc007, 0x22c5, 0x1e96, 0xc007, 0x62c5, 0x1e24,
	0xc005, 0x62c5, 0x1e25, 0xc005, 0xa2c5, 0x1e26, 0xc005, 0xe2c5, 0x1e27, 0xc006, 0x22c5, 0x21e,
	0xc, 0x21e, 0xc004, 0x62c5, 0x21f, 0xc004, 0xa2c5, 0x1e22, 0xc004, 0xe2c5, 0x1e23, 0xc005,
	0x22c5, 0x48, 0xffff, 0x5e03, 0x587, 0x68, 0xffff, 0x5e03, 0x546, 0x124, 0xc003, 0xe2c5,
	0x125, 0xc004, 0x22c5, 0x3f00, 0x59c, 0x10, 0x1e24, 0x1d, 0x1e28, 0xf, 0x1e28, 0xc00a,
	0x22c5, 0x1e29, 0xc00a, 0x62c5, 0x1e2a, 0xc00a, 0xa2c5, 0x1e2b, 0xc00a, 0xe2c5, 0x1e96, 0xc00b,
	0x22c5, 0x1e24, 0xc009, 0x22c5, 0x1e25, 0xc009, 0x62c5, 0x1e26, 0xc009, 0xa2c5, 0x1e27, 0xc009,
	0xe2c5, 0x21e, 0xc, 0x21e, 0xc008, 0x22c5, 0x21f, 0xc008, 0x62c5, 0x1e22, 0xc008, 0xa2c5,
	0x1e23, 0xc008, 0xe2c5, 0x48, 0xffff, 0x5e04, 0x587, 0x68, 0xffff, 0x5e04, 0x546, 0x124,
	0xc007, 0xa2c5, 0x125, 0xc007, 0xe2c5, 0x4500, 0x59c, 0x14, 0x1e8e, 0x25, 0x1ef4, 0x14,
	0x1ef7, 0x9, 0x1ef7, 0xc004, 0x42c6, 0x1ef8, 0xc004, 0x82c6, 0x1ef9, 0xc004, 0xc2c6, 0x1ef4,
	0xc003, 0x82c6, 0x1ef5, 0xc003, 0xc2c6, 0x1ef6, 0xc004, 0x2c6, 0x1e8e, 0xc002, 0x42c6, 0x1e8f,
	0xc002, 0x82c6, 0x1e99, 0xc002, 0xc2c6, 0x1ef2, 0xc003, 0x2c6, 0x1ef3, 0xc003, 0x42c6, 0x176,
	0xf, 0x176, 0xc001, 0x2c6, 0x177, 0xc001, 0x42c6, 0x178, 0xc001, 0x82c6, 0x232, 0xc001,
	0xc2c6, 0x233, 0xc002, 0x2c6, 0x59, 0x81c6, 0x79, 0xa1c6, 0xdd, 0xc000, 0x42c6, 0xfd,
	0xc000, 0x82c6, 0xff, 0xc000, 0xc2c6, 0x4900, 0x59c, 0x10, 0x1e24, 0x1d, 0x1e28, 0xf,
	0x1e28, 0xc007, 0xc2c6, 0x1e29, 0xc008, 0x2c6, 0x1e2a, 0xc008, 0x42c6, 0x1e2b, 0xc008, 0x82c6,
	0x1e96, 0xc008, 0xc2c6, 0x1e24, 0xc006, 0xc2c6, 0x1e25, 0xc007, 0x2c6, 0x1e26, 0xc007, 0x42c6,
	0x1e27, 0xc007, 0x82c6, 0x21e, 0xc, 0x21e, 0xc005, 0xc2c6, 0x21f, 0xc006, 0x2c6, 0x1e22,
	0xc006, 0x42c6, 0x1e23, 0xc006, 0x82c6, 0x48, 0xc005, 0x1c6, 0x68, 0xc005, 0x21c6, 0x124,
	0xc005, 0x42c6, 0x125, 0xc005, 0x82c6, 0x4f00, 0x59c, 0x8, 0x1e25, 0xf, 0x1e25, 0xc009,
	0xe2c6, 0x1e27, 0xc00a, 0x22c6, 0x1e29, 0xc00a, 0x62c6, 0x1e2b, 0xc00a, 0xa2c6, 0x1e96, 0xc00a,
	0xe2c6, 0x68, 0xc009, 0x1c6, 0x125, 0xc009, 0x22c6, 0x21f, 0xc009, 0x62c6, 0x1e23, 0xc009,
	0xa2c6, 0x2f00, 0x505, 0x8, 0x1e25, 0xf, 0x1e25, 0xc00c, 0x22c5, 0x1e27, 0xc00c, 0x62c5,
	0x1e29, 0xc00c, 0xa2c5, 0x1e2b, 0xc00c, 0xe2c5, 0x1e96, 0xc00d, 0x22c5, 0x68, 0xffff, 0x5e02,
	0x505, 0x125, 0xc00b, 0x62c5, 0x21f, 0xc00b, 0xa2c5, 0x1e23, 0xc00b, 0xe2c5, 0x3100, 0x505,
	0x8, 0x1e25, 0xf, 0x1e25, 0xc00e, 0x22c5, 0x1e27, 0xc00e, 0x62c5, 0x1e29, 0xc00e, 0xa2c5,
	0x1e2b, 0xc00e, 0xe2c5, 0x1e96, 0xc00f, 0x22c5, 0x68, 0xffff, 0x5e03, 0x505, 0x125, 0xc00d,
	0x62c5, 0x21f, 0xc00d, 0xa2c5, 0x1e23, 0xc00d, 0xe2c5, 0x3f00, 0x505, 0x8, 0x1e25, 0xf,
	0x1e25, 0xc010, 0x22c5, 0x1e27, 0xc010, 0x62c5, 0x1e29, 0xc010, 0xa2c5, 0x1e2b, 0xc010, 0xe2c5,
	0x1e96, 0xc011, 0x22c5, 0x68, 0xffff, 0x5e04, 0x505, 0x125, 0xc00f, 0x62c5, 0x21f, 0xc00f,
	0xa2c5, 0x1e23, 0xc00f, 0xe2c5, 0x4500, 0x505, 0xa, 0x1e8f, 0x14, 0x1ef5, 0x9, 0x1ef5,
	0xc013, 0x22c5, 0x1ef7, 0xc013, 0x62c5, 0x1ef9, 0xc013, 0xa2c5, 0x1e8f, 0xc012, 0x62c5, 0x1e99,
	0xc012, 0xa2c5, 0x1ef3, 0xc012, 0xe2c5, 0x79, 0xffff, 0x5e05, 0x2c1, 0xfd, 0xc011, 0x62c5,
	0xff, 0xc011, 0xa2c5, 0x177, 0xc011, 0xe2c5, 0x233, 0xc012, 0x22c5, 0x4900, 0x505, 0x8,
	0x1e25, 0xf, 0x1e25, 0xc014, 0xa2c5, 0x1e27, 0xc014, 0xe2c5, 0x1e29, 0xc015, 0x22c5, 0x1e2b,
	0xc015, 0x62c5, 0x1e96, 0xc015, 0xa2c5, 0x68, 0xffff, 0x5e05, 0x3c1, 0x125, 0xc013, 0xe2c5,
	0x21f, 0xc014, 0x22c5, 0x1e23, 0xc014, 0x62c5, 0x4f00, 0x505, 0x8, 0x1e25, 0xf, 0x1e25,
	0xc016, 0xa2c5, 0x1e27, 0xc016, 0xe2c5, 0x1e29, 0xc017, 0x22c5, 0x1e2b, 0xc017, 0x62c5, 0x1e96,
	0xc017, 0xa2c5, 0x68, 0xffff, 0x5e05, 0x4c1, 0x125, 0xc015, 0xe2c5, 0x21f, 0xc016, 0x22c5,
	0x1e23, 0xc016, 0x62c5
};

static constexpr uint16_t s_coll_omFastLatin[584] = {
	0x205, 0xc40, 0xde0, 0xe80, 0xea8, 0x418, 0x0, 0x0, 0x0, 0x0, 0x0, 0x0,
	0x0, 0x0, 0xc00, 0xc08, 0xc10, 0xc18, 0xc20, 0x0, 0x0, 0x0, 0x0, 0x0,
	0x0, 0x0, 0x0, 0x0, 0x0, 0x0, 0x0, 0x0, 0x0, 0x0, 0x0, 0x0,
	0x0, 0xc40, 0xca8, 0xcf0, 0xd78, 0xe98, 0xd80, 0xd70, 0xcd8, 0xd08, 0xd10, 0xd58,
	0xe30, 0xc90, 0xc60, 0xcd0, 0xd60, 0x10a8, 0x14a8, 0x18a8, 0x1ca8, 0x20a8, 0x24a8, 0x28a8,
	0x2ca8, 0x30a8, 0x34a8, 0xca0, 0xc98, 0xe50, 0xe58, 0xe60, 0xcb8, 0xd50, 0x38b9, 0x3cb9,
	0x41a, 0x424, 0x48ba, 0x4cb9, 0x50b9, 0x54b9, 0x58ba, 0x60ba, 0x42e, 0x68b9, 0x6cb9, 0x438,
	0x78b9, 0x44a, 0x80b9, 0x88b9, 0x454, 0x90b9, 0x98b9, 0x9cb9, 0xa0b9, 0xa4b9, 0xa8b9, 0xacb9,
	0xd18, 0xd68, 0xd20, 0xdf8, 0xc50, 0xde8, 0x38a8, 0x3ca8, 0x45a, 0x460, 0x48a8, 0x4ca8,
	0x50a8, 0x54a8, 0x58a8, 0x60a8, 0x466, 0x68a8, 0x6ca8, 0x46c, 0x78a8, 0x476, 0x80a8, 0x88a8,
	0x47c, 0x90a8, 0x98a8, 0x9ca8, 0xa0a8, 0xa4a8, 0xa8a8, 0xaca8, 0xd28, 0xe70, 0xd30, 0xe80,
	0x0, 0x0, 0x0, 0x0, 0x0, 0x0, 0xc28, 0x0, 0x0, 0x0, 0x0, 0x0,
	0x0, 0x0, 0x0, 0x0, 0x0, 0x0, 0x0, 0x0, 0x0, 0x0, 0x0, 0x0,
	0x0, 0x0, 0x0, 0x0, 0x0, 0x0, 0x0, 0x0, 0x0, 0xc42, 0xcb0, 0xe90,
	0xea0, 0xe88, 0xea8, 0xe78, 0xd40, 0xe08, 0xe20, 0x38aa, 0xcf8, 0xe68, 0x0, 0xe28,
	0xe00, 0xe18, 0xe38, 0x18a9, 0x1ca9, 0xdf0, 0x1, 0xd48, 0x1, 0xe10, 0x14a9, 0x78aa,
	0xd00, 0x1, 0x1, 0x1, 0xcc0, 0x39b9, 0x3999, 0x39f9, 0x3a99, 0x3a59, 0x3a39, 0x800,
	0x42f9, 0x49ba, 0x499a, 0x49fa, 0x4a5a, 0x59ba, 0x599a, 0x59fa, 0x5a5a, 0x44d9, 0x729a, 0x79b9,
	0x7999, 0x79f9, 0x7a99, 0x7a59, 0xe48, 0x7ad9, 0x99b9, 0x9999, 0x99f9, 0x9a59, 0xa999, 0xc8b9,
	0x802, 0x39a8, 0x3988, 0x39e8, 0x3a88, 0x3a48, 0x3a28, 0x804, 0x42e8, 0x49a8, 0x4988, 0x49e8,
	0x4a48, 0x59a8, 0x5988, 0x59e8, 0x5a48, 0x44c8, 0x7288, 0x79a8, 0x7988, 0x79e8, 0x7a88, 0x7a48,
	0xe40, 0x7ac8, 0x99a8, 0x9988, 0x99e8, 0x9a48, 0xa988, 0xc8a8, 0xaa48, 0x3b39, 0x3b28, 0x39d9,
	0x39c8, 0x3b19, 0x3b08, 0x4199, 0x4188, 0x41f9, 0x41e8, 0x42b9, 0x42a8, 0x4219, 0x4208, 0x4619,
	0x4608, 0x4759, 0x4748, 0x4b3a, 0x4b28, 0x49da, 0x49c8, 0x4aba, 0x4aa8, 0x4b1a, 0x4b08, 0x4a1a,
	0x4a08, 0x51f9, 0x51e8, 0x51d9, 0x51c8, 0x52b9, 0x52a8, 0x52f9, 0x52e8, 0x55f9, 0x55e8, 0x5759,
	0x5748, 0x5a9a, 0x5a88, 0x5b3a, 0x5b28, 0x59da, 0x59c8, 0x5b1a, 0x5b08, 0x5aba, 0x5ca8, 0x806,
	0x808, 0x61fa, 0x61e8, 0x66f9, 0x66e8, 0x84a8, 0x6999, 0x6988, 0x6af9, 0x6ae8, 0x6a19, 0x6a08,
	0x6b79, 0x6b68, 0x6b59, 0x6b48, 0x719a, 0x7188, 0x72fa, 0x72e8, 0x721a, 0x7208, 0x80a, 0x74b9,
	0x74a8, 0x7b39, 0x7b28, 0x79d9, 0x79c8, 0x7a79, 0x7a68, 0x80c, 0x80e, 0x8999, 0x8988, 0x8af9,
	0x8ae8, 0x8a19, 0x8a08, 0x8d9a, 0x8d88, 0x8dfa, 0x8de8, 0x8efa, 0x8ee8, 0x8e1a, 0x8e08, 0x92f9,
	0x92e8, 0x9219, 0x9208, 0x94b9, 0x94a8, 0x9a99, 0x9a88, 0x9b39, 0x9b28, 0x99d9, 0x99c8, 0x9a39,
	0x9a28, 0x9a79, 0x9a68, 0x9b19, 0x9b08, 0xa1f9, 0xa1e8, 0xa9f9, 0xa9e8, 0xaa59, 0xad99, 0xad88,
	0xaeb9, 0xaea8, 0xae19, 0xae08, 0x8ce8, 0xc41, 0xc41, 0xc41, 0xc41, 0xc41, 0xc41, 0xc41,
	0xc42, 0xc41, 0xc41, 0xc41, 0x0, 0x0, 0x0, 0x0, 0x0, 0xc68, 0xc69, 0xc70,
	0xc78, 0xc80, 0xc88, 0xd38, 0xc58, 0x1, 0x1, 0x1, 0x1, 0x1, 0x1, 0x1,
	0x1, 0xd98, 0xda0, 0xda8, 0xdb0, 0xcd1, 0x810, 0x1, 0xdb8, 0xc30, 0xc38, 0x0,
	0x0, 0x0, 0x0, 0x0, 0xc42, 0xd88, 0xd90, 0xdc0, 0x812, 0x1, 0xdc8, 0x814,
	0x1, 0xdd0, 0xce0, 0xce8, 0xdd8, 0x816, 0xcc8, 0xc48, 0xde0, 0x38d9, 0x48bb, 0x8cc8,
	0x8ca9, 0x38c8, 0x48a9, 0x58bb, 0x60bb, 0x58a9, 0x60a9, 0xcca9, 0x70a9, 0x78d9, 0x48bb, 0x78c8,
	0x48a9, 0xcd1, 0xcd1, 0xdc1, 0xdc1, 0xdc9, 0xdc9, 0xca9, 0xca9, 0x5ff, 0x0, 0x5ff,
	0x40b9, 0x448, 0xb0ba, 0x468, 0xb0b1, 0x524, 0xb1fa, 0x525, 0xb1f1, 0x5ff, 0x44b9, 0x448,
	0xb4ba, 0x468, 0xb4b1, 0x524, 0xb5fa, 0x525, 0xb5f1, 0x5ff, 0x64b9, 0x448, 0xb8ba, 0x468,
	0xb8b1, 0x524, 0xb9fa, 0x525, 0xb9f1, 0x5ff, 0x70ba, 0x459, 0xbcba, 0x479, 0xbcb1, 0x4dd,
	0xbd9a, 0x4fd, 0xbd91, 0x4ff, 0xbe51, 0x576, 0xbdfa, 0x577, 0xbdf1, 0x578, 0xbe5a, 0x5ff,
	0x7cb9, 0x448, 0xc0ba, 0x468, 0xc0b1, 0x524, 0xc1fa, 0x525, 0xc1f1, 0x5ff, 0x8cba, 0x468,
	0xc4b1, 0x525, 0xc5f1, 0x5ff, 0x40a8, 0x468, 0xb0a8, 0x525, 0xb1e8, 0x5ff, 0x44a8, 0x468,
	0xb4a8, 0x525, 0xb5e8, 0x5ff, 0x64a8, 0x468, 0xb8a8, 0x525, 0xb9e8, 0x5ff, 0x70a8, 0x479,
	0xbca8, 0x4fd, 0xbd88, 0x4ff, 0xbe48, 0x577, 0xbde8, 0x5ff, 0x7ca8, 0x468, 0xc0a8, 0x525,
	0xc1e8, 0x5ff, 0x8ca8, 0x468, 0xc4a8, 0x525, 0xc5e8, 0x1ff
};

static constexpr uint16_t s_coll_omFastLatinPrimaries[384] = {
	0x0, 0x0, 0x0, 0x0, 0x0, 0x0, 0x0, 0x0, 0x0, 0xc00, 0xc08, 0xc10,
	0xc18, 0xc20, 0x0, 0x0, 0x0, 0x0, 0x0, 0x0, 0x0, 0x0, 0x0, 0x0,
	0x0, 0x0, 0x0, 0x0, 0x0, 0x0, 0x0, 0x0, 0xc40, 0xca8, 0xcf0, 0xd78,
	0xe98, 0xd80, 0xd70, 0xcd8, 0xd08, 0xd10, 0xd58, 0xe30, 0xc90, 0xc60, 0xcd0, 0xd60,
	0x1000, 0x1400, 0x1800, 0x1c00, 0x2000, 0x2400, 0x2800, 0x2c00, 0x3000, 0x3400, 0xca0, 0xc98,
	0xe50, 0xe58, 0xe60, 0xcb8, 0xd50, 0x3800, 0x3c00, 0x0, 0x0, 0x4800, 0x4c00, 0x5000,
	0x5400, 0x5800, 0x6000, 0x0, 0x6800, 0x6c00, 0x0, 0x7800, 0x0, 0x8000, 0x8800, 0x0,
	0x9000, 0x9800, 0x9c00, 0xa000, 0xa400, 0xa800, 0xac00, 0xd18, 0xd68, 0xd20, 0xdf8, 0xc50,
	0xde8, 0x3800, 0x3c00, 0x0, 0x0, 0x4800, 0x4c00, 0x5000, 0x5400, 0x5800, 0x6000, 0x0,
	0x6800, 0x6c00, 0x0, 0x7800, 0x0, 0x8000, 0x8800, 0x0, 0x9000, 0x9800, 0x9c00, 0xa000,
	0xa400, 0xa800, 0xac00, 0xd28, 0xe70, 0xd30, 0xe80, 0x0, 0x0, 0x0, 0x0, 0x0,
	0x0, 0xc28, 0x0, 0x0, 0x0, 0x0, 0x0, 0x0, 0x0, 0x0, 0x0, 0x0,
	0x0, 0x0, 0x0, 0x0, 0x0, 0x0, 0x0, 0x0, 0x0, 0x0, 0x0, 0x0,
	0x0, 0x0, 0x0, 0x0, 0xc40, 0xcb0, 0xe90, 0xea0, 0xe88, 0xea8, 0xe78, 0xd40,
	0xe08, 0xe20, 0x3800, 0xcf8, 0xe68, 0x0, 0xe28, 0xe00, 0xe18, 0xe38, 0x1800, 0x1c00,
	0xdf0, 0x0, 0xd48, 0x0, 0xe10, 0x1400, 0x7800, 0xd00, 0x0, 0x0, 0x0, 0xcc0,
	0x3800, 0x3800, 0x3800, 0x3800, 0x3800, 0x3800, 0x0, 0x4000, 0x4800, 0x4800, 0x4800, 0x4800,
	0x5800, 0x5800, 0x5800, 0x5800, 0x4400, 0x7000, 0x7800, 0x7800, 0x7800, 0x7800, 0x7800, 0xe48,
	0x7800, 0x9800, 0x9800, 0x9800, 0x9800, 0xa800, 0xc800, 0x0, 0x3800, 0x3800, 0x3800, 0x3800,
	0x3800, 0x3800, 0x0, 0x4000, 0x4800, 0x4800, 0x4800, 0x4800, 0x5800, 0x5800, 0x5800, 0x5800,
	0x4400, 0x7000, 0x7800, 0x7800, 0x7800, 0x7800, 0x7800, 0xe40, 0x7800, 0x9800, 0x9800, 0x9800,
	0x9800, 0xa800, 0xc800, 0xa800, 0x3800, 0x3800, 0x3800, 0x3800, 0x3800, 0x3800, 0x4000, 0x4000,
	0x4000, 0x4000, 0x4000, 0x4000, 0x4000, 0x4000, 0x4400, 0x4400, 0x4400, 0x4400, 0x4800, 0x4800,
	0x4800, 0x4800, 0x4800, 0x4800, 0x4800, 0x4800, 0x4800, 0x4800, 0x5000, 0x5000, 0x5000, 0x5000,
	0x5000, 0x5000, 0x5000, 0x5000, 0x5400, 0x5400, 0x5400, 0x5400, 0x5800, 0x5800, 0x5800, 0x5800,
	0x5800, 0x5800, 0x5800, 0x5800, 0x5800, 0x5c00, 0x0, 0x0, 0x6000, 0x6000, 0x6400, 0x6400,
	0x8400, 0x6800, 0x6800, 0x6800, 0x6800, 0x6800, 0x6800, 0x6800, 0x6800, 0x6800, 0x6800, 0x7000,
	0x7000, 0x7000, 0x7000, 0x7000, 0x7000, 0x0, 0x7400, 0x7400, 0x7800, 0x7800, 0x7800, 0x7800,
	0x7800, 0x7800, 0x0, 0x0, 0x8800, 0x8800, 0x8800, 0x8800, 0x8800, 0x8800, 0x8c00, 0x8c00,
	0x8c00, 0x8c00, 0x8c00, 0x8c00, 0x8c00, 0x8c00, 0x9000, 0x9000, 0x9000, 0x9000, 0x9400, 0x9400,
	0x9800, 0x9800, 0x9800, 0x9800, 0x9800, 0x9800, 0x9800, 0x9800, 0x9800, 0x9800, 0x9800, 0x9800,
	0xa000, 0xa000, 0xa800, 0xa800, 0xa800, 0xac00, 0xac00, 0xac00, 0xac00, 0xac00, 0xac00, 0x8c00
};

static constexpr int32_t s_coll_omFastLatinMiniVarTop = 0xbff;

static constexpr uint32_t s_coll_omNumericPrimary = 0x10000000;
static constexpr int32_t s_coll_omOptions = 0x2010;
static constexpr int32_t s_coll_omJamoCe32sStart = -1;

static constexpr uint32_t s_coll_omUnsafeBwd[874] = {
	0x34, 0x35, 0x48, 0x49, 0x4c, 0x4d, 0x59, 0x5a, 0x68, 0x69, 0x79, 0x7a,
	0xa0, 0xa1, 0xdd, 0xde, 0xfd, 0xfe, 0xff, 0x100, 0x124, 0x126, 0x176, 0x179,
	0x21e, 0x220, 0x232, 0x234, 0x300, 0x34f, 0x350, 0x370, 0x3a9, 0x3aa, 0x3e2, 0x3e3,
	0x42f, 0x430, 0x483, 0x488, 0x531, 0x532, 0x591, 0x5be, 0x5bf, 0x5c0, 0x5c1, 0x5c3,
	0x5c4, 0x5c6, 0x5c7, 0x5c8, 0x5d0, 0x5d1, 0x610, 0x61b, 0x628, 0x629, 0x64b, 0x660,
	0x670, 0x671, 0x6d6, 0x6dd, 0x6df, 0x6e5, 0x6e7, 0x6e9, 0x6ea, 0x6ee, 0x710, 0x712,
	0x730, 0x74b, 0x78c, 0x78d, 0x7ca, 0x7cb, 0x7eb, 0x7f4, 0x7fd, 0x7fe, 0x800, 0x801,
	0x816, 0x81a, 0x81b, 0x824, 0x825, 0x828, 0x829, 0x82e, 0x840, 0x841, 0x859, 0x85c,
	0x897, 0x8a0, 0x8ca, 0x8e2, 0x8e3, 0x900, 0x905, 0x906, 0x93c, 0x93d, 0x94d, 0x94e,
	0x951, 0x955, 0x995, 0x996, 0x9bc, 0x9bd, 0x9be, 0x9bf, 0x9cd, 0x9ce, 0x9d7, 0x9d8,
	0x9fe, 0x9ff, 0xa15, 0xa16, 0xa3c, 0xa3d, 0xa4d, 0xa4e, 0xa95, 0xa96, 0xabc, 0xabd,
	0xacd, 0xace, 0xb15, 0xb16, 0xb3c, 0xb3d, 0xb3e, 0xb3f, 0xb4d, 0xb4e, 0xb56, 0xb58,
	0xb95, 0xb96, 0xbbe, 0xbbf, 0xbcd, 0xbce, 0xbd7, 0xbd8, 0xc15, 0xc16, 0xc3c, 0xc3d,
	0xc4d, 0xc4e, 0xc55, 0xc57, 0xc95, 0xc96, 0xcbc, 0xcbd, 0xcc2, 0xcc3, 0xccd, 0xcce,
	0xcd5, 0xcd7, 0xd15, 0xd16, 0xd3b, 0xd3d, 0xd3e, 0xd3f, 0xd4d, 0xd4e, 0xd57, 0xd58,
	0xd85, 0xd86, 0xdca, 0xdcb, 0xdcf, 0xdd0, 0xddf, 0xde0, 0xe01, 0xe2f, 0xe32, 0xe33,
	0xe38, 0xe3b, 0xe48, 0xe4c, 0xe81, 0xe83, 0xe84, 0xe85, 0xe86, 0xe8b, 0xe8c, 0xea4,
	0xea5, 0xea6, 0xea7, 0xeaf, 0xeb2, 0xeb3, 0xeb8, 0xebb, 0xec8, 0xecc, 0xedc, 0xee0,
	0xf18, 0xf1a, 0xf35, 0xf36, 0xf37, 0xf38, 0xf39, 0xf3a, 0xf40, 0xf41, 0xf71, 0xf76,
	0xf7a, 0xf7e, 0xf80, 0xf85, 0xf86, 0xf88, 0xfc6, 0xfc7, 0x1000, 0x1001, 0x102e, 0x102f,
	0x1037, 0x1038, 0x1039, 0x103b, 0x108d, 0x108e, 0x10d3, 0x10d4, 0x12a0, 0x12a1, 0x135d, 0x1360,
	0x13c4, 0x13c5, 0x14c0, 0x14c1, 0x168f, 0x1690, 0x16a0, 0x16a1, 0x1703, 0x1704, 0x1714, 0x1716,
	0x1723, 0x1724, 0x1734, 0x1735, 0x1743, 0x1744, 0x1763, 0x1764, 0x1780, 0x1781, 0x17d2, 0x17d3,
	0x17dd, 0x17de, 0x1826, 0x1827, 0x18a9, 0x18aa, 0x1900, 0x1901, 0x1939, 0x193c, 0x1950, 0x1951,
	0x1980, 0x19ac, 0x1a00, 0x1a01, 0x1a17, 0x1a19, 0x1a20, 0x1a21, 0x1a60, 0x1a61, 0x1a75, 0x1a7d,
	0x1a7f, 0x1a80, 0x1ab0, 0x1abe, 0x1abf, 0x1ade, 0x1ae0, 0x1aec, 0x1b05, 0x1b06, 0x1b34, 0x1b36,
	0x1b44, 0x1b45, 0x1b6b, 0x1b74, 0x1b83, 0x1b84, 0x1baa, 0x1bac, 0x1bc0, 0x1bc1, 0x1be6, 0x1be7,
	0x1bf2, 0x1bf4, 0x1c00, 0x1c01, 0x1c37, 0x1c38, 0x1c5a, 0x1c5b, 0x1cd0, 0x1cd3, 0x1cd4, 0x1ce1,
	0x1ce2, 0x1ce9, 0x1ced, 0x1cee, 0x1cf4, 0x1cf5, 0x1cf8, 0x1cfa, 0x1dc0, 0x1e00, 0x1e22, 0x1e2c,
	0x1e8e, 0x1e90, 0x1e96, 0x1e97, 0x1e99, 0x1e9a, 0x1ef2, 0x1efa, 0x201c, 0x201d, 0x20ac, 0x20ad,
	0x20d0, 0x20dd, 0x20e1, 0x20e2, 0x20e5, 0x20f1, 0x263a, 0x263b, 0x2c00, 0x2c01, 0x2cef, 0x2cf2,
	0x2d30, 0x2d31, 0x2d7f, 0x2d80, 0x2de0, 0x2e00, 0x302a, 0x3030, 0x304b, 0x304c, 0x3099, 0x309b,
	0x30ab, 0x30ac, 0x3105, 0x3106, 0x5b57, 0x5b58, 0xa288, 0xa289, 0xa4d0, 0xa4d1, 0xa549, 0xa54a,
	0xa66f, 0xa670, 0xa674, 0xa67e, 0xa69e, 0xa6a1, 0xa6f0, 0xa6f2, 0xa800, 0xa801, 0xa806, 0xa807,
	0xa82c, 0xa82d, 0xa840, 0xa841, 0xa882, 0xa883, 0xa8c4, 0xa8c5, 0xa8e0, 0xa8f2, 0xa90a, 0xa90b,
	0xa92b, 0xa92e, 0xa930, 0xa931, 0xa953, 0xa954, 0xa984, 0xa985, 0xa9b3, 0xa9b4, 0xa9c0, 0xa9c1,
	0xaa00, 0xaa01, 0xaa80, 0xaab1, 0xaab2, 0xaab5, 0xaab7, 0xaab9, 0xaabe, 0xaac0, 0xaac1, 0xaac2,
	0xaaf6, 0xaaf7, 0xabc0, 0xabc1, 0xabed, 0xabee, 0xac00, 0xac01, 0xd800, 0xd809, 0xd80b, 0xd80d,
	0xd811, 0xd812, 0xd818, 0xd819, 0xd81a, 0xd81c, 0xd820, 0xd821, 0xd823, 0xd824, 0xd82c, 0xd82d,
	0xd82f, 0xd830, 0xd834, 0xd835, 0xd838, 0xd83b, 0xdc00, 0xe000, 0xfb1e, 0xfb1f, 0xfdd0, 0xfdd1,
	0xfe20, 0xfe30, 0x10000, 0x10001, 0x101fd, 0x101fe, 0x10280, 0x10281, 0x102a0, 0x102a1, 0x102e0, 0x102e1,
	0x10300, 0x10301, 0x10330, 0x10331, 0x1036b, 0x1036c, 0x10376, 0x1037b, 0x10380, 0x10381, 0x103a0, 0x103a1,
	0x10414, 0x10415, 0x10450, 0x10451, 0x10480, 0x10481, 0x104b5, 0x104b6, 0x10500, 0x10501, 0x10537, 0x10538,
	0x10582, 0x10583, 0x105c2, 0x105c3, 0x10647, 0x10648, 0x10800, 0x10801, 0x10840, 0x10841, 0x10873, 0x10874,
	0x10896, 0x10897, 0x108f4, 0x108f5, 0x10900, 0x10901, 0x10920, 0x10921, 0x10950, 0x10951, 0x10980, 0x10981,
	0x109a0, 0x109a1, 0x10a00, 0x10a01, 0x10a0d, 0x10a0e, 0x10a0f, 0x10a10, 0x10a38, 0x10a3b, 0x10a3f, 0x10a40,
	0x10a60, 0x10a61, 0x10a95, 0x10a96, 0x10ad8, 0x10ad9, 0x10ae5, 0x10ae7, 0x10b00, 0x10b01, 0x10b40, 0x10b41,
	0x10b60, 0x10b61, 0x10b8f, 0x10b90, 0x10c00, 0x10c01, 0x10ca1, 0x10ca2, 0x10d12, 0x10d13, 0x10d24, 0x10d28,
	0x10d5d, 0x10d5e, 0x10d69, 0x10d6e, 0x10e88, 0x10e89, 0x10eab, 0x10ead, 0x10efa, 0x10efc, 0x10efd, 0x10f00,
	0x10f19, 0x10f1a, 0x10f42, 0x10f43, 0x10f46, 0x10f51, 0x10f7c, 0x10f7d, 0x10f82, 0x10f86, 0x10fbf, 0x10fc0,
	0x10ff1, 0x10ff2, 0x11005, 0x11006, 0x11046, 0x11047, 0x11070, 0x11071, 0x1107f, 0x11080, 0x11083, 0x11084,
	0x110b9, 0x110bb, 0x110d0, 0x110d1, 0x11100, 0x11104, 0x11127, 0x11128, 0x11133, 0x11135, 0x11152, 0x11153,
	0x11173, 0x11174, 0x11183, 0x11184, 0x111c0, 0x111c1, 0x111ca, 0x111cb, 0x11208, 0x11209, 0x11235, 0x11237,
	0x1128f, 0x11290, 0x112be, 0x112bf, 0x112e9, 0x112eb, 0x11315, 0x11316, 0x1133b, 0x1133d, 0x1133e, 0x1133f,
	0x1134d, 0x1134e, 0x11357, 0x11358, 0x11366, 0x1136d, 0x11370, 0x11375, 0x11392, 0x11393, 0x113b8, 0x113b9,
	0x113bb, 0x113bc, 0x113c2, 0x113c3, 0x113c9, 0x113ca, 0x113ce, 0x113d1, 0x11412, 0x11413, 0x11442, 0x11443,
	0x11446, 0x11447, 0x1145e, 0x1145f, 0x11484, 0x11485, 0x114b0, 0x114b1, 0x114ba, 0x114bb, 0x114bd, 0x114be,
	0x114c2, 0x114c4, 0x1158e, 0x1158f, 0x115af, 0x115b0, 0x115bf, 0x115c1, 0x1160e, 0x1160f, 0x1163f, 0x11640,
	0x11680, 0x11681, 0x116b6, 0x116b8, 0x11717, 0x11718, 0x1172b, 0x1172c, 0x1180b, 0x1180c, 0x11839, 0x1183b,
	0x118b4, 0x118b5, 0x1190c, 0x1190d, 0x11930, 0x11931, 0x1193d, 0x1193f, 0x11943, 0x11944, 0x119ce, 0x119cf,
	0x119e0, 0x119e1, 0x11a0b, 0x11a0c, 0x11a34, 0x11a35, 0x11a47, 0x11a48, 0x11a5c, 0x11a5d, 0x11a99, 0x11a9a,
	0x11ac0, 0x11ac1, 0x11bc4, 0x11bc5, 0x11c0e, 0x11c0f, 0x11c3f, 0x11c40, 0x11c72, 0x11c73, 0x11d10, 0x11d11,
	0x11d42, 0x11d43, 0x11d44, 0x11d46, 0x11d71, 0x11d72, 0x11d97, 0x11d98, 0x11dc6, 0x11dc7, 0x11ee5, 0x11ee6,
	0x11f1b, 0x11f1c, 0x11f41, 0x11f43, 0x12000, 0x12001, 0x12fe5, 0x12fe6, 0x13153, 0x13154, 0x14400, 0x14401,
	0x1611c, 0x1611d, 0x1611e, 0x16121, 0x16123, 0x16126, 0x16129, 0x1612a, 0x1612f, 0x16130, 0x16a4f, 0x16a50,
	0x16abc, 0x16abd, 0x16ae6, 0x16ae7, 0x16af0, 0x16af5, 0x16b1c, 0x16b1d, 0x16b30, 0x16b37, 0x16d45, 0x16d46,
	0x16d67, 0x16d69, 0x16e40, 0x16e41, 0x16ea1, 0x16ea2, 0x16f00, 0x16f01, 0x16ff0, 0x16ff2, 0x18229, 0x1822a,
	0x18c65, 0x18c66, 0x1b1c4, 0x1b1c5, 0x1bc20, 0x1bc21, 0x1bc9e, 0x1bc9f, 0x1d165, 0x1d16a, 0x1d16d, 0x1d173,
	0x1d17b, 0x1d183, 0x1d185, 0x1d18c, 0x1d1aa, 0x1d1ae, 0x1d242, 0x1d245, 0x1e000, 0x1e007, 0x1e008, 0x1e019,
	0x1e01b, 0x1e022, 0x1e023, 0x1e025, 0x1e026, 0x1e02b, 0x1e08f, 0x1e090, 0x1e108, 0x1e109, 0x1e130, 0x1e137,
	0x1e290, 0x1e291, 0x1e2ae, 0x1e2af, 0x1e2e1, 0x1e2e2, 0x1e2ec, 0x1e2f0, 0x1e4e6, 0x1e4e7, 0x1e4ec, 0x1e4f0,
	0x1e5d0, 0x1e5d1, 0x1e5ee, 0x1e5f0, 0x1e6d5, 0x1e6d6, 0x1e6e3, 0x1e6e4, 0x1e6e6, 0x1e6e7, 0x1e6ee, 0x1e6f0,
	0x1e6f5, 0x1e6f6, 0x1e802, 0x1e803, 0x1e8d0, 0x1e8d7, 0x1e909, 0x1e90a, 0x1e944, 0x1e94b
};

static constexpr int32_t s_coll_omUnsafeBwdLength = 874;

static constexpr uint16_t s_coll_toTrieIndex[2112] = {
	0x0, 0x8, 0x10, 0x18, 0x30, 0x38, 0x40, 0x48, 0x50, 0x58, 0x5e, 0x66, 0x6b, 0x73, 0x78, 0x80,
	0x84, 0x8c, 0x30, 0x38, 0x8f, 0x97, 0x30, 0x38, 0x30, 0x38, 0x30, 0x38, 0x30, 0x38, 0x30, 0x38,
	0x30, 0x38, 0x30, 0x38, 0x30, 0x38, 0x30, 0x38, 0x30, 0x38, 0x30, 0x38, 0x30, 0x38, 0x30, 0x38,
	0x30, 0x38, 0x30, 0x38, 0x30, 0x38, 0x30, 0x38, 0x30, 0x38, 0x30, 0x38, 0x30, 0x38, 0x30, 0x38,
	0x30, 0x30, 0x30, 0x30, 0x30, 0x30, 0x30, 0x30, 0x30, 0x30, 0x30, 0x30, 0x30, 0x30, 0x30, 0x30,
	0x30, 0x30, 0x30, 0x30, 0x30, 0x30, 0x30, 0x30, 0x30, 0x30, 0x30, 0x30, 0x30, 0x30, 0x30, 0x30,
	0x30, 0x30, 0x30, 0x30, 0x30, 0x30, 0x30, 0x30, 0x30, 0x30, 0x30, 0x30, 0x30, 0x30, 0x30, 0x30,
	0x30, 0x30, 0x30, 0x30, 0x30, 0x30, 0x30, 0x30, 0x30, 0x30, 0x30, 0x30, 0x30, 0x30, 0x30, 0x30,
	0x30, 0x30, 0x30, 0x30, 0x30, 0x30, 0x30, 0x30, 0x30, 0x30, 0x30, 0x30, 0x30, 0x30, 0x30, 0x30,
	0x30, 0x30, 0x30, 0x30, 0x30, 0x30, 0x30, 0x30, 0x30, 0x30, 0x30, 0x30, 0x30, 0x30, 0x30, 0x30,
	0x30, 0x30, 0x30, 0x30, 0x30, 0x30, 0x30, 0x30, 0x30, 0x30, 0x30, 0x30, 0x30, 0x30, 0x30, 0x30,
	0x30, 0x30, 0x30, 0x30, 0x30, 0x30, 0x30, 0x30, 0x30, 0x30, 0x30, 0x30, 0x30, 0x30, 0x30, 0x30,
	0x30, 0x30, 0x30, 0x30, 0x30, 0x30, 0x30, 0x30, 0x30, 0x30, 0x30, 0x30, 0x30, 0x30, 0x30, 0x30,
	0x30, 0x30, 0x30, 0x30, 0x30, 0x30, 0x30, 0x30, 0x30, 0x30, 0x30, 0x30, 0x30, 0x30, 0x30, 0x30,
	0x30, 0x30, 0x30, 0x30, 0x30, 0x30, 0x30, 0x30, 0x30, 0x30, 0x30, 0x30, 0x30, 0x30, 0x30, 0x30,
	0xaf, 0xb6, 0xba, 0xbf, 0x30, 0xc7, 0xce, 0xd6, 0x30, 0x30, 0x30, 0x30, 0x30, 0x30, 0x30, 0x30,
	0x30, 0x30, 0x30, 0x30, 0x30, 0x30, 0x30, 0x30, 0x30, 0x30, 0x30, 0x30, 0x30, 0x30, 0x30, 0x30,
	0x30, 0x30, 0x30, 0x30, 0x30, 0x30, 0x30, 0x30, 0x30, 0x30, 0x30, 0x30, 0x30, 0x30, 0x30, 0x30,
	0x30, 0x30, 0x30, 0x30, 0x30, 0x30, 0x30, 0x30, 0x30, 0x30, 0x30, 0x30, 0x30, 0x30, 0x30, 0x30,
	0x30, 0x30, 0x30, 0x30, 0x30, 0x30, 0x30, 0x30, 0x30, 0x30, 0x30, 0x30, 0x30, 0x30, 0x30, 0x30,
	0x30, 0x30, 0x30, 0x30, 0x30, 0x30, 0x30, 0x30, 0x30, 0x30, 0x30, 0x30, 0x30, 0x30, 0x30, 0x30,
	0x30, 0x30, 0x30, 0x30, 0x30, 0x30, 0x30, 0x30, 0x30, 0x30, 0x30, 0x30, 0x30, 0x30, 0x30, 0x30,
	0x30, 0x30, 0x30, 0x30, 0x30, 0x30, 0x30, 0x30, 0x30, 0x30, 0x30, 0x30, 0x30, 0x30, 0x30, 0x30,
	0x30, 0x30, 0x30, 0x30, 0x30, 0x30, 0x30, 0x30, 0x30, 0x30, 0x30, 0x30, 0x30, 0x30, 0x30, 0x30,
	0x30, 0x30, 0x30, 0x30, 0x30, 0x30, 0x30, 0x30, 0x30, 0x30, 0x30, 0x30, 0x30, 0x30, 0x30, 0x30,
	0x30, 0x30, 0x30, 0x30, 0x30, 0x30, 0x30, 0x30, 0x30, 0x30, 0x30, 0x30, 0x30, 0x30, 0x30, 0x30,
	0x30, 0x30, 0x30, 0x30, 0x30, 0x30, 0x30, 0x30, 0x30, 0x30, 0x30, 0x30, 0x30, 0x30, 0x30, 0x30,
	0x30, 0x30, 0x30, 0x30, 0x30, 0x30, 0x30, 0x30, 0x30, 0x30, 0x30, 0x30, 0x30, 0x30, 0x30, 0x30,
	0x30, 0x30, 0x30, 0x30, 0x30, 0x30, 0x30, 0x30, 0x30, 0x30, 0x30, 0x30, 0x30, 0x30, 0x30, 0x30,
	0x30, 0x30, 0x30, 0x30, 0x30, 0x30, 0x30, 0x30, 0x30, 0x30, 0x30, 0x30, 0x30, 0x30, 0x30, 0x30,
	0x30, 0x30, 0x30, 0x30, 0x30, 0x30, 0x30, 0x30, 0x30, 0x30, 0x30, 0x30, 0x30, 0x30, 0x30, 0x30,
	0x30, 0x30, 0x30, 0x30, 0x30, 0x30, 0x30, 0x30, 0x30, 0x30, 0x30, 0x30, 0x30, 0x30, 0x30, 0x30,
	0x30, 0x30, 0x30, 0x30, 0x30, 0x30, 0x30, 0x30, 0x30, 0x30, 0x30, 0x30, 0x30, 0x30, 0x30, 0x30,
	0x30, 0x30, 0x30, 0x30, 0x30, 0x30, 0x30, 0x30, 0x30, 0x30, 0x30, 0x30, 0x30, 0x30, 0x30, 0x30,
	0x30, 0x30, 0x30, 0x30, 0x30, 0x30, 0x30, 0x30, 0x30, 0x30, 0x30, 0x30, 0x30, 0x30, 0x30, 0x30,
	0x30, 0x30, 0x30, 0x30, 0x30, 0x30, 0x30, 0x30, 0x30, 0x30, 0x30, 0x30, 0x30, 0x30, 0x30, 0x30,
	0x30, 0x30, 0x30, 0x30, 0x30, 0x30, 0x30, 0x30, 0x30, 0x30, 0x30, 0x30, 0x30, 0x30, 0x30, 0x30,
	0x30, 0x30, 0x30, 0x30, 0x30, 0x30, 0x30, 0x30, 0x30, 0x30, 0x30, 0x30, 0x30, 0x30, 0x30, 0x30,
	0x30, 0x30, 0x30, 0x30, 0x30, 0x30, 0x30, 0x30, 0x30, 0x30, 0x30, 0x30, 0x30, 0x30, 0x30, 0x30,
	0x30, 0x30, 0x30, 0x30, 0x30, 0x30, 0x30, 0x30, 0x30, 0x30, 0x30, 0x30, 0x30, 0x30, 0x30, 0x30,
	0x30, 0x30, 0x30, 0x30, 0x30, 0x30, 0x30, 0x30, 0x30, 0x30, 0x30, 0x30, 0x30, 0x30, 0x30, 0x30,
	0x30, 0x30, 0x30, 0x30, 0x30, 0x30, 0x30, 0x30, 0x30, 0x30, 0x30, 0x30, 0x30, 0x30, 0x30, 0x30,
	0x30, 0x30, 0x30, 0x30, 0x30, 0x30, 0x30, 0x30, 0x30, 0x30, 0x30, 0x30, 0x30, 0x30, 0x30, 0x30,
	0x30, 0x30, 0x30, 0x30, 0x30, 0x30, 0x30, 0x30, 0x30, 0x30, 0x30, 0x30, 0x30, 0x30, 0x30, 0x30,
	0x30, 0x30, 0x30, 0x30, 0x30, 0x30, 0x30, 0x30, 0x30, 0x30, 0x30, 0x30, 0x30, 0x30, 0x30, 0x30,
	0x30, 0x30, 0x30, 0x30, 0x30, 0x30, 0x30, 0x30, 0x30, 0x30, 0x30, 0x30, 0x30, 0x30, 0x30, 0x30,
	0x30, 0x30, 0x30, 0x30, 0x30, 0x30, 0x30, 0x30, 0x30, 0x30, 0x30, 0x30, 0x30, 0x30, 0x30, 0x30,
	0x30, 0x30, 0x30, 0x30, 0x30, 0x30, 0x30, 0x30, 0x30, 0x30, 0x30, 0x30, 0x30, 0x30, 0x30, 0x30,
	0x30, 0x30, 0x30, 0x30, 0x30, 0x30, 0x30, 0x30, 0x30, 0x30, 0x30, 0x30, 0x30, 0x30, 0x30, 0x30,
	0x30, 0x30, 0x30, 0x30, 0x30, 0x30, 0x30, 0x30, 0x30, 0x30, 0x30, 0x30, 0x30, 0x30, 0x30, 0x30,
	0x30, 0x30, 0x30, 0x30, 0x30, 0x30, 0x30, 0x30, 0x30, 0x30, 0x30, 0x30, 0x30, 0x30, 0x30, 0x30,
	0x30, 0x30, 0x30, 0x30, 0x30, 0x30, 0x30, 0x30, 0x30, 0x30, 0x30, 0x30, 0x30, 0x30, 0x30, 0x30,
	0x30, 0x30, 0x30, 0x30, 0x30, 0x30, 0x30, 0x30, 0x30, 0x30, 0x30, 0x30, 0x30, 0x30, 0x30, 0x30,
	0x30, 0x30, 0x30, 0x30, 0x30, 0x30, 0x30, 0x30, 0x30, 0x30, 0x30, 0x30, 0x30, 0x30, 0x30, 0x30,
	0x30, 0x30, 0x30, 0x30, 0x30, 0x30, 0x30, 0x30, 0x30, 0x30, 0x30, 0x30, 0x30, 0x30, 0x30, 0x30,
	0x30, 0x30, 0x30, 0x30, 0x30, 0x30, 0x30, 0x30, 0x30, 0x30, 0x30, 0x30, 0x30, 0x30, 0x30, 0x30,
	0x30, 0x30, 0x30, 0x30, 0x30, 0x30, 0x30, 0x30, 0x30, 0x30, 0x30, 0x30, 0x30, 0x30, 0x30, 0x30,
	0x30, 0x30, 0x30, 0x30, 0x30, 0x30, 0x30, 0x30, 0x30, 0x30, 0x30, 0x30, 0x30, 0x30, 0x30, 0x30,
	0x30, 0x30, 0x30, 0x30, 0x30, 0x30, 0x30, 0x30, 0x30, 0x30, 0x30, 0x30, 0x30, 0x30, 0x30, 0x30,
	0x30, 0x30, 0x30, 0x30, 0x30, 0x30, 0x30, 0x30, 0x30, 0x30, 0x30, 0x30, 0x30, 0x30, 0x30, 0x30,
	0x30, 0x30, 0x30, 0x30, 0x30, 0x30, 0x30, 0x30, 0x30, 0x30, 0x30, 0x30, 0x30, 0x30, 0x30, 0x30,
	0x30, 0x30, 0x30, 0x30, 0x30, 0x30, 0x30, 0x30, 0x30, 0x30, 0x30, 0x30, 0x30, 0x30, 0x30, 0x30,
	0x30, 0x30, 0x30, 0x30, 0x30, 0x30, 0x30, 0x30, 0x30, 0x30, 0x30, 0x30, 0x30, 0x30, 0x30, 0x30,
	0x30, 0x30, 0x30, 0x30, 0x30, 0x30, 0x30, 0x30, 0x30, 0x30, 0x30, 0x30, 0x30, 0x30, 0x30, 0x30,
	0x30, 0x30, 0x30, 0x30, 0x30, 0x30, 0x30, 0x30, 0x30, 0x30, 0x30, 0x30, 0x30, 0x30, 0x30, 0x30,
	0x30, 0x30, 0x30, 0x30, 0x30, 0x30, 0x30, 0x30, 0x30, 0x30, 0x30, 0x30, 0x30, 0x30, 0x30, 0x30,
	0x30, 0x30, 0x30, 0x30, 0x30, 0x30, 0x30, 0x30, 0x30, 0x30, 0x30, 0x30, 0x30, 0x30, 0x30, 0x30,
	0x30, 0x30, 0x30, 0x30, 0x30, 0x30, 0x30, 0x30, 0x30, 0x30, 0x30, 0x30, 0x30, 0x30, 0x30, 0x30,
	0x30, 0x30, 0x30, 0x30, 0x30, 0x30, 0x30, 0x30, 0x30, 0x30, 0x30, 0x30, 0x30, 0x30, 0x30, 0x30,
	0x30, 0x30, 0x30, 0x30, 0x30, 0x30, 0x30, 0x30, 0x30, 0x30, 0x30, 0x30, 0x30, 0x30, 0x30, 0x30,
	0x30, 0x30, 0x30, 0x30, 0x30, 0x30, 0x30, 0x30, 0x30, 0x30, 0x30, 0x30, 0x30, 0x30, 0x30, 0x30,
	0x30, 0x30, 0x30, 0x30, 0x30, 0x30, 0x30, 0x30, 0x30, 0x30, 0x30, 0x30, 0x30, 0x30, 0x30, 0x30,
	0x30, 0x30, 0x30, 0x30, 0x30, 0x30, 0x30, 0x30, 0x30, 0x30, 0x30, 0x30, 0x30, 0x30, 0x30, 0x30,
	0x30, 0x30, 0x30, 0x30, 0x30, 0x30, 0x30, 0x30, 0x30, 0x30, 0x30, 0x30, 0x30, 0x30, 0x30, 0x30,
	0x30, 0x30, 0x30, 0x30, 0x30, 0x30, 0x30, 0x30, 0x30, 0x30, 0x30, 0x30, 0x30, 0x30, 0x30, 0x30,
	0x30, 0x30, 0x30, 0x30, 0x30, 0x30, 0x30, 0x30, 0x30, 0x30, 0x30, 0x30, 0x30, 0x30, 0x30, 0x30,
	0x30, 0x30, 0x30, 0x30, 0x30, 0x30, 0x30, 0x30, 0x30, 0x30, 0x30, 0x30, 0x30, 0x30, 0x30, 0x30,
	0x30, 0x30, 0x30, 0x30, 0x30, 0x30, 0x30, 0x30, 0x30, 0x30, 0x30, 0x30, 0x30, 0x30, 0x30, 0x30,
	0x30, 0x30, 0x30, 0x30, 0x30, 0x30, 0x30, 0x30, 0x30, 0x30, 0x30, 0x30, 0x30, 0x30, 0x30, 0x30,
	0x30, 0x30, 0x30, 0x30, 0x30, 0x30, 0x30, 0x30, 0x30, 0x30, 0x30, 0x30, 0x30, 0x30, 0x30, 0x30,
	0x30, 0x30, 0x30, 0x30, 0x30, 0x30, 0x30, 0x30, 0x30, 0x30, 0x30, 0x30, 0x30, 0x30, 0x30, 0x30,
	0x30, 0x30, 0x30, 0x30, 0x30, 0x30, 0x30, 0x30, 0x30, 0x30, 0x30, 0x30, 0x30, 0x30, 0x30, 0x30,
	0x30, 0x30, 0x30, 0x30, 0x30, 0x30, 0x30, 0x30, 0x30, 0x30, 0x30, 0x30, 0x30, 0x30, 0x30, 0x30,
	0x30, 0x30, 0x30, 0x30, 0x30, 0x30, 0x30, 0x30, 0x30, 0x30, 0x30, 0x30, 0x30, 0x30, 0x30, 0x30,
	0x30, 0x30, 0x30, 0x30, 0x30, 0x30, 0x30, 0x30, 0x30, 0x30, 0x30, 0x30, 0x30, 0x30, 0x30, 0x30,
	0x30, 0x30, 0x30, 0x30, 0x30, 0x30, 0x30, 0x30, 0x30, 0x30, 0x30, 0x30, 0x30, 0x30, 0x30, 0x30,
	0xde, 0xde, 0xde, 0xde, 0xde, 0xde, 0xde, 0xde, 0xde, 0xde, 0xde, 0xde, 0xde, 0xde, 0xde, 0xde,
	0xde, 0xde, 0xde, 0xde, 0xde, 0xde, 0xde, 0xde, 0xde, 0xde, 0xde, 0xde, 0xde, 0xde, 0xde, 0xde,
	0xde, 0xde, 0xde, 0xde, 0xde, 0xde, 0xde, 0xde, 0xde, 0xde, 0xde, 0xde, 0xde, 0xde, 0xde, 0xde,
	0xde, 0xde, 0xde, 0xde, 0xde, 0xde, 0xde, 0xde, 0xde, 0xde, 0xde, 0xde, 0xde, 0xde, 0xde, 0xde,
	0xde, 0xde, 0xde, 0xde, 0xde, 0xde, 0xde, 0xde, 0xde, 0xde, 0xde, 0xde, 0xde, 0xde, 0xde, 0xde,
	0xde, 0xde, 0xde, 0xde, 0xde, 0xde, 0xde, 0xde, 0xde, 0xde, 0xde, 0xde, 0xde, 0xde, 0xde, 0xde,
	0xde, 0xde, 0xde, 0xde, 0xde, 0xde, 0xde, 0xde, 0xde, 0xde, 0xde, 0xde, 0xde, 0xde, 0xde, 0xde,
	0xde, 0xde, 0xde, 0xde, 0xde, 0xde, 0xde, 0xde, 0xde, 0xde, 0xde, 0xde, 0xde, 0xde, 0xde, 0xde,
	0xde, 0xde, 0xde, 0xde, 0xde, 0xde, 0xde, 0xde, 0xde, 0xde, 0xde, 0xde, 0xde, 0xde, 0xde, 0xde,
	0xde, 0xde, 0xde, 0xde, 0xde, 0xde, 0xde, 0xde, 0xde, 0xde, 0xde, 0xde, 0xde, 0xde, 0xde, 0xde,
	0xde, 0xde, 0xde, 0xde, 0xde, 0xde, 0xde, 0xde, 0xde, 0xde, 0xde, 0xde, 0xde, 0xde, 0xde, 0xde,
	0xde, 0xde, 0xde, 0xde, 0xde, 0xde, 0xde, 0xde, 0xde, 0xde, 0xde, 0xde, 0xde, 0xde, 0xde, 0xde,
	0xde, 0xde, 0xde, 0xde, 0xde, 0xde, 0xde, 0xde, 0xde, 0xde, 0xde, 0xde, 0xde, 0xde, 0xde, 0xde,
	0xde, 0xde, 0xde, 0xde, 0xde, 0xde, 0xde, 0xde, 0xde, 0xde, 0xde, 0xde, 0xde, 0xde, 0xde, 0xde,
	0xde, 0xde, 0xde, 0xde, 0xde, 0xde, 0xde, 0xde, 0xde, 0xde, 0xde, 0xde, 0xde, 0xde, 0xde, 0xde,
	0xde, 0xde, 0xde, 0xde, 0xde, 0xde, 0xde, 0xde, 0xde, 0xde, 0xde, 0xde, 0xde, 0xde, 0xde, 0xde,
	0xde, 0xde, 0xde, 0xde, 0xde, 0xde, 0xde, 0xde, 0xde, 0xde, 0xde, 0xde, 0xde, 0xde, 0xde, 0xde,
	0xde, 0xde, 0xde, 0xde, 0xde, 0xde, 0xde, 0xde, 0xde, 0xde, 0xde, 0xde, 0xde, 0xde, 0xde, 0xde,
	0xde, 0xde, 0xde, 0xde, 0xde, 0xde, 0xde, 0xde, 0xde, 0xde, 0xde, 0xde, 0xde, 0xde, 0xde, 0xde,
	0xde, 0xde, 0xde, 0xde, 0xde, 0xde, 0xde, 0xde, 0xde, 0xde, 0xde, 0xde, 0xde, 0xde, 0xde, 0xde,
	0xde, 0xde, 0xde, 0xde, 0xde, 0xde, 0xde, 0xde, 0xde, 0xde, 0xde, 0xde, 0xde, 0xde, 0xde, 0xde,
	0xde, 0xde, 0xde, 0xde, 0xde, 0xde, 0xde, 0xde, 0xde, 0xde, 0xde, 0xde, 0xde, 0xa7, 0x30, 0x30,
	0x9f, 0x9f, 0x9f, 0x9f, 0x9f, 0x9f, 0x9f, 0x9f, 0x9f, 0x9f, 0x9f, 0x9f, 0x9f, 0x9f, 0x9f, 0x9f,
	0x9f, 0x9f, 0x9f, 0x9f, 0x9f, 0x9f, 0x9f, 0x9f, 0x9f, 0x9f, 0x9f, 0x9f, 0x9f, 0x9f, 0x9f, 0x9f,
	0x30, 0x30, 0x30, 0x30, 0x30, 0x30, 0x30, 0x30, 0x30, 0x30, 0x30, 0x30, 0x30, 0x30, 0x30, 0x30,
	0x30, 0x30, 0x30, 0x30, 0x30, 0x30, 0x30, 0x30, 0x30, 0x30, 0x30, 0x30, 0x30, 0x30, 0x30, 0x30,
	0x30, 0x30, 0x30, 0x30, 0x30, 0x30, 0x30, 0x30, 0x30, 0x30, 0x30, 0x30, 0x30, 0x30, 0x30, 0x30,
	0x30, 0x30, 0x30, 0x30, 0x30, 0x30, 0x30, 0x30, 0x30, 0x30, 0x30, 0x30, 0x30, 0x30, 0x30, 0x30,
	0x30, 0x30, 0x30, 0x30, 0x30, 0x30, 0x30, 0x30, 0x30, 0x30, 0x30, 0x30, 0x30, 0x30, 0x30, 0x30,
	0x30, 0x30, 0x30, 0x30, 0x30, 0x30, 0x30, 0x30, 0x30, 0x30, 0x30, 0x30, 0x30, 0x30, 0x30, 0x30,
	0x30, 0x30, 0x30, 0x30, 0x30, 0x30, 0x30, 0x30, 0x30, 0x30, 0x30, 0x30, 0x30, 0x30, 0x30, 0x30,
	0x30, 0x30, 0x30, 0x30, 0x30, 0x30, 0x30, 0x30, 0x30, 0x30, 0x30, 0x30, 0x30, 0x30, 0x30, 0x30,
	0x30, 0x30, 0x30, 0x30, 0x30, 0x30, 0x30, 0x30, 0x30, 0x30, 0x30, 0x30, 0x30, 0x30, 0x30, 0x30,
	0x30, 0x30, 0x30, 0x30, 0x30, 0x30, 0x30, 0x30, 0x30, 0x30, 0x30, 0x30, 0x30, 0x30, 0x30, 0x30,
	0x30, 0x30, 0x30, 0x30, 0x30, 0x30, 0x30, 0x30, 0x30, 0x30, 0x30, 0x30, 0x30, 0x30, 0x30, 0x30,
	0x30, 0x30, 0x30, 0x30, 0x30, 0x30, 0x30, 0x30, 0x30, 0x30, 0x30, 0x30, 0x30, 0x30, 0x30, 0x30,
	0x30, 0x30, 0x30, 0x30, 0x30, 0x30, 0x30, 0x30, 0x30, 0x30, 0x30, 0x30, 0x30, 0x30, 0x30, 0x30,
	0x30, 0x30, 0x30, 0x30, 0x30, 0x30, 0x30, 0x30, 0x30, 0x30, 0x30, 0x30, 0x30, 0x30, 0x30, 0x30,
	0x30, 0x30, 0x30, 0x30, 0x30, 0x30, 0x30, 0x30, 0x30, 0x30, 0x30, 0x30, 0x30, 0x30, 0x30, 0x30,
	0x30, 0x30, 0x30, 0x30, 0x30, 0x30, 0x30, 0x30, 0x30, 0x30, 0x30, 0x30, 0x30, 0x30, 0x30, 0x30,
	0x30, 0x30, 0x30, 0x30, 0x30, 0x30, 0x30, 0x30, 0x30, 0x30, 0x30, 0x30, 0x30, 0x30, 0x30, 0x30,
	0x30, 0x30, 0x30, 0x30, 0x30, 0x30, 0x30, 0x30, 0x30, 0x30, 0x30, 0x30, 0x30, 0x30, 0x30, 0x30,
	0x30, 0x30, 0x30, 0x30, 0x30, 0x30, 0x30, 0x30, 0x30, 0x30, 0x30, 0x30, 0x30, 0x30, 0x30, 0x30,
	0x30, 0x30, 0x30, 0x30, 0x30, 0x30, 0x30, 0x30, 0x30, 0x30, 0x30, 0x30, 0x30, 0x30, 0x30, 0x30,
	0x80, 0x80, 0xc0, 0x100, 0x140, 0x178, 0x1ac, 0x1e0, 0x210, 0xc0, 0x23c, 0xc0, 0xc0, 0xc0, 0xc0, 0xc0,
	0xc0, 0xc0, 0xc0, 0xc0, 0xc0, 0xc0, 0xc0, 0xc0, 0xc0, 0xc0, 0xc0, 0xc0, 0xc0, 0xc0, 0xc0, 0xc0
};

static constexpr uint32_t s_coll_toTrieData[924] = {
	0xcb, 0x0, 0x0, 0x0, 0x0, 0x0, 0x0, 0x0,
	0x0, 0x3040505, 0x3060505, 0x3080505, 0x30a0505, 0x30c0505, 0x0, 0x0,
	0x0, 0x0, 0x0, 0x0, 0x0, 0x0, 0x0, 0x0,
	0x0, 0x0, 0x0, 0x0, 0x0, 0x0, 0x0, 0x0,
	0x4000505, 0x75a0505, 0x9760505, 0xa940505, 0xda90505, 0xa960505, 0xa8e0505, 0x9700505,
	0x97c0505, 0x97e0505, 0xa7e0505, 0xc7b0505, 0x6000505, 0x50e0505, 0x8000505, 0xa880505,
	0x2120ca, 0x2141ca, 0x2162ca, 0x2183ca, 0x21a4ca, 0x21c5ca, 0x21e6ca, 0x2207ca,
	0x2228ca, 0x2249ca, 0x7360505, 0x72a0505, 0xc850505, 0xc870505, 0xc890505, 0x7640505,
	0xa7c0505, 0x6c9, 0x2d00059c, 0x2f00059c, 0x3100059c, 0x186c9, 0x3500059c, 0x3700059c,
	0x3900059c, 0x306c9, 0x3d00059c, 0x3f00059c, 0x4100059c, 0x4300059c, 0x480c9, 0xbc6c9,
	0x4900059c, 0x4b00059c, 0x4d00059c, 0x4f00059c, 0x5100059c, 0xda6c9, 0x5500059c, 0x570005a0,
	0x5900059c, 0x5b00059c, 0x5d00059c, 0x9800505, 0xa8a0505, 0x9820505, 0xc0a0505, 0x50a0505,
	0xc040505, 0xf86c9, 0x2d000505, 0x2f000505, 0x31000505, 0x1106c9, 0x35000505, 0x37000505,
	0x39000505, 0x1286c9, 0x3d000505, 0x3f000505, 0x41000505, 0x43000505, 0x1400c9, 0x17c6c9,
	0x49000505, 0x4b000505, 0x4d000505, 0x4f000505, 0x51000505, 0x19a6c9, 0x55000505, 0x57000505,
	0x59000505, 0x5b000505, 0x5d000505, 0x9840505, 0xc8d0505, 0x9860505, 0xc910505, 0x0,
	0xfffd0505, 0xfffd0505, 0xfffd0505, 0xfffd0505, 0xfffd0505, 0xfffd0505, 0xfffd0505, 0xfffd0505,
	0xfffd0505, 0xfffd0505, 0xfffd0505, 0xfffd0505, 0xfffd0505, 0xfffd0505, 0xfffd0505, 0xfffd0505,
	0xfffd0505, 0xfffd0505, 0xfffd0505, 0xfffd0505, 0xfffd0505, 0xfffd0505, 0xfffd0505, 0xfffd0505,
	0xfffd0505, 0xfffd0505, 0xfffd0505, 0xfffd0505, 0xfffd0505, 0xfffd0505, 0xfffd0505, 0xfffd0505,
	0xfffd0505, 0xfffd0505, 0xfffd0505, 0xfffd0505, 0xfffd0505, 0xfffd0505, 0xfffd0505, 0xfffd0505,
	0xfffd0505, 0xfffd0505, 0xfffd0505, 0xfffd0505, 0xfffd0505, 0xfffd0505, 0xfffd0505, 0xfffd0505,
	0xfffd0505, 0xfffd0505, 0xfffd0505, 0xfffd0505, 0xfffd0505, 0xfffd0505, 0xfffd0505, 0xfffd0505,
	0xfffd0505, 0xfffd0505, 0xfffd0505, 0xfffd0505, 0xfffd0505, 0xfffd0505, 0xfffd0505, 0xfffd0505,
	0xc0, 0xc0, 0xc0, 0xc0, 0xc0, 0xc0, 0xc0, 0xc0,
	0xc0, 0xc0, 0xc0, 0xc0, 0xc0, 0xc0, 0xc0, 0xc0,
	0xc0, 0xc0, 0xc0, 0xc0, 0xc0, 0xc0, 0xc0, 0xc0,
	0xc0, 0xc0, 0xc0, 0xc0, 0xc0, 0xc0, 0xc0, 0xc0,
	0xc0, 0xc0, 0xc0, 0xc0, 0xc0, 0xc0, 0xc0, 0xc0,
	0xc0, 0xc0, 0xc0, 0xc0, 0xc0, 0xc0, 0xc0, 0xc0,
	0xc0, 0xc0, 0xc0, 0xc0, 0xc0, 0xc0, 0xc0, 0xc0,
	0xc0, 0xc0, 0xc0, 0xc0, 0xc0, 0xc0, 0xc0, 0xc0,
	0x2b9c8ac4, 0x2b004686, 0x2b9c8ec4, 0x2b9c9ac4, 0x2b9c96c4, 0x2b9c92c4, 0x2062c5, 0x2f9ca0c4,
	0x339c8ac4, 0x33004686, 0x339c8ec4, 0x339c96c4, 0x3b9c8ac4, 0x3b004686, 0x3b9c8ec4, 0x3b9c96c4,
	0x310070a0, 0x459c9ac4, 0x479c8ac4, 0x47004686, 0x479c8ec4, 0x479c9ac4, 0x479c96c4, 0xc830505,
	0x479c9ec4, 0x539c8ac4, 0x53004686, 0x539c8ec4, 0x539c96c4, 0x5b9c88c4, 0x5e2805a0, 0x20a2c5,
	0x2b058ac4, 0x2b004605, 0x2b058ec4, 0x2b059ac4, 0x2b0596c4, 0x2b0592c4, 0x20e2c5, 0x2f05a0c4,
	0x33058ac4, 0x33004605, 0x33058ec4, 0x330596c4, 0x3b058ac4, 0x3b004605, 0x3b058ec4, 0x3b0596c4,
	0x31007005, 0x45059ac4, 0x47058ac4, 0x47004605, 0x47058ec4, 0x47059ac4, 0x470596c4, 0xc810505,
	0x47059ec4, 0x53058ac4, 0x53004605, 0x53058ec4, 0x530596c4, 0x5b0588c4, 0x5e280505, 0x5b0596c4,
	0x2b004786, 0x2b004705, 0xc0, 0xc0, 0x1b86c9, 0x1d06c9, 0xc0, 0xc0,
	0xc0, 0xc0, 0xc0, 0xc0, 0xc0, 0xc0, 0xc0, 0xc0,
	0xc0, 0xc0, 0x33004786, 0x33004705, 0xc0, 0xc0, 0xc0, 0xc0,
	0x1e86c9, 0x2006c9, 0xc0, 0xc0, 0xc0, 0xc0, 0xc0, 0xc0,
	0xc0, 0xc0, 0xc0, 0xc0, 0xc0, 0xc0, 0xc0, 0xc0,
	0xc0, 0xc0, 0x3b004786, 0x3b004705, 0xc0, 0xc0, 0x2186c9, 0x2306c9,
	0xc0, 0xc0, 0xc0, 0xc0, 0xc0, 0xc0, 0xc0, 0xc0,
	0xc0, 0xc0, 0xc0, 0xc0, 0xc0, 0xc0, 0xc0, 0xc0,
	0xc0, 0xc0, 0x46020589, 0x46020508, 0x47004786, 0x47004705, 0xc0, 0xc0,
	0xc0, 0xc0, 0xc0, 0xc0, 0xc0, 0xc0, 0xc0, 0xc0,
	0xc0, 0xc0, 0xc0, 0xc0, 0xc0, 0xc0, 0xc0, 0xc0,
	0xc0, 0xc0, 0xc0, 0xc0, 0xc0, 0xc0, 0xc0, 0xc0,
	0xc0, 0xc0, 0x53004786, 0x53004705, 0xc0, 0xc0, 0xc0, 0xc0,
	0xc0, 0xc0, 0x2486c9, 0x2606c9, 0xc0, 0xc0, 0xc0, 0xc0,
	0xc0, 0xc0, 0xc0, 0xc0, 0xc0, 0xc0, 0xc0, 0xc0,
	0xc0, 0xc0, 0xc0, 0xc0, 0xc0, 0xc0, 0xc0, 0xc0,
	0xc0, 0xc0, 0xc0, 0xc0, 0xc0, 0xc0, 0xc0, 0xc0,
	0xc0, 0xc0, 0xc0, 0xc0, 0x2786c9, 0x2906c9, 0xc0, 0xc0,
	0xc0, 0xc0, 0xc0, 0xc0, 0xc0, 0xc0, 0xc0, 0xc0,
	0xc0, 0xc0, 0xc0, 0x2a86c9, 0x2c06c9, 0xc0, 0xc0, 0xc0,
	0xc0, 0xc0, 0xc0, 0xc0, 0xc0, 0xc0, 0xc0, 0xc0,
	0xc0, 0xc0, 0xc0, 0xc0, 0xc0, 0xc0, 0xc0, 0xc0,
	0xc0, 0xc0, 0xc0, 0xc0, 0xc0, 0xc0, 0xc0, 0xc0,
	0xc0, 0xc0, 0xc0, 0xc0, 0xc0, 0xc0, 0xc0, 0xc0,
	0xc0, 0xc0, 0xc0, 0xc0, 0xc0, 0xc0, 0xc0, 0xc0,
	0xc0, 0xc0, 0x2d86c9, 0x2f06c9, 0xba2c5, 0xc22c5, 0xc0, 0xc0,
	0xc0, 0xc0, 0xc0, 0xc0, 0xc0, 0xc0, 0xc0, 0xc0,
	0xc0, 0xc0, 0xc0, 0xc0, 0xc0, 0xc0, 0xc0, 0xc0,
	0xc0, 0xc0, 0xc0, 0xc0, 0xc0, 0xc0, 0xc0, 0xc0,
	0xc0, 0xc0, 0xc0, 0xc0, 0xc0, 0xc0, 0xc0, 0xc0,
	0xc0, 0xc0, 0xc0, 0xc0, 0xc0, 0xc0, 0xc0, 0xc0,
	0x3086c9, 0x3206c9, 0xc0, 0xc0, 0xc0, 0xc0, 0xc0, 0xc0,
	0xc0, 0xc0, 0xc0, 0xc0, 0xc0, 0xc0, 0xc0, 0xc0,
	0xc0, 0xc0, 0xc0, 0xc0, 0xc0, 0xc0, 0xc0, 0xc0,
	0xc0, 0xc0, 0xc0, 0xc0, 0xc0, 0xc0, 0xc0, 0xc0,
	0xc0, 0xc0, 0xc0, 0xc0, 0xc0, 0xc0, 0xc0, 0xc0,
	0xc0, 0xc0, 0xc0, 0xc0, 0xc0, 0xc0, 0xc0, 0xc0,
	0xc0, 0xc0, 0xc0, 0xc0, 0xc0, 0xc0, 0xc0, 0xc0,
	0xc0, 0xc0, 0xc0, 0xc0, 0xc0, 0xc0, 0xc0, 0x5e020505,
	0xc0, 0x5e020506, 0xc0, 0xc0, 0x1cd, 0x1cd, 0x1cd, 0x1cd,
	0x1cd, 0x1cd, 0x1cd, 0x1cd, 0x1cd, 0x1cd, 0x1cd, 0x1cd,
	0x1cd, 0x1cd, 0x1cd, 0x1cd, 0x1cd, 0x1cd, 0x1cd, 0x1cd,
	0x1cd, 0x1cd, 0x1cd, 0x1cd, 0x1cd, 0x1cd, 0x1cd, 0x1cd,
	0x1cd, 0x1cd, 0x1cd, 0x1cd, 0x1cc, 0x1cc, 0x1cc, 0x1cc,
	0xc0, 0xc0, 0xc0, 0xc0, 0xc0, 0xc0, 0xc0, 0xc0,
	0xc0, 0xc0, 0xc0, 0xc0, 0xc0, 0xc0, 0xc0, 0xc0,
	0xc0, 0xc0, 0xc0, 0xc0, 0xc0, 0xc0, 0xc0, 0xc0,
	0xc0, 0xc0, 0xc0, 0xc0, 0x3386c9, 0x3506c9, 0xc0, 0xc0,
	0xc0, 0xc0, 0xc0, 0xc0, 0xc0, 0xc0, 0xc0, 0xc0,
	0xc0, 0xc0, 0xc0, 0xc0, 0xc0, 0xc0, 0xc0, 0xc0,
	0xe62c5, 0xea2c5, 0xee2c5, 0xf22c5, 0x3686c9, 0x3806c9, 0x3986c9, 0x3b06c9,
	0xc0, 0xc0, 0xc0, 0xc0, 0xc0, 0xc0, 0xc0, 0xc0,
	0xc0, 0xc0, 0xc0, 0xc0, 0x3c86c9, 0x3e06c9, 0xc0, 0xc0,
	0xc0, 0xc0, 0xc0, 0xc0, 0xc0, 0xc0, 0xc0, 0xc0,
	0xc0, 0xc0, 0xc0, 0xc0, 0xc0, 0xc0, 0xc0, 0xc0,
	0x1262c5, 0x12a2c5, 0x12e2c5, 0x1322c5, 0xc0, 0xc0, 0xc0, 0xc0,
	0xc0, 0xc0, 0xc0, 0xc0, 0xc0, 0xc0, 0xc0, 0xc0,
	0xc0, 0xc0, 0xc0, 0xc0, 0xc0, 0xc0, 0x3f86c9, 0x4106c9,
	0x4286c9, 0x4406c9, 0x4586c9, 0x4706c9, 0xc0, 0xc0, 0x1662c5, 0x16a2c5,
	0xc0, 0xc0, 0xc0, 0xc0, 0x4886c9, 0x4a06c9, 0xc0, 0xc0,
	0xc0, 0xc0, 0xc0, 0xc0, 0xc0, 0xc0, 0xc0, 0xc0,
	0xc0, 0xc0, 0xc0, 0xc0, 0xc0, 0xc0, 0xc0, 0xc0,
	0xc0, 0xc0, 0xc0, 0xc0, 0x4b86c9, 0x4d06c9, 0xc0, 0xc0,
	0xc0, 0xc0, 0xc0, 0xc0, 0xc0, 0xc0, 0xc0, 0xc0,
	0xc0, 0xc0, 0x4e86c9, 0x5006c9, 0x5186c9, 0x5306c9, 0xc0, 0xc0,
	0xc0, 0xc0, 0xc0, 0xc0, 0xc0, 0xc0, 0xc0, 0xc0,
	0xc0, 0xc0, 0x962c5, 0x9e2c5, 0xc0, 0xc0, 0xc0, 0xc0,
	0xc0, 0xc0, 0x5486c9, 0x5606c9, 0x5786c9, 0x5906c9, 0xc0, 0xc0,
	0xa62c5, 0xae2c5, 0xc0, 0xc0, 0xc0, 0xc0, 0xc0, 0xc0,
	0x5a86c9, 0x5c06c9, 0xc0, 0xc0, 0xc0, 0xc0, 0xc0, 0xc0,
	0xc0, 0xc0, 0xc0, 0xc0, 0xc0, 0xc0, 0xc0, 0xc0,
	0x1cc, 0x1cc, 0x1cc, 0x1cc, 0x1cc, 0x1cc, 0x1cc, 0x1cc,
	0x1cc, 0x1cc, 0x1cc, 0x1cc, 0x1cc, 0x1cc, 0x1cc, 0x1cc,
	0x1cc, 0x1cc, 0x1cc, 0x1cc, 0x1cc, 0x1cc, 0x1cc, 0x1cc,
	0x1cc, 0x1cc, 0x1cc, 0x1cc, 0x1cc, 0x1cc, 0x1cc, 0x1cc,
	0xc0, 0xc0, 0xc0, 0xc0
};

static constexpr int32_t s_coll_toTrieIndexLength = 2112;
static constexpr int32_t s_coll_toTrieDataLength = 924;
static constexpr char32_t s_coll_toTrieHighStart = 0xe000;
static constexpr int32_t s_coll_toTrieHighValueIndex = 920;

static constexpr uint32_t s_coll_toCe32s[275] = {
	0x0, 0x46020587, 0x8e05, 0x46020546, 0x8e05, 0x46020587, 0x8c05, 0x46020546,
	0x8c05, 0x46020587, 0x9c05, 0x46020546, 0x9c05, 0x46020587, 0xa005, 0x46020546,
	0xa005, 0x46020587, 0x9005, 0x46020546, 0x9005, 0x46020587, 0x8805, 0x46020546,
	0x8805, 0x46020587, 0xa405, 0x46020546, 0xa405, 0x46020505, 0x8e05, 0x46020505,
	0x8c05, 0x46020505, 0x9c05, 0x46020505, 0xa005, 0x46020505, 0x9005, 0x46020505,
	0x8805, 0x46020505, 0xa405, 0x2b004686, 0xa205, 0x2b004786, 0xa205, 0x2b004605,
	0xa205, 0x2b004705, 0xa205, 0x33004686, 0xa205, 0x33004786, 0xa205, 0x33004605,
	0xa205, 0x33004705, 0xa205, 0x3b004686, 0xa205, 0x3b004786, 0xa205, 0x3b004605,
	0xa205, 0x3b004705, 0xa205, 0x53004686, 0xa205, 0x53004786, 0xa205, 0x53004605,
	0xa205, 0x53004705, 0xa205, 0x47004686, 0xbe05, 0x47004786, 0xbe05, 0x47004605,
	0xbe05, 0x47004705, 0xbe05, 0x53004686, 0xbe05, 0x53004786, 0xbe05, 0x53004605,
	0xbe05, 0x53004705, 0xbe05, 0x47004686, 0xa205, 0x47004786, 0xa205, 0x47004605,
	0xa205, 0x47004705, 0xa205, 0x33004686, 0xa005, 0x33004786, 0xa005, 0x33004605,
	0xa005, 0x33004705, 0xa005, 0x2b004686, 0xc805, 0x2b004786, 0xc805, 0x2b004605,
	0xc805, 0x2b004705, 0xc805, 0x33004786, 0x8a05, 0x33004705, 0x8a05, 0x33004786,
	0x8805, 0x33004705, 0x8805, 0x33004686, 0xcc05, 0x33004786, 0xcc05, 0x33004605,
	0xcc05, 0x33004705, 0xcc05, 0x33004686, 0xd005, 0x33004786, 0xd005, 0x33004605,
	0xd005, 0x33004705, 0xd005, 0x3b004686, 0xd005, 0x3b004786, 0xd005, 0x3b004605,
	0xd005, 0x3b004705, 0xd005, 0x47004786, 0x8a05, 0x47004705, 0x8a05, 0x47004786,
	0x8805, 0x47004705, 0x8805, 0x53004686, 0xc605, 0x53004786, 0xc605, 0x53004605,
	0xc605, 0x53004705, 0xc605, 0x53004686, 0xd005, 0x53004786, 0xd005, 0x53004605,
	0xd005, 0x53004705, 0xd005, 0x53004686, 0xcc05, 0x53004786, 0xcc05, 0x53004605,
	0xcc05, 0x53004705, 0xcc05, 0x53004786, 0x9605, 0x53004705, 0x9605, 0x2b004686,
	0xc405, 0x2b004786, 0xc405, 0x2b004605, 0xc405, 0x2b004705, 0xc405, 0x33004686,
	0xc405, 0x33004786, 0xc405, 0x33004605, 0xc405, 0x33004705, 0xc405, 0x3b004686,
	0xc405, 0x3b004786, 0xc405, 0x3b004605, 0xc405, 0x3b004705, 0xc405, 0x47004686,
	0xc405, 0x47004786, 0xc405, 0x47004605, 0xc405, 0x47004705, 0xc405, 0x4700059c,
	0xbe05, 0xc405, 0x47004686, 0xbe05, 0xc405, 0x47004786, 0xbe05, 0xc405,
	0x47000505, 0xbe05, 0xc405, 0x47004605, 0xbe05, 0xc405, 0x47004705, 0xbe05,
	0xc405, 0x53004686, 0xc405, 0x53004786, 0xc405, 0x53004605, 0xc405, 0x53004705,
	0xc405, 0x5300059c, 0xbe05, 0xc405, 0x53004686, 0xbe05, 0xc405, 0x53004786,
	0xbe05, 0xc405, 0x53000505, 0xbe05, 0xc405, 0x53004605, 0xbe05, 0xc405,
	0x53004705, 0xbe05, 0xc405, 0x2b0070a0, 0x330005a2, 0x4f007005, 0x4f000513, 0x2b007005,
	0x33000513, 0x12000505, 0x14000505, 0x16000505, 0x18000505, 0x1a000505, 0x1c000505, 0x1e000505,
	0x20000505, 0x22000505, 0x24000505
};

static constexpr char16_t s_coll_toContexts[748] = {
	0x2b00, 0x59c, 0x2, 0x301, 0xeb00, 0x4686, 0x304, 0xeb00, 0x4786, 0x341, 0xeb00, 0x4686,
	0x3300, 0x59c, 0x2, 0x301, 0xf300, 0x4686, 0x304, 0xf300, 0x4786, 0x341, 0xf300, 0x4686,
	0x3b00, 0x59c, 0x2, 0x301, 0xfb00, 0x4686, 0x304, 0xfb00, 0x4786, 0x341, 0xfb00, 0x4686,
	0x4500, 0x59c, 0xf, 0x122, 0x1a, 0x1f4, 0xc, 0x1f4, 0xc002, 0xa2c5, 0x1f5, 0xc002,
	0xe2c5, 0x1e20, 0xc003, 0x22c5, 0x1e21, 0xc003, 0x62c5, 0x122, 0xc001, 0xa2c5, 0x123, 0xc001,
	0xe2c5, 0x1e6, 0xc002, 0x22c5, 0x1e7, 0xc002, 0x62c5, 0x11e, 0xc, 0x11e, 0xc000, 0xa2c5,
	0x11f, 0xc000, 0xe2c5, 0x120, 0xc001, 0x22c5, 0x121, 0xc001, 0x62c5, 0x47, 0xffff, 0x4602,
	0x587, 0x67, 0xffff, 0x4602, 0x546, 0x11c, 0xa2c5, 0x11d, 0xc000, 0x62c5, 0x4700, 0x59c,
	0x2, 0x301, 0xffff, 0x4700, 0x4686, 0x304, 0xffff, 0x4700, 0x4786, 0x341, 0xffff, 0x4700,
	0x4686, 0x5300, 0x59c, 0x2, 0x301, 0xffff, 0x5300, 0x4686, 0x304, 0xffff, 0x5300, 0x4786,
	0x341, 0xffff, 0x5300, 0x4686, 0x2b00, 0x505, 0x2, 0x301, 0xeb00, 0x4605, 0x304, 0xeb00,
	0x4705, 0x341, 0xeb00, 0x4605, 0x3300, 0x505, 0x2, 0x301, 0xf300, 0x4605, 0x304, 0xf300,
	0x4705, 0x341, 0xf300, 0x4605, 0x3b00, 0x505, 0x2, 0x301, 0xfb00, 0x4605, 0x304, 0xfb00,
	0x4705, 0x341, 0xfb00, 0x4605, 0x4500, 0x505, 0x7, 0x123, 0xc, 0x123, 0xc004, 0x62c5,
	0x1e7, 0xc004, 0xa2c5, 0x1f5, 0xc004, 0xe2c5, 0x1e21, 0xc005, 0x22c5, 0x67, 0xffff, 0x4602,
	0x505, 0x11d, 0xc003, 0xa2c5, 0x11f, 0xc003, 0xe2c5, 0x121, 0xc004, 0x22c5, 0x4700, 0x505,
	0x2, 0x301, 0xffff, 0x4700, 0x4605, 0x304, 0xffff, 0x4700, 0x4705, 0x341, 0xffff, 0x4700,
	0x4605, 0x5300, 0x505, 0x2, 0x301, 0xffff, 0x5300, 0x4605, 0x304, 0xffff, 0x5300, 0x4705,
	0x341, 0xffff, 0x5300, 0x4605, 0x2b9c, 0xa2c4, 0x2, 0x301, 0xc005, 0x62c5, 0x304, 0xc005,
	0xa2c5, 0x341, 0xc005, 0x62c5, 0x2b05, 0xa2c4, 0x2, 0x301, 0xc005, 0xe2c5, 0x304, 0xc006,
	0x22c5, 0x341, 0xc005, 0xe2c5, 0x339c, 0xa2c4, 0x2, 0x301, 0xc006, 0x62c5, 0x304, 0xc006,
	0xa2c5, 0x341, 0xc006, 0x62c5, 0x3305, 0xa2c4, 0x2, 0x301, 0xc006, 0xe2c5, 0x304, 0xc007,
	0x22c5, 0x341, 0xc006, 0xe2c5, 0x3b9c, 0xa2c4, 0x2, 0x301, 0xc007, 0x62c5, 0x304, 0xc007,
	0xa2c5, 0x341, 0xc007, 0x62c5, 0x3b05, 0xa2c4, 0x2, 0x301, 0xc007, 0xe2c5, 0x304, 0xc008,
	0x22c5, 0x341, 0xc007, 0xe2c5, 0x539c, 0xa2c4, 0x2, 0x301, 0xc008, 0x62c5, 0x304, 0xc008,
	0xa2c5, 0x341, 0xc008, 0x62c5, 0x5305, 0xa2c4, 0x2, 0x301, 0xc008, 0xe2c5, 0x304, 0xc009,
	0x22c5, 0x341, 0xc008, 0xe2c5, 0x479c, 0xbec4, 0x2, 0x301, 0xc009, 0x62c5, 0x304, 0xc009,
	0xa2c5, 0x341, 0xc009, 0x62c5, 0x4705, 0xbec4, 0x2, 0x301, 0xc009, 0xe2c5, 0x304, 0xc00a,
	0x22c5, 0x341, 0xc009, 0xe2c5, 0x539c, 0xbec4, 0x2, 0x301, 0xc00a, 0x62c5, 0x304, 0xc00a,
	0xa2c5, 0x341, 0xc00a, 0x62c5, 0x5305, 0xbec4, 0x2, 0x301, 0xc00a, 0xe2c5, 0x304, 0xc00b,
	0x22c5, 0x341, 0xc00a, 0xe2c5, 0x479c, 0xa2c4, 0x2, 0x301, 0xc00b, 0x62c5, 0x304, 0xc00b,
	0xa2c5, 0x341, 0xc00b, 0x62c5, 0x4705, 0xa2c4, 0x2, 0x301, 0xc00b, 0xe2c5, 0x304, 0xc00c,
	0x22c5, 0x341, 0xc00b, 0xe2c5, 0x339c, 0xa0c4, 0x2, 0x301, 0xc00c, 0x62c5, 0x304, 0xc00c,
	0xa2c5, 0x341, 0xc00c, 0x62c5, 0x3305, 0xa0c4, 0x2, 0x301, 0xc00c, 0xe2c5, 0x304, 0xc00d,
	0x22c5, 0x341, 0xc00c, 0xe2c5, 0x2b9c, 0xc8c4, 0x2, 0x301, 0xc00d, 0x62c5, 0x304, 0xc00d,
	0xa2c5, 0x341, 0xc00d, 0x62c5, 0x2b05, 0xc8c4, 0x2, 0x301, 0xc00d, 0xe2c5, 0x304, 0xc00e,
	0x22c5, 0x341, 0xc00d, 0xe2c5, 0x339c, 0xccc4, 0x2, 0x301, 0xc00f, 0x62c5, 0x304, 0xc00f,
	0xa2c5, 0x341, 0xc00f, 0x62c5, 0x3305, 0xccc4, 0x2, 0x301, 0xc00f, 0xe2c5, 0x304, 0xc010,
	0x22c5, 0x341, 0xc00f, 0xe2c5, 0x339c, 0xd0c4, 0x2, 0x301, 0xc010, 0x62c5, 0x304, 0xc010,
	0xa2c5, 0x341, 0xc010, 0x62c5, 0x3305, 0xd0c4, 0x2, 0x301, 0xc010, 0xe2c5, 0x304, 0xc011,
	0x22c5, 0x341, 0xc010, 0xe2c5, 0x3b9c, 0xd0c4, 0x2, 0x301, 0xc011, 0x62c5, 0x304, 0xc011,
	0xa2c5, 0x341, 0xc011, 0x62c5, 0x3b05, 0xd0c4, 0x2, 0x301, 0xc011, 0xe2c5, 0x304, 0xc012,
	0x22c5, 0x341, 0xc011, 0xe2c5, 0x539c, 0xc6c4, 0x2, 0x301, 0xc013, 0x62c5, 0x304, 0xc013,
	0xa2c5, 0x341, 0xc013, 0x62c5, 0x5305, 0xc6c4, 0x2, 0x301, 0xc013, 0xe2c5, 0x304, 0xc014,
	0x22c5, 0x341, 0xc013, 0xe2c5, 0x539c, 0xd0c4, 0x2, 0x301, 0xc014, 0x62c5, 0x304, 0xc014,
	0xa2c5, 0x341, 0xc014, 0x62c5, 0x5305, 0xd0c4, 0x2, 0x301, 0xc014, 0xe2c5, 0x304, 0xc015,
	0x22c5, 0x341, 0xc014, 0xe2c5, 0x539c, 0xccc4, 0x2, 0x301, 0xc015, 0x62c5, 0x304, 0xc015,
	0xa2c5, 0x341, 0xc015, 0x62c5, 0x5305, 0xccc4, 0x2, 0x301, 0xc015, 0xe2c5, 0x304, 0xc016,
	0x22c5, 0x341, 0xc015, 0xe2c5, 0x2b9c, 0xc4c4, 0x2, 0x301, 0xc016, 0xe2c5, 0x304, 0xc017,
	0x22c5, 0x341, 0xc016, 0xe2c5, 0x2b05, 0xc4c4, 0x2, 0x301, 0xc017, 0x62c5, 0x304, 0xc017,
	0xa2c5, 0x341, 0xc017, 0x62c5, 0x339c, 0xc4c4, 0x2, 0x301, 0xc017, 0xe2c5, 0x304, 0xc018,
	0x22c5, 0x341, 0xc017, 0xe2c5, 0x3305, 0xc4c4, 0x2, 0x301, 0xc018, 0x62c5, 0x304, 0xc018,
	0xa2c5, 0x341, 0xc018, 0x62c5, 0x3b9c, 0xc4c4, 0x2, 0x301, 0xc018, 0xe2c5, 0x304, 0xc019,
	0x22c5, 0x341, 0xc018, 0xe2c5, 0x3b05, 0xc4c4, 0x2, 0x301, 0xc019, 0x62c5, 0x304, 0xc019,
	0xa2c5, 0x341, 0xc019, 0x62c5, 0x479c, 0xc4c4, 0x2, 0x301, 0xc019, 0xe2c5, 0x304, 0xc01a,
	0x22c5, 0x341, 0xc019, 0xe2c5, 0x4705, 0xc4c4, 0x2, 0x301, 0xc01a, 0x62c5, 0x304, 0xc01a,
	0xa2c5, 0x341, 0xc01a, 0x62c5, 0x1a, 0xe3c5, 0x2, 0x301, 0xc01b, 0x43c5, 0x304, 0xc01b,
	0xa3c5, 0x341, 0xc01b, 0x43c5, 0x1c, 0x3c5, 0x2, 0x301, 0xc01c, 0x63c5, 0x304, 0xc01c,
	0xc3c5, 0x341, 0xc01c, 0x63c5, 0x539c, 0xc4c4, 0x2, 0x301, 0xc01d, 0x22c5, 0x304, 0xc01d,
	0x62c5, 0x341, 0xc01d, 0x22c5, 0x5305, 0xc4c4, 0x2, 0x301, 0xc01d, 0xa2c5, 0x304, 0xc01d,
	0xe2c5, 0x341, 0xc01d, 0xa2c5, 0x1e, 0x23c5, 0x2, 0x301, 0xc01e, 0x83c5, 0x304, 0xc01e,
	0xe3c5, 0x341, 0xc01e, 0x83c5, 0x1f, 0x43c5, 0x2, 0x301, 0xc01f, 0xa3c5, 0x304, 0xc020,
	0x3c5, 0x341, 0xc01f, 0xa3c5
};

static constexpr uint16_t s_coll_toFastLatin[550] = {
	0x205, 0xc40, 0xde0, 0xe80, 0xea8, 0x418, 0x0, 0x0, 0x0, 0x0, 0x0, 0x0,
	0x0, 0x0, 0xc00, 0xc08, 0xc10, 0xc18, 0xc20, 0x0, 0x0, 0x0, 0x0, 0x0,
	0x0, 0x0, 0x0, 0x0, 0x0, 0x0, 0x0, 0x0, 0x0, 0x0, 0x0, 0x0,
	0x0, 0xc40, 0xca8, 0xcf0, 0xd78, 0xe98, 0xd80, 0xd70, 0xcd8, 0xd08, 0xd10, 0xd58,
	0xe30, 0xc90, 0xc60, 0xcd0, 0xd60, 0x10a8, 0x14a8, 0x18a8, 0x1ca8, 0x20a8, 0x24a8, 0x28a8,
	0x2ca8, 0x30a8, 0x34a8, 0xca0, 0xc98, 0xe50, 0xe58, 0xe60, 0xcb8, 0xd50, 0x41a, 0x3cb9,
	0x40b9, 0x44b9, 0x41c, 0x4cb9, 0x50b9, 0x54b9, 0x41e, 0x60ba, 0x64b9, 0x68b9, 0x6cb9, 0x420,
	0x436, 0x7cb9, 0x80b9, 0x88b9, 0x8cba, 0x90b9, 0x438, 0x9cb9, 0xa0b9, 0xa4b9, 0xa8b9, 0xacb9,
	0xd18, 0xd68, 0xd20, 0xdf8, 0xc50, 0xde8, 0x43a, 0x3ca8, 0x40a8, 0x44a8, 0x43c, 0x4ca8,
	0x50a8, 0x54a8, 0x43e, 0x60a8, 0x64a8, 0x68a8, 0x6ca8, 0x440, 0x44c, 0x7ca8, 0x80a8, 0x88a8,
	0x8ca8, 0x90a8, 0x44e, 0x9ca8, 0xa0a8, 0xa4a8, 0xa8a8, 0xaca8, 0xd28, 0xe70, 0xd30, 0xe80,
	0x0, 0x0, 0x0, 0x0, 0x0, 0x0, 0xc28, 0x0, 0x0, 0x0, 0x0, 0x0,
	0x0, 0x0, 0x0, 0x0, 0x0, 0x0, 0x0, 0x0, 0x0, 0x0, 0x0, 0x0,
	0x0, 0x0, 0x0, 0x0, 0x0, 0x0, 0x0, 0x0, 0x0, 0xc42, 0xcb0, 0xe90,
	0xea0, 0xe88, 0xea8, 0xe78, 0xd40, 0xe08, 0xe20, 0x38aa, 0xcf8, 0xe68, 0x0, 0xe28,
	0xe00, 0xe18, 0xe38, 0x18a9, 0x1ca9, 0xdf0, 0x1, 0xd48, 0x1, 0xe10, 0x14a9, 0x78aa,
	0xd00, 0x1, 0x1, 0x1, 0xcc0, 0x39b9, 0x38d9, 0x39f9, 0x3a99, 0x3a59, 0x3a39, 0x800,
	0x42f9, 0x49ba, 0x48d9, 0x49fa, 0x4a5a, 0x59ba, 0x58d9, 0x59fa, 0x5a5a, 0x44d9, 0x729a, 0x79b9,
	0x78d9, 0x79f9, 0x7a99, 0x7a59, 0xe48, 0x7ad9, 0x99b9, 0x98d9, 0x99f9, 0x9a59, 0xa999, 0xb0b9,
	0x802, 0x39a8, 0x38c8, 0x39e8, 0x3a88, 0x3a48, 0x3a28, 0x804, 0x42e8, 0x49a8, 0x48c8, 0x49e8,
	0x4a48, 0x59a8, 0x58c8, 0x59e8, 0x5a48, 0x44c8, 0x7288, 0x79a8, 0x78c8, 0x79e8, 0x7a88, 0x7a48,
	0xe40, 0x7ac8, 0x99a8, 0x98c8, 0x99e8, 0x9a48, 0xa988, 0xb0a8, 0xaa48, 0x38f9, 0x38e8, 0x39d9,
	0x39c8, 0x450, 0x452, 0x4199, 0x4188, 0x41f9, 0x41e8, 0x42b9, 0x42a8, 0x4219, 0x4208, 0x4619,
	0x4608, 0x4739, 0x4728, 0x48f9, 0x48e8, 0x49da, 0x49c8, 0x4aba, 0x4aa8, 0x454, 0x456, 0x4a1a,
	0x4a08, 0x51f9, 0x51e8, 0x51d9, 0x51c8, 0x52b9, 0x52a8, 0x52f9, 0x52e8, 0x55f9, 0x55e8, 0x5739,
	0x5728, 0x5a9a, 0x5a88, 0x58f9, 0x58e8, 0x59da, 0x59c8, 0x458, 0x45a, 0x5aba, 0x5ca8, 0x806,
	0x808, 0x61fa, 0x61e8, 0x66f9, 0x66e8, 0x84a8, 0x6999, 0x6988, 0x6af9, 0x6ae8, 0x6a19, 0x6a08,
	0x6b59, 0x6b48, 0x6b39, 0x6b28, 0x719a, 0x7188, 0x72fa, 0x72e8, 0x721a, 0x7208, 0x80a, 0x74bc,
	0x74ab, 0x78f9, 0x78e8, 0x79d9, 0x79c8, 0x7a79, 0x7a68, 0x80c, 0x80e, 0x8999, 0x8988, 0x8af9,
	0x8ae8, 0x8a19, 0x8a08, 0x8d9a, 0x8d88, 0x8dfa, 0x8de8, 0x8efa, 0x8ee8, 0x8e1a, 0x8e08, 0x92f9,
	0x92e8, 0x9219, 0x9208, 0x94b9, 0x94a8, 0x9a99, 0x9a88, 0x98f9, 0x98e8, 0x99d9, 0x99c8, 0x9a39,
	0x9a28, 0x9a79, 0x9a68, 0x45c, 0x45e, 0xa1f9, 0xa1e8, 0xa9f9, 0xa9e8, 0xaa59, 0xad99, 0xad88,
	0xaeb9, 0xaea8, 0xae19, 0xae08, 0x8ce8, 0xc41, 0xc41, 0xc41, 0xc41, 0xc41, 0xc41, 0xc41,
	0xc42, 0xc41, 0xc41, 0xc41, 0x0, 0x0, 0x0, 0x0, 0x0, 0xc68, 0xc69, 0xc70,
	0xc78, 0xc80, 0xc88, 0xd38, 0xc58, 0x1, 0x1, 0x1, 0x1, 0x1, 0x1, 0x1,
	0x1, 0xd98, 0xda0, 0xda8, 0xdb0, 0xcd1, 0x810, 0x1, 0xdb8, 0xc30, 0xc38, 0x0,
	0x0, 0x0, 0x0, 0x0, 0xc42, 0xd88, 0xd90, 0xdc0, 0x812, 0x1, 0xdc8, 0x814,
	0x1, 0xdd0, 0xce0, 0xce8, 0xdd8, 0x816, 0xcc8, 0xc48, 0xde0, 0x3919, 0x48bb, 0x8cc8,
	0x8ca9, 0x3908, 0x48a9, 0x58bb, 0x60bb, 0x58a9, 0x60a9, 0xb4a9, 0x70a9, 0x7919, 0x48bb, 0x7908,
	0x48a9, 0xcd1, 0xcd1, 0xdc1, 0xdc1, 0xdc9, 0xdc9, 0xca9, 0xca9, 0x5ff, 0x0, 0x5ff,
	0x38b9, 0x5ff, 0x48ba, 0x5ff, 0x58ba, 0x5ff, 0x70ba, 0x447, 0x74ba, 0x467, 0x74b1, 0x51c,
	0x75fa, 0x51d, 0x75f1, 0x51e, 0x75da, 0x51f, 0x75d1, 0x520, 0x76ba, 0x521, 0x76b1, 0x522,
	0x76fa, 0x523, 0x76f1, 0x5ff, 0x78b9, 0x5ff, 0x98b9, 0x5ff, 0x38a8, 0x5ff, 0x48a8, 0x5ff,
	0x58a8, 0x5ff, 0x70a8, 0x467, 0x74a8, 0x51d, 0x75e8, 0x51f, 0x75c8, 0x521, 0x76a8, 0x523,
	0x76e8, 0x5ff, 0x78a8, 0x5ff, 0x98a8, 0x5ff, 0x3b19, 0x5ff, 0x3b08, 0x5ff, 0x4b1a, 0x5ff,
	0x4b08, 0x5ff, 0x5b1a, 0x5ff, 0x5b08, 0x5ff, 0x9b19, 0x5ff, 0x9b08, 0x1ff
};

static constexpr uint16_t s_coll_toFastLatinPrimaries[384] = {
	0x0, 0x0, 0x0, 0x0, 0x0, 0x0, 0x0, 0x0, 0x0, 0xc00, 0xc08, 0xc10,
	0xc18, 0xc20, 0x0, 0x0, 0x0, 0x0, 0x0, 0x0, 0x0, 0x0, 0x0, 0x0,
	0x0, 0x0, 0x0, 0x0, 0x0, 0x0, 0x0, 0x0, 0xc40, 0xca8, 0xcf0, 0xd78,
	0xe98, 0xd80, 0xd70, 0xcd8, 0xd08, 0xd10, 0xd58, 0xe30, 0xc90, 0xc60, 0xcd0, 0xd60,
	0x1000, 0x1400, 0x1800, 0x1c00, 0x2000, 0x2400, 0x2800, 0x2c00, 0x3000, 0x3400, 0xca0, 0xc98,
	0xe50, 0xe58, 0xe60, 0xcb8, 0xd50, 0x0, 0x3c00, 0x4000, 0x4400, 0x0, 0x4c00, 0x5000,
	0x5400, 0x0, 0x6000, 0x6400, 0x6800, 0x6c00, 0x0, 0x0, 0x7c00, 0x8000, 0x8800, 0x8c00,
	0x9000, 0x0, 0x9c00, 0xa000, 0xa400, 0xa800, 0xac00, 0xd18, 0xd68, 0xd20, 0xdf8, 0xc50,
	0xde8, 0x0, 0x3c00, 0x4000, 0x4400, 0x0, 0x4c00, 0x5000, 0x5400, 0x0, 0x6000, 0x6400,
	0x6800, 0x6c00, 0x0, 0x0, 0x7c00, 0x8000, 0x8800, 0x8c00, 0x9000, 0x0, 0x9c00, 0xa000,
	0xa400, 0xa800, 0xac00, 0xd28, 0xe70, 0xd30, 0xe80, 0x0, 0x0, 0x0, 0x0, 0x0,
	0x0, 0xc28, 0x0, 0x0, 0x0, 0x0, 0x0, 0x0, 0x0, 0x0, 0x0, 0x0,
	0x0, 0x0, 0x0, 0x0, 0x0, 0x0, 0x0, 0x0, 0x0, 0x0, 0x0, 0x0,
	0x0, 0x0, 0x0, 0x0, 0xc40, 0xcb0, 0xe90, 0xea0, 0xe88, 0xea8, 0xe78, 0xd40,
	0xe08, 0xe20, 0x3800, 0xcf8, 0xe68, 0x0, 0xe28, 0xe00, 0xe18, 0xe38, 0x1800, 0x1c00,
	0xdf0, 0x0, 0xd48, 0x0, 0xe10, 0x1400, 0x7800, 0xd00, 0x0, 0x0, 0x0, 0xcc0,
	0x3800, 0x3800, 0x3800, 0x3800, 0x3800, 0x3800, 0x0, 0x4000, 0x4800, 0x4800, 0x4800, 0x4800,
	0x5800, 0x5800, 0x5800, 0x5800, 0x4400, 0x7000, 0x7800, 0x7800, 0x7800, 0x7800, 0x7800, 0xe48,
	0x7800, 0x9800, 0x9800, 0x9800, 0x9800, 0xa800, 0xb000, 0x0, 0x3800, 0x3800, 0x3800, 0x3800,
	0x3800, 0x3800, 0x0, 0x4000, 0x4800, 0x4800, 0x4800, 0x4800, 0x5800, 0x5800, 0x5800, 0x5800,
	0x4400, 0x7000, 0x7800, 0x7800, 0x7800, 0x7800, 0x7800, 0xe40, 0x7800, 0x9800, 0x9800, 0x9800,
	0x9800, 0xa800, 0xb000, 0xa800, 0x3800, 0x3800, 0x3800, 0x3800, 0x0, 0x0, 0x4000, 0x4000,
	0x4000, 0x4000, 0x4000, 0x4000, 0x4000, 0x4000, 0x4400, 0x4400, 0x4400, 0x4400, 0x4800, 0x4800,
	0x4800, 0x4800, 0x4800, 0x4800, 0x0, 0x0, 0x4800, 0x4800, 0x5000, 0x5000, 0x5000, 0x5000,
	0x5000, 0x5000, 0x5000, 0x5000, 0x5400, 0x5400, 0x5400, 0x5400, 0x5800, 0x5800, 0x5800, 0x5800,
	0x5800, 0x5800, 0x0, 0x0, 0x5800, 0x5c00, 0x0, 0x0, 0x6000, 0x6000, 0x6400, 0x6400,
	0x8400, 0x6800, 0x6800, 0x6800, 0x6800, 0x6800, 0x6800, 0x6800, 0x6800, 0x6800, 0x6800, 0x7000,
	0x7000, 0x7000, 0x7000, 0x7000, 0x7000, 0x0, 0x7400, 0x7400, 0x7800, 0x7800, 0x7800, 0x7800,
	0x7800, 0x7800, 0x0, 0x0, 0x8800, 0x8800, 0x8800, 0x8800, 0x8800, 0x8800, 0x8c00, 0x8c00,
	0x8c00, 0x8c00, 0x8c00, 0x8c00, 0x8c00, 0x8c00, 0x9000, 0x9000, 0x9000, 0x9000, 0x9400, 0x9400,
	0x9800, 0x9800, 0x9800, 0x9800, 0x9800, 0x9800, 0x9800, 0x9800, 0x9800, 0x9800, 0x0, 0x0,
	0xa000, 0xa000, 0xa800, 0xa800, 0xa800, 0xac00, 0xac00, 0xac00, 0xac00, 0xac00, 0xac00, 0x8c00
};

static constexpr int32_t s_coll_toFastLatinMiniVarTop = 0xbff;

static constexpr uint32_t s_coll_toNumericPrimary = 0x10000000;
static constexpr int32_t s_coll_toOptions = 0x2010;
static constexpr int32_t s_coll_toJamoCe32sStart = -1;

static constexpr uint32_t s_coll_toUnsafeBwd[854] = {
	0x34, 0x35, 0x47, 0x48, 0x4c, 0x4d, 0x67, 0x68, 0xa0, 0xa1, 0x11c, 0x124,
	0x1e6, 0x1e8, 0x1f4, 0x1f6, 0x300, 0x34f, 0x350, 0x370, 0x3a9, 0x3aa, 0x3e2, 0x3e3,
	0x42f, 0x430, 0x483, 0x488, 0x531, 0x532, 0x591, 0x5be, 0x5bf, 0x5c0, 0x5c1, 0x5c3,
	0x5c4, 0x5c6, 0x5c7, 0x5c8, 0x5d0, 0x5d1, 0x610, 0x61b, 0x628, 0x629, 0x64b, 0x660,
	0x670, 0x671, 0x6d6, 0x6dd, 0x6df, 0x6e5, 0x6e7, 0x6e9, 0x6ea, 0x6ee, 0x710, 0x712,
	0x730, 0x74b, 0x78c, 0x78d, 0x7ca, 0x7cb, 0x7eb, 0x7f4, 0x7fd, 0x7fe, 0x800, 0x801,
	0x816, 0x81a, 0x81b, 0x824, 0x825, 0x828, 0x829, 0x82e, 0x840, 0x841, 0x859, 0x85c,
	0x897, 0x8a0, 0x8ca, 0x8e2, 0x8e3, 0x900, 0x905, 0x906, 0x93c, 0x93d, 0x94d, 0x94e,
	0x951, 0x955, 0x995, 0x996, 0x9bc, 0x9bd, 0x9be, 0x9bf, 0x9cd, 0x9ce, 0x9d7, 0x9d8,
	0x9fe, 0x9ff, 0xa15, 0xa16, 0xa3c, 0xa3d, 0xa4d, 0xa4e, 0xa95, 0xa96, 0xabc, 0xabd,
	0xacd, 0xace, 0xb15, 0xb16, 0xb3c, 0xb3d, 0xb3e, 0xb3f, 0xb4d, 0xb4e, 0xb56, 0xb58,
	0xb95, 0xb96, 0xbbe, 0xbbf, 0xbcd, 0xbce, 0xbd7, 0xbd8, 0xc15, 0xc16, 0xc3c, 0xc3d,
	0xc4d, 0xc4e, 0xc55, 0xc57, 0xc95, 0xc96, 0xcbc, 0xcbd, 0xcc2, 0xcc3, 0xccd, 0xcce,
	0xcd5, 0xcd7, 0xd15, 0xd16, 0xd3b, 0xd3d, 0xd3e, 0xd3f, 0xd4d, 0xd4e, 0xd57, 0xd58,
	0xd85, 0xd86, 0xdca, 0xdcb, 0xdcf, 0xdd0, 0xddf, 0xde0, 0xe01, 0xe2f, 0xe32, 0xe33,
	0xe38, 0xe3b, 0xe48, 0xe4c, 0xe81, 0xe83, 0xe84, 0xe85, 0xe86, 0xe8b, 0xe8c, 0xea4,
	0xea5, 0xea6, 0xea7, 0xeaf, 0xeb2, 0xeb3, 0xeb8, 0xebb, 0xec8, 0xecc, 0xedc, 0xee0,
	0xf18, 0xf1a, 0xf35, 0xf36, 0xf37, 0xf38, 0xf39, 0xf3a, 0xf40, 0xf41, 0xf71, 0xf76,
	0xf7a, 0xf7e, 0xf80, 0xf85, 0xf86, 0xf88, 0xfc6, 0xfc7, 0x1000, 0x1001, 0x102e, 0x102f,
	0x1037, 0x1038, 0x1039, 0x103b, 0x108d, 0x108e, 0x10d3, 0x10d4, 0x12a0, 0x12a1, 0x135d, 0x1360,
	0x13c4, 0x13c5, 0x14c0, 0x14c1, 0x168f, 0x1690, 0x16a0, 0x16a1, 0x1703, 0x1704, 0x1714, 0x1716,
	0x1723, 0x1724, 0x1734, 0x1735, 0x1743, 0x1744, 0x1763, 0x1764, 0x1780, 0x1781, 0x17d2, 0x17d3,
	0x17dd, 0x17de, 0x1826, 0x1827, 0x18a9, 0x18aa, 0x1900, 0x1901, 0x1939, 0x193c, 0x1950, 0x1951,
	0x1980, 0x19ac, 0x1a00, 0x1a01, 0x1a17, 0x1a19, 0x1a20, 0x1a21, 0x1a60, 0x1a61, 0x1a75, 0x1a7d,
	0x1a7f, 0x1a80, 0x1ab0, 0x1abe, 0x1abf, 0x1ade, 0x1ae0, 0x1aec, 0x1b05, 0x1b06, 0x1b34, 0x1b36,
	0x1b44, 0x1b45, 0x1b6b, 0x1b74, 0x1b83, 0x1b84, 0x1baa, 0x1bac, 0x1bc0, 0x1bc1, 0x1be6, 0x1be7,
	0x1bf2, 0x1bf4, 0x1c00, 0x1c01, 0x1c37, 0x1c38, 0x1c5a, 0x1c5b, 0x1cd0, 0x1cd3, 0x1cd4, 0x1ce1,
	0x1ce2, 0x1ce9, 0x1ced, 0x1cee, 0x1cf4, 0x1cf5, 0x1cf8, 0x1cfa, 0x1dc0, 0x1e00, 0x1e20, 0x1e22,
	0x201c, 0x201d, 0x20ac, 0x20ad, 0x20d0, 0x20dd, 0x20e1, 0x20e2, 0x20e5, 0x20f1, 0x263a, 0x263b,
	0x2c00, 0x2c01, 0x2cef, 0x2cf2, 0x2d30, 0x2d31, 0x2d7f, 0x2d80, 0x2de0, 0x2e00, 0x302a, 0x3030,
	0x304b, 0x304c, 0x3099, 0x309b, 0x30ab, 0x30ac, 0x3105, 0x3106, 0x5b57, 0x5b58, 0xa288, 0xa289,
	0xa4d0, 0xa4d1, 0xa549, 0xa54a, 0xa66f, 0xa670, 0xa674, 0xa67e, 0xa69e, 0xa6a1, 0xa6f0, 0xa6f2,
	0xa800, 0xa801, 0xa806, 0xa807, 0xa82c, 0xa82d, 0xa840, 0xa841, 0xa882, 0xa883, 0xa8c4, 0xa8c5,
	0xa8e0, 0xa8f2, 0xa90a, 0xa90b, 0xa92b, 0xa92e, 0xa930, 0xa931, 0xa953, 0xa954, 0xa984, 0xa985,
	0xa9b3, 0xa9b4, 0xa9c0, 0xa9c1, 0xaa00, 0xaa01, 0xaa80, 0xaab1, 0xaab2, 0xaab5, 0xaab7, 0xaab9,
	0xaabe, 0xaac0, 0xaac1, 0xaac2, 0xaaf6, 0xaaf7, 0xabc0, 0xabc1, 0xabed, 0xabee, 0xac00, 0xac01,
	0xd800, 0xd809, 0xd80b, 0xd80d, 0xd811, 0xd812, 0xd818, 0xd819, 0xd81a, 0xd81c, 0xd820, 0xd821,
	0xd823, 0xd824, 0xd82c, 0xd82d, 0xd82f, 0xd830, 0xd834, 0xd835, 0xd838, 0xd83b, 0xdc00, 0xe000,
	0xfb1e, 0xfb1f, 0xfdd0, 0xfdd1, 0xfe20, 0xfe30, 0x10000, 0x10001, 0x101fd, 0x101fe, 0x10280, 0x10281,
	0x102a0, 0x102a1, 0x102e0, 0x102e1, 0x10300, 0x10301, 0x10330, 0x10331, 0x1036b, 0x1036c, 0x10376, 0x1037b,
	0x10380, 0x10381, 0x103a0, 0x103a1, 0x10414, 0x10415, 0x10450, 0x10451, 0x10480, 0x10481, 0x104b5, 0x104b6,
	0x10500, 0x10501, 0x10537, 0x10538, 0x10582, 0x10583, 0x105c2, 0x105c3, 0x10647, 0x10648, 0x10800, 0x10801,
	0x10840, 0x10841, 0x10873, 0x10874, 0x10896, 0x10897, 0x108f4, 0x108f5, 0x10900, 0x10901, 0x10920, 0x10921,
	0x10950, 0x10951, 0x10980, 0x10981, 0x109a0, 0x109a1, 0x10a00, 0x10a01, 0x10a0d, 0x10a0e, 0x10a0f, 0x10a10,
	0x10a38, 0x10a3b, 0x10a3f, 0x10a40, 0x10a60, 0x10a61, 0x10a95, 0x10a96, 0x10ad8, 0x10ad9, 0x10ae5, 0x10ae7,
	0x10b00, 0x10b01, 0x10b40, 0x10b41, 0x10b60, 0x10b61, 0x10b8f, 0x10b90, 0x10c00, 0x10c01, 0x10ca1, 0x10ca2,
	0x10d12, 0x10d13, 0x10d24, 0x10d28, 0x10d5d, 0x10d5e, 0x10d69, 0x10d6e, 0x10e88, 0x10e89, 0x10eab, 0x10ead,
	0x10efa, 0x10efc, 0x10efd, 0x10f00, 0x10f19, 0x10f1a, 0x10f42, 0x10f43, 0x10f46, 0x10f51, 0x10f7c, 0x10f7d,
	0x10f82, 0x10f86, 0x10fbf, 0x10fc0, 0x10ff1, 0x10ff2, 0x11005, 0x11006, 0x11046, 0x11047, 0x11070, 0x11071,
	0x1107f, 0x11080, 0x11083, 0x11084, 0x110b9, 0x110bb, 0x110d0, 0x110d1, 0x11100, 0x11104, 0x11127, 0x11128,
	0x11133, 0x11135, 0x11152, 0x11153, 0x11173, 0x11174, 0x11183, 0x11184, 0x111c0, 0x111c1, 0x111ca, 0x111cb,
	0x11208, 0x11209, 0x11235, 0x11237, 0x1128f, 0x11290, 0x112be, 0x112bf, 0x112e9, 0x112eb, 0x11315, 0x11316,
	0x1133b, 0x1133d, 0x1133e, 0x1133f, 0x1134d, 0x1134e, 0x11357, 0x11358, 0x11366, 0x1136d, 0x11370, 0x11375,
	0x11392, 0x11393, 0x113b8, 0x113b9, 0x113bb, 0x113bc, 0x113c2, 0x113c3, 0x113c9, 0x113ca, 0x113ce, 0x113d1,
	0x11412, 0x11413, 0x11442, 0x11443, 0x11446, 0x11447, 0x1145e, 0x1145f, 0x11484, 0x11485, 0x114b0, 0x114b1,
	0x114ba, 0x114bb, 0x114bd, 0x114be, 0x114c2, 0x114c4, 0x1158e, 0x1158f, 0x115af, 0x115b0, 0x115bf, 0x115c1,
	0x1160e, 0x1160f, 0x1163f, 0x11640, 0x11680, 0x11681, 0x116b6, 0x116b8, 0x11717, 0x11718, 0x1172b, 0x1172c,
	0x1180b, 0x1180c, 0x11839, 0x1183b, 0x118b4, 0x118b5, 0x1190c, 0x1190d, 0x11930, 0x11931, 0x1193d, 0x1193f,
	0x11943, 0x11944, 0x119ce, 0x119cf, 0x119e0, 0x119e1, 0x11a0b, 0x11a0c, 0x11a34, 0x11a35, 0x11a47, 0x11a48,
	0x11a5c, 0x11a5d, 0x11a99, 0x11a9a, 0x11ac0, 0x11ac1, 0x11bc4, 0x11bc5, 0x11c0e, 0x11c0f, 0x11c3f, 0x11c40,
	0x11c72, 0x11c73, 0x11d10, 0x11d11, 0x11d42, 0x11d43, 0x11d44, 0x11d46, 0x11d71, 0x11d72, 0x11d97, 0x11d98,
	0x11dc6, 0x11dc7, 0x11ee5, 0x11ee6, 0x11f1b, 0x11f1c, 0x11f41, 0x11f43, 0x12000, 0x12001, 0x12fe5, 0x12fe6,
	0x13153, 0x13154, 0x14400, 0x14401, 0x1611c, 0x1611d, 0x1611e, 0x16121, 0x16123, 0x16126, 0x16129, 0x1612a,
	0x1612f, 0x16130, 0x16a4f, 0x16a50, 0x16abc, 0x16abd, 0x16ae6, 0x16ae7, 0x16af0, 0x16af5, 0x16b1c, 0x16b1d,
	0x16b30, 0x16b37, 0x16d45, 0x16d46, 0x16d67, 0x16d69, 0x16e40, 0x16e41, 0x16ea1, 0x16ea2, 0x16f00, 0x16f01,
	0x16ff0, 0x16ff2, 0x18229, 0x1822a, 0x18c65, 0x18c66, 0x1b1c4, 0x1b1c5, 0x1bc20, 0x1bc21, 0x1bc9e, 0x1bc9f,
	0x1d165, 0x1d16a, 0x1d16d, 0x1d173, 0x1d17b, 0x1d183, 0x1d185, 0x1d18c, 0x1d1aa, 0x1d1ae, 0x1d242, 0x1d245,
	0x1e000, 0x1e007, 0x1e008, 0x1e019, 0x1e01b, 0x1e022, 0x1e023, 0x1e025, 0x1e026, 0x1e02b, 0x1e08f, 0x1e090,
	0x1e108, 0x1e109, 0x1e130, 0x1e137, 0x1e290, 0x1e291, 0x1e2ae, 0x1e2af, 0x1e2e1, 0x1e2e2, 0x1e2ec, 0x1e2f0,
	0x1e4e6, 0x1e4e7, 0x1e4ec, 0x1e4f0, 0x1e5d0, 0x1e5d1, 0x1e5ee, 0x1e5f0, 0x1e6d5, 0x1e6d6, 0x1e6e3, 0x1e6e4,
	0x1e6e6, 0x1e6e7, 0x1e6ee, 0x1e6f0, 0x1e6f5, 0x1e6f6, 0x1e802, 0x1e803, 0x1e8d0, 0x1e8d7, 0x1e909, 0x1e90a,
	0x1e944, 0x1e94b
};

static constexpr int32_t s_coll_toUnsafeBwdLength = 854;

static constexpr uint16_t s_coll_woTrieIndex[2112] = {
	0x0, 0x8, 0x10, 0x18, 0x30, 0x38, 0x40, 0x48, 0x50, 0x58, 0x5f, 0x67, 0x67, 0x6f, 0x70, 0x78,
	0x7b, 0x83, 0x30, 0x38, 0x30, 0x38, 0x30, 0x38, 0x30, 0x38, 0x30, 0x38, 0x30, 0x38, 0x30, 0x38,
	0x30, 0x38, 0x30, 0x38, 0x30, 0x38, 0x30, 0x38, 0x30, 0x38, 0x30, 0x38, 0x30, 0x38, 0x30, 0x38,
	0x30, 0x38, 0x30, 0x38, 0x30, 0x38, 0x30, 0x38, 0x30, 0x38, 0x30, 0x38, 0x30, 0x38, 0x30, 0x38,
	0x30, 0x30, 0x30, 0x30, 0x30, 0x30, 0x30, 0x30, 0x30, 0x30, 0x30, 0x30, 0x30, 0x30, 0x30, 0x30,
	0x30, 0x30, 0x30, 0x30, 0x30, 0x30, 0x30, 0x30, 0x30, 0x30, 0x30, 0x30, 0x30, 0x30, 0x30, 0x30,
	0x30, 0x30, 0x30, 0x30, 0x30, 0x30, 0x30, 0x30, 0x30, 0x30, 0x30, 0x30, 0x30, 0x30, 0x30, 0x30,
	0x30, 0x30, 0x30, 0x30, 0x30, 0x30, 0x30, 0x30, 0x30, 0x30, 0x30, 0x30, 0x30, 0x30, 0x30, 0x30,
	0x30, 0x30, 0x30, 0x30, 0x30, 0x30, 0x30, 0x30, 0x30, 0x30, 0x30, 0x30, 0x30, 0x30, 0x30, 0x30,
	0x30, 0x30, 0x30, 0x30, 0x30, 0x30, 0x30, 0x30, 0x30, 0x30, 0x30, 0x30, 0x30, 0x30, 0x30, 0x30,
	0x30, 0x30, 0x30, 0x30, 0x30, 0x30, 0x30, 0x30, 0x30, 0x30, 0x30, 0x30, 0x30, 0x30, 0x30, 0x30,
	0x30, 0x30, 0x30, 0x30, 0x30, 0x30, 0x30, 0x30, 0x30, 0x30, 0x30, 0x30, 0x30, 0x30, 0x30, 0x30,
	0x30, 0x30, 0x30, 0x30, 0x30, 0x30, 0x30, 0x30, 0x30, 0x30, 0x30, 0x30, 0x30, 0x30, 0x30, 0x30,
	0x30, 0x30, 0x30, 0x30, 0x30, 0x30, 0x30, 0x30, 0x30, 0x30, 0x30, 0x30, 0x30, 0x30, 0x30, 0x30,
	0x30, 0x30, 0x30, 0x30, 0x30, 0x30, 0x30, 0x30, 0x30, 0x30, 0x30, 0x30, 0x30, 0x30, 0x30, 0x30,
	0x9b, 0x30, 0xa2, 0x30, 0x30, 0xaa, 0xb1, 0xb9, 0x30, 0x30, 0x30, 0x30, 0x30, 0x30, 0x30, 0x30,
	0x30, 0x30, 0x30, 0x30, 0x30, 0x30, 0x30, 0x30, 0x30, 0x30, 0x30, 0x30, 0x30, 0x30, 0x30, 0x30,
	0x30, 0x30, 0x30, 0x30, 0x30, 0x30, 0x30, 0x30, 0x30, 0x30, 0x30, 0x30, 0x30, 0x30, 0x30, 0x30,
	0x30, 0x30, 0x30, 0x30, 0x30, 0x30, 0x30, 0x30, 0x30, 0x30, 0x30, 0x30, 0x30, 0x30, 0x30, 0x30,
	0x30, 0x30, 0x30, 0x30, 0x30, 0x30, 0x30, 0x30, 0x30, 0x30, 0x30, 0x30, 0x30, 0x30, 0x30, 0x30,
	0x30, 0x30, 0x30, 0x30, 0x30, 0x30, 0x30, 0x30, 0x30, 0x30, 0x30, 0x30, 0x30, 0x30, 0x30, 0x30,
	0x30, 0x30, 0x30, 0x30, 0x30, 0x30, 0x30, 0x30, 0x30, 0x30, 0x30, 0x30, 0x30, 0x30, 0x30, 0x30,
	0x30, 0x30, 0x30, 0x30, 0x30, 0x30, 0x30, 0x30, 0x30, 0x30, 0x30, 0x30, 0x30, 0x30, 0x30, 0x30,
	0x30, 0x30, 0x30, 0x30, 0x30, 0x30, 0x30, 0x30, 0x30, 0x30, 0x30, 0x30, 0x30, 0x30, 0x30, 0x30,
	0x30, 0x30, 0x30, 0x30, 0x30, 0x30, 0x30, 0x30, 0x30, 0x30, 0x30, 0x30, 0x30, 0x30, 0x30, 0x30,
	0x30, 0x30, 0x30, 0x30, 0x30, 0x30, 0x30, 0x30, 0x30, 0x30, 0x30, 0x30, 0x30, 0x30, 0x30, 0x30,
	0x30, 0x30, 0x30, 0x30, 0x30, 0x30, 0x30, 0x30, 0x30, 0x30, 0x30, 0x30, 0x30, 0x30, 0x30, 0x30,
	0x30, 0x30, 0x30, 0x30, 0x30, 0x30, 0x30, 0x30, 0x30, 0x30, 0x30, 0x30, 0x30, 0x30, 0x30, 0x30,
	0x30, 0x30, 0x30, 0x30, 0x30, 0x30, 0x30, 0x30, 0x30, 0x30, 0x30, 0x30, 0x30, 0x30, 0x30, 0x30,
	0x30, 0x30, 0x30, 0x30, 0x30, 0x30, 0x30, 0x30, 0x30, 0x30, 0x30, 0x30, 0x30, 0x30, 0x30, 0x30,
	0x30, 0x30, 0x30, 0x30, 0x30, 0x30, 0x30, 0x30, 0x30, 0x30, 0x30, 0x30, 0x30, 0x30, 0x30, 0x30,
	0x30, 0x30, 0x30, 0x30, 0x30, 0x30, 0x30, 0x30, 0x30, 0x30, 0x30, 0x30, 0x30, 0x30, 0x30, 0x30,
	0x30, 0x30, 0x30, 0x30, 0x30, 0x30, 0x30, 0x30, 0x30, 0x30, 0x30, 0x30, 0x30, 0x30, 0x30, 0x30,
	0x30, 0x30, 0x30, 0x30, 0x30, 0x30, 0x30, 0x30, 0x30, 0x30, 0x30, 0x30, 0x30, 0x30, 0x30, 0x30,
	0x30, 0x30, 0x30, 0x30, 0x30, 0x30, 0x30, 0x30, 0x30, 0x30, 0x30, 0x30, 0x30, 0x30, 0x30, 0x30,
	0x30, 0x30, 0x30, 0x30, 0x30, 0x30, 0x30, 0x30, 0x30, 0x30, 0x30, 0x30, 0x30, 0x30, 0x30, 0x30,
	0x30, 0x30, 0x30, 0x30, 0x30, 0x30, 0x30, 0x30, 0x30, 0x30, 0x30, 0x30, 0x30, 0x30, 0x30, 0x30,
	0x30, 0x30, 0x30, 0x30, 0x30, 0x30, 0x30, 0x30, 0x30, 0x30, 0x30, 0x30, 0x30, 0x30, 0x30, 0x30,
	0x30, 0x30, 0x30, 0x30, 0x30, 0x30, 0x30, 0x30, 0x30, 0x30, 0x30, 0x30, 0x30, 0x30, 0x30, 0x30,
	0x30, 0x30, 0x30, 0x30, 0x30, 0x30, 0x30, 0x30, 0x30, 0x30, 0x30, 0x30, 0x30, 0x30, 0x30, 0x30,
	0x30, 0x30, 0x30, 0x30, 0x30, 0x30, 0x30, 0x30, 0x30, 0x30, 0x30, 0x30, 0x30, 0x30, 0x30, 0x30,
	0x30, 0x30, 0x30, 0x30, 0x30, 0x30, 0x30, 0x30, 0x30, 0x30, 0x30, 0x30, 0x30, 0x30, 0x30, 0x30,
	0x30, 0x30, 0x30, 0x30, 0x30, 0x30, 0x30, 0x30, 0x30, 0x30, 0x30, 0x30, 0x30, 0x30, 0x30, 0x30,
	0x30, 0x30, 0x30, 0x30, 0x30, 0x30, 0x30, 0x30, 0x30, 0x30, 0x30, 0x30, 0x30, 0x30, 0x30, 0x30,
	0x30, 0x30, 0x30, 0x30, 0x30, 0x30, 0x30, 0x30, 0x30, 0x30, 0x30, 0x30, 0x30, 0x30, 0x30, 0x30,
	0x30, 0x30, 0x30, 0x30, 0x30, 0x30, 0x30, 0x30, 0x30, 0x30, 0x30, 0x30, 0x30, 0x30, 0x30, 0x30,
	0x30, 0x30, 0x30, 0x30, 0x30, 0x30, 0x30, 0x30, 0x30, 0x30, 0x30, 0x30, 0x30, 0x30, 0x30, 0x30,
	0x30, 0x30, 0x30, 0x30, 0x30, 0x30, 0x30, 0x30, 0x30, 0x30, 0x30, 0x30, 0x30, 0x30, 0x30, 0x30,
	0x30, 0x30, 0x30, 0x30, 0x30, 0x30, 0x30, 0x30, 0x30, 0x30, 0x30, 0x30, 0x30, 0x30, 0x30, 0x30,
	0x30, 0x30, 0x30, 0x30, 0x30, 0x30, 0x30, 0x30, 0x30, 0x30, 0x30, 0x30, 0x30, 0x30, 0x30, 0x30,
	0x30, 0x30, 0x30, 0x30, 0x30, 0x30, 0x30, 0x30, 0x30, 0x30, 0x30, 0x30, 0x30, 0x30, 0x30, 0x30,
	0x30, 0x30, 0x30, 0x30, 0x30, 0x30, 0x30, 0x30, 0x30, 0x30, 0x30, 0x30, 0x30, 0x30, 0x30, 0x30,
	0x30, 0x30, 0x30, 0x30, 0x30, 0x30, 0x30, 0x30, 0x30, 0x30, 0x30, 0x30, 0x30, 0x30, 0x30, 0x30,
	0x30, 0x30, 0x30, 0x30, 0x30, 0x30, 0x30, 0x30, 0x30, 0x30, 0x30, 0x30, 0x30, 0x30, 0x30, 0x30,
	0x30, 0x30, 0x30, 0x30, 0x30, 0x30, 0x30, 0x30, 0x30, 0x30, 0x30, 0x30, 0x30, 0x30, 0x30, 0x30,
	0x30, 0x30, 0x30, 0x30, 0x30, 0x30, 0x30, 0x30, 0x30, 0x30, 0x30, 0x30, 0x30, 0x30, 0x30, 0x30,
	0x30, 0x30, 0x30, 0x30, 0x30, 0x30, 0x30, 0x30, 0x30, 0x30, 0x30, 0x30, 0x30, 0x30, 0x30, 0x30,
	0x30, 0x30, 0x30, 0x30, 0x30, 0x30, 0x30, 0x30, 0x30, 0x30, 0x30, 0x30, 0x30, 0x30, 0x30, 0x30,
	0x30, 0x30, 0x30, 0x30, 0x30, 0x30, 0x30, 0x30, 0x30, 0x30, 0x30, 0x30, 0x30, 0x30, 0x30, 0x30,
	0x30, 0x30, 0x30, 0x30, 0x30, 0x30, 0x30, 0x30, 0x30, 0x30, 0x30, 0x30, 0x30, 0x30, 0x30, 0x30,
	0x30, 0x30, 0x30, 0x30, 0x30, 0x30, 0x30, 0x30, 0x30, 0x30, 0x30, 0x30, 0x30, 0x30, 0x30, 0x30,
	0x30, 0x30, 0x30, 0x30, 0x30, 0x30, 0x30, 0x30, 0x30, 0x30, 0x30, 0x30, 0x30, 0x30, 0x30, 0x30,
	0x30, 0x30, 0x30, 0x30, 0x30, 0x30, 0x30, 0x30, 0x30, 0x30, 0x30, 0x30, 0x30, 0x30, 0x30, 0x30,
	0x30, 0x30, 0x30, 0x30, 0x30, 0x30, 0x30, 0x30, 0x30, 0x30, 0x30, 0x30, 0x30, 0x30, 0x30, 0x30,
	0x30, 0x30, 0x30, 0x30, 0x30, 0x30, 0x30, 0x30, 0x30, 0x30, 0x30, 0x30, 0x30, 0x30, 0x30, 0x30,
	0x30, 0x30, 0x30, 0x30, 0x30, 0x30, 0x30, 0x30, 0x30, 0x30, 0x30, 0x30, 0x30, 0x30, 0x30, 0x30,
	0x30, 0x30, 0x30, 0x30, 0x30, 0x30, 0x30, 0x30, 0x30, 0x30, 0x30, 0x30, 0x30, 0x30, 0x30, 0x30,
	0x30, 0x30, 0x30, 0x30, 0x30, 0x30, 0x30, 0x30, 0x30, 0x30, 0x30, 0x30, 0x30, 0x30, 0x30, 0x30,
	0x30, 0x30, 0x30, 0x30, 0x30, 0x30, 0x30, 0x30, 0x30, 0x30, 0x30, 0x30, 0x30, 0x30, 0x30, 0x30,
	0x30, 0x30, 0x30, 0x30, 0x30, 0x30, 0x30, 0x30, 0x30, 0x30, 0x30, 0x30, 0x30, 0x30, 0x30, 0x30,
	0x30, 0x30, 0x30, 0x30, 0x30, 0x30, 0x30, 0x30, 0x30, 0x30, 0x30, 0x30, 0x30, 0x30, 0x30, 0x30,
	0x30, 0x30, 0x30, 0x30, 0x30, 0x30, 0x30, 0x30, 0x30, 0x30, 0x30, 0x30, 0x30, 0x30, 0x30, 0x30,
	0x30, 0x30, 0x30, 0x30, 0x30, 0x30, 0x30, 0x30, 0x30, 0x30, 0x30, 0x30, 0x30, 0x30, 0x30, 0x30,
	0x30, 0x30, 0x30, 0x30, 0x30, 0x30, 0x30, 0x30, 0x30, 0x30, 0x30, 0x30, 0x30, 0x30, 0x30, 0x30,
	0x30, 0x30, 0x30, 0x30, 0x30, 0x30, 0x30, 0x30, 0x30, 0x30, 0x30, 0x30, 0x30, 0x30, 0x30, 0x30,
	0x30, 0x30, 0x30, 0x30, 0x30, 0x30, 0x30, 0x30, 0x30, 0x30, 0x30, 0x30, 0x30, 0x30, 0x30, 0x30,
	0x30, 0x30, 0x30, 0x30, 0x30, 0x30, 0x30, 0x30, 0x30, 0x30, 0x30, 0x30, 0x30, 0x30, 0x30, 0x30,
	0x30, 0x30, 0x30, 0x30, 0x30, 0x30, 0x30, 0x30, 0x30, 0x30, 0x30, 0x30, 0x30, 0x30, 0x30, 0x30,
	0x30, 0x30, 0x30, 0x30, 0x30, 0x30, 0x30, 0x30, 0x30, 0x30, 0x30, 0x30, 0x30, 0x30, 0x30, 0x30,
	0x30, 0x30, 0x30, 0x30, 0x30, 0x30, 0x30, 0x30, 0x30, 0x30, 0x30, 0x30, 0x30, 0x30, 0x30, 0x30,
	0x30, 0x30, 0x30, 0x30, 0x30, 0x30, 0x30, 0x30, 0x30, 0x30, 0x30, 0x30, 0x30, 0x30, 0x30, 0x30,
	0x30, 0x30, 0x30, 0x30, 0x30, 0x30, 0x30, 0x30, 0x30, 0x30, 0x30, 0x30, 0x30, 0x30, 0x30, 0x30,
	0x30, 0x30, 0x30, 0x30, 0x30, 0x30, 0x30, 0x30, 0x30, 0x30, 0x30, 0x30, 0x30, 0x30, 0x30, 0x30,
	0x30, 0x30, 0x30, 0x30, 0x30, 0x30, 0x30, 0x30, 0x30, 0x30, 0x30, 0x30, 0x30, 0x30, 0x30, 0x30,
	0x30, 0x30, 0x30, 0x30, 0x30, 0x30, 0x30, 0x30, 0x30, 0x30, 0x30, 0x30, 0x30, 0x30, 0x30, 0x30,
	0x30, 0x30, 0x30, 0x30, 0x30, 0x30, 0x30, 0x30, 0x30, 0x30, 0x30, 0x30, 0x30, 0x30, 0x30, 0x30,
	0xc1, 0xc1, 0xc1, 0xc1, 0xc1, 0xc1, 0xc1, 0xc1, 0xc1, 0xc1, 0xc1, 0xc1, 0xc1, 0xc1, 0xc1, 0xc1,
	0xc1, 0xc1, 0xc1, 0xc1, 0xc1, 0xc1, 0xc1, 0xc1, 0xc1, 0xc1, 0xc1, 0xc1, 0xc1, 0xc1, 0xc1, 0xc1,
	0xc1, 0xc1, 0xc1, 0xc1, 0xc1, 0xc1, 0xc1, 0xc1, 0xc1, 0xc1, 0xc1, 0xc1, 0xc1, 0xc1, 0xc1, 0xc1,
	0xc1, 0xc1, 0xc1, 0xc1, 0xc1, 0xc1, 0xc1, 0xc1, 0xc1, 0xc1, 0xc1, 0xc1, 0xc1, 0xc1, 0xc1, 0xc1,
	0xc1, 0xc1, 0xc1, 0xc1, 0xc1, 0xc1, 0xc1, 0xc1, 0xc1, 0xc1, 0xc1, 0xc1, 0xc1, 0xc1, 0xc1, 0xc1,
	0xc1, 0xc1, 0xc1, 0xc1, 0xc1, 0xc1, 0xc1, 0xc1, 0xc1, 0xc1, 0xc1, 0xc1, 0xc1, 0xc1, 0xc1, 0xc1,
	0xc1, 0xc1, 0xc1, 0xc1, 0xc1, 0xc1, 0xc1, 0xc1, 0xc1, 0xc1, 0xc1, 0xc1, 0xc1, 0xc1, 0xc1, 0xc1,
	0xc1, 0xc1, 0xc1, 0xc1, 0xc1, 0xc1, 0xc1, 0xc1, 0xc1, 0xc1, 0xc1, 0xc1, 0xc1, 0xc1, 0xc1, 0xc1,
	0xc1, 0xc1, 0xc1, 0xc1, 0xc1, 0xc1, 0xc1, 0xc1, 0xc1, 0xc1, 0xc1, 0xc1, 0xc1, 0xc1, 0xc1, 0xc1,
	0xc1, 0xc1, 0xc1, 0xc1, 0xc1, 0xc1, 0xc1, 0xc1, 0xc1, 0xc1, 0xc1, 0xc1, 0xc1, 0xc1, 0xc1, 0xc1,
	0xc1, 0xc1, 0xc1, 0xc1, 0xc1, 0xc1, 0xc1, 0xc1, 0xc1, 0xc1, 0xc1, 0xc1, 0xc1, 0xc1, 0xc1, 0xc1,
	0xc1, 0xc1, 0xc1, 0xc1, 0xc1, 0xc1, 0xc1, 0xc1, 0xc1, 0xc1, 0xc1, 0xc1, 0xc1, 0xc1, 0xc1, 0xc1,
	0xc1, 0xc1, 0xc1, 0xc1, 0xc1, 0xc1, 0xc1, 0xc1, 0xc1, 0xc1, 0xc1, 0xc1, 0xc1, 0xc1, 0xc1, 0xc1,
	0xc1, 0xc1, 0xc1, 0xc1, 0xc1, 0xc1, 0xc1, 0xc1, 0xc1, 0xc1, 0xc1, 0xc1, 0xc1, 0xc1, 0xc1, 0xc1,
	0xc1, 0xc1, 0xc1, 0xc1, 0xc1, 0xc1, 0xc1, 0xc1, 0xc1, 0xc1, 0xc1, 0xc1, 0xc1, 0xc1, 0xc1, 0xc1,
	0xc1, 0xc1, 0xc1, 0xc1, 0xc1, 0xc1, 0xc1, 0xc1, 0xc1, 0xc1, 0xc1, 0xc1, 0xc1, 0xc1, 0xc1, 0xc1,
	0xc1, 0xc1, 0xc1, 0xc1, 0xc1, 0xc1, 0xc1, 0xc1, 0xc1, 0xc1, 0xc1, 0xc1, 0xc1, 0xc1, 0xc1, 0xc1,
	0xc1, 0xc1, 0xc1, 0xc1, 0xc1, 0xc1, 0xc1, 0xc1, 0xc1, 0xc1, 0xc1, 0xc1, 0xc1, 0xc1, 0xc1, 0xc1,
	0xc1, 0xc1, 0xc1, 0xc1, 0xc1, 0xc1, 0xc1, 0xc1, 0xc1, 0xc1, 0xc1, 0xc1, 0xc1, 0xc1, 0xc1, 0xc1,
	0xc1, 0xc1, 0xc1, 0xc1, 0xc1, 0xc1, 0xc1, 0xc1, 0xc1, 0xc1, 0xc1, 0xc1, 0xc1, 0xc1, 0xc1, 0xc1,
	0xc1, 0xc1, 0xc1, 0xc1, 0xc1, 0xc1, 0xc1, 0xc1, 0xc1, 0xc1, 0xc1, 0xc1, 0xc1, 0xc1, 0xc1, 0xc1,
	0xc1, 0xc1, 0xc1, 0xc1, 0xc1, 0xc1, 0xc1, 0xc1, 0xc1, 0xc1, 0xc1, 0xc1, 0xc1, 0x93, 0x30, 0x30,
	0x8b, 0x8b, 0x8b, 0x8b, 0x8b, 0x8b, 0x8b, 0x8b, 0x8b, 0x8b, 0x8b, 0x8b, 0x8b, 0x8b, 0x8b, 0x8b,
	0x8b, 0x8b, 0x8b, 0x8b, 0x8b, 0x8b, 0x8b, 0x8b, 0x8b, 0x8b, 0x8b, 0x8b, 0x8b, 0x8b, 0x8b, 0x8b,
	0x30, 0x30, 0x30, 0x30, 0x30, 0x30, 0x30, 0x30, 0x30, 0x30, 0x30, 0x30, 0x30, 0x30, 0x30, 0x30,
	0x30, 0x30, 0x30, 0x30, 0x30, 0x30, 0x30, 0x30, 0x30, 0x30, 0x30, 0x30, 0x30, 0x30, 0x30, 0x30,
	0x30, 0x30, 0x30, 0x30, 0x30, 0x30, 0x30, 0x30, 0x30, 0x30, 0x30, 0x30, 0x30, 0x30, 0x30, 0x30,
	0x30, 0x30, 0x30, 0x30, 0x30, 0x30, 0x30, 0x30, 0x30, 0x30, 0x30, 0x30, 0x30, 0x30, 0x30, 0x30,
	0x30, 0x30, 0x30, 0x30, 0x30, 0x30, 0x30, 0x30, 0x30, 0x30, 0x30, 0x30, 0x30, 0x30, 0x30, 0x30,
	0x30, 0x30, 0x30, 0x30, 0x30, 0x30, 0x30, 0x30, 0x30, 0x30, 0x30, 0x30, 0x30, 0x30, 0x30, 0x30,
	0x30, 0x30, 0x30, 0x30, 0x30, 0x30, 0x30, 0x30, 0x30, 0x30, 0x30, 0x30, 0x30, 0x30, 0x30, 0x30,
	0x30, 0x30, 0x30, 0x30, 0x30, 0x30, 0x30, 0x30, 0x30, 0x30, 0x30, 0x30, 0x30, 0x30, 0x30, 0x30,
	0x30, 0x30, 0x30, 0x30, 0x30, 0x30, 0x30, 0x30, 0x30, 0x30, 0x30, 0x30, 0x30, 0x30, 0x30, 0x30,
	0x30, 0x30, 0x30, 0x30, 0x30, 0x30, 0x30, 0x30, 0x30, 0x30, 0x30, 0x30, 0x30, 0x30, 0x30, 0x30,
	0x30, 0x30, 0x30, 0x30, 0x30, 0x30, 0x30, 0x30, 0x30, 0x30, 0x30, 0x30, 0x30, 0x30, 0x30, 0x30,
	0x30, 0x30, 0x30, 0x30, 0x30, 0x30, 0x30, 0x30, 0x30, 0x30, 0x30, 0x30, 0x30, 0x30, 0x30, 0x30,
	0x30, 0x30, 0x30, 0x30, 0x30, 0x30, 0x30, 0x30, 0x30, 0x30, 0x30, 0x30, 0x30, 0x30, 0x30, 0x30,
	0x30, 0x30, 0x30, 0x30, 0x30, 0x30, 0x30, 0x30, 0x30, 0x30, 0x30, 0x30, 0x30, 0x30, 0x30, 0x30,
	0x30, 0x30, 0x30, 0x30, 0x30, 0x30, 0x30, 0x30, 0x30, 0x30, 0x30, 0x30, 0x30, 0x30, 0x30, 0x30,
	0x30, 0x30, 0x30, 0x30, 0x30, 0x30, 0x30, 0x30, 0x30, 0x30, 0x30, 0x30, 0x30, 0x30, 0x30, 0x30,
	0x30, 0x30, 0x30, 0x30, 0x30, 0x30, 0x30, 0x30, 0x30, 0x30, 0x30, 0x30, 0x30, 0x30, 0x30, 0x30,
	0x30, 0x30, 0x30, 0x30, 0x30, 0x30, 0x30, 0x30, 0x30, 0x30, 0x30, 0x30, 0x30, 0x30, 0x30, 0x30,
	0x30, 0x30, 0x30, 0x30, 0x30, 0x30, 0x30, 0x30, 0x30, 0x30, 0x30, 0x30, 0x30, 0x30, 0x30, 0x30,
	0x30, 0x30, 0x30, 0x30, 0x30, 0x30, 0x30, 0x30, 0x30, 0x30, 0x30, 0x30, 0x30, 0x30, 0x30, 0x30,
	0x80, 0x80, 0xc0, 0x100, 0x140, 0x17c, 0x19c, 0x1c0, 0x1ec, 0xc0, 0xc0, 0xc0, 0xc0, 0xc0, 0xc0, 0xc0,
	0xc0, 0xc0, 0xc0, 0xc0, 0xc0, 0xc0, 0xc0, 0xc0, 0xc0, 0xc0, 0xc0, 0xc0, 0xc0, 0xc0, 0xc0, 0xc0
};

static constexpr uint32_t s_coll_woTrieData[808] = {
	0xcb, 0x0, 0x0, 0x0, 0x0, 0x0, 0x0, 0x0,
	0x0, 0x3040505, 0x3060505, 0x3080505, 0x30a0505, 0x30c0505, 0x0, 0x0,
	0x0, 0x0, 0x0, 0x0, 0x0, 0x0, 0x0, 0x0,
	0x0, 0x0, 0x0, 0x0, 0x0, 0x0, 0x0, 0x0,
	0x4000505, 0x75a0505, 0x9760505, 0xa940505, 0xda90505, 0xa960505, 0xa8e0505, 0x9700505,
	0x97c0505, 0x97e0505, 0xa7e0505, 0xc7b0505, 0x6000505, 0x50e0505, 0x8000505, 0xa880505,
	0xc60ca, 0xc81ca, 0xca2ca, 0xcc3ca, 0xce4ca, 0xd05ca, 0xd26ca, 0xd47ca,
	0xd68ca, 0xd89ca, 0x7360505, 0x72a0505, 0xc850505, 0xc870505, 0xc890505, 0x7640505,
	0xa7c0505, 0x6c9, 0x2d00059c, 0x2f00059c, 0x3100059c, 0x126c9, 0x3500059c, 0x3700059c,
	0x3900059c, 0x3b00059c, 0x3d00059c, 0x3f00059c, 0x4100059c, 0x4300059c, 0x2a6c9, 0x386c9,
	0x4900059c, 0x4b00059c, 0x4d00059c, 0x4f00059c, 0x5100059c, 0x5300059c, 0x5500059c, 0x570005a0,
	0x5900059c, 0x5b00059c, 0x5d00059c, 0x9800505, 0xa8a0505, 0x9820505, 0xc0a0505, 0x50a0505,
	0xc040505, 0x4e6c9, 0x2d000505, 0x2f000505, 0x31000505, 0x606c9, 0x35000505, 0x37000505,
	0x39000505, 0x3b000505, 0x3d000505, 0x3f000505, 0x41000505, 0x43000505, 0x786c9, 0x866c9,
	0x49000505, 0x4b000505, 0x4d000505, 0x4f000505, 0x51000505, 0x53000505, 0x55000505, 0x57000505,
	0x59000505, 0x5b000505, 0x5d000505, 0x9840505, 0xc8d0505, 0x9860505, 0xc910505, 0x0,
	0xfffd0505, 0xfffd0505, 0xfffd0505, 0xfffd0505, 0xfffd0505, 0xfffd0505, 0xfffd0505, 0xfffd0505,
	0xfffd0505, 0xfffd0505, 0xfffd0505, 0xfffd0505, 0xfffd0505, 0xfffd0505, 0xfffd0505, 0xfffd0505,
	0xfffd0505, 0xfffd0505, 0xfffd0505, 0xfffd0505, 0xfffd0505, 0xfffd0505, 0xfffd0505, 0xfffd0505,
	0xfffd0505, 0xfffd0505, 0xfffd0505, 0xfffd0505, 0xfffd0505, 0xfffd0505, 0xfffd0505, 0xfffd0505,
	0xfffd0505, 0xfffd0505, 0xfffd0505, 0xfffd0505, 0xfffd0505, 0xfffd0505, 0xfffd0505, 0xfffd0505,
	0xfffd0505, 0xfffd0505, 0xfffd0505, 0xfffd0505, 0xfffd0505, 0xfffd0505, 0xfffd0505, 0xfffd0505,
	0xfffd0505, 0xfffd0505, 0xfffd0505, 0xfffd0505, 0xfffd0505, 0xfffd0505, 0xfffd0505, 0xfffd0505,
	0xfffd0505, 0xfffd0505, 0xfffd0505, 0xfffd0505, 0xfffd0505, 0xfffd0505, 0xfffd0505, 0xfffd0505,
	0xc0, 0xc0, 0xc0, 0xc0, 0xc0, 0xc0, 0xc0, 0xc0,
	0xc0, 0xc0, 0xc0, 0xc0, 0xc0, 0xc0, 0xc0, 0xc0,
	0xc0, 0xc0, 0xc0, 0xc0, 0xc0, 0xc0, 0xc0, 0xc0,
	0xc0, 0xc0, 0xc0, 0xc0, 0xc0, 0xc0, 0xc0, 0xc0,
	0xc0, 0xc0, 0xc0, 0xc0, 0xc0, 0xc0, 0xc0, 0xc0,
	0xc0, 0xc0, 0xc0, 0xc0, 0xc0, 0xc0, 0xc0, 0xc0,
	0xc0, 0xc0, 0xc0, 0xc0, 0xc0, 0xc0, 0xc0, 0xc0,
	0xc0, 0xc0, 0xc0, 0xc0, 0xc0, 0xc0, 0xc0, 0xc0,
	0x2c020586, 0x2b9c88c4, 0x2b9c8ec4, 0x2b9c9ac4, 0x2b9c96c4, 0x2b9c92c4, 0xba2c5, 0x2f9ca0c4,
	0x339c8ac4, 0x34020586, 0x339c8ec4, 0x34030586, 0x3b9c8ac4, 0x3b9c88c4, 0x3b9c8ec4, 0x3b9c96c4,
	0x310070a0, 0x46020586, 0x479c8ac4, 0x48020586, 0x479c8ec4, 0x479c9ac4, 0x479c96c4, 0xc830505,
	0x479c9ec4, 0x539c8ac4, 0x539c88c4, 0x539c8ec4, 0x539c96c4, 0x5b9c88c4, 0x5e2805a0, 0xbe2c5,
	0x2c020505, 0x2b0588c4, 0x2b058ec4, 0x2b059ac4, 0x2b0596c4, 0x2b0592c4, 0xc22c5, 0x2f05a0c4,
	0x33058ac4, 0x34020505, 0x33058ec4, 0x34030505, 0x3b058ac4, 0x3b0588c4, 0x3b058ec4, 0x3b0596c4,
	0x31007005, 0x46020505, 0x47058ac4, 0x48020505, 0x47058ec4, 0x47059ac4, 0x470596c4, 0xc810505,
	0x47059ec4, 0x53058ac4, 0x530588c4, 0x53058ec4, 0x530596c4, 0x5b0588c4, 0x5e280505, 0x5b0596c4,
	0xc0, 0xc0, 0xc0, 0xc0, 0x9c6c9, 0xaa6c9, 0xc0, 0xc0,
	0xc0, 0xc0, 0xc0, 0xc0, 0xc0, 0xc0, 0xc0, 0xc0,
	0xc0, 0xc0, 0xc0, 0xc0, 0xc0, 0xc0, 0xc0, 0xc0,
	0xbc6c9, 0xd46c9, 0xc0, 0xc0, 0xc0, 0xc0, 0xc0, 0xc0,
	0xc0, 0xc0, 0xc0, 0xc0, 0xc0, 0xc0, 0xc0, 0xc0,
	0xc0, 0xc0, 0xc0, 0xc0, 0xc0, 0xc0, 0xc0, 0xc0,
	0xc0, 0xc0, 0xc0, 0xc0, 0xc0, 0xc0, 0xc0, 0xc0,
	0xc0, 0xc0, 0xc0, 0xc0, 0xc0, 0xc0, 0xc0, 0xc0,
	0xc0, 0xec6c9, 0xf86c9, 0xc0, 0xc0, 0xc0, 0x46030586, 0x46030505,
	0xc0, 0xc0, 0xc0, 0xc0, 0xc0, 0xc0, 0xc0, 0xc0,
	0xc0, 0xc0, 0xc0, 0xc0, 0xc0, 0xc0, 0xc0, 0xc0,
	0xc0, 0xc0, 0xc0, 0xc0, 0xc0, 0xc0, 0xc0, 0xc0,
	0xc0, 0xc0, 0xc0, 0xc0, 0xc0, 0xc0, 0xc0, 0xc0,
	0xc0, 0xc0, 0xc0, 0xc0, 0xc0, 0xc0, 0xc0, 0xc0,
	0xc0, 0xc0, 0xc0, 0xc0, 0xc0, 0xc0, 0xc0, 0xc0,
	0xc0, 0xc0, 0xc0, 0xc0, 0x1046c9, 0x1166c9, 0xc0, 0xc0,
	0xc0, 0xc0, 0xc0, 0xc0, 0xc0, 0xc0, 0xc0, 0xc0,
	0xc0, 0xc0, 0xc0, 0xc0, 0xc0, 0xc0, 0xc0, 0xc0,
	0xc0, 0xc0, 0xc0, 0xc0, 0xc0, 0xc0, 0xc0, 0xc0,
	0xc0, 0xc0, 0xc0, 0xc0, 0xc0, 0xc0, 0xc0, 0xc0,
	0xc0, 0xc0, 0xc0, 0xc0, 0xc0, 0xc0, 0xc0, 0xc0,
	0xc0, 0xc0, 0x1286c9, 0x13a6c9, 0xc0, 0xc0, 0xc0, 0xc0,
	0xc0, 0xc0, 0xc0, 0xc0, 0xc0, 0xc0, 0xc0, 0xc0,
	0xc0, 0xc0, 0xc0, 0xc0, 0xc0, 0xc0, 0xc0, 0xc0,
	0xc0, 0xc0, 0xc0, 0xc0, 0xc0, 0xc0, 0xc0, 0xc0,
	0xc0, 0xc0, 0xc0, 0xc0, 0xc0, 0xc0, 0xc0, 0xc0,
	0xc0, 0xc0, 0xc0, 0xc0, 0x14c6c9, 0x1646c9, 0xc0, 0xc0,
	0xc0, 0xc0, 0xc0, 0xc0, 0xc0, 0xc0, 0xc0, 0xc0,
	0xc0, 0xc0, 0xc0, 0xc0, 0xc0, 0xc0, 0xc0, 0xc0,
	0xc0, 0xc0, 0xc0, 0xc0, 0x1cd, 0x1cd, 0x1cd, 0x1cd,
	0x1cd, 0x1cd, 0x1cd, 0x1cd, 0x1cd, 0x1cd, 0x1cd, 0x1cd,
	0x1cd, 0x1cd, 0x1cd, 0x1cd, 0x1cd, 0x1cd, 0x1cd, 0x1cd,
	0x1cd, 0x1cd, 0x1cd, 0x1cd, 0x1cd, 0x1cd, 0x1cd, 0x1cd,
	0x1cd, 0x1cd, 0x1cd, 0x1cd, 0x1cc, 0x1cc, 0x1cc, 0x1cc,
	0xc0, 0xc0, 0xc0, 0xc0, 0xc0, 0xc0, 0xc0, 0xc0,
	0xc0, 0xc0, 0xc0, 0xc0, 0xc0, 0xc0, 0xc0, 0xc0,
	0xc0, 0xc0, 0xc0, 0xc0, 0xc0, 0xc0, 0xc0, 0xc0,
	0xc0, 0xc0, 0xc0, 0xc0, 0x17c6c9, 0x18e6c9, 0xc0, 0xc0,
	0xc0, 0xc0, 0xc0, 0xc0, 0xc0, 0xc0, 0xc0, 0xc0,
	0xc0, 0xc0, 0xc0, 0xc0, 0xc0, 0xc0, 0xc0, 0xc0,
	0xc0, 0xc0, 0xc0, 0xc0, 0x1a06c9, 0x1b86c9, 0x1d06c9, 0x1e86c9,
	0xc0, 0xc0, 0xc0, 0xc0, 0xc0, 0xc0, 0x2006c9, 0x20c6c9,
	0x2186c9, 0x2246c9, 0x2306c9, 0x23c6c9, 0xc0, 0xc0, 0xc0, 0xc0,
	0xc0, 0xc0, 0xc0, 0xc0, 0xc0, 0xc0, 0xc0, 0xc0,
	0xc0, 0xc0, 0xc0, 0xc0, 0xc0, 0xc0, 0xc0, 0xc0,
	0x2486c9, 0x25a6c9, 0xc0, 0xc0, 0xc0, 0xc0, 0xc0, 0xc0,
	0xc0, 0xc0, 0xc0, 0xc0, 0xc0, 0xc0, 0xc0, 0xc0,
	0xc0, 0xc0, 0xc0, 0xc0, 0xc0, 0xc0, 0xc0, 0xc0,
	0x26c6c9, 0x2846c9, 0xc0, 0xc0, 0xc0, 0xc0, 0xc0, 0xc0,
	0xc0, 0xc0, 0xc0, 0xc0, 0xc0, 0xc0, 0xc0, 0xc0,
	0x29c6c9, 0x2ae6c9, 0xc0, 0xc0, 0xc0, 0xc0, 0xc0, 0xc0,
	0xc0, 0xc0, 0xc0, 0xc0, 0xc0, 0xc0, 0x222c5, 0x262c5,
	0xc0, 0xc0, 0xc0, 0xc0, 0xc0, 0xc0, 0x2c06c9, 0x2d26c9,
	0xc0, 0xc0, 0xc0, 0xc0, 0xc0, 0xc0, 0xc0, 0xc0,
	0xc0, 0xc0, 0xc0, 0xc0, 0xc0, 0xc0, 0xc0, 0xc0,
	0xc0, 0xc0, 0xc0, 0xc0, 0xc0, 0xc0, 0xc0, 0xc0,
	0xc0, 0xc0, 0xc0, 0xc0, 0x1cc, 0x1cc, 0x1cc, 0x1cc,
	0x1cc, 0x1cc, 0x1cc, 0x1cc, 0x1cc, 0x1cc, 0x1cc, 0x1cc,
	0x1cc, 0x1cc, 0x1cc, 0x1cc, 0x1cc, 0x1cc, 0x1cc, 0x1cc,
	0x1cc, 0x1cc, 0x1cc, 0x1cc, 0x1cc, 0x1cc, 0x1cc, 0x1cc,
	0x1cc, 0x1cc, 0x1cc, 0x1cc, 0xc0, 0xc0, 0xc0, 0xc0
};

static constexpr int32_t s_coll_woTrieIndexLength = 2112;
static constexpr int32_t s_coll_woTrieDataLength = 808;
static constexpr char32_t s_coll_woTrieHighStart = 0xe000;
static constexpr int32_t s_coll_woTrieHighValueIndex = 804;

static constexpr uint32_t s_coll_woCe32s[109] = {
	0x0, 0x2c020586, 0xa205, 0x2c020505, 0xa205, 0x34020586, 0xa205, 0x34030586,
	0xa205, 0x34020505, 0xa205, 0x34030505, 0xa205, 0x46020586, 0xa005, 0x46020505,
	0xa005, 0x48020586, 0xbe05, 0x48020505, 0xbe05, 0x48020586, 0xa205, 0x48020505,
	0xa205, 0x34020586, 0xa005, 0x34030586, 0xa005, 0x34020505, 0xa005, 0x34030505,
	0xa005, 0x2c020586, 0xc805, 0x2c020505, 0xc805, 0x34020586, 0xcc05, 0x34030586,
	0xcc05, 0x34020505, 0xcc05, 0x34030505, 0xcc05, 0x34020586, 0xd005, 0x34030586,
	0xd005, 0x34020505, 0xd005, 0x34030505, 0xd005, 0x46020586, 0xc405, 0x46020505,
	0xc405, 0x46020586, 0xd205, 0x46020505, 0xd205, 0x46020586, 0xcc05, 0x46020505,
	0xcc05, 0x2c020586, 0xc405, 0x2c020505, 0xc405, 0x34020586, 0xc405, 0x34030586,
	0xc405, 0x34020505, 0xc405, 0x34030505, 0xc405, 0x48020586, 0xc405, 0x48020505,
	0xc405, 0x4700059c, 0xbe05, 0xc405, 0x48020586, 0xbe05, 0xc405, 0x47000505,
	0xbe05, 0xc405, 0x48020505, 0xbe05, 0xc405, 0x2b0070a0, 0x330005a2, 0x4f007005,
	0x4f000513, 0x2b007005, 0x33000513, 0x12000505, 0x14000505, 0x16000505, 0x18000505, 0x1a000505,
	0x1c000505, 0x1e000505, 0x20000505, 0x22000505, 0x24000505
};

static constexpr char16_t s_coll_woContexts[370] = {
	0x2b00, 0x59c, 0x1, 0x300, 0xec02, 0x586, 0x340, 0xec02, 0x586, 0x3300, 0x59c, 0x2,
	0x301, 0xf402, 0x586, 0x308, 0xf403, 0x586, 0x341, 0xf402, 0x586, 0x4500, 0x59c, 0x30,
	0x303, 0xffff, 0x4602, 0x586, 0x4700, 0x59c, 0x1, 0x301, 0xffff, 0x4802, 0x586, 0x341,
	0xffff, 0x4802, 0x586, 0x2b00, 0x505, 0x1, 0x300, 0xec02, 0x505, 0x340, 0xec02, 0x505,
	0x3300, 0x505, 0x2, 0x301, 0xf402, 0x505, 0x308, 0xf403, 0x505, 0x341, 0xf402, 0x505,
	0x4500, 0x505, 0x30, 0x303, 0xffff, 0x4602, 0x505, 0x4700, 0x505, 0x1, 0x301, 0xffff,
	0x4802, 0x505, 0x341, 0xffff, 0x4802, 0x505, 0x2b9c, 0xa2c4, 0x1, 0x300, 0xa2c5, 0x340,
	0xa2c5, 0x2b05, 0xa2c4, 0x1, 0x300, 0xc000, 0x62c5, 0x340, 0xc000, 0x62c5, 0x339c, 0xa2c4,
	0x2, 0x301, 0xc000, 0xa2c5, 0x308, 0xc000, 0xe2c5, 0x341, 0xc000, 0xa2c5, 0x3305, 0xa2c4,
	0x2, 0x301, 0xc001, 0x22c5, 0x308, 0xc001, 0x62c5, 0x341, 0xc001, 0x22c5, 0x459c, 0xa0c4,
	0x30, 0x303, 0xc001, 0xa2c5, 0x4505, 0xa0c4, 0x30, 0x303, 0xc001, 0xe2c5, 0x479c, 0xbec4,
	0x1, 0x301, 0xc002, 0x22c5, 0x341, 0xc002, 0x22c5, 0x4705, 0xbec4, 0x1, 0x301, 0xc002,
	0x62c5, 0x341, 0xc002, 0x62c5, 0x479c, 0xa2c4, 0x1, 0x301, 0xc002, 0xa2c5, 0x341, 0xc002,
	0xa2c5, 0x4705, 0xa2c4, 0x1, 0x301, 0xc002, 0xe2c5, 0x341, 0xc002, 0xe2c5, 0x339c, 0xa0c4,
	0x2, 0x301, 0xc003, 0x22c5, 0x308, 0xc003, 0x62c5, 0x341, 0xc003, 0x22c5, 0x3305, 0xa0c4,
	0x2, 0x301, 0xc003, 0xa2c5, 0x308, 0xc003, 0xe2c5, 0x341, 0xc003, 0xa2c5, 0x2b9c, 0xc8c4,
	0x1, 0x300, 0xc004, 0x22c5, 0x340, 0xc004, 0x22c5, 0x2b05, 0xc8c4, 0x1, 0x300, 0xc004,
	0x62c5, 0x340, 0xc004, 0x62c5, 0x339c, 0xccc4, 0x2, 0x301, 0xc004, 0xa2c5, 0x308, 0xc004,
	0xe2c5, 0x341, 0xc004, 0xa2c5, 0x3305, 0xccc4, 0x2, 0x301, 0xc005, 0x22c5, 0x308, 0xc005,
	0x62c5, 0x341, 0xc005, 0x22c5, 0x339c, 0xd0c4, 0x2, 0x301, 0xc005, 0xa2c5, 0x308, 0xc005,
	0xe2c5, 0x341, 0xc005, 0xa2c5, 0x3305, 0xd0c4, 0x2, 0x301, 0xc006, 0x22c5, 0x308, 0xc006,
	0x62c5, 0x341, 0xc006, 0x22c5, 0x459c, 0xc4c4, 0x30, 0x303, 0xc006, 0xa2c5, 0x4505, 0xc4c4,
	0x30, 0x303, 0xc006, 0xe2c5, 0x459c, 0xd2c4, 0x30, 0x303, 0xc007, 0x22c5, 0x4505, 0xd2c4,
	0x30, 0x303, 0xc007, 0x62c5, 0x459c, 0xccc4, 0x30, 0x303, 0xc007, 0xa2c5, 0x4505, 0xccc4,
	0x30, 0x303, 0xc007, 0xe2c5, 0x2b9c, 0xc4c4, 0x1, 0x300, 0xc008, 0x22c5, 0x340, 0xc008,
	0x22c5, 0x2b05, 0xc4c4, 0x1, 0x300, 0xc008, 0x62c5, 0x340, 0xc008, 0x62c5, 0x339c, 0xc4c4,
	0x2, 0x301, 0xc008, 0xa2c5, 0x308, 0xc008, 0xe2c5, 0x341, 0xc008, 0xa2c5, 0x3305, 0xc4c4,
	0x2, 0x301, 0xc009, 0x22c5, 0x308, 0xc009, 0x62c5, 0x341, 0xc009, 0x22c5, 0x479c, 0xc4c4,
	0x1, 0x301, 0xc009, 0xa2c5, 0x341, 0xc009, 0xa2c5, 0x4705, 0xc4c4, 0x1, 0x301, 0xc009,
	0xe2c5, 0x341, 0xc009, 0xe2c5, 0xa, 0x23c5, 0x1, 0x301, 0xc00a, 0x83c5, 0x341, 0xc00a,
	0x83c5, 0xa, 0xe3c5, 0x1, 0x301, 0xc00b, 0x43c5, 0x341, 0xc00b, 0x43c5
};

static constexpr uint16_t s_coll_woFastLatin[508] = {
	0x205, 0xc40, 0xde0, 0xe80, 0xea8, 0x418, 0x0, 0x0, 0x0, 0x0, 0x0, 0x0,
	0x0, 0x0, 0xc00, 0xc08, 0xc10, 0xc18, 0xc20, 0x0, 0x0, 0x0, 0x0, 0x0,
	0x0, 0x0, 0x0, 0x0, 0x0, 0x0, 0x0, 0x0, 0x0, 0x0, 0x0, 0x0,
	0x0, 0xc40, 0xca8, 0xcf0, 0xd78, 0xe98, 0xd80, 0xd70, 0xcd8, 0xd08, 0xd10, 0xd58,
	0xe30, 0xc90, 0xc60, 0xcd0, 0xd60, 0x10a8, 0x14a8, 0x18a8, 0x1ca8, 0x20a8, 0x24a8, 0x28a8,
	0x2ca8, 0x30a8, 0x34a8, 0xca0, 0xc98, 0xe50, 0xe58, 0xe60, 0xcb8, 0xd50, 0x41a, 0x40b9,
	0x44b9, 0x48b9, 0x41c, 0x58b9, 0x5cb9, 0x60b9, 0x64ba, 0x6cba, 0x70b9, 0x74b9, 0x78b9, 0x41e,
	0x420, 0x90b9, 0x94b9, 0x9cb9, 0xa0ba, 0xa4b9, 0xacb9, 0xb0b9, 0xb4b9, 0xb8b9, 0xbcb9, 0xc0b9,
	0xd18, 0xd68, 0xd20, 0xdf8, 0xc50, 0xde8, 0x422, 0x40a8, 0x44a8, 0x48a8, 0x424, 0x58a8,
	0x5ca8, 0x60a8, 0x64a8, 0x6ca8, 0x70a8, 0x74a8, 0x78a8, 0x426, 0x428, 0x90a8, 0x94a8, 0x9ca8,
	0xa0a8, 0xa4a8, 0xaca8, 0xb0a8, 0xb4a8, 0xb8a8, 0xbca8, 0xc0a8, 0xd28, 0xe70, 0xd30, 0xe80,
	0x0, 0x0, 0x0, 0x0, 0x0, 0x0, 0xc28, 0x0, 0x0, 0x0, 0x0, 0x0,
	0x0, 0x0, 0x0, 0x0, 0x0, 0x0, 0x0, 0x0, 0x0, 0x0, 0x0, 0x0,
	0x0, 0x0, 0x0, 0x0, 0x0, 0x0, 0x0, 0x0, 0x0, 0xc42, 0xcb0, 0xe90,
	0xea0, 0xe88, 0xea8, 0xe78, 0xd40, 0xe08, 0xe20, 0x38aa, 0xcf8, 0xe68, 0x0, 0xe28,
	0xe00, 0xe18, 0xe38, 0x18a9, 0x1ca9, 0xdf0, 0x1, 0xd48, 0x1, 0xe10, 0x14a9, 0x88aa,
	0xd00, 0x1, 0x1, 0x1, 0xcc0, 0x3cb9, 0x3999, 0x39f9, 0x3a99, 0x3a59, 0x3a39, 0x800,
	0x46f9, 0x4dba, 0x50b9, 0x4dfa, 0x54b9, 0x65ba, 0x659a, 0x65fa, 0x665a, 0x48d9, 0x80b9, 0x89b9,
	0x8cb9, 0x89f9, 0x8a99, 0x8a59, 0xe48, 0x8ad9, 0xadb9, 0xad99, 0xadf9, 0xae59, 0xbd99, 0xc4b9,
	0x802, 0x3ca8, 0x3988, 0x39e8, 0x3a88, 0x3a48, 0x3a28, 0x804, 0x46e8, 0x4da8, 0x50a8, 0x4de8,
	0x54a8, 0x65a8, 0x6588, 0x65e8, 0x6648, 0x48c8, 0x80a8, 0x89a8, 0x8ca8, 0x89e8, 0x8a88, 0x8a48,
	0xe40, 0x8ac8, 0xada8, 0xad88, 0xade8, 0xae48, 0xbd88, 0xc4a8, 0xbe48, 0x3b39, 0x3b28, 0x39d9,
	0x39c8, 0x42a, 0x42c, 0x4599, 0x4588, 0x45f9, 0x45e8, 0x46b9, 0x46a8, 0x4619, 0x4608, 0x4a19,
	0x4a08, 0x4b59, 0x4b48, 0x4f3a, 0x4f28, 0x4dda, 0x4dc8, 0x4eba, 0x4ea8, 0x42e, 0x430, 0x4e1a,
	0x4e08, 0x5df9, 0x5de8, 0x5dd9, 0x5dc8, 0x5eb9, 0x5ea8, 0x5ef9, 0x5ee8, 0x61f9, 0x61e8, 0x6359,
	0x6348, 0x669a, 0x6688, 0x673a, 0x6728, 0x65da, 0x65c8, 0x671a, 0x6708, 0x66ba, 0x68a8, 0x806,
	0x808, 0x6dfa, 0x6de8, 0x72f9, 0x72e8, 0x98a8, 0x7599, 0x7588, 0x76f9, 0x76e8, 0x7619, 0x7608,
	0x7779, 0x7768, 0x7759, 0x7748, 0x7d9a, 0x7d88, 0x432, 0x434, 0x7e1a, 0x7e08, 0x80a, 0x84b9,
	0x84a8, 0x8b39, 0x8b28, 0x89d9, 0x89c8, 0x8a79, 0x8a68, 0x80c, 0x80e, 0x9d99, 0x9d88, 0x9ef9,
	0x9ee8, 0x9e19, 0x9e08, 0xa19a, 0xa188, 0xa1fa, 0xa1e8, 0xa2fa, 0xa2e8, 0xa21a, 0xa208, 0xa6f9,
	0xa6e8, 0xa619, 0xa608, 0xa8b9, 0xa8a8, 0xae99, 0xae88, 0xaf39, 0xaf28, 0xadd9, 0xadc8, 0xae39,
	0xae28, 0xae79, 0xae68, 0xaf19, 0xaf08, 0xb5f9, 0xb5e8, 0xbdf9, 0xbde8, 0xbe59, 0xc199, 0xc188,
	0xc2b9, 0xc2a8, 0xc219, 0xc208, 0xa0e8, 0xc41, 0xc41, 0xc41, 0xc41, 0xc41, 0xc41, 0xc41,
	0xc42, 0xc41, 0xc41, 0xc41, 0x0, 0x0, 0x0, 0x0, 0x0, 0xc68, 0xc69, 0xc70,
	0xc78, 0xc80, 0xc88, 0xd38, 0xc58, 0x1, 0x1, 0x1, 0x1, 0x1, 0x1, 0x1,
	0x1, 0xd98, 0xda0, 0xda8, 0xdb0, 0xcd1, 0x810, 0x1, 0xdb8, 0xc30, 0xc38, 0x0,
	0x0, 0x0, 0x0, 0x0, 0xc42, 0xd88, 0xd90, 0xdc0, 0x812, 0x1, 0xdc8, 0x814,
	0x1, 0xdd0, 0xce0, 0xce8, 0xdd8, 0x816, 0xcc8, 0xc48, 0xde0, 0x38d9, 0x4cbb, 0xa0c8,
	0xa0a9, 0x38c8, 0x4ca9, 0x64bb, 0x6cbb, 0x64a9, 0x6ca9, 0xc8a9, 0x7ca9, 0x88d9, 0x4cbb, 0x88c8,
	0x4ca9, 0xcd1, 0xcd1, 0xdc1, 0xdc1, 0xdc9, 0xdc9, 0xca9, 0xca9, 0x5ff, 0x0, 0x5ff,
	0x38b9, 0x5ff, 0x4cba, 0x5ff, 0x7cba, 0x5ff, 0x88b9, 0x5ff, 0x38a8, 0x5ff, 0x4ca8, 0x5ff,
	0x7ca8, 0x5ff, 0x88a8, 0x5ff, 0x3b19, 0x5ff, 0x3b08, 0x5ff, 0x4f1a, 0x5ff, 0x4f08, 0x5ff,
	0x7efa, 0x5ff, 0x7ee8, 0x1ff
};

static constexpr uint16_t s_coll_woFastLatinPrimaries[384] = {
	0x0, 0x0, 0x0, 0x0, 0x0, 0x0, 0x0, 0x0, 0x0, 0xc00, 0xc08, 0xc10,
	0xc18, 0xc20, 0x0, 0x0, 0x0, 0x0, 0x0, 0x0, 0x0, 0x0, 0x0, 0x0,
	0x0, 0x0, 0x0, 0x0, 0x0, 0x0, 0x0, 0x0, 0xc40, 0xca8, 0xcf0, 0xd78,
	0xe98, 0xd80, 0xd70, 0xcd8, 0xd08, 0xd10, 0xd58, 0xe30, 0xc90, 0xc60, 0xcd0, 0xd60,
	0x1000, 0x1400, 0x1800, 0x1c00, 0x2000, 0x2400, 0x2800, 0x2c00, 0x3000, 0x3400, 0xca0, 0xc98,
	0xe50, 0xe58, 0xe60, 0xcb8, 0xd50, 0x0, 0x4000, 0x4400, 0x4800, 0x0, 0x5800, 0x5c00,
	0x6000, 0x6400, 0x6c00, 0x7000, 0x7400, 0x7800, 0x0, 0x0, 0x9000, 0x9400, 0x9c00, 0xa000,
	0xa400, 0xac00, 0xb000, 0xb400, 0xb800, 0xbc00, 0xc000, 0xd18, 0xd68, 0xd20, 0xdf8, 0xc50,
	0xde8, 0x0, 0x4000, 0x4400, 0x4800, 0x0, 0x5800, 0x5c00, 0x6000, 0x6400, 0x6c00, 0x7000,
	0x7400, 0x7800, 0x0, 0x0, 0x9000, 0x9400, 0x9c00, 0xa000, 0xa400, 0xac00, 0xb000, 0xb400,
	0xb800, 0xbc00, 0xc000, 0xd28, 0xe70, 0xd30, 0xe80, 0x0, 0x0, 0x0, 0x0, 0x0,
	0x0, 0xc28, 0x0, 0x0, 0x0, 0x0, 0x0, 0x0, 0x0, 0x0, 0x0, 0x0,
	0x0, 0x0, 0x0, 0x0, 0x0, 0x0, 0x0, 0x0, 0x0, 0x0, 0x0, 0x0,
	0x0, 0x0, 0x0, 0x0, 0xc40, 0xcb0, 0xe90, 0xea0, 0xe88, 0xea8, 0xe78, 0xd40,
	0xe08, 0xe20, 0x3800, 0xcf8, 0xe68, 0x0, 0xe28, 0xe00, 0xe18, 0xe38, 0x1800, 0x1c00,
	0xdf0, 0x0, 0xd48, 0x0, 0xe10, 0x1400, 0x8800, 0xd00, 0x0, 0x0, 0x0, 0xcc0,
	0x3c00, 0x3800, 0x3800, 0x3800, 0x3800, 0x3800, 0x0, 0x4400, 0x4c00, 0x5000, 0x4c00, 0x5400,
	0x6400, 0x6400, 0x6400, 0x6400, 0x4800, 0x8000, 0x8800, 0x8c00, 0x8800, 0x8800, 0x8800, 0xe48,
	0x8800, 0xac00, 0xac00, 0xac00, 0xac00, 0xbc00, 0xc400, 0x0, 0x3c00, 0x3800, 0x3800, 0x3800,
	0x3800, 0x3800, 0x0, 0x4400, 0x4c00, 0x5000, 0x4c00, 0x5400, 0x6400, 0x6400, 0x6400, 0x6400,
	0x4800, 0x8000, 0x8800, 0x8c00, 0x8800, 0x8800, 0x8800, 0xe40, 0x8800, 0xac00, 0xac00, 0xac00,
	0xac00, 0xbc00, 0xc400, 0xbc00, 0x3800, 0x3800, 0x3800, 0x3800, 0x0, 0x0, 0x4400, 0x4400,
	0x4400, 0x4400, 0x4400, 0x4400, 0x4400, 0x4400, 0x4800, 0x4800, 0x4800, 0x4800, 0x4c00, 0x4c00,
	0x4c00, 0x4c00, 0x4c00, 0x4c00, 0x0, 0x0, 0x4c00, 0x4c00, 0x5c00, 0x5c00, 0x5c00, 0x5c00,
	0x5c00, 0x5c00, 0x5c00, 0x5c00, 0x6000, 0x6000, 0x6000, 0x6000, 0x6400, 0x6400, 0x6400, 0x6400,
	0x6400, 0x6400, 0x6400, 0x6400, 0x6400, 0x6800, 0x0, 0x0, 0x6c00, 0x6c00, 0x7000, 0x7000,
	0x9800, 0x7400, 0x7400, 0x7400, 0x7400, 0x7400, 0x7400, 0x7400, 0x7400, 0x7400, 0x7400, 0x7c00,
	0x7c00, 0x0, 0x0, 0x7c00, 0x7c00, 0x0, 0x8400, 0x8400, 0x8800, 0x8800, 0x8800, 0x8800,
	0x8800, 0x8800, 0x0, 0x0, 0x9c00, 0x9c00, 0x9c00, 0x9c00, 0x9c00, 0x9c00, 0xa000, 0xa000,
	0xa000, 0xa000, 0xa000, 0xa000, 0xa000, 0xa000, 0xa400, 0xa400, 0xa400, 0xa400, 0xa800, 0xa800,
	0xac00, 0xac00, 0xac00, 0xac00, 0xac00, 0xac00, 0xac00, 0xac00, 0xac00, 0xac00, 0xac00, 0xac00,
	0xb400, 0xb400, 0xbc00, 0xbc00, 0xbc00, 0xc000, 0xc000, 0xc000, 0xc000, 0xc000, 0xc000, 0xa000
};

static constexpr int32_t s_coll_woFastLatinMiniVarTop = 0xbff;

static constexpr uint32_t s_coll_woNumericPrimary = 0x10000000;
static constexpr int32_t s_coll_woOptions = 0x2011;
static constexpr int32_t s_coll_woJamoCe32sStart = -1;

static constexpr uint16_t s_coll_yoTrieIndex[2112] = {
	0x0, 0x8, 0x10, 0x18, 0x30, 0x38, 0x40, 0x48, 0x50, 0x58, 0x59, 0x61, 0x61, 0x69, 0x6a, 0x72,
	0x75, 0x7d, 0x30, 0x38, 0x30, 0x38, 0x30, 0x38, 0x30, 0x38, 0x30, 0x38, 0x30, 0x38, 0x30, 0x38,
	0x30, 0x38, 0x30, 0x38, 0x30, 0x38, 0x30, 0x38, 0x30, 0x38, 0x30, 0x38, 0x30, 0x38, 0x30, 0x38,
	0x30, 0x38, 0x30, 0x38, 0x30, 0x38, 0x30, 0x38, 0x30, 0x38, 0x30, 0x38, 0x30, 0x38, 0x30, 0x38,
	0x30, 0x30, 0x30, 0x30, 0x30, 0x30, 0x30, 0x30, 0x30, 0x30, 0x30, 0x30, 0x30, 0x30, 0x30, 0x30,
	0x30, 0x30, 0x30, 0x30, 0x30, 0x30, 0x30, 0x30, 0x30, 0x30, 0x30, 0x30, 0x30, 0x30, 0x30, 0x30,
	0x30, 0x30, 0x30, 0x30, 0x30, 0x30, 0x30, 0x30, 0x30, 0x30, 0x30, 0x30, 0x30, 0x30, 0x30, 0x30,
	0x30, 0x30, 0x30, 0x30, 0x30, 0x30, 0x30, 0x30, 0x30, 0x30, 0x30, 0x30, 0x30, 0x30, 0x30, 0x30,
	0x30, 0x30, 0x30, 0x30, 0x30, 0x30, 0x30, 0x30, 0x30, 0x30, 0x30, 0x30, 0x30, 0x30, 0x30, 0x30,
	0x30, 0x30, 0x30, 0x30, 0x30, 0x30, 0x30, 0x30, 0x30, 0x30, 0x30, 0x30, 0x30, 0x30, 0x30, 0x30,
	0x30, 0x30, 0x30, 0x30, 0x30, 0x30, 0x30, 0x30, 0x30, 0x30, 0x30, 0x30, 0x30, 0x30, 0x30, 0x30,
	0x30, 0x30, 0x30, 0x30, 0x30, 0x30, 0x30, 0x30, 0x30, 0x30, 0x30, 0x30, 0x30, 0x30, 0x30, 0x30,
	0x30, 0x30, 0x30, 0x30, 0x30, 0x30, 0x30, 0x30, 0x30, 0x30, 0x30, 0x30, 0x30, 0x30, 0x30, 0x30,
	0x30, 0x30, 0x30, 0x30, 0x30, 0x30, 0x30, 0x30, 0x30, 0x30, 0x30, 0x30, 0x30, 0x30, 0x30, 0x30,
	0x30, 0x30, 0x30, 0x30, 0x30, 0x30, 0x30, 0x30, 0x30, 0x30, 0x30, 0x30, 0x30, 0x30, 0x30, 0x30,
	0x30, 0x30, 0x30, 0x95, 0x30, 0x98, 0x9f, 0xa7, 0x30, 0x30, 0x30, 0x30, 0x30, 0x30, 0x30, 0x30,
	0x30, 0x30, 0x30, 0x30, 0x30, 0x30, 0x30, 0x30, 0x30, 0x30, 0x30, 0x30, 0x30, 0x30, 0x30, 0x30,
	0x30, 0x30, 0x30, 0x30, 0x30, 0x30, 0x30, 0x30, 0x30, 0x30, 0x30, 0x30, 0x30, 0x30, 0x30, 0x30,
	0x30, 0x30, 0x30, 0x30, 0x30, 0x30, 0x30, 0x30, 0x30, 0x30, 0x30, 0x30, 0x30, 0x30, 0x30, 0x30,
	0x30, 0x30, 0x30, 0x30, 0x30, 0x30, 0x30, 0x30, 0x30, 0x30, 0x30, 0x30, 0x30, 0x30, 0x30, 0x30,
	0x30, 0x30, 0x30, 0x30, 0x30, 0x30, 0x30, 0x30, 0x30, 0x30, 0x30, 0x30, 0x30, 0x30, 0x30, 0x30,
	0x30, 0x30, 0x30, 0x30, 0x30, 0x30, 0x30, 0x30, 0x30, 0x30, 0x30, 0x30, 0x30, 0x30, 0x30, 0x30,
	0x30, 0x30, 0x30, 0x30, 0x30, 0x30, 0x30, 0x30, 0x30, 0x30, 0x30, 0x30, 0x30, 0x30, 0x30, 0x30,
	0x30, 0x30, 0x30, 0x30, 0x30, 0x30, 0x30, 0x30, 0x30, 0x30, 0x30, 0x30, 0x30, 0x30, 0x30, 0x30,
	0x30, 0x30, 0x30, 0x30, 0x30, 0x30, 0x30, 0x30, 0x30, 0x30, 0x30, 0x30, 0x30, 0x30, 0x30, 0x30,
	0x30, 0x30, 0x30, 0x30, 0x30, 0x30, 0x30, 0x30, 0x30, 0x30, 0x30, 0x30, 0x30, 0x30, 0x30, 0x30,
	0x30, 0x30, 0x30, 0x30, 0x30, 0x30, 0x30, 0x30, 0x30, 0x30, 0x30, 0x30, 0x30, 0x30, 0x30, 0x30,
	0x30, 0x30, 0x30, 0x30, 0x30, 0x30, 0x30, 0x30, 0x30, 0x30, 0x30, 0x30, 0x30, 0x30, 0x30, 0x30,
	0x30, 0x30, 0x30, 0x30, 0x30, 0x30, 0x30, 0x30, 0x30, 0x30, 0x30, 0x30, 0x30, 0x30, 0x30, 0x30,
	0x30, 0x30, 0x30, 0x30, 0x30, 0x30, 0x30, 0x30, 0x30, 0x30, 0x30, 0x30, 0x30, 0x30, 0x30, 0x30,
	0x30, 0x30, 0x30, 0x30, 0x30, 0x30, 0x30, 0x30, 0x30, 0x30, 0x30, 0x30, 0x30, 0x30, 0x30, 0x30,
	0x30, 0x30, 0x30, 0x30, 0x30, 0x30, 0x30, 0x30, 0x30, 0x30, 0x30, 0x30, 0x30, 0x30, 0x30, 0x30,
	0x30, 0x30, 0x30, 0x30, 0x30, 0x30, 0x30, 0x30, 0x30, 0x30, 0x30, 0x30, 0x30, 0x30, 0x30, 0x30,
	0x30, 0x30, 0x30, 0x30, 0x30, 0x30, 0x30, 0x30, 0x30, 0x30, 0x30, 0x30, 0x30, 0x30, 0x30, 0x30,
	0x30, 0x30, 0x30, 0x30, 0x30, 0x30, 0x30, 0x30, 0x30, 0x30, 0x30, 0x30, 0x30, 0x30, 0x30, 0x30,
	0x30, 0x30, 0x30, 0x30, 0x30, 0x30, 0x30, 0x30, 0x30, 0x30, 0x30, 0x30, 0x30, 0x30, 0x30, 0x30,
	0x30, 0x30, 0x30, 0x30, 0x30, 0x30, 0x30, 0x30, 0x30, 0x30, 0x30, 0x30, 0x30, 0x30, 0x30, 0x30,
	0x30, 0x30, 0x30, 0x30, 0x30, 0x30, 0x30, 0x30, 0x30, 0x30, 0x30, 0x30, 0x30, 0x30, 0x30, 0x30,
	0x30, 0x30, 0x30, 0x30, 0x30, 0x30, 0x30, 0x30, 0x30, 0x30, 0x30, 0x30, 0x30, 0x30, 0x30, 0x30,
	0x30, 0x30, 0x30, 0x30, 0x30, 0x30, 0x30, 0x30, 0x30, 0x30, 0x30, 0x30, 0x30, 0x30, 0x30, 0x30,
	0x30, 0x30, 0x30, 0x30, 0x30, 0x30, 0x30, 0x30, 0x30, 0x30, 0x30, 0x30, 0x30, 0x30, 0x30, 0x30,
	0x30, 0x30, 0x30, 0x30, 0x30, 0x30, 0x30, 0x30, 0x30, 0x30, 0x30, 0x30, 0x30, 0x30, 0x30, 0x30,
	0x30, 0x30, 0x30, 0x30, 0x30, 0x30, 0x30, 0x30, 0x30, 0x30, 0x30, 0x30, 0x30, 0x30, 0x30, 0x30,
	0x30, 0x30, 0x30, 0x30, 0x30, 0x30, 0x30, 0x30, 0x30, 0x30, 0x30, 0x30, 0x30, 0x30, 0x30, 0x30,
	0x30, 0x30, 0x30, 0x30, 0x30, 0x30, 0x30, 0x30, 0x30, 0x30, 0x30, 0x30, 0x30, 0x30, 0x30, 0x30,
	0x30, 0x30, 0x30, 0x30, 0x30, 0x30, 0x30, 0x30, 0x30, 0x30, 0x30, 0x30, 0x30, 0x30, 0x30, 0x30,
	0x30, 0x30, 0x30, 0x30, 0x30, 0x30, 0x30, 0x30, 0x30, 0x30, 0x30, 0x30, 0x30, 0x30, 0x30, 0x30,
	0x30, 0x30, 0x30, 0x30, 0x30, 0x30, 0x30, 0x30, 0x30, 0x30, 0x30, 0x30, 0x30, 0x30, 0x30, 0x30,
	0x30, 0x30, 0x30, 0x30, 0x30, 0x30, 0x30, 0x30, 0x30, 0x30, 0x30, 0x30, 0x30, 0x30, 0x30, 0x30,
	0x30, 0x30, 0x30, 0x30, 0x30, 0x30, 0x30, 0x30, 0x30, 0x30, 0x30, 0x30, 0x30, 0x30, 0x30, 0x30,
	0x30, 0x30, 0x30, 0x30, 0x30, 0x30, 0x30, 0x30, 0x30, 0x30, 0x30, 0x30, 0x30, 0x30, 0x30, 0x30,
	0x30, 0x30, 0x30, 0x30, 0x30, 0x30, 0x30, 0x30, 0x30, 0x30, 0x30, 0x30, 0x30, 0x30, 0x30, 0x30,
	0x30, 0x30, 0x30, 0x30, 0x30, 0x30, 0x30, 0x30, 0x30, 0x30, 0x30, 0x30, 0x30, 0x30, 0x30, 0x30,
	0x30, 0x30, 0x30, 0x30, 0x30, 0x30, 0x30, 0x30, 0x30, 0x30, 0x30, 0x30, 0x30, 0x30, 0x30, 0x30,
	0x30, 0x30, 0x30, 0x30, 0x30, 0x30, 0x30, 0x30, 0x30, 0x30, 0x30, 0x30, 0x30, 0x30, 0x30, 0x30,
	0x30, 0x30, 0x30, 0x30, 0x30, 0x30, 0x30, 0x30, 0x30, 0x30, 0x30, 0x30, 0x30, 0x30, 0x30, 0x30,
	0x30, 0x30, 0x30, 0x30, 0x30, 0x30, 0x30, 0x30, 0x30, 0x30, 0x30, 0x30, 0x30, 0x30, 0x30, 0x30,
	0x30, 0x30, 0x30, 0x30, 0x30, 0x30, 0x30, 0x30, 0x30, 0x30, 0x30, 0x30, 0x30, 0x30, 0x30, 0x30,
	0x30, 0x30, 0x30, 0x30, 0x30, 0x30, 0x30, 0x30, 0x30, 0x30, 0x30, 0x30, 0x30, 0x30, 0x30, 0x30,
	0x30, 0x30, 0x30, 0x30, 0x30, 0x30, 0x30, 0x30, 0x30, 0x30, 0x30, 0x30, 0x30, 0x30, 0x30, 0x30,
	0x30, 0x30, 0x30, 0x30, 0x30, 0x30, 0x30, 0x30, 0x30, 0x30, 0x30, 0x30, 0x30, 0x30, 0x30, 0x30,
	0x30, 0x30, 0x30, 0x30, 0x30, 0x30, 0x30, 0x30, 0x30, 0x30, 0x30, 0x30, 0x30, 0x30, 0x30, 0x30,
	0x30, 0x30, 0x30, 0x30, 0x30, 0x30, 0x30, 0x30, 0x30, 0x30, 0x30, 0x30, 0x30, 0x30, 0x30, 0x30,
	0x30, 0x30, 0x30, 0x30, 0x30, 0x30, 0x30, 0x30, 0x30, 0x30, 0x30, 0x30, 0x30, 0x30, 0x30, 0x30,
	0x30, 0x30, 0x30, 0x30, 0x30, 0x30, 0x30, 0x30, 0x30, 0x30, 0x30, 0x30, 0x30, 0x30, 0x30, 0x30,
	0x30, 0x30, 0x30, 0x30, 0x30, 0x30, 0x30, 0x30, 0x30, 0x30, 0x30, 0x30, 0x30, 0x30, 0x30, 0x30,
	0x30, 0x30, 0x30, 0x30, 0x30, 0x30, 0x30, 0x30, 0x30, 0x30, 0x30, 0x30, 0x30, 0x30, 0x30, 0x30,
	0x30, 0x30, 0x30, 0x30, 0x30, 0x30, 0x30, 0x30, 0x30, 0x30, 0x30, 0x30, 0x30, 0x30, 0x30, 0x30,
	0x30, 0x30, 0x30, 0x30, 0x30, 0x30, 0x30, 0x30, 0x30, 0x30, 0x30, 0x30, 0x30, 0x30, 0x30, 0x30,
	0x30, 0x30, 0x30, 0x30, 0x30, 0x30, 0x30, 0x30, 0x30, 0x30, 0x30, 0x30, 0x30, 0x30, 0x30, 0x30,
	0x30, 0x30, 0x30, 0x30, 0x30, 0x30, 0x30, 0x30, 0x30, 0x30, 0x30, 0x30, 0x30, 0x30, 0x30, 0x30,
	0x30, 0x30, 0x30, 0x30, 0x30, 0x30, 0x30, 0x30, 0x30, 0x30, 0x30, 0x30, 0x30, 0x30, 0x30, 0x30,
	0x30, 0x30, 0x30, 0x30, 0x30, 0x30, 0x30, 0x30, 0x30, 0x30, 0x30, 0x30, 0x30, 0x30, 0x30, 0x30,
	0x30, 0x30, 0x30, 0x30, 0x30, 0x30, 0x30, 0x30, 0x30, 0x30, 0x30, 0x30, 0x30, 0x30, 0x30, 0x30,
	0x30, 0x30, 0x30, 0x30, 0x30, 0x30, 0x30, 0x30, 0x30, 0x30, 0x30, 0x30, 0x30, 0x30, 0x30, 0x30,
	0x30, 0x30, 0x30, 0x30, 0x30, 0x30, 0x30, 0x30, 0x30, 0x30, 0x30, 0x30, 0x30, 0x30, 0x30, 0x30,
	0x30, 0x30, 0x30, 0x30, 0x30, 0x30, 0x30, 0x30, 0x30, 0x30, 0x30, 0x30, 0x30, 0x30, 0x30, 0x30,
	0x30, 0x30, 0x30, 0x30, 0x30, 0x30, 0x30, 0x30, 0x30, 0x30, 0x30, 0x30, 0x30, 0x30, 0x30, 0x30,
	0x30, 0x30, 0x30, 0x30, 0x30, 0x30, 0x30, 0x30, 0x30, 0x30, 0x30, 0x30, 0x30, 0x30, 0x30, 0x30,
	0x30, 0x30, 0x30, 0x30, 0x30, 0x30, 0x30, 0x30, 0x30, 0x30, 0x30, 0x30, 0x30, 0x30, 0x30, 0x30,
	0x30, 0x30, 0x30, 0x30, 0x30, 0x30, 0x30, 0x30, 0x30, 0x30, 0x30, 0x30, 0x30, 0x30, 0x30, 0x30,
	0x30, 0x30, 0x30, 0x30, 0x30, 0x30, 0x30, 0x30, 0x30, 0x30, 0x30, 0x30, 0x30, 0x30, 0x30, 0x30,
	0x30, 0x30, 0x30, 0x30, 0x30, 0x30, 0x30, 0x30, 0x30, 0x30, 0x30, 0x30, 0x30, 0x30, 0x30, 0x30,
	0x30, 0x30, 0x30, 0x30, 0x30, 0x30, 0x30, 0x30, 0x30, 0x30, 0x30, 0x30, 0x30, 0x30, 0x30, 0x30,
	0x30, 0x30, 0x30, 0x30, 0x30, 0x30, 0x30, 0x30, 0x30, 0x30, 0x30, 0x30, 0x30, 0x30, 0x30, 0x30,
	0x30, 0x30, 0x30, 0x30, 0x30, 0x30, 0x30, 0x30, 0x30, 0x30, 0x30, 0x30, 0x30, 0x30, 0x30, 0x30,
	0xaf, 0xaf, 0xaf, 0xaf, 0xaf, 0xaf, 0xaf, 0xaf, 0xaf, 0xaf, 0xaf, 0xaf, 0xaf, 0xaf, 0xaf, 0xaf,
	0xaf, 0xaf, 0xaf, 0xaf, 0xaf, 0xaf, 0xaf, 0xaf, 0xaf, 0xaf, 0xaf, 0xaf, 0xaf, 0xaf, 0xaf, 0xaf,
	0xaf, 0xaf, 0xaf, 0xaf, 0xaf, 0xaf, 0xaf, 0xaf, 0xaf, 0xaf, 0xaf, 0xaf, 0xaf, 0xaf, 0xaf, 0xaf,
	0xaf, 0xaf, 0xaf, 0xaf, 0xaf, 0xaf, 0xaf, 0xaf, 0xaf, 0xaf, 0xaf, 0xaf, 0xaf, 0xaf, 0xaf, 0xaf,
	0xaf, 0xaf, 0xaf, 0xaf, 0xaf, 0xaf, 0xaf, 0xaf, 0xaf, 0xaf, 0xaf, 0xaf, 0xaf, 0xaf, 0xaf, 0xaf,
	0xaf, 0xaf, 0xaf, 0xaf, 0xaf, 0xaf, 0xaf, 0xaf, 0xaf, 0xaf, 0xaf, 0xaf, 0xaf, 0xaf, 0xaf, 0xaf,
	0xaf, 0xaf, 0xaf, 0xaf, 0xaf, 0xaf, 0xaf, 0xaf, 0xaf, 0xaf, 0xaf, 0xaf, 0xaf, 0xaf, 0xaf, 0xaf,
	0xaf, 0xaf, 0xaf, 0xaf, 0xaf, 0xaf, 0xaf, 0xaf, 0xaf, 0xaf, 0xaf, 0xaf, 0xaf, 0xaf, 0xaf, 0xaf,
	0xaf, 0xaf, 0xaf, 0xaf, 0xaf, 0xaf, 0xaf, 0xaf, 0xaf, 0xaf, 0xaf, 0xaf, 0xaf, 0xaf, 0xaf, 0xaf,
	0xaf, 0xaf, 0xaf, 0xaf, 0xaf, 0xaf, 0xaf, 0xaf, 0xaf, 0xaf, 0xaf, 0xaf, 0xaf, 0xaf, 0xaf, 0xaf,
	0xaf, 0xaf, 0xaf, 0xaf, 0xaf, 0xaf, 0xaf, 0xaf, 0xaf, 0xaf, 0xaf, 0xaf, 0xaf, 0xaf, 0xaf, 0xaf,
	0xaf, 0xaf, 0xaf, 0xaf, 0xaf, 0xaf, 0xaf, 0xaf, 0xaf, 0xaf, 0xaf, 0xaf, 0xaf, 0xaf, 0xaf, 0xaf,
	0xaf, 0xaf, 0xaf, 0xaf, 0xaf, 0xaf, 0xaf, 0xaf, 0xaf, 0xaf, 0xaf, 0xaf, 0xaf, 0xaf, 0xaf, 0xaf,
	0xaf, 0xaf, 0xaf, 0xaf, 0xaf, 0xaf, 0xaf, 0xaf, 0xaf, 0xaf, 0xaf, 0xaf, 0xaf, 0xaf, 0xaf, 0xaf,
	0xaf, 0xaf, 0xaf, 0xaf, 0xaf, 0xaf, 0xaf, 0xaf, 0xaf, 0xaf, 0xaf, 0xaf, 0xaf, 0xaf, 0xaf, 0xaf,
	0xaf, 0xaf, 0xaf, 0xaf, 0xaf, 0xaf, 0xaf, 0xaf, 0xaf, 0xaf, 0xaf, 0xaf, 0xaf, 0xaf, 0xaf, 0xaf,
	0xaf, 0xaf, 0xaf, 0xaf, 0xaf, 0xaf, 0xaf, 0xaf, 0xaf, 0xaf, 0xaf, 0xaf, 0xaf, 0xaf, 0xaf, 0xaf,
	0xaf, 0xaf, 0xaf, 0xaf, 0xaf, 0xaf, 0xaf, 0xaf, 0xaf, 0xaf, 0xaf, 0xaf, 0xaf, 0xaf, 0xaf, 0xaf,
	0xaf, 0xaf, 0xaf, 0xaf, 0xaf, 0xaf, 0xaf, 0xaf, 0xaf, 0xaf, 0xaf, 0xaf, 0xaf, 0xaf, 0xaf, 0xaf,
	0xaf, 0xaf, 0xaf, 0xaf, 0xaf, 0xaf, 0xaf, 0xaf, 0xaf, 0xaf, 0xaf, 0xaf, 0xaf, 0xaf, 0xaf, 0xaf,
	0xaf, 0xaf, 0xaf, 0xaf, 0xaf, 0xaf, 0xaf, 0xaf, 0xaf, 0xaf, 0xaf, 0xaf, 0xaf, 0xaf, 0xaf, 0xaf,
	0xaf, 0xaf, 0xaf, 0xaf, 0xaf, 0xaf, 0xaf, 0xaf, 0xaf, 0xaf, 0xaf, 0xaf, 0xaf, 0x8d, 0x30, 0x30,
	0x85, 0x85, 0x85, 0x85, 0x85, 0x85, 0x85, 0x85, 0x85, 0x85, 0x85, 0x85, 0x85, 0x85, 0x85, 0x85,
	0x85, 0x85, 0x85, 0x85, 0x85, 0x85, 0x85, 0x85, 0x85, 0x85, 0x85, 0x85, 0x85, 0x85, 0x85, 0x85,
	0x30, 0x30, 0x30, 0x30, 0x30, 0x30, 0x30, 0x30, 0x30, 0x30, 0x30, 0x30, 0x30, 0x30, 0x30, 0x30,
	0x30, 0x30, 0x30, 0x30, 0x30, 0x30, 0x30, 0x30, 0x30, 0x30, 0x30, 0x30, 0x30, 0x30, 0x30, 0x30,
	0x30, 0x30, 0x30, 0x30, 0x30, 0x30, 0x30, 0x30, 0x30, 0x30, 0x30, 0x30, 0x30, 0x30, 0x30, 0x30,
	0x30, 0x30, 0x30, 0x30, 0x30, 0x30, 0x30, 0x30, 0x30, 0x30, 0x30, 0x30, 0x30, 0x30, 0x30, 0x30,
	0x30, 0x30, 0x30, 0x30, 0x30, 0x30, 0x30, 0x30, 0x30, 0x30, 0x30, 0x30, 0x30, 0x30, 0x30, 0x30,
	0x30, 0x30, 0x30, 0x30, 0x30, 0x30, 0x30, 0x30, 0x30, 0x30, 0x30, 0x30, 0x30, 0x30, 0x30, 0x30,
	0x30, 0x30, 0x30, 0x30, 0x30, 0x30, 0x30, 0x30, 0x30, 0x30, 0x30, 0x30, 0x30, 0x30, 0x30, 0x30,
	0x30, 0x30, 0x30, 0x30, 0x30, 0x30, 0x30, 0x30, 0x30, 0x30, 0x30, 0x30, 0x30, 0x30, 0x30, 0x30,
	0x30, 0x30, 0x30, 0x30, 0x30, 0x30, 0x30, 0x30, 0x30, 0x30, 0x30, 0x30, 0x30, 0x30, 0x30, 0x30,
	0x30, 0x30, 0x30, 0x30, 0x30, 0x30, 0x30, 0x30, 0x30, 0x30, 0x30, 0x30, 0x30, 0x30, 0x30, 0x30,
	0x30, 0x30, 0x30, 0x30, 0x30, 0x30, 0x30, 0x30, 0x30, 0x30, 0x30, 0x30, 0x30, 0x30, 0x30, 0x30,
	0x30, 0x30, 0x30, 0x30, 0x30, 0x30, 0x30, 0x30, 0x30, 0x30, 0x30, 0x30, 0x30, 0x30, 0x30, 0x30,
	0x30, 0x30, 0x30, 0x30, 0x30, 0x30, 0x30, 0x30, 0x30, 0x30, 0x30, 0x30, 0x30, 0x30, 0x30, 0x30,
	0x30, 0x30, 0x30, 0x30, 0x30, 0x30, 0x30, 0x30, 0x30, 0x30, 0x30, 0x30, 0x30, 0x30, 0x30, 0x30,
	0x30, 0x30, 0x30, 0x30, 0x30, 0x30, 0x30, 0x30, 0x30, 0x30, 0x30, 0x30, 0x30, 0x30, 0x30, 0x30,
	0x30, 0x30, 0x30, 0x30, 0x30, 0x30, 0x30, 0x30, 0x30, 0x30, 0x30, 0x30, 0x30, 0x30, 0x30, 0x30,
	0x30, 0x30, 0x30, 0x30, 0x30, 0x30, 0x30, 0x30, 0x30, 0x30, 0x30, 0x30, 0x30, 0x30, 0x30, 0x30,
	0x30, 0x30, 0x30, 0x30, 0x30, 0x30, 0x30, 0x30, 0x30, 0x30, 0x30, 0x30, 0x30, 0x30, 0x30, 0x30,
	0x30, 0x30, 0x30, 0x30, 0x30, 0x30, 0x30, 0x30, 0x30, 0x30, 0x30, 0x30, 0x30, 0x30, 0x30, 0x30,
	0x30, 0x30, 0x30, 0x30, 0x30, 0x30, 0x30, 0x30, 0x30, 0x30, 0x30, 0x30, 0x30, 0x30, 0x30, 0x30,
	0x80, 0x80, 0xc0, 0x100, 0x140, 0x164, 0x184, 0x1a8, 0x1d4, 0xc0, 0xc0, 0xc0, 0xc0, 0xc0, 0xc0, 0xc0,
	0xc0, 0xc0, 0xc0, 0xc0, 0xc0, 0xc0, 0xc0, 0xc0, 0xc0, 0xc0, 0xc0, 0xc0, 0xc0, 0xc0, 0xc0, 0xc0
};

static constexpr uint32_t s_coll_yoTrieData[736] = {
	0xcb, 0x0, 0x0, 0x0, 0x0, 0x0, 0x0, 0x0,
	0x0, 0x3040505, 0x3060505, 0x3080505, 0x30a0505, 0x30c0505, 0x0, 0x0,
	0x0, 0x0, 0x0, 0x0, 0x0, 0x0, 0x0, 0x0,
	0x0, 0x0, 0x0, 0x0, 0x0, 0x0, 0x0, 0x0,
	0x4000505, 0x75a0505, 0x9760505, 0xa940505, 0xda90505, 0xa960505, 0xa8e0505, 0x9700505,
	0x97c0505, 0x97e0505, 0xa7e0505, 0xc7b0505, 0x6000505, 0x50e0505, 0x8000505, 0xa880505,
	0x720ca, 0x741ca, 0x762ca, 0x783ca, 0x7a4ca, 0x7c5ca, 0x7e6ca, 0x807ca,
	0x828ca, 0x849ca, 0x7360505, 0x72a0505, 0xc850505, 0xc870505, 0xc890505, 0x7640505,
	0xa7c0505, 0x2b00059c, 0x2d00059c, 0x2f00059c, 0x3100059c, 0x6c9, 0x3500059c, 0xc0c9,
	0x3900059c, 0x3b00059c, 0x3d00059c, 0x3f00059c, 0x4100059c, 0x4300059c, 0x4500059c, 0x446c9,
	0x4900059c, 0x4b00059c, 0x4d00059c, 0x526c9, 0x5100059c, 0x5300059c, 0x5500059c, 0x570005a0,
	0x5900059c, 0x5b00059c, 0x5d00059c, 0x9800505, 0xa8a0505, 0x9820505, 0xc0a0505, 0x50a0505,
	0xc040505, 0x2b000505, 0x2d000505, 0x2f000505, 0x31000505, 0x606c9, 0x35000505, 0x6c0c9,
	0x39000505, 0x3b000505, 0x3d000505, 0x3f000505, 0x41000505, 0x43000505, 0x45000505, 0x8a6c9,
	0x49000505, 0x4b000505, 0x4d000505, 0x986c9, 0x51000505, 0x53000505, 0x55000505, 0x57000505,
	0x59000505, 0x5b000505, 0x5d000505, 0x9840505, 0xc8d0505, 0x9860505, 0xc910505, 0x0,
	0xfffd0505, 0xfffd0505, 0xfffd0505, 0xfffd0505, 0xfffd0505, 0xfffd0505, 0xfffd0505, 0xfffd0505,
	0xfffd0505, 0xfffd0505, 0xfffd0505, 0xfffd0505, 0xfffd0505, 0xfffd0505, 0xfffd0505, 0xfffd0505,
	0xfffd0505, 0xfffd0505, 0xfffd0505, 0xfffd0505, 0xfffd0505, 0xfffd0505, 0xfffd0505, 0xfffd0505,
	0xfffd0505, 0xfffd0505, 0xfffd0505, 0xfffd0505, 0xfffd0505, 0xfffd0505, 0xfffd0505, 0xfffd0505,
	0xfffd0505, 0xfffd0505, 0xfffd0505, 0xfffd0505, 0xfffd0505, 0xfffd0505, 0xfffd0505, 0xfffd0505,
	0xfffd0505, 0xfffd0505, 0xfffd0505, 0xfffd0505, 0xfffd0505, 0xfffd0505, 0xfffd0505, 0xfffd0505,
	0xfffd0505, 0xfffd0505, 0xfffd0505, 0xfffd0505, 0xfffd0505, 0xfffd0505, 0xfffd0505, 0xfffd0505,
	0xfffd0505, 0xfffd0505, 0xfffd0505, 0xfffd0505, 0xfffd0505, 0xfffd0505, 0xfffd0505, 0xfffd0505,
	0xc0, 0xc0, 0xc0, 0xc0, 0xc0, 0xc0, 0xc0, 0xc0,
	0xc0, 0xc0, 0xc0, 0xc0, 0xc0, 0xc0, 0xc0, 0xc0,
	0xc0, 0xc0, 0xc0, 0xc0, 0xc0, 0xc0, 0xc0, 0xc0,
	0xc0, 0xc0, 0xc0, 0xc0, 0xc0, 0xc0, 0xc0, 0xc0,
	0xc0, 0xc0, 0xc0, 0xc0, 0xc0, 0xc0, 0xc0, 0xc0,
	0xc0, 0xc0, 0xc0, 0xc0, 0xc0, 0xc0, 0xc0, 0xc0,
	0xc0, 0xc0, 0xc0, 0xc0, 0xc0, 0xc0, 0xc0, 0xc0,
	0xc0, 0xc0, 0xc0, 0xc0, 0xc0, 0xc0, 0xc0, 0xc0,
	0x2b9c8ac4, 0x2b9c88c4, 0x2b9c8ec4, 0x2b9c9ac4, 0x2b9c96c4, 0x2b9c92c4, 0x662c5, 0x2f9ca0c4,
	0x339c8ac4, 0x339c88c4, 0x339c8ec4, 0x339c96c4, 0x3b9c8ac4, 0x3b9c88c4, 0x3b9c8ec4, 0x3b9c96c4,
	0x310070a0, 0x459c9ac4, 0x479c8ac4, 0x479c88c4, 0x479c8ec4, 0x479c9ac4, 0x479c96c4, 0xc830505,
	0x479c9ec4, 0x539c8ac4, 0x539c88c4, 0x539c8ec4, 0x539c96c4, 0x5b9c88c4, 0x5e2805a0, 0x6a2c5,
	0x2b058ac4, 0x2b0588c4, 0x2b058ec4, 0x2b059ac4, 0x2b0596c4, 0x2b0592c4, 0x6e2c5, 0x2f05a0c4,
	0x33058ac4, 0x330588c4, 0x33058ec4, 0x330596c4, 0x3b058ac4, 0x3b0588c4, 0x3b058ec4, 0x3b0596c4,
	0x31007005, 0x45059ac4, 0x47058ac4, 0x470588c4, 0x47058ec4, 0x47059ac4, 0x470596c4, 0xc810505,
	0x47059ec4, 0x53058ac4, 0x530588c4, 0x53058ec4, 0x530596c4, 0x5b0588c4, 0x5e280505, 0x5b0596c4,
	0xc0, 0xc0, 0xc0, 0xc0, 0xc0, 0xc0, 0xc0, 0xc0,
	0xc0, 0xc0, 0xc0, 0xc0, 0xc0, 0xc0, 0xc0, 0xc0,
	0xc0, 0xc0, 0xc0, 0xc0, 0xc0, 0xc0, 0xc0, 0xc0,
	0xa66c9, 0xb26c9, 0xc0, 0xc0, 0xc0, 0xc0, 0xc0, 0xc0,
	0xc0, 0xc0, 0xc0, 0xc0, 0xc0, 0xc0, 0xc0, 0xc0,
	0xc0, 0xc0, 0xc0, 0xc0, 0xc0, 0xc0, 0xc0, 0xc0,
	0xc0, 0xc0, 0xc0, 0xc0, 0xc0, 0xc0, 0xc0, 0xc0,
	0xc0, 0xc0, 0xc0, 0xc0, 0xc0, 0xc0, 0xc0, 0xc0,
	0xc0, 0xc0, 0xbe6c9, 0xca6c9, 0xc0, 0xc0, 0xc0, 0xc0,
	0xc0, 0xc0, 0xc0, 0xc0, 0xc0, 0xc0, 0xc0, 0xc0,
	0xc0, 0xc0, 0xc0, 0xc0, 0xc0, 0xc0, 0xc0, 0xc0,
	0xc0, 0xc0, 0xc0, 0xc0, 0xc0, 0xc0, 0xc0, 0xc0,
	0xc0, 0xc0, 0xc0, 0xc0, 0xd66c9, 0xe26c9, 0xc0, 0xc0,
	0xc0, 0xc0, 0xc0, 0xc0, 0xc0, 0xc0, 0xc0, 0xc0,
	0xc0, 0xc0, 0xc0, 0xc0, 0xc0, 0xc0, 0xc0, 0xc0,
	0xc0, 0xc0, 0xc0, 0xc0, 0xc0, 0xc0, 0xc0, 0xc0,
	0xc0, 0xc0, 0xc0, 0xc0, 0xc0, 0xc0, 0xc0, 0xc0,
	0xc0, 0xc0, 0xc0, 0xc0, 0xc0, 0xc0, 0xc0, 0xc0,
	0xc0, 0xc0, 0xee6c9, 0xfa6c9, 0xc0, 0xc0, 0xc0, 0xc0,
	0xc0, 0xc0, 0xc0, 0xc0, 0xc0, 0xc0, 0xc0, 0xc0,
	0xc0, 0xc0, 0xc0, 0xc0, 0xc0, 0xc0, 0xc0, 0xc0,
	0xc0, 0xc0, 0xc0, 0xc0, 0xc0, 0xc0, 0xc0, 0xc0,
	0xc0, 0xc0, 0xc0, 0xc0, 0xc0, 0xc0, 0xc0, 0xc0,
	0xc0, 0xc0, 0xc0, 0xc0, 0x1066c9, 0x1126c9, 0xc0, 0xc0,
	0xc0, 0xc0, 0xc0, 0xc0, 0xc0, 0xc0, 0xc0, 0xc0,
	0xc0, 0xc0, 0xc0, 0xc0, 0xc0, 0xc0, 0xc0, 0xc0,
	0xc0, 0xc0, 0xc0, 0xc0, 0x1cd, 0x1cd, 0x1cd, 0x1cd,
	0x1cd, 0x1cd, 0x1cd, 0x1cd, 0x1cd, 0x1cd, 0x1cd, 0x1cd,
	0x1cd, 0x1cd, 0x1cd, 0x1cd, 0x1cd, 0x1cd, 0x1cd, 0x1cd,
	0x1cd, 0x1cd, 0x1cd, 0x1cd, 0x1cd, 0x1cd, 0x1cd, 0x1cd,
	0x1cd, 0x1cd, 0x1cd, 0x1cd, 0x1cc, 0x1cc, 0x1cc, 0x1cc,
	0xc0, 0xc0, 0xc0, 0xc0, 0xc0, 0xc0, 0xc0, 0xc0,
	0xc0, 0xc0, 0xc0, 0xc0, 0xc0, 0xc0, 0xc0, 0xc0,
	0xc0, 0xc0, 0xc0, 0xc0, 0xc0, 0xc0, 0xc0, 0xc0,
	0xc0, 0xc0, 0xc0, 0xc0, 0xc0, 0xc0, 0x50020586, 0x50020505,
	0xc0, 0xc0, 0xc0, 0xc0, 0x4e2c5, 0x522c5, 0xc0, 0xc0,
	0xc0, 0xc0, 0xc0, 0xc0, 0xc0, 0xc0, 0xc0, 0xc0,
	0xc0, 0xc0, 0xc0, 0xc0, 0xc0, 0xc0, 0xc0, 0xc0,
	0xc0, 0xc0, 0xc0, 0xc0, 0xc0, 0xc0, 0xc0, 0xc0,
	0x34020586, 0x34020505, 0xc0, 0xc0, 0xc0, 0xc0, 0xc0, 0xc0,
	0xc0, 0xc0, 0x562c5, 0x5a2c5, 0xc0, 0xc0, 0xc0, 0xc0,
	0x48020586, 0x48020505, 0xc0, 0xc0, 0xc0, 0xc0, 0xc0, 0xc0,
	0xc0, 0xc0, 0xc0, 0xc0, 0x5e2c5, 0x622c5, 0xc0, 0xc0,
	0xc0, 0xc0, 0xc0, 0xc0, 0xc0, 0xc0, 0x362c5, 0x3a2c5,
	0xc0, 0xc0, 0xc0, 0xc0, 0xc0, 0xc0, 0xc0, 0xc0,
	0xc0, 0xc0, 0xc0, 0xc0, 0xc0, 0xc0, 0xc0, 0xc0,
	0xc0, 0xc0, 0xc0, 0xc0, 0xc0, 0xc0, 0xc0, 0xc0,
	0xc0, 0xc0, 0xc0, 0xc0, 0x1cc, 0x1cc, 0x1cc, 0x1cc,
	0x1cc, 0x1cc, 0x1cc, 0x1cc, 0x1cc, 0x1cc, 0x1cc, 0x1cc,
	0x1cc, 0x1cc, 0x1cc, 0x1cc, 0x1cc, 0x1cc, 0x1cc, 0x1cc,
	0x1cc, 0x1cc, 0x1cc, 0x1cc, 0x1cc, 0x1cc, 0x1cc, 0x1cc,
	0x1cc, 0x1cc, 0x1cc, 0x1cc, 0xc0, 0xc0, 0xc0, 0xc0
};

static constexpr int32_t s_coll_yoTrieIndexLength = 2112;
static constexpr int32_t s_coll_yoTrieDataLength = 736;
static constexpr char32_t s_coll_yoTrieHighStart = 0xe000;
static constexpr int32_t s_coll_yoTrieHighValueIndex = 732;

static constexpr uint32_t s_coll_yoCe32s[67] = {
	0x0, 0x38020587, 0x9c05, 0x38020546, 0x9c05, 0x38020587, 0xc405, 0x38020546,
	0xc405, 0x38020587, 0xd205, 0x38020546, 0xd205, 0x38020505, 0x9c05, 0x38020505,
	0xc405, 0x38020505, 0xd205, 0x34020586, 0xa205, 0x34020505, 0xa205, 0x50020586,
	0xa005, 0x50020505, 0xa005, 0x48020586, 0xbe05, 0x48020505, 0xbe05, 0x48020586,
	0xa205, 0x48020505, 0xa205, 0x34020586, 0xa005, 0x34020505, 0xa005, 0x50020586,
	0x9c05, 0x50020505, 0x9c05, 0x34020586, 0x8e05, 0x34020505, 0x8e05, 0x48020586,
	0x8e05, 0x48020505, 0x8e05, 0x2b0070a0, 0x330005a2, 0x4f007005, 0x4f000513, 0x2b007005,
	0x33000513, 0x12000505, 0x14000505, 0x16000505, 0x18000505, 0x1a000505, 0x1c000505, 0x1e000505,
	0x20000505, 0x22000505, 0x24000505
};

static constexpr char16_t s_coll_yoContexts[143] = {
	0x3300, 0x59c, 0x30, 0x323, 0xf402, 0x586, 0x3700, 0x59c, 0x7, 0x1e04, 0xc, 0x1e04,
	0xc000, 0xa2c5, 0x1e05, 0xc000, 0xe2c5, 0x1e06, 0xc001, 0x22c5, 0x1e07, 0xc001, 0x62c5, 0x42,
	0xf802, 0x587, 0x62, 0xf802, 0x546, 0x1e02, 0xa2c5, 0x1e03, 0xc000, 0x62c5, 0x4700, 0x59c,
	0x30, 0x323, 0xffff, 0x4802, 0x586, 0x4f00, 0x59c, 0x30, 0x323, 0xffff, 0x5002, 0x586,
	0x3300, 0x505, 0x30, 0x323, 0xf402, 0x505, 0x3700, 0x505, 0x3, 0x62, 0xf802, 0x505,
	0x1e03, 0xc001, 0xa2c5, 0x1e05, 0xc001, 0xe2c5, 0x1e07, 0xc002, 0x22c5, 0x4700, 0x505, 0x30,
	0x323, 0xffff, 0x4802, 0x505, 0x4f00, 0x505, 0x30, 0x323, 0xffff, 0x5002, 0x505, 0x339c,
	0xa2c4, 0x30, 0x323, 0xc002, 0x62c5, 0x3305, 0xa2c4, 0x30, 0x323, 0xc002, 0xa2c5, 0x4f9c,
	0xa0c4, 0x30, 0x323, 0xc002, 0xe2c5, 0x4f05, 0xa0c4, 0x30, 0x323, 0xc003, 0x22c5, 0x479c,
	0xbec4, 0x30, 0x323, 0xc003, 0x62c5, 0x4705, 0xbec4, 0x30, 0x323, 0xc003, 0xa2c5, 0x479c,
	0xa2c4, 0x30, 0x323, 0xc003, 0xe2c5, 0x4705, 0xa2c4, 0x30, 0x323, 0xc004, 0x22c5, 0x339c,
	0xa0c4, 0x30, 0x323, 0xc004, 0x62c5, 0x3305, 0xa0c4, 0x30, 0x323, 0xc004, 0xa2c5
};

static constexpr uint16_t s_coll_yoFastLatin[510] = {
	0x205, 0xc40, 0xde0, 0xe80, 0xea8, 0x418, 0x0, 0x0, 0x0, 0x0, 0x0, 0x0,
	0x0, 0x0, 0xc00, 0xc08, 0xc10, 0xc18, 0xc20, 0x0, 0x0, 0x0, 0x0, 0x0,
	0x0, 0x0, 0x0, 0x0, 0x0, 0x0, 0x0, 0x0, 0x0, 0x0, 0x0, 0x0,
	0x0, 0xc40, 0xca8, 0xcf0, 0xd78, 0xe98, 0xd80, 0xd70, 0xcd8, 0xd08, 0xd10, 0xd58,
	0xe30, 0xc90, 0xc60, 0xcd0, 0xd60, 0x10a8, 0x14a8, 0x18a8, 0x1ca8, 0x20a8, 0x24a8, 0x28a8,
	0x2ca8, 0x30a8, 0x34a8, 0xca0, 0xc98, 0xe50, 0xe58, 0xe60, 0xcb8, 0xd50, 0x38b9, 0x3cb9,
	0x40b9, 0x44b9, 0x41a, 0x4cb9, 0x41c, 0x58b9, 0x5cba, 0x64ba, 0x68b9, 0x6cb9, 0x70b9, 0x74ba,
	0x422, 0x80b9, 0x84b9, 0x8cb9, 0x424, 0x94b9, 0x9cb9, 0xa0b9, 0xa4b9, 0xa8b9, 0xacb9, 0xb0b9,
	0xd18, 0xd68, 0xd20, 0xdf8, 0xc50, 0xde8, 0x38a8, 0x3ca8, 0x40a8, 0x44a8, 0x426, 0x4ca8,
	0x428, 0x58a8, 0x5ca8, 0x64a8, 0x68a8, 0x6ca8, 0x70a8, 0x74a8, 0x42c, 0x80a8, 0x84a8, 0x8ca8,
	0x42e, 0x94a8, 0x9ca8, 0xa0a8, 0xa4a8, 0xa8a8, 0xaca8, 0xb0a8, 0xd28, 0xe70, 0xd30, 0xe80,
	0x0, 0x0, 0x0, 0x0, 0x0, 0x0, 0xc28, 0x0, 0x0, 0x0, 0x0, 0x0,
	0x0, 0x0, 0x0, 0x0, 0x0, 0x0, 0x0, 0x0, 0x0, 0x0, 0x0, 0x0,
	0x0, 0x0, 0x0, 0x0, 0x0, 0x0, 0x0, 0x0, 0x0, 0xc42, 0xcb0, 0xe90,
	0xea0, 0xe88, 0xea8, 0xe78, 0xd40, 0xe08, 0xe20, 0x38aa, 0xcf8, 0xe68, 0x0, 0xe28,
	0xe00, 0xe18, 0xe38, 0x18a9, 0x1ca9, 0xdf0, 0x1, 0xd48, 0x1, 0xe10, 0x14a9, 0x7caa,
	0xd00, 0x1, 0x1, 0x1, 0xcc0, 0x39b9, 0x3999, 0x39f9, 0x3a99, 0x3a59, 0x3a39, 0x800,
	0x42f9, 0x49ba, 0x499a, 0x49fa, 0x4a5a, 0x5dba, 0x5d9a, 0x5dfa, 0x5e5a, 0x44d9, 0x769a, 0x7db9,
	0x7d99, 0x7df9, 0x7e99, 0x7e59, 0xe48, 0x7ed9, 0x9db9, 0x9d99, 0x9df9, 0x9e59, 0xad99, 0xb4b9,
	0x802, 0x39a8, 0x3988, 0x39e8, 0x3a88, 0x3a48, 0x3a28, 0x804, 0x42e8, 0x49a8, 0x4988, 0x49e8,
	0x4a48, 0x5da8, 0x5d88, 0x5de8, 0x5e48, 0x44c8, 0x7688, 0x7da8, 0x7d88, 0x7de8, 0x7e88, 0x7e48,
	0xe40, 0x7ec8, 0x9da8, 0x9d88, 0x9de8, 0x9e48, 0xad88, 0xb4a8, 0xae48, 0x3b39, 0x3b28, 0x39d9,
	0x39c8, 0x3b19, 0x3b08, 0x4199, 0x4188, 0x41f9, 0x41e8, 0x42b9, 0x42a8, 0x4219, 0x4208, 0x4619,
	0x4608, 0x4759, 0x4748, 0x4b3a, 0x4b28, 0x49da, 0x49c8, 0x4aba, 0x4aa8, 0x430, 0x432, 0x4a1a,
	0x4a08, 0x51f9, 0x51e8, 0x51d9, 0x51c8, 0x52b9, 0x52a8, 0x52f9, 0x52e8, 0x59f9, 0x59e8, 0x5b59,
	0x5b48, 0x5e9a, 0x5e88, 0x5f3a, 0x5f28, 0x5dda, 0x5dc8, 0x5f1a, 0x5f08, 0x5eba, 0x60a8, 0x806,
	0x808, 0x65fa, 0x65e8, 0x6af9, 0x6ae8, 0x88a8, 0x6d99, 0x6d88, 0x6ef9, 0x6ee8, 0x6e19, 0x6e08,
	0x6f79, 0x6f68, 0x6f59, 0x6f48, 0x759a, 0x7588, 0x76fa, 0x76e8, 0x761a, 0x7608, 0x80a, 0x78b9,
	0x78a8, 0x7f39, 0x7f28, 0x7dd9, 0x7dc8, 0x7e79, 0x7e68, 0x80c, 0x80e, 0x8d99, 0x8d88, 0x8ef9,
	0x8ee8, 0x8e19, 0x8e08, 0x919a, 0x9188, 0x91fa, 0x91e8, 0x434, 0x436, 0x921a, 0x9208, 0x96f9,
	0x96e8, 0x9619, 0x9608, 0x98b9, 0x98a8, 0x9e99, 0x9e88, 0x9f39, 0x9f28, 0x9dd9, 0x9dc8, 0x9e39,
	0x9e28, 0x9e79, 0x9e68, 0x9f19, 0x9f08, 0xa5f9, 0xa5e8, 0xadf9, 0xade8, 0xae59, 0xb199, 0xb188,
	0xb2b9, 0xb2a8, 0xb219, 0xb208, 0x90e8, 0xc41, 0xc41, 0xc41, 0xc41, 0xc41, 0xc41, 0xc41,
	0xc42, 0xc41, 0xc41, 0xc41, 0x0, 0x0, 0x0, 0x0, 0x0, 0xc68, 0xc69, 0xc70,
	0xc78, 0xc80, 0xc88, 0xd38, 0xc58, 0x1, 0x1, 0x1, 0x1, 0x1, 0x1, 0x1,
	0x1, 0xd98, 0xda0, 0xda8, 0xdb0, 0xcd1, 0x810, 0x1, 0xdb8, 0xc30, 0xc38, 0x0,
	0x0, 0x0, 0x0, 0x0, 0xc42, 0xd88, 0xd90, 0xdc0, 0x812, 0x1, 0xdc8, 0x814,
	0x1, 0xdd0, 0xce0, 0xce8, 0xdd8, 0x816, 0xcc8, 0xc48, 0xde0, 0x38d9, 0x48bb, 0x90c8,
	0x90a9, 0x38c8, 0x48a9, 0x5cbb, 0x64bb, 0x5ca9, 0x64a9, 0xb8a9, 0x74a9, 0x7cd9, 0x48bb, 0x7cc8,
	0x48a9, 0xcd1, 0xcd1, 0xdc1, 0xdc1, 0xdc9, 0xdc9, 0xca9, 0xca9, 0x5ff, 0x0, 0x5ff,
	0x48ba, 0x5ff, 0x50b9, 0x442, 0x54ba, 0x462, 0x54b1, 0x5ff, 0x7cb9, 0x5ff, 0x90ba, 0x5ff,
	0x48a8, 0x5ff, 0x50a8, 0x462, 0x54a8, 0x5ff, 0x7ca8, 0x5ff, 0x90a8, 0x5ff, 0x4b1a, 0x5ff,
	0x4b08, 0x5ff, 0x92fa, 0x5ff, 0x92e8, 0x1ff
};

static constexpr uint16_t s_coll_yoFastLatinPrimaries[384] = {
	0x0, 0x0, 0x0, 0x0, 0x0, 0x0, 0x0, 0x0, 0x0, 0xc00, 0xc08, 0xc10,
	0xc18, 0xc20, 0x0, 0x0, 0x0, 0x0, 0x0, 0x0, 0x0, 0x0, 0x0, 0x0,
	0x0, 0x0, 0x0, 0x0, 0x0, 0x0, 0x0, 0x0, 0xc40, 0xca8, 0xcf0, 0xd78,
	0xe98, 0xd80, 0xd70, 0xcd8, 0xd08, 0xd10, 0xd58, 0xe30, 0xc90, 0xc60, 0xcd0, 0xd60,
	0x1000, 0x1400, 0x1800, 0x1c00, 0x2000, 0x2400, 0x2800, 0x2c00, 0x3000, 0x3400, 0xca0, 0xc98,
	0xe50, 0xe58, 0xe60, 0xcb8, 0xd50, 0x3800, 0x3c00, 0x4000, 0x4400, 0x0, 0x4c00, 0x0,
	0x5800, 0x5c00, 0x6400, 0x6800, 0x6c00, 0x7000, 0x7400, 0x0, 0x8000, 0x8400, 0x8c00, 0x0,
	0x9400, 0x9c00, 0xa000, 0xa400, 0xa800, 0xac00, 0xb000, 0xd18, 0xd68, 0xd20, 0xdf8, 0xc50,
	0xde8, 0x3800, 0x3c00, 0x4000, 0x4400, 0x0, 0x4c00, 0x0, 0x5800, 0x5c00, 0x6400, 0x6800,
	0x6c00, 0x7000, 0x7400, 0x0, 0x8000, 0x8400, 0x8c00, 0x0, 0x9400, 0x9c00, 0xa000, 0xa400,
	0xa800, 0xac00, 0xb000, 0xd28, 0xe70, 0xd30, 0xe80, 0x0, 0x0, 0x0, 0x0, 0x0,
	0x0, 0xc28, 0x0, 0x0, 0x0, 0x0, 0x0, 0x0, 0x0, 0x0, 0x0, 0x0,
	0x0, 0x0, 0x0, 0x0, 0x0, 0x0, 0x0, 0x0, 0x0, 0x0, 0x0, 0x0,
	0x0, 0x0, 0x0, 0x0, 0xc40, 0xcb0, 0xe90, 0xea0, 0xe88, 0xea8, 0xe78, 0xd40,
	0xe08, 0xe20, 0x3800, 0xcf8, 0xe68, 0x0, 0xe28, 0xe00, 0xe18, 0xe38, 0x1800, 0x1c00,
	0xdf0, 0x0, 0xd48, 0x0, 0xe10, 0x1400, 0x7c00, 0xd00, 0x0, 0x0, 0x0, 0xcc0,
	0x3800, 0x3800, 0x3800, 0x3800, 0x3800, 0x3800, 0x0, 0x4000, 0x4800, 0x4800, 0x4800, 0x4800,
	0x5c00, 0x5c00, 0x5c00, 0x5c00, 0x4400, 0x7400, 0x7c00, 0x7c00, 0x7c00, 0x7c00, 0x7c00, 0xe48,
	0x7c00, 0x9c00, 0x9c00, 0x9c00, 0x9c00, 0xac00, 0xb400, 0x0, 0x3800, 0x3800, 0x3800, 0x3800,
	0x3800, 0x3800, 0x0, 0x4000, 0x4800, 0x4800, 0x4800, 0x4800, 0x5c00, 0x5c00, 0x5c00, 0x5c00,
	0x4400, 0x7400, 0x7c00, 0x7c00, 0x7c00, 0x7c00, 0x7c00, 0xe40, 0x7c00, 0x9c00, 0x9c00, 0x9c00,
	0x9c00, 0xac00, 0xb400, 0xac00, 0x3800, 0x3800, 0x3800, 0x3800, 0x3800, 0x3800, 0x4000, 0x4000,
	0x4000, 0x4000, 0x4000, 0x4000, 0x4000, 0x4000, 0x4400, 0x4400, 0x4400, 0x4400, 0x4800, 0x4800,
	0x4800, 0x4800, 0x4800, 0x4800, 0x0, 0x0, 0x4800, 0x4800, 0x5000, 0x5000, 0x5000, 0x5000,
	0x5000, 0x5000, 0x5000, 0x5000, 0x5800, 0x5800, 0x5800, 0x5800, 0x5c00, 0x5c00, 0x5c00, 0x5c00,
	0x5c00, 0x5c00, 0x5c00, 0x5c00, 0x5c00, 0x6000, 0x0, 0x0, 0x6400, 0x6400, 0x6800, 0x6800,
	0x8800, 0x6c00, 0x6c00, 0x6c00, 0x6c00, 0x6c00, 0x6c00, 0x6c00, 0x6c00, 0x6c00, 0x6c00, 0x7400,
	0x7400, 0x7400, 0x7400, 0x7400, 0x7400, 0x0, 0x7800, 0x7800, 0x7c00, 0x7c00, 0x7c00, 0x7c00,
	0x7c00, 0x7c00, 0x0, 0x0, 0x8c00, 0x8c00, 0x8c00, 0x8c00, 0x8c00, 0x8c00, 0x9000, 0x9000,
	0x9000, 0x9000, 0x0, 0x0, 0x9000, 0x9000, 0x9400, 0x9400, 0x9400, 0x9400, 0x9800, 0x9800,
	0x9c00, 0x9c00, 0x9c00, 0x9c00, 0x9c00, 0x9c00, 0x9c00, 0x9c00, 0x9c00, 0x9c00, 0x9c00, 0x9c00,
	0xa400, 0xa400, 0xac00, 0xac00, 0xac00, 0xb000, 0xb000, 0xb000, 0xb000, 0xb000, 0xb000, 0x9000
};

static constexpr int32_t s_coll_yoFastLatinMiniVarTop = 0xbff;

static constexpr uint32_t s_coll_yoNumericPrimary = 0x10000000;
static constexpr int32_t s_coll_yoOptions = 0x2011;
static constexpr int32_t s_coll_yoJamoCe32sStart = -1;

static constexpr uint32_t s_coll_yoUnsafeBwd[848] = {
	0x34, 0x35, 0x42, 0x43, 0x4c, 0x4d, 0x62, 0x63, 0xa0, 0xa1, 0x300, 0x34f,
	0x350, 0x370, 0x3a9, 0x3aa, 0x3e2, 0x3e3, 0x42f, 0x430, 0x483, 0x488, 0x531, 0x532,
	0x591, 0x5be, 0x5bf, 0x5c0, 0x5c1, 0x5c3, 0x5c4, 0x5c6, 0x5c7, 0x5c8, 0x5d0, 0x5d1,
	0x610, 0x61b, 0x628, 0x629, 0x64b, 0x660, 0x670, 0x671, 0x6d6, 0x6dd, 0x6df, 0x6e5,
	0x6e7, 0x6e9, 0x6ea, 0x6ee, 0x710, 0x712, 0x730, 0x74b, 0x78c, 0x78d, 0x7ca, 0x7cb,
	0x7eb, 0x7f4, 0x7fd, 0x7fe, 0x800, 0x801, 0x816, 0x81a, 0x81b, 0x824, 0x825, 0x828,
	0x829, 0x82e, 0x840, 0x841, 0x859, 0x85c, 0x897, 0x8a0, 0x8ca, 0x8e2, 0x8e3, 0x900,
	0x905, 0x906, 0x93c, 0x93d, 0x94d, 0x94e, 0x951, 0x955, 0x995, 0x996, 0x9bc, 0x9bd,
	0x9be, 0x9bf, 0x9cd, 0x9ce, 0x9d7, 0x9d8, 0x9fe, 0x9ff, 0xa15, 0xa16, 0xa3c, 0xa3d,
	0xa4d, 0xa4e, 0xa95, 0xa96, 0xabc, 0xabd, 0xacd, 0xace, 0xb15, 0xb16, 0xb3c, 0xb3d,
	0xb3e, 0xb3f, 0xb4d, 0xb4e, 0xb56, 0xb58, 0xb95, 0xb96, 0xbbe, 0xbbf, 0xbcd, 0xbce,
	0xbd7, 0xbd8, 0xc15, 0xc16, 0xc3c, 0xc3d, 0xc4d, 0xc4e, 0xc55, 0xc57, 0xc95, 0xc96,
	0xcbc, 0xcbd, 0xcc2, 0xcc3, 0xccd, 0xcce, 0xcd5, 0xcd7, 0xd15, 0xd16, 0xd3b, 0xd3d,
	0xd3e, 0xd3f, 0xd4d, 0xd4e, 0xd57, 0xd58, 0xd85, 0xd86, 0xdca, 0xdcb, 0xdcf, 0xdd0,
	0xddf, 0xde0, 0xe01, 0xe2f, 0xe32, 0xe33, 0xe38, 0xe3b, 0xe48, 0xe4c, 0xe81, 0xe83,
	0xe84, 0xe85, 0xe86, 0xe8b, 0xe8c, 0xea4, 0xea5, 0xea6, 0xea7, 0xeaf, 0xeb2, 0xeb3,
	0xeb8, 0xebb, 0xec8, 0xecc, 0xedc, 0xee0, 0xf18, 0xf1a, 0xf35, 0xf36, 0xf37, 0xf38,
	0xf39, 0xf3a, 0xf40, 0xf41, 0xf71, 0xf76, 0xf7a, 0xf7e, 0xf80, 0xf85, 0xf86, 0xf88,
	0xfc6, 0xfc7, 0x1000, 0x1001, 0x102e, 0x102f, 0x1037, 0x1038, 0x1039, 0x103b, 0x108d, 0x108e,
	0x10d3, 0x10d4, 0x12a0, 0x12a1, 0x135d, 0x1360, 0x13c4, 0x13c5, 0x14c0, 0x14c1, 0x168f, 0x1690,
	0x16a0, 0x16a1, 0x1703, 0x1704, 0x1714, 0x1716, 0x1723, 0x1724, 0x1734, 0x1735, 0x1743, 0x1744,
	0x1763, 0x1764, 0x1780, 0x1781, 0x17d2, 0x17d3, 0x17dd, 0x17de, 0x1826, 0x1827, 0x18a9, 0x18aa,
	0x1900, 0x1901, 0x1939, 0x193c, 0x1950, 0x1951, 0x1980, 0x19ac, 0x1a00, 0x1a01, 0x1a17, 0x1a19,
	0x1a20, 0x1a21, 0x1a60, 0x1a61, 0x1a75, 0x1a7d, 0x1a7f, 0x1a80, 0x1ab0, 0x1abe, 0x1abf, 0x1ade,
	0x1ae0, 0x1aec, 0x1b05, 0x1b06, 0x1b34, 0x1b36, 0x1b44, 0x1b45, 0x1b6b, 0x1b74, 0x1b83, 0x1b84,
	0x1baa, 0x1bac, 0x1bc0, 0x1bc1, 0x1be6, 0x1be7, 0x1bf2, 0x1bf4, 0x1c00, 0x1c01, 0x1c37, 0x1c38,
	0x1c5a, 0x1c5b, 0x1cd0, 0x1cd3, 0x1cd4, 0x1ce1, 0x1ce2, 0x1ce9, 0x1ced, 0x1cee, 0x1cf4, 0x1cf5,
	0x1cf8, 0x1cfa, 0x1dc0, 0x1e00, 0x1e02, 0x1e08, 0x201c, 0x201d, 0x20ac, 0x20ad, 0x20d0, 0x20dd,
	0x20e1, 0x20e2, 0x20e5, 0x20f1, 0x263a, 0x263b, 0x2c00, 0x2c01, 0x2cef, 0x2cf2, 0x2d30, 0x2d31,
	0x2d7f, 0x2d80, 0x2de0, 0x2e00, 0x302a, 0x3030, 0x304b, 0x304c, 0x3099, 0x309b, 0x30ab, 0x30ac,
	0x3105, 0x3106, 0x5b57, 0x5b58, 0xa288, 0xa289, 0xa4d0, 0xa4d1, 0xa549, 0xa54a, 0xa66f, 0xa670,
	0xa674, 0xa67e, 0xa69e, 0xa6a1, 0xa6f0, 0xa6f2, 0xa800, 0xa801, 0xa806, 0xa807, 0xa82c, 0xa82d,
	0xa840, 0xa841, 0xa882, 0xa883, 0xa8c4, 0xa8c5, 0xa8e0, 0xa8f2, 0xa90a, 0xa90b, 0xa92b, 0xa92e,
	0xa930, 0xa931, 0xa953, 0xa954, 0xa984, 0xa985, 0xa9b3, 0xa9b4, 0xa9c0, 0xa9c1, 0xaa00, 0xaa01,
	0xaa80, 0xaab1, 0xaab2, 0xaab5, 0xaab7, 0xaab9, 0xaabe, 0xaac0, 0xaac1, 0xaac2, 0xaaf6, 0xaaf7,
	0xabc0, 0xabc1, 0xabed, 0xabee, 0xac00, 0xac01, 0xd800, 0xd809, 0xd80b, 0xd80d, 0xd811, 0xd812,
	0xd818, 0xd819, 0xd81a, 0xd81c, 0xd820, 0xd821, 0xd823, 0xd824, 0xd82c, 0xd82d, 0xd82f, 0xd830,
	0xd834, 0xd835, 0xd838, 0xd83b, 0xdc00, 0xe000, 0xfb1e, 0xfb1f, 0xfdd0, 0xfdd1, 0xfe20, 0xfe30,
	0x10000, 0x10001, 0x101fd, 0x101fe, 0x10280, 0x10281, 0x102a0, 0x102a1, 0x102e0, 0x102e1, 0x10300, 0x10301,
	0x10330, 0x10331, 0x1036b, 0x1036c, 0x10376, 0x1037b, 0x10380, 0x10381, 0x103a0, 0x103a1, 0x10414, 0x10415,
	0x10450, 0x10451, 0x10480, 0x10481, 0x104b5, 0x104b6, 0x10500, 0x10501, 0x10537, 0x10538, 0x10582, 0x10583,
	0x105c2, 0x105c3, 0x10647, 0x10648, 0x10800, 0x10801, 0x10840, 0x10841, 0x10873, 0x10874, 0x10896, 0x10897,
	0x108f4, 0x108f5, 0x10900, 0x10901, 0x10920, 0x10921, 0x10950, 0x10951, 0x10980, 0x10981, 0x109a0, 0x109a1,
	0x10a00, 0x10a01, 0x10a0d, 0x10a0e, 0x10a0f, 0x10a10, 0x10a38, 0x10a3b, 0x10a3f, 0x10a40, 0x10a60, 0x10a61,
	0x10a95, 0x10a96, 0x10ad8, 0x10ad9, 0x10ae5, 0x10ae7, 0x10b00, 0x10b01, 0x10b40, 0x10b41, 0x10b60, 0x10b61,
	0x10b8f, 0x10b90, 0x10c00, 0x10c01, 0x10ca1, 0x10ca2, 0x10d12, 0x10d13, 0x10d24, 0x10d28, 0x10d5d, 0x10d5e,
	0x10d69, 0x10d6e, 0x10e88, 0x10e89, 0x10eab, 0x10ead, 0x10efa, 0x10efc, 0x10efd, 0x10f00, 0x10f19, 0x10f1a,
	0x10f42, 0x10f43, 0x10f46, 0x10f51, 0x10f7c, 0x10f7d, 0x10f82, 0x10f86, 0x10fbf, 0x10fc0, 0x10ff1, 0x10ff2,
	0x11005, 0x11006, 0x11046, 0x11047, 0x11070, 0x11071, 0x1107f, 0x11080, 0x11083, 0x11084, 0x110b9, 0x110bb,
	0x110d0, 0x110d1, 0x11100, 0x11104, 0x11127, 0x11128, 0x11133, 0x11135, 0x11152, 0x11153, 0x11173, 0x11174,
	0x11183, 0x11184, 0x111c0, 0x111c1, 0x111ca, 0x111cb, 0x11208, 0x11209, 0x11235, 0x11237, 0x1128f, 0x11290,
	0x112be, 0x112bf, 0x112e9, 0x112eb, 0x11315, 0x11316, 0x1133b, 0x1133d, 0x1133e, 0x1133f, 0x1134d, 0x1134e,
	0x11357, 0x11358, 0x11366, 0x1136d, 0x11370, 0x11375, 0x11392, 0x11393, 0x113b8, 0x113b9, 0x113bb, 0x113bc,
	0x113c2, 0x113c3, 0x113c9, 0x113ca, 0x113ce, 0x113d1, 0x11412, 0x11413, 0x11442, 0x11443, 0x11446, 0x11447,
	0x1145e, 0x1145f, 0x11484, 0x11485, 0x114b0, 0x114b1, 0x114ba, 0x114bb, 0x114bd, 0x114be, 0x114c2, 0x114c4,
	0x1158e, 0x1158f, 0x115af, 0x115b0, 0x115bf, 0x115c1, 0x1160e, 0x1160f, 0x1163f, 0x11640, 0x11680, 0x11681,
	0x116b6, 0x116b8, 0x11717, 0x11718, 0x1172b, 0x1172c, 0x1180b, 0x1180c, 0x11839, 0x1183b, 0x118b4, 0x118b5,
	0x1190c, 0x1190d, 0x11930, 0x11931, 0x1193d, 0x1193f, 0x11943, 0x11944, 0x119ce, 0x119cf, 0x119e0, 0x119e1,
	0x11a0b, 0x11a0c, 0x11a34, 0x11a35, 0x11a47, 0x11a48, 0x11a5c, 0x11a5d, 0x11a99, 0x11a9a, 0x11ac0, 0x11ac1,
	0x11bc4, 0x11bc5, 0x11c0e, 0x11c0f, 0x11c3f, 0x11c40, 0x11c72, 0x11c73, 0x11d10, 0x11d11, 0x11d42, 0x11d43,
	0x11d44, 0x11d46, 0x11d71, 0x11d72, 0x11d97, 0x11d98, 0x11dc6, 0x11dc7, 0x11ee5, 0x11ee6, 0x11f1b, 0x11f1c,
	0x11f41, 0x11f43, 0x12000, 0x12001, 0x12fe5, 0x12fe6, 0x13153, 0x13154, 0x14400, 0x14401, 0x1611c, 0x1611d,
	0x1611e, 0x16121, 0x16123, 0x16126, 0x16129, 0x1612a, 0x1612f, 0x16130, 0x16a4f, 0x16a50, 0x16abc, 0x16abd,
	0x16ae6, 0x16ae7, 0x16af0, 0x16af5, 0x16b1c, 0x16b1d, 0x16b30, 0x16b37, 0x16d45, 0x16d46, 0x16d67, 0x16d69,
	0x16e40, 0x16e41, 0x16ea1, 0x16ea2, 0x16f00, 0x16f01, 0x16ff0, 0x16ff2, 0x18229, 0x1822a, 0x18c65, 0x18c66,
	0x1b1c4, 0x1b1c5, 0x1bc20, 0x1bc21, 0x1bc9e, 0x1bc9f, 0x1d165, 0x1d16a, 0x1d16d, 0x1d173, 0x1d17b, 0x1d183,
	0x1d185, 0x1d18c, 0x1d1aa, 0x1d1ae, 0x1d242, 0x1d245, 0x1e000, 0x1e007, 0x1e008, 0x1e019, 0x1e01b, 0x1e022,
	0x1e023, 0x1e025, 0x1e026, 0x1e02b, 0x1e08f, 0x1e090, 0x1e108, 0x1e109, 0x1e130, 0x1e137, 0x1e290, 0x1e291,
	0x1e2ae, 0x1e2af, 0x1e2e1, 0x1e2e2, 0x1e2ec, 0x1e2f0, 0x1e4e6, 0x1e4e7, 0x1e4ec, 0x1e4f0, 0x1e5d0, 0x1e5d1,
	0x1e5ee, 0x1e5f0, 0x1e6d5, 0x1e6d6, 0x1e6e3, 0x1e6e4, 0x1e6e6, 0x1e6e7, 0x1e6ee, 0x1e6f0, 0x1e6f5, 0x1e6f6,
	0x1e802, 0x1e803, 0x1e8d0, 0x1e8d7, 0x1e909, 0x1e90a, 0x1e944, 0x1e94b
};

static constexpr int32_t s_coll_yoUnsafeBwdLength = 848;

static constexpr CollationData s_coll_bloData = {
	{s_coll_bloTrieIndex, s_coll_bloTrieData, s_coll_bloTrieIndexLength, s_coll_bloTrieDataLength,
		s_coll_bloTrieHighStart, s_coll_bloTrieHighValueIndex},
	s_coll_bloCe32s, 169,
	s_collRootCes, 2041,
	s_coll_bloContexts, 340,
	&s_collRootData,
	s_collRootCe32s + s_collRootJamoCe32sStart,
	s_coll_bloNumericPrimary,
	s_collRootCompressible,
	s_coll_bloUnsafeBwd, s_coll_bloUnsafeBwdLength,
	s_coll_bloFastLatin, 554,
	s_coll_bloFastLatinPrimaries,
	s_collRootNumScripts, s_collRootScripts + 1, s_collRootScripts + s_collRootScriptStartsOffset,
		s_collRootScriptStartsLength,
};

static constexpr CollationData s_coll_cebData = {
	{s_coll_cebTrieIndex, s_coll_cebTrieData, s_coll_cebTrieIndexLength, s_coll_cebTrieDataLength,
		s_coll_cebTrieHighStart, s_coll_cebTrieHighValueIndex},
	s_coll_cebCe32s, 75,
	s_collRootCes, 2041,
	s_coll_cebContexts, 144,
	&s_collRootData,
	s_collRootCe32s + s_collRootJamoCe32sStart,
	s_coll_cebNumericPrimary,
	s_collRootCompressible,
	s_coll_cebUnsafeBwd, s_coll_cebUnsafeBwdLength,
	s_coll_cebFastLatin, 518,
	s_coll_cebFastLatinPrimaries,
	s_collRootNumScripts, s_collRootScripts + 1, s_collRootScripts + s_collRootScriptStartsOffset,
		s_collRootScriptStartsLength,
};

static constexpr CollationData s_coll_eeData = {
	{s_coll_eeTrieIndex, s_coll_eeTrieData, s_coll_eeTrieIndexLength, s_coll_eeTrieDataLength,
		s_coll_eeTrieHighStart, s_coll_eeTrieHighValueIndex},
	s_coll_eeCe32s, 308,
	s_collRootCes, 2041,
	s_coll_eeContexts, 397,
	&s_collRootData,
	s_collRootCe32s + s_collRootJamoCe32sStart,
	s_coll_eeNumericPrimary,
	s_collRootCompressible,
	s_coll_eeUnsafeBwd, s_coll_eeUnsafeBwdLength,
	s_coll_eeFastLatin, 590,
	s_coll_eeFastLatinPrimaries,
	s_collRootNumScripts, s_collRootScripts + 1, s_collRootScripts + s_collRootScriptStartsOffset,
		s_collRootScriptStartsLength,
};

static constexpr CollationData s_coll_ff_AdlmData = {
	{s_coll_ff_AdlmTrieIndex, s_coll_ff_AdlmTrieData, s_coll_ff_AdlmTrieIndexLength, s_coll_ff_AdlmTrieDataLength,
		s_coll_ff_AdlmTrieHighStart, s_coll_ff_AdlmTrieHighValueIndex},
	s_coll_ff_AdlmCe32s, 17,
	s_coll_ff_AdlmCes, 42,
	s_coll_ff_AdlmContexts, 808,
	&s_collRootData,
	s_collRootCe32s + s_collRootJamoCe32sStart,
	s_coll_ff_AdlmNumericPrimary,
	s_collRootCompressible,
	s_coll_ff_AdlmUnsafeBwd, s_coll_ff_AdlmUnsafeBwdLength,
	s_collRootFastLatin, 480,
	s_collRootFastLatinPrimaries,
	s_collRootNumScripts, s_collRootScripts + 1, s_collRootScripts + s_collRootScriptStartsOffset,
		s_collRootScriptStartsLength,
};

static constexpr CollationData s_coll_haData = {
	{s_coll_haTrieIndex, s_coll_haTrieData, s_coll_haTrieIndexLength, s_coll_haTrieDataLength,
		s_coll_haTrieHighStart, s_coll_haTrieHighValueIndex},
	s_coll_haCe32s, 208,
	s_collRootCes, 2041,
	s_coll_haContexts, 368,
	&s_collRootData,
	s_collRootCe32s + s_collRootJamoCe32sStart,
	s_coll_haNumericPrimary,
	s_collRootCompressible,
	s_coll_haUnsafeBwd, s_coll_haUnsafeBwdLength,
	s_coll_haFastLatin, 548,
	s_coll_haFastLatinPrimaries,
	s_collRootNumScripts, s_collRootScripts + 1, s_collRootScripts + s_collRootScriptStartsOffset,
		s_collRootScriptStartsLength,
};

static constexpr CollationData s_coll_hawData = {
	{s_coll_hawTrieIndex, s_coll_hawTrieData, s_coll_hawTrieIndexLength, s_coll_hawTrieDataLength,
		s_coll_hawTrieHighStart, s_coll_hawTrieHighValueIndex},
	s_coll_hawCe32s, 511,
	s_collRootCes, 2041,
	s_collRootContexts, 4619,
	&s_collRootData,
	s_collRootCe32s + s_collRootJamoCe32sStart,
	s_coll_hawNumericPrimary,
	s_collRootCompressible,
	s_collRootUnsafeBwd, s_collRootUnsafeBwdLength,
	s_coll_hawFastLatin, 480,
	s_coll_hawFastLatinPrimaries,
	s_collRootNumScripts, s_collRootScripts + 1, s_collRootScripts + s_collRootScriptStartsOffset,
		s_collRootScriptStartsLength,
};

static constexpr CollationData s_coll_igData = {
	{s_coll_igTrieIndex, s_coll_igTrieData, s_coll_igTrieIndexLength, s_coll_igTrieDataLength,
		s_coll_igTrieHighStart, s_coll_igTrieHighValueIndex},
	s_coll_igCe32s, 403,
	s_collRootCes, 2041,
	s_coll_igContexts, 870,
	&s_collRootData,
	s_collRootCe32s + s_collRootJamoCe32sStart,
	s_coll_igNumericPrimary,
	s_collRootCompressible,
	s_coll_igUnsafeBwd, s_coll_igUnsafeBwdLength,
	s_coll_igFastLatin, 632,
	s_coll_igFastLatinPrimaries,
	s_collRootNumScripts, s_collRootScripts + 1, s_collRootScripts + s_collRootScriptStartsOffset,
		s_collRootScriptStartsLength,
};

static constexpr CollationData s_coll_kuData = {
	{s_coll_kuTrieIndex, s_coll_kuTrieData, s_coll_kuTrieIndexLength, s_coll_kuTrieDataLength,
		s_coll_kuTrieHighStart, s_coll_kuTrieHighValueIndex},
	s_coll_kuCe32s, 197,
	s_collRootCes, 2041,
	s_coll_kuContexts, 562,
	&s_collRootData,
	s_collRootCe32s + s_collRootJamoCe32sStart,
	s_coll_kuNumericPrimary,
	s_collRootCompressible,
	s_collRootUnsafeBwd, s_collRootUnsafeBwdLength,
	s_coll_kuFastLatin, 512,
	s_coll_kuFastLatinPrimaries,
	s_collRootNumScripts, s_collRootScripts + 1, s_collRootScripts + s_collRootScriptStartsOffset,
		s_collRootScriptStartsLength,
};

static constexpr CollationData s_coll_lktData = {
	{s_coll_lktTrieIndex, s_coll_lktTrieData, s_coll_lktTrieIndexLength, s_coll_lktTrieDataLength,
		s_coll_lktTrieHighStart, s_coll_lktTrieHighValueIndex},
	s_coll_lktCe32s, 63,
	s_collRootCes, 2041,
	s_coll_lktContexts, 189,
	&s_collRootData,
	s_collRootCe32s + s_collRootJamoCe32sStart,
	s_coll_lktNumericPrimary,
	s_collRootCompressible,
	s_collRootUnsafeBwd, s_collRootUnsafeBwdLength,
	s_coll_lktFastLatin, 512,
	s_coll_lktFastLatinPrimaries,
	s_collRootNumScripts, s_collRootScripts + 1, s_collRootScripts + s_collRootScriptStartsOffset,
		s_collRootScriptStartsLength,
};

static constexpr CollationData s_coll_lnData = {
	{s_coll_lnTrieIndex, s_coll_lnTrieData, s_coll_lnTrieIndexLength, s_coll_lnTrieDataLength,
		s_coll_lnTrieHighStart, s_coll_lnTrieHighValueIndex},
	s_coll_lnCe32s, 17,
	s_collRootCes, 2041,
	s_collRootContexts, 4619,
	&s_collRootData,
	s_collRootCe32s + s_collRootJamoCe32sStart,
	s_coll_lnNumericPrimary,
	s_collRootCompressible,
	s_collRootUnsafeBwd, s_collRootUnsafeBwdLength,
	s_collRootFastLatin, 480,
	s_collRootFastLatinPrimaries,
	s_collRootNumScripts, s_collRootScripts + 1, s_collRootScripts + s_collRootScriptStartsOffset,
		s_collRootScriptStartsLength,
};

static constexpr CollationData s_coll_nsoData = {
	{s_coll_nsoTrieIndex, s_coll_nsoTrieData, s_coll_nsoTrieIndexLength, s_coll_nsoTrieDataLength,
		s_coll_nsoTrieHighStart, s_coll_nsoTrieHighValueIndex},
	s_coll_nsoCe32s, 109,
	s_collRootCes, 2041,
	s_coll_nsoContexts, 183,
	&s_collRootData,
	s_collRootCe32s + s_collRootJamoCe32sStart,
	s_coll_nsoNumericPrimary,
	s_collRootCompressible,
	s_collRootUnsafeBwd, s_collRootUnsafeBwdLength,
	s_coll_nsoFastLatin, 500,
	s_coll_nsoFastLatinPrimaries,
	s_collRootNumScripts, s_collRootScripts + 1, s_collRootScripts + s_collRootScriptStartsOffset,
		s_collRootScriptStartsLength,
};

static constexpr CollationData s_coll_omData = {
	{s_coll_omTrieIndex, s_coll_omTrieData, s_coll_omTrieIndexLength, s_coll_omTrieDataLength,
		s_coll_omTrieHighStart, s_coll_omTrieHighValueIndex},
	s_coll_omCe32s, 207,
	s_coll_omCes, 89,
	s_coll_omContexts, 555,
	&s_collRootData,
	s_collRootCe32s + s_collRootJamoCe32sStart,
	s_coll_omNumericPrimary,
	s_collRootCompressible,
	s_coll_omUnsafeBwd, s_coll_omUnsafeBwdLength,
	s_coll_omFastLatin, 584,
	s_coll_omFastLatinPrimaries,
	s_collRootNumScripts, s_collRootScripts + 1, s_collRootScripts + s_collRootScriptStartsOffset,
		s_collRootScriptStartsLength,
};

static constexpr CollationData s_coll_toData = {
	{s_coll_toTrieIndex, s_coll_toTrieData, s_coll_toTrieIndexLength, s_coll_toTrieDataLength,
		s_coll_toTrieHighStart, s_coll_toTrieHighValueIndex},
	s_coll_toCe32s, 275,
	s_collRootCes, 2041,
	s_coll_toContexts, 748,
	&s_collRootData,
	s_collRootCe32s + s_collRootJamoCe32sStart,
	s_coll_toNumericPrimary,
	s_collRootCompressible,
	s_coll_toUnsafeBwd, s_coll_toUnsafeBwdLength,
	s_coll_toFastLatin, 550,
	s_coll_toFastLatinPrimaries,
	s_collRootNumScripts, s_collRootScripts + 1, s_collRootScripts + s_collRootScriptStartsOffset,
		s_collRootScriptStartsLength,
};

static constexpr CollationData s_coll_woData = {
	{s_coll_woTrieIndex, s_coll_woTrieData, s_coll_woTrieIndexLength, s_coll_woTrieDataLength,
		s_coll_woTrieHighStart, s_coll_woTrieHighValueIndex},
	s_coll_woCe32s, 109,
	s_collRootCes, 2041,
	s_coll_woContexts, 370,
	&s_collRootData,
	s_collRootCe32s + s_collRootJamoCe32sStart,
	s_coll_woNumericPrimary,
	s_collRootCompressible,
	s_collRootUnsafeBwd, s_collRootUnsafeBwdLength,
	s_coll_woFastLatin, 508,
	s_coll_woFastLatinPrimaries,
	s_collRootNumScripts, s_collRootScripts + 1, s_collRootScripts + s_collRootScriptStartsOffset,
		s_collRootScriptStartsLength,
};

static constexpr CollationData s_coll_yoData = {
	{s_coll_yoTrieIndex, s_coll_yoTrieData, s_coll_yoTrieIndexLength, s_coll_yoTrieDataLength,
		s_coll_yoTrieHighStart, s_coll_yoTrieHighValueIndex},
	s_coll_yoCe32s, 67,
	s_collRootCes, 2041,
	s_coll_yoContexts, 143,
	&s_collRootData,
	s_collRootCe32s + s_collRootJamoCe32sStart,
	s_coll_yoNumericPrimary,
	s_collRootCompressible,
	s_coll_yoUnsafeBwd, s_coll_yoUnsafeBwdLength,
	s_coll_yoFastLatin, 510,
	s_coll_yoFastLatinPrimaries,
	s_collRootNumScripts, s_collRootScripts + 1, s_collRootScripts + s_collRootScriptStartsOffset,
		s_collRootScriptStartsLength,
};

static constexpr CollationTailoring s_coll_bloTailoring = {
	&s_coll_bloData,
	s_coll_bloOptions,
	nullptr,
	nullptr, 0, 0,
};

static constexpr CollationTailoring s_coll_cebTailoring = {
	&s_coll_cebData,
	s_coll_cebOptions,
	nullptr,
	nullptr, 0, 0,
};

static constexpr CollationTailoring s_coll_eeTailoring = {
	&s_coll_eeData,
	s_coll_eeOptions,
	nullptr,
	nullptr, 0, 0,
};

static constexpr CollationTailoring s_coll_ff_AdlmTailoring = {
	&s_coll_ff_AdlmData,
	s_coll_ff_AdlmOptions,
	nullptr,
	nullptr, 0, 0,
};

static constexpr CollationTailoring s_coll_haTailoring = {
	&s_coll_haData,
	s_coll_haOptions,
	nullptr,
	nullptr, 0, 0,
};

static constexpr CollationTailoring s_coll_hawTailoring = {
	&s_coll_hawData,
	s_coll_hawOptions,
	nullptr,
	nullptr, 0, 0,
};

static constexpr CollationTailoring s_coll_igTailoring = {
	&s_coll_igData,
	s_coll_igOptions,
	nullptr,
	nullptr, 0, 0,
};

static constexpr CollationTailoring s_coll_kuTailoring = {
	&s_coll_kuData,
	s_coll_kuOptions,
	s_coll_kuReorderTable,
	nullptr, 0, 0,
};

static constexpr CollationTailoring s_coll_lktTailoring = {
	&s_coll_lktData,
	s_coll_lktOptions,
	nullptr,
	nullptr, 0, 0,
};

static constexpr CollationTailoring s_coll_lnTailoring = {
	&s_coll_lnData,
	s_coll_lnOptions,
	nullptr,
	nullptr, 0, 0,
};

static constexpr CollationTailoring s_coll_nsoTailoring = {
	&s_coll_nsoData,
	s_coll_nsoOptions,
	nullptr,
	nullptr, 0, 0,
};

static constexpr CollationTailoring s_coll_omTailoring = {
	&s_coll_omData,
	s_coll_omOptions,
	nullptr,
	nullptr, 0, 0,
};

static constexpr CollationTailoring s_coll_toTailoring = {
	&s_coll_toData,
	s_coll_toOptions,
	nullptr,
	nullptr, 0, 0,
};

static constexpr CollationTailoring s_coll_woTailoring = {
	&s_coll_woData,
	s_coll_woOptions,
	nullptr,
	nullptr, 0, 0,
};

static constexpr CollationTailoring s_coll_yoTailoring = {
	&s_coll_yoData,
	s_coll_yoOptions,
	nullptr,
	nullptr, 0, 0,
};

} // namespace sprt::unicode::detail
