/**
 Copyright (c) 2026 Xenolith Team <admin@xenolith.studio>

 Permission is hereby granted, free of charge, to any person obtaining a copy
 of this software and associated documentation files (the "Software"), to deal
 in the Software without restriction, including without limitation the rights
 to use, copy, modify, merge, publish, distribute, sublicense, and/or sell
 copies of the Software, and to permit persons to whom the Software is
 furnished to do so, subject to the following conditions:

 The above copyright notice and this permission notice shall be included in
 all copies or substantial portions of the Software.

 THE SOFTWARE IS PROVIDED "AS IS", WITHOUT WARRANTY OF ANY KIND, EXPRESS OR
 IMPLIED, INCLUDING BUT NOT LIMITED TO THE WARRANTIES OF MERCHANTABILITY,
 FITNESS FOR A PARTICULAR PURPOSE AND NONINFRINGEMENT. IN NO EVENT SHALL THE
 AUTHORS OR COPYRIGHT HOLDERS BE LIABLE FOR ANY CLAIM, DAMAGES OR OTHER
 LIABILITY, WHETHER IN AN ACTION OF CONTRACT, TORT OR OTHERWISE, ARISING FROM,
 OUT OF OR IN CONNECTION WITH THE SOFTWARE OR THE USE OR OTHER DEALINGS IN
 THE SOFTWARE.
 **/

// © 2016 and later: Unicode, Inc. and others.
// License & terms of use: http://www.unicode.org/copyright.html
// Copyright (C) 1999-2016, International Business Machines Corporation and others.
// All Rights Reserved.
//
// GENERATED FILE - do not edit.  Produced by
// runtime/src/unicode/data/gen-collation-tables.py from the icu4c checkout in
// runtime/toolchains/src/icu4c.  See data/README.adoc to regenerate.

// Collation tailorings: Latin, Turkic languages and Vietnamese.
//
// Each of these sits on top of the root table: its trie answers with
// FallbackCE32 for every character the language does not move, and the
// engine follows the base from there.

///@ SP_EXCLUDE

#pragma once

namespace sprt::unicode::detail {

static constexpr uint16_t s_coll_azTrieIndex[2112] = {
	0x0, 0x8, 0x10, 0x18, 0x30, 0x38, 0x40, 0x48, 0x50, 0x58, 0x5d, 0x65, 0x6b, 0x73, 0x78, 0x80,
	0x86, 0x8e, 0x91, 0x99, 0x30, 0x38, 0x30, 0x38, 0x30, 0x38, 0x30, 0x38, 0x30, 0x38, 0x30, 0x38,
	0x30, 0x38, 0x30, 0x38, 0x30, 0x38, 0x30, 0x38, 0x30, 0x38, 0x30, 0x38, 0x30, 0x38, 0x30, 0x38,
	0x30, 0x38, 0x30, 0x38, 0x30, 0x38, 0x30, 0x38, 0x30, 0x38, 0x30, 0x38, 0x30, 0x38, 0x30, 0x38,
	0x30, 0x30, 0x30, 0x30, 0x30, 0x30, 0x30, 0x30, 0x30, 0x30, 0x30, 0x30, 0x30, 0x30, 0x30, 0x30,
	0x30, 0x30, 0x30, 0x30, 0x30, 0x30, 0x30, 0x30, 0x30, 0x30, 0x30, 0x30, 0x30, 0x30, 0x30, 0x30,
	0x30, 0x30, 0x30, 0x30, 0x30, 0x30, 0x30, 0x30, 0x30, 0x30, 0x30, 0x30, 0x30, 0x30, 0x30, 0x30,
	0x30, 0x30, 0x30, 0x30, 0x30, 0x30, 0x30, 0x30, 0x30, 0x30, 0x30, 0x30, 0x30, 0x30, 0x30, 0x30,
	0x30, 0x30, 0x30, 0x30, 0x30, 0x30, 0x30, 0x30, 0x30, 0x30, 0x30, 0x30, 0x30, 0x30, 0x30, 0x30,
	0x30, 0x30, 0x30, 0x30, 0x30, 0x30, 0x30, 0x30, 0x30, 0x30, 0x30, 0x30, 0x30, 0x30, 0x30, 0x30,
	0x30, 0x30, 0x30, 0x30, 0x30, 0x30, 0x30, 0x30, 0x30, 0x30, 0x30, 0x30, 0x30, 0x30, 0x30, 0x30,
	0x30, 0x30, 0x30, 0x30, 0x30, 0x30, 0x30, 0x30, 0x30, 0x30, 0x30, 0x30, 0x30, 0x30, 0x30, 0x30,
	0x30, 0x30, 0x30, 0x30, 0x30, 0x30, 0x30, 0x30, 0x30, 0x30, 0x30, 0x30, 0x30, 0x30, 0x30, 0x30,
	0x30, 0x30, 0x30, 0x30, 0x30, 0x30, 0x30, 0x30, 0x30, 0x30, 0x30, 0x30, 0x30, 0x30, 0x30, 0x30,
	0x30, 0x30, 0x30, 0x30, 0x30, 0x30, 0x30, 0x30, 0x30, 0x30, 0x30, 0x30, 0x30, 0x30, 0x30, 0x30,
	0xaf, 0xb4, 0x30, 0xb8, 0xc0, 0x30, 0xc7, 0xcf, 0x30, 0x30, 0x30, 0x30, 0x30, 0x30, 0x30, 0x30,
	0x30, 0x30, 0x30, 0x30, 0x30, 0x30, 0x30, 0x30, 0x30, 0x30, 0x30, 0x30, 0x30, 0x30, 0x30, 0x30,
	0x30, 0x30, 0x30, 0x30, 0x30, 0x30, 0x30, 0x30, 0x30, 0x30, 0x30, 0x30, 0x30, 0x30, 0x30, 0x30,
	0x30, 0x30, 0x30, 0x30, 0x30, 0x30, 0x30, 0x30, 0x30, 0x30, 0x30, 0x30, 0x30, 0x30, 0x30, 0x30,
	0x30, 0x30, 0x30, 0x30, 0x30, 0x30, 0x30, 0x30, 0x30, 0x30, 0x30, 0x30, 0x30, 0x30, 0x30, 0x30,
	0x30, 0x30, 0x30, 0x30, 0x30, 0x30, 0x30, 0x30, 0x30, 0x30, 0x30, 0x30, 0x30, 0x30, 0x30, 0x30,
	0x30, 0x30, 0x30, 0x30, 0x30, 0x30, 0x30, 0x30, 0x30, 0x30, 0x30, 0x30, 0x30, 0x30, 0x30, 0x30,
	0x30, 0x30, 0x30, 0x30, 0x30, 0x30, 0x30, 0x30, 0x30, 0x30, 0x30, 0x30, 0x30, 0x30, 0x30, 0x30,
	0x30, 0x30, 0x30, 0x30, 0x30, 0x30, 0x30, 0x30, 0x30, 0x30, 0x30, 0x30, 0x30, 0x30, 0x30, 0x30,
	0x30, 0x30, 0x30, 0x30, 0x30, 0x30, 0x30, 0x30, 0x30, 0x30, 0x30, 0x30, 0x30, 0x30, 0x30, 0x30,
	0x30, 0x30, 0x30, 0x30, 0x30, 0x30, 0x30, 0x30, 0x30, 0x30, 0x30, 0x30, 0x30, 0x30, 0x30, 0x30,
	0x30, 0x30, 0x30, 0x30, 0x30, 0x30, 0x30, 0x30, 0x30, 0x30, 0x30, 0x30, 0x30, 0x30, 0x30, 0x30,
	0x30, 0x30, 0x30, 0x30, 0x30, 0x30, 0x30, 0x30, 0x30, 0x30, 0x30, 0x30, 0x30, 0x30, 0x30, 0x30,
	0x30, 0x30, 0x30, 0x30, 0x30, 0x30, 0x30, 0x30, 0x30, 0x30, 0x30, 0x30, 0x30, 0x30, 0x30, 0x30,
	0x30, 0x30, 0x30, 0x30, 0x30, 0x30, 0x30, 0x30, 0x30, 0x30, 0x30, 0x30, 0x30, 0x30, 0x30, 0x30,
	0x30, 0x30, 0x30, 0x30, 0x30, 0x30, 0x30, 0x30, 0x30, 0x30, 0x30, 0x30, 0x30, 0x30, 0x30, 0x30,
	0x30, 0x30, 0x30, 0x30, 0x30, 0x30, 0x30, 0x30, 0x30, 0x30, 0x30, 0x30, 0x30, 0x30, 0x30, 0x30,
	0x30, 0x30, 0x30, 0x30, 0x30, 0x30, 0x30, 0x30, 0x30, 0x30, 0x30, 0x30, 0x30, 0x30, 0x30, 0x30,
	0x30, 0x30, 0x30, 0x30, 0x30, 0x30, 0x30, 0x30, 0x30, 0x30, 0x30, 0x30, 0x30, 0x30, 0x30, 0x30,
	0x30, 0x30, 0x30, 0x30, 0x30, 0x30, 0x30, 0x30, 0x30, 0x30, 0x30, 0x30, 0x30, 0x30, 0x30, 0x30,
	0x30, 0x30, 0x30, 0x30, 0x30, 0x30, 0x30, 0x30, 0x30, 0x30, 0x30, 0x30, 0x30, 0x30, 0x30, 0x30,
	0x30, 0x30, 0x30, 0x30, 0x30, 0x30, 0x30, 0x30, 0x30, 0x30, 0x30, 0x30, 0x30, 0x30, 0x30, 0x30,
	0x30, 0x30, 0x30, 0x30, 0x30, 0x30, 0x30, 0x30, 0x30, 0x30, 0x30, 0x30, 0x30, 0x30, 0x30, 0x30,
	0x30, 0x30, 0x30, 0x30, 0x30, 0x30, 0x30, 0x30, 0x30, 0x30, 0x30, 0x30, 0x30, 0x30, 0x30, 0x30,
	0x30, 0x30, 0x30, 0x30, 0x30, 0x30, 0x30, 0x30, 0x30, 0x30, 0x30, 0x30, 0x30, 0x30, 0x30, 0x30,
	0x30, 0x30, 0x30, 0x30, 0x30, 0x30, 0x30, 0x30, 0x30, 0x30, 0x30, 0x30, 0x30, 0x30, 0x30, 0x30,
	0x30, 0x30, 0x30, 0x30, 0x30, 0x30, 0x30, 0x30, 0x30, 0x30, 0x30, 0x30, 0x30, 0x30, 0x30, 0x30,
	0x30, 0x30, 0x30, 0x30, 0x30, 0x30, 0x30, 0x30, 0x30, 0x30, 0x30, 0x30, 0x30, 0x30, 0x30, 0x30,
	0x30, 0x30, 0x30, 0x30, 0x30, 0x30, 0x30, 0x30, 0x30, 0x30, 0x30, 0x30, 0x30, 0x30, 0x30, 0x30,
	0x30, 0x30, 0x30, 0x30, 0x30, 0x30, 0x30, 0x30, 0x30, 0x30, 0x30, 0x30, 0x30, 0x30, 0x30, 0x30,
	0x30, 0x30, 0x30, 0x30, 0x30, 0x30, 0x30, 0x30, 0x30, 0x30, 0x30, 0x30, 0x30, 0x30, 0x30, 0x30,
	0x30, 0x30, 0x30, 0x30, 0x30, 0x30, 0x30, 0x30, 0x30, 0x30, 0x30, 0x30, 0x30, 0x30, 0x30, 0x30,
	0x30, 0x30, 0x30, 0x30, 0x30, 0x30, 0x30, 0x30, 0x30, 0x30, 0x30, 0x30, 0x30, 0x30, 0x30, 0x30,
	0x30, 0x30, 0x30, 0x30, 0x30, 0x30, 0x30, 0x30, 0x30, 0x30, 0x30, 0x30, 0x30, 0x30, 0x30, 0x30,
	0x30, 0x30, 0x30, 0x30, 0x30, 0x30, 0x30, 0x30, 0x30, 0x30, 0x30, 0x30, 0x30, 0x30, 0x30, 0x30,
	0x30, 0x30, 0x30, 0x30, 0x30, 0x30, 0x30, 0x30, 0x30, 0x30, 0x30, 0x30, 0x30, 0x30, 0x30, 0x30,
	0x30, 0x30, 0x30, 0x30, 0x30, 0x30, 0x30, 0x30, 0x30, 0x30, 0x30, 0x30, 0x30, 0x30, 0x30, 0x30,
	0x30, 0x30, 0x30, 0x30, 0x30, 0x30, 0x30, 0x30, 0x30, 0x30, 0x30, 0x30, 0x30, 0x30, 0x30, 0x30,
	0x30, 0x30, 0x30, 0x30, 0x30, 0x30, 0x30, 0x30, 0x30, 0x30, 0x30, 0x30, 0x30, 0x30, 0x30, 0x30,
	0x30, 0x30, 0x30, 0x30, 0x30, 0x30, 0x30, 0x30, 0x30, 0x30, 0x30, 0x30, 0x30, 0x30, 0x30, 0x30,
	0x30, 0x30, 0x30, 0x30, 0x30, 0x30, 0x30, 0x30, 0x30, 0x30, 0x30, 0x30, 0x30, 0x30, 0x30, 0x30,
	0x30, 0x30, 0x30, 0x30, 0x30, 0x30, 0x30, 0x30, 0x30, 0x30, 0x30, 0x30, 0x30, 0x30, 0x30, 0x30,
	0x30, 0x30, 0x30, 0x30, 0x30, 0x30, 0x30, 0x30, 0x30, 0x30, 0x30, 0x30, 0x30, 0x30, 0x30, 0x30,
	0x30, 0x30, 0x30, 0x30, 0x30, 0x30, 0x30, 0x30, 0x30, 0x30, 0x30, 0x30, 0x30, 0x30, 0x30, 0x30,
	0x30, 0x30, 0x30, 0x30, 0x30, 0x30, 0x30, 0x30, 0x30, 0x30, 0x30, 0x30, 0x30, 0x30, 0x30, 0x30,
	0x30, 0x30, 0x30, 0x30, 0x30, 0x30, 0x30, 0x30, 0x30, 0x30, 0x30, 0x30, 0x30, 0x30, 0x30, 0x30,
	0x30, 0x30, 0x30, 0x30, 0x30, 0x30, 0x30, 0x30, 0x30, 0x30, 0x30, 0x30, 0x30, 0x30, 0x30, 0x30,
	0x30, 0x30, 0x30, 0x30, 0x30, 0x30, 0x30, 0x30, 0x30, 0x30, 0x30, 0x30, 0x30, 0x30, 0x30, 0x30,
	0x30, 0x30, 0x30, 0x30, 0x30, 0x30, 0x30, 0x30, 0x30, 0x30, 0x30, 0x30, 0x30, 0x30, 0x30, 0x30,
	0x30, 0x30, 0x30, 0x30, 0x30, 0x30, 0x30, 0x30, 0x30, 0x30, 0x30, 0x30, 0x30, 0x30, 0x30, 0x30,
	0x30, 0x30, 0x30, 0x30, 0x30, 0x30, 0x30, 0x30, 0x30, 0x30, 0x30, 0x30, 0x30, 0x30, 0x30, 0x30,
	0x30, 0x30, 0x30, 0x30, 0x30, 0x30, 0x30, 0x30, 0x30, 0x30, 0x30, 0x30, 0x30, 0x30, 0x30, 0x30,
	0x30, 0x30, 0x30, 0x30, 0x30, 0x30, 0x30, 0x30, 0x30, 0x30, 0x30, 0x30, 0x30, 0x30, 0x30, 0x30,
	0x30, 0x30, 0x30, 0x30, 0x30, 0x30, 0x30, 0x30, 0x30, 0x30, 0x30, 0x30, 0x30, 0x30, 0x30, 0x30,
	0x30, 0x30, 0x30, 0x30, 0x30, 0x30, 0x30, 0x30, 0x30, 0x30, 0x30, 0x30, 0x30, 0x30, 0x30, 0x30,
	0x30, 0x30, 0x30, 0x30, 0x30, 0x30, 0x30, 0x30, 0x30, 0x30, 0x30, 0x30, 0x30, 0x30, 0x30, 0x30,
	0x30, 0x30, 0x30, 0x30, 0x30, 0x30, 0x30, 0x30, 0x30, 0x30, 0x30, 0x30, 0x30, 0x30, 0x30, 0x30,
	0x30, 0x30, 0x30, 0x30, 0x30, 0x30, 0x30, 0x30, 0x30, 0x30, 0x30, 0x30, 0x30, 0x30, 0x30, 0x30,
	0x30, 0x30, 0x30, 0x30, 0x30, 0x30, 0x30, 0x30, 0x30, 0x30, 0x30, 0x30, 0x30, 0x30, 0x30, 0x30,
	0x30, 0x30, 0x30, 0x30, 0x30, 0x30, 0x30, 0x30, 0x30, 0x30, 0x30, 0x30, 0x30, 0x30, 0x30, 0x30,
	0x30, 0x30, 0x30, 0x30, 0x30, 0x30, 0x30, 0x30, 0x30, 0x30, 0x30, 0x30, 0x30, 0x30, 0x30, 0x30,
	0x30, 0x30, 0x30, 0x30, 0x30, 0x30, 0x30, 0x30, 0x30, 0x30, 0x30, 0x30, 0x30, 0x30, 0x30, 0x30,
	0x30, 0x30, 0x30, 0x30, 0x30, 0x30, 0x30, 0x30, 0x30, 0x30, 0x30, 0x30, 0x30, 0x30, 0x30, 0x30,
	0x30, 0x30, 0x30, 0x30, 0x30, 0x30, 0x30, 0x30, 0x30, 0x30, 0x30, 0x30, 0x30, 0x30, 0x30, 0x30,
	0x30, 0x30, 0x30, 0x30, 0x30, 0x30, 0x30, 0x30, 0x30, 0x30, 0x30, 0x30, 0x30, 0x30, 0x30, 0x30,
	0x30, 0x30, 0x30, 0x30, 0x30, 0x30, 0x30, 0x30, 0x30, 0x30, 0x30, 0x30, 0x30, 0x30, 0x30, 0x30,
	0x30, 0x30, 0x30, 0x30, 0x30, 0x30, 0x30, 0x30, 0x30, 0x30, 0x30, 0x30, 0x30, 0x30, 0x30, 0x30,
	0x30, 0x30, 0x30, 0x30, 0x30, 0x30, 0x30, 0x30, 0x30, 0x30, 0x30, 0x30, 0x30, 0x30, 0x30, 0x30,
	0x30, 0x30, 0x30, 0x30, 0x30, 0x30, 0x30, 0x30, 0x30, 0x30, 0x30, 0x30, 0x30, 0x30, 0x30, 0x30,
	0x30, 0x30, 0x30, 0x30, 0x30, 0x30, 0x30, 0x30, 0x30, 0x30, 0x30, 0x30, 0x30, 0x30, 0x30, 0x30,
	0x30, 0x30, 0x30, 0x30, 0x30, 0x30, 0x30, 0x30, 0x30, 0x30, 0x30, 0x30, 0x30, 0x30, 0x30, 0x30,
	0xd7, 0xd7, 0xd7, 0xd7, 0xd7, 0xd7, 0xd7, 0xd7, 0xd7, 0xd7, 0xd7, 0xd7, 0xd7, 0xd7, 0xd7, 0xd7,
	0xd7, 0xd7, 0xd7, 0xd7, 0xd7, 0xd7, 0xd7, 0xd7, 0xd7, 0xd7, 0xd7, 0xd7, 0xd7, 0xd7, 0xd7, 0xd7,
	0xd7, 0xd7, 0xd7, 0xd7, 0xd7, 0xd7, 0xd7, 0xd7, 0xd7, 0xd7, 0xd7, 0xd7, 0xd7, 0xd7, 0xd7, 0xd7,
	0xd7, 0xd7, 0xd7, 0xd7, 0xd7, 0xd7, 0xd7, 0xd7, 0xd7, 0xd7, 0xd7, 0xd7, 0xd7, 0xd7, 0xd7, 0xd7,
	0xd7, 0xd7, 0xd7, 0xd7, 0xd7, 0xd7, 0xd7, 0xd7, 0xd7, 0xd7, 0xd7, 0xd7, 0xd7, 0xd7, 0xd7, 0xd7,
	0xd7, 0xd7, 0xd7, 0xd7, 0xd7, 0xd7, 0xd7, 0xd7, 0xd7, 0xd7, 0xd7, 0xd7, 0xd7, 0xd7, 0xd7, 0xd7,
	0xd7, 0xd7, 0xd7, 0xd7, 0xd7, 0xd7, 0xd7, 0xd7, 0xd7, 0xd7, 0xd7, 0xd7, 0xd7, 0xd7, 0xd7, 0xd7,
	0xd7, 0xd7, 0xd7, 0xd7, 0xd7, 0xd7, 0xd7, 0xd7, 0xd7, 0xd7, 0xd7, 0xd7, 0xd7, 0xd7, 0xd7, 0xd7,
	0xd7, 0xd7, 0xd7, 0xd7, 0xd7, 0xd7, 0xd7, 0xd7, 0xd7, 0xd7, 0xd7, 0xd7, 0xd7, 0xd7, 0xd7, 0xd7,
	0xd7, 0xd7, 0xd7, 0xd7, 0xd7, 0xd7, 0xd7, 0xd7, 0xd7, 0xd7, 0xd7, 0xd7, 0xd7, 0xd7, 0xd7, 0xd7,
	0xd7, 0xd7, 0xd7, 0xd7, 0xd7, 0xd7, 0xd7, 0xd7, 0xd7, 0xd7, 0xd7, 0xd7, 0xd7, 0xd7, 0xd7, 0xd7,
	0xd7, 0xd7, 0xd7, 0xd7, 0xd7, 0xd7, 0xd7, 0xd7, 0xd7, 0xd7, 0xd7, 0xd7, 0xd7, 0xd7, 0xd7, 0xd7,
	0xd7, 0xd7, 0xd7, 0xd7, 0xd7, 0xd7, 0xd7, 0xd7, 0xd7, 0xd7, 0xd7, 0xd7, 0xd7, 0xd7, 0xd7, 0xd7,
	0xd7, 0xd7, 0xd7, 0xd7, 0xd7, 0xd7, 0xd7, 0xd7, 0xd7, 0xd7, 0xd7, 0xd7, 0xd7, 0xd7, 0xd7, 0xd7,
	0xd7, 0xd7, 0xd7, 0xd7, 0xd7, 0xd7, 0xd7, 0xd7, 0xd7, 0xd7, 0xd7, 0xd7, 0xd7, 0xd7, 0xd7, 0xd7,
	0xd7, 0xd7, 0xd7, 0xd7, 0xd7, 0xd7, 0xd7, 0xd7, 0xd7, 0xd7, 0xd7, 0xd7, 0xd7, 0xd7, 0xd7, 0xd7,
	0xd7, 0xd7, 0xd7, 0xd7, 0xd7, 0xd7, 0xd7, 0xd7, 0xd7, 0xd7, 0xd7, 0xd7, 0xd7, 0xd7, 0xd7, 0xd7,
	0xd7, 0xd7, 0xd7, 0xd7, 0xd7, 0xd7, 0xd7, 0xd7, 0xd7, 0xd7, 0xd7, 0xd7, 0xd7, 0xd7, 0xd7, 0xd7,
	0xd7, 0xd7, 0xd7, 0xd7, 0xd7, 0xd7, 0xd7, 0xd7, 0xd7, 0xd7, 0xd7, 0xd7, 0xd7, 0xd7, 0xd7, 0xd7,
	0xd7, 0xd7, 0xd7, 0xd7, 0xd7, 0xd7, 0xd7, 0xd7, 0xd7, 0xd7, 0xd7, 0xd7, 0xd7, 0xd7, 0xd7, 0xd7,
	0xd7, 0xd7, 0xd7, 0xd7, 0xd7, 0xd7, 0xd7, 0xd7, 0xd7, 0xd7, 0xd7, 0xd7, 0xd7, 0xd7, 0xd7, 0xd7,
	0xd7, 0xd7, 0xd7, 0xd7, 0xd7, 0xd7, 0xd7, 0xd7, 0xd7, 0xd7, 0xd7, 0xd7, 0xd7, 0xa9, 0x30, 0x30,
	0xa1, 0xa1, 0xa1, 0xa1, 0xa1, 0xa1, 0xa1, 0xa1, 0xa1, 0xa1, 0xa1, 0xa1, 0xa1, 0xa1, 0xa1, 0xa1,
	0xa1, 0xa1, 0xa1, 0xa1, 0xa1, 0xa1, 0xa1, 0xa1, 0xa1, 0xa1, 0xa1, 0xa1, 0xa1, 0xa1, 0xa1, 0xa1,
	0x30, 0x30, 0x30, 0x30, 0x30, 0x30, 0x30, 0x30, 0x30, 0x30, 0x30, 0x30, 0x30, 0x30, 0x30, 0x30,
	0x30, 0x30, 0x30, 0x30, 0x30, 0x30, 0x30, 0x30, 0x30, 0x30, 0x30, 0x30, 0x30, 0x30, 0x30, 0x30,
	0x30, 0x30, 0x30, 0x30, 0x30, 0x30, 0x30, 0x30, 0x30, 0x30, 0x30, 0x30, 0x30, 0x30, 0x30, 0x30,
	0x30, 0x30, 0x30, 0x30, 0x30, 0x30, 0x30, 0x30, 0x30, 0x30, 0x30, 0x30, 0x30, 0x30, 0x30, 0x30,
	0x30, 0x30, 0x30, 0x30, 0x30, 0x30, 0x30, 0x30, 0x30, 0x30, 0x30, 0x30, 0x30, 0x30, 0x30, 0x30,
	0x30, 0x30, 0x30, 0x30, 0x30, 0x30, 0x30, 0x30, 0x30, 0x30, 0x30, 0x30, 0x30, 0x30, 0x30, 0x30,
	0x30, 0x30, 0x30, 0x30, 0x30, 0x30, 0x30, 0x30, 0x30, 0x30, 0x30, 0x30, 0x30, 0x30, 0x30, 0x30,
	0x30, 0x30, 0x30, 0x30, 0x30, 0x30, 0x30, 0x30, 0x30, 0x30, 0x30, 0x30, 0x30, 0x30, 0x30, 0x30,
	0x30, 0x30, 0x30, 0x30, 0x30, 0x30, 0x30, 0x30, 0x30, 0x30, 0x30, 0x30, 0x30, 0x30, 0x30, 0x30,
	0x30, 0x30, 0x30, 0x30, 0x30, 0x30, 0x30, 0x30, 0x30, 0x30, 0x30, 0x30, 0x30, 0x30, 0x30, 0x30,
	0x30, 0x30, 0x30, 0x30, 0x30, 0x30, 0x30, 0x30, 0x30, 0x30, 0x30, 0x30, 0x30, 0x30, 0x30, 0x30,
	0x30, 0x30, 0x30, 0x30, 0x30, 0x30, 0x30, 0x30, 0x30, 0x30, 0x30, 0x30, 0x30, 0x30, 0x30, 0x30,
	0x30, 0x30, 0x30, 0x30, 0x30, 0x30, 0x30, 0x30, 0x30, 0x30, 0x30, 0x30, 0x30, 0x30, 0x30, 0x30,
	0x30, 0x30, 0x30, 0x30, 0x30, 0x30, 0x30, 0x30, 0x30, 0x30, 0x30, 0x30, 0x30, 0x30, 0x30, 0x30,
	0x30, 0x30, 0x30, 0x30, 0x30, 0x30, 0x30, 0x30, 0x30, 0x30, 0x30, 0x30, 0x30, 0x30, 0x30, 0x30,
	0x30, 0x30, 0x30, 0x30, 0x30, 0x30, 0x30, 0x30, 0x30, 0x30, 0x30, 0x30, 0x30, 0x30, 0x30, 0x30,
	0x30, 0x30, 0x30, 0x30, 0x30, 0x30, 0x30, 0x30, 0x30, 0x30, 0x30, 0x30, 0x30, 0x30, 0x30, 0x30,
	0x30, 0x30, 0x30, 0x30, 0x30, 0x30, 0x30, 0x30, 0x30, 0x30, 0x30, 0x30, 0x30, 0x30, 0x30, 0x30,
	0x30, 0x30, 0x30, 0x30, 0x30, 0x30, 0x30, 0x30, 0x30, 0x30, 0x30, 0x30, 0x30, 0x30, 0x30, 0x30,
	0x30, 0x30, 0x30, 0x30, 0x30, 0x30, 0x30, 0x30, 0x30, 0x30, 0x30, 0x30, 0x30, 0x30, 0x30, 0x30,
	0x80, 0x80, 0xc0, 0x100, 0x140, 0x174, 0x1ac, 0x1e0, 0x218, 0x244, 0xc0, 0xc0, 0xc0, 0xc0, 0xc0, 0xc0,
	0xc0, 0xc0, 0xc0, 0xc0, 0xc0, 0xc0, 0xc0, 0xc0, 0xc0, 0xc0, 0xc0, 0xc0, 0xc0, 0xc0, 0xc0, 0xc0
};

static constexpr uint32_t s_coll_azTrieData[896] = {
	0xcb, 0x0, 0x0, 0x0, 0x0, 0x0, 0x0, 0x0,
	0x0, 0x3040505, 0x3060505, 0x3080505, 0x30a0505, 0x30c0505, 0x0, 0x0,
	0x0, 0x0, 0x0, 0x0, 0x0, 0x0, 0x0, 0x0,
	0x0, 0x0, 0x0, 0x0, 0x0, 0x0, 0x0, 0x0,
	0x4000505, 0x75a0505, 0x9760505, 0xa940505, 0xda90505, 0xa960505, 0xa8e0505, 0x9700505,
	0x97c0505, 0x97e0505, 0xa7e0505, 0xc7b0505, 0x6000505, 0x50e0505, 0x8000505, 0xa880505,
	0x1400ca, 0x1421ca, 0x1442ca, 0x1463ca, 0x1484ca, 0x14a5ca, 0x14c6ca, 0x14e7ca,
	0x1508ca, 0x1529ca, 0x7360505, 0x72a0505, 0xc850505, 0xc870505, 0xc890505, 0x7640505,
	0xa7c0505, 0x2b00059c, 0x2d00059c, 0x6c9, 0x3100059c, 0x3300059c, 0x3500059c, 0xc6c9,
	0x3900059c, 0x186c9, 0x3d00059c, 0x3f00059c, 0x4100059c, 0x4300059c, 0x4500059c, 0x246c9,
	0x4900059c, 0x40020586, 0x4d00059c, 0x326c9, 0x5100059c, 0x406c9, 0x5500059c, 0x5e020586,
	0x3a020586, 0x5b00059c, 0x5d00059c, 0x9800505, 0xa8a0505, 0x9820505, 0xc0a0505, 0x50a0505,
	0xc040505, 0x2b000505, 0x2d000505, 0x526c9, 0x31000505, 0x33000505, 0x35000505, 0x5e6c9,
	0x39000505, 0x3b000505, 0x3d000505, 0x3f000505, 0x41000505, 0x43000505, 0x45000505, 0x6a6c9,
	0x49000505, 0x40020505, 0x4d000505, 0x786c9, 0x51000505, 0x866c9, 0x55000505, 0x5e020505,
	0x3a020505, 0x5b000505, 0x5d000505, 0x9840505, 0xc8d0505, 0x9860505, 0xc910505, 0x0,
	0xfffd0505, 0xfffd0505, 0xfffd0505, 0xfffd0505, 0xfffd0505, 0xfffd0505, 0xfffd0505, 0xfffd0505,
	0xfffd0505, 0xfffd0505, 0xfffd0505, 0xfffd0505, 0xfffd0505, 0xfffd0505, 0xfffd0505, 0xfffd0505,
	0xfffd0505, 0xfffd0505, 0xfffd0505, 0xfffd0505, 0xfffd0505, 0xfffd0505, 0xfffd0505, 0xfffd0505,
	0xfffd0505, 0xfffd0505, 0xfffd0505, 0xfffd0505, 0xfffd0505, 0xfffd0505, 0xfffd0505, 0xfffd0505,
	0xfffd0505, 0xfffd0505, 0xfffd0505, 0xfffd0505, 0xfffd0505, 0xfffd0505, 0xfffd0505, 0xfffd0505,
	0xfffd0505, 0xfffd0505, 0xfffd0505, 0xfffd0505, 0xfffd0505, 0xfffd0505, 0xfffd0505, 0xfffd0505,
	0xfffd0505, 0xfffd0505, 0xfffd0505, 0xfffd0505, 0xfffd0505, 0xfffd0505, 0xfffd0505, 0xfffd0505,
	0xfffd0505, 0xfffd0505, 0xfffd0505, 0xfffd0505, 0xfffd0505, 0xfffd0505, 0xfffd0505, 0xfffd0505,
	0xc0, 0xc0, 0xc0, 0xc0, 0xc0, 0xc0, 0xc0, 0xc0,
	0xc0, 0xc0, 0xc0, 0xc0, 0xc0, 0xc0, 0xc0, 0xc0,
	0xc0, 0xc0, 0xc0, 0xc0, 0xc0, 0xc0, 0xc0, 0xc0,
	0xc0, 0xc0, 0xc0, 0xc0, 0xc0, 0xc0, 0xc0, 0xc0,
	0xc0, 0xc0, 0xc0, 0xc0, 0xc0, 0xc0, 0xc0, 0xc0,
	0xc0, 0xc0, 0xc0, 0xc0, 0xc0, 0xc0, 0xc0, 0xc0,
	0xc0, 0xc0, 0xc0, 0xc0, 0xc0, 0xc0, 0xc0, 0xc0,
	0xc0, 0xc0, 0xc0, 0xc0, 0xc0, 0xc0, 0xc0, 0xc0,
	0x2b9c8ac4, 0x2b9c88c4, 0x2b9c8ec4, 0x2b9c9ac4, 0x2b9c96c4, 0x2b9c92c4, 0x1342c5, 0x30020586,
	0x339c8ac4, 0x339c88c4, 0x339c8ec4, 0x339c96c4, 0xa2c5, 0xe2c5, 0x122c5, 0x162c5,
	0x310070a0, 0x459c9ac4, 0x479c8ac4, 0x479c88c4, 0x479c8ec4, 0x479c9ac4, 0x48020586, 0xc830505,
	0x479c9ec4, 0x539c8ac4, 0x539c88c4, 0x539c8ec4, 0x54020586, 0x5b9c88c4, 0x5e2805a0, 0x1382c5,
	0x2b058ac4, 0x2b0588c4, 0x2b058ec4, 0x2b059ac4, 0x2b0596c4, 0x2b0592c4, 0x13c2c5, 0x30020505,
	0x33058ac4, 0x330588c4, 0x33058ec4, 0x330596c4, 0x3b058ac4, 0x3b0588c4, 0x3b058ec4, 0x3b0596c4,
	0x31007005, 0x45059ac4, 0x47058ac4, 0x470588c4, 0x47058ec4, 0x47059ac4, 0x48020505, 0xc810505,
	0x47059ec4, 0x53058ac4, 0x530588c4, 0x53058ec4, 0x54020505, 0x5b0588c4, 0x5e280505, 0x5b0596c4,
	0xc0, 0xc0, 0xc0, 0xc0, 0xc0, 0xc0, 0xc0, 0xc0,
	0xc0, 0xc0, 0xc0, 0xc0, 0xc0, 0xc0, 0xc0, 0xc0,
	0xc0, 0xc0, 0xc0, 0xc0, 0xc0, 0xc0, 0xc0, 0xc0,
	0xc0, 0xc0, 0xc0, 0xc0, 0xc0, 0xc0, 0x38020586, 0x38020505,
	0xc0, 0xc0, 0x9a6c9, 0xa66c9, 0xc0, 0xc0, 0xc0, 0xc0,
	0x222c5, 0xc0, 0x262c5, 0xc0, 0x2a2c5, 0xc0, 0xb26c9, 0xc0,
	0x3b000586, 0x3a1b0505, 0xc0, 0xc0, 0xc0, 0xc0, 0xc0, 0xc0,
	0xc0, 0xc0, 0xc0, 0xc0, 0xc0, 0xc0, 0xc0, 0xc0,
	0xc0, 0xc0, 0xc0, 0xc0, 0xc0, 0xc0, 0xc0, 0xc0,
	0xc0, 0xc0, 0xc0, 0xc0, 0xc0, 0xc0, 0xc0, 0xc0,
	0xc0, 0xc0, 0x50020586, 0x50020505, 0xc0, 0xc0, 0xc0, 0xc0,
	0xc0, 0xc0, 0xc0, 0xc0, 0xc0, 0xc0, 0xc0, 0xc0,
	0xc0, 0xc0, 0xc0, 0xc0, 0xc0, 0xc0, 0xbe6c9, 0xca6c9,
	0x3a2c5, 0x3e2c5, 0xc0, 0xc0, 0xc0, 0xc0, 0xc0, 0xc0,
	0xc0, 0xc0, 0xc0, 0xc0, 0xc0, 0xc0, 0xc0, 0xc0,
	0xc0, 0xc0, 0xc0, 0x34020586, 0xc0, 0xc0, 0xc0, 0xc0,
	0xc0, 0xc0, 0xc0, 0xc0, 0xc0, 0xc0, 0xc0, 0xc0,
	0xc0, 0xc0, 0xc0, 0xc0, 0xd66c9, 0xe26c9, 0xc0, 0xc0,
	0xc0, 0xc0, 0xc0, 0xc0, 0xc0, 0xc0, 0xc0, 0xc0,
	0xc0, 0xc0, 0xc0, 0xee6c9, 0xfa6c9, 0xc0, 0xc0, 0xc0,
	0xc0, 0xc0, 0xc0, 0xc0, 0xc0, 0xc0, 0xc0, 0xc0,
	0xc0, 0xc0, 0xc0, 0xc0, 0xc0, 0xc0, 0xc0, 0x522c5,
	0xc0, 0xc0, 0xc0, 0xc0, 0xc0, 0x562c5, 0x5a2c5, 0x22c5,
	0x62c5, 0x5e2c5, 0x622c5, 0x662c5, 0x6a2c5, 0xc0, 0xc0, 0xc0,
	0xc0, 0xc0, 0xc0, 0xc0, 0xc0, 0xc0, 0xc0, 0xc0,
	0xc0, 0xc0, 0x1066c9, 0x1126c9, 0xc0, 0xc0, 0xc0, 0xc0,
	0xc0, 0xc0, 0xc0, 0xc0, 0xc0, 0xc0, 0xc0, 0xc0,
	0xc0, 0xc0, 0xc0, 0xc0, 0xc0, 0xc0, 0xc0, 0xc0,
	0x762c5, 0xc0, 0x7a2c5, 0xc0, 0xc0, 0xc0, 0xc0, 0xc0,
	0xc0, 0xc0, 0xc0, 0xc0, 0xc0, 0xc0, 0xc0, 0xc0,
	0xc0, 0xc0, 0xc0, 0xc0, 0xc0, 0xc0, 0xc0, 0xc0,
	0xc0, 0xc0, 0xc0, 0xc0, 0xc0, 0xc0, 0xc0, 0xc0,
	0xc0, 0xc0, 0x7e2c5, 0x822c5, 0xc0, 0xc0, 0xc0, 0xc0,
	0xc0, 0xc0, 0xc0, 0xc0, 0xc0, 0xc0, 0xc0, 0xc0,
	0xc0, 0xc0, 0xc0, 0xc0, 0xc0, 0xc0, 0xc0, 0xc0,
	0xc0, 0xc0, 0xc0, 0xc0, 0xc0, 0x34020505, 0xc0, 0xc0,
	0xc0, 0xc0, 0xc0, 0xc0, 0xc0, 0xc0, 0xc0, 0xc0,
	0xc0, 0xc0, 0xc0, 0xc0, 0xc0, 0xc0, 0xc0, 0xc0,
	0xc0, 0xc0, 0xc0, 0xc0, 0xc0, 0xc0, 0xc0, 0xc0,
	0xc0, 0xc0, 0xc0, 0xc0, 0xc0, 0xc0, 0xc0, 0xc0,
	0xc0, 0xc0, 0xc0, 0xc0, 0x1cd, 0x1cd, 0x1cd, 0x1cd,
	0x1cd, 0x1cd, 0x1cd, 0x1cd, 0x1cd, 0x1cd, 0x1cd, 0x1cd,
	0x1cd, 0x1cd, 0x1cd, 0x1cd, 0x1cd, 0x1cd, 0x1cd, 0x1cd,
	0x1cd, 0x1cd, 0x1cd, 0x1cd, 0x1cd, 0x1cd, 0x1cd, 0x1cd,
	0x1cd, 0x1cd, 0x1cd, 0x1cd, 0x1cc, 0x1cc, 0x1cc, 0x1cc,
	0xc0, 0xc0, 0xc0, 0xc0, 0xc0, 0xc0, 0xc0, 0xc0,
	0xc0, 0xc0, 0xc0, 0xc0, 0xc0, 0xc0, 0xc0, 0xc0,
	0xc0, 0xc0, 0xc0, 0xc0, 0xc0, 0xc0, 0xc0, 0xc0,
	0xc0, 0xc0, 0xc0, 0xc0, 0x862c5, 0x8a2c5, 0xc0, 0xc0,
	0xc0, 0xc0, 0xc0, 0xc0, 0xc0, 0xc0, 0xc0, 0xc0,
	0xc0, 0xc0, 0xc0, 0xc0, 0xc0, 0xc0, 0xc0, 0xc0,
	0xc0, 0xc0, 0xc0, 0xc0, 0x11e6c9, 0xc0, 0x923c5, 0xc0,
	0xc0, 0xc0, 0xc0, 0xc0, 0xc0, 0xc0, 0xc0, 0xc0,
	0xc0, 0xc0, 0xc0, 0xc0, 0xc0, 0xc0, 0xc0, 0xc0,
	0xc0, 0xc0, 0x12a6c9, 0x1366c9, 0x1426c9, 0x14e6c9, 0x15a6c9, 0x1666c9,
	0xc0, 0xc0, 0xc0, 0xc0, 0xc0, 0xc0, 0xc0, 0xc0,
	0xb02c5, 0xb42c5, 0xb82c5, 0xbc2c5, 0xc02c5, 0xc42c5, 0xc82c5, 0xcc2c5,
	0xd02c5, 0xd42c5, 0xd82c5, 0xdc2c5, 0xe02c5, 0xe42c5, 0xc0, 0xc0,
	0xc0, 0xc0, 0xc0, 0xc0, 0xc0, 0xc0, 0xc0, 0xc0,
	0xe82c5, 0xc0, 0xc0, 0xc0, 0xc0, 0xc0, 0xc0, 0xc0,
	0xc0, 0xc0, 0xc0, 0xc0, 0xec2c5, 0xc0, 0x1726c9, 0xc0,
	0x17e6c9, 0x18a6c9, 0xc0, 0xc0, 0xc0, 0xc0, 0xc0, 0xc0,
	0xc0, 0xc0, 0xc0, 0xc0, 0xc0, 0xc0, 0xc0, 0xc0,
	0xc0, 0xc0, 0xc0, 0xc0, 0xc0, 0xc0, 0x1966c9, 0x1a26c9,
	0x1ae6c9, 0x1ba6c9, 0xc0, 0xc0, 0xc0, 0xc0, 0xc0, 0xc0,
	0xc0, 0xc0, 0xc0, 0xc0, 0x1c66c9, 0x1d26c9, 0xc0, 0xc0,
	0xc0, 0xc0, 0xc0, 0xc0, 0xc0, 0xc0, 0xc0, 0xc0,
	0xc0, 0xc0, 0xc0, 0xc0, 0x1cc, 0x1cc, 0x1cc, 0x1cc,
	0x1cc, 0x1cc, 0x1cc, 0x1cc, 0x1cc, 0x1cc, 0x1cc, 0x1cc,
	0x1cc, 0x1cc, 0x1cc, 0x1cc, 0x1cc, 0x1cc, 0x1cc, 0x1cc,
	0x1cc, 0x1cc, 0x1cc, 0x1cc, 0x1cc, 0x1cc, 0x1cc, 0x1cc,
	0x1cc, 0x1cc, 0x1cc, 0x1cc, 0xc0, 0xc0, 0xc0, 0xc0
};

static constexpr int32_t s_coll_azTrieIndexLength = 2112;
static constexpr int32_t s_coll_azTrieDataLength = 896;
static constexpr char32_t s_coll_azTrieHighStart = 0xe000;
static constexpr int32_t s_coll_azTrieHighValueIndex = 892;

static constexpr uint32_t s_coll_azCe32s[170] = {
	0x0, 0x54020586, 0x8805, 0x54020505, 0x8805, 0x3a1b0586, 0x8a05, 0x3a1b0586,
	0x8805, 0x3a1b0586, 0x8e05, 0x3a1b0586, 0x9605, 0x38020586, 0xa005, 0x38020505,
	0xa005, 0x3a1b0586, 0x9a05, 0x3a1b0586, 0xa405, 0x3a1b0586, 0x8c05, 0x3a1b0586,
	0xa205, 0x54020586, 0xa205, 0x54020505, 0xa205, 0x5e020586, 0x8e05, 0x5e020505,
	0x8e05, 0x48020586, 0xbe05, 0x48020505, 0xbe05, 0x54020586, 0xbe05, 0x54020505,
	0xbe05, 0x3a1b0586, 0x9005, 0x54020586, 0xa405, 0x54020505, 0xa405, 0x54020586,
	0x9005, 0x54020505, 0x9005, 0x54020586, 0x8a05, 0x54020505, 0x8a05, 0x48020586,
	0xa205, 0x48020505, 0xa205, 0x3a1b0586, 0xb805, 0x3a1b0586, 0xbc05, 0x48020586,
	0xa405, 0x48020505, 0xa405, 0x30020586, 0x8805, 0x30020505, 0x8805, 0x3a1b0586,
	0xd005, 0x3a1b0586, 0x9605, 0x8805, 0x54020586, 0xc605, 0x54020505, 0xc605,
	0x54020586, 0xd005, 0x54020505, 0xd005, 0x54020586, 0xcc05, 0x54020505, 0xcc05,
	0x5e020586, 0x8a05, 0x5e020505, 0x8a05, 0x5e020586, 0x8805, 0x5e020505, 0x8805,
	0x5e020586, 0x9605, 0x5e020505, 0x9605, 0x5e020586, 0x9c05, 0x5e020505, 0x9c05,
	0x5e020586, 0xc405, 0x5e020505, 0xc405, 0x3a020586, 0x9c05, 0x3a020505, 0x9c05,
	0x3a020586, 0x9605, 0x3a020505, 0x9605, 0x5e020505, 0x9205, 0x3a1b0586, 0xb605,
	0x3a1b0586, 0xc405, 0x48020586, 0xc405, 0x48020505, 0xc405, 0x4700059c, 0xbe05,
	0xc405, 0x48020586, 0xbe05, 0xc405, 0x47000505, 0xbe05, 0xc405, 0x48020505,
	0xbe05, 0xc405, 0x54020586, 0xc405, 0x54020505, 0xc405, 0x5300059c, 0xbe05,
	0xc405, 0x54020586, 0xbe05, 0xc405, 0x53000505, 0xbe05, 0xc405, 0x54020505,
	0xbe05, 0xc405, 0x2b0070a0, 0x330005a2, 0x4f007005, 0x4f000513, 0x2b007005, 0x33000513,
	0x12000505, 0x14000505, 0x16000505, 0x18000505, 0x1a000505, 0x1c000505, 0x1e000505, 0x20000505,
	0x22000505, 0x24000505
};

static constexpr char16_t s_coll_azContexts[239] = {
	0x2f00, 0x59c, 0x30, 0x327, 0xf002, 0x586, 0x3700, 0x59c, 0x30, 0x306, 0xf802, 0x586,
	0x3a1b, 0x586, 0x30, 0x307, 0xfb00, 0x586, 0x4700, 0x59c, 0x30, 0x308, 0xffff, 0x4802,
	0x586, 0x4f00, 0x59c, 0x30, 0x327, 0xffff, 0x5002, 0x586, 0x5300, 0x59c, 0x1, 0x308,
	0xffff, 0x5402, 0x586, 0x344, 0xa2c5, 0x2f00, 0x505, 0x30, 0x327, 0xf002, 0x505, 0x3700,
	0x505, 0x30, 0x306, 0xf802, 0x505, 0x4700, 0x505, 0x30, 0x308, 0xffff, 0x4802, 0x505,
	0x4f00, 0x505, 0x30, 0x327, 0xffff, 0x5002, 0x505, 0x5300, 0x505, 0x1, 0x308, 0xffff,
	0x5402, 0x505, 0x344, 0xc000, 0x62c5, 0x379c, 0xa0c4, 0x30, 0x306, 0xc001, 0xa2c5, 0x3705,
	0xa0c4, 0x30, 0x306, 0xc001, 0xe2c5, 0x2, 0xe2c5, 0x30, 0x307, 0xfb86, 0xa2c4, 0x539c,
	0xa2c4, 0x30, 0x308, 0xc003, 0x22c5, 0x5305, 0xa2c4, 0x30, 0x308, 0xc003, 0x62c5, 0x479c,
	0xbec4, 0x30, 0x308, 0xc004, 0x22c5, 0x4705, 0xbec4, 0x30, 0x308, 0xc004, 0x62c5, 0x539c,
	0xbec4, 0x30, 0x308, 0xc004, 0xa2c5, 0x5305, 0xbec4, 0x30, 0x308, 0xc004, 0xe2c5, 0x479c,
	0xa2c4, 0x30, 0x308, 0xc006, 0xe2c5, 0x4705, 0xa2c4, 0x30, 0x308, 0xc007, 0x22c5, 0x8,
	0xe2c5, 0x30, 0x307, 0xfb86, 0xd0c4, 0x539c, 0xc6c4, 0x30, 0x308, 0xc009, 0x82c5, 0x5305,
	0xc6c4, 0x30, 0x308, 0xc009, 0xc2c5, 0x539c, 0xd0c4, 0x30, 0x308, 0xc00a, 0x2c5, 0x5305,
	0xd0c4, 0x30, 0x308, 0xc00a, 0x42c5, 0x539c, 0xccc4, 0x30, 0x308, 0xc00a, 0x82c5, 0x5305,
	0xccc4, 0x30, 0x308, 0xc00a, 0xc2c5, 0xf, 0x2c5, 0x30, 0x307, 0xfb86, 0xc4c4, 0x479c,
	0xc4c4, 0x30, 0x308, 0xc00f, 0x42c5, 0x4705, 0xc4c4, 0x30, 0x308, 0xc00f, 0x82c5, 0xf,
	0xc3c5, 0x30, 0x308, 0xc010, 0x23c5, 0x10, 0x83c5, 0x30, 0x308, 0xc010, 0xe3c5, 0x539c,
	0xc4c4, 0x30, 0x308, 0xc011, 0x42c5, 0x5305, 0xc4c4, 0x30, 0x308, 0xc011, 0x82c5, 0x11,
	0xc3c5, 0x30, 0x308, 0xc012, 0x23c5, 0x12, 0x83c5, 0x30, 0x308, 0xc012, 0xe3c5
};

static constexpr uint16_t s_coll_azFastLatin[512] = {
	0x205, 0xc40, 0xde0, 0xe80, 0xea8, 0x418, 0x0, 0x0, 0x0, 0x0, 0x0, 0x0,
	0x0, 0x0, 0xc00, 0xc08, 0xc10, 0xc18, 0xc20, 0x0, 0x0, 0x0, 0x0, 0x0,
	0x0, 0x0, 0x0, 0x0, 0x0, 0x0, 0x0, 0x0, 0x0, 0x0, 0x0, 0x0,
	0x0, 0xc40, 0xca8, 0xcf0, 0xd78, 0xe98, 0xd80, 0xd70, 0xcd8, 0xd08, 0xd10, 0xd58,
	0xe30, 0xc90, 0xc60, 0xcd0, 0xd60, 0x10a8, 0x14a8, 0x18a8, 0x1ca8, 0x20a8, 0x24a8, 0x28a8,
	0x2ca8, 0x30a8, 0x34a8, 0xca0, 0xc98, 0xe50, 0xe58, 0xe60, 0xcb8, 0xd50, 0x38b9, 0x3cb9,
	0x41a, 0x48b9, 0x4cba, 0x50b9, 0x41c, 0x5cb9, 0x41e, 0x6cba, 0x70b9, 0x78b9, 0x7cb9, 0x80ba,
	0x420, 0x90b9, 0x74b9, 0x98b9, 0x422, 0xa4b9, 0x424, 0xb4b9, 0xc0b9, 0x60b9, 0xb8b9, 0xbcb9,
	0xd18, 0xd68, 0xd20, 0xdf8, 0xc50, 0xde8, 0x38a8, 0x3ca8, 0x426, 0x48a8, 0x4ca8, 0x50a8,
	0x428, 0x5ca8, 0x68a8, 0x6ca8, 0x70a8, 0x78a8, 0x7ca8, 0x80a8, 0x42a, 0x90a8, 0x74a8, 0x98a8,
	0x42c, 0xa4a8, 0x42e, 0xb4a8, 0xc0a8, 0x60a8, 0xb8a8, 0xbca8, 0xd28, 0xe70, 0xd30, 0xe80,
	0x0, 0x0, 0x0, 0x0, 0x0, 0x0, 0xc28, 0x0, 0x0, 0x0, 0x0, 0x0,
	0x0, 0x0, 0x0, 0x0, 0x0, 0x0, 0x0, 0x0, 0x0, 0x0, 0x0, 0x0,
	0x0, 0x0, 0x0, 0x0, 0x0, 0x0, 0x0, 0x0, 0x0, 0xc42, 0xcb0, 0xe90,
	0xea0, 0xe88, 0xea8, 0xe78, 0xd40, 0xe08, 0xe20, 0x38aa, 0xcf8, 0xe68, 0x0, 0xe28,
	0xe00, 0xe18, 0xe38, 0x18a9, 0x1ca9, 0xdf0, 0x1, 0xd48, 0x1, 0xe10, 0x14a9, 0x88aa,
	0xd00, 0x1, 0x1, 0x1, 0xcc0, 0x39b9, 0x3999, 0x39f9, 0x3a99, 0x3a59, 0x3a39, 0x800,
	0x44b9, 0x4dba, 0x4d9a, 0x4dfa, 0x4e5a, 0x65b9, 0x6599, 0x65f9, 0x6659, 0x48d9, 0x829a, 0x89b9,
	0x8999, 0x89f9, 0x8a99, 0x8cb9, 0xe48, 0x8ad9, 0xadb9, 0xad99, 0xadf9, 0xb0b9, 0xb999, 0xc4b9,
	0x802, 0x39a8, 0x3988, 0x39e8, 0x3a88, 0x3a48, 0x3a28, 0x804, 0x44a8, 0x4da8, 0x4d88, 0x4de8,
	0x4e48, 0x69a8, 0x6988, 0x69e8, 0x6a48, 0x48c8, 0x8288, 0x89a8, 0x8988, 0x89e8, 0x8a88, 0x8ca8,
	0xe40, 0x8ac8, 0xada8, 0xad88, 0xade8, 0xb0a8, 0xb988, 0xc4a8, 0xba48, 0x3b39, 0x3b28, 0x39d9,
	0x39c8, 0x3b19, 0x3b08, 0x4199, 0x4188, 0x41f9, 0x41e8, 0x42b9, 0x42a8, 0x4219, 0x4208, 0x4a19,
	0x4a08, 0x4b59, 0x4b48, 0x4f3a, 0x4f28, 0x4dda, 0x4dc8, 0x4eba, 0x4ea8, 0x4f1a, 0x4f08, 0x4e1a,
	0x4e08, 0x55f9, 0x55e8, 0x58b9, 0x58a8, 0x56b9, 0x56a8, 0x430, 0x432, 0x5df9, 0x5de8, 0x5f59,
	0x5f48, 0x6699, 0x6a88, 0x6739, 0x6b28, 0x65d9, 0x69c8, 0x434, 0x6b08, 0x68b9, 0x64a8, 0x806,
	0x808, 0x6dfa, 0x6de8, 0x72f9, 0x72e8, 0x94a8, 0x7999, 0x7988, 0x7af9, 0x7ae8, 0x7a19, 0x7a08,
	0x7b79, 0x7b68, 0x7b59, 0x7b48, 0x819a, 0x8188, 0x82fa, 0x82e8, 0x821a, 0x8208, 0x80a, 0x84b9,
	0x84a8, 0x8b39, 0x8b28, 0x89d9, 0x89c8, 0x8a79, 0x8a68, 0x80c, 0x80e, 0x9999, 0x9988, 0x9af9,
	0x9ae8, 0x9a19, 0x9a08, 0x9d9a, 0x9d88, 0x9dfa, 0x9de8, 0xa0b9, 0xa0a8, 0x9e1a, 0x9e08, 0xa6f9,
	0xa6e8, 0xa619, 0xa608, 0xa8b9, 0xa8a8, 0xae99, 0xae88, 0xaf39, 0xaf28, 0xadd9, 0xadc8, 0xae39,
	0xae28, 0xae79, 0xae68, 0x436, 0x438, 0xc1f9, 0xc1e8, 0xb9f9, 0xb9e8, 0xba59, 0xbd99, 0xbd88,
	0xbeb9, 0xbea8, 0xbe19, 0xbe08, 0x9ce8, 0xc41, 0xc41, 0xc41, 0xc41, 0xc41, 0xc41, 0xc41,
	0xc42, 0xc41, 0xc41, 0xc41, 0x0, 0x0, 0x0, 0x0, 0x0, 0xc68, 0xc69, 0xc70,
	0xc78, 0xc80, 0xc88, 0xd38, 0xc58, 0x1, 0x1, 0x1, 0x1, 0x1, 0x1, 0x1,
	0x1, 0xd98, 0xda0, 0xda8, 0xdb0, 0xcd1, 0x810, 0x1, 0xdb8, 0xc30, 0xc38, 0x0,
	0x0, 0x0, 0x0, 0x0, 0xc42, 0xd88, 0xd90, 0xdc0, 0x812, 0x1, 0xdc8, 0x814,
	0x1, 0xdd0, 0xce0, 0xce8, 0xdd8, 0x816, 0xcc8, 0xc48, 0xde0, 0x38d9, 0x4cbb, 0x9cc8,
	0x9ca9, 0x38c8, 0x4ca9, 0x68bb, 0x6cbb, 0x68aa, 0x6ca9, 0xc8a9, 0x80a9, 0x88d9, 0x4cbb, 0x88c8,
	0x4ca9, 0xcd1, 0xcd1, 0xdc1, 0xdc1, 0xdc9, 0xdc9, 0xca9, 0xca9, 0x5ff, 0x0, 0x5ff,
	0x40b9, 0x5ff, 0x54b9, 0x5ff, 0x64b9, 0x5ff, 0x88b9, 0x5ff, 0x9cba, 0x5ff, 0xacb9, 0x5ff,
	0x40a8, 0x5ff, 0x54a8, 0x5ff, 0x88a8, 0x5ff, 0x9ca8, 0x5ff, 0xaca8, 0x5ff, 0x56f9, 0x5ff,
	0x56e8, 0x5ff, 0x6719, 0x5ff, 0xaf19, 0x5ff, 0xaf08, 0x1ff
};

static constexpr uint16_t s_coll_azFastLatinPrimaries[384] = {
	0x0, 0x0, 0x0, 0x0, 0x0, 0x0, 0x0, 0x0, 0x0, 0xc00, 0xc08, 0xc10,
	0xc18, 0xc20, 0x0, 0x0, 0x0, 0x0, 0x0, 0x0, 0x0, 0x0, 0x0, 0x0,
	0x0, 0x0, 0x0, 0x0, 0x0, 0x0, 0x0, 0x0, 0xc40, 0xca8, 0xcf0, 0xd78,
	0xe98, 0xd80, 0xd70, 0xcd8, 0xd08, 0xd10, 0xd58, 0xe30, 0xc90, 0xc60, 0xcd0, 0xd60,
	0x0, 0x0, 0x0, 0x0, 0x0, 0x0, 0x0, 0x0, 0x0, 0x0, 0xca0, 0xc98,
	0xe50, 0xe58, 0xe60, 0xcb8, 0xd50, 0x3800, 0x3c00, 0x0, 0x4800, 0x4c00, 0x5000, 0x0,
	0x5c00, 0x0, 0x6c00, 0x7000, 0x7800, 0x7c00, 0x8000, 0x0, 0x9000, 0x7400, 0x9800, 0x0,
	0xa400, 0x0, 0xb400, 0xc000, 0x6000, 0xb800, 0xbc00, 0xd18, 0xd68, 0xd20, 0xdf8, 0xc50,
	0xde8, 0x3800, 0x3c00, 0x0, 0x4800, 0x4c00, 0x5000, 0x0, 0x5c00, 0x6800, 0x6c00, 0x7000,
	0x7800, 0x7c00, 0x8000, 0x0, 0x9000, 0x7400, 0x9800, 0x0, 0xa400, 0x0, 0xb400, 0xc000,
	0x6000, 0xb800, 0xbc00, 0xd28, 0xe70, 0xd30, 0xe80, 0x0, 0x0, 0x0, 0x0, 0x0,
	0x0, 0xc28, 0x0, 0x0, 0x0, 0x0, 0x0, 0x0, 0x0, 0x0, 0x0, 0x0,
	0x0, 0x0, 0x0, 0x0, 0x0, 0x0, 0x0, 0x0, 0x0, 0x0, 0x0, 0x0,
	0x0, 0x0, 0x0, 0x0, 0xc40, 0xcb0, 0xe90, 0xea0, 0xe88, 0xea8, 0xe78, 0xd40,
	0xe08, 0xe20, 0x3800, 0xcf8, 0xe68, 0x0, 0xe28, 0xe00, 0xe18, 0xe38, 0x1800, 0x1c00,
	0xdf0, 0x0, 0xd48, 0x0, 0xe10, 0x1400, 0x8800, 0xd00, 0x0, 0x0, 0x0, 0xcc0,
	0x3800, 0x3800, 0x3800, 0x3800, 0x3800, 0x3800, 0x0, 0x4400, 0x4c00, 0x4c00, 0x4c00, 0x4c00,
	0x6400, 0x6400, 0x6400, 0x6400, 0x4800, 0x8000, 0x8800, 0x8800, 0x8800, 0x8800, 0x8c00, 0xe48,
	0x8800, 0xac00, 0xac00, 0xac00, 0xb000, 0xb800, 0xc400, 0x0, 0x3800, 0x3800, 0x3800, 0x3800,
	0x3800, 0x3800, 0x0, 0x4400, 0x4c00, 0x4c00, 0x4c00, 0x4c00, 0x6800, 0x6800, 0x6800, 0x6800,
	0x4800, 0x8000, 0x8800, 0x8800, 0x8800, 0x8800, 0x8c00, 0xe40, 0x8800, 0xac00, 0xac00, 0xac00,
	0xb000, 0xb800, 0xc400, 0xb800, 0x3800, 0x3800, 0x3800, 0x3800, 0x3800, 0x3800, 0x4000, 0x4000,
	0x4000, 0x4000, 0x4000, 0x4000, 0x4000, 0x4000, 0x4800, 0x4800, 0x4800, 0x4800, 0x4c00, 0x4c00,
	0x4c00, 0x4c00, 0x4c00, 0x4c00, 0x4c00, 0x4c00, 0x4c00, 0x4c00, 0x5400, 0x5400, 0x5800, 0x5800,
	0x5400, 0x5400, 0x0, 0x0, 0x5c00, 0x5c00, 0x5c00, 0x5c00, 0x6400, 0x6800, 0x6400, 0x6800,
	0x6400, 0x6800, 0x0, 0x6800, 0x6800, 0x6400, 0x0, 0x0, 0x6c00, 0x6c00, 0x7000, 0x7000,
	0x9400, 0x7800, 0x7800, 0x7800, 0x7800, 0x7800, 0x7800, 0x7800, 0x7800, 0x7800, 0x7800, 0x8000,
	0x8000, 0x8000, 0x8000, 0x8000, 0x8000, 0x0, 0x8400, 0x8400, 0x8800, 0x8800, 0x8800, 0x8800,
	0x8800, 0x8800, 0x0, 0x0, 0x9800, 0x9800, 0x9800, 0x9800, 0x9800, 0x9800, 0x9c00, 0x9c00,
	0x9c00, 0x9c00, 0xa000, 0xa000, 0x9c00, 0x9c00, 0xa400, 0xa400, 0xa400, 0xa400, 0xa800, 0xa800,
	0xac00, 0xac00, 0xac00, 0xac00, 0xac00, 0xac00, 0xac00, 0xac00, 0xac00, 0xac00, 0x0, 0x0,
	0xc000, 0xc000, 0xb800, 0xb800, 0xb800, 0xbc00, 0xbc00, 0xbc00, 0xbc00, 0xbc00, 0xbc00, 0x9c00
};

static constexpr int32_t s_coll_azFastLatinMiniVarTop = 0xbff;

static constexpr uint32_t s_coll_azNumericPrimary = 0x10000000;
static constexpr int32_t s_coll_azOptions = 0x2010;
static constexpr int32_t s_coll_azJamoCe32sStart = -1;

static constexpr uint8_t s_coll_azReorderTable[256] = {
	0, 1, 2, 3, 4, 5, 6, 7, 8, 9, 10, 11, 12, 13, 14, 15, 16, 17, 18, 19, 20, 21, 22, 23, 24, 25, 26, 27, 28, 29, 30, 31,
	32, 33, 34, 35, 36, 37, 38, 39, 40, 41, 42, 43, 44, 45, 46, 47, 48, 49, 50, 51, 52, 53, 54, 55, 56, 57, 58, 59, 60, 61, 62, 63,
	64, 65, 66, 67, 68, 69, 70, 71, 72, 73, 74, 75, 76, 77, 78, 79, 80, 81, 82, 83, 84, 85, 86, 87, 88, 89, 90, 91, 92, 93, 94, 95,
	96, 97, 95, 99, 100, 101, 102, 103, 104, 105, 106, 107, 108, 109, 110, 111, 112, 113, 114, 115, 116, 117, 118, 119, 120, 121, 122, 123, 124, 125, 126, 127,
	128, 129, 130, 131, 132, 133, 134, 135, 136, 137, 138, 139, 140, 141, 142, 143, 144, 145, 146, 147, 148, 149, 150, 151, 152, 153, 154, 155, 156, 157, 158, 159,
	160, 161, 162, 163, 164, 165, 166, 167, 168, 169, 170, 171, 172, 173, 174, 175, 176, 177, 178, 179, 180, 181, 182, 183, 184, 185, 186, 187, 188, 189, 190, 191,
	192, 193, 194, 195, 196, 197, 198, 199, 200, 201, 202, 203, 204, 205, 206, 207, 208, 209, 210, 211, 212, 213, 214, 215, 216, 217, 218, 219, 220, 221, 222, 223,
	224, 225, 226, 227, 228, 229, 230, 231, 232, 233, 234, 235, 236, 237, 238, 239, 240, 241, 242, 243, 244, 245, 246, 247, 248, 249, 250, 251, 252, 253, 254, 255
};

static constexpr uint16_t s_coll_tkTrieIndex[2112] = {
	0x0, 0x8, 0x10, 0x18, 0x30, 0x38, 0x40, 0x48, 0x50, 0x58, 0x5f, 0x67, 0x6f, 0x77, 0x7c, 0x84,
	0x87, 0x8f, 0x30, 0x38, 0x30, 0x38, 0x30, 0x38, 0x30, 0x38, 0x30, 0x38, 0x30, 0x38, 0x30, 0x38,
	0x30, 0x38, 0x30, 0x38, 0x30, 0x38, 0x30, 0x38, 0x30, 0x38, 0x30, 0x38, 0x30, 0x38, 0x30, 0x38,
	0x30, 0x38, 0x30, 0x38, 0x30, 0x38, 0x30, 0x38, 0x30, 0x38, 0x30, 0x38, 0x30, 0x38, 0x30, 0x38,
	0x30, 0x30, 0x30, 0x30, 0x30, 0x30, 0x30, 0x30, 0x30, 0x30, 0x30, 0x30, 0x30, 0x30, 0x30, 0x30,
	0x30, 0x30, 0x30, 0x30, 0x30, 0x30, 0x30, 0x30, 0x30, 0x30, 0x30, 0x30, 0x30, 0x30, 0x30, 0x30,
	0x30, 0x30, 0x30, 0x30, 0x30, 0x30, 0x30, 0x30, 0x30, 0x30, 0x30, 0x30, 0x30, 0x30, 0x30, 0x30,
	0x30, 0x30, 0x30, 0x30, 0x30, 0x30, 0x30, 0x30, 0x30, 0x30, 0x30, 0x30, 0x30, 0x30, 0x30, 0x30,
	0x30, 0x30, 0x30, 0x30, 0x30, 0x30, 0x30, 0x30, 0x30, 0x30, 0x30, 0x30, 0x30, 0x30, 0x30, 0x30,
	0x30, 0x30, 0x30, 0x30, 0x30, 0x30, 0x30, 0x30, 0x30, 0x30, 0x30, 0x30, 0x30, 0x30, 0x30, 0x30,
	0x30, 0x30, 0x30, 0x30, 0x30, 0x30, 0x30, 0x30, 0x30, 0x30, 0x30, 0x30, 0x30, 0x30, 0x30, 0x30,
	0x30, 0x30, 0x30, 0x30, 0x30, 0x30, 0x30, 0x30, 0x30, 0x30, 0x30, 0x30, 0x30, 0x30, 0x30, 0x30,
	0x30, 0x30, 0x30, 0x30, 0x30, 0x30, 0x30, 0x30, 0x30, 0x30, 0x30, 0x30, 0x30, 0x30, 0x30, 0x30,
	0x30, 0x30, 0x30, 0x30, 0x30, 0x30, 0x30, 0x30, 0x30, 0x30, 0x30, 0x30, 0x30, 0x30, 0x30, 0x30,
	0x30, 0x30, 0x30, 0x30, 0x30, 0x30, 0x30, 0x30, 0x30, 0x30, 0x30, 0x30, 0x30, 0x30, 0x30, 0x30,
	0xa7, 0x30, 0xae, 0xb2, 0xb8, 0xc0, 0xc5, 0xcd, 0x30, 0x30, 0x30, 0x30, 0x30, 0x30, 0x30, 0x30,
	0x30, 0x30, 0x30, 0x30, 0x30, 0x30, 0x30, 0x30, 0x30, 0x30, 0x30, 0x30, 0x30, 0x30, 0x30, 0x30,
	0x30, 0x30, 0x30, 0x30, 0x30, 0x30, 0x30, 0x30, 0x30, 0x30, 0x30, 0x30, 0x30, 0x30, 0x30, 0x30,
	0x30, 0x30, 0x30, 0x30, 0x30, 0x30, 0x30, 0x30, 0x30, 0x30, 0x30, 0x30, 0x30, 0x30, 0x30, 0x30,
	0x30, 0x30, 0x30, 0x30, 0x30, 0x30, 0x30, 0x30, 0x30, 0x30, 0x30, 0x30, 0x30, 0x30, 0x30, 0x30,
	0x30, 0x30, 0x30, 0x30, 0x30, 0x30, 0x30, 0x30, 0x30, 0x30, 0x30, 0x30, 0x30, 0x30, 0x30, 0x30,
	0x30, 0x30, 0x30, 0x30, 0x30, 0x30, 0x30, 0x30, 0x30, 0x30, 0x30, 0x30, 0x30, 0x30, 0x30, 0x30,
	0x30, 0x30, 0x30, 0x30, 0x30, 0x30, 0x30, 0x30, 0x30, 0x30, 0x30, 0x30, 0x30, 0x30, 0x30, 0x30,
	0x30, 0x30, 0x30, 0x30, 0x30, 0x30, 0x30, 0x30, 0x30, 0x30, 0x30, 0x30, 0x30, 0x30, 0x30, 0x30,
	0x30, 0x30, 0x30, 0x30, 0x30, 0x30, 0x30, 0x30, 0x30, 0x30, 0x30, 0x30, 0x30, 0x30, 0x30, 0x30,
	0x30, 0x30, 0x30, 0x30, 0x30, 0x30, 0x30, 0x30, 0x30, 0x30, 0x30, 0x30, 0x30, 0x30, 0x30, 0x30,
	0x30, 0x30, 0x30, 0x30, 0x30, 0x30, 0x30, 0x30, 0x30, 0x30, 0x30, 0x30, 0x30, 0x30, 0x30, 0x30,
	0x30, 0x30, 0x30, 0x30, 0x30, 0x30, 0x30, 0x30, 0x30, 0x30, 0x30, 0x30, 0x30, 0x30, 0x30, 0x30,
	0x30, 0x30, 0x30, 0x30, 0x30, 0x30, 0x30, 0x30, 0x30, 0x30, 0x30, 0x30, 0x30, 0x30, 0x30, 0x30,
	0x30, 0x30, 0x30, 0x30, 0x30, 0x30, 0x30, 0x30, 0x30, 0x30, 0x30, 0x30, 0x30, 0x30, 0x30, 0x30,
	0x30, 0x30, 0x30, 0x30, 0x30, 0x30, 0x30, 0x30, 0x30, 0x30, 0x30, 0x30, 0x30, 0x30, 0x30, 0x30,
	0x30, 0x30, 0x30, 0x30, 0x30, 0x30, 0x30, 0x30, 0x30, 0x30, 0x30, 0x30, 0x30, 0x30, 0x30, 0x30,
	0x30, 0x30, 0x30, 0x30, 0x30, 0x30, 0x30, 0x30, 0x30, 0x30, 0x30, 0x30, 0x30, 0x30, 0x30, 0x30,
	0x30, 0x30, 0x30, 0x30, 0x30, 0x30, 0x30, 0x30, 0x30, 0x30, 0x30, 0x30, 0x30, 0x30, 0x30, 0x30,
	0x30, 0x30, 0x30, 0x30, 0x30, 0x30, 0x30, 0x30, 0x30, 0x30, 0x30, 0x30, 0x30, 0x30, 0x30, 0x30,
	0x30, 0x30, 0x30, 0x30, 0x30, 0x30, 0x30, 0x30, 0x30, 0x30, 0x30, 0x30, 0x30, 0x30, 0x30, 0x30,
	0x30, 0x30, 0x30, 0x30, 0x30, 0x30, 0x30, 0x30, 0x30, 0x30, 0x30, 0x30, 0x30, 0x30, 0x30, 0x30,
	0x30, 0x30, 0x30, 0x30, 0x30, 0x30, 0x30, 0x30, 0x30, 0x30, 0x30, 0x30, 0x30, 0x30, 0x30, 0x30,
	0x30, 0x30, 0x30, 0x30, 0x30, 0x30, 0x30, 0x30, 0x30, 0x30, 0x30, 0x30, 0x30, 0x30, 0x30, 0x30,
	0x30, 0x30, 0x30, 0x30, 0x30, 0x30, 0x30, 0x30, 0x30, 0x30, 0x30, 0x30, 0x30, 0x30, 0x30, 0x30,
	0x30, 0x30, 0x30, 0x30, 0x30, 0x30, 0x30, 0x30, 0x30, 0x30, 0x30, 0x30, 0x30, 0x30, 0x30, 0x30,
	0x30, 0x30, 0x30, 0x30, 0x30, 0x30, 0x30, 0x30, 0x30, 0x30, 0x30, 0x30, 0x30, 0x30, 0x30, 0x30,
	0x30, 0x30, 0x30, 0x30, 0x30, 0x30, 0x30, 0x30, 0x30, 0x30, 0x30, 0x30, 0x30, 0x30, 0x30, 0x30,
	0x30, 0x30, 0x30, 0x30, 0x30, 0x30, 0x30, 0x30, 0x30, 0x30, 0x30, 0x30, 0x30, 0x30, 0x30, 0x30,
	0x30, 0x30, 0x30, 0x30, 0x30, 0x30, 0x30, 0x30, 0x30, 0x30, 0x30, 0x30, 0x30, 0x30, 0x30, 0x30,
	0x30, 0x30, 0x30, 0x30, 0x30, 0x30, 0x30, 0x30, 0x30, 0x30, 0x30, 0x30, 0x30, 0x30, 0x30, 0x30,
	0x30, 0x30, 0x30, 0x30, 0x30, 0x30, 0x30, 0x30, 0x30, 0x30, 0x30, 0x30, 0x30, 0x30, 0x30, 0x30,
	0x30, 0x30, 0x30, 0x30, 0x30, 0x30, 0x30, 0x30, 0x30, 0x30, 0x30, 0x30, 0x30, 0x30, 0x30, 0x30,
	0x30, 0x30, 0x30, 0x30, 0x30, 0x30, 0x30, 0x30, 0x30, 0x30, 0x30, 0x30, 0x30, 0x30, 0x30, 0x30,
	0x30, 0x30, 0x30, 0x30, 0x30, 0x30, 0x30, 0x30, 0x30, 0x30, 0x30, 0x30, 0x30, 0x30, 0x30, 0x30,
	0x30, 0x30, 0x30, 0x30, 0x30, 0x30, 0x30, 0x30, 0x30, 0x30, 0x30, 0x30, 0x30, 0x30, 0x30, 0x30,
	0x30, 0x30, 0x30, 0x30, 0x30, 0x30, 0x30, 0x30, 0x30, 0x30, 0x30, 0x30, 0x30, 0x30, 0x30, 0x30,
	0x30, 0x30, 0x30, 0x30, 0x30, 0x30, 0x30, 0x30, 0x30, 0x30, 0x30, 0x30, 0x30, 0x30, 0x30, 0x30,
	0x30, 0x30, 0x30, 0x30, 0x30, 0x30, 0x30, 0x30, 0x30, 0x30, 0x30, 0x30, 0x30, 0x30, 0x30, 0x30,
	0x30, 0x30, 0x30, 0x30, 0x30, 0x30, 0x30, 0x30, 0x30, 0x30, 0x30, 0x30, 0x30, 0x30, 0x30, 0x30,
	0x30, 0x30, 0x30, 0x30, 0x30, 0x30, 0x30, 0x30, 0x30, 0x30, 0x30, 0x30, 0x30, 0x30, 0x30, 0x30,
	0x30, 0x30, 0x30, 0x30, 0x30, 0x30, 0x30, 0x30, 0x30, 0x30, 0x30, 0x30, 0x30, 0x30, 0x30, 0x30,
	0x30, 0x30, 0x30, 0x30, 0x30, 0x30, 0x30, 0x30, 0x30, 0x30, 0x30, 0x30, 0x30, 0x30, 0x30, 0x30,
	0x30, 0x30, 0x30, 0x30, 0x30, 0x30, 0x30, 0x30, 0x30, 0x30, 0x30, 0x30, 0x30, 0x30, 0x30, 0x30,
	0x30, 0x30, 0x30, 0x30, 0x30, 0x30, 0x30, 0x30, 0x30, 0x30, 0x30, 0x30, 0x30, 0x30, 0x30, 0x30,
	0x30, 0x30, 0x30, 0x30, 0x30, 0x30, 0x30, 0x30, 0x30, 0x30, 0x30, 0x30, 0x30, 0x30, 0x30, 0x30,
	0x30, 0x30, 0x30, 0x30, 0x30, 0x30, 0x30, 0x30, 0x30, 0x30, 0x30, 0x30, 0x30, 0x30, 0x30, 0x30,
	0x30, 0x30, 0x30, 0x30, 0x30, 0x30, 0x30, 0x30, 0x30, 0x30, 0x30, 0x30, 0x30, 0x30, 0x30, 0x30,
	0x30, 0x30, 0x30, 0x30, 0x30, 0x30, 0x30, 0x30, 0x30, 0x30, 0x30, 0x30, 0x30, 0x30, 0x30, 0x30,
	0x30, 0x30, 0x30, 0x30, 0x30, 0x30, 0x30, 0x30, 0x30, 0x30, 0x30, 0x30, 0x30, 0x30, 0x30, 0x30,
	0x30, 0x30, 0x30, 0x30, 0x30, 0x30, 0x30, 0x30, 0x30, 0x30, 0x30, 0x30, 0x30, 0x30, 0x30, 0x30,
	0x30, 0x30, 0x30, 0x30, 0x30, 0x30, 0x30, 0x30, 0x30, 0x30, 0x30, 0x30, 0x30, 0x30, 0x30, 0x30,
	0x30, 0x30, 0x30, 0x30, 0x30, 0x30, 0x30, 0x30, 0x30, 0x30, 0x30, 0x30, 0x30, 0x30, 0x30, 0x30,
	0x30, 0x30, 0x30, 0x30, 0x30, 0x30, 0x30, 0x30, 0x30, 0x30, 0x30, 0x30, 0x30, 0x30, 0x30, 0x30,
	0x30, 0x30, 0x30, 0x30, 0x30, 0x30, 0x30, 0x30, 0x30, 0x30, 0x30, 0x30, 0x30, 0x30, 0x30, 0x30,
	0x30, 0x30, 0x30, 0x30, 0x30, 0x30, 0x30, 0x30, 0x30, 0x30, 0x30, 0x30, 0x30, 0x30, 0x30, 0x30,
	0x30, 0x30, 0x30, 0x30, 0x30, 0x30, 0x30, 0x30, 0x30, 0x30, 0x30, 0x30, 0x30, 0x30, 0x30, 0x30,
	0x30, 0x30, 0x30, 0x30, 0x30, 0x30, 0x30, 0x30, 0x30, 0x30, 0x30, 0x30, 0x30, 0x30, 0x30, 0x30,
	0x30, 0x30, 0x30, 0x30, 0x30, 0x30, 0x30, 0x30, 0x30, 0x30, 0x30, 0x30, 0x30, 0x30, 0x30, 0x30,
	0x30, 0x30, 0x30, 0x30, 0x30, 0x30, 0x30, 0x30, 0x30, 0x30, 0x30, 0x30, 0x30, 0x30, 0x30, 0x30,
	0x30, 0x30, 0x30, 0x30, 0x30, 0x30, 0x30, 0x30, 0x30, 0x30, 0x30, 0x30, 0x30, 0x30, 0x30, 0x30,
	0x30, 0x30, 0x30, 0x30, 0x30, 0x30, 0x30, 0x30, 0x30, 0x30, 0x30, 0x30, 0x30, 0x30, 0x30, 0x30,
	0x30, 0x30, 0x30, 0x30, 0x30, 0x30, 0x30, 0x30, 0x30, 0x30, 0x30, 0x30, 0x30, 0x30, 0x30, 0x30,
	0x30, 0x30, 0x30, 0x30, 0x30, 0x30, 0x30, 0x30, 0x30, 0x30, 0x30, 0x30, 0x30, 0x30, 0x30, 0x30,
	0x30, 0x30, 0x30, 0x30, 0x30, 0x30, 0x30, 0x30, 0x30, 0x30, 0x30, 0x30, 0x30, 0x30, 0x30, 0x30,
	0x30, 0x30, 0x30, 0x30, 0x30, 0x30, 0x30, 0x30, 0x30, 0x30, 0x30, 0x30, 0x30, 0x30, 0x30, 0x30,
	0x30, 0x30, 0x30, 0x30, 0x30, 0x30, 0x30, 0x30, 0x30, 0x30, 0x30, 0x30, 0x30, 0x30, 0x30, 0x30,
	0x30, 0x30, 0x30, 0x30, 0x30, 0x30, 0x30, 0x30, 0x30, 0x30, 0x30, 0x30, 0x30, 0x30, 0x30, 0x30,
	0x30, 0x30, 0x30, 0x30, 0x30, 0x30, 0x30, 0x30, 0x30, 0x30, 0x30, 0x30, 0x30, 0x30, 0x30, 0x30,
	0x30, 0x30, 0x30, 0x30, 0x30, 0x30, 0x30, 0x30, 0x30, 0x30, 0x30, 0x30, 0x30, 0x30, 0x30, 0x30,
	0x30, 0x30, 0x30, 0x30, 0x30, 0x30, 0x30, 0x30, 0x30, 0x30, 0x30, 0x30, 0x30, 0x30, 0x30, 0x30,
	0xd5, 0xd5, 0xd5, 0xd5, 0xd5, 0xd5, 0xd5, 0xd5, 0xd5, 0xd5, 0xd5, 0xd5, 0xd5, 0xd5, 0xd5, 0xd5,
	0xd5, 0xd5, 0xd5, 0xd5, 0xd5, 0xd5, 0xd5, 0xd5, 0xd5, 0xd5, 0xd5, 0xd5, 0xd5, 0xd5, 0xd5, 0xd5,
	0xd5, 0xd5, 0xd5, 0xd5, 0xd5, 0xd5, 0xd5, 0xd5, 0xd5, 0xd5, 0xd5, 0xd5, 0xd5, 0xd5, 0xd5, 0xd5,
	0xd5, 0xd5, 0xd5, 0xd5, 0xd5, 0xd5, 0xd5, 0xd5, 0xd5, 0xd5, 0xd5, 0xd5, 0xd5, 0xd5, 0xd5, 0xd5,
	0xd5, 0xd5, 0xd5, 0xd5, 0xd5, 0xd5, 0xd5, 0xd5, 0xd5, 0xd5, 0xd5, 0xd5, 0xd5, 0xd5, 0xd5, 0xd5,
	0xd5, 0xd5, 0xd5, 0xd5, 0xd5, 0xd5, 0xd5, 0xd5, 0xd5, 0xd5, 0xd5, 0xd5, 0xd5, 0xd5, 0xd5, 0xd5,
	0xd5, 0xd5, 0xd5, 0xd5, 0xd5, 0xd5, 0xd5, 0xd5, 0xd5, 0xd5, 0xd5, 0xd5, 0xd5, 0xd5, 0xd5, 0xd5,
	0xd5, 0xd5, 0xd5, 0xd5, 0xd5, 0xd5, 0xd5, 0xd5, 0xd5, 0xd5, 0xd5, 0xd5, 0xd5, 0xd5, 0xd5, 0xd5,
	0xd5, 0xd5, 0xd5, 0xd5, 0xd5, 0xd5, 0xd5, 0xd5, 0xd5, 0xd5, 0xd5, 0xd5, 0xd5, 0xd5, 0xd5, 0xd5,
	0xd5, 0xd5, 0xd5, 0xd5, 0xd5, 0xd5, 0xd5, 0xd5, 0xd5, 0xd5, 0xd5, 0xd5, 0xd5, 0xd5, 0xd5, 0xd5,
	0xd5, 0xd5, 0xd5, 0xd5, 0xd5, 0xd5, 0xd5, 0xd5, 0xd5, 0xd5, 0xd5, 0xd5, 0xd5, 0xd5, 0xd5, 0xd5,
	0xd5, 0xd5, 0xd5, 0xd5, 0xd5, 0xd5, 0xd5, 0xd5, 0xd5, 0xd5, 0xd5, 0xd5, 0xd5, 0xd5, 0xd5, 0xd5,
	0xd5, 0xd5, 0xd5, 0xd5, 0xd5, 0xd5, 0xd5, 0xd5, 0xd5, 0xd5, 0xd5, 0xd5, 0xd5, 0xd5, 0xd5, 0xd5,
	0xd5, 0xd5, 0xd5, 0xd5, 0xd5, 0xd5, 0xd5, 0xd5, 0xd5, 0xd5, 0xd5, 0xd5, 0xd5, 0xd5, 0xd5, 0xd5,
	0xd5, 0xd5, 0xd5, 0xd5, 0xd5, 0xd5, 0xd5, 0xd5, 0xd5, 0xd5, 0xd5, 0xd5, 0xd5, 0xd5, 0xd5, 0xd5,
	0xd5, 0xd5, 0xd5, 0xd5, 0xd5, 0xd5, 0xd5, 0xd5, 0xd5, 0xd5, 0xd5, 0xd5, 0xd5, 0xd5, 0xd5, 0xd5,
	0xd5, 0xd5, 0xd5, 0xd5, 0xd5, 0xd5, 0xd5, 0xd5, 0xd5, 0xd5, 0xd5, 0xd5, 0xd5, 0xd5, 0xd5, 0xd5,
	0xd5, 0xd5, 0xd5, 0xd5, 0xd5, 0xd5, 0xd5, 0xd5, 0xd5, 0xd5, 0xd5, 0xd5, 0xd5, 0xd5, 0xd5, 0xd5,
	0xd5, 0xd5, 0xd5, 0xd5, 0xd5, 0xd5, 0xd5, 0xd5, 0xd5, 0xd5, 0xd5, 0xd5, 0xd5, 0xd5, 0xd5, 0xd5,
	0xd5, 0xd5, 0xd5, 0xd5, 0xd5, 0xd5, 0xd5, 0xd5, 0xd5, 0xd5, 0xd5, 0xd5, 0xd5, 0xd5, 0xd5, 0xd5,
	0xd5, 0xd5, 0xd5, 0xd5, 0xd5, 0xd5, 0xd5, 0xd5, 0xd5, 0xd5, 0xd5, 0xd5, 0xd5, 0xd5, 0xd5, 0xd5,
	0xd5, 0xd5, 0xd5, 0xd5, 0xd5, 0xd5, 0xd5, 0xd5, 0xd5, 0xd5, 0xd5, 0xd5, 0xd5, 0x9f, 0x30, 0x30,
	0x97, 0x97, 0x97, 0x97, 0x97, 0x97, 0x97, 0x97, 0x97, 0x97, 0x97, 0x97, 0x97, 0x97, 0x97, 0x97,
	0x97, 0x97, 0x97, 0x97, 0x97, 0x97, 0x97, 0x97, 0x97, 0x97, 0x97, 0x97, 0x97, 0x97, 0x97, 0x97,
	0x30, 0x30, 0x30, 0x30, 0x30, 0x30, 0x30, 0x30, 0x30, 0x30, 0x30, 0x30, 0x30, 0x30, 0x30, 0x30,
	0x30, 0x30, 0x30, 0x30, 0x30, 0x30, 0x30, 0x30, 0x30, 0x30, 0x30, 0x30, 0x30, 0x30, 0x30, 0x30,
	0x30, 0x30, 0x30, 0x30, 0x30, 0x30, 0x30, 0x30, 0x30, 0x30, 0x30, 0x30, 0x30, 0x30, 0x30, 0x30,
	0x30, 0x30, 0x30, 0x30, 0x30, 0x30, 0x30, 0x30, 0x30, 0x30, 0x30, 0x30, 0x30, 0x30, 0x30, 0x30,
	0x30, 0x30, 0x30, 0x30, 0x30, 0x30, 0x30, 0x30, 0x30, 0x30, 0x30, 0x30, 0x30, 0x30, 0x30, 0x30,
	0x30, 0x30, 0x30, 0x30, 0x30, 0x30, 0x30, 0x30, 0x30, 0x30, 0x30, 0x30, 0x30, 0x30, 0x30, 0x30,
	0x30, 0x30, 0x30, 0x30, 0x30, 0x30, 0x30, 0x30, 0x30, 0x30, 0x30, 0x30, 0x30, 0x30, 0x30, 0x30,
	0x30, 0x30, 0x30, 0x30, 0x30, 0x30, 0x30, 0x30, 0x30, 0x30, 0x30, 0x30, 0x30, 0x30, 0x30, 0x30,
	0x30, 0x30, 0x30, 0x30, 0x30, 0x30, 0x30, 0x30, 0x30, 0x30, 0x30, 0x30, 0x30, 0x30, 0x30, 0x30,
	0x30, 0x30, 0x30, 0x30, 0x30, 0x30, 0x30, 0x30, 0x30, 0x30, 0x30, 0x30, 0x30, 0x30, 0x30, 0x30,
	0x30, 0x30, 0x30, 0x30, 0x30, 0x30, 0x30, 0x30, 0x30, 0x30, 0x30, 0x30, 0x30, 0x30, 0x30, 0x30,
	0x30, 0x30, 0x30, 0x30, 0x30, 0x30, 0x30, 0x30, 0x30, 0x30, 0x30, 0x30, 0x30, 0x30, 0x30, 0x30,
	0x30, 0x30, 0x30, 0x30, 0x30, 0x30, 0x30, 0x30, 0x30, 0x30, 0x30, 0x30, 0x30, 0x30, 0x30, 0x30,
	0x30, 0x30, 0x30, 0x30, 0x30, 0x30, 0x30, 0x30, 0x30, 0x30, 0x30, 0x30, 0x30, 0x30, 0x30, 0x30,
	0x30, 0x30, 0x30, 0x30, 0x30, 0x30, 0x30, 0x30, 0x30, 0x30, 0x30, 0x30, 0x30, 0x30, 0x30, 0x30,
	0x30, 0x30, 0x30, 0x30, 0x30, 0x30, 0x30, 0x30, 0x30, 0x30, 0x30, 0x30, 0x30, 0x30, 0x30, 0x30,
	0x30, 0x30, 0x30, 0x30, 0x30, 0x30, 0x30, 0x30, 0x30, 0x30, 0x30, 0x30, 0x30, 0x30, 0x30, 0x30,
	0x30, 0x30, 0x30, 0x30, 0x30, 0x30, 0x30, 0x30, 0x30, 0x30, 0x30, 0x30, 0x30, 0x30, 0x30, 0x30,
	0x30, 0x30, 0x30, 0x30, 0x30, 0x30, 0x30, 0x30, 0x30, 0x30, 0x30, 0x30, 0x30, 0x30, 0x30, 0x30,
	0x30, 0x30, 0x30, 0x30, 0x30, 0x30, 0x30, 0x30, 0x30, 0x30, 0x30, 0x30, 0x30, 0x30, 0x30, 0x30,
	0x80, 0x80, 0xc0, 0x100, 0x140, 0x17c, 0x1bc, 0x1f0, 0x21c, 0xc0, 0xc0, 0xc0, 0xc0, 0xc0, 0xc0, 0xc0,
	0xc0, 0xc0, 0xc0, 0xc0, 0xc0, 0xc0, 0xc0, 0xc0, 0xc0, 0xc0, 0xc0, 0xc0, 0xc0, 0xc0, 0xc0, 0xc0
};

static constexpr uint32_t s_coll_tkTrieData[888] = {
	0xcb, 0x0, 0x0, 0x0, 0x0, 0x0, 0x0, 0x0,
	0x0, 0x3040505, 0x3060505, 0x3080505, 0x30a0505, 0x30c0505, 0x0, 0x0,
	0x0, 0x0, 0x0, 0x0, 0x0, 0x0, 0x0, 0x0,
	0x0, 0x0, 0x0, 0x0, 0x0, 0x0, 0x0, 0x0,
	0x4000505, 0x75a0505, 0x9760505, 0xa940505, 0xda90505, 0xa960505, 0xa8e0505, 0x9700505,
	0x97c0505, 0x97e0505, 0xa7e0505, 0xc7b0505, 0x6000505, 0x50e0505, 0x8000505, 0xa880505,
	0x10e0ca, 0x1101ca, 0x1122ca, 0x1143ca, 0x1164ca, 0x1185ca, 0x11a6ca, 0x11c7ca,
	0x11e8ca, 0x1209ca, 0x7360505, 0x72a0505, 0xc850505, 0xc870505, 0xc890505, 0x7640505,
	0xa7c0505, 0x6c9, 0x2d00059c, 0xc6c9, 0x3100059c, 0x3300059c, 0x3500059c, 0x3700059c,
	0x3900059c, 0x3b00059c, 0x3d00059c, 0x3f00059c, 0x4100059c, 0x4300059c, 0x186c9, 0x266c9,
	0x4900059c, 0x4b00059c, 0x4d00059c, 0x346c9, 0x5100059c, 0x426c9, 0x5500059c, 0x570005a0,
	0x5900059c, 0x546c9, 0x6a6c9, 0x9800505, 0xa8a0505, 0x9820505, 0xc0a0505, 0x50a0505,
	0xc040505, 0x766c9, 0x2d000505, 0x826c9, 0x31000505, 0x33000505, 0x35000505, 0x37000505,
	0x39000505, 0x3b000505, 0x3d000505, 0x3f000505, 0x41000505, 0x43000505, 0x8e6c9, 0x9c6c9,
	0x49000505, 0x4b000505, 0x4d000505, 0xaa6c9, 0x51000505, 0xb86c9, 0x55000505, 0x57000505,
	0x59000505, 0xcc6c9, 0xe26c9, 0x9840505, 0xc8d0505, 0x9860505, 0xc910505, 0x0,
	0xfffd0505, 0xfffd0505, 0xfffd0505, 0xfffd0505, 0xfffd0505, 0xfffd0505, 0xfffd0505, 0xfffd0505,
	0xfffd0505, 0xfffd0505, 0xfffd0505, 0xfffd0505, 0xfffd0505, 0xfffd0505, 0xfffd0505, 0xfffd0505,
	0xfffd0505, 0xfffd0505, 0xfffd0505, 0xfffd0505, 0xfffd0505, 0xfffd0505, 0xfffd0505, 0xfffd0505,
	0xfffd0505, 0xfffd0505, 0xfffd0505, 0xfffd0505, 0xfffd0505, 0xfffd0505, 0xfffd0505, 0xfffd0505,
	0xfffd0505, 0xfffd0505, 0xfffd0505, 0xfffd0505, 0xfffd0505, 0xfffd0505, 0xfffd0505, 0xfffd0505,
	0xfffd0505, 0xfffd0505, 0xfffd0505, 0xfffd0505, 0xfffd0505, 0xfffd0505, 0xfffd0505, 0xfffd0505,
	0xfffd0505, 0xfffd0505, 0xfffd0505, 0xfffd0505, 0xfffd0505, 0xfffd0505, 0xfffd0505, 0xfffd0505,
	0xfffd0505, 0xfffd0505, 0xfffd0505, 0xfffd0505, 0xfffd0505, 0xfffd0505, 0xfffd0505, 0xfffd0505,
	0xc0, 0xc0, 0xc0, 0xc0, 0xc0, 0xc0, 0xc0, 0xc0,
	0xc0, 0xc0, 0xc0, 0xc0, 0xc0, 0xc0, 0xc0, 0xc0,
	0xc0, 0xc0, 0xc0, 0xc0, 0xc0, 0xc0, 0xc0, 0xc0,
	0xc0, 0xc0, 0xc0, 0xc0, 0xc0, 0xc0, 0xc0, 0xc0,
	0xc0, 0xc0, 0xc0, 0xc0, 0xc0, 0xc0, 0xc0, 0xc0,
	0xc0, 0xc0, 0xc0, 0xc0, 0xc0, 0xc0, 0xc0, 0xc0,
	0xc0, 0xc0, 0xc0, 0xc0, 0xc0, 0xc0, 0xc0, 0xc0,
	0xc0, 0xc0, 0xc0, 0xc0, 0xc0, 0xc0, 0xc0, 0xc0,
	0x2b9c8ac4, 0x2b9c88c4, 0x2b9c8ec4, 0x2b9c9ac4, 0x34020586, 0x2b9c92c4, 0x1022c5, 0x30020586,
	0x339c8ac4, 0x339c88c4, 0x339c8ec4, 0x339c96c4, 0x3b9c8ac4, 0x3b9c88c4, 0x3b9c8ec4, 0x3b9c96c4,
	0x310070a0, 0x459c9ac4, 0x479c8ac4, 0x479c88c4, 0x479c8ec4, 0x479c9ac4, 0x48020586, 0xc830505,
	0x479c9ec4, 0x539c8ac4, 0x539c88c4, 0x539c8ec4, 0x54020586, 0x5c020586, 0x5e2805a0, 0x1062c5,
	0x2b058ac4, 0x2b0588c4, 0x2b058ec4, 0x2b059ac4, 0x34020505, 0x2b0592c4, 0x10a2c5, 0x30020505,
	0x33058ac4, 0x330588c4, 0x33058ec4, 0x330596c4, 0x3b058ac4, 0x3b0588c4, 0x3b058ec4, 0x3b0596c4,
	0x31007005, 0x45059ac4, 0x47058ac4, 0x470588c4, 0x47058ec4, 0x47059ac4, 0x48020505, 0xc810505,
	0x47059ec4, 0x53058ac4, 0x530588c4, 0x53058ec4, 0x54020505, 0x5c020505, 0x5e280505, 0x5b0596c4,
	0xc0, 0xc0, 0xc0, 0xc0, 0xee6c9, 0xfa6c9, 0xc0, 0xc0,
	0xc0, 0xc0, 0xc0, 0xc0, 0xc0, 0xc0, 0xc0, 0xc0,
	0xc0, 0xc0, 0xc0, 0xc0, 0xc0, 0xc0, 0xc0, 0xc0,
	0xc0, 0xc0, 0xc0, 0xc0, 0xc0, 0xc0, 0xc0, 0xc0,
	0xc0, 0xc0, 0xc0, 0xc0, 0xc0, 0xc0, 0xc0, 0xc0,
	0xc0, 0xc0, 0xc0, 0xc0, 0xc0, 0xc0, 0xc0, 0xc0,
	0xc0, 0xc0, 0xc0, 0xc0, 0xc0, 0xc0, 0xc0, 0xc0,
	0xc0, 0xc0, 0xc0, 0xc0, 0xc0, 0xc0, 0xc0, 0xc0,
	0xc0, 0x1066c9, 0x1126c9, 0x46020586, 0x46020505, 0xc0, 0xc0, 0xc0,
	0xc0, 0xc0, 0xc0, 0xc0, 0xc0, 0xc0, 0xc0, 0xc0,
	0xc0, 0xc0, 0xc0, 0xc0, 0xc0, 0xc0, 0xc0, 0xc0,
	0xc0, 0xc0, 0x50020586, 0x50020505, 0xc0, 0xc0, 0xc0, 0xc0,
	0xc0, 0xc0, 0xc0, 0xc0, 0xc0, 0xc0, 0xc0, 0xc0,
	0xc0, 0xc0, 0xc0, 0xc0, 0xc0, 0xc0, 0x11e6c9, 0x12a6c9,
	0xc0, 0xc0, 0xc0, 0xc0, 0xc0, 0xc0, 0xc0, 0xc0,
	0xc0, 0x3e020586, 0x3e020505, 0xc0, 0xc0, 0xc0, 0xc0, 0xc0,
	0xc0, 0xc0, 0xc0, 0xc0, 0xc0, 0xc0, 0xc0, 0xc0,
	0xc0, 0xc0, 0xc0, 0xc0, 0xc0, 0xc0, 0xc0, 0xc0,
	0xc0, 0xc0, 0xc0, 0xc0, 0xc0, 0xc0, 0xc0, 0xc0,
	0xc0, 0xc0, 0xc0, 0xc0, 0x1366c9, 0x1426c9, 0xc0, 0xc0,
	0xc0, 0xc0, 0xc0, 0xc0, 0xc0, 0xc0, 0xc0, 0xc0,
	0xc0, 0xc0, 0xc0, 0x14e6c9, 0x15a6c9, 0xc0, 0xc0, 0xc0,
	0xc0, 0xc0, 0xc0, 0xc0, 0xc0, 0xc0, 0xc0, 0xc0,
	0xc0, 0xc0, 0xc0, 0xc0, 0xc0, 0xc0, 0xc0, 0xc0,
	0xc0, 0xc0, 0xc0, 0xc0, 0xc0, 0x322c5, 0x362c5, 0x22c5,
	0x62c5, 0x3a2c5, 0x3e2c5, 0x422c5, 0x462c5, 0xc0, 0x4a2c5, 0x4e2c5,
	0xc0, 0xc0, 0xc0, 0xc0, 0xc0, 0xc0, 0xc0, 0xc0,
	0xc0, 0xc0, 0x1666c9, 0x1726c9, 0xc0, 0xc0, 0xc0, 0xc0,
	0xc0, 0xc0, 0xc0, 0xc0, 0xc0, 0xc0, 0xc0, 0xc0,
	0xc0, 0xc0, 0xc0, 0xc0, 0xc0, 0xc0, 0xc0, 0xc0,
	0xc0, 0xc0, 0xc0, 0xc0, 0xc0, 0xc0, 0xc0, 0xc0,
	0xc0, 0xc0, 0xc0, 0xc0, 0xc0, 0xc0, 0xc0, 0xc0,
	0xc0, 0xc0, 0xc0, 0xc0, 0xc0, 0xc0, 0x5a2c5, 0x5e2c5,
	0xc0, 0xc0, 0xc0, 0xc0, 0xc0, 0xc0, 0xc0, 0xc0,
	0xc0, 0xc0, 0xc0, 0xc0, 0xc0, 0xc0, 0xc0, 0xc0,
	0xc0, 0xc0, 0xc0, 0xc0, 0x1cd, 0x1cd, 0x1cd, 0x1cd,
	0x1cd, 0x1cd, 0x1cd, 0x1cd, 0x1cd, 0x1cd, 0x1cd, 0x1cd,
	0x1cd, 0x1cd, 0x1cd, 0x1cd, 0x1cd, 0x1cd, 0x1cd, 0x1cd,
	0x1cd, 0x1cd, 0x1cd, 0x1cd, 0x1cd, 0x1cd, 0x1cd, 0x1cd,
	0x1cd, 0x1cd, 0x1cd, 0x1cd, 0x1cc, 0x1cc, 0x1cc, 0x1cc,
	0xc0, 0xc0, 0xc0, 0xc0, 0xc0, 0xc0, 0xc0, 0xc0,
	0xc0, 0xc0, 0xc0, 0xc0, 0xc0, 0xc0, 0xc0, 0xc0,
	0xc0, 0xc0, 0xc0, 0xc0, 0xc0, 0xc0, 0xc0, 0xc0,
	0xc0, 0xc0, 0xc0, 0xc0, 0x17e6c9, 0x18a6c9, 0xc0, 0xc0,
	0xc0, 0xc0, 0xc0, 0xc0, 0x6a2c5, 0x6e2c5, 0xc0, 0xc0,
	0xc0, 0xc0, 0xc0, 0xc0, 0xc0, 0xc0, 0xc0, 0xc0,
	0xc0, 0xc0, 0xc0, 0xc0, 0xc0, 0xc0, 0xc0, 0xc0,
	0xc0, 0xc0, 0xc0, 0xc0, 0xc0, 0xc0, 0x1966c9, 0x1a26c9,
	0x1ae6c9, 0x1ba6c9, 0x1c66c9, 0x1d26c9, 0xc0, 0xc0, 0xc0, 0xc0,
	0xc0, 0xc0, 0xc0, 0xc0, 0xc0, 0xc0, 0xc0, 0xc0,
	0xc0, 0xc0, 0xc0, 0xc0, 0xc0, 0xc0, 0xc0, 0xc0,
	0xc0, 0xc0, 0x1de6c9, 0x1ea6c9, 0x1f66c9, 0x2026c9, 0x20e6c9, 0x21a6c9,
	0xc0, 0xc0, 0xc0, 0xc0, 0xc0, 0xc0, 0xc0, 0xc0,
	0xc0, 0xc0, 0xc0, 0xc0, 0xc0, 0xc0, 0xc0, 0xc0,
	0xc0, 0xc0, 0x2266c9, 0x2326c9, 0x23e6c9, 0x24a6c9, 0xc0, 0xc0,
	0xc0, 0xc0, 0xc0, 0xc0, 0xc0, 0xc0, 0xc0, 0xc0,
	0x2566c9, 0x2626c9, 0xc0, 0xc0, 0xc0, 0xc0, 0xc0, 0xc0,
	0xc0, 0xc0, 0xc0, 0xc0, 0xc0, 0xc0, 0xc0, 0xc0,
	0xc0, 0xc0, 0xc0, 0xc0, 0xc0, 0xc0, 0xc0, 0xc0,
	0xc0, 0xc0, 0xc0, 0xc0, 0xc0, 0xc0, 0xc0, 0xc0,
	0x26e6c9, 0x27a6c9, 0xc0, 0xc0, 0xc0, 0xc0, 0xc0, 0xc0,
	0xc0, 0xc0, 0xc0, 0xc0, 0xc0, 0xc0, 0xc0, 0xc0,
	0xc0, 0xc0, 0xc0, 0xc0, 0xc0, 0xc0, 0x2866c9, 0x2926c9,
	0x29e6c9, 0x2aa6c9, 0xc0, 0xc0, 0xc0, 0xc0, 0xc0, 0xc0,
	0xc0, 0xc0, 0xc0, 0xc0, 0x2b66c9, 0x2c26c9, 0xc0, 0xc0,
	0x2ce6c9, 0x2e06c9, 0xc0, 0xc0, 0xc0, 0xc0, 0xc0, 0xc0,
	0xc0, 0xc0, 0xc0, 0xc0, 0x1cc, 0x1cc, 0x1cc, 0x1cc,
	0x1cc, 0x1cc, 0x1cc, 0x1cc, 0x1cc, 0x1cc, 0x1cc, 0x1cc,
	0x1cc, 0x1cc, 0x1cc, 0x1cc, 0x1cc, 0x1cc, 0x1cc, 0x1cc,
	0x1cc, 0x1cc, 0x1cc, 0x1cc, 0x1cc, 0x1cc, 0x1cc, 0x1cc,
	0x1cc, 0x1cc, 0x1cc, 0x1cc, 0xc0, 0xc0, 0xc0, 0xc0
};

static constexpr int32_t s_coll_tkTrieIndexLength = 2112;
static constexpr int32_t s_coll_tkTrieDataLength = 888;
static constexpr char32_t s_coll_tkTrieHighStart = 0xe000;
static constexpr int32_t s_coll_tkTrieHighValueIndex = 884;

static constexpr uint32_t s_coll_tkCe32s[145] = {
	0x0, 0x54020586, 0x8805, 0x54020505, 0x8805, 0x34020586, 0xa205, 0x34020505,
	0xa205, 0x46020586, 0xa005, 0x46020505, 0xa005, 0x54020586, 0xa205, 0x54020505,
	0xa205, 0x48020586, 0xbe05, 0x48020505, 0xbe05, 0x54020586, 0xbe05, 0x54020505,
	0xbe05, 0x54020586, 0xa405, 0x54020505, 0xa405, 0x54020586, 0x9005, 0x54020505,
	0x9005, 0x54020586, 0x8a05, 0x54020505, 0x8a05, 0x34020586, 0xa405, 0x34020505,
	0xa405, 0x48020586, 0xa205, 0x48020505, 0xa205, 0x48020586, 0xa405, 0x48020505,
	0xa405, 0x34020586, 0xc805, 0x34020505, 0xc805, 0x30020586, 0x8805, 0x30020505,
	0x8805, 0x46020586, 0xc405, 0x46020505, 0xc405, 0x46020586, 0xd205, 0x46020505,
	0xd205, 0x46020586, 0xcc05, 0x46020505, 0xcc05, 0x54020586, 0xc605, 0x54020505,
	0xc605, 0x54020586, 0xd005, 0x54020505, 0xd005, 0x54020586, 0xcc05, 0x54020505,
	0xcc05, 0x3e020586, 0xc405, 0x3e020505, 0xc405, 0x3e020586, 0xd205, 0x3e020505,
	0xd205, 0x34020586, 0xc405, 0x34020505, 0xc405, 0x48020586, 0xc405, 0x48020505,
	0xc405, 0x4700059c, 0xbe05, 0xc405, 0x48020586, 0xbe05, 0xc405, 0x47000505,
	0xbe05, 0xc405, 0x48020505, 0xbe05, 0xc405, 0x54020586, 0xc405, 0x54020505,
	0xc405, 0x5300059c, 0xbe05, 0xc405, 0x54020586, 0xbe05, 0xc405, 0x53000505,
	0xbe05, 0xc405, 0x54020505, 0xbe05, 0xc405, 0x5c020586, 0xc405, 0x5c020505,
	0xc405, 0x2b0070a0, 0x330005a2, 0x4f007005, 0x4f000513, 0x2b007005, 0x33000513, 0x12000505,
	0x14000505, 0x16000505, 0x18000505, 0x1a000505, 0x1c000505, 0x1e000505, 0x20000505, 0x22000505,
	0x24000505
};

static constexpr char16_t s_coll_tkContexts[377] = {
	0x2b00, 0x59c, 0x30, 0x308, 0xf402, 0x586, 0x2f00, 0x59c, 0x30, 0x327, 0xf002, 0x586,
	0x4500, 0x59c, 0x30, 0x30c, 0xffff, 0x4602, 0x586, 0x4700, 0x59c, 0x30, 0x308, 0xffff,
	0x4802, 0x586, 0x4f00, 0x59c, 0x30, 0x327, 0xffff, 0x5002, 0x586, 0x5300, 0x59c, 0x1,
	0x308, 0xffff, 0x5402, 0x586, 0x344, 0xa2c5, 0x5b00, 0x59c, 0x1, 0x301, 0xffff, 0x5c02,
	0x586, 0x341, 0xffff, 0x5c02, 0x586, 0x5d00, 0x59c, 0x30, 0x30c, 0xfe02, 0x586, 0x2b00,
	0x505, 0x30, 0x308, 0xf402, 0x505, 0x2f00, 0x505, 0x30, 0x327, 0xf002, 0x505, 0x4500,
	0x505, 0x30, 0x30c, 0xffff, 0x4602, 0x505, 0x4700, 0x505, 0x30, 0x308, 0xffff, 0x4802,
	0x505, 0x4f00, 0x505, 0x30, 0x327, 0xffff, 0x5002, 0x505, 0x5300, 0x505, 0x1, 0x308,
	0xffff, 0x5402, 0x505, 0x344, 0xc000, 0x62c5, 0x5b00, 0x505, 0x1, 0x301, 0xffff, 0x5c02,
	0x505, 0x341, 0xffff, 0x5c02, 0x505, 0x5d00, 0x505, 0x30, 0x30c, 0xfe02, 0x505, 0x2b9c,
	0xa2c4, 0x30, 0x308, 0xc000, 0xa2c5, 0x2b05, 0xa2c4, 0x30, 0x308, 0xc000, 0xe2c5, 0x459c,
	0xa0c4, 0x30, 0x30c, 0xc001, 0x22c5, 0x4505, 0xa0c4, 0x30, 0x30c, 0xc001, 0x62c5, 0x539c,
	0xa2c4, 0x30, 0x308, 0xc001, 0xa2c5, 0x5305, 0xa2c4, 0x30, 0x308, 0xc001, 0xe2c5, 0x479c,
	0xbec4, 0x30, 0x308, 0xc002, 0x22c5, 0x4705, 0xbec4, 0x30, 0x308, 0xc002, 0x62c5, 0x539c,
	0xbec4, 0x30, 0x308, 0xc002, 0xa2c5, 0x5305, 0xbec4, 0x30, 0x308, 0xc002, 0xe2c5, 0x479c,
	0xa2c4, 0x30, 0x308, 0xc005, 0x22c5, 0x4705, 0xa2c4, 0x30, 0x308, 0xc005, 0x62c5, 0x2b9c,
	0xc8c4, 0x30, 0x308, 0xc006, 0x22c5, 0x2b05, 0xc8c4, 0x30, 0x308, 0xc006, 0x62c5, 0x459c,
	0xc4c4, 0x30, 0x30c, 0xc007, 0x22c5, 0x4505, 0xc4c4, 0x30, 0x30c, 0xc007, 0x62c5, 0x459c,
	0xd2c4, 0x30, 0x30c, 0xc007, 0xa2c5, 0x4505, 0xd2c4, 0x30, 0x30c, 0xc007, 0xe2c5, 0x459c,
	0xccc4, 0x30, 0x30c, 0xc008, 0x22c5, 0x4505, 0xccc4, 0x30, 0x30c, 0xc008, 0x62c5, 0x539c,
	0xc6c4, 0x30, 0x308, 0xc008, 0xa2c5, 0x5305, 0xc6c4, 0x30, 0x308, 0xc008, 0xe2c5, 0x539c,
	0xd0c4, 0x30, 0x308, 0xc009, 0x22c5, 0x5305, 0xd0c4, 0x30, 0x308, 0xc009, 0x62c5, 0x539c,
	0xccc4, 0x30, 0x308, 0xc009, 0xa2c5, 0x5305, 0xccc4, 0x30, 0x308, 0xc009, 0xe2c5, 0x5d9c,
	0xc4c4, 0x30, 0x30c, 0xc00a, 0x22c5, 0x5d05, 0xc4c4, 0x30, 0x30c, 0xc00a, 0x62c5, 0x5d9c,
	0xd2c4, 0x30, 0x30c, 0xc00a, 0xa2c5, 0x5d05, 0xd2c4, 0x30, 0x30c, 0xc00a, 0xe2c5, 0x2b9c,
	0xc4c4, 0x30, 0x308, 0xc00b, 0x22c5, 0x2b05, 0xc4c4, 0x30, 0x308, 0xc00b, 0x62c5, 0x479c,
	0xc4c4, 0x30, 0x308, 0xc00b, 0xa2c5, 0x4705, 0xc4c4, 0x30, 0x308, 0xc00b, 0xe2c5, 0xc,
	0x23c5, 0x30, 0x308, 0xc00c, 0x83c5, 0xc, 0xe3c5, 0x30, 0x308, 0xc00d, 0x43c5, 0x539c,
	0xc4c4, 0x30, 0x308, 0xc00d, 0xa2c5, 0x5305, 0xc4c4, 0x30, 0x308, 0xc00d, 0xe2c5, 0xe,
	0x23c5, 0x30, 0x308, 0xc00e, 0x83c5, 0xe, 0xe3c5, 0x30, 0x308, 0xc00f, 0x43c5, 0x5b9c,
	0xc4c4, 0x1, 0x301, 0xc00f, 0xa2c5, 0x341, 0xc00f, 0xa2c5, 0x5b05, 0xc4c4, 0x1, 0x301,
	0xc00f, 0xe2c5, 0x341, 0xc00f, 0xe2c5
};

static constexpr uint16_t s_coll_tkFastLatin[524] = {
	0x205, 0xc40, 0xde0, 0xe80, 0xea8, 0x418, 0x0, 0x0, 0x0, 0x0, 0x0, 0x0,
	0x0, 0x0, 0xc00, 0xc08, 0xc10, 0xc18, 0xc20, 0x0, 0x0, 0x0, 0x0, 0x0,
	0x0, 0x0, 0x0, 0x0, 0x0, 0x0, 0x0, 0x0, 0x0, 0x0, 0x0, 0x0,
	0x0, 0xc40, 0xca8, 0xcf0, 0xd78, 0xe98, 0xd80, 0xd70, 0xcd8, 0xd08, 0xd10, 0xd58,
	0xe30, 0xc90, 0xc60, 0xcd0, 0xd60, 0x10a8, 0x14a8, 0x18a8, 0x1ca8, 0x20a8, 0x24a8, 0x28a8,
	0x2ca8, 0x30a8, 0x34a8, 0xca0, 0xc98, 0xe50, 0xe58, 0xe60, 0xcb8, 0xd50, 0x41a, 0x3cb9,
	0x41c, 0x48b9, 0x4cba, 0x54b9, 0x58b9, 0x5cb9, 0x60ba, 0x68ba, 0x70b9, 0x74b9, 0x78b9, 0x41e,
	0x420, 0x90b9, 0x94b9, 0x9cb9, 0x422, 0xa8b9, 0x424, 0xb8b9, 0xbcb9, 0xc0b9, 0x426, 0x428,
	0xd18, 0xd68, 0xd20, 0xdf8, 0xc50, 0xde8, 0x42a, 0x3ca8, 0x42c, 0x48a8, 0x4ca8, 0x54a8,
	0x58a8, 0x5ca8, 0x60a8, 0x68a8, 0x70a8, 0x74a8, 0x78a8, 0x42e, 0x430, 0x90a8, 0x94a8, 0x9ca8,
	0x432, 0xa8a8, 0x434, 0xb8a8, 0xbca8, 0xc0a8, 0x436, 0x438, 0xd28, 0xe70, 0xd30, 0xe80,
	0x0, 0x0, 0x0, 0x0, 0x0, 0x0, 0xc28, 0x0, 0x0, 0x0, 0x0, 0x0,
	0x0, 0x0, 0x0, 0x0, 0x0, 0x0, 0x0, 0x0, 0x0, 0x0, 0x0, 0x0,
	0x0, 0x0, 0x0, 0x0, 0x0, 0x0, 0x0, 0x0, 0x0, 0xc42, 0xcb0, 0xe90,
	0xea0, 0xe88, 0xea8, 0xe78, 0xd40, 0xe08, 0xe20, 0x38aa, 0xcf8, 0xe68, 0x0, 0xe28,
	0xe00, 0xe18, 0xe38, 0x18a9, 0x1ca9, 0xdf0, 0x1, 0xd48, 0x1, 0xe10, 0x14a9, 0x88aa,
	0xd00, 0x1, 0x1, 0x1, 0xcc0, 0x39b9, 0x3999, 0x39f9, 0x3a99, 0x50b9, 0x3a39, 0x800,
	0x44b9, 0x4dba, 0x4d9a, 0x4dfa, 0x4e5a, 0x61ba, 0x619a, 0x61fa, 0x625a, 0x48d9, 0x7e9a, 0x89b9,
	0x8999, 0x89f9, 0x8a99, 0x8cb9, 0xe48, 0x8ad9, 0xb1b9, 0xb199, 0xb1f9, 0xb4b9, 0xc8b9, 0xd0b9,
	0x802, 0x39a8, 0x3988, 0x39e8, 0x3a88, 0x50a8, 0x3a28, 0x804, 0x44a8, 0x4da8, 0x4d88, 0x4de8,
	0x4e48, 0x61a8, 0x6188, 0x61e8, 0x6248, 0x48c8, 0x7e88, 0x89a8, 0x8988, 0x89e8, 0x8a88, 0x8ca8,
	0xe40, 0x8ac8, 0xb1a8, 0xb188, 0xb1e8, 0xb4a8, 0xc8a8, 0xd0a8, 0xc648, 0x3b39, 0x3b28, 0x39d9,
	0x39c8, 0x43a, 0x43c, 0x4199, 0x4188, 0x41f9, 0x41e8, 0x42b9, 0x42a8, 0x4219, 0x4208, 0x4a19,
	0x4a08, 0x4b59, 0x4b48, 0x4f3a, 0x4f28, 0x4dda, 0x4dc8, 0x4eba, 0x4ea8, 0x4f1a, 0x4f08, 0x4e1a,
	0x4e08, 0x59f9, 0x59e8, 0x59d9, 0x59c8, 0x5ab9, 0x5aa8, 0x5af9, 0x5ae8, 0x5df9, 0x5de8, 0x5f59,
	0x5f48, 0x629a, 0x6288, 0x633a, 0x6328, 0x61da, 0x61c8, 0x631a, 0x6308, 0x62ba, 0x64a8, 0x806,
	0x808, 0x69fa, 0x69e8, 0x72f9, 0x72e8, 0x98a8, 0x7599, 0x7588, 0x76f9, 0x76e8, 0x7619, 0x7608,
	0x7779, 0x7768, 0x7759, 0x7748, 0x7d9a, 0x7d88, 0x43e, 0x440, 0x80b9, 0x80a8, 0x80a, 0x84b9,
	0x84a8, 0x8b39, 0x8b28, 0x89d9, 0x89c8, 0x8a79, 0x8a68, 0x80c, 0x80e, 0x9d99, 0x9d88, 0x9ef9,
	0x9ee8, 0x9e19, 0x9e08, 0xa19a, 0xa188, 0xa1fa, 0xa1e8, 0xa4b9, 0xa4a8, 0xa21a, 0xa208, 0xaaf9,
	0xaae8, 0xaa19, 0xaa08, 0xacb9, 0xaca8, 0xb299, 0xb288, 0xb339, 0xb328, 0xb1d9, 0xb1c8, 0xb239,
	0xb228, 0xb279, 0xb268, 0x442, 0x444, 0xbdf9, 0xbde8, 0xc5f9, 0xc5e8, 0xc659, 0xcd99, 0xcd88,
	0xceb9, 0xcea8, 0x6cb9, 0x6ca8, 0xa0e8, 0xc41, 0xc41, 0xc41, 0xc41, 0xc41, 0xc41, 0xc41,
	0xc42, 0xc41, 0xc41, 0xc41, 0x0, 0x0, 0x0, 0x0, 0x0, 0xc68, 0xc69, 0xc70,
	0xc78, 0xc80, 0xc88, 0xd38, 0xc58, 0x1, 0x1, 0x1, 0x1, 0x1, 0x1, 0x1,
	0x1, 0xd98, 0xda0, 0xda8, 0xdb0, 0xcd1, 0x810, 0x1, 0xdb8, 0xc30, 0xc38, 0x0,
	0x0, 0x0, 0x0, 0x0, 0xc42, 0xd88, 0xd90, 0xdc0, 0x812, 0x1, 0xdc8, 0x814,
	0x1, 0xdd0, 0xce0, 0xce8, 0xdd8, 0x816, 0xcc8, 0xc48, 0xde0, 0x38d9, 0x4cbb, 0xa0c8,
	0xa0a9, 0x38c8, 0x4ca9, 0x60bb, 0x68bb, 0x60a9, 0x68a9, 0xd4a9, 0x7ca9, 0x88d9, 0x4cbb, 0x88c8,
	0x4ca9, 0xcd1, 0xcd1, 0xdc1, 0xdc1, 0xdc9, 0xdc9, 0xca9, 0xca9, 0x5ff, 0x0, 0x5ff,
	0x38b9, 0x5ff, 0x40b9, 0x5ff, 0x7cba, 0x5ff, 0x88b9, 0x5ff, 0xa0ba, 0x5ff, 0xb0b9, 0x5ff,
	0xc4b9, 0x5ff, 0xccb9, 0x5ff, 0x38a8, 0x5ff, 0x40a8, 0x5ff, 0x7ca8, 0x5ff, 0x88a8, 0x5ff,
	0xa0a8, 0x5ff, 0xb0a8, 0x5ff, 0xc4a8, 0x5ff, 0xcca8, 0x5ff, 0x3b19, 0x5ff, 0x3b08, 0x5ff,
	0x7efa, 0x5ff, 0x7ee8, 0x5ff, 0xb319, 0x5ff, 0xb308, 0x1ff
};

static constexpr uint16_t s_coll_tkFastLatinPrimaries[384] = {
	0x0, 0x0, 0x0, 0x0, 0x0, 0x0, 0x0, 0x0, 0x0, 0xc00, 0xc08, 0xc10,
	0xc18, 0xc20, 0x0, 0x0, 0x0, 0x0, 0x0, 0x0, 0x0, 0x0, 0x0, 0x0,
	0x0, 0x0, 0x0, 0x0, 0x0, 0x0, 0x0, 0x0, 0xc40, 0xca8, 0xcf0, 0xd78,
	0xe98, 0xd80, 0xd70, 0xcd8, 0xd08, 0xd10, 0xd58, 0xe30, 0xc90, 0xc60, 0xcd0, 0xd60,
	0x1000, 0x1400, 0x1800, 0x1c00, 0x2000, 0x2400, 0x2800, 0x2c00, 0x3000, 0x3400, 0xca0, 0xc98,
	0xe50, 0xe58, 0xe60, 0xcb8, 0xd50, 0x0, 0x3c00, 0x0, 0x4800, 0x4c00, 0x5400, 0x5800,
	0x5c00, 0x6000, 0x6800, 0x7000, 0x7400, 0x7800, 0x0, 0x0, 0x9000, 0x9400, 0x9c00, 0x0,
	0xa800, 0x0, 0xb800, 0xbc00, 0xc000, 0x0, 0x0, 0xd18, 0xd68, 0xd20, 0xdf8, 0xc50,
	0xde8, 0x0, 0x3c00, 0x0, 0x4800, 0x4c00, 0x5400, 0x5800, 0x5c00, 0x6000, 0x6800, 0x7000,
	0x7400, 0x7800, 0x0, 0x0, 0x9000, 0x9400, 0x9c00, 0x0, 0xa800, 0x0, 0xb800, 0xbc00,
	0xc000, 0x0, 0x0, 0xd28, 0xe70, 0xd30, 0xe80, 0x0, 0x0, 0x0, 0x0, 0x0,
	0x0, 0xc28, 0x0, 0x0, 0x0, 0x0, 0x0, 0x0, 0x0, 0x0, 0x0, 0x0,
	0x0, 0x0, 0x0, 0x0, 0x0, 0x0, 0x0, 0x0, 0x0, 0x0, 0x0, 0x0,
	0x0, 0x0, 0x0, 0x0, 0xc40, 0xcb0, 0xe90, 0xea0, 0xe88, 0xea8, 0xe78, 0xd40,
	0xe08, 0xe20, 0x3800, 0xcf8, 0xe68, 0x0, 0xe28, 0xe00, 0xe18, 0xe38, 0x1800, 0x1c00,
	0xdf0, 0x0, 0xd48, 0x0, 0xe10, 0x1400, 0x8800, 0xd00, 0x0, 0x0, 0x0, 0xcc0,
	0x3800, 0x3800, 0x3800, 0x3800, 0x5000, 0x3800, 0x0, 0x4400, 0x4c00, 0x4c00, 0x4c00, 0x4c00,
	0x6000, 0x6000, 0x6000, 0x6000, 0x4800, 0x7c00, 0x8800, 0x8800, 0x8800, 0x8800, 0x8c00, 0xe48,
	0x8800, 0xb000, 0xb000, 0xb000, 0xb400, 0xc800, 0xd000, 0x0, 0x3800, 0x3800, 0x3800, 0x3800,
	0x5000, 0x3800, 0x0, 0x4400, 0x4c00, 0x4c00, 0x4c00, 0x4c00, 0x6000, 0x6000, 0x6000, 0x6000,
	0x4800, 0x7c00, 0x8800, 0x8800, 0x8800, 0x8800, 0x8c00, 0xe40, 0x8800, 0xb000, 0xb000, 0xb000,
	0xb400, 0xc800, 0xd000, 0xc400, 0x3800, 0x3800, 0x3800, 0x3800, 0x0, 0x0, 0x4000, 0x4000,
	0x4000, 0x4000, 0x4000, 0x4000, 0x4000, 0x4000, 0x4800, 0x4800, 0x4800, 0x4800, 0x4c00, 0x4c00,
	0x4c00, 0x4c00, 0x4c00, 0x4c00, 0x4c00, 0x4c00, 0x4c00, 0x4c00, 0x5800, 0x5800, 0x5800, 0x5800,
	0x5800, 0x5800, 0x5800, 0x5800, 0x5c00, 0x5c00, 0x5c00, 0x5c00, 0x6000, 0x6000, 0x6000, 0x6000,
	0x6000, 0x6000, 0x6000, 0x6000, 0x6000, 0x6400, 0x0, 0x0, 0x6800, 0x6800, 0x7000, 0x7000,
	0x9800, 0x7400, 0x7400, 0x7400, 0x7400, 0x7400, 0x7400, 0x7400, 0x7400, 0x7400, 0x7400, 0x7c00,
	0x7c00, 0x0, 0x0, 0x8000, 0x8000, 0x0, 0x8400, 0x8400, 0x8800, 0x8800, 0x8800, 0x8800,
	0x8800, 0x8800, 0x0, 0x0, 0x9c00, 0x9c00, 0x9c00, 0x9c00, 0x9c00, 0x9c00, 0xa000, 0xa000,
	0xa000, 0xa000, 0xa400, 0xa400, 0xa000, 0xa000, 0xa800, 0xa800, 0xa800, 0xa800, 0xac00, 0xac00,
	0xb000, 0xb000, 0xb000, 0xb000, 0xb000, 0xb000, 0xb000, 0xb000, 0xb000, 0xb000, 0x0, 0x0,
	0xbc00, 0xbc00, 0xc400, 0xc400, 0xc400, 0xcc00, 0xcc00, 0xcc00, 0xcc00, 0x6c00, 0x6c00, 0xa000
};

static constexpr int32_t s_coll_tkFastLatinMiniVarTop = 0xbff;

static constexpr uint32_t s_coll_tkNumericPrimary = 0x10000000;
static constexpr int32_t s_coll_tkOptions = 0x2010;
static constexpr int32_t s_coll_tkJamoCe32sStart = -1;

static constexpr uint16_t s_coll_trTrieIndex[2112] = {
	0x0, 0x8, 0x10, 0x18, 0x30, 0x38, 0x40, 0x48, 0x50, 0x58, 0x5d, 0x65, 0x6a, 0x72, 0x77, 0x7f,
	0x85, 0x8d, 0x30, 0x38, 0x30, 0x38, 0x30, 0x38, 0x30, 0x38, 0x30, 0x38, 0x30, 0x38, 0x30, 0x38,
	0x30, 0x38, 0x30, 0x38, 0x30, 0x38, 0x30, 0x38, 0x30, 0x38, 0x30, 0x38, 0x30, 0x38, 0x30, 0x38,
	0x30, 0x38, 0x30, 0x38, 0x30, 0x38, 0x30, 0x38, 0x30, 0x38, 0x30, 0x38, 0x30, 0x38, 0x30, 0x38,
	0x30, 0x30, 0x30, 0x30, 0x30, 0x30, 0x30, 0x30, 0x30, 0x30, 0x30, 0x30, 0x30, 0x30, 0x30, 0x30,
	0x30, 0x30, 0x30, 0x30, 0x30, 0x30, 0x30, 0x30, 0x30, 0x30, 0x30, 0x30, 0x30, 0x30, 0x30, 0x30,
	0x30, 0x30, 0x30, 0x30, 0x30, 0x30, 0x30, 0x30, 0x30, 0x30, 0x30, 0x30, 0x30, 0x30, 0x30, 0x30,
	0x30, 0x30, 0x30, 0x30, 0x30, 0x30, 0x30, 0x30, 0x30, 0x30, 0x30, 0x30, 0x30, 0x30, 0x30, 0x30,
	0x30, 0x30, 0x30, 0x30, 0x30, 0x30, 0x30, 0x30, 0x30, 0x30, 0x30, 0x30, 0x30, 0x30, 0x30, 0x30,
	0x30, 0x30, 0x30, 0x30, 0x30, 0x30, 0x30, 0x30, 0x30, 0x30, 0x30, 0x30, 0x30, 0x30, 0x30, 0x30,
	0x30, 0x30, 0x30, 0x30, 0x30, 0x30, 0x30, 0x30, 0x30, 0x30, 0x30, 0x30, 0x30, 0x30, 0x30, 0x30,
	0x30, 0x30, 0x30, 0x30, 0x30, 0x30, 0x30, 0x30, 0x30, 0x30, 0x30, 0x30, 0x30, 0x30, 0x30, 0x30,
	0x30, 0x30, 0x30, 0x30, 0x30, 0x30, 0x30, 0x30, 0x30, 0x30, 0x30, 0x30, 0x30, 0x30, 0x30, 0x30,
	0x30, 0x30, 0x30, 0x30, 0x30, 0x30, 0x30, 0x30, 0x30, 0x30, 0x30, 0x30, 0x30, 0x30, 0x30, 0x30,
	0x30, 0x30, 0x30, 0x30, 0x30, 0x30, 0x30, 0x30, 0x30, 0x30, 0x30, 0x30, 0x30, 0x30, 0x30, 0x30,
	0xa3, 0xa8, 0x30, 0xac, 0x30, 0x30, 0xb2, 0xba, 0x30, 0x30, 0x30, 0x30, 0x30, 0x30, 0x30, 0x30,
	0x30, 0x30, 0x30, 0x30, 0x30, 0x30, 0x30, 0x30, 0x30, 0x30, 0x30, 0x30, 0x30, 0x30, 0x30, 0x30,
	0x30, 0x30, 0x30, 0x30, 0x30, 0x30, 0x30, 0x30, 0x30, 0x30, 0x30, 0x30, 0x30, 0x30, 0x30, 0x30,
	0x30, 0x30, 0x30, 0x30, 0x30, 0x30, 0x30, 0x30, 0x30, 0x30, 0x30, 0x30, 0x30, 0x30, 0x30, 0x30,
	0x30, 0x30, 0x30, 0x30, 0x30, 0x30, 0x30, 0x30, 0x30, 0x30, 0x30, 0x30, 0x30, 0x30, 0x30, 0x30,
	0x30, 0x30, 0x30, 0x30, 0x30, 0x30, 0x30, 0x30, 0x30, 0x30, 0x30, 0x30, 0x30, 0x30, 0x30, 0x30,
	0x30, 0x30, 0x30, 0x30, 0x30, 0x30, 0x30, 0x30, 0x30, 0x30, 0x30, 0x30, 0x30, 0x30, 0x30, 0x30,
	0x30, 0x30, 0x30, 0x30, 0x30, 0x30, 0x30, 0x30, 0x30, 0x30, 0x30, 0x30, 0x30, 0x30, 0x30, 0x30,
	0x30, 0x30, 0x30, 0x30, 0x30, 0x30, 0x30, 0x30, 0x30, 0x30, 0x30, 0x30, 0x30, 0x30, 0x30, 0x30,
	0x30, 0x30, 0x30, 0x30, 0x30, 0x30, 0x30, 0x30, 0x30, 0x30, 0x30, 0x30, 0x30, 0x30, 0x30, 0x30,
	0x30, 0x30, 0x30, 0x30, 0x30, 0x30, 0x30, 0x30, 0x30, 0x30, 0x30, 0x30, 0x30, 0x30, 0x30, 0x30,
	0x30, 0x30, 0x30, 0x30, 0x30, 0x30, 0x30, 0x30, 0x30, 0x30, 0x30, 0x30, 0x30, 0x30, 0x30, 0x30,
	0x30, 0x30, 0x30, 0x30, 0x30, 0x30, 0x30, 0x30, 0x30, 0x30, 0x30, 0x30, 0x30, 0x30, 0x30, 0x30,
	0x30, 0x30, 0x30, 0x30, 0x30, 0x30, 0x30, 0x30, 0x30, 0x30, 0x30, 0x30, 0x30, 0x30, 0x30, 0x30,
	0x30, 0x30, 0x30, 0x30, 0x30, 0x30, 0x30, 0x30, 0x30, 0x30, 0x30, 0x30, 0x30, 0x30, 0x30, 0x30,
	0x30, 0x30, 0x30, 0x30, 0x30, 0x30, 0x30, 0x30, 0x30, 0x30, 0x30, 0x30, 0x30, 0x30, 0x30, 0x30,
	0x30, 0x30, 0x30, 0x30, 0x30, 0x30, 0x30, 0x30, 0x30, 0x30, 0x30, 0x30, 0x30, 0x30, 0x30, 0x30,
	0x30, 0x30, 0x30, 0x30, 0x30, 0x30, 0x30, 0x30, 0x30, 0x30, 0x30, 0x30, 0x30, 0x30, 0x30, 0x30,
	0x30, 0x30, 0x30, 0x30, 0x30, 0x30, 0x30, 0x30, 0x30, 0x30, 0x30, 0x30, 0x30, 0x30, 0x30, 0x30,
	0x30, 0x30, 0x30, 0x30, 0x30, 0x30, 0x30, 0x30, 0x30, 0x30, 0x30, 0x30, 0x30, 0x30, 0x30, 0x30,
	0x30, 0x30, 0x30, 0x30, 0x30, 0x30, 0x30, 0x30, 0x30, 0x30, 0x30, 0x30, 0x30, 0x30, 0x30, 0x30,
	0x30, 0x30, 0x30, 0x30, 0x30, 0x30, 0x30, 0x30, 0x30, 0x30, 0x30, 0x30, 0x30, 0x30, 0x30, 0x30,
	0x30, 0x30, 0x30, 0x30, 0x30, 0x30, 0x30, 0x30, 0x30, 0x30, 0x30, 0x30, 0x30, 0x30, 0x30, 0x30,
	0x30, 0x30, 0x30, 0x30, 0x30, 0x30, 0x30, 0x30, 0x30, 0x30, 0x30, 0x30, 0x30, 0x30, 0x30, 0x30,
	0x30, 0x30, 0x30, 0x30, 0x30, 0x30, 0x30, 0x30, 0x30, 0x30, 0x30, 0x30, 0x30, 0x30, 0x30, 0x30,
	0x30, 0x30, 0x30, 0x30, 0x30, 0x30, 0x30, 0x30, 0x30, 0x30, 0x30, 0x30, 0x30, 0x30, 0x30, 0x30,
	0x30, 0x30, 0x30, 0x30, 0x30, 0x30, 0x30, 0x30, 0x30, 0x30, 0x30, 0x30, 0x30, 0x30, 0x30, 0x30,
	0x30, 0x30, 0x30, 0x30, 0x30, 0x30, 0x30, 0x30, 0x30, 0x30, 0x30, 0x30, 0x30, 0x30, 0x30, 0x30,
	0x30, 0x30, 0x30, 0x30, 0x30, 0x30, 0x30, 0x30, 0x30, 0x30, 0x30, 0x30, 0x30, 0x30, 0x30, 0x30,
	0x30, 0x30, 0x30, 0x30, 0x30, 0x30, 0x30, 0x30, 0x30, 0x30, 0x30, 0x30, 0x30, 0x30, 0x30, 0x30,
	0x30, 0x30, 0x30, 0x30, 0x30, 0x30, 0x30, 0x30, 0x30, 0x30, 0x30, 0x30, 0x30, 0x30, 0x30, 0x30,
	0x30, 0x30, 0x30, 0x30, 0x30, 0x30, 0x30, 0x30, 0x30, 0x30, 0x30, 0x30, 0x30, 0x30, 0x30, 0x30,
	0x30, 0x30, 0x30, 0x30, 0x30, 0x30, 0x30, 0x30, 0x30, 0x30, 0x30, 0x30, 0x30, 0x30, 0x30, 0x30,
	0x30, 0x30, 0x30, 0x30, 0x30, 0x30, 0x30, 0x30, 0x30, 0x30, 0x30, 0x30, 0x30, 0x30, 0x30, 0x30,
	0x30, 0x30, 0x30, 0x30, 0x30, 0x30, 0x30, 0x30, 0x30, 0x30, 0x30, 0x30, 0x30, 0x30, 0x30, 0x30,
	0x30, 0x30, 0x30, 0x30, 0x30, 0x30, 0x30, 0x30, 0x30, 0x30, 0x30, 0x30, 0x30, 0x30, 0x30, 0x30,
	0x30, 0x30, 0x30, 0x30, 0x30, 0x30, 0x30, 0x30, 0x30, 0x30, 0x30, 0x30, 0x30, 0x30, 0x30, 0x30,
	0x30, 0x30, 0x30, 0x30, 0x30, 0x30, 0x30, 0x30, 0x30, 0x30, 0x30, 0x30, 0x30, 0x30, 0x30, 0x30,
	0x30, 0x30, 0x30, 0x30, 0x30, 0x30, 0x30, 0x30, 0x30, 0x30, 0x30, 0x30, 0x30, 0x30, 0x30, 0x30,
	0x30, 0x30, 0x30, 0x30, 0x30, 0x30, 0x30, 0x30, 0x30, 0x30, 0x30, 0x30, 0x30, 0x30, 0x30, 0x30,
	0x30, 0x30, 0x30, 0x30, 0x30, 0x30, 0x30, 0x30, 0x30, 0x30, 0x30, 0x30, 0x30, 0x30, 0x30, 0x30,
	0x30, 0x30, 0x30, 0x30, 0x30, 0x30, 0x30, 0x30, 0x30, 0x30, 0x30, 0x30, 0x30, 0x30, 0x30, 0x30,
	0x30, 0x30, 0x30, 0x30, 0x30, 0x30, 0x30, 0x30, 0x30, 0x30, 0x30, 0x30, 0x30, 0x30, 0x30, 0x30,
	0x30, 0x30, 0x30, 0x30, 0x30, 0x30, 0x30, 0x30, 0x30, 0x30, 0x30, 0x30, 0x30, 0x30, 0x30, 0x30,
	0x30, 0x30, 0x30, 0x30, 0x30, 0x30, 0x30, 0x30, 0x30, 0x30, 0x30, 0x30, 0x30, 0x30, 0x30, 0x30,
	0x30, 0x30, 0x30, 0x30, 0x30, 0x30, 0x30, 0x30, 0x30, 0x30, 0x30, 0x30, 0x30, 0x30, 0x30, 0x30,
	0x30, 0x30, 0x30, 0x30, 0x30, 0x30, 0x30, 0x30, 0x30, 0x30, 0x30, 0x30, 0x30, 0x30, 0x30, 0x30,
	0x30, 0x30, 0x30, 0x30, 0x30, 0x30, 0x30, 0x30, 0x30, 0x30, 0x30, 0x30, 0x30, 0x30, 0x30, 0x30,
	0x30, 0x30, 0x30, 0x30, 0x30, 0x30, 0x30, 0x30, 0x30, 0x30, 0x30, 0x30, 0x30, 0x30, 0x30, 0x30,
	0x30, 0x30, 0x30, 0x30, 0x30, 0x30, 0x30, 0x30, 0x30, 0x30, 0x30, 0x30, 0x30, 0x30, 0x30, 0x30,
	0x30, 0x30, 0x30, 0x30, 0x30, 0x30, 0x30, 0x30, 0x30, 0x30, 0x30, 0x30, 0x30, 0x30, 0x30, 0x30,
	0x30, 0x30, 0x30, 0x30, 0x30, 0x30, 0x30, 0x30, 0x30, 0x30, 0x30, 0x30, 0x30, 0x30, 0x30, 0x30,
	0x30, 0x30, 0x30, 0x30, 0x30, 0x30, 0x30, 0x30, 0x30, 0x30, 0x30, 0x30, 0x30, 0x30, 0x30, 0x30,
	0x30, 0x30, 0x30, 0x30, 0x30, 0x30, 0x30, 0x30, 0x30, 0x30, 0x30, 0x30, 0x30, 0x30, 0x30, 0x30,
	0x30, 0x30, 0x30, 0x30, 0x30, 0x30, 0x30, 0x30, 0x30, 0x30, 0x30, 0x30, 0x30, 0x30, 0x30, 0x30,
	0x30, 0x30, 0x30, 0x30, 0x30, 0x30, 0x30, 0x30, 0x30, 0x30, 0x30, 0x30, 0x30, 0x30, 0x30, 0x30,
	0x30, 0x30, 0x30, 0x30, 0x30, 0x30, 0x30, 0x30, 0x30, 0x30, 0x30, 0x30, 0x30, 0x30, 0x30, 0x30,
	0x30, 0x30, 0x30, 0x30, 0x30, 0x30, 0x30, 0x30, 0x30, 0x30, 0x30, 0x30, 0x30, 0x30, 0x30, 0x30,
	0x30, 0x30, 0x30, 0x30, 0x30, 0x30, 0x30, 0x30, 0x30, 0x30, 0x30, 0x30, 0x30, 0x30, 0x30, 0x30,
	0x30, 0x30, 0x30, 0x30, 0x30, 0x30, 0x30, 0x30, 0x30, 0x30, 0x30, 0x30, 0x30, 0x30, 0x30, 0x30,
	0x30, 0x30, 0x30, 0x30, 0x30, 0x30, 0x30, 0x30, 0x30, 0x30, 0x30, 0x30, 0x30, 0x30, 0x30, 0x30,
	0x30, 0x30, 0x30, 0x30, 0x30, 0x30, 0x30, 0x30, 0x30, 0x30, 0x30, 0x30, 0x30, 0x30, 0x30, 0x30,
	0x30, 0x30, 0x30, 0x30, 0x30, 0x30, 0x30, 0x30, 0x30, 0x30, 0x30, 0x30, 0x30, 0x30, 0x30, 0x30,
	0x30, 0x30, 0x30, 0x30, 0x30, 0x30, 0x30, 0x30, 0x30, 0x30, 0x30, 0x30, 0x30, 0x30, 0x30, 0x30,
	0x30, 0x30, 0x30, 0x30, 0x30, 0x30, 0x30, 0x30, 0x30, 0x30, 0x30, 0x30, 0x30, 0x30, 0x30, 0x30,
	0x30, 0x30, 0x30, 0x30, 0x30, 0x30, 0x30, 0x30, 0x30, 0x30, 0x30, 0x30, 0x30, 0x30, 0x30, 0x30,
	0x30, 0x30, 0x30, 0x30, 0x30, 0x30, 0x30, 0x30, 0x30, 0x30, 0x30, 0x30, 0x30, 0x30, 0x30, 0x30,
	0x30, 0x30, 0x30, 0x30, 0x30, 0x30, 0x30, 0x30, 0x30, 0x30, 0x30, 0x30, 0x30, 0x30, 0x30, 0x30,
	0x30, 0x30, 0x30, 0x30, 0x30, 0x30, 0x30, 0x30, 0x30, 0x30, 0x30, 0x30, 0x30, 0x30, 0x30, 0x30,
	0x30, 0x30, 0x30, 0x30, 0x30, 0x30, 0x30, 0x30, 0x30, 0x30, 0x30, 0x30, 0x30, 0x30, 0x30, 0x30,
	0x30, 0x30, 0x30, 0x30, 0x30, 0x30, 0x30, 0x30, 0x30, 0x30, 0x30, 0x30, 0x30, 0x30, 0x30, 0x30,
	0xc2, 0xc2, 0xc2, 0xc2, 0xc2, 0xc2, 0xc2, 0xc2, 0xc2, 0xc2, 0xc2, 0xc2, 0xc2, 0xc2, 0xc2, 0xc2,
	0xc2, 0xc2, 0xc2, 0xc2, 0xc2, 0xc2, 0xc2, 0xc2, 0xc2, 0xc2, 0xc2, 0xc2, 0xc2, 0xc2, 0xc2, 0xc2,
	0xc2, 0xc2, 0xc2, 0xc2, 0xc2, 0xc2, 0xc2, 0xc2, 0xc2, 0xc2, 0xc2, 0xc2, 0xc2, 0xc2, 0xc2, 0xc2,
	0xc2, 0xc2, 0xc2, 0xc2, 0xc2, 0xc2, 0xc2, 0xc2, 0xc2, 0xc2, 0xc2, 0xc2, 0xc2, 0xc2, 0xc2, 0xc2,
	0xc2, 0xc2, 0xc2, 0xc2, 0xc2, 0xc2, 0xc2, 0xc2, 0xc2, 0xc2, 0xc2, 0xc2, 0xc2, 0xc2, 0xc2, 0xc2,
	0xc2, 0xc2, 0xc2, 0xc2, 0xc2, 0xc2, 0xc2, 0xc2, 0xc2, 0xc2, 0xc2, 0xc2, 0xc2, 0xc2, 0xc2, 0xc2,
	0xc2, 0xc2, 0xc2, 0xc2, 0xc2, 0xc2, 0xc2, 0xc2, 0xc2, 0xc2, 0xc2, 0xc2, 0xc2, 0xc2, 0xc2, 0xc2,
	0xc2, 0xc2, 0xc2, 0xc2, 0xc2, 0xc2, 0xc2, 0xc2, 0xc2, 0xc2, 0xc2, 0xc2, 0xc2, 0xc2, 0xc2, 0xc2,
	0xc2, 0xc2, 0xc2, 0xc2, 0xc2, 0xc2, 0xc2, 0xc2, 0xc2, 0xc2, 0xc2, 0xc2, 0xc2, 0xc2, 0xc2, 0xc2,
	0xc2, 0xc2, 0xc2, 0xc2, 0xc2, 0xc2, 0xc2, 0xc2, 0xc2, 0xc2, 0xc2, 0xc2, 0xc2, 0xc2, 0xc2, 0xc2,
	0xc2, 0xc2, 0xc2, 0xc2, 0xc2, 0xc2, 0xc2, 0xc2, 0xc2, 0xc2, 0xc2, 0xc2, 0xc2, 0xc2, 0xc2, 0xc2,
	0xc2, 0xc2, 0xc2, 0xc2, 0xc2, 0xc2, 0xc2, 0xc2, 0xc2, 0xc2, 0xc2, 0xc2, 0xc2, 0xc2, 0xc2, 0xc2,
	0xc2, 0xc2, 0xc2, 0xc2, 0xc2, 0xc2, 0xc2, 0xc2, 0xc2, 0xc2, 0xc2, 0xc2, 0xc2, 0xc2, 0xc2, 0xc2,
	0xc2, 0xc2, 0xc2, 0xc2, 0xc2, 0xc2, 0xc2, 0xc2, 0xc2, 0xc2, 0xc2, 0xc2, 0xc2, 0xc2, 0xc2, 0xc2,
	0xc2, 0xc2, 0xc2, 0xc2, 0xc2, 0xc2, 0xc2, 0xc2, 0xc2, 0xc2, 0xc2, 0xc2, 0xc2, 0xc2, 0xc2, 0xc2,
	0xc2, 0xc2, 0xc2, 0xc2, 0xc2, 0xc2, 0xc2, 0xc2, 0xc2, 0xc2, 0xc2, 0xc2, 0xc2, 0xc2, 0xc2, 0xc2,
	0xc2, 0xc2, 0xc2, 0xc2, 0xc2, 0xc2, 0xc2, 0xc2, 0xc2, 0xc2, 0xc2, 0xc2, 0xc2, 0xc2, 0xc2, 0xc2,
	0xc2, 0xc2, 0xc2, 0xc2, 0xc2, 0xc2, 0xc2, 0xc2, 0xc2, 0xc2, 0xc2, 0xc2, 0xc2, 0xc2, 0xc2, 0xc2,
	0xc2, 0xc2, 0xc2, 0xc2, 0xc2, 0xc2, 0xc2, 0xc2, 0xc2, 0xc2, 0xc2, 0xc2, 0xc2, 0xc2, 0xc2, 0xc2,
	0xc2, 0xc2, 0xc2, 0xc2, 0xc2, 0xc2, 0xc2, 0xc2, 0xc2, 0xc2, 0xc2, 0xc2, 0xc2, 0xc2, 0xc2, 0xc2,
	0xc2, 0xc2, 0xc2, 0xc2, 0xc2, 0xc2, 0xc2, 0xc2, 0xc2, 0xc2, 0xc2, 0xc2, 0xc2, 0xc2, 0xc2, 0xc2,
	0xc2, 0xc2, 0xc2, 0xc2, 0xc2, 0xc2, 0xc2, 0xc2, 0xc2, 0xc2, 0xc2, 0xc2, 0xc2, 0x9d, 0x30, 0x30,
	0x95, 0x95, 0x95, 0x95, 0x95, 0x95, 0x95, 0x95, 0x95, 0x95, 0x95, 0x95, 0x95, 0x95, 0x95, 0x95,
	0x95, 0x95, 0x95, 0x95, 0x95, 0x95, 0x95, 0x95, 0x95, 0x95, 0x95, 0x95, 0x95, 0x95, 0x95, 0x95,
	0x30, 0x30, 0x30, 0x30, 0x30, 0x30, 0x30, 0x30, 0x30, 0x30, 0x30, 0x30, 0x30, 0x30, 0x30, 0x30,
	0x30, 0x30, 0x30, 0x30, 0x30, 0x30, 0x30, 0x30, 0x30, 0x30, 0x30, 0x30, 0x30, 0x30, 0x30, 0x30,
	0x30, 0x30, 0x30, 0x30, 0x30, 0x30, 0x30, 0x30, 0x30, 0x30, 0x30, 0x30, 0x30, 0x30, 0x30, 0x30,
	0x30, 0x30, 0x30, 0x30, 0x30, 0x30, 0x30, 0x30, 0x30, 0x30, 0x30, 0x30, 0x30, 0x30, 0x30, 0x30,
	0x30, 0x30, 0x30, 0x30, 0x30, 0x30, 0x30, 0x30, 0x30, 0x30, 0x30, 0x30, 0x30, 0x30, 0x30, 0x30,
	0x30, 0x30, 0x30, 0x30, 0x30, 0x30, 0x30, 0x30, 0x30, 0x30, 0x30, 0x30, 0x30, 0x30, 0x30, 0x30,
	0x30, 0x30, 0x30, 0x30, 0x30, 0x30, 0x30, 0x30, 0x30, 0x30, 0x30, 0x30, 0x30, 0x30, 0x30, 0x30,
	0x30, 0x30, 0x30, 0x30, 0x30, 0x30, 0x30, 0x30, 0x30, 0x30, 0x30, 0x30, 0x30, 0x30, 0x30, 0x30,
	0x30, 0x30, 0x30, 0x30, 0x30, 0x30, 0x30, 0x30, 0x30, 0x30, 0x30, 0x30, 0x30, 0x30, 0x30, 0x30,
	0x30, 0x30, 0x30, 0x30, 0x30, 0x30, 0x30, 0x30, 0x30, 0x30, 0x30, 0x30, 0x30, 0x30, 0x30, 0x30,
	0x30, 0x30, 0x30, 0x30, 0x30, 0x30, 0x30, 0x30, 0x30, 0x30, 0x30, 0x30, 0x30, 0x30, 0x30, 0x30,
	0x30, 0x30, 0x30, 0x30, 0x30, 0x30, 0x30, 0x30, 0x30, 0x30, 0x30, 0x30, 0x30, 0x30, 0x30, 0x30,
	0x30, 0x30, 0x30, 0x30, 0x30, 0x30, 0x30, 0x30, 0x30, 0x30, 0x30, 0x30, 0x30, 0x30, 0x30, 0x30,
	0x30, 0x30, 0x30, 0x30, 0x30, 0x30, 0x30, 0x30, 0x30, 0x30, 0x30, 0x30, 0x30, 0x30, 0x30, 0x30,
	0x30, 0x30, 0x30, 0x30, 0x30, 0x30, 0x30, 0x30, 0x30, 0x30, 0x30, 0x30, 0x30, 0x30, 0x30, 0x30,
	0x30, 0x30, 0x30, 0x30, 0x30, 0x30, 0x30, 0x30, 0x30, 0x30, 0x30, 0x30, 0x30, 0x30, 0x30, 0x30,
	0x30, 0x30, 0x30, 0x30, 0x30, 0x30, 0x30, 0x30, 0x30, 0x30, 0x30, 0x30, 0x30, 0x30, 0x30, 0x30,
	0x30, 0x30, 0x30, 0x30, 0x30, 0x30, 0x30, 0x30, 0x30, 0x30, 0x30, 0x30, 0x30, 0x30, 0x30, 0x30,
	0x30, 0x30, 0x30, 0x30, 0x30, 0x30, 0x30, 0x30, 0x30, 0x30, 0x30, 0x30, 0x30, 0x30, 0x30, 0x30,
	0x30, 0x30, 0x30, 0x30, 0x30, 0x30, 0x30, 0x30, 0x30, 0x30, 0x30, 0x30, 0x30, 0x30, 0x30, 0x30,
	0x80, 0x80, 0xc0, 0x100, 0x140, 0x174, 0x1a8, 0x1dc, 0x214, 0xc0, 0xc0, 0xc0, 0xc0, 0xc0, 0xc0, 0xc0,
	0xc0, 0xc0, 0xc0, 0xc0, 0xc0, 0xc0, 0xc0, 0xc0, 0xc0, 0xc0, 0xc0, 0xc0, 0xc0, 0xc0, 0xc0, 0xc0
};

static constexpr uint32_t s_coll_trTrieData[812] = {
	0xcb, 0x0, 0x0, 0x0, 0x0, 0x0, 0x0, 0x0,
	0x0, 0x3040505, 0x3060505, 0x3080505, 0x30a0505, 0x30c0505, 0x0, 0x0,
	0x0, 0x0, 0x0, 0x0, 0x0, 0x0, 0x0, 0x0,
	0x0, 0x0, 0x0, 0x0, 0x0, 0x0, 0x0, 0x0,
	0x4000505, 0x75a0505, 0x9760505, 0xa940505, 0xda90505, 0xa960505, 0xa8e0505, 0x9700505,
	0x97c0505, 0x97e0505, 0xa7e0505, 0xc7b0505, 0x6000505, 0x50e0505, 0x8000505, 0xa880505,
	0xfc0ca, 0xfe1ca, 0x1002ca, 0x1023ca, 0x1044ca, 0x1065ca, 0x1086ca, 0x10a7ca,
	0x10c8ca, 0x10e9ca, 0x7360505, 0x72a0505, 0xc850505, 0xc870505, 0xc890505, 0x7640505,
	0xa7c0505, 0x2b00059c, 0x2d00059c, 0x6c9, 0x3100059c, 0x3300059c, 0x3500059c, 0xc6c9,
	0x3900059c, 0x186c9, 0x3d00059c, 0x3f00059c, 0x4100059c, 0x4300059c, 0x4500059c, 0x246c9,
	0x4900059c, 0x4b00059c, 0x4d00059c, 0x326c9, 0x5100059c, 0x406c9, 0x5500059c, 0x570005a0,
	0x5900059c, 0x5b00059c, 0x5d00059c, 0x9800505, 0xa8a0505, 0x9820505, 0xc0a0505, 0x50a0505,
	0xc040505, 0x2b000505, 0x2d000505, 0x526c9, 0x31000505, 0x33000505, 0x35000505, 0x5e6c9,
	0x39000505, 0x3b000505, 0x3d000505, 0x3f000505, 0x41000505, 0x43000505, 0x45000505, 0x6a6c9,
	0x49000505, 0x4b000505, 0x4d000505, 0x786c9, 0x51000505, 0x866c9, 0x55000505, 0x57000505,
	0x59000505, 0x5b000505, 0x5d000505, 0x9840505, 0xc8d0505, 0x9860505, 0xc910505, 0x0,
	0xfffd0505, 0xfffd0505, 0xfffd0505, 0xfffd0505, 0xfffd0505, 0xfffd0505, 0xfffd0505, 0xfffd0505,
	0xfffd0505, 0xfffd0505, 0xfffd0505, 0xfffd0505, 0xfffd0505, 0xfffd0505, 0xfffd0505, 0xfffd0505,
	0xfffd0505, 0xfffd0505, 0xfffd0505, 0xfffd0505, 0xfffd0505, 0xfffd0505, 0xfffd0505, 0xfffd0505,
	0xfffd0505, 0xfffd0505, 0xfffd0505, 0xfffd0505, 0xfffd0505, 0xfffd0505, 0xfffd0505, 0xfffd0505,
	0xfffd0505, 0xfffd0505, 0xfffd0505, 0xfffd0505, 0xfffd0505, 0xfffd0505, 0xfffd0505, 0xfffd0505,
	0xfffd0505, 0xfffd0505, 0xfffd0505, 0xfffd0505, 0xfffd0505, 0xfffd0505, 0xfffd0505, 0xfffd0505,
	0xfffd0505, 0xfffd0505, 0xfffd0505, 0xfffd0505, 0xfffd0505, 0xfffd0505, 0xfffd0505, 0xfffd0505,
	0xfffd0505, 0xfffd0505, 0xfffd0505, 0xfffd0505, 0xfffd0505, 0xfffd0505, 0xfffd0505, 0xfffd0505,
	0xc0, 0xc0, 0xc0, 0xc0, 0xc0, 0xc0, 0xc0, 0xc0,
	0xc0, 0xc0, 0xc0, 0xc0, 0xc0, 0xc0, 0xc0, 0xc0,
	0xc0, 0xc0, 0xc0, 0xc0, 0xc0, 0xc0, 0xc0, 0xc0,
	0xc0, 0xc0, 0xc0, 0xc0, 0xc0, 0xc0, 0xc0, 0xc0,
	0xc0, 0xc0, 0xc0, 0xc0, 0xc0, 0xc0, 0xc0, 0xc0,
	0xc0, 0xc0, 0xc0, 0xc0, 0xc0, 0xc0, 0xc0, 0xc0,
	0xc0, 0xc0, 0xc0, 0xc0, 0xc0, 0xc0, 0xc0, 0xc0,
	0xc0, 0xc0, 0xc0, 0xc0, 0xc0, 0xc0, 0xc0, 0xc0,
	0x2b9c8ac4, 0x2b9c88c4, 0x2b9c8ec4, 0x2b9c9ac4, 0x2b9c96c4, 0x2b9c92c4, 0xf02c5, 0x30020586,
	0x339c8ac4, 0x339c88c4, 0x339c8ec4, 0x339c96c4, 0xa2c5, 0xe2c5, 0x122c5, 0x162c5,
	0x310070a0, 0x459c9ac4, 0x479c8ac4, 0x479c88c4, 0x479c8ec4, 0x479c9ac4, 0x48020586, 0xc830505,
	0x479c9ec4, 0x539c8ac4, 0x539c88c4, 0x539c8ec4, 0x54020586, 0x5b9c88c4, 0x5e2805a0, 0xf42c5,
	0x2b058ac4, 0x2b0588c4, 0x2b058ec4, 0x2b059ac4, 0x2b0596c4, 0x2b0592c4, 0xf82c5, 0x30020505,
	0x33058ac4, 0x330588c4, 0x33058ec4, 0x330596c4, 0x3b058ac4, 0x3b0588c4, 0x3b058ec4, 0x3b0596c4,
	0x31007005, 0x45059ac4, 0x47058ac4, 0x470588c4, 0x47058ec4, 0x47059ac4, 0x48020505, 0xc810505,
	0x47059ec4, 0x53058ac4, 0x530588c4, 0x53058ec4, 0x54020505, 0x5b0588c4, 0x5e280505, 0x5b0596c4,
	0xc0, 0xc0, 0xc0, 0xc0, 0xc0, 0xc0, 0xc0, 0xc0,
	0xc0, 0xc0, 0xc0, 0xc0, 0xc0, 0xc0, 0xc0, 0xc0,
	0xc0, 0xc0, 0xc0, 0xc0, 0xc0, 0xc0, 0xc0, 0xc0,
	0xc0, 0xc0, 0xc0, 0xc0, 0xc0, 0xc0, 0x38020586, 0x38020505,
	0xc0, 0xc0, 0x9a6c9, 0xa66c9, 0xc0, 0xc0, 0xc0, 0xc0,
	0x222c5, 0xc0, 0x262c5, 0xc0, 0x2a2c5, 0xc0, 0xb26c9, 0xc0,
	0x3b000586, 0x3a1b0505, 0xc0, 0xc0, 0xc0, 0xc0, 0xc0, 0xc0,
	0xc0, 0xc0, 0xc0, 0xc0, 0xc0, 0xc0, 0xc0, 0xc0,
	0xc0, 0xc0, 0xc0, 0xc0, 0xc0, 0xc0, 0xc0, 0xc0,
	0xc0, 0xc0, 0xc0, 0xc0, 0xc0, 0xc0, 0xc0, 0xc0,
	0xc0, 0xc0, 0x50020586, 0x50020505, 0xc0, 0xc0, 0xc0, 0xc0,
	0xc0, 0xc0, 0xc0, 0xc0, 0xc0, 0xc0, 0xc0, 0xc0,
	0xc0, 0xc0, 0xc0, 0xc0, 0xc0, 0xc0, 0xbe6c9, 0xca6c9,
	0xc0, 0xc0, 0xc0, 0xc0, 0xc0, 0xc0, 0xc0, 0xc0,
	0xc0, 0xc0, 0xc0, 0xc0, 0xc0, 0xc0, 0xc0, 0xc0,
	0xc0, 0xc0, 0xc0, 0xc0, 0xc0, 0xc0, 0xc0, 0xc0,
	0xc0, 0xc0, 0xc0, 0xc0, 0xc0, 0xc0, 0xc0, 0xc0,
	0xd66c9, 0xe26c9, 0xc0, 0xc0, 0xc0, 0xc0, 0xc0, 0xc0,
	0xc0, 0xc0, 0xc0, 0xc0, 0xc0, 0xc0, 0xc0, 0xee6c9,
	0xfa6c9, 0xc0, 0xc0, 0xc0, 0xc0, 0xc0, 0xc0, 0xc0,
	0xc0, 0xc0, 0xc0, 0xc0, 0xc0, 0xc0, 0xc0, 0xc0,
	0xc0, 0xc0, 0xc0, 0x4a2c5, 0xc0, 0xc0, 0xc0, 0xc0,
	0xc0, 0x4e2c5, 0x522c5, 0x22c5, 0x62c5, 0x562c5, 0x5a2c5, 0x5e2c5,
	0x622c5, 0xc0, 0xc0, 0xc0, 0xc0, 0xc0, 0xc0, 0xc0,
	0xc0, 0xc0, 0xc0, 0xc0, 0xc0, 0xc0, 0x1066c9, 0x1126c9,
	0xc0, 0xc0, 0xc0, 0xc0, 0xc0, 0xc0, 0xc0, 0xc0,
	0xc0, 0xc0, 0xc0, 0xc0, 0xc0, 0xc0, 0xc0, 0xc0,
	0xc0, 0xc0, 0xc0, 0xc0, 0x6e2c5, 0xc0, 0x722c5, 0xc0,
	0xc0, 0xc0, 0xc0, 0xc0, 0xc0, 0xc0, 0xc0, 0xc0,
	0xc0, 0xc0, 0xc0, 0xc0, 0xc0, 0xc0, 0xc0, 0xc0,
	0xc0, 0xc0, 0xc0, 0xc0, 0xc0, 0xc0, 0xc0, 0xc0,
	0xc0, 0xc0, 0xc0, 0xc0, 0xc0, 0xc0, 0x762c5, 0x7a2c5,
	0xc0, 0xc0, 0xc0, 0xc0, 0xc0, 0xc0, 0xc0, 0xc0,
	0xc0, 0xc0, 0xc0, 0xc0, 0xc0, 0xc0, 0xc0, 0xc0,
	0xc0, 0xc0, 0xc0, 0xc0, 0x1cd, 0x1cd, 0x1cd, 0x1cd,
	0x1cd, 0x1cd, 0x1cd, 0x1cd, 0x1cd, 0x1cd, 0x1cd, 0x1cd,
	0x1cd, 0x1cd, 0x1cd, 0x1cd, 0x1cd, 0x1cd, 0x1cd, 0x1cd,
	0x1cd, 0x1cd, 0x1cd, 0x1cd, 0x1cd, 0x1cd, 0x1cd, 0x1cd,
	0x1cd, 0x1cd, 0x1cd, 0x1cd, 0x1cc, 0x1cc, 0x1cc, 0x1cc,
	0xc0, 0xc0, 0xc0, 0xc0, 0xc0, 0xc0, 0xc0, 0xc0,
	0xc0, 0xc0, 0xc0, 0xc0, 0xc0, 0xc0, 0xc0, 0xc0,
	0xc0, 0xc0, 0xc0, 0xc0, 0xc0, 0xc0, 0xc0, 0xc0,
	0xc0, 0xc0, 0xc0, 0xc0, 0x7e2c5, 0x822c5, 0xc0, 0xc0,
	0xc0, 0xc0, 0xc0, 0xc0, 0xc0, 0xc0, 0xc0, 0xc0,
	0xc0, 0xc0, 0xc0, 0xc0, 0xc0, 0xc0, 0xc0, 0xc0,
	0xc0, 0xc0, 0xc0, 0xc0, 0x11e6c9, 0xc0, 0x8a3c5, 0xc0,
	0xc0, 0xc0, 0xc0, 0xc0, 0xc0, 0xc0, 0xc0, 0xc0,
	0xc0, 0xc0, 0xc0, 0xc0, 0xc0, 0xc0, 0xc0, 0xc0,
	0xc0, 0xc0, 0x12a6c9, 0x1366c9, 0x1426c9, 0x14e6c9, 0x15a6c9, 0x1666c9,
	0xc0, 0xc0, 0xc0, 0xc0, 0xc0, 0xc0, 0xc0, 0xc0,
	0xa82c5, 0xc0, 0x1726c9, 0xc0, 0x17e6c9, 0x18a6c9, 0xc0, 0xc0,
	0xc0, 0xc0, 0xc0, 0xc0, 0xc0, 0xc0, 0xc0, 0xc0,
	0xc0, 0xc0, 0xc0, 0xc0, 0xc0, 0xc0, 0xc0, 0xc0,
	0xc0, 0xc0, 0x1966c9, 0x1a26c9, 0x1ae6c9, 0x1ba6c9, 0xc0, 0xc0,
	0xc0, 0xc0, 0xc0, 0xc0, 0xc0, 0xc0, 0xc0, 0xc0,
	0x1c66c9, 0x1d26c9, 0xc0, 0xc0, 0xc0, 0xc0, 0xc0, 0xc0,
	0xc0, 0xc0, 0xc0, 0xc0, 0xc0, 0xc0, 0xc0, 0xc0,
	0x1cc, 0x1cc, 0x1cc, 0x1cc, 0x1cc, 0x1cc, 0x1cc, 0x1cc,
	0x1cc, 0x1cc, 0x1cc, 0x1cc, 0x1cc, 0x1cc, 0x1cc, 0x1cc,
	0x1cc, 0x1cc, 0x1cc, 0x1cc, 0x1cc, 0x1cc, 0x1cc, 0x1cc,
	0x1cc, 0x1cc, 0x1cc, 0x1cc, 0x1cc, 0x1cc, 0x1cc, 0x1cc,
	0xc0, 0xc0, 0xc0, 0xc0
};

static constexpr int32_t s_coll_trTrieIndexLength = 2112;
static constexpr int32_t s_coll_trTrieDataLength = 812;
static constexpr char32_t s_coll_trTrieHighStart = 0xe000;
static constexpr int32_t s_coll_trTrieHighValueIndex = 808;

static constexpr uint32_t s_coll_trCe32s[136] = {
	0x0, 0x54020586, 0x8805, 0x54020505, 0x8805, 0x3a1b0586, 0x8a05, 0x3a1b0586,
	0x8805, 0x3a1b0586, 0x8e05, 0x3a1b0586, 0x9605, 0x38020586, 0xa005, 0x38020505,
	0xa005, 0x3a1b0586, 0x9a05, 0x3a1b0586, 0xa405, 0x3a1b0586, 0x8c05, 0x3a1b0586,
	0xa205, 0x54020586, 0xa205, 0x54020505, 0xa205, 0x48020586, 0xbe05, 0x48020505,
	0xbe05, 0x54020586, 0xbe05, 0x54020505, 0xbe05, 0x3a1b0586, 0x9005, 0x54020586,
	0xa405, 0x54020505, 0xa405, 0x54020586, 0x9005, 0x54020505, 0x9005, 0x54020586,
	0x8a05, 0x54020505, 0x8a05, 0x48020586, 0xa205, 0x48020505, 0xa205, 0x3a1b0586,
	0xb805, 0x3a1b0586, 0xbc05, 0x48020586, 0xa405, 0x48020505, 0xa405, 0x30020586,
	0x8805, 0x30020505, 0x8805, 0x3a1b0586, 0xd005, 0x3a1b0586, 0x9605, 0x8805,
	0x54020586, 0xc605, 0x54020505, 0xc605, 0x54020586, 0xd005, 0x54020505, 0xd005,
	0x54020586, 0xcc05, 0x54020505, 0xcc05, 0x3a1b0586, 0xb605, 0x3a1b0586, 0xc405,
	0x48020586, 0xc405, 0x48020505, 0xc405, 0x4700059c, 0xbe05, 0xc405, 0x48020586,
	0xbe05, 0xc405, 0x47000505, 0xbe05, 0xc405, 0x48020505, 0xbe05, 0xc405,
	0x54020586, 0xc405, 0x54020505, 0xc405, 0x5300059c, 0xbe05, 0xc405, 0x54020586,
	0xbe05, 0xc405, 0x53000505, 0xbe05, 0xc405, 0x54020505, 0xbe05, 0xc405,
	0x2b0070a0, 0x330005a2, 0x4f007005, 0x4f000513, 0x2b007005, 0x33000513, 0x12000505, 0x14000505,
	0x16000505, 0x18000505, 0x1a000505, 0x1c000505, 0x1e000505, 0x20000505, 0x22000505, 0x24000505
};

static constexpr char16_t s_coll_trContexts[239] = {
	0x2f00, 0x59c, 0x30, 0x327, 0xf002, 0x586, 0x3700, 0x59c, 0x30, 0x306, 0xf802, 0x586,
	0x3a1b, 0x586, 0x30, 0x307, 0xfb00, 0x586, 0x4700, 0x59c, 0x30, 0x308, 0xffff, 0x4802,
	0x586, 0x4f00, 0x59c, 0x30, 0x327, 0xffff, 0x5002, 0x586, 0x5300, 0x59c, 0x1, 0x308,
	0xffff, 0x5402, 0x586, 0x344, 0xa2c5, 0x2f00, 0x505, 0x30, 0x327, 0xf002, 0x505, 0x3700,
	0x505, 0x30, 0x306, 0xf802, 0x505, 0x4700, 0x505, 0x30, 0x308, 0xffff, 0x4802, 0x505,
	0x4f00, 0x505, 0x30, 0x327, 0xffff, 0x5002, 0x505, 0x5300, 0x505, 0x1, 0x308, 0xffff,
	0x5402, 0x505, 0x344, 0xc000, 0x62c5, 0x379c, 0xa0c4, 0x30, 0x306, 0xc001, 0xa2c5, 0x3705,
	0xa0c4, 0x30, 0x306, 0xc001, 0xe2c5, 0x2, 0xe2c5, 0x30, 0x307, 0xfb86, 0xa2c4, 0x539c,
	0xa2c4, 0x30, 0x308, 0xc003, 0x22c5, 0x5305, 0xa2c4, 0x30, 0x308, 0xc003, 0x62c5, 0x479c,
	0xbec4, 0x30, 0x308, 0xc003, 0xa2c5, 0x4705, 0xbec4, 0x30, 0x308, 0xc003, 0xe2c5, 0x539c,
	0xbec4, 0x30, 0x308, 0xc004, 0x22c5, 0x5305, 0xbec4, 0x30, 0x308, 0xc004, 0x62c5, 0x479c,
	0xa2c4, 0x30, 0x308, 0xc006, 0x62c5, 0x4705, 0xa2c4, 0x30, 0x308, 0xc006, 0xa2c5, 0x8,
	0x62c5, 0x30, 0x307, 0xfb86, 0xd0c4, 0x539c, 0xc6c4, 0x30, 0x308, 0xc009, 0x2c5, 0x5305,
	0xc6c4, 0x30, 0x308, 0xc009, 0x42c5, 0x539c, 0xd0c4, 0x30, 0x308, 0xc009, 0x82c5, 0x5305,
	0xd0c4, 0x30, 0x308, 0xc009, 0xc2c5, 0x539c, 0xccc4, 0x30, 0x308, 0xc00a, 0x2c5, 0x5305,
	0xccc4, 0x30, 0x308, 0xc00a, 0x42c5, 0xa, 0xc2c5, 0x30, 0x307, 0xfb86, 0xc4c4, 0x479c,
	0xc4c4, 0x30, 0x308, 0xc00b, 0x2c5, 0x4705, 0xc4c4, 0x30, 0x308, 0xc00b, 0x42c5, 0xb,
	0x83c5, 0x30, 0x308, 0xc00b, 0xe3c5, 0xc, 0x43c5, 0x30, 0x308, 0xc00c, 0xa3c5, 0x539c,
	0xc4c4, 0x30, 0x308, 0xc00d, 0x2c5, 0x5305, 0xc4c4, 0x30, 0x308, 0xc00d, 0x42c5, 0xd,
	0x83c5, 0x30, 0x308, 0xc00d, 0xe3c5, 0xe, 0x43c5, 0x30, 0x308, 0xc00e, 0xa3c5
};

static constexpr uint16_t s_coll_trFastLatin[512] = {
	0x205, 0xc40, 0xde0, 0xe80, 0xea8, 0x418, 0x0, 0x0, 0x0, 0x0, 0x0, 0x0,
	0x0, 0x0, 0xc00, 0xc08, 0xc10, 0xc18, 0xc20, 0x0, 0x0, 0x0, 0x0, 0x0,
	0x0, 0x0, 0x0, 0x0, 0x0, 0x0, 0x0, 0x0, 0x0, 0x0, 0x0, 0x0,
	0x0, 0xc40, 0xca8, 0xcf0, 0xd78, 0xe98, 0xd80, 0xd70, 0xcd8, 0xd08, 0xd10, 0xd58,
	0xe30, 0xc90, 0xc60, 0xcd0, 0xd60, 0x10a8, 0x14a8, 0x18a8, 0x1ca8, 0x20a8, 0x24a8, 0x28a8,
	0x2ca8, 0x30a8, 0x34a8, 0xca0, 0xc98, 0xe50, 0xe58, 0xe60, 0xcb8, 0xd50, 0x38b9, 0x3cb9,
	0x41a, 0x48b9, 0x4cba, 0x50b9, 0x41c, 0x5cb9, 0x41e, 0x68ba, 0x6cb9, 0x70b9, 0x74b9, 0x78ba,
	0x420, 0x88b9, 0x8cb9, 0x94b9, 0x422, 0xa0b9, 0x424, 0xb0b9, 0xb4b9, 0xb8b9, 0xbcb9, 0xc0b9,
	0xd18, 0xd68, 0xd20, 0xdf8, 0xc50, 0xde8, 0x38a8, 0x3ca8, 0x426, 0x48a8, 0x4ca8, 0x50a8,
	0x428, 0x5ca8, 0x64a8, 0x68a8, 0x6ca8, 0x70a8, 0x74a8, 0x78a8, 0x42a, 0x88a8, 0x8ca8, 0x94a8,
	0x42c, 0xa0a8, 0x42e, 0xb0a8, 0xb4a8, 0xb8a8, 0xbca8, 0xc0a8, 0xd28, 0xe70, 0xd30, 0xe80,
	0x0, 0x0, 0x0, 0x0, 0x0, 0x0, 0xc28, 0x0, 0x0, 0x0, 0x0, 0x0,
	0x0, 0x0, 0x0, 0x0, 0x0, 0x0, 0x0, 0x0, 0x0, 0x0, 0x0, 0x0,
	0x0, 0x0, 0x0, 0x0, 0x0, 0x0, 0x0, 0x0, 0x0, 0xc42, 0xcb0, 0xe90,
	0xea0, 0xe88, 0xea8, 0xe78, 0xd40, 0xe08, 0xe20, 0x38aa, 0xcf8, 0xe68, 0x0, 0xe28,
	0xe00, 0xe18, 0xe38, 0x18a9, 0x1ca9, 0xdf0, 0x1, 0xd48, 0x1, 0xe10, 0x14a9, 0x80aa,
	0xd00, 0x1, 0x1, 0x1, 0xcc0, 0x39b9, 0x3999, 0x39f9, 0x3a99, 0x3a59, 0x3a39, 0x800,
	0x44b9, 0x4dba, 0x4d9a, 0x4dfa, 0x4e5a, 0x61b9, 0x6199, 0x61f9, 0x6259, 0x48d9, 0x7a9a, 0x81b9,
	0x8199, 0x81f9, 0x8299, 0x84b9, 0xe48, 0x82d9, 0xa9b9, 0xa999, 0xa9f9, 0xacb9, 0xbd99, 0xc4b9,
	0x802, 0x39a8, 0x3988, 0x39e8, 0x3a88, 0x3a48, 0x3a28, 0x804, 0x44a8, 0x4da8, 0x4d88, 0x4de8,
	0x4e48, 0x65a8, 0x6588, 0x65e8, 0x6648, 0x48c8, 0x7a88, 0x81a8, 0x8188, 0x81e8, 0x8288, 0x84a8,
	0xe40, 0x82c8, 0xa9a8, 0xa988, 0xa9e8, 0xaca8, 0xbd88, 0xc4a8, 0xbe48, 0x3b39, 0x3b28, 0x39d9,
	0x39c8, 0x3b19, 0x3b08, 0x4199, 0x4188, 0x41f9, 0x41e8, 0x42b9, 0x42a8, 0x4219, 0x4208, 0x4a19,
	0x4a08, 0x4b59, 0x4b48, 0x4f3a, 0x4f28, 0x4dda, 0x4dc8, 0x4eba, 0x4ea8, 0x4f1a, 0x4f08, 0x4e1a,
	0x4e08, 0x55f9, 0x55e8, 0x58b9, 0x58a8, 0x56b9, 0x56a8, 0x430, 0x432, 0x5df9, 0x5de8, 0x5f59,
	0x5f48, 0x6299, 0x6688, 0x6339, 0x6728, 0x61d9, 0x65c8, 0x434, 0x6708, 0x64b9, 0x60a8, 0x806,
	0x808, 0x69fa, 0x69e8, 0x6ef9, 0x6ee8, 0x90a8, 0x7199, 0x7188, 0x72f9, 0x72e8, 0x7219, 0x7208,
	0x7379, 0x7368, 0x7359, 0x7348, 0x799a, 0x7988, 0x7afa, 0x7ae8, 0x7a1a, 0x7a08, 0x80a, 0x7cb9,
	0x7ca8, 0x8339, 0x8328, 0x81d9, 0x81c8, 0x8279, 0x8268, 0x80c, 0x80e, 0x9599, 0x9588, 0x96f9,
	0x96e8, 0x9619, 0x9608, 0x999a, 0x9988, 0x99fa, 0x99e8, 0x9cb9, 0x9ca8, 0x9a1a, 0x9a08, 0xa2f9,
	0xa2e8, 0xa219, 0xa208, 0xa4b9, 0xa4a8, 0xaa99, 0xaa88, 0xab39, 0xab28, 0xa9d9, 0xa9c8, 0xaa39,
	0xaa28, 0xaa79, 0xaa68, 0x436, 0x438, 0xb5f9, 0xb5e8, 0xbdf9, 0xbde8, 0xbe59, 0xc199, 0xc188,
	0xc2b9, 0xc2a8, 0xc219, 0xc208, 0x98e8, 0xc41, 0xc41, 0xc41, 0xc41, 0xc41, 0xc41, 0xc41,
	0xc42, 0xc41, 0xc41, 0xc41, 0x0, 0x0, 0x0, 0x0, 0x0, 0xc68, 0xc69, 0xc70,
	0xc78, 0xc80, 0xc88, 0xd38, 0xc58, 0x1, 0x1, 0x1, 0x1, 0x1, 0x1, 0x1,
	0x1, 0xd98, 0xda0, 0xda8, 0xdb0, 0xcd1, 0x810, 0x1, 0xdb8, 0xc30, 0xc38, 0x0,
	0x0, 0x0, 0x0, 0x0, 0xc42, 0xd88, 0xd90, 0xdc0, 0x812, 0x1, 0xdc8, 0x814,
	0x1, 0xdd0, 0xce0, 0xce8, 0xdd8, 0x816, 0xcc8, 0xc48, 0xde0, 0x38d9, 0x4cbb, 0x98c8,
	0x98a9, 0x38c8, 0x4ca9, 0x64bb, 0x68bb, 0x64aa, 0x68a9, 0xc8a9, 0x78a9, 0x80d9, 0x4cbb, 0x80c8,
	0x4ca9, 0xcd1, 0xcd1, 0xdc1, 0xdc1, 0xdc9, 0xdc9, 0xca9, 0xca9, 0x5ff, 0x0, 0x5ff,
	0x40b9, 0x5ff, 0x54b9, 0x5ff, 0x60b9, 0x5ff, 0x80b9, 0x5ff, 0x98ba, 0x5ff, 0xa8b9, 0x5ff,
	0x40a8, 0x5ff, 0x54a8, 0x5ff, 0x80a8, 0x5ff, 0x98a8, 0x5ff, 0xa8a8, 0x5ff, 0x56f9, 0x5ff,
	0x56e8, 0x5ff, 0x6319, 0x5ff, 0xab19, 0x5ff, 0xab08, 0x1ff
};

static constexpr uint16_t s_coll_trFastLatinPrimaries[384] = {
	0x0, 0x0, 0x0, 0x0, 0x0, 0x0, 0x0, 0x0, 0x0, 0xc00, 0xc08, 0xc10,
	0xc18, 0xc20, 0x0, 0x0, 0x0, 0x0, 0x0, 0x0, 0x0, 0x0, 0x0, 0x0,
	0x0, 0x0, 0x0, 0x0, 0x0, 0x0, 0x0, 0x0, 0xc40, 0xca8, 0xcf0, 0xd78,
	0xe98, 0xd80, 0xd70, 0xcd8, 0xd08, 0xd10, 0xd58, 0xe30, 0xc90, 0xc60, 0xcd0, 0xd60,
	0x1000, 0x1400, 0x1800, 0x1c00, 0x2000, 0x2400, 0x2800, 0x2c00, 0x3000, 0x3400, 0xca0, 0xc98,
	0xe50, 0xe58, 0xe60, 0xcb8, 0xd50, 0x3800, 0x3c00, 0x0, 0x4800, 0x4c00, 0x5000, 0x0,
	0x5c00, 0x0, 0x6800, 0x6c00, 0x7000, 0x7400, 0x7800, 0x0, 0x8800, 0x8c00, 0x9400, 0x0,
	0xa000, 0x0, 0xb000, 0xb400, 0xb800, 0xbc00, 0xc000, 0xd18, 0xd68, 0xd20, 0xdf8, 0xc50,
	0xde8, 0x3800, 0x3c00, 0x0, 0x4800, 0x4c00, 0x5000, 0x0, 0x5c00, 0x6400, 0x6800, 0x6c00,
	0x7000, 0x7400, 0x7800, 0x0, 0x8800, 0x8c00, 0x9400, 0x0, 0xa000, 0x0, 0xb000, 0xb400,
	0xb800, 0xbc00, 0xc000, 0xd28, 0xe70, 0xd30, 0xe80, 0x0, 0x0, 0x0, 0x0, 0x0,
	0x0, 0xc28, 0x0, 0x0, 0x0, 0x0, 0x0, 0x0, 0x0, 0x0, 0x0, 0x0,
	0x0, 0x0, 0x0, 0x0, 0x0, 0x0, 0x0, 0x0, 0x0, 0x0, 0x0, 0x0,
	0x0, 0x0, 0x0, 0x0, 0xc40, 0xcb0, 0xe90, 0xea0, 0xe88, 0xea8, 0xe78, 0xd40,
	0xe08, 0xe20, 0x3800, 0xcf8, 0xe68, 0x0, 0xe28, 0xe00, 0xe18, 0xe38, 0x1800, 0x1c00,
	0xdf0, 0x0, 0xd48, 0x0, 0xe10, 0x1400, 0x8000, 0xd00, 0x0, 0x0, 0x0, 0xcc0,
	0x3800, 0x3800, 0x3800, 0x3800, 0x3800, 0x3800, 0x0, 0x4400, 0x4c00, 0x4c00, 0x4c00, 0x4c00,
	0x6000, 0x6000, 0x6000, 0x6000, 0x4800, 0x7800, 0x8000, 0x8000, 0x8000, 0x8000, 0x8400, 0xe48,
	0x8000, 0xa800, 0xa800, 0xa800, 0xac00, 0xbc00, 0xc400, 0x0, 0x3800, 0x3800, 0x3800, 0x3800,
	0x3800, 0x3800, 0x0, 0x4400, 0x4c00, 0x4c00, 0x4c00, 0x4c00, 0x6400, 0x6400, 0x6400, 0x6400,
	0x4800, 0x7800, 0x8000, 0x8000, 0x8000, 0x8000, 0x8400, 0xe40, 0x8000, 0xa800, 0xa800, 0xa800,
	0xac00, 0xbc00, 0xc400, 0xbc00, 0x3800, 0x3800, 0x3800, 0x3800, 0x3800, 0x3800, 0x4000, 0x4000,
	0x4000, 0x4000, 0x4000, 0x4000, 0x4000, 0x4000, 0x4800, 0x4800, 0x4800, 0x4800, 0x4c00, 0x4c00,
	0x4c00, 0x4c00, 0x4c00, 0x4c00, 0x4c00, 0x4c00, 0x4c00, 0x4c00, 0x5400, 0x5400, 0x5800, 0x5800,
	0x5400, 0x5400, 0x0, 0x0, 0x5c00, 0x5c00, 0x5c00, 0x5c00, 0x6000, 0x6400, 0x6000, 0x6400,
	0x6000, 0x6400, 0x0, 0x6400, 0x6400, 0x6000, 0x0, 0x0, 0x6800, 0x6800, 0x6c00, 0x6c00,
	0x9000, 0x7000, 0x7000, 0x7000, 0x7000, 0x7000, 0x7000, 0x7000, 0x7000, 0x7000, 0x7000, 0x7800,
	0x7800, 0x7800, 0x7800, 0x7800, 0x7800, 0x0, 0x7c00, 0x7c00, 0x8000, 0x8000, 0x8000, 0x8000,
	0x8000, 0x8000, 0x0, 0x0, 0x9400, 0x9400, 0x9400, 0x9400, 0x9400, 0x9400, 0x9800, 0x9800,
	0x9800, 0x9800, 0x9c00, 0x9c00, 0x9800, 0x9800, 0xa000, 0xa000, 0xa000, 0xa000, 0xa400, 0xa400,
	0xa800, 0xa800, 0xa800, 0xa800, 0xa800, 0xa800, 0xa800, 0xa800, 0xa800, 0xa800, 0x0, 0x0,
	0xb400, 0xb400, 0xbc00, 0xbc00, 0xbc00, 0xc000, 0xc000, 0xc000, 0xc000, 0xc000, 0xc000, 0x9800
};

static constexpr int32_t s_coll_trFastLatinMiniVarTop = 0xbff;

static constexpr uint32_t s_coll_trNumericPrimary = 0x10000000;
static constexpr int32_t s_coll_trOptions = 0x2010;
static constexpr int32_t s_coll_trJamoCe32sStart = -1;

static constexpr uint16_t s_coll_uzTrieIndex[2112] = {
	0x0, 0x8, 0x10, 0x18, 0x30, 0x38, 0x40, 0x48, 0x30, 0x38, 0x30, 0x38, 0x30, 0x38, 0x30, 0x38,
	0x30, 0x38, 0x30, 0x38, 0x30, 0x38, 0x30, 0x38, 0x30, 0x38, 0x30, 0x38, 0x30, 0x38, 0x30, 0x38,
	0x30, 0x38, 0x30, 0x38, 0x30, 0x38, 0x30, 0x38, 0x30, 0x38, 0x30, 0x38, 0x30, 0x38, 0x30, 0x38,
	0x30, 0x38, 0x30, 0x38, 0x30, 0x38, 0x30, 0x38, 0x30, 0x38, 0x30, 0x38, 0x30, 0x38, 0x30, 0x38,
	0x30, 0x30, 0x30, 0x30, 0x30, 0x30, 0x30, 0x30, 0x30, 0x30, 0x30, 0x30, 0x30, 0x30, 0x30, 0x30,
	0x30, 0x30, 0x30, 0x30, 0x30, 0x30, 0x30, 0x30, 0x30, 0x30, 0x30, 0x30, 0x30, 0x30, 0x30, 0x30,
	0x30, 0x30, 0x30, 0x30, 0x30, 0x30, 0x30, 0x30, 0x30, 0x30, 0x30, 0x30, 0x30, 0x30, 0x30, 0x30,
	0x30, 0x30, 0x30, 0x30, 0x30, 0x30, 0x30, 0x30, 0x30, 0x30, 0x30, 0x30, 0x30, 0x30, 0x30, 0x30,
	0x30, 0x30, 0x30, 0x30, 0x30, 0x30, 0x30, 0x30, 0x30, 0x30, 0x30, 0x30, 0x30, 0x30, 0x30, 0x30,
	0x30, 0x30, 0x30, 0x30, 0x30, 0x30, 0x30, 0x30, 0x30, 0x30, 0x30, 0x30, 0x30, 0x30, 0x30, 0x30,
	0x30, 0x30, 0x30, 0x30, 0x30, 0x30, 0x30, 0x30, 0x30, 0x30, 0x30, 0x30, 0x30, 0x30, 0x30, 0x30,
	0x30, 0x30, 0x30, 0x30, 0x30, 0x30, 0x30, 0x30, 0x30, 0x30, 0x30, 0x30, 0x30, 0x30, 0x30, 0x30,
	0x30, 0x30, 0x30, 0x30, 0x30, 0x30, 0x30, 0x30, 0x30, 0x30, 0x30, 0x30, 0x30, 0x30, 0x30, 0x30,
	0x30, 0x30, 0x30, 0x30, 0x30, 0x30, 0x30, 0x30, 0x30, 0x30, 0x30, 0x30, 0x30, 0x30, 0x30, 0x30,
	0x30, 0x30, 0x30, 0x30, 0x30, 0x30, 0x30, 0x30, 0x30, 0x30, 0x30, 0x30, 0x30, 0x30, 0x30, 0x30,
	0x30, 0x30, 0x30, 0x30, 0x30, 0x30, 0x30, 0x30, 0x30, 0x30, 0x30, 0x30, 0x30, 0x30, 0x30, 0x30,
	0x30, 0x30, 0x30, 0x30, 0x30, 0x30, 0x30, 0x30, 0x30, 0x30, 0x30, 0x30, 0x30, 0x30, 0x30, 0x30,
	0x30, 0x30, 0x30, 0x30, 0x30, 0x30, 0x30, 0x30, 0x30, 0x30, 0x30, 0x30, 0x30, 0x30, 0x30, 0x30,
	0x30, 0x30, 0x30, 0x30, 0x30, 0x30, 0x30, 0x30, 0x30, 0x30, 0x30, 0x30, 0x30, 0x30, 0x30, 0x30,
	0x30, 0x30, 0x30, 0x30, 0x30, 0x30, 0x30, 0x30, 0x30, 0x30, 0x30, 0x30, 0x30, 0x30, 0x30, 0x30,
	0x30, 0x30, 0x30, 0x30, 0x30, 0x30, 0x30, 0x30, 0x30, 0x30, 0x30, 0x30, 0x30, 0x30, 0x30, 0x30,
	0x30, 0x30, 0x30, 0x30, 0x30, 0x30, 0x30, 0x30, 0x30, 0x30, 0x30, 0x30, 0x30, 0x30, 0x30, 0x30,
	0x30, 0x30, 0x30, 0x30, 0x30, 0x30, 0x30, 0x30, 0x30, 0x30, 0x30, 0x30, 0x30, 0x30, 0x30, 0x30,
	0x30, 0x30, 0x30, 0x30, 0x30, 0x30, 0x30, 0x30, 0x30, 0x30, 0x30, 0x30, 0x30, 0x30, 0x30, 0x30,
	0x30, 0x30, 0x30, 0x30, 0x30, 0x30, 0x30, 0x30, 0x30, 0x30, 0x30, 0x30, 0x30, 0x30, 0x30, 0x30,
	0x30, 0x30, 0x30, 0x30, 0x30, 0x30, 0x30, 0x30, 0x30, 0x30, 0x30, 0x30, 0x30, 0x30, 0x30, 0x30,
	0x30, 0x30, 0x30, 0x30, 0x30, 0x30, 0x30, 0x30, 0x30, 0x30, 0x30, 0x30, 0x30, 0x30, 0x30, 0x30,
	0x30, 0x30, 0x30, 0x30, 0x30, 0x30, 0x30, 0x30, 0x30, 0x30, 0x30, 0x30, 0x30, 0x30, 0x30, 0x30,
	0x30, 0x30, 0x30, 0x30, 0x30, 0x30, 0x30, 0x30, 0x30, 0x30, 0x30, 0x30, 0x30, 0x30, 0x30, 0x30,
	0x30, 0x30, 0x30, 0x30, 0x30, 0x30, 0x30, 0x30, 0x30, 0x30, 0x30, 0x30, 0x30, 0x30, 0x30, 0x30,
	0x30, 0x30, 0x30, 0x30, 0x30, 0x30, 0x30, 0x30, 0x30, 0x30, 0x30, 0x30, 0x30, 0x30, 0x30, 0x30,
	0x30, 0x30, 0x30, 0x30, 0x30, 0x30, 0x30, 0x30, 0x30, 0x30, 0x30, 0x30, 0x30, 0x30, 0x30, 0x30,
	0x30, 0x30, 0x30, 0x30, 0x30, 0x30, 0x30, 0x30, 0x30, 0x30, 0x30, 0x30, 0x30, 0x30, 0x30, 0x30,
	0x30, 0x30, 0x30, 0x30, 0x30, 0x30, 0x30, 0x30, 0x30, 0x30, 0x30, 0x30, 0x30, 0x30, 0x30, 0x30,
	0x30, 0x30, 0x30, 0x30, 0x30, 0x30, 0x30, 0x30, 0x30, 0x30, 0x30, 0x30, 0x30, 0x30, 0x30, 0x30,
	0x30, 0x30, 0x30, 0x30, 0x30, 0x30, 0x30, 0x30, 0x30, 0x30, 0x30, 0x30, 0x30, 0x30, 0x30, 0x30,
	0x30, 0x30, 0x30, 0x30, 0x30, 0x30, 0x30, 0x30, 0x30, 0x30, 0x30, 0x30, 0x30, 0x30, 0x30, 0x30,
	0x30, 0x30, 0x30, 0x30, 0x30, 0x30, 0x30, 0x30, 0x30, 0x30, 0x30, 0x30, 0x30, 0x30, 0x30, 0x30,
	0x30, 0x30, 0x30, 0x30, 0x30, 0x30, 0x30, 0x30, 0x30, 0x30, 0x30, 0x30, 0x30, 0x30, 0x30, 0x30,
	0x30, 0x30, 0x30, 0x30, 0x30, 0x30, 0x30, 0x30, 0x30, 0x30, 0x30, 0x30, 0x30, 0x30, 0x30, 0x30,
	0x30, 0x30, 0x30, 0x30, 0x30, 0x30, 0x30, 0x30, 0x30, 0x30, 0x30, 0x30, 0x30, 0x30, 0x30, 0x30,
	0x30, 0x30, 0x30, 0x30, 0x30, 0x30, 0x30, 0x30, 0x30, 0x30, 0x30, 0x30, 0x30, 0x30, 0x30, 0x30,
	0x30, 0x30, 0x30, 0x30, 0x30, 0x30, 0x30, 0x30, 0x30, 0x30, 0x30, 0x30, 0x30, 0x30, 0x30, 0x30,
	0x30, 0x30, 0x30, 0x30, 0x30, 0x30, 0x30, 0x30, 0x30, 0x30, 0x30, 0x30, 0x30, 0x30, 0x30, 0x30,
	0x30, 0x30, 0x30, 0x30, 0x30, 0x30, 0x30, 0x30, 0x30, 0x30, 0x30, 0x30, 0x30, 0x30, 0x30, 0x30,
	0x30, 0x30, 0x30, 0x30, 0x30, 0x30, 0x30, 0x30, 0x30, 0x30, 0x30, 0x30, 0x30, 0x30, 0x30, 0x30,
	0x30, 0x30, 0x30, 0x30, 0x30, 0x30, 0x30, 0x30, 0x30, 0x30, 0x30, 0x30, 0x30, 0x30, 0x30, 0x30,
	0x30, 0x30, 0x30, 0x30, 0x30, 0x30, 0x30, 0x30, 0x30, 0x30, 0x30, 0x30, 0x30, 0x30, 0x30, 0x30,
	0x30, 0x30, 0x30, 0x30, 0x30, 0x30, 0x30, 0x30, 0x30, 0x30, 0x30, 0x30, 0x30, 0x30, 0x30, 0x30,
	0x30, 0x30, 0x30, 0x30, 0x30, 0x30, 0x30, 0x30, 0x30, 0x30, 0x30, 0x30, 0x30, 0x30, 0x30, 0x30,
	0x30, 0x30, 0x30, 0x30, 0x30, 0x30, 0x30, 0x30, 0x30, 0x30, 0x30, 0x30, 0x30, 0x30, 0x30, 0x30,
	0x30, 0x30, 0x30, 0x30, 0x30, 0x30, 0x30, 0x30, 0x30, 0x30, 0x30, 0x30, 0x30, 0x30, 0x30, 0x30,
	0x30, 0x30, 0x30, 0x30, 0x30, 0x30, 0x30, 0x30, 0x30, 0x30, 0x30, 0x30, 0x30, 0x30, 0x30, 0x30,
	0x30, 0x30, 0x30, 0x30, 0x30, 0x30, 0x30, 0x30, 0x30, 0x30, 0x30, 0x30, 0x30, 0x30, 0x30, 0x30,
	0x30, 0x30, 0x30, 0x30, 0x30, 0x30, 0x30, 0x30, 0x30, 0x30, 0x30, 0x30, 0x30, 0x30, 0x30, 0x30,
	0x30, 0x30, 0x30, 0x30, 0x30, 0x30, 0x30, 0x30, 0x30, 0x30, 0x30, 0x30, 0x30, 0x30, 0x30, 0x30,
	0x30, 0x30, 0x30, 0x30, 0x30, 0x30, 0x30, 0x30, 0x30, 0x30, 0x30, 0x30, 0x30, 0x30, 0x30, 0x30,
	0x30, 0x30, 0x30, 0x30, 0x30, 0x30, 0x30, 0x30, 0x30, 0x30, 0x30, 0x30, 0x30, 0x30, 0x30, 0x30,
	0x30, 0x30, 0x30, 0x30, 0x30, 0x30, 0x30, 0x30, 0x30, 0x30, 0x30, 0x30, 0x30, 0x30, 0x30, 0x30,
	0x30, 0x30, 0x30, 0x30, 0x30, 0x30, 0x30, 0x30, 0x30, 0x30, 0x30, 0x30, 0x30, 0x30, 0x30, 0x30,
	0x30, 0x30, 0x30, 0x30, 0x30, 0x30, 0x30, 0x30, 0x30, 0x30, 0x30, 0x30, 0x30, 0x30, 0x30, 0x30,
	0x30, 0x30, 0x30, 0x30, 0x30, 0x30, 0x30, 0x30, 0x30, 0x30, 0x30, 0x30, 0x30, 0x30, 0x30, 0x30,
	0x30, 0x30, 0x30, 0x30, 0x30, 0x30, 0x30, 0x30, 0x30, 0x30, 0x30, 0x30, 0x30, 0x30, 0x30, 0x30,
	0x30, 0x30, 0x30, 0x30, 0x30, 0x30, 0x30, 0x30, 0x30, 0x30, 0x30, 0x30, 0x30, 0x30, 0x30, 0x30,
	0x30, 0x30, 0x30, 0x30, 0x30, 0x30, 0x30, 0x30, 0x30, 0x30, 0x30, 0x30, 0x30, 0x30, 0x30, 0x30,
	0x30, 0x30, 0x30, 0x30, 0x30, 0x30, 0x30, 0x30, 0x30, 0x30, 0x30, 0x30, 0x30, 0x30, 0x30, 0x30,
	0x30, 0x30, 0x30, 0x30, 0x30, 0x30, 0x30, 0x30, 0x30, 0x30, 0x30, 0x30, 0x30, 0x30, 0x30, 0x30,
	0x30, 0x30, 0x30, 0x30, 0x30, 0x30, 0x30, 0x30, 0x30, 0x30, 0x30, 0x30, 0x30, 0x30, 0x30, 0x30,
	0x30, 0x30, 0x30, 0x30, 0x30, 0x30, 0x30, 0x30, 0x30, 0x30, 0x30, 0x30, 0x30, 0x30, 0x30, 0x30,
	0x30, 0x30, 0x30, 0x30, 0x30, 0x30, 0x30, 0x30, 0x30, 0x30, 0x30, 0x30, 0x30, 0x30, 0x30, 0x30,
	0x30, 0x30, 0x30, 0x30, 0x30, 0x30, 0x30, 0x30, 0x30, 0x30, 0x30, 0x30, 0x30, 0x30, 0x30, 0x30,
	0x30, 0x30, 0x30, 0x30, 0x30, 0x30, 0x30, 0x30, 0x30, 0x30, 0x30, 0x30, 0x30, 0x30, 0x30, 0x30,
	0x30, 0x30, 0x30, 0x30, 0x30, 0x30, 0x30, 0x30, 0x30, 0x30, 0x30, 0x30, 0x30, 0x30, 0x30, 0x30,
	0x30, 0x30, 0x30, 0x30, 0x30, 0x30, 0x30, 0x30, 0x30, 0x30, 0x30, 0x30, 0x30, 0x30, 0x30, 0x30,
	0x30, 0x30, 0x30, 0x30, 0x30, 0x30, 0x30, 0x30, 0x30, 0x30, 0x30, 0x30, 0x30, 0x30, 0x30, 0x30,
	0x30, 0x30, 0x30, 0x30, 0x30, 0x30, 0x30, 0x30, 0x30, 0x30, 0x30, 0x30, 0x30, 0x30, 0x30, 0x30,
	0x30, 0x30, 0x30, 0x30, 0x30, 0x30, 0x30, 0x30, 0x30, 0x30, 0x30, 0x30, 0x30, 0x30, 0x30, 0x30,
	0x30, 0x30, 0x30, 0x30, 0x30, 0x30, 0x30, 0x30, 0x30, 0x30, 0x30, 0x30, 0x30, 0x30, 0x30, 0x30,
	0x30, 0x30, 0x30, 0x30, 0x30, 0x30, 0x30, 0x30, 0x30, 0x30, 0x30, 0x30, 0x30, 0x30, 0x30, 0x30,
	0x30, 0x30, 0x30, 0x30, 0x30, 0x30, 0x30, 0x30, 0x30, 0x30, 0x30, 0x30, 0x30, 0x30, 0x30, 0x30,
	0x30, 0x30, 0x30, 0x30, 0x30, 0x30, 0x30, 0x30, 0x30, 0x30, 0x30, 0x30, 0x30, 0x30, 0x30, 0x30,
	0x30, 0x30, 0x30, 0x30, 0x30, 0x30, 0x30, 0x30, 0x30, 0x30, 0x30, 0x30, 0x30, 0x30, 0x30, 0x30,
	0x30, 0x30, 0x30, 0x30, 0x30, 0x30, 0x30, 0x30, 0x30, 0x30, 0x30, 0x30, 0x30, 0x30, 0x30, 0x30,
	0x30, 0x30, 0x30, 0x30, 0x30, 0x30, 0x30, 0x30, 0x30, 0x30, 0x30, 0x30, 0x30, 0x30, 0x30, 0x30,
	0x30, 0x30, 0x30, 0x30, 0x30, 0x30, 0x30, 0x30, 0x30, 0x30, 0x30, 0x30, 0x30, 0x30, 0x30, 0x30,
	0x30, 0x30, 0x30, 0x30, 0x30, 0x30, 0x30, 0x30, 0x30, 0x30, 0x30, 0x30, 0x30, 0x30, 0x30, 0x30,
	0x60, 0x60, 0x60, 0x60, 0x60, 0x60, 0x60, 0x60, 0x60, 0x60, 0x60, 0x60, 0x60, 0x60, 0x60, 0x60,
	0x60, 0x60, 0x60, 0x60, 0x60, 0x60, 0x60, 0x60, 0x60, 0x60, 0x60, 0x60, 0x60, 0x60, 0x60, 0x60,
	0x60, 0x60, 0x60, 0x60, 0x60, 0x60, 0x60, 0x60, 0x60, 0x60, 0x60, 0x60, 0x60, 0x60, 0x60, 0x60,
	0x60, 0x60, 0x60, 0x60, 0x60, 0x60, 0x60, 0x60, 0x60, 0x60, 0x60, 0x60, 0x60, 0x60, 0x60, 0x60,
	0x60, 0x60, 0x60, 0x60, 0x60, 0x60, 0x60, 0x60, 0x60, 0x60, 0x60, 0x60, 0x60, 0x60, 0x60, 0x60,
	0x60, 0x60, 0x60, 0x60, 0x60, 0x60, 0x60, 0x60, 0x60, 0x60, 0x60, 0x60, 0x60, 0x60, 0x60, 0x60,
	0x60, 0x60, 0x60, 0x60, 0x60, 0x60, 0x60, 0x60, 0x60, 0x60, 0x60, 0x60, 0x60, 0x60, 0x60, 0x60,
	0x60, 0x60, 0x60, 0x60, 0x60, 0x60, 0x60, 0x60, 0x60, 0x60, 0x60, 0x60, 0x60, 0x60, 0x60, 0x60,
	0x60, 0x60, 0x60, 0x60, 0x60, 0x60, 0x60, 0x60, 0x60, 0x60, 0x60, 0x60, 0x60, 0x60, 0x60, 0x60,
	0x60, 0x60, 0x60, 0x60, 0x60, 0x60, 0x60, 0x60, 0x60, 0x60, 0x60, 0x60, 0x60, 0x60, 0x60, 0x60,
	0x60, 0x60, 0x60, 0x60, 0x60, 0x60, 0x60, 0x60, 0x60, 0x60, 0x60, 0x60, 0x60, 0x60, 0x60, 0x60,
	0x60, 0x60, 0x60, 0x60, 0x60, 0x60, 0x60, 0x60, 0x60, 0x60, 0x60, 0x60, 0x60, 0x60, 0x60, 0x60,
	0x60, 0x60, 0x60, 0x60, 0x60, 0x60, 0x60, 0x60, 0x60, 0x60, 0x60, 0x60, 0x60, 0x60, 0x60, 0x60,
	0x60, 0x60, 0x60, 0x60, 0x60, 0x60, 0x60, 0x60, 0x60, 0x60, 0x60, 0x60, 0x60, 0x60, 0x60, 0x60,
	0x60, 0x60, 0x60, 0x60, 0x60, 0x60, 0x60, 0x60, 0x60, 0x60, 0x60, 0x60, 0x60, 0x60, 0x60, 0x60,
	0x60, 0x60, 0x60, 0x60, 0x60, 0x60, 0x60, 0x60, 0x60, 0x60, 0x60, 0x60, 0x60, 0x60, 0x60, 0x60,
	0x60, 0x60, 0x60, 0x60, 0x60, 0x60, 0x60, 0x60, 0x60, 0x60, 0x60, 0x60, 0x60, 0x60, 0x60, 0x60,
	0x60, 0x60, 0x60, 0x60, 0x60, 0x60, 0x60, 0x60, 0x60, 0x60, 0x60, 0x60, 0x60, 0x60, 0x60, 0x60,
	0x60, 0x60, 0x60, 0x60, 0x60, 0x60, 0x60, 0x60, 0x60, 0x60, 0x60, 0x60, 0x60, 0x60, 0x60, 0x60,
	0x60, 0x60, 0x60, 0x60, 0x60, 0x60, 0x60, 0x60, 0x60, 0x60, 0x60, 0x60, 0x60, 0x60, 0x60, 0x60,
	0x60, 0x60, 0x60, 0x60, 0x60, 0x60, 0x60, 0x60, 0x60, 0x60, 0x60, 0x60, 0x60, 0x60, 0x60, 0x60,
	0x60, 0x60, 0x60, 0x60, 0x60, 0x60, 0x60, 0x60, 0x60, 0x60, 0x60, 0x60, 0x60, 0x58, 0x30, 0x30,
	0x50, 0x50, 0x50, 0x50, 0x50, 0x50, 0x50, 0x50, 0x50, 0x50, 0x50, 0x50, 0x50, 0x50, 0x50, 0x50,
	0x50, 0x50, 0x50, 0x50, 0x50, 0x50, 0x50, 0x50, 0x50, 0x50, 0x50, 0x50, 0x50, 0x50, 0x50, 0x50,
	0x30, 0x30, 0x30, 0x30, 0x30, 0x30, 0x30, 0x30, 0x30, 0x30, 0x30, 0x30, 0x30, 0x30, 0x30, 0x30,
	0x30, 0x30, 0x30, 0x30, 0x30, 0x30, 0x30, 0x30, 0x30, 0x30, 0x30, 0x30, 0x30, 0x30, 0x30, 0x30,
	0x30, 0x30, 0x30, 0x30, 0x30, 0x30, 0x30, 0x30, 0x30, 0x30, 0x30, 0x30, 0x30, 0x30, 0x30, 0x30,
	0x30, 0x30, 0x30, 0x30, 0x30, 0x30, 0x30, 0x30, 0x30, 0x30, 0x30, 0x30, 0x30, 0x30, 0x30, 0x30,
	0x30, 0x30, 0x30, 0x30, 0x30, 0x30, 0x30, 0x30, 0x30, 0x30, 0x30, 0x30, 0x30, 0x30, 0x30, 0x30,
	0x30, 0x30, 0x30, 0x30, 0x30, 0x30, 0x30, 0x30, 0x30, 0x30, 0x30, 0x30, 0x30, 0x30, 0x30, 0x30,
	0x30, 0x30, 0x30, 0x30, 0x30, 0x30, 0x30, 0x30, 0x30, 0x30, 0x30, 0x30, 0x30, 0x30, 0x30, 0x30,
	0x30, 0x30, 0x30, 0x30, 0x30, 0x30, 0x30, 0x30, 0x30, 0x30, 0x30, 0x30, 0x30, 0x30, 0x30, 0x30,
	0x30, 0x30, 0x30, 0x30, 0x30, 0x30, 0x30, 0x30, 0x30, 0x30, 0x30, 0x30, 0x30, 0x30, 0x30, 0x30,
	0x30, 0x30, 0x30, 0x30, 0x30, 0x30, 0x30, 0x30, 0x30, 0x30, 0x30, 0x30, 0x30, 0x30, 0x30, 0x30,
	0x30, 0x30, 0x30, 0x30, 0x30, 0x30, 0x30, 0x30, 0x30, 0x30, 0x30, 0x30, 0x30, 0x30, 0x30, 0x30,
	0x30, 0x30, 0x30, 0x30, 0x30, 0x30, 0x30, 0x30, 0x30, 0x30, 0x30, 0x30, 0x30, 0x30, 0x30, 0x30,
	0x30, 0x30, 0x30, 0x30, 0x30, 0x30, 0x30, 0x30, 0x30, 0x30, 0x30, 0x30, 0x30, 0x30, 0x30, 0x30,
	0x30, 0x30, 0x30, 0x30, 0x30, 0x30, 0x30, 0x30, 0x30, 0x30, 0x30, 0x30, 0x30, 0x30, 0x30, 0x30,
	0x30, 0x30, 0x30, 0x30, 0x30, 0x30, 0x30, 0x30, 0x30, 0x30, 0x30, 0x30, 0x30, 0x30, 0x30, 0x30,
	0x30, 0x30, 0x30, 0x30, 0x30, 0x30, 0x30, 0x30, 0x30, 0x30, 0x30, 0x30, 0x30, 0x30, 0x30, 0x30,
	0x30, 0x30, 0x30, 0x30, 0x30, 0x30, 0x30, 0x30, 0x30, 0x30, 0x30, 0x30, 0x30, 0x30, 0x30, 0x30,
	0x30, 0x30, 0x30, 0x30, 0x30, 0x30, 0x30, 0x30, 0x30, 0x30, 0x30, 0x30, 0x30, 0x30, 0x30, 0x30,
	0x30, 0x30, 0x30, 0x30, 0x30, 0x30, 0x30, 0x30, 0x30, 0x30, 0x30, 0x30, 0x30, 0x30, 0x30, 0x30,
	0x30, 0x30, 0x30, 0x30, 0x30, 0x30, 0x30, 0x30, 0x30, 0x30, 0x30, 0x30, 0x30, 0x30, 0x30, 0x30,
	0x80, 0x80, 0xc0, 0x100, 0xc0, 0xc0, 0xc0, 0xc0, 0xc0, 0xc0, 0xc0, 0xc0, 0xc0, 0xc0, 0xc0, 0xc0,
	0xc0, 0xc0, 0xc0, 0xc0, 0xc0, 0xc0, 0xc0, 0xc0, 0xc0, 0xc0, 0xc0, 0xc0, 0xc0, 0xc0, 0xc0, 0xc0
};

static constexpr uint32_t s_coll_uzTrieData[420] = {
	0xcb, 0x0, 0x0, 0x0, 0x0, 0x0, 0x0, 0x0,
	0x0, 0x3040505, 0x3060505, 0x3080505, 0x30a0505, 0x30c0505, 0x0, 0x0,
	0x0, 0x0, 0x0, 0x0, 0x0, 0x0, 0x0, 0x0,
	0x0, 0x0, 0x0, 0x0, 0x0, 0x0, 0x0, 0x0,
	0x4000505, 0x75a0505, 0x9760505, 0xa940505, 0xda90505, 0xa960505, 0xa8e0505, 0x9700505,
	0x97c0505, 0x97e0505, 0xa7e0505, 0xc7b0505, 0x6000505, 0x50e0505, 0x8000505, 0xa880505,
	0x4e0ca, 0x501ca, 0x522ca, 0x543ca, 0x564ca, 0x585ca, 0x5a6ca, 0x5c7ca,
	0x5e8ca, 0x609ca, 0x7360505, 0x72a0505, 0xc850505, 0xc870505, 0xc890505, 0x7640505,
	0xa7c0505, 0x2b00059c, 0x2d00059c, 0xc9, 0x3100059c, 0x3300059c, 0x3500059c, 0x740c9,
	0x3900059c, 0x3b00059c, 0x3d00059c, 0x3f00059c, 0x4100059c, 0x4300059c, 0x4500059c, 0x8c0c9,
	0x4900059c, 0x4b00059c, 0x4d00059c, 0xa40c9, 0x5100059c, 0x5300059c, 0x5500059c, 0x570005a0,
	0x5900059c, 0x5b00059c, 0x5d00059c, 0x9800505, 0xa8a0505, 0x9820505, 0xc0a0505, 0x50a0505,
	0xc040505, 0x2b000505, 0x2d000505, 0x11c0c9, 0x31000505, 0x33000505, 0x35000505, 0x15c0c9,
	0x39000505, 0x3b000505, 0x3d000505, 0x3f000505, 0x41000505, 0x43000505, 0x45000505, 0x17a0c9,
	0x49000505, 0x4b000505, 0x4d000505, 0x1980c9, 0x51000505, 0x53000505, 0x55000505, 0x57000505,
	0x59000505, 0x5b000505, 0x5d000505, 0x9840505, 0xc8d0505, 0x9860505, 0xc910505, 0x0,
	0xfffd0505, 0xfffd0505, 0xfffd0505, 0xfffd0505, 0xfffd0505, 0xfffd0505, 0xfffd0505, 0xfffd0505,
	0xfffd0505, 0xfffd0505, 0xfffd0505, 0xfffd0505, 0xfffd0505, 0xfffd0505, 0xfffd0505, 0xfffd0505,
	0xfffd0505, 0xfffd0505, 0xfffd0505, 0xfffd0505, 0xfffd0505, 0xfffd0505, 0xfffd0505, 0xfffd0505,
	0xfffd0505, 0xfffd0505, 0xfffd0505, 0xfffd0505, 0xfffd0505, 0xfffd0505, 0xfffd0505, 0xfffd0505,
	0xfffd0505, 0xfffd0505, 0xfffd0505, 0xfffd0505, 0xfffd0505, 0xfffd0505, 0xfffd0505, 0xfffd0505,
	0xfffd0505, 0xfffd0505, 0xfffd0505, 0xfffd0505, 0xfffd0505, 0xfffd0505, 0xfffd0505, 0xfffd0505,
	0xfffd0505, 0xfffd0505, 0xfffd0505, 0xfffd0505, 0xfffd0505, 0xfffd0505, 0xfffd0505, 0xfffd0505,
	0xfffd0505, 0xfffd0505, 0xfffd0505, 0xfffd0505, 0xfffd0505, 0xfffd0505, 0xfffd0505, 0xfffd0505,
	0xc0, 0xc0, 0xc0, 0xc0, 0xc0, 0xc0, 0xc0, 0xc0,
	0xc0, 0xc0, 0xc0, 0xc0, 0xc0, 0xc0, 0xc0, 0xc0,
	0xc0, 0xc0, 0xc0, 0xc0, 0xc0, 0xc0, 0xc0, 0xc0,
	0xc0, 0xc0, 0xc0, 0xc0, 0xc0, 0xc0, 0xc0, 0xc0,
	0xc0, 0xc0, 0xc0, 0xc0, 0xc0, 0xc0, 0xc0, 0xc0,
	0xc0, 0xc0, 0xc0, 0xc0, 0xc0, 0xc0, 0xc0, 0xc0,
	0xc0, 0xc0, 0xc0, 0xc0, 0xc0, 0xc0, 0xc0, 0xc0,
	0xc0, 0xc0, 0xc0, 0xc0, 0xc0, 0xc0, 0xc0, 0xc0,
	0x2b9c8ac4, 0x2b9c88c4, 0x2b9c8ec4, 0x2b9c9ac4, 0x2b9c96c4, 0x2b9c92c4, 0x422c5, 0x2f9ca0c4,
	0x339c8ac4, 0x339c88c4, 0x339c8ec4, 0x339c96c4, 0x3b9c8ac4, 0x3b9c88c4, 0x3b9c8ec4, 0x3b9c96c4,
	0x310070a0, 0x459c9ac4, 0x479c8ac4, 0x479c88c4, 0x479c8ec4, 0x479c9ac4, 0x479c96c4, 0xc830505,
	0x479c9ec4, 0x539c8ac4, 0x539c88c4, 0x539c8ec4, 0x539c96c4, 0x5b9c88c4, 0x5e2805a0, 0x462c5,
	0x2b058ac4, 0x2b0588c4, 0x2b058ec4, 0x2b059ac4, 0x2b0596c4, 0x2b0592c4, 0x4a2c5, 0x2f05a0c4,
	0x33058ac4, 0x330588c4, 0x33058ec4, 0x330596c4, 0x3b058ac4, 0x3b0588c4, 0x3b058ec4, 0x3b0596c4,
	0x31007005, 0x45059ac4, 0x47058ac4, 0x470588c4, 0x47058ec4, 0x47059ac4, 0x470596c4, 0xc810505,
	0x47059ec4, 0x53058ac4, 0x530588c4, 0x53058ec4, 0x530596c4, 0x5b0588c4, 0x5e280505, 0x5b0596c4,
	0x1cd, 0x1cd, 0x1cd, 0x1cd, 0x1cd, 0x1cd, 0x1cd, 0x1cd,
	0x1cd, 0x1cd, 0x1cd, 0x1cd, 0x1cd, 0x1cd, 0x1cd, 0x1cd,
	0x1cd, 0x1cd, 0x1cd, 0x1cd, 0x1cd, 0x1cd, 0x1cd, 0x1cd,
	0x1cd, 0x1cd, 0x1cd, 0x1cd, 0x1cd, 0x1cd, 0x1cd, 0x1cd,
	0x1cc, 0x1cc, 0x1cc, 0x1cc, 0xc0, 0xc0, 0xc0, 0xc0,
	0xc0, 0xc0, 0xc0, 0xc0, 0xc0, 0xc0, 0xc0, 0xc0,
	0xc0, 0xc0, 0xc0, 0xc0, 0xc0, 0xc0, 0xc0, 0xc0,
	0xc0, 0xc0, 0xc0, 0xc0, 0xc0, 0xc0, 0xc0, 0xc0,
	0x1cc, 0x1cc, 0x1cc, 0x1cc, 0x1cc, 0x1cc, 0x1cc, 0x1cc,
	0x1cc, 0x1cc, 0x1cc, 0x1cc, 0x1cc, 0x1cc, 0x1cc, 0x1cc,
	0x1cc, 0x1cc, 0x1cc, 0x1cc, 0x1cc, 0x1cc, 0x1cc, 0x1cc,
	0x1cc, 0x1cc, 0x1cc, 0x1cc, 0x1cc, 0x1cc, 0x1cc, 0x1cc,
	0xc0, 0xc0, 0xc0, 0xc0
};

static constexpr int32_t s_coll_uzTrieIndexLength = 2112;
static constexpr int32_t s_coll_uzTrieDataLength = 420;
static constexpr char32_t s_coll_uzTrieHighStart = 0xe000;
static constexpr int32_t s_coll_uzTrieHighValueIndex = 416;

static constexpr uint32_t s_coll_uzCe32s[49] = {
	0x0, 0x5e1905c1, 0x8e05, 0x5e1905c1, 0x9005, 0x5e1905c1, 0x9c05, 0x5e1905c1,
	0xc405, 0x5e1905c1, 0x9605, 0x5e1905c1, 0xa005, 0x5e1905c1, 0xce05, 0x5e1905c1,
	0xd205, 0x5e1904c1, 0x8e05, 0x5e1904c1, 0x9005, 0x5e1904c1, 0x9c05, 0x5e1904c1,
	0xc405, 0x5e1904c1, 0x9605, 0x5e1904c1, 0xa005, 0x5e1904c1, 0xce05, 0x5e1904c1,
	0xd205, 0x2b0070a0, 0x330005a2, 0x4f007005, 0x4f000513, 0x2b007005, 0x33000513, 0x12000505,
	0x14000505, 0x16000505, 0x18000505, 0x1a000505, 0x1c000505, 0x1e000505, 0x20000505, 0x22000505,
	0x24000505
};

static constexpr int64_t s_coll_uzCes[66] = {
	int64_t(0x5e19050005008700ULL), int64_t(0x5e19050005004600ULL), int64_t(0x5e19050005008700ULL), int64_t(0x8e000500ULL), int64_t(0x5e19050005004600ULL),
	int64_t(0x8e000500ULL), int64_t(0x5e19050005008700ULL), int64_t(0x90000500ULL), int64_t(0x5e19050005004600ULL), int64_t(0x90000500ULL),
	int64_t(0x5e19050005008700ULL), int64_t(0x9c000500ULL), int64_t(0x5e19050005004600ULL), int64_t(0x9c000500ULL), int64_t(0x5e19050005008700ULL),
	int64_t(0xc4000500ULL), int64_t(0x5e19050005004600ULL), int64_t(0xc4000500ULL), int64_t(0x5e19050005008700ULL), int64_t(0x96000500ULL),
	int64_t(0x5e19050005004600ULL), int64_t(0x96000500ULL), int64_t(0x5e19050005008700ULL), int64_t(0xa0000500ULL), int64_t(0x5e19050005004600ULL),
	int64_t(0xa0000500ULL), int64_t(0x5e19050005008700ULL), int64_t(0xce000500ULL), int64_t(0x5e19050005004600ULL), int64_t(0xce000500ULL),
	int64_t(0x5e19050005004600ULL), int64_t(0xd2000500ULL), int64_t(0x5e19030005004600ULL), int64_t(0x5e19020005004600ULL), int64_t(0x5e19040005008700ULL),
	int64_t(0x5e19040005004600ULL), int64_t(0x5e19040005008700ULL), int64_t(0x8e000500ULL), int64_t(0x5e19040005004600ULL), int64_t(0x8e000500ULL),
	int64_t(0x5e19040005008700ULL), int64_t(0x90000500ULL), int64_t(0x5e19040005004600ULL), int64_t(0x90000500ULL), int64_t(0x5e19040005008700ULL),
	int64_t(0x9c000500ULL), int64_t(0x5e19040005004600ULL), int64_t(0x9c000500ULL), int64_t(0x5e19040005008700ULL), int64_t(0xc4000500ULL),
	int64_t(0x5e19040005004600ULL), int64_t(0xc4000500ULL), int64_t(0x5e19040005008700ULL), int64_t(0x96000500ULL), int64_t(0x5e19040005004600ULL),
	int64_t(0x96000500ULL), int64_t(0x5e19040005008700ULL), int64_t(0xa0000500ULL), int64_t(0x5e19040005004600ULL), int64_t(0xa0000500ULL),
	int64_t(0x5e19040005008700ULL), int64_t(0xce000500ULL), int64_t(0x5e19040005004600ULL), int64_t(0xce000500ULL), int64_t(0x5e19040005004600ULL),
	int64_t(0xd2000500ULL)
};

static constexpr char16_t s_coll_uzContexts[237] = {
	0x2f00, 0x59c, 0x10, 0x1e24, 0x1d, 0x1e28, 0xf, 0x1e28, 0xc002, 0xc2c6, 0x1e29, 0xc003,
	0x2c6, 0x1e2a, 0xc003, 0x42c6, 0x1e2b, 0xc003, 0x82c6, 0x1e96, 0xc003, 0xc2c6, 0x1e24, 0xc001,
	0xc2c6, 0x1e25, 0xc002, 0x2c6, 0x1e26, 0xc002, 0x42c6, 0x1e27, 0xc002, 0x82c6, 0x21e, 0xc,
	0x21e, 0xc000, 0xc2c6, 0x21f, 0xc001, 0x2c6, 0x1e22, 0xc001, 0x42c6, 0x1e23, 0xc001, 0x82c6,
	0x48, 0x81c6, 0x68, 0xa1c6, 0x124, 0xc000, 0x42c6, 0x125, 0xc000, 0x82c6, 0x3700, 0x59c,
	0x2, 0x27, 0xc004, 0x1c6, 0x2bb, 0xc004, 0x1c6, 0x2018, 0xc004, 0x1c6, 0x4700, 0x59c,
	0x2, 0x27, 0xc004, 0x21c6, 0x2bb, 0xc004, 0x21c6, 0x2018, 0xc004, 0x21c6, 0x4f00, 0x59c,
	0x10, 0x1e24, 0x1d, 0x1e28, 0xf, 0x1e28, 0xc007, 0x2c6, 0x1e29, 0xc007, 0x42c6, 0x1e2a,
	0xc007, 0x82c6, 0x1e2b, 0xc007, 0xc2c6, 0x1e96, 0xc008, 0x2c6, 0x1e24, 0xc006, 0x2c6, 0x1e25,
	0xc006, 0x42c6, 0x1e26, 0xc006, 0x82c6, 0x1e27, 0xc006, 0xc2c6, 0x21e, 0xc, 0x21e, 0xc005,
	0x2c6, 0x21f, 0xc005, 0x42c6, 0x1e22, 0xc005, 0x82c6, 0x1e23, 0xc005, 0xc2c6, 0x48, 0xc004,
	0x41c6, 0x68, 0xc004, 0x61c6, 0x124, 0xc004, 0x82c6, 0x125, 0xc004, 0xc2c6, 0x2f00, 0x505,
	0x8, 0x1e25, 0xf, 0x1e25, 0xc000, 0xe2c5, 0x1e27, 0xc001, 0x22c5, 0x1e29, 0xc001, 0x62c5,
	0x1e2b, 0xc001, 0xa2c5, 0x1e96, 0xc001, 0xe2c5, 0x68, 0xffff, 0x5e19, 0x5c1, 0x125, 0xa2c5,
	0x21f, 0xc000, 0x62c5, 0x1e23, 0xc000, 0xa2c5, 0x3700, 0x505, 0x2, 0x27, 0xffff, 0x5e19,
	0x3c1, 0x2bb, 0xffff, 0x5e19, 0x3c1, 0x2018, 0xffff, 0x5e19, 0x3c1, 0x4700, 0x505, 0x2,
	0x27, 0xffff, 0x5e19, 0x2c1, 0x2bb, 0xffff, 0x5e19, 0x2c1, 0x2018, 0xffff, 0x5e19, 0x2c1,
	0x4f00, 0x505, 0x8, 0x1e25, 0xf, 0x1e25, 0xc002, 0xe2c5, 0x1e27, 0xc003, 0x22c5, 0x1e29,
	0xc003, 0x62c5, 0x1e2b, 0xc003, 0xa2c5, 0x1e96, 0xc003, 0xe2c5, 0x68, 0xffff, 0x5e19, 0x4c1,
	0x125, 0xc002, 0x22c5, 0x21f, 0xc002, 0x62c5, 0x1e23, 0xc002, 0xa2c5
};

static constexpr uint16_t s_coll_uzFastLatin[536] = {
	0x205, 0xc40, 0xde0, 0xe80, 0xea8, 0x418, 0x0, 0x0, 0x0, 0x0, 0x0, 0x0,
	0x0, 0x0, 0xc00, 0xc08, 0xc10, 0xc18, 0xc20, 0x0, 0x0, 0x0, 0x0, 0x0,
	0x0, 0x0, 0x0, 0x0, 0x0, 0x0, 0x0, 0x0, 0x0, 0x0, 0x0, 0x0,
	0x0, 0xc40, 0xca8, 0xcf0, 0xd78, 0xe98, 0xd80, 0xd70, 0xcd8, 0xd08, 0xd10, 0xd58,
	0xe30, 0xc90, 0xc60, 0xcd0, 0xd60, 0x10a8, 0x14a8, 0x18a8, 0x1ca8, 0x20a8, 0x24a8, 0x28a8,
	0x2ca8, 0x30a8, 0x34a8, 0xca0, 0xc98, 0xe50, 0xe58, 0xe60, 0xcb8, 0xd50, 0x38b9, 0x3cb9,
	0x41a, 0x44b9, 0x48ba, 0x4cb9, 0x424, 0x54b9, 0x58ba, 0x60ba, 0x64b9, 0x68b9, 0x6cb9, 0x70ba,
	0x42a, 0x7cb9, 0x80b9, 0x88b9, 0x430, 0x90b9, 0x98b9, 0x9cb9, 0xa0b9, 0xa4b9, 0xa8b9, 0xacb9,
	0xd18, 0xd68, 0xd20, 0xdf8, 0xc50, 0xde8, 0x38a8, 0x3ca8, 0x43a, 0x44a8, 0x48a8, 0x4ca8,
	0x440, 0x54a8, 0x58a8, 0x60a8, 0x64a8, 0x68a8, 0x6ca8, 0x70a8, 0x446, 0x7ca8, 0x80a8, 0x88a8,
	0x44c, 0x90a8, 0x98a8, 0x9ca8, 0xa0a8, 0xa4a8, 0xa8a8, 0xaca8, 0xd28, 0xe70, 0xd30, 0xe80,
	0x0, 0x0, 0x0, 0x0, 0x0, 0x0, 0xc28, 0x0, 0x0, 0x0, 0x0, 0x0,
	0x0, 0x0, 0x0, 0x0, 0x0, 0x0, 0x0, 0x0, 0x0, 0x0, 0x0, 0x0,
	0x0, 0x0, 0x0, 0x0, 0x0, 0x0, 0x0, 0x0, 0x0, 0xc42, 0xcb0, 0xe90,
	0xea0, 0xe88, 0xea8, 0xe78, 0xd40, 0xe08, 0xe20, 0x38aa, 0xcf8, 0xe68, 0x0, 0xe28,
	0xe00, 0xe18, 0xe38, 0x18a9, 0x1ca9, 0xdf0, 0x1, 0xd48, 0x1, 0xe10, 0x14a9, 0x78aa,
	0xd00, 0x1, 0x1, 0x1, 0xcc0, 0x39b9, 0x3999, 0x39f9, 0x3a99, 0x3a59, 0x3a39, 0x800,
	0x42f9, 0x49ba, 0x499a, 0x49fa, 0x4a5a, 0x59ba, 0x599a, 0x59fa, 0x5a5a, 0x44d9, 0x729a, 0x79b9,
	0x7999, 0x79f9, 0x7a99, 0x7a59, 0xe48, 0x7ad9, 0x99b9, 0x9999, 0x99f9, 0x9a59, 0xa999, 0xc0b9,
	0x802, 0x39a8, 0x3988, 0x39e8, 0x3a88, 0x3a48, 0x3a28, 0x804, 0x42e8, 0x49a8, 0x4988, 0x49e8,
	0x4a48, 0x59a8, 0x5988, 0x59e8, 0x5a48, 0x44c8, 0x7288, 0x79a8, 0x7988, 0x79e8, 0x7a88, 0x7a48,
	0xe40, 0x7ac8, 0x99a8, 0x9988, 0x99e8, 0x9a48, 0xa988, 0xc0a8, 0xaa48, 0x3b39, 0x3b28, 0x39d9,
	0x39c8, 0x3b19, 0x3b08, 0x4199, 0x4188, 0x41f9, 0x41e8, 0x42b9, 0x42a8, 0x4219, 0x4208, 0x4619,
	0x4608, 0x4759, 0x4748, 0x4b3a, 0x4b28, 0x49da, 0x49c8, 0x4aba, 0x4aa8, 0x4b1a, 0x4b08, 0x4a1a,
	0x4a08, 0x51f9, 0x51e8, 0x51d9, 0x51c8, 0x52b9, 0x52a8, 0x52f9, 0x52e8, 0x55f9, 0x55e8, 0x5759,
	0x5748, 0x5a9a, 0x5a88, 0x5b3a, 0x5b28, 0x59da, 0x59c8, 0x5b1a, 0x5b08, 0x5aba, 0x5ca8, 0x806,
	0x808, 0x61fa, 0x61e8, 0x66f9, 0x66e8, 0x84a8, 0x6999, 0x6988, 0x6af9, 0x6ae8, 0x6a19, 0x6a08,
	0x6b79, 0x6b68, 0x6b59, 0x6b48, 0x719a, 0x7188, 0x72fa, 0x72e8, 0x721a, 0x7208, 0x80a, 0x74b9,
	0x74a8, 0x7b39, 0x7b28, 0x79d9, 0x79c8, 0x7a79, 0x7a68, 0x80c, 0x80e, 0x8999, 0x8988, 0x8af9,
	0x8ae8, 0x8a19, 0x8a08, 0x8d9a, 0x8d88, 0x8dfa, 0x8de8, 0x8efa, 0x8ee8, 0x8e1a, 0x8e08, 0x92f9,
	0x92e8, 0x9219, 0x9208, 0x94b9, 0x94a8, 0x9a99, 0x9a88, 0x9b39, 0x9b28, 0x99d9, 0x99c8, 0x9a39,
	0x9a28, 0x9a79, 0x9a68, 0x9b19, 0x9b08, 0xa1f9, 0xa1e8, 0xa9f9, 0xa9e8, 0xaa59, 0xad99, 0xad88,
	0xaeb9, 0xaea8, 0xae19, 0xae08, 0x8ce8, 0xc41, 0xc41, 0xc41, 0xc41, 0xc41, 0xc41, 0xc41,
	0xc42, 0xc41, 0xc41, 0xc41, 0x0, 0x0, 0x0, 0x0, 0x0, 0xc68, 0xc69, 0xc70,
	0xc78, 0xc80, 0xc88, 0xd38, 0xc58, 0x1, 0x1, 0x1, 0x1, 0x1, 0x1, 0x1,
	0x1, 0xd98, 0xda0, 0xda8, 0xdb0, 0xcd1, 0x810, 0x1, 0xdb8, 0xc30, 0xc38, 0x0,
	0x0, 0x0, 0x0, 0x0, 0xc42, 0xd88, 0xd90, 0xdc0, 0x812, 0x1, 0xdc8, 0x814,
	0x1, 0xdd0, 0xce0, 0xce8, 0xdd8, 0x816, 0xcc8, 0xc48, 0xde0, 0x38d9, 0x48bb, 0x8cc8,
	0x8ca9, 0x38c8, 0x48a9, 0x58bb, 0x60bb, 0x58a9, 0x60a9, 0xc4a9, 0x70a9, 0x78d9, 0x48bb, 0x78c8,
	0x48a9, 0xcd1, 0xcd1, 0xdc1, 0xdc1, 0xdc9, 0xdc9, 0xca9, 0xca9, 0x5ff, 0x0, 0x5ff,
	0x40b9, 0x448, 0xbcba, 0x468, 0xbcb1, 0x524, 0xbdfa, 0x525, 0xbdf1, 0x5ff, 0x50b9, 0x427,
	0xb4b1, 0x598, 0xb4b1, 0x5ff, 0x78b9, 0x427, 0xb0b1, 0x598, 0xb0b1, 0x5ff, 0x8cba, 0x448,
	0xb8ba, 0x468, 0xb8b1, 0x524, 0xb9fa, 0x525, 0xb9f1, 0x5ff, 0x40a8, 0x468, 0xbca8, 0x525,
	0xbde8, 0x5ff, 0x50a8, 0x427, 0xb4a8, 0x598, 0xb4a8, 0x5ff, 0x78a8, 0x427, 0xb0a8, 0x598,
	0xb0a8, 0x5ff, 0x8ca8, 0x468, 0xb8a8, 0x525, 0xb9e8, 0x1ff
};

static constexpr uint16_t s_coll_uzFastLatinPrimaries[384] = {
	0x0, 0x0, 0x0, 0x0, 0x0, 0x0, 0x0, 0x0, 0x0, 0xc00, 0xc08, 0xc10,
	0xc18, 0xc20, 0x0, 0x0, 0x0, 0x0, 0x0, 0x0, 0x0, 0x0, 0x0, 0x0,
	0x0, 0x0, 0x0, 0x0, 0x0, 0x0, 0x0, 0x0, 0xc40, 0xca8, 0xcf0, 0xd78,
	0xe98, 0xd80, 0xd70, 0xcd8, 0xd08, 0xd10, 0xd58, 0xe30, 0xc90, 0xc60, 0xcd0, 0xd60,
	0x1000, 0x1400, 0x1800, 0x1c00, 0x2000, 0x2400, 0x2800, 0x2c00, 0x3000, 0x3400, 0xca0, 0xc98,
	0xe50, 0xe58, 0xe60, 0xcb8, 0xd50, 0x3800, 0x3c00, 0x0, 0x4400, 0x4800, 0x4c00, 0x0,
	0x5400, 0x5800, 0x6000, 0x6400, 0x6800, 0x6c00, 0x7000, 0x0, 0x7c00, 0x8000, 0x8800, 0x0,
	0x9000, 0x9800, 0x9c00, 0xa000, 0xa400, 0xa800, 0xac00, 0xd18, 0xd68, 0xd20, 0xdf8, 0xc50,
	0xde8, 0x3800, 0x3c00, 0x0, 0x4400, 0x4800, 0x4c00, 0x0, 0x5400, 0x5800, 0x6000, 0x6400,
	0x6800, 0x6c00, 0x7000, 0x0, 0x7c00, 0x8000, 0x8800, 0x0, 0x9000, 0x9800, 0x9c00, 0xa000,
	0xa400, 0xa800, 0xac00, 0xd28, 0xe70, 0xd30, 0xe80, 0x0, 0x0, 0x0, 0x0, 0x0,
	0x0, 0xc28, 0x0, 0x0, 0x0, 0x0, 0x0, 0x0, 0x0, 0x0, 0x0, 0x0,
	0x0, 0x0, 0x0, 0x0, 0x0, 0x0, 0x0, 0x0, 0x0, 0x0, 0x0, 0x0,
	0x0, 0x0, 0x0, 0x0, 0xc40, 0xcb0, 0xe90, 0xea0, 0xe88, 0xea8, 0xe78, 0xd40,
	0xe08, 0xe20, 0x3800, 0xcf8, 0xe68, 0x0, 0xe28, 0xe00, 0xe18, 0xe38, 0x1800, 0x1c00,
	0xdf0, 0x0, 0xd48, 0x0, 0xe10, 0x1400, 0x7800, 0xd00, 0x0, 0x0, 0x0, 0xcc0,
	0x3800, 0x3800, 0x3800, 0x3800, 0x3800, 0x3800, 0x0, 0x4000, 0x4800, 0x4800, 0x4800, 0x4800,
	0x5800, 0x5800, 0x5800, 0x5800, 0x4400, 0x7000, 0x7800, 0x7800, 0x7800, 0x7800, 0x7800, 0xe48,
	0x7800, 0x9800, 0x9800, 0x9800, 0x9800, 0xa800, 0xc000, 0x0, 0x3800, 0x3800, 0x3800, 0x3800,
	0x3800, 0x3800, 0x0, 0x4000, 0x4800, 0x4800, 0x4800, 0x4800, 0x5800, 0x5800, 0x5800, 0x5800,
	0x4400, 0x7000, 0x7800, 0x7800, 0x7800, 0x7800, 0x7800, 0xe40, 0x7800, 0x9800, 0x9800, 0x9800,
	0x9800, 0xa800, 0xc000, 0xa800, 0x3800, 0x3800, 0x3800, 0x3800, 0x3800, 0x3800, 0x4000, 0x4000,
	0x4000, 0x4000, 0x4000, 0x4000, 0x4000, 0x4000, 0x4400, 0x4400, 0x4400, 0x4400, 0x4800, 0x4800,
	0x4800, 0x4800, 0x4800, 0x4800, 0x4800, 0x4800, 0x4800, 0x4800, 0x5000, 0x5000, 0x5000, 0x5000,
	0x5000, 0x5000, 0x5000, 0x5000, 0x5400, 0x5400, 0x5400, 0x5400, 0x5800, 0x5800, 0x5800, 0x5800,
	0x5800, 0x5800, 0x5800, 0x5800, 0x5800, 0x5c00, 0x0, 0x0, 0x6000, 0x6000, 0x6400, 0x6400,
	0x8400, 0x6800, 0x6800, 0x6800, 0x6800, 0x6800, 0x6800, 0x6800, 0x6800, 0x6800, 0x6800, 0x7000,
	0x7000, 0x7000, 0x7000, 0x7000, 0x7000, 0x0, 0x7400, 0x7400, 0x7800, 0x7800, 0x7800, 0x7800,
	0x7800, 0x7800, 0x0, 0x0, 0x8800, 0x8800, 0x8800, 0x8800, 0x8800, 0x8800, 0x8c00, 0x8c00,
	0x8c00, 0x8c00, 0x8c00, 0x8c00, 0x8c00, 0x8c00, 0x9000, 0x9000, 0x9000, 0x9000, 0x9400, 0x9400,
	0x9800, 0x9800, 0x9800, 0x9800, 0x9800, 0x9800, 0x9800, 0x9800, 0x9800, 0x9800, 0x9800, 0x9800,
	0xa000, 0xa000, 0xa800, 0xa800, 0xa800, 0xac00, 0xac00, 0xac00, 0xac00, 0xac00, 0xac00, 0x8c00
};

static constexpr int32_t s_coll_uzFastLatinMiniVarTop = 0xbff;

static constexpr uint32_t s_coll_uzNumericPrimary = 0x10000000;
static constexpr int32_t s_coll_uzOptions = 0x2010;
static constexpr int32_t s_coll_uzJamoCe32sStart = -1;

static constexpr uint32_t s_coll_uzUnsafeBwd[860] = {
	0x27, 0x28, 0x34, 0x35, 0x48, 0x49, 0x4c, 0x4d, 0x68, 0x69, 0xa0, 0xa1,
	0x124, 0x126, 0x21e, 0x220, 0x2bb, 0x2bc, 0x300, 0x34f, 0x350, 0x370, 0x3a9, 0x3aa,
	0x3e2, 0x3e3, 0x42f, 0x430, 0x483, 0x488, 0x531, 0x532, 0x591, 0x5be, 0x5bf, 0x5c0,
	0x5c1, 0x5c3, 0x5c4, 0x5c6, 0x5c7, 0x5c8, 0x5d0, 0x5d1, 0x610, 0x61b, 0x628, 0x629,
	0x64b, 0x660, 0x670, 0x671, 0x6d6, 0x6dd, 0x6df, 0x6e5, 0x6e7, 0x6e9, 0x6ea, 0x6ee,
	0x710, 0x712, 0x730, 0x74b, 0x78c, 0x78d, 0x7ca, 0x7cb, 0x7eb, 0x7f4, 0x7fd, 0x7fe,
	0x800, 0x801, 0x816, 0x81a, 0x81b, 0x824, 0x825, 0x828, 0x829, 0x82e, 0x840, 0x841,
	0x859, 0x85c, 0x897, 0x8a0, 0x8ca, 0x8e2, 0x8e3, 0x900, 0x905, 0x906, 0x93c, 0x93d,
	0x94d, 0x94e, 0x951, 0x955, 0x995, 0x996, 0x9bc, 0x9bd, 0x9be, 0x9bf, 0x9cd, 0x9ce,
	0x9d7, 0x9d8, 0x9fe, 0x9ff, 0xa15, 0xa16, 0xa3c, 0xa3d, 0xa4d, 0xa4e, 0xa95, 0xa96,
	0xabc, 0xabd, 0xacd, 0xace, 0xb15, 0xb16, 0xb3c, 0xb3d, 0xb3e, 0xb3f, 0xb4d, 0xb4e,
	0xb56, 0xb58, 0xb95, 0xb96, 0xbbe, 0xbbf, 0xbcd, 0xbce, 0xbd7, 0xbd8, 0xc15, 0xc16,
	0xc3c, 0xc3d, 0xc4d, 0xc4e, 0xc55, 0xc57, 0xc95, 0xc96, 0xcbc, 0xcbd, 0xcc2, 0xcc3,
	0xccd, 0xcce, 0xcd5, 0xcd7, 0xd15, 0xd16, 0xd3b, 0xd3d, 0xd3e, 0xd3f, 0xd4d, 0xd4e,
	0xd57, 0xd58, 0xd85, 0xd86, 0xdca, 0xdcb, 0xdcf, 0xdd0, 0xddf, 0xde0, 0xe01, 0xe2f,
	0xe32, 0xe33, 0xe38, 0xe3b, 0xe48, 0xe4c, 0xe81, 0xe83, 0xe84, 0xe85, 0xe86, 0xe8b,
	0xe8c, 0xea4, 0xea5, 0xea6, 0xea7, 0xeaf, 0xeb2, 0xeb3, 0xeb8, 0xebb, 0xec8, 0xecc,
	0xedc, 0xee0, 0xf18, 0xf1a, 0xf35, 0xf36, 0xf37, 0xf38, 0xf39, 0xf3a, 0xf40, 0xf41,
	0xf71, 0xf76, 0xf7a, 0xf7e, 0xf80, 0xf85, 0xf86, 0xf88, 0xfc6, 0xfc7, 0x1000, 0x1001,
	0x102e, 0x102f, 0x1037, 0x1038, 0x1039, 0x103b, 0x108d, 0x108e, 0x10d3, 0x10d4, 0x12a0, 0x12a1,
	0x135d, 0x1360, 0x13c4, 0x13c5, 0x14c0, 0x14c1, 0x168f, 0x1690, 0x16a0, 0x16a1, 0x1703, 0x1704,
	0x1714, 0x1716, 0x1723, 0x1724, 0x1734, 0x1735, 0x1743, 0x1744, 0x1763, 0x1764, 0x1780, 0x1781,
	0x17d2, 0x17d3, 0x17dd, 0x17de, 0x1826, 0x1827, 0x18a9, 0x18aa, 0x1900, 0x1901, 0x1939, 0x193c,
	0x1950, 0x1951, 0x1980, 0x19ac, 0x1a00, 0x1a01, 0x1a17, 0x1a19, 0x1a20, 0x1a21, 0x1a60, 0x1a61,
	0x1a75, 0x1a7d, 0x1a7f, 0x1a80, 0x1ab0, 0x1abe, 0x1abf, 0x1ade, 0x1ae0, 0x1aec, 0x1b05, 0x1b06,
	0x1b34, 0x1b36, 0x1b44, 0x1b45, 0x1b6b, 0x1b74, 0x1b83, 0x1b84, 0x1baa, 0x1bac, 0x1bc0, 0x1bc1,
	0x1be6, 0x1be7, 0x1bf2, 0x1bf4, 0x1c00, 0x1c01, 0x1c37, 0x1c38, 0x1c5a, 0x1c5b, 0x1cd0, 0x1cd3,
	0x1cd4, 0x1ce1, 0x1ce2, 0x1ce9, 0x1ced, 0x1cee, 0x1cf4, 0x1cf5, 0x1cf8, 0x1cfa, 0x1dc0, 0x1e00,
	0x1e22, 0x1e2c, 0x1e96, 0x1e97, 0x2018, 0x2019, 0x201c, 0x201d, 0x20ac, 0x20ad, 0x20d0, 0x20dd,
	0x20e1, 0x20e2, 0x20e5, 0x20f1, 0x263a, 0x263b, 0x2c00, 0x2c01, 0x2cef, 0x2cf2, 0x2d30, 0x2d31,
	0x2d7f, 0x2d80, 0x2de0, 0x2e00, 0x302a, 0x3030, 0x304b, 0x304c, 0x3099, 0x309b, 0x30ab, 0x30ac,
	0x3105, 0x3106, 0x5b57, 0x5b58, 0xa288, 0xa289, 0xa4d0, 0xa4d1, 0xa549, 0xa54a, 0xa66f, 0xa670,
	0xa674, 0xa67e, 0xa69e, 0xa6a1, 0xa6f0, 0xa6f2, 0xa800, 0xa801, 0xa806, 0xa807, 0xa82c, 0xa82d,
	0xa840, 0xa841, 0xa882, 0xa883, 0xa8c4, 0xa8c5, 0xa8e0, 0xa8f2, 0xa90a, 0xa90b, 0xa92b, 0xa92e,
	0xa930, 0xa931, 0xa953, 0xa954, 0xa984, 0xa985, 0xa9b3, 0xa9b4, 0xa9c0, 0xa9c1, 0xaa00, 0xaa01,
	0xaa80, 0xaab1, 0xaab2, 0xaab5, 0xaab7, 0xaab9, 0xaabe, 0xaac0, 0xaac1, 0xaac2, 0xaaf6, 0xaaf7,
	0xabc0, 0xabc1, 0xabed, 0xabee, 0xac00, 0xac01, 0xd800, 0xd809, 0xd80b, 0xd80d, 0xd811, 0xd812,
	0xd818, 0xd819, 0xd81a, 0xd81c, 0xd820, 0xd821, 0xd823, 0xd824, 0xd82c, 0xd82d, 0xd82f, 0xd830,
	0xd834, 0xd835, 0xd838, 0xd83b, 0xdc00, 0xe000, 0xfb1e, 0xfb1f, 0xfdd0, 0xfdd1, 0xfe20, 0xfe30,
	0x10000, 0x10001, 0x101fd, 0x101fe, 0x10280, 0x10281, 0x102a0, 0x102a1, 0x102e0, 0x102e1, 0x10300, 0x10301,
	0x10330, 0x10331, 0x1036b, 0x1036c, 0x10376, 0x1037b, 0x10380, 0x10381, 0x103a0, 0x103a1, 0x10414, 0x10415,
	0x10450, 0x10451, 0x10480, 0x10481, 0x104b5, 0x104b6, 0x10500, 0x10501, 0x10537, 0x10538, 0x10582, 0x10583,
	0x105c2, 0x105c3, 0x10647, 0x10648, 0x10800, 0x10801, 0x10840, 0x10841, 0x10873, 0x10874, 0x10896, 0x10897,
	0x108f4, 0x108f5, 0x10900, 0x10901, 0x10920, 0x10921, 0x10950, 0x10951, 0x10980, 0x10981, 0x109a0, 0x109a1,
	0x10a00, 0x10a01, 0x10a0d, 0x10a0e, 0x10a0f, 0x10a10, 0x10a38, 0x10a3b, 0x10a3f, 0x10a40, 0x10a60, 0x10a61,
	0x10a95, 0x10a96, 0x10ad8, 0x10ad9, 0x10ae5, 0x10ae7, 0x10b00, 0x10b01, 0x10b40, 0x10b41, 0x10b60, 0x10b61,
	0x10b8f, 0x10b90, 0x10c00, 0x10c01, 0x10ca1, 0x10ca2, 0x10d12, 0x10d13, 0x10d24, 0x10d28, 0x10d5d, 0x10d5e,
	0x10d69, 0x10d6e, 0x10e88, 0x10e89, 0x10eab, 0x10ead, 0x10efa, 0x10efc, 0x10efd, 0x10f00, 0x10f19, 0x10f1a,
	0x10f42, 0x10f43, 0x10f46, 0x10f51, 0x10f7c, 0x10f7d, 0x10f82, 0x10f86, 0x10fbf, 0x10fc0, 0x10ff1, 0x10ff2,
	0x11005, 0x11006, 0x11046, 0x11047, 0x11070, 0x11071, 0x1107f, 0x11080, 0x11083, 0x11084, 0x110b9, 0x110bb,
	0x110d0, 0x110d1, 0x11100, 0x11104, 0x11127, 0x11128, 0x11133, 0x11135, 0x11152, 0x11153, 0x11173, 0x11174,
	0x11183, 0x11184, 0x111c0, 0x111c1, 0x111ca, 0x111cb, 0x11208, 0x11209, 0x11235, 0x11237, 0x1128f, 0x11290,
	0x112be, 0x112bf, 0x112e9, 0x112eb, 0x11315, 0x11316, 0x1133b, 0x1133d, 0x1133e, 0x1133f, 0x1134d, 0x1134e,
	0x11357, 0x11358, 0x11366, 0x1136d, 0x11370, 0x11375, 0x11392, 0x11393, 0x113b8, 0x113b9, 0x113bb, 0x113bc,
	0x113c2, 0x113c3, 0x113c9, 0x113ca, 0x113ce, 0x113d1, 0x11412, 0x11413, 0x11442, 0x11443, 0x11446, 0x11447,
	0x1145e, 0x1145f, 0x11484, 0x11485, 0x114b0, 0x114b1, 0x114ba, 0x114bb, 0x114bd, 0x114be, 0x114c2, 0x114c4,
	0x1158e, 0x1158f, 0x115af, 0x115b0, 0x115bf, 0x115c1, 0x1160e, 0x1160f, 0x1163f, 0x11640, 0x11680, 0x11681,
	0x116b6, 0x116b8, 0x11717, 0x11718, 0x1172b, 0x1172c, 0x1180b, 0x1180c, 0x11839, 0x1183b, 0x118b4, 0x118b5,
	0x1190c, 0x1190d, 0x11930, 0x11931, 0x1193d, 0x1193f, 0x11943, 0x11944, 0x119ce, 0x119cf, 0x119e0, 0x119e1,
	0x11a0b, 0x11a0c, 0x11a34, 0x11a35, 0x11a47, 0x11a48, 0x11a5c, 0x11a5d, 0x11a99, 0x11a9a, 0x11ac0, 0x11ac1,
	0x11bc4, 0x11bc5, 0x11c0e, 0x11c0f, 0x11c3f, 0x11c40, 0x11c72, 0x11c73, 0x11d10, 0x11d11, 0x11d42, 0x11d43,
	0x11d44, 0x11d46, 0x11d71, 0x11d72, 0x11d97, 0x11d98, 0x11dc6, 0x11dc7, 0x11ee5, 0x11ee6, 0x11f1b, 0x11f1c,
	0x11f41, 0x11f43, 0x12000, 0x12001, 0x12fe5, 0x12fe6, 0x13153, 0x13154, 0x14400, 0x14401, 0x1611c, 0x1611d,
	0x1611e, 0x16121, 0x16123, 0x16126, 0x16129, 0x1612a, 0x1612f, 0x16130, 0x16a4f, 0x16a50, 0x16abc, 0x16abd,
	0x16ae6, 0x16ae7, 0x16af0, 0x16af5, 0x16b1c, 0x16b1d, 0x16b30, 0x16b37, 0x16d45, 0x16d46, 0x16d67, 0x16d69,
	0x16e40, 0x16e41, 0x16ea1, 0x16ea2, 0x16f00, 0x16f01, 0x16ff0, 0x16ff2, 0x18229, 0x1822a, 0x18c65, 0x18c66,
	0x1b1c4, 0x1b1c5, 0x1bc20, 0x1bc21, 0x1bc9e, 0x1bc9f, 0x1d165, 0x1d16a, 0x1d16d, 0x1d173, 0x1d17b, 0x1d183,
	0x1d185, 0x1d18c, 0x1d1aa, 0x1d1ae, 0x1d242, 0x1d245, 0x1e000, 0x1e007, 0x1e008, 0x1e019, 0x1e01b, 0x1e022,
	0x1e023, 0x1e025, 0x1e026, 0x1e02b, 0x1e08f, 0x1e090, 0x1e108, 0x1e109, 0x1e130, 0x1e137, 0x1e290, 0x1e291,
	0x1e2ae, 0x1e2af, 0x1e2e1, 0x1e2e2, 0x1e2ec, 0x1e2f0, 0x1e4e6, 0x1e4e7, 0x1e4ec, 0x1e4f0, 0x1e5d0, 0x1e5d1,
	0x1e5ee, 0x1e5f0, 0x1e6d5, 0x1e6d6, 0x1e6e3, 0x1e6e4, 0x1e6e6, 0x1e6e7, 0x1e6ee, 0x1e6f0, 0x1e6f5, 0x1e6f6,
	0x1e802, 0x1e803, 0x1e8d0, 0x1e8d7, 0x1e909, 0x1e90a, 0x1e944, 0x1e94b
};

static constexpr int32_t s_coll_uzUnsafeBwdLength = 860;

static constexpr uint16_t s_coll_viTrieIndex[2112] = {
	0x0, 0x8, 0x10, 0x18, 0x30, 0x38, 0x40, 0x48, 0x50, 0x58, 0x60, 0x68, 0x6f, 0x77, 0x7c, 0x84,
	0x8c, 0x94, 0x30, 0x38, 0x30, 0x38, 0x30, 0x38, 0x9c, 0xa4, 0xac, 0xb4, 0xbb, 0xc3, 0xc8, 0xd0,
	0xd8, 0xe0, 0xe4, 0xec, 0x30, 0x38, 0x30, 0x38, 0x30, 0x38, 0x30, 0x38, 0x30, 0x38, 0x30, 0x38,
	0x30, 0x38, 0x30, 0x38, 0x30, 0x38, 0x30, 0x38, 0x30, 0x38, 0x30, 0x38, 0x30, 0x38, 0x30, 0x38,
	0x30, 0x30, 0x30, 0x30, 0x30, 0x30, 0x30, 0x30, 0x30, 0x30, 0x30, 0x30, 0x30, 0x30, 0x30, 0x30,
	0x30, 0x30, 0x30, 0x30, 0x30, 0x30, 0x30, 0x30, 0x30, 0x30, 0x30, 0x30, 0x30, 0x30, 0x30, 0x30,
	0x30, 0x30, 0x30, 0x30, 0x30, 0x30, 0x30, 0x30, 0x30, 0x30, 0x30, 0x30, 0x30, 0x30, 0x30, 0x30,
	0x30, 0x30, 0x30, 0x30, 0x30, 0x30, 0x30, 0x30, 0x30, 0x30, 0x30, 0x30, 0x30, 0x30, 0x30, 0x30,
	0x30, 0x30, 0x30, 0x30, 0x30, 0x30, 0x30, 0x30, 0x30, 0x30, 0x30, 0x30, 0x30, 0x30, 0x30, 0x30,
	0x30, 0x30, 0x30, 0x30, 0x30, 0x30, 0x30, 0x30, 0x30, 0x30, 0x30, 0x30, 0x30, 0x30, 0x30, 0x30,
	0x30, 0x30, 0x30, 0x30, 0x30, 0x30, 0x30, 0x30, 0x30, 0x30, 0x30, 0x30, 0x30, 0x30, 0x30, 0x30,
	0x30, 0x30, 0x30, 0x30, 0x30, 0x30, 0x30, 0x30, 0x30, 0x30, 0x30, 0x30, 0x30, 0x30, 0x30, 0x30,
	0x30, 0x30, 0x30, 0x30, 0x30, 0x30, 0x30, 0x30, 0x30, 0x30, 0x30, 0x30, 0x30, 0x30, 0x30, 0x30,
	0x30, 0x30, 0x30, 0x30, 0x30, 0x30, 0x30, 0x30, 0x30, 0x30, 0x30, 0x30, 0x30, 0x30, 0x30, 0x30,
	0x30, 0x30, 0x30, 0x30, 0x30, 0x30, 0x30, 0x30, 0x30, 0x30, 0x30, 0x30, 0x30, 0x30, 0x30, 0x30,
	0x104, 0x10b, 0x113, 0x11b, 0x123, 0x12b, 0x133, 0x13b, 0x142, 0x14a, 0x152, 0x15a, 0x162, 0x16a, 0x171, 0x179,
	0x30, 0x30, 0x30, 0x30, 0x30, 0x30, 0x30, 0x30, 0x30, 0x30, 0x30, 0x30, 0x30, 0x30, 0x30, 0x30,
	0x30, 0x30, 0x30, 0x30, 0x30, 0x30, 0x30, 0x30, 0x30, 0x30, 0x30, 0x30, 0x30, 0x30, 0x30, 0x30,
	0x30, 0x30, 0x30, 0x30, 0x30, 0x30, 0x30, 0x30, 0x30, 0x30, 0x30, 0x30, 0x30, 0x30, 0x30, 0x30,
	0x30, 0x30, 0x30, 0x30, 0x30, 0x30, 0x30, 0x30, 0x30, 0x30, 0x30, 0x30, 0x30, 0x30, 0x30, 0x30,
	0x30, 0x30, 0x30, 0x30, 0x30, 0x30, 0x30, 0x30, 0x30, 0x30, 0x30, 0x30, 0x30, 0x30, 0x30, 0x30,
	0x30, 0x30, 0x30, 0x30, 0x30, 0x30, 0x30, 0x30, 0x30, 0x30, 0x30, 0x30, 0x30, 0x30, 0x30, 0x30,
	0x30, 0x30, 0x30, 0x30, 0x30, 0x30, 0x30, 0x30, 0x30, 0x30, 0x30, 0x30, 0x30, 0x30, 0x30, 0x30,
	0x30, 0x30, 0x30, 0x30, 0x30, 0x30, 0x30, 0x30, 0x30, 0x30, 0x30, 0x30, 0x30, 0x30, 0x30, 0x30,
	0x30, 0x30, 0x30, 0x30, 0x30, 0x30, 0x30, 0x30, 0x30, 0x30, 0x30, 0x30, 0x30, 0x30, 0x30, 0x30,
	0x30, 0x30, 0x30, 0x30, 0x30, 0x30, 0x30, 0x30, 0x30, 0x30, 0x30, 0x30, 0x30, 0x30, 0x30, 0x30,
	0x30, 0x30, 0x30, 0x30, 0x30, 0x30, 0x30, 0x30, 0x30, 0x30, 0x30, 0x30, 0x30, 0x30, 0x30, 0x30,
	0x30, 0x30, 0x30, 0x30, 0x30, 0x30, 0x30, 0x30, 0x30, 0x30, 0x30, 0x30, 0x30, 0x30, 0x30, 0x30,
	0x30, 0x30, 0x30, 0x30, 0x30, 0x30, 0x30, 0x30, 0x30, 0x30, 0x30, 0x30, 0x30, 0x30, 0x30, 0x30,
	0x30, 0x30, 0x30, 0x30, 0x30, 0x30, 0x30, 0x30, 0x30, 0x30, 0x30, 0x30, 0x30, 0x30, 0x30, 0x30,
	0x30, 0x30, 0x30, 0x30, 0x30, 0x30, 0x30, 0x30, 0x30, 0x30, 0x30, 0x30, 0x30, 0x30, 0x30, 0x30,
	0x30, 0x30, 0x30, 0x30, 0x30, 0x30, 0x30, 0x30, 0x30, 0x30, 0x30, 0x30, 0x30, 0x30, 0x30, 0x30,
	0x30, 0x30, 0x30, 0x30, 0x30, 0x30, 0x30, 0x30, 0x30, 0x30, 0x30, 0x30, 0x30, 0x30, 0x30, 0x30,
	0x30, 0x30, 0x30, 0x30, 0x30, 0x30, 0x30, 0x30, 0x30, 0x30, 0x30, 0x30, 0x30, 0x30, 0x30, 0x30,
	0x30, 0x30, 0x30, 0x30, 0x30, 0x30, 0x30, 0x30, 0x30, 0x30, 0x30, 0x30, 0x30, 0x30, 0x30, 0x30,
	0x30, 0x30, 0x30, 0x30, 0x30, 0x30, 0x30, 0x30, 0x30, 0x30, 0x30, 0x30, 0x30, 0x30, 0x30, 0x30,
	0x30, 0x30, 0x30, 0x30, 0x30, 0x30, 0x30, 0x30, 0x30, 0x30, 0x30, 0x30, 0x30, 0x30, 0x30, 0x30,
	0x30, 0x30, 0x30, 0x30, 0x30, 0x30, 0x30, 0x30, 0x30, 0x30, 0x30, 0x30, 0x30, 0x30, 0x30, 0x30,
	0x30, 0x30, 0x30, 0x30, 0x30, 0x30, 0x30, 0x30, 0x30, 0x30, 0x30, 0x30, 0x30, 0x30, 0x30, 0x30,
	0x30, 0x30, 0x30, 0x30, 0x30, 0x30, 0x30, 0x30, 0x30, 0x30, 0x30, 0x30, 0x30, 0x30, 0x30, 0x30,
	0x30, 0x30, 0x30, 0x30, 0x30, 0x30, 0x30, 0x30, 0x30, 0x30, 0x30, 0x30, 0x30, 0x30, 0x30, 0x30,
	0x30, 0x30, 0x30, 0x30, 0x30, 0x30, 0x30, 0x30, 0x30, 0x30, 0x30, 0x30, 0x30, 0x30, 0x30, 0x30,
	0x30, 0x30, 0x30, 0x30, 0x30, 0x30, 0x30, 0x30, 0x30, 0x30, 0x30, 0x30, 0x30, 0x30, 0x30, 0x30,
	0x30, 0x30, 0x30, 0x30, 0x30, 0x30, 0x30, 0x30, 0x30, 0x30, 0x30, 0x30, 0x30, 0x30, 0x30, 0x30,
	0x30, 0x30, 0x30, 0x30, 0x30, 0x30, 0x30, 0x30, 0x30, 0x30, 0x30, 0x30, 0x30, 0x30, 0x30, 0x30,
	0x30, 0x30, 0x30, 0x30, 0x30, 0x30, 0x30, 0x30, 0x30, 0x30, 0x30, 0x30, 0x30, 0x30, 0x30, 0x30,
	0x30, 0x30, 0x30, 0x30, 0x30, 0x30, 0x30, 0x30, 0x30, 0x30, 0x30, 0x30, 0x30, 0x30, 0x30, 0x30,
	0x30, 0x30, 0x30, 0x30, 0x30, 0x30, 0x30, 0x30, 0x30, 0x30, 0x30, 0x30, 0x30, 0x30, 0x30, 0x30,
	0x30, 0x30, 0x30, 0x30, 0x30, 0x30, 0x30, 0x30, 0x30, 0x30, 0x30, 0x30, 0x30, 0x30, 0x30, 0x30,
	0x30, 0x30, 0x30, 0x30, 0x30, 0x30, 0x30, 0x30, 0x30, 0x30, 0x30, 0x30, 0x30, 0x30, 0x30, 0x30,
	0x30, 0x30, 0x30, 0x30, 0x30, 0x30, 0x30, 0x30, 0x30, 0x30, 0x30, 0x30, 0x30, 0x30, 0x30, 0x30,
	0x30, 0x30, 0x30, 0x30, 0x30, 0x30, 0x30, 0x30, 0x30, 0x30, 0x30, 0x30, 0x30, 0x30, 0x30, 0x30,
	0x30, 0x30, 0x30, 0x30, 0x30, 0x30, 0x30, 0x30, 0x30, 0x30, 0x30, 0x30, 0x30, 0x30, 0x30, 0x30,
	0x30, 0x30, 0x30, 0x30, 0x30, 0x30, 0x30, 0x30, 0x30, 0x30, 0x30, 0x30, 0x30, 0x30, 0x30, 0x30,
	0x30, 0x30, 0x30, 0x30, 0x30, 0x30, 0x30, 0x30, 0x30, 0x30, 0x30, 0x30, 0x30, 0x30, 0x30, 0x30,
	0x30, 0x30, 0x30, 0x30, 0x30, 0x30, 0x30, 0x30, 0x30, 0x30, 0x30, 0x30, 0x30, 0x30, 0x30, 0x30,
	0x30, 0x30, 0x30, 0x30, 0x30, 0x30, 0x30, 0x30, 0x30, 0x30, 0x30, 0x30, 0x30, 0x30, 0x30, 0x30,
	0x30, 0x30, 0x30, 0x30, 0x30, 0x30, 0x30, 0x30, 0x30, 0x30, 0x30, 0x30, 0x30, 0x30, 0x30, 0x30,
	0x30, 0x30, 0x30, 0x30, 0x30, 0x30, 0x30, 0x30, 0x30, 0x30, 0x30, 0x30, 0x30, 0x30, 0x30, 0x30,
	0x30, 0x30, 0x30, 0x30, 0x30, 0x30, 0x30, 0x30, 0x30, 0x30, 0x30, 0x30, 0x30, 0x30, 0x30, 0x30,
	0x30, 0x30, 0x30, 0x30, 0x30, 0x30, 0x30, 0x30, 0x30, 0x30, 0x30, 0x30, 0x30, 0x30, 0x30, 0x30,
	0x30, 0x30, 0x30, 0x30, 0x30, 0x30, 0x30, 0x30, 0x30, 0x30, 0x30, 0x30, 0x30, 0x30, 0x30, 0x30,
	0x30, 0x30, 0x30, 0x30, 0x30, 0x30, 0x30, 0x30, 0x30, 0x30, 0x30, 0x30, 0x30, 0x30, 0x30, 0x30,
	0x30, 0x30, 0x30, 0x30, 0x30, 0x30, 0x30, 0x30, 0x30, 0x30, 0x30, 0x30, 0x30, 0x30, 0x30, 0x30,
	0x30, 0x30, 0x30, 0x30, 0x30, 0x30, 0x30, 0x30, 0x30, 0x30, 0x30, 0x30, 0x30, 0x30, 0x30, 0x30,
	0x30, 0x30, 0x30, 0x30, 0x30, 0x30, 0x30, 0x30, 0x30, 0x30, 0x30, 0x30, 0x30, 0x30, 0x30, 0x30,
	0x30, 0x30, 0x30, 0x30, 0x30, 0x30, 0x30, 0x30, 0x30, 0x30, 0x30, 0x30, 0x30, 0x30, 0x30, 0x30,
	0x30, 0x30, 0x30, 0x30, 0x30, 0x30, 0x30, 0x30, 0x30, 0x30, 0x30, 0x30, 0x30, 0x30, 0x30, 0x30,
	0x30, 0x30, 0x30, 0x30, 0x30, 0x30, 0x30, 0x30, 0x30, 0x30, 0x30, 0x30, 0x30, 0x30, 0x30, 0x30,
	0x30, 0x30, 0x30, 0x30, 0x30, 0x30, 0x30, 0x30, 0x30, 0x30, 0x30, 0x30, 0x30, 0x30, 0x30, 0x30,
	0x30, 0x30, 0x30, 0x30, 0x30, 0x30, 0x30, 0x30, 0x30, 0x30, 0x30, 0x30, 0x30, 0x30, 0x30, 0x30,
	0x30, 0x30, 0x30, 0x30, 0x30, 0x30, 0x30, 0x30, 0x30, 0x30, 0x30, 0x30, 0x30, 0x30, 0x30, 0x30,
	0x30, 0x30, 0x30, 0x30, 0x30, 0x30, 0x30, 0x30, 0x30, 0x30, 0x30, 0x30, 0x30, 0x30, 0x30, 0x30,
	0x30, 0x30, 0x30, 0x30, 0x30, 0x30, 0x30, 0x30, 0x30, 0x30, 0x30, 0x30, 0x30, 0x30, 0x30, 0x30,
	0x30, 0x30, 0x30, 0x30, 0x30, 0x30, 0x30, 0x30, 0x30, 0x30, 0x30, 0x30, 0x30, 0x30, 0x30, 0x30,
	0x30, 0x30, 0x30, 0x30, 0x30, 0x30, 0x30, 0x30, 0x30, 0x30, 0x30, 0x30, 0x30, 0x30, 0x30, 0x30,
	0x30, 0x30, 0x30, 0x30, 0x30, 0x30, 0x30, 0x30, 0x30, 0x30, 0x30, 0x30, 0x30, 0x30, 0x30, 0x30,
	0x30, 0x30, 0x30, 0x30, 0x30, 0x30, 0x30, 0x30, 0x30, 0x30, 0x30, 0x30, 0x30, 0x30, 0x30, 0x30,
	0x30, 0x30, 0x30, 0x30, 0x30, 0x30, 0x30, 0x30, 0x30, 0x30, 0x30, 0x30, 0x30, 0x30, 0x30, 0x30,
	0x30, 0x30, 0x30, 0x30, 0x30, 0x30, 0x30, 0x30, 0x30, 0x30, 0x30, 0x30, 0x30, 0x30, 0x30, 0x30,
	0x30, 0x30, 0x30, 0x30, 0x30, 0x30, 0x30, 0x30, 0x30, 0x30, 0x30, 0x30, 0x30, 0x30, 0x30, 0x30,
	0x30, 0x30, 0x30, 0x30, 0x30, 0x30, 0x30, 0x30, 0x30, 0x30, 0x30, 0x30, 0x30, 0x30, 0x30, 0x30,
	0x30, 0x30, 0x30, 0x30, 0x30, 0x30, 0x30, 0x30, 0x30, 0x30, 0x30, 0x30, 0x30, 0x30, 0x30, 0x30,
	0x30, 0x30, 0x30, 0x30, 0x30, 0x30, 0x30, 0x30, 0x30, 0x30, 0x30, 0x30, 0x30, 0x30, 0x30, 0x30,
	0x30, 0x30, 0x30, 0x30, 0x30, 0x30, 0x30, 0x30, 0x30, 0x30, 0x30, 0x30, 0x30, 0x30, 0x30, 0x30,
	0x30, 0x30, 0x30, 0x30, 0x30, 0x30, 0x30, 0x30, 0x30, 0x30, 0x30, 0x30, 0x30, 0x30, 0x30, 0x30,
	0x181, 0x181, 0x181, 0x181, 0x181, 0x181, 0x181, 0x181, 0x181, 0x181, 0x181, 0x181, 0x181, 0x181, 0x181, 0x181,
	0x181, 0x181, 0x181, 0x181, 0x181, 0x181, 0x181, 0x181, 0x181, 0x181, 0x181, 0x181, 0x181, 0x181, 0x181, 0x181,
	0x181, 0x181, 0x181, 0x181, 0x181, 0x181, 0x181, 0x181, 0x181, 0x181, 0x181, 0x181, 0x181, 0x181, 0x181, 0x181,
	0x181, 0x181, 0x181, 0x181, 0x181, 0x181, 0x181, 0x181, 0x181, 0x181, 0x181, 0x181, 0x181, 0x181, 0x181, 0x181,
	0x181, 0x181, 0x181, 0x181, 0x181, 0x181, 0x181, 0x181, 0x181, 0x181, 0x181, 0x181, 0x181, 0x181, 0x181, 0x181,
	0x181, 0x181, 0x181, 0x181, 0x181, 0x181, 0x181, 0x181, 0x181, 0x181, 0x181, 0x181, 0x181, 0x181, 0x181, 0x181,
	0x181, 0x181, 0x181, 0x181, 0x181, 0x181, 0x181, 0x181, 0x181, 0x181, 0x181, 0x181, 0x181, 0x181, 0x181, 0x181,
	0x181, 0x181, 0x181, 0x181, 0x181, 0x181, 0x181, 0x181, 0x181, 0x181, 0x181, 0x181, 0x181, 0x181, 0x181, 0x181,
	0x181, 0x181, 0x181, 0x181, 0x181, 0x181, 0x181, 0x181, 0x181, 0x181, 0x181, 0x181, 0x181, 0x181, 0x181, 0x181,
	0x181, 0x181, 0x181, 0x181, 0x181, 0x181, 0x181, 0x181, 0x181, 0x181, 0x181, 0x181, 0x181, 0x181, 0x181, 0x181,
	0x181, 0x181, 0x181, 0x181, 0x181, 0x181, 0x181, 0x181, 0x181, 0x181, 0x181, 0x181, 0x181, 0x181, 0x181, 0x181,
	0x181, 0x181, 0x181, 0x181, 0x181, 0x181, 0x181, 0x181, 0x181, 0x181, 0x181, 0x181, 0x181, 0x181, 0x181, 0x181,
	0x181, 0x181, 0x181, 0x181, 0x181, 0x181, 0x181, 0x181, 0x181, 0x181, 0x181, 0x181, 0x181, 0x181, 0x181, 0x181,
	0x181, 0x181, 0x181, 0x181, 0x181, 0x181, 0x181, 0x181, 0x181, 0x181, 0x181, 0x181, 0x181, 0x181, 0x181, 0x181,
	0x181, 0x181, 0x181, 0x181, 0x181, 0x181, 0x181, 0x181, 0x181, 0x181, 0x181, 0x181, 0x181, 0x181, 0x181, 0x181,
	0x181, 0x181, 0x181, 0x181, 0x181, 0x181, 0x181, 0x181, 0x181, 0x181, 0x181, 0x181, 0x181, 0x181, 0x181, 0x181,
	0x181, 0x181, 0x181, 0x181, 0x181, 0x181, 0x181, 0x181, 0x181, 0x181, 0x181, 0x181, 0x181, 0x181, 0x181, 0x181,
	0x181, 0x181, 0x181, 0x181, 0x181, 0x181, 0x181, 0x181, 0x181, 0x181, 0x181, 0x181, 0x181, 0x181, 0x181, 0x181,
	0x181, 0x181, 0x181, 0x181, 0x181, 0x181, 0x181, 0x181, 0x181, 0x181, 0x181, 0x181, 0x181, 0x181, 0x181, 0x181,
	0x181, 0x181, 0x181, 0x181, 0x181, 0x181, 0x181, 0x181, 0x181, 0x181, 0x181, 0x181, 0x181, 0x181, 0x181, 0x181,
	0x181, 0x181, 0x181, 0x181, 0x181, 0x181, 0x181, 0x181, 0x181, 0x181, 0x181, 0x181, 0x181, 0x181, 0x181, 0x181,
	0x181, 0x181, 0x181, 0x181, 0x181, 0x181, 0x181, 0x181, 0x181, 0x181, 0x181, 0x181, 0x181, 0xfc, 0x30, 0x30,
	0xf4, 0xf4, 0xf4, 0xf4, 0xf4, 0xf4, 0xf4, 0xf4, 0xf4, 0xf4, 0xf4, 0xf4, 0xf4, 0xf4, 0xf4, 0xf4,
	0xf4, 0xf4, 0xf4, 0xf4, 0xf4, 0xf4, 0xf4, 0xf4, 0xf4, 0xf4, 0xf4, 0xf4, 0xf4, 0xf4, 0xf4, 0xf4,
	0x30, 0x30, 0x30, 0x30, 0x30, 0x30, 0x30, 0x30, 0x30, 0x30, 0x30, 0x30, 0x30, 0x30, 0x30, 0x30,
	0x30, 0x30, 0x30, 0x30, 0x30, 0x30, 0x30, 0x30, 0x30, 0x30, 0x30, 0x30, 0x30, 0x30, 0x30, 0x30,
	0x30, 0x30, 0x30, 0x30, 0x30, 0x30, 0x30, 0x30, 0x30, 0x30, 0x30, 0x30, 0x30, 0x30, 0x30, 0x30,
	0x30, 0x30, 0x30, 0x30, 0x30, 0x30, 0x30, 0x30, 0x30, 0x30, 0x30, 0x30, 0x30, 0x30, 0x30, 0x30,
	0x30, 0x30, 0x30, 0x30, 0x30, 0x30, 0x30, 0x30, 0x30, 0x30, 0x30, 0x30, 0x30, 0x30, 0x30, 0x30,
	0x30, 0x30, 0x30, 0x30, 0x30, 0x30, 0x30, 0x30, 0x30, 0x30, 0x30, 0x30, 0x30, 0x30, 0x30, 0x30,
	0x30, 0x30, 0x30, 0x30, 0x30, 0x30, 0x30, 0x30, 0x30, 0x30, 0x30, 0x30, 0x30, 0x30, 0x30, 0x30,
	0x30, 0x30, 0x30, 0x30, 0x30, 0x30, 0x30, 0x30, 0x30, 0x30, 0x30, 0x30, 0x30, 0x30, 0x30, 0x30,
	0x30, 0x30, 0x30, 0x30, 0x30, 0x30, 0x30, 0x30, 0x30, 0x30, 0x30, 0x30, 0x30, 0x30, 0x30, 0x30,
	0x30, 0x30, 0x30, 0x30, 0x30, 0x30, 0x30, 0x30, 0x30, 0x30, 0x30, 0x30, 0x30, 0x30, 0x30, 0x30,
	0x30, 0x30, 0x30, 0x30, 0x30, 0x30, 0x30, 0x30, 0x30, 0x30, 0x30, 0x30, 0x30, 0x30, 0x30, 0x30,
	0x30, 0x30, 0x30, 0x30, 0x30, 0x30, 0x30, 0x30, 0x30, 0x30, 0x30, 0x30, 0x30, 0x30, 0x30, 0x30,
	0x30, 0x30, 0x30, 0x30, 0x30, 0x30, 0x30, 0x30, 0x30, 0x30, 0x30, 0x30, 0x30, 0x30, 0x30, 0x30,
	0x30, 0x30, 0x30, 0x30, 0x30, 0x30, 0x30, 0x30, 0x30, 0x30, 0x30, 0x30, 0x30, 0x30, 0x30, 0x30,
	0x30, 0x30, 0x30, 0x30, 0x30, 0x30, 0x30, 0x30, 0x30, 0x30, 0x30, 0x30, 0x30, 0x30, 0x30, 0x30,
	0x30, 0x30, 0x30, 0x30, 0x30, 0x30, 0x30, 0x30, 0x30, 0x30, 0x30, 0x30, 0x30, 0x30, 0x30, 0x30,
	0x30, 0x30, 0x30, 0x30, 0x30, 0x30, 0x30, 0x30, 0x30, 0x30, 0x30, 0x30, 0x30, 0x30, 0x30, 0x30,
	0x30, 0x30, 0x30, 0x30, 0x30, 0x30, 0x30, 0x30, 0x30, 0x30, 0x30, 0x30, 0x30, 0x30, 0x30, 0x30,
	0x30, 0x30, 0x30, 0x30, 0x30, 0x30, 0x30, 0x30, 0x30, 0x30, 0x30, 0x30, 0x30, 0x30, 0x30, 0x30,
	0x30, 0x30, 0x30, 0x30, 0x30, 0x30, 0x30, 0x30, 0x30, 0x30, 0x30, 0x30, 0x30, 0x30, 0x30, 0x30,
	0x80, 0x80, 0xc0, 0x100, 0x140, 0x180, 0x1bc, 0x1f0, 0x230, 0xc0, 0xc0, 0xc0, 0x270, 0x2b0, 0x2ec, 0x320,
	0x360, 0x390, 0xc0, 0xc0, 0xc0, 0xc0, 0xc0, 0xc0, 0xc0, 0xc0, 0xc0, 0xc0, 0xc0, 0xc0, 0xc0, 0xc0
};

static constexpr uint32_t s_coll_viTrieData[1576] = {
	0xcb, 0x0, 0x0, 0x0, 0x0, 0x0, 0x0, 0x0,
	0x0, 0x3040505, 0x3060505, 0x3080505, 0x30a0505, 0x30c0505, 0x0, 0x0,
	0x0, 0x0, 0x0, 0x0, 0x0, 0x0, 0x0, 0x0,
	0x0, 0x0, 0x0, 0x0, 0x0, 0x0, 0x0, 0x0,
	0x4000505, 0x75a0505, 0x9760505, 0xa940505, 0xda90505, 0xa960505, 0xa8e0505, 0x9700505,
	0x97c0505, 0x97e0505, 0xa7e0505, 0xc7b0505, 0x6000505, 0x50e0505, 0x8000505, 0xa880505,
	0x52a0ca, 0x52c1ca, 0x52e2ca, 0x5303ca, 0x5324ca, 0x5345ca, 0x5366ca, 0x5387ca,
	0x53a8ca, 0x53c9ca, 0x7360505, 0x72a0505, 0xc850505, 0xc870505, 0xc890505, 0x7640505,
	0xa7c0505, 0x6c9, 0x2d00059c, 0x2f00059c, 0x3100059c, 0x126c9, 0x3500059c, 0x3700059c,
	0x3900059c, 0x3b00059c, 0x3d00059c, 0x3f00059c, 0x4100059c, 0x4300059c, 0x4500059c, 0x1e6c9,
	0x4900059c, 0x4b00059c, 0x4d00059c, 0x4f00059c, 0x5100059c, 0x346c9, 0x5500059c, 0x570005a0,
	0x5900059c, 0x5b00059c, 0x5d00059c, 0x9800505, 0xa8a0505, 0x9820505, 0xc0a0505, 0x50a0505,
	0xc040505, 0x426c9, 0x2d000505, 0x2f000505, 0x31000505, 0x546c9, 0x35000505, 0x37000505,
	0x39000505, 0x3b000505, 0x3d000505, 0x3f000505, 0x41000505, 0x43000505, 0x45000505, 0x606c9,
	0x49000505, 0x4b000505, 0x4d000505, 0x4f000505, 0x51000505, 0x766c9, 0x55000505, 0x57000505,
	0x59000505, 0x5b000505, 0x5d000505, 0x9840505, 0xc8d0505, 0x9860505, 0xc910505, 0x0,
	0xfffd0505, 0xfffd0505, 0xfffd0505, 0xfffd0505, 0xfffd0505, 0xfffd0505, 0xfffd0505, 0xfffd0505,
	0xfffd0505, 0xfffd0505, 0xfffd0505, 0xfffd0505, 0xfffd0505, 0xfffd0505, 0xfffd0505, 0xfffd0505,
	0xfffd0505, 0xfffd0505, 0xfffd0505, 0xfffd0505, 0xfffd0505, 0xfffd0505, 0xfffd0505, 0xfffd0505,
	0xfffd0505, 0xfffd0505, 0xfffd0505, 0xfffd0505, 0xfffd0505, 0xfffd0505, 0xfffd0505, 0xfffd0505,
	0xfffd0505, 0xfffd0505, 0xfffd0505, 0xfffd0505, 0xfffd0505, 0xfffd0505, 0xfffd0505, 0xfffd0505,
	0xfffd0505, 0xfffd0505, 0xfffd0505, 0xfffd0505, 0xfffd0505, 0xfffd0505, 0xfffd0505, 0xfffd0505,
	0xfffd0505, 0xfffd0505, 0xfffd0505, 0xfffd0505, 0xfffd0505, 0xfffd0505, 0xfffd0505, 0xfffd0505,
	0xfffd0505, 0xfffd0505, 0xfffd0505, 0xfffd0505, 0xfffd0505, 0xfffd0505, 0xfffd0505, 0xfffd0505,
	0xc0, 0xc0, 0xc0, 0xc0, 0xc0, 0xc0, 0xc0, 0xc0,
	0xc0, 0xc0, 0xc0, 0xc0, 0xc0, 0xc0, 0xc0, 0xc0,
	0xc0, 0xc0, 0xc0, 0xc0, 0xc0, 0xc0, 0xc0, 0xc0,
	0xc0, 0xc0, 0xc0, 0xc0, 0xc0, 0xc0, 0xc0, 0xc0,
	0xc0, 0xc0, 0xc0, 0xc0, 0xc0, 0xc0, 0xc0, 0xc0,
	0xc0, 0xc0, 0xc0, 0xc0, 0xc0, 0xc0, 0xc0, 0xc0,
	0xc0, 0xc0, 0xc0, 0xc0, 0xc0, 0xc0, 0xc0, 0xc0,
	0xc0, 0xc0, 0xc0, 0xc0, 0xc0, 0xc0, 0xc0, 0xc0,
	0x2b9c8ac4, 0x22c5, 0x2c030586, 0x62c5, 0x2b9c96c4, 0x2b9c92c4, 0xe22c5, 0x2f9ca0c4,
	0x339c8ac4, 0xa2c5, 0x34020586, 0x339c96c4, 0x3b9c8ac4, 0xe2c5, 0x3b9c8ec4, 0x3b9c96c4,
	0x310070a0, 0x122c5, 0x479c8ac4, 0x162c5, 0x48020586, 0x1a2c5, 0x479c96c4, 0xc830505,
	0x479c9ec4, 0x539c8ac4, 0x1e2c5, 0x539c8ec4, 0x539c96c4, 0x222c5, 0x5e2805a0, 0x5262c5,
	0x2b058ac4, 0x262c5, 0x2c030505, 0x2a2c5, 0x2b0596c4, 0x2b0592c4, 0xe82c5, 0x2f05a0c4,
	0x33058ac4, 0x2e2c5, 0x34020505, 0x330596c4, 0x3b058ac4, 0x322c5, 0x3b058ec4, 0x3b0596c4,
	0x31007005, 0x362c5, 0x47058ac4, 0x3a2c5, 0x48020505, 0x3e2c5, 0x470596c4, 0xc810505,
	0x47059ec4, 0x53058ac4, 0x422c5, 0x53058ec4, 0x530596c4, 0x462c5, 0x5e280505, 0x5b0596c4,
	0xc0, 0xc0, 0x2c020586, 0x2c020505, 0x846c9, 0x966c9, 0x5a2c5, 0x5e2c5,
	0xc0, 0xc0, 0xc0, 0xc0, 0xc0, 0xc0, 0xc0, 0xc0,
	0x32020586, 0x32020505, 0xc0, 0xc0, 0xc0, 0xc0, 0xc0, 0xc0,
	0xa86c9, 0xb46c9, 0xc0, 0xc0, 0xc0, 0xc0, 0xc0, 0xc0,
	0xc0, 0xc0, 0xc0, 0xc0, 0xc0, 0xc0, 0xc0, 0xc0,
	0x6a2c5, 0x6e2c5, 0xc0, 0xc0, 0xc0, 0xc0, 0xc0, 0xc0,
	0xc0, 0xc0, 0xc0, 0xc0, 0xc0, 0xc0, 0xc0, 0xc0,
	0xc0, 0x722c5, 0x762c5, 0xc0, 0xc0, 0xc0, 0xc0, 0xc0,
	0xc0, 0xc0, 0xc0, 0x7a2c5, 0x7e2c5, 0xc0, 0xc0, 0xc0,
	0xc0, 0xc0, 0xc0, 0xc0, 0xc0, 0xc0, 0xc0, 0xc0,
	0xc0, 0xc0, 0xc0, 0xc0, 0x822c5, 0x862c5, 0xc0, 0xc0,
	0xc0, 0xc0, 0x8a2c5, 0x8e2c5, 0xc0, 0xc0, 0xc0, 0xc0,
	0xc0, 0xc0, 0xc0, 0xc0, 0xc0, 0xc0, 0xc0, 0xc0,
	0x922c5, 0x962c5, 0xc0, 0xc0, 0xc0, 0xc0, 0xc0, 0xc0,
	0xc0, 0xc0, 0xc06c9, 0xcc6c9, 0xc0, 0xc0, 0xc0, 0xc0,
	0xc0, 0xa22c5, 0xa62c5, 0xc0, 0xc0, 0xc0, 0xc0, 0xc0,
	0xc0, 0xc0, 0xc0, 0xc0, 0xc0, 0xc0, 0xc0, 0xc0,
	0xc0, 0xc0, 0xc0, 0xc0, 0xc0, 0xc0, 0xc0, 0xc0,
	0xc0, 0xc0, 0xc0, 0xc0, 0xc0, 0xc0, 0xc0, 0xc0,
	0xc0, 0xc0, 0xc0, 0xc0, 0xd86c9, 0xe46c9, 0xc0, 0xc0,
	0xc0, 0xc0, 0xc0, 0xc0, 0xc0, 0xc0, 0xc0, 0xc0,
	0xc0, 0xc0, 0xc0, 0x54020586, 0x54020505, 0xc0, 0xc0, 0xc0,
	0xc0, 0xc0, 0xc0, 0xc0, 0xc0, 0xc0, 0xc0, 0xc0,
	0xc0, 0xc0, 0xc0, 0xc0, 0xc0, 0xc0, 0xc0, 0xc0,
	0xc0, 0xc0, 0xc0, 0xc0, 0xc0, 0xc0, 0xc0, 0xb23c5,
	0xb83c5, 0xc0, 0xc0, 0xc0, 0xc0, 0xc0, 0xc0, 0xc0,
	0xc0, 0xc0, 0xc0, 0xc0, 0xc0, 0xc0, 0xc0, 0xc0,
	0xc0, 0xc0, 0xf06c9, 0x1026c9, 0xc0, 0xc0, 0xc0, 0xc0,
	0xc0, 0xc0, 0xc0, 0xc0, 0xce2c5, 0xd22c5, 0xc0, 0xc0,
	0xc0, 0xc0, 0xd63c5, 0xdc3c5, 0xe23c5, 0xe83c5, 0xee3c5, 0xf43c5,
	0xc0, 0xc0, 0xc0, 0xc0, 0xc0, 0xc0, 0xc0, 0xc0,
	0xc0, 0xc0, 0xc0, 0xc0, 0xc0, 0xc0, 0xc0, 0xc0,
	0xc0, 0xc0, 0xc0, 0xc0, 0xc0, 0xc0, 0xc0, 0xc0,
	0xc0, 0xc0, 0xc0, 0xc0, 0xc0, 0xc0, 0xc0, 0xc0,
	0xc0, 0xc0, 0xc0, 0xc0, 0xc0, 0xc0, 0xc0, 0xc0,
	0x1146c9, 0x1206c9, 0xc0, 0xc0, 0x1023c5, 0x1083c5, 0xc0, 0xc0,
	0xc0, 0xc0, 0xc0, 0xc0, 0xc0, 0xc0, 0xc0, 0xc0,
	0xc0, 0xc0, 0xc0, 0xc0, 0xc0, 0xc0, 0xc0, 0xc0,
	0xc0, 0x8b0405c2, 0xc0, 0x8b0305c2, 0xc0, 0xc0, 0xc0, 0xc0,
	0xc0, 0x8b0205c2, 0xc0, 0xc0, 0xc0, 0xc0, 0xc0, 0xc0,
	0xc0, 0xc0, 0xc0, 0xc0, 0xc0, 0xc0, 0xc0, 0xc0,
	0xc0, 0xc0, 0xc0, 0xc0, 0xc0, 0xc0, 0xc0, 0xc0,
	0xc0, 0xc0, 0xc0, 0x8b0505c2, 0xc0, 0xc0, 0xc0, 0xc0,
	0xc0, 0xc0, 0xc0, 0xc0, 0xc0, 0xc0, 0xc0, 0xc0,
	0xc0, 0xc0, 0xc0, 0xc0, 0xc0, 0xc0, 0xc0, 0xc0,
	0xc0, 0xc0, 0xc0, 0xc0, 0xc0, 0xc0, 0xc0, 0xc0,
	0xc0, 0x8b0405c2, 0xc0, 0xc0, 0xb42c5, 0xc0, 0xc0, 0xc0,
	0xc0, 0xc0, 0xc0, 0xc0, 0xc0, 0xc0, 0xc0, 0xc0,
	0xc0, 0xc0, 0xc0, 0xc0, 0xc0, 0xc0, 0xc0, 0xc0,
	0xc0, 0xc0, 0xc0, 0xc0, 0xc0, 0xc0, 0xc0, 0xc0,
	0xc0, 0xc0, 0xc0, 0xc0, 0xc0, 0xc0, 0xc0, 0xc0,
	0xc0, 0xc0, 0xc0, 0xc0, 0xc0, 0xc0, 0xc0, 0xc0,
	0xc0, 0xc0, 0xc0, 0xc0, 0xc0, 0xc0, 0xc0, 0xc0,
	0xc0, 0xc0, 0xc0, 0xc0, 0xc0, 0xc0, 0xc0, 0xc0,
	0xc0, 0x10e2c5, 0x1122c5, 0xc0, 0x1162c5, 0x11a2c5, 0x11e2c5, 0xc0,
	0x1222c5, 0xc0, 0x1262c5, 0x12a2c5, 0x12e3c5, 0xc0, 0xc0, 0xc0,
	0xc0, 0xc0, 0xc0, 0xc0, 0xc0, 0xc0, 0xc0, 0xc0,
	0xc0, 0xc0, 0xc0, 0xc0, 0xc0, 0xc0, 0xc0, 0xc0,
	0xc0, 0xc0, 0xc0, 0xc0, 0xc0, 0xc0, 0xc0, 0xc0,
	0x1342c5, 0x1382c5, 0x13c2c5, 0x1402c5, 0x1443c5, 0xc0, 0xc0, 0xc0,
	0xc0, 0xc0, 0xc0, 0xc0, 0xc0, 0xc0, 0xc0, 0xc0,
	0xc0, 0xc0, 0xc0, 0xc0, 0x14a2c5, 0x14e2c5, 0x1522c5, 0xc0,
	0xc0, 0xc0, 0xc0, 0x1562c5, 0xc0, 0xc0, 0xc0, 0xc0,
	0xc0, 0xc0, 0xc0, 0xc0, 0xc0, 0xc0, 0xc0, 0xc0,
	0xc0, 0xc0, 0xc0, 0xc0, 0xc0, 0xc0, 0xc0, 0xc0,
	0xc0, 0xc0, 0xc0, 0xc0, 0xc0, 0xc0, 0xc0, 0xc0,
	0xc0, 0xc0, 0xc0, 0xc0, 0xc0, 0xc0, 0xc0, 0xc0,
	0xc0, 0xc0, 0xc0, 0xc0, 0xc0, 0xc0, 0xc0, 0xc0,
	0xc0, 0xc0, 0xc0, 0x15a2c5, 0xc0, 0xc0, 0xc0, 0xc0,
	0xc0, 0xc0, 0xc0, 0xc0, 0x15e2c5, 0xc0, 0xc0, 0xc0,
	0xc0, 0xc0, 0xc0, 0xc0, 0xc0, 0xc0, 0xc0, 0xc0,
	0xc0, 0xc0, 0xc0, 0xc0, 0xc0, 0xc0, 0xc0, 0xc0,
	0xc0, 0xc0, 0xc0, 0xc0, 0xc0, 0xc0, 0xc0, 0xc0,
	0xc0, 0xc0, 0xc0, 0xc0, 0xc0, 0xc0, 0xc0, 0xc0,
	0xc0, 0xc0, 0xc0, 0xc0, 0xc0, 0xc0, 0xc0, 0xc0,
	0xc0, 0xc0, 0xc0, 0xc0, 0xc0, 0xc0, 0xc0, 0xc0,
	0xc0, 0xc0, 0xc0, 0x1622c5, 0xc0, 0xc0, 0xc0, 0xc0,
	0xc0, 0xc0, 0xc0, 0xc0, 0x1662c5, 0xc0, 0xc0, 0xc0,
	0xc0, 0xc0, 0xc0, 0xc0, 0xc0, 0xc0, 0xc0, 0xc0,
	0xc0, 0xc0, 0xc0, 0xc0, 0xc0, 0xc0, 0xc0, 0xc0,
	0xc0, 0xc0, 0xc0, 0xc0, 0xc0, 0xc0, 0xc0, 0xc0,
	0xc0, 0xc0, 0xc0, 0xc0, 0xc0, 0xc0, 0xc0, 0xc0,
	0x1cd, 0x1cd, 0x1cd, 0x1cd, 0x1cd, 0x1cd, 0x1cd, 0x1cd,
	0x1cd, 0x1cd, 0x1cd, 0x1cd, 0x1cd, 0x1cd, 0x1cd, 0x1cd,
	0x1cd, 0x1cd, 0x1cd, 0x1cd, 0x1cd, 0x1cd, 0x1cd, 0x1cd,
	0x1cd, 0x1cd, 0x1cd, 0x1cd, 0x1cd, 0x1cd, 0x1cd, 0x1cd,
	0x1cc, 0x1cc, 0x1cc, 0x1cc, 0xc0, 0xc0, 0xc0, 0xc0,
	0xc0, 0xc0, 0xc0, 0xc0, 0xc0, 0xc0, 0xc0, 0xc0,
	0xc0, 0xc0, 0xc0, 0xc0, 0xc0, 0xc0, 0xc0, 0xc0,
	0xc0, 0xc0, 0xc0, 0xc0, 0xc0, 0xc0, 0xc0, 0xc0,
	0x12c6c9, 0x13e6c9, 0xc0, 0xc0, 0x17a2c5, 0x17e2c5, 0xc0, 0xc0,
	0x1823c5, 0x1883c5, 0xc0, 0xc0, 0x18e2c5, 0x1922c5, 0xc0, 0xc0,
	0xc0, 0xc0, 0xc0, 0xc0, 0xc0, 0xc0, 0x1963c5, 0x19c3c5,
	0x1506c9, 0x15c6c9, 0x1686c9, 0x1746c9, 0xc0, 0xc0, 0xc0, 0xc0,
	0x1b22c5, 0x1b62c5, 0xc0, 0xc0, 0xc0, 0xc0, 0xc0, 0xc0,
	0xc0, 0xc0, 0x1ba3c5, 0x1c03c5, 0x1c62c5, 0x1ca2c5, 0x1ce2c5, 0x1d22c5,
	0xc0, 0xc0, 0x1d62c5, 0x1da2c5, 0x1de3c5, 0x1e43c5, 0xc0, 0xc0,
	0xc0, 0xc0, 0x1ea2c5, 0x1ee2c5, 0xc0, 0xc0, 0x1f22c5, 0x1f62c5,
	0xc0, 0xc0, 0x1fa2c5, 0x1fe2c5, 0xc0, 0xc0, 0xc0, 0xc0,
	0x2023c5, 0x2083c5, 0x20e3c5, 0x2143c5, 0xc0, 0xc0, 0x21a3c5, 0x2203c5,
	0x2262c5, 0x22a2c5, 0xc0, 0xc0, 0xc0, 0xc0, 0x22e2c5, 0x2322c5,
	0x2363c5, 0x23c3c5, 0xc0, 0xc0, 0xc0, 0xc0, 0x2422c5, 0x2462c5,
	0x24a3c5, 0x2503c5, 0xc0, 0xc0, 0x2563c5, 0x25c3c5, 0xc0, 0xc0,
	0x2622c5, 0x2662c5, 0xc0, 0xc0, 0xc0, 0xc0, 0xc0, 0xc0,
	0xc0, 0xc0, 0xc0, 0xc0, 0x26a3c5, 0x2703c5, 0xc0, 0xc0,
	0x2762c5, 0x27a2c5, 0x27e2c5, 0x2822c5, 0xc0, 0xc0, 0x2862c5, 0x28a2c5,
	0xc0, 0xc0, 0xc0, 0xc0, 0x28e2c5, 0x2922c5, 0xc0, 0xc0,
	0xc0, 0xc0, 0xc0, 0xc0, 0xc0, 0xc0, 0x2962c5, 0x29a2c5,
	0xc0, 0xc0, 0xc0, 0xc0, 0xc0, 0xc0, 0xc0, 0xc0,
	0xc0, 0xc0, 0xc0, 0xc0, 0x1806c9, 0x1926c9, 0x2b62c5, 0x2ba2c5,
	0x2be2c5, 0x2c22c5, 0x2c62c5, 0x2ca2c5, 0x2ce2c5, 0x2d22c5, 0x2d62c5, 0x2da2c5,
	0x2a22c5, 0x2ae2c5, 0x2de2c5, 0x2e22c5, 0x2e62c5, 0x2ea2c5, 0x2ee2c5, 0x2f22c5,
	0x2f62c5, 0x2fa2c5, 0x2a62c5, 0x2b22c5, 0x1a46c9, 0x1b06c9, 0x30e2c5, 0x3122c5,
	0x3162c5, 0x31a2c5, 0x31e2c5, 0x3222c5, 0x3262c5, 0x32a2c5, 0x32e2c5, 0x3322c5,
	0x3362c5, 0x33a2c5, 0x3022c5, 0x30a2c5, 0x33e2c5, 0x3422c5, 0x3462c5, 0x34a2c5,
	0x1bc6c9, 0x1c86c9, 0x35e2c5, 0x3622c5, 0x3662c5, 0x36a2c5, 0x36e2c5, 0x3722c5,
	0x3762c5, 0x37a2c5, 0x37e2c5, 0x3822c5, 0x3522c5, 0x35a2c5, 0x3862c5, 0x38a2c5,
	0x38e2c5, 0x3922c5, 0x3962c5, 0x39a2c5, 0x39e2c5, 0x3a22c5, 0x1d46c9, 0x1e06c9,
	0x3ba2c5, 0x3be2c5, 0x3c22c5, 0x3c62c5, 0x3ca2c5, 0x3ce2c5, 0x3d22c5, 0x3d62c5,
	0x3da2c5, 0x3de2c5, 0x3e22c5, 0x3e62c5, 0x3ea2c5, 0x3ee2c5, 0xc0, 0xc0,
	0x3f22c5, 0x3f62c5, 0x3fa2c5, 0x3fe2c5, 0x4022c5, 0x4062c5, 0xc0, 0xc0,
	0xc0, 0xc0, 0xc0, 0xc0, 0x40a3c5, 0x4103c5, 0xc0, 0xc0,
	0xc0, 0xc0, 0xc0, 0xc0, 0x4163c5, 0x41c3c5, 0xc0, 0xc0,
	0xc0, 0xc0, 0xc0, 0xc0, 0x4223c5, 0x4283c5, 0xc0, 0xc0,
	0xc0, 0xc0, 0xc0, 0xc0, 0x42e3c5, 0x4343c5, 0xc0, 0xc0,
	0xc0, 0xc0, 0xc0, 0xc0, 0x43a3c5, 0x4403c5, 0xc0, 0xc0,
	0xc0, 0xc0, 0xc0, 0xc0, 0x4463c5, 0x44c3c5, 0xc0, 0xc0,
	0xc0, 0xc0, 0xc0, 0xc0, 0x4523c5, 0x4583c5, 0xc0, 0xc0,
	0xc0, 0xc0, 0xc0, 0xc0, 0x45e3c5, 0x4643c5, 0xc0, 0xc0,
	0xc0, 0xc0, 0xc0, 0xc0, 0x46a3c5, 0x4703c5, 0xc0, 0xc0,
	0xc0, 0xc0, 0xc0, 0xc0, 0x4763c5, 0x47c3c5, 0xc0, 0xc0,
	0xc0, 0xc0, 0xc0, 0xc0, 0x4823c5, 0x4883c5, 0xc0, 0xc0,
	0xc0, 0xc0, 0xc0, 0xc0, 0xc0, 0x48e3c5, 0xc0, 0xc0,
	0xc0, 0xc0, 0xc0, 0xc0, 0x4943c5, 0x49a3c5, 0xc0, 0xc0,
	0xc0, 0xc0, 0xc0, 0xc0, 0x4a03c5, 0x4a63c5, 0xc0, 0xc0,
	0xc0, 0x1342c5, 0xc0, 0x1382c5, 0xc0, 0x13c2c5, 0xc0, 0x1402c5,
	0xc0, 0x14a2c5, 0xc0, 0x14e2c5, 0xc0, 0x1522c5, 0xc0, 0xc0,
	0xc0, 0xc0, 0xc0, 0xc0, 0x4ac4c5, 0x4b44c5, 0xc0, 0xc0,
	0xc0, 0xc0, 0xc0, 0xc0, 0x4bc4c5, 0x4c44c5, 0xc0, 0xc0,
	0xc0, 0xc0, 0xc0, 0xc0, 0x4cc4c5, 0x4d44c5, 0xc0, 0xc0,
	0xc0, 0xc0, 0xc0, 0xc0, 0x4dc4c5, 0x4e44c5, 0xc0, 0xc0,
	0xc0, 0xc0, 0xc0, 0xc0, 0x4ec4c5, 0x4f44c5, 0xc0, 0xc0,
	0xc0, 0xc0, 0xc0, 0xc0, 0x4fc4c5, 0x5044c5, 0xc0, 0xc0,
	0xc0, 0xc0, 0xc0, 0xc0, 0x50c3c5, 0xc0, 0xc0, 0xc0,
	0xc0, 0xc0, 0xc0, 0x1122c5, 0xc0, 0xc0, 0xc0, 0xc0,
	0x5123c5, 0xc0, 0xc0, 0xc0, 0xc0, 0x1162c5, 0xc0, 0x11a2c5,
	0xc0, 0xc0, 0x5182c5, 0xc0, 0xc0, 0xc0, 0xc0, 0x12e3c5,
	0xc0, 0xc0, 0xc0, 0xc0, 0xc0, 0xc0, 0xc0, 0x11e2c5,
	0xc0, 0xc0, 0x51c2c5, 0xc0, 0xc0, 0xc0, 0xc0, 0x1443c5,
	0xc0, 0xc0, 0xc0, 0xc0, 0xc0, 0xc0, 0xc0, 0x1262c5,
	0xc0, 0xc0, 0x10e2c5, 0xc0, 0xc0, 0xc0, 0xc0, 0xc0,
	0x5203c5, 0xc0, 0xc0, 0xc0, 0xc0, 0x1222c5, 0xc0, 0x12a2c5,
	0xc0, 0xc0, 0xc0, 0xc0, 0x1cc, 0x1cc, 0x1cc, 0x1cc,
	0x1cc, 0x1cc, 0x1cc, 0x1cc, 0x1cc, 0x1cc, 0x1cc, 0x1cc,
	0x1cc, 0x1cc, 0x1cc, 0x1cc, 0x1cc, 0x1cc, 0x1cc, 0x1cc,
	0x1cc, 0x1cc, 0x1cc, 0x1cc, 0x1cc, 0x1cc, 0x1cc, 0x1cc,
	0x1cc, 0x1cc, 0x1cc, 0x1cc, 0xc0, 0xc0, 0xc0, 0xc0
};

static constexpr int32_t s_coll_viTrieIndexLength = 2112;
static constexpr int32_t s_coll_viTrieDataLength = 1576;
static constexpr char32_t s_coll_viTrieHighStart = 0xe000;
static constexpr int32_t s_coll_viTrieHighValueIndex = 1572;

static constexpr uint32_t s_coll_viCe32s[671] = {
	0x0, 0x2b00059c, 0x8b0405c2, 0x2b00059c, 0x8b0305c2, 0x3300059c, 0x8b0405c2, 0x3b00059c,
	0x8b0405c2, 0x4500059c, 0x8b0305c2, 0x4700059c, 0x8b0405c2, 0x4700059c, 0x8b0305c2, 0x5300059c,
	0x8b0405c2, 0x5b00059c, 0x8b0405c2, 0x2b000505, 0x8b0405c2, 0x2b000505, 0x8b0305c2, 0x33000505,
	0x8b0405c2, 0x3b000505, 0x8b0405c2, 0x45000505, 0x8b0305c2, 0x47000505, 0x8b0405c2, 0x47000505,
	0x8b0305c2, 0x53000505, 0x8b0405c2, 0x5b000505, 0x8b0405c2, 0x2c030586, 0xa205, 0x2c020586,
	0xa205, 0x2c030505, 0xa205, 0x2c020505, 0xa205, 0x2f00059c, 0x8b0405c2, 0x2f000505,
	0x8b0405c2, 0x34020586, 0xa205, 0x34020505, 0xa205, 0x3b00059c, 0x8b0305c2, 0x3b000505,
	0x8b0305c2, 0x4100059c, 0x8b0405c2, 0x41000505, 0x8b0405c2, 0x4500059c, 0x8b0405c2, 0x45000505,
	0x8b0405c2, 0x4d00059c, 0x8b0405c2, 0x4d000505, 0x8b0405c2, 0x4f00059c, 0x8b0405c2, 0x4f000505,
	0x8b0405c2, 0x5300059c, 0x8b0305c2, 0x53000505, 0x8b0305c2, 0x54020586, 0xa205, 0x54020505,
	0xa205, 0x5d00059c, 0x8b0405c2, 0x5d000505, 0x8b0405c2, 0x48020586, 0xbe05, 0x48020505,
	0xbe05, 0x5300059c, 0x9605, 0x8b0405c2, 0x53000505, 0x9605, 0x8b0405c2, 0x48020586,
	0xa205, 0x48030586, 0xa205, 0x48020505, 0xa205, 0x48030505, 0xa205, 0x3700059c,
	0x8b0405c2, 0x37000505, 0x8b0405c2, 0x2b00059c, 0x9205, 0x8b0405c2, 0x2b000505, 0x9205,
	0x8b0405c2, 0x2b0070a0, 0x330005a2, 0x8b0405c2, 0x2b007005, 0x33000513, 0x8b0405c2, 0x4700059c,
	0x9e05, 0x8b0405c2, 0x47000505, 0x9e05, 0x8b0405c2, 0x34020586, 0xa005, 0x34020505,
	0xa005, 0x4700059c, 0x8b0305c2, 0xa405, 0x47000505, 0x8b0305c2, 0xa405, 0xc100505,
	0x8b0405c2, 0x610605a6, 0x8b0405c2, 0x611005a6, 0x8b0405c2, 0x611c059e, 0x8b0405c2, 0x612005a6,
	0x8b0405c2, 0x6130059e, 0x8b0405c2, 0x614c059b, 0x8b0405c2, 0x6156059b, 0x8b0405c2, 0x61200505,
	0x9605, 0x8b0405c2, 0x61060505, 0x8b0405c2, 0x61100505, 0x8b0405c2, 0x611c0505, 0x8b0405c2,
	0x61200505, 0x8b0405c2, 0x614c0505, 0x9605, 0x8b0405c2, 0x61300505, 0x8b0405c2, 0x614c0505,
	0x8b0405c2, 0x61560505, 0x8b0405c2, 0x614c05a6, 0x8b0405c2, 0x6210059b, 0x8b0405c2, 0x6254059b,
	0x8b0405c2, 0x62100505, 0x8b0405c2, 0x62540505, 0x8b0405c2, 0x2c030586, 0xc805, 0x2c020586,
	0xc805, 0x2c030505, 0xc805, 0x2c020505, 0xc805, 0x2d00059c, 0x8b0505c2, 0x2d000505,
	0x8b0505c2, 0x2f00059c, 0xa005, 0x8b0405c2, 0x2f000505, 0xa005, 0x8b0405c2, 0x3100059c,
	0x8b0505c2, 0x31000505, 0x8b0505c2, 0x3300059c, 0xa405, 0x8b0405c2, 0x33000505, 0xa405,
	0x8b0405c2, 0x34020586, 0xcc05, 0x34020505, 0xcc05, 0x34020586, 0xd005, 0x34020505,
	0xd005, 0x3900059c, 0x8b0505c2, 0x39000505, 0x8b0505c2, 0x3b00059c, 0x9605, 0x8b0405c2,
	0x3b000505, 0x9605, 0x8b0405c2, 0x3f00059c, 0x8b0405c2, 0x3f000505, 0x8b0405c2, 0x3f00059c,
	0x8b0505c2, 0x3f000505, 0x8b0505c2, 0x4100059c, 0x8b0505c2, 0x41000505, 0x8b0505c2, 0x4100059c,
	0x8b0505c2, 0xa405, 0x41000505, 0x8b0505c2, 0xa405, 0x4300059c, 0x8b0405c2, 0x43000505,
	0x8b0405c2, 0x4300059c, 0x8b0505c2, 0x43000505, 0x8b0505c2, 0x4500059c, 0x8b0505c2, 0x45000505,
	0x8b0505c2, 0x4700059c, 0x8b0305c2, 0x8b0405c2, 0x47000505, 0x8b0305c2, 0x8b0405c2, 0x4700059c,
	0x8b0305c2, 0x9605, 0x47000505, 0x8b0305c2, 0x9605, 0x4700059c, 0xa405, 0x8b0405c2,
	0x47000505, 0xa405, 0x8b0405c2, 0x4900059c, 0x8b0405c2, 0x49000505, 0x8b0405c2, 0x4d00059c,
	0x8b0505c2, 0x4d000505, 0x8b0505c2, 0x4d00059c, 0x8b0505c2, 0xa405, 0x4d000505, 0x8b0505c2,
	0xa405, 0x4f00059c, 0x8b0505c2, 0x4f000505, 0x8b0505c2, 0x4f00059c, 0x8b0405c2, 0x9c05,
	0x4f000505, 0x8b0405c2, 0x9c05, 0x4f00059c, 0x8b0505c2, 0x9c05, 0x4f000505, 0x8b0505c2,
	0x9c05, 0x5100059c, 0x8b0505c2, 0x51000505, 0x8b0505c2, 0x5300059c, 0x8b0305c2, 0x8b0405c2,
	0x53000505, 0x8b0305c2, 0x8b0405c2, 0x5500059c, 0x8b0305c2, 0x55000505, 0x8b0305c2, 0x5500059c,
	0x8b0505c2, 0x55000505, 0x8b0505c2, 0x570005a0, 0x8b0405c2, 0x57000505, 0x8b0405c2, 0x570005a0,
	0x8b0505c2, 0x57000505, 0x8b0505c2, 0x5d00059c, 0x8b0505c2, 0x5d000505, 0x8b0505c2, 0x2b00059c,
	0x8b0505c2, 0x2c030586, 0x8b0505c2, 0x2c020586, 0x8b0505c2, 0x2b000505, 0x8b0505c2, 0x2c030505,
	0x8b0505c2, 0x2c020505, 0x8b0505c2, 0x2b00059c, 0x8b0205c2, 0x2b000505, 0x8b0205c2, 0x2c030586,
	0x8b0405c2, 0x2c030505, 0x8b0405c2, 0x2c030586, 0x8a05, 0x2c030505, 0x8a05, 0x2c030586,
	0x8b0205c2, 0x2c030505, 0x8b0205c2, 0x2c030586, 0x8b0305c2, 0x2c030505, 0x8b0305c2, 0x2c020586,
	0x8b0405c2, 0x2c020505, 0x8b0405c2, 0x2c020586, 0x8a05, 0x2c020505, 0x8a05, 0x2c020586,
	0x8b0205c2, 0x2c020505, 0x8b0205c2, 0x2c020586, 0x8b0305c2, 0x2c020505, 0x8b0305c2, 0x3300059c,
	0x8b0505c2, 0x34020586, 0x8b0505c2, 0x33000505, 0x8b0505c2, 0x34020505, 0x8b0505c2, 0x3300059c,
	0x8b0205c2, 0x33000505, 0x8b0205c2, 0x3300059c, 0x8b0305c2, 0x33000505, 0x8b0305c2, 0x34020586,
	0x8b0405c2, 0x34020505, 0x8b0405c2, 0x34020586, 0x8a05, 0x34020505, 0x8a05, 0x34020586,
	0x8b0205c2, 0x34020505, 0x8b0205c2, 0x34020586, 0x8b0305c2, 0x34020505, 0x8b0305c2, 0x3b00059c,
	0x8b0205c2, 0x3b000505, 0x8b0205c2, 0x3b00059c, 0x8b0505c2, 0x3b000505, 0x8b0505c2, 0x4700059c,
	0x8b0505c2, 0x48020586, 0x8b0505c2, 0x47000505, 0x8b0505c2, 0x48020505, 0x8b0505c2, 0x4700059c,
	0x8b0205c2, 0x47000505, 0x8b0205c2, 0x48020586, 0x8b0405c2, 0x48020505, 0x8b0405c2, 0x48020586,
	0x8a05, 0x48020505, 0x8a05, 0x48020586, 0x8b0205c2, 0x48020505, 0x8b0205c2, 0x48020586,
	0x8b0305c2, 0x48020505, 0x8b0305c2, 0x48030586, 0x8b0405c2, 0x48030505, 0x8b0405c2, 0x48030586,
	0x8a05, 0x48030505, 0x8a05, 0x48030586, 0x8b0205c2, 0x48030505, 0x8b0205c2, 0x48030586,
	0x8b0305c2, 0x48030505, 0x8b0305c2, 0x48030586, 0x8b0505c2, 0x48020586, 0xbe05, 0x8b0505c2,
	0x48030505, 0x8b0505c2, 0x48020505, 0xbe05, 0x8b0505c2, 0x5300059c, 0x8b0505c2, 0x53000505,
	0x8b0505c2, 0x5300059c, 0x8b0205c2, 0x53000505, 0x8b0205c2, 0x54020586, 0x8b0405c2, 0x54020505,
	0x8b0405c2, 0x54020586, 0x8a05, 0x54020505, 0x8a05, 0x54020586, 0x8b0205c2, 0x54020505,
	0x8b0205c2, 0x54020586, 0x8b0305c2, 0x54020505, 0x8b0305c2, 0x54020586, 0x8b0505c2, 0x54020505,
	0x8b0505c2, 0x5b00059c, 0x8b0505c2, 0x5b000505, 0x8b0505c2, 0x5b00059c, 0x8b0205c2, 0x5b000505,
	0x8b0205c2, 0x5b00059c, 0x8b0305c2, 0x5b000505, 0x8b0305c2, 0x61060505, 0x8405, 0x8b0405c2,
	0x61060505, 0x8605, 0x8b0405c2, 0x610605a6, 0x8405, 0x8b0405c2, 0x610605a6, 0x8605,
	0x8b0405c2, 0x61100505, 0x8405, 0x8b0405c2, 0x61100505, 0x8605, 0x8b0405c2, 0x611005a6,
	0x8405, 0x8b0405c2, 0x611005a6, 0x8605, 0x8b0405c2, 0x611c0505, 0x8405, 0x8b0405c2,
	0x611c0505, 0x8605, 0x8b0405c2, 0x611c059e, 0x8405, 0x8b0405c2, 0x611c059e, 0x8605,
	0x8b0405c2, 0x61200505, 0x8405, 0x8b0405c2, 0x61200505, 0x8605, 0x8b0405c2, 0x612005a6,
	0x8405, 0x8b0405c2, 0x612005a6, 0x8605, 0x8b0405c2, 0x61300505, 0x8405, 0x8b0405c2,
	0x61300505, 0x8605, 0x8b0405c2, 0x6130059e, 0x8405, 0x8b0405c2, 0x6130059e, 0x8605,
	0x8b0405c2, 0x614c0505, 0x8405, 0x8b0405c2, 0x614c0505, 0x8605, 0x8b0405c2, 0x614c059b,
	0x8605, 0x8b0405c2, 0x61560505, 0x8405, 0x8b0405c2, 0x61560505, 0x8605, 0x8b0405c2,
	0x6156059b, 0x8405, 0x8b0405c2, 0x6156059b, 0x8605, 0x8b0405c2, 0x61060505, 0x8405,
	0x8b0405c2, 0xd805, 0x61060505, 0x8605, 0x8b0405c2, 0xd805, 0x610605a6, 0x8405,
	0x8b0405c2, 0xd805, 0x610605a6, 0x8605, 0x8b0405c2, 0xd805, 0x611c0505, 0x8405,
	0x8b0405c2, 0xd805, 0x611c0505, 0x8605, 0x8b0405c2, 0xd805, 0x611c059e, 0x8405,
	0x8b0405c2, 0xd805, 0x611c059e, 0x8605, 0x8b0405c2, 0xd805, 0x61560505, 0x8405,
	0x8b0405c2, 0xd805, 0x61560505, 0x8605, 0x8b0405c2, 0xd805, 0x6156059b, 0x8405,
	0x8b0405c2, 0xd805, 0x6156059b, 0x8605, 0x8b0405c2, 0xd805, 0x61060505, 0x8b0405c2,
	0xd805, 0x611c0505, 0x8b0405c2, 0xd805, 0xc1609c1, 0x8b0405c2, 0xc1610c1, 0x8b0405c2,
	0x61560505, 0x8b0405c2, 0xd805, 0x4f007005, 0x4f000513, 0x12000505, 0x14000505, 0x16000505,
	0x18000505, 0x1a000505, 0x1c000505, 0x1e000505, 0x20000505, 0x22000505, 0x24000505
};

static constexpr char16_t s_coll_viContexts[246] = {
	0x2b00, 0x59c, 0x1, 0x302, 0xec03, 0x586, 0x306, 0xec02, 0x586, 0x3300, 0x59c, 0x30,
	0x302, 0xf402, 0x586, 0x4700, 0x59c, 0x1, 0x302, 0xffff, 0x4802, 0x586, 0x31b, 0xffff,
	0x4803, 0x586, 0x5300, 0x59c, 0x30, 0x31b, 0xffff, 0x5402, 0x586, 0x2b00, 0x505, 0x1,
	0x302, 0xec03, 0x505, 0x306, 0xec02, 0x505, 0x3300, 0x505, 0x30, 0x302, 0xf402, 0x505,
	0x4700, 0x505, 0x1, 0x302, 0xffff, 0x4802, 0x505, 0x31b, 0xffff, 0x4803, 0x505, 0x5300,
	0x505, 0x30, 0x31b, 0xffff, 0x5402, 0x505, 0x2b9c, 0xa2c4, 0x1, 0x302, 0xc004, 0xa2c5,
	0x306, 0xc004, 0xe2c5, 0x2b05, 0xa2c4, 0x1, 0x302, 0xc005, 0x22c5, 0x306, 0xc005, 0x62c5,
	0x339c, 0xa2c4, 0x30, 0x302, 0xc006, 0x22c5, 0x3305, 0xa2c4, 0x30, 0x302, 0xc006, 0x62c5,
	0x539c, 0xa2c4, 0x30, 0x31b, 0xc009, 0xa2c5, 0x5305, 0xa2c4, 0x30, 0x31b, 0xc009, 0xe2c5,
	0x4803, 0x586, 0x30, 0x302, 0xc00a, 0xa2c5, 0x4803, 0x505, 0x30, 0x302, 0xc00a, 0xe2c5,
	0x479c, 0xa2c4, 0x1, 0x302, 0xc00b, 0xe2c5, 0x31b, 0xc00c, 0x22c5, 0x4705, 0xa2c4, 0x1,
	0x302, 0xc00c, 0x62c5, 0x31b, 0xc00c, 0xa2c5, 0x339c, 0xa0c4, 0x30, 0x302, 0xc00f, 0xa2c5,
	0x3305, 0xa0c4, 0x30, 0x302, 0xc00f, 0xe2c5, 0x2b9c, 0xc8c4, 0x1, 0x302, 0xc016, 0xa2c5,
	0x306, 0xc016, 0xe2c5, 0x2b05, 0xc8c4, 0x1, 0x302, 0xc017, 0x22c5, 0x306, 0xc017, 0x62c5,
	0x339c, 0xccc4, 0x30, 0x302, 0xc01a, 0x22c5, 0x3305, 0xccc4, 0x30, 0x302, 0xc01a, 0x62c5,
	0x339c, 0xd0c4, 0x30, 0x302, 0xc01a, 0xa2c5, 0x3305, 0xd0c4, 0x30, 0x302, 0xc01a, 0xe2c5,
	0x29, 0xe2c5, 0x1, 0x302, 0xc02a, 0x22c5, 0x306, 0xc02a, 0x62c5, 0x2a, 0xa2c5, 0x1,
	0x302, 0xc02a, 0xe2c5, 0x306, 0xc02b, 0x22c5, 0x2f, 0xe2c5, 0x30, 0x302, 0xc030, 0x22c5,
	0x30, 0x62c5, 0x30, 0x302, 0xc030, 0xa2c5, 0x34, 0xe2c5, 0x30, 0x302, 0xc035, 0x22c5,
	0x35, 0x62c5, 0x30, 0x302, 0xc035, 0xa2c5, 0x3a, 0x62c5, 0x30, 0x302, 0xc03a, 0xa3c5,
	0x3b, 0x2c5, 0x30, 0x302, 0xc03b, 0x43c5
};

static constexpr uint16_t s_coll_viFastLatin[508] = {
	0x205, 0xc40, 0xde0, 0xe80, 0xea8, 0x418, 0x0, 0x0, 0x0, 0x0, 0x0, 0x0,
	0x0, 0x0, 0xc00, 0xc08, 0xc10, 0xc18, 0xc20, 0x0, 0x0, 0x0, 0x0, 0x0,
	0x0, 0x0, 0x0, 0x0, 0x0, 0x0, 0x0, 0x0, 0x0, 0x0, 0x0, 0x0,
	0x0, 0xc40, 0xca8, 0xcf0, 0xd78, 0xe98, 0xd80, 0xd70, 0xcd8, 0xd08, 0xd10, 0xd58,
	0xe30, 0xc90, 0xc60, 0xcd0, 0xd60, 0x10a8, 0x14a8, 0x18a8, 0x1ca8, 0x20a8, 0x24a8, 0x28a8,
	0x2ca8, 0x30a8, 0x34a8, 0xca0, 0xc98, 0xe50, 0xe58, 0xe60, 0xcb8, 0xd50, 0x41a, 0x44b9,
	0x48b9, 0x4cb9, 0x41c, 0x5cb9, 0x60b9, 0x64b9, 0x68ba, 0x70ba, 0x74b9, 0x78b9, 0x7cb9, 0x80ba,
	0x41e, 0x90b9, 0x94b9, 0x9cb9, 0xa0ba, 0xa4b9, 0x420, 0xb0b9, 0xb4b9, 0xb8b9, 0xbcb9, 0xc0b9,
	0xd18, 0xd68, 0xd20, 0xdf8, 0xc50, 0xde8, 0x422, 0x44a8, 0x48a8, 0x4ca8, 0x424, 0x5ca8,
	0x60a8, 0x64a8, 0x68a8, 0x70a8, 0x74a8, 0x78a8, 0x7ca8, 0x80a8, 0x426, 0x90a8, 0x94a8, 0x9ca8,
	0xa0a8, 0xa4a8, 0x428, 0xb0a8, 0xb4a8, 0xb8a8, 0xbca8, 0xc0a8, 0xd28, 0xe70, 0xd30, 0xe80,
	0x0, 0x0, 0x0, 0x0, 0x0, 0x0, 0xc28, 0x0, 0x0, 0x0, 0x0, 0x0,
	0x0, 0x0, 0x0, 0x0, 0x0, 0x0, 0x0, 0x0, 0x0, 0x0, 0x0, 0x0,
	0x0, 0x0, 0x0, 0x0, 0x0, 0x0, 0x0, 0x0, 0x0, 0xc42, 0xcb0, 0xe90,
	0xea0, 0xe88, 0xea8, 0xe78, 0xd40, 0xe08, 0xe20, 0x38aa, 0xcf8, 0xe68, 0x0, 0xe28,
	0xe00, 0xe18, 0xe38, 0x18a9, 0x1ca9, 0xdf0, 0x1, 0xd48, 0x1, 0xe10, 0x14a9, 0x88aa,
	0xd00, 0x1, 0x1, 0x1, 0xcc0, 0x3999, 0x39d9, 0x40b9, 0x39b9, 0x3a79, 0x3a59, 0x800,
	0x4af9, 0x559a, 0x55da, 0x58b9, 0x567a, 0x699a, 0x69da, 0x6a1a, 0x6a7a, 0x4cd9, 0x81ba, 0x8999,
	0x89d9, 0x8cb9, 0x89b9, 0x8a79, 0xe48, 0x8ad9, 0xad99, 0xadd9, 0xae19, 0xae79, 0xbdd9, 0xc4b9,
	0x802, 0x3988, 0x39c8, 0x40a8, 0x39a8, 0x3a68, 0x3a48, 0x804, 0x4ae8, 0x5588, 0x55c8, 0x58a8,
	0x5668, 0x6988, 0x69c8, 0x6a08, 0x6a68, 0x4cc8, 0x81a8, 0x8988, 0x89c8, 0x8ca8, 0x89a8, 0x8a68,
	0xe40, 0x8ac8, 0xad88, 0xadc8, 0xae08, 0xae68, 0xbdc8, 0xc4a8, 0xbe68, 0x3b39, 0x3b28, 0x3cb9,
	0x3ca8, 0x42a, 0x42c, 0x49d9, 0x49c8, 0x4a19, 0x4a08, 0x4ab9, 0x4aa8, 0x4a39, 0x4a28, 0x4e39,
	0x4e28, 0x50b9, 0x50a8, 0x573a, 0x5728, 0x55fa, 0x55e8, 0x56ba, 0x56a8, 0x42e, 0x430, 0x563a,
	0x5628, 0x6219, 0x6208, 0x61f9, 0x61e8, 0x62b9, 0x62a8, 0x62f9, 0x62e8, 0x6619, 0x6608, 0x6759,
	0x6748, 0x69ba, 0x69a8, 0x6b3a, 0x6b28, 0x69fa, 0x69e8, 0x6b1a, 0x6b08, 0x6aba, 0x6ca8, 0x806,
	0x808, 0x721a, 0x7208, 0x76f9, 0x76e8, 0x98a8, 0x79d9, 0x79c8, 0x7af9, 0x7ae8, 0x7a39, 0x7a28,
	0x7b79, 0x7b68, 0x7b59, 0x7b48, 0x81da, 0x81c8, 0x82fa, 0x82e8, 0x823a, 0x8228, 0x80a, 0x84b9,
	0x84a8, 0x8b39, 0x8b28, 0x89f9, 0x89e8, 0x8a99, 0x8a88, 0x80c, 0x80e, 0x9dd9, 0x9dc8, 0x9ef9,
	0x9ee8, 0x9e39, 0x9e28, 0xa1da, 0xa1c8, 0xa21a, 0xa208, 0xa2fa, 0xa2e8, 0xa23a, 0xa228, 0xa6f9,
	0xa6e8, 0xa639, 0xa628, 0xa8b9, 0xa8a8, 0xadb9, 0xada8, 0xaf39, 0xaf28, 0xadf9, 0xade8, 0xae59,
	0xae48, 0xae99, 0xae88, 0x432, 0x434, 0xb619, 0xb608, 0xbe19, 0xbe08, 0xbe79, 0xc1d9, 0xc1c8,
	0xc2b9, 0xc2a8, 0xc239, 0xc228, 0xa0e8, 0xc41, 0xc41, 0xc41, 0xc41, 0xc41, 0xc41, 0xc41,
	0xc42, 0xc41, 0xc41, 0xc41, 0x0, 0x0, 0x0, 0x0, 0x0, 0xc68, 0xc69, 0xc70,
	0xc78, 0xc80, 0xc88, 0xd38, 0xc58, 0x1, 0x1, 0x1, 0x1, 0x1, 0x1, 0x1,
	0x1, 0xd98, 0xda0, 0xda8, 0xdb0, 0xcd1, 0x810, 0x1, 0xdb8, 0xc30, 0xc38, 0x0,
	0x0, 0x0, 0x0, 0x0, 0xc42, 0xd88, 0xd90, 0xdc0, 0x812, 0x1, 0xdc8, 0x814,
	0x1, 0xdd0, 0xce0, 0xce8, 0xdd8, 0x816, 0xcc8, 0xc48, 0xde0, 0x38d9, 0x54bb, 0xa0c8,
	0xa0a9, 0x38c8, 0x54a9, 0x68bb, 0x70bb, 0x68a9, 0x70a9, 0xc8a9, 0x80a9, 0x88d9, 0x54bb, 0x88c8,
	0x54a9, 0xcd1, 0xcd1, 0xdc1, 0xdc1, 0xdc9, 0xdc9, 0xca9, 0xca9, 0x5ff, 0x0, 0x5ff,
	0x38b9, 0x5ff, 0x54ba, 0x5ff, 0x88b9, 0x5ff, 0xacb9, 0x5ff, 0x38a8, 0x5ff, 0x54a8, 0x5ff,
	0x88a8, 0x5ff, 0xaca8, 0x5ff, 0x3b19, 0x5ff, 0x3b08, 0x5ff, 0x571a, 0x5ff, 0x5708, 0x5ff,
	0xaf19, 0x5ff, 0xaf08, 0x1ff
};

static constexpr uint16_t s_coll_viFastLatinPrimaries[384] = {
	0x0, 0x0, 0x0, 0x0, 0x0, 0x0, 0x0, 0x0, 0x0, 0xc00, 0xc08, 0xc10,
	0xc18, 0xc20, 0x0, 0x0, 0x0, 0x0, 0x0, 0x0, 0x0, 0x0, 0x0, 0x0,
	0x0, 0x0, 0x0, 0x0, 0x0, 0x0, 0x0, 0x0, 0xc40, 0xca8, 0xcf0, 0xd78,
	0xe98, 0xd80, 0xd70, 0xcd8, 0xd08, 0xd10, 0xd58, 0xe30, 0xc90, 0xc60, 0xcd0, 0xd60,
	0x1000, 0x1400, 0x1800, 0x1c00, 0x2000, 0x2400, 0x2800, 0x2c00, 0x3000, 0x3400, 0xca0, 0xc98,
	0xe50, 0xe58, 0xe60, 0xcb8, 0xd50, 0x0, 0x4400, 0x4800, 0x4c00, 0x0, 0x5c00, 0x6000,
	0x6400, 0x6800, 0x7000, 0x7400, 0x7800, 0x7c00, 0x8000, 0x0, 0x9000, 0x9400, 0x9c00, 0xa000,
	0xa400, 0x0, 0xb000, 0xb400, 0xb800, 0xbc00, 0xc000, 0xd18, 0xd68, 0xd20, 0xdf8, 0xc50,
	0xde8, 0x0, 0x4400, 0x4800, 0x4c00, 0x0, 0x5c00, 0x6000, 0x6400, 0x6800, 0x7000, 0x7400,
	0x7800, 0x7c00, 0x8000, 0x0, 0x9000, 0x9400, 0x9c00, 0xa000, 0xa400, 0x0, 0xb000, 0xb400,
	0xb800, 0xbc00, 0xc000, 0xd28, 0xe70, 0xd30, 0xe80, 0x0, 0x0, 0x0, 0x0, 0x0,
	0x0, 0xc28, 0x0, 0x0, 0x0, 0x0, 0x0, 0x0, 0x0, 0x0, 0x0, 0x0,
	0x0, 0x0, 0x0, 0x0, 0x0, 0x0, 0x0, 0x0, 0x0, 0x0, 0x0, 0x0,
	0x0, 0x0, 0x0, 0x0, 0xc40, 0xcb0, 0xe90, 0xea0, 0xe88, 0xea8, 0xe78, 0xd40,
	0xe08, 0xe20, 0x3800, 0xcf8, 0xe68, 0x0, 0xe28, 0xe00, 0xe18, 0xe38, 0x1800, 0x1c00,
	0xdf0, 0x0, 0xd48, 0x0, 0xe10, 0x1400, 0x8800, 0xd00, 0x0, 0x0, 0x0, 0xcc0,
	0x3800, 0x3800, 0x4000, 0x3800, 0x3800, 0x3800, 0x0, 0x4800, 0x5400, 0x5400, 0x5800, 0x5400,
	0x6800, 0x6800, 0x6800, 0x6800, 0x4c00, 0x8000, 0x8800, 0x8800, 0x8c00, 0x8800, 0x8800, 0xe48,
	0x8800, 0xac00, 0xac00, 0xac00, 0xac00, 0xbc00, 0xc400, 0x0, 0x3800, 0x3800, 0x4000, 0x3800,
	0x3800, 0x3800, 0x0, 0x4800, 0x5400, 0x5400, 0x5800, 0x5400, 0x6800, 0x6800, 0x6800, 0x6800,
	0x4c00, 0x8000, 0x8800, 0x8800, 0x8c00, 0x8800, 0x8800, 0xe40, 0x8800, 0xac00, 0xac00, 0xac00,
	0xac00, 0xbc00, 0xc400, 0xbc00, 0x3800, 0x3800, 0x3c00, 0x3c00, 0x0, 0x0, 0x4800, 0x4800,
	0x4800, 0x4800, 0x4800, 0x4800, 0x4800, 0x4800, 0x4c00, 0x4c00, 0x5000, 0x5000, 0x5400, 0x5400,
	0x5400, 0x5400, 0x5400, 0x5400, 0x0, 0x0, 0x5400, 0x5400, 0x6000, 0x6000, 0x6000, 0x6000,
	0x6000, 0x6000, 0x6000, 0x6000, 0x6400, 0x6400, 0x6400, 0x6400, 0x6800, 0x6800, 0x6800, 0x6800,
	0x6800, 0x6800, 0x6800, 0x6800, 0x6800, 0x6c00, 0x0, 0x0, 0x7000, 0x7000, 0x7400, 0x7400,
	0x9800, 0x7800, 0x7800, 0x7800, 0x7800, 0x7800, 0x7800, 0x7800, 0x7800, 0x7800, 0x7800, 0x8000,
	0x8000, 0x8000, 0x8000, 0x8000, 0x8000, 0x0, 0x8400, 0x8400, 0x8800, 0x8800, 0x8800, 0x8800,
	0x8800, 0x8800, 0x0, 0x0, 0x9c00, 0x9c00, 0x9c00, 0x9c00, 0x9c00, 0x9c00, 0xa000, 0xa000,
	0xa000, 0xa000, 0xa000, 0xa000, 0xa000, 0xa000, 0xa400, 0xa400, 0xa400, 0xa400, 0xa800, 0xa800,
	0xac00, 0xac00, 0xac00, 0xac00, 0xac00, 0xac00, 0xac00, 0xac00, 0xac00, 0xac00, 0x0, 0x0,
	0xb400, 0xb400, 0xbc00, 0xbc00, 0xbc00, 0xc000, 0xc000, 0xc000, 0xc000, 0xc000, 0xc000, 0xa000
};

static constexpr int32_t s_coll_viFastLatinMiniVarTop = 0xbff;

static constexpr uint32_t s_coll_viNumericPrimary = 0x10000000;
static constexpr int32_t s_coll_viOptions = 0x2011;
static constexpr int32_t s_coll_viJamoCe32sStart = -1;

static constexpr CollationData s_coll_azData = {
	{s_coll_azTrieIndex, s_coll_azTrieData, s_coll_azTrieIndexLength, s_coll_azTrieDataLength,
		s_coll_azTrieHighStart, s_coll_azTrieHighValueIndex},
	s_coll_azCe32s, 170,
	s_collRootCes, 2041,
	s_coll_azContexts, 239,
	&s_collRootData,
	s_collRootCe32s + s_collRootJamoCe32sStart,
	s_coll_azNumericPrimary,
	s_collRootCompressible,
	s_collRootUnsafeBwd, s_collRootUnsafeBwdLength,
	s_coll_azFastLatin, 512,
	s_coll_azFastLatinPrimaries,
	s_collRootNumScripts, s_collRootScripts + 1, s_collRootScripts + s_collRootScriptStartsOffset,
		s_collRootScriptStartsLength,
};

static constexpr CollationData s_coll_tkData = {
	{s_coll_tkTrieIndex, s_coll_tkTrieData, s_coll_tkTrieIndexLength, s_coll_tkTrieDataLength,
		s_coll_tkTrieHighStart, s_coll_tkTrieHighValueIndex},
	s_coll_tkCe32s, 145,
	s_collRootCes, 2041,
	s_coll_tkContexts, 377,
	&s_collRootData,
	s_collRootCe32s + s_collRootJamoCe32sStart,
	s_coll_tkNumericPrimary,
	s_collRootCompressible,
	s_collRootUnsafeBwd, s_collRootUnsafeBwdLength,
	s_coll_tkFastLatin, 524,
	s_coll_tkFastLatinPrimaries,
	s_collRootNumScripts, s_collRootScripts + 1, s_collRootScripts + s_collRootScriptStartsOffset,
		s_collRootScriptStartsLength,
};

static constexpr CollationData s_coll_trData = {
	{s_coll_trTrieIndex, s_coll_trTrieData, s_coll_trTrieIndexLength, s_coll_trTrieDataLength,
		s_coll_trTrieHighStart, s_coll_trTrieHighValueIndex},
	s_coll_trCe32s, 136,
	s_collRootCes, 2041,
	s_coll_trContexts, 239,
	&s_collRootData,
	s_collRootCe32s + s_collRootJamoCe32sStart,
	s_coll_trNumericPrimary,
	s_collRootCompressible,
	s_collRootUnsafeBwd, s_collRootUnsafeBwdLength,
	s_coll_trFastLatin, 512,
	s_coll_trFastLatinPrimaries,
	s_collRootNumScripts, s_collRootScripts + 1, s_collRootScripts + s_collRootScriptStartsOffset,
		s_collRootScriptStartsLength,
};

static constexpr CollationData s_coll_uzData = {
	{s_coll_uzTrieIndex, s_coll_uzTrieData, s_coll_uzTrieIndexLength, s_coll_uzTrieDataLength,
		s_coll_uzTrieHighStart, s_coll_uzTrieHighValueIndex},
	s_coll_uzCe32s, 49,
	s_coll_uzCes, 66,
	s_coll_uzContexts, 237,
	&s_collRootData,
	s_collRootCe32s + s_collRootJamoCe32sStart,
	s_coll_uzNumericPrimary,
	s_collRootCompressible,
	s_coll_uzUnsafeBwd, s_coll_uzUnsafeBwdLength,
	s_coll_uzFastLatin, 536,
	s_coll_uzFastLatinPrimaries,
	s_collRootNumScripts, s_collRootScripts + 1, s_collRootScripts + s_collRootScriptStartsOffset,
		s_collRootScriptStartsLength,
};

static constexpr CollationData s_coll_viData = {
	{s_coll_viTrieIndex, s_coll_viTrieData, s_coll_viTrieIndexLength, s_coll_viTrieDataLength,
		s_coll_viTrieHighStart, s_coll_viTrieHighValueIndex},
	s_coll_viCe32s, 671,
	s_collRootCes, 2041,
	s_coll_viContexts, 246,
	&s_collRootData,
	s_collRootCe32s + s_collRootJamoCe32sStart,
	s_coll_viNumericPrimary,
	s_collRootCompressible,
	s_collRootUnsafeBwd, s_collRootUnsafeBwdLength,
	s_coll_viFastLatin, 508,
	s_coll_viFastLatinPrimaries,
	s_collRootNumScripts, s_collRootScripts + 1, s_collRootScripts + s_collRootScriptStartsOffset,
		s_collRootScriptStartsLength,
};

static constexpr CollationTailoring s_coll_azTailoring = {
	&s_coll_azData,
	s_coll_azOptions,
	s_coll_azReorderTable,
	nullptr, 0, 0,
};

static constexpr CollationTailoring s_coll_tkTailoring = {
	&s_coll_tkData,
	s_coll_tkOptions,
	nullptr,
	nullptr, 0, 0,
};

static constexpr CollationTailoring s_coll_trTailoring = {
	&s_coll_trData,
	s_coll_trOptions,
	nullptr,
	nullptr, 0, 0,
};

static constexpr CollationTailoring s_coll_uzTailoring = {
	&s_coll_uzData,
	s_coll_uzOptions,
	nullptr,
	nullptr, 0, 0,
};

static constexpr CollationTailoring s_coll_viTailoring = {
	&s_coll_viData,
	s_coll_viOptions,
	nullptr,
	nullptr, 0, 0,
};

} // namespace sprt::unicode::detail
