/**
 Copyright (c) 2026 Xenolith Team <admin@xenolith.studio>

 Permission is hereby granted, free of charge, to any person obtaining a copy
 of this software and associated documentation files (the "Software"), to deal
 in the Software without restriction, including without limitation the rights
 to use, copy, modify, merge, publish, distribute, sublicense, and/or sell
 copies of the Software, and to permit persons to whom the Software is
 furnished to do so, subject to the following conditions:

 The above copyright notice and this permission notice shall be included in
 all copies or substantial portions of the Software.

 THE SOFTWARE IS PROVIDED "AS IS", WITHOUT WARRANTY OF ANY KIND, EXPRESS OR
 IMPLIED, INCLUDING BUT NOT LIMITED TO THE WARRANTIES OF MERCHANTABILITY,
 FITNESS FOR A PARTICULAR PURPOSE AND NONINFRINGEMENT. IN NO EVENT SHALL THE
 AUTHORS OR COPYRIGHT HOLDERS BE LIABLE FOR ANY CLAIM, DAMAGES OR OTHER
 LIABILITY, WHETHER IN AN ACTION OF CONTRACT, TORT OR OTHERWISE, ARISING FROM,
 OUT OF OR IN CONNECTION WITH THE SOFTWARE OR THE USE OR OTHER DEALINGS IN
 THE SOFTWARE.
 **/

// © 2016 and later: Unicode, Inc. and others.
// License & terms of use: http://www.unicode.org/copyright.html
// Copyright (C) 1999-2016, International Business Machines Corporation and others.
// All Rights Reserved.
//
// GENERATED FILE - do not edit.  Produced by
// runtime/src/unicode/data/gen-collation-tables.py from the icu4c checkout in
// runtime/toolchains/src/icu4c.  See data/README.adoc to regenerate.

// Collation tailorings: Latin, Slavic and Baltic.
//
// Each of these sits on top of the root table: its trie answers with
// FallbackCE32 for every character the language does not move, and the
// engine follows the base from there.

///@ SP_EXCLUDE

#pragma once

namespace sprt::unicode::detail {

static constexpr uint16_t s_coll_bsTrieIndex[2112] = {
	0x0, 0x8, 0x10, 0x18, 0x30, 0x38, 0x40, 0x48, 0x50, 0x58, 0x59, 0x61, 0x30, 0x38, 0x69, 0x71,
	0x73, 0x7b, 0x30, 0x38, 0x30, 0x38, 0x30, 0x38, 0x30, 0x38, 0x30, 0x38, 0x30, 0x38, 0x30, 0x38,
	0x30, 0x38, 0x30, 0x38, 0x30, 0x38, 0x30, 0x38, 0x30, 0x38, 0x30, 0x38, 0x30, 0x38, 0x30, 0x38,
	0x30, 0x38, 0x30, 0x38, 0x30, 0x38, 0x30, 0x38, 0x30, 0x38, 0x30, 0x38, 0x30, 0x38, 0x30, 0x38,
	0x30, 0x30, 0x30, 0x30, 0x30, 0x30, 0x30, 0x30, 0x30, 0x30, 0x30, 0x30, 0x30, 0x30, 0x30, 0x30,
	0x30, 0x30, 0x30, 0x30, 0x30, 0x30, 0x30, 0x30, 0x30, 0x30, 0x30, 0x30, 0x30, 0x30, 0x30, 0x30,
	0x30, 0x30, 0x30, 0x30, 0x30, 0x30, 0x30, 0x30, 0x30, 0x30, 0x30, 0x30, 0x30, 0x30, 0x30, 0x30,
	0x30, 0x30, 0x30, 0x30, 0x30, 0x30, 0x30, 0x30, 0x30, 0x30, 0x30, 0x30, 0x30, 0x30, 0x30, 0x30,
	0x30, 0x30, 0x30, 0x30, 0x30, 0x30, 0x30, 0x30, 0x30, 0x30, 0x30, 0x30, 0x30, 0x30, 0x30, 0x30,
	0x30, 0x30, 0x30, 0x30, 0x30, 0x30, 0x30, 0x30, 0x30, 0x30, 0x30, 0x30, 0x30, 0x30, 0x30, 0x30,
	0x30, 0x30, 0x30, 0x30, 0x30, 0x30, 0x30, 0x30, 0x30, 0x30, 0x30, 0x30, 0x30, 0x30, 0x30, 0x30,
	0x30, 0x30, 0x30, 0x30, 0x30, 0x30, 0x30, 0x30, 0x30, 0x30, 0x30, 0x30, 0x30, 0x30, 0x30, 0x30,
	0x30, 0x30, 0x30, 0x30, 0x30, 0x30, 0x30, 0x30, 0x30, 0x30, 0x30, 0x30, 0x30, 0x30, 0x30, 0x30,
	0x30, 0x30, 0x30, 0x30, 0x30, 0x30, 0x30, 0x30, 0x30, 0x30, 0x30, 0x30, 0x30, 0x30, 0x30, 0x30,
	0x30, 0x30, 0x30, 0x30, 0x30, 0x30, 0x30, 0x30, 0x30, 0x30, 0x30, 0x30, 0x30, 0x30, 0x30, 0x30,
	0x91, 0x30, 0x30, 0x99, 0x9d, 0x30, 0x30, 0x30, 0x30, 0x30, 0x30, 0x30, 0x30, 0x30, 0x30, 0x30,
	0x30, 0x30, 0x30, 0x30, 0x30, 0x30, 0x30, 0x30, 0x30, 0x30, 0x30, 0x30, 0x30, 0x30, 0x30, 0x30,
	0x30, 0x30, 0x30, 0x30, 0x30, 0x30, 0x30, 0x30, 0x30, 0x30, 0x30, 0x30, 0x30, 0x30, 0x30, 0x30,
	0x30, 0x30, 0x30, 0x30, 0x30, 0x30, 0x30, 0x30, 0x30, 0x30, 0x30, 0x30, 0x30, 0x30, 0x30, 0x30,
	0x30, 0x30, 0x30, 0x30, 0x30, 0x30, 0x30, 0x30, 0x30, 0x30, 0x30, 0x30, 0x30, 0x30, 0x30, 0x30,
	0x30, 0x30, 0x30, 0x30, 0x30, 0x30, 0x30, 0x30, 0x30, 0x30, 0x30, 0x30, 0x30, 0x30, 0x30, 0x30,
	0x30, 0x30, 0x30, 0x30, 0x30, 0x30, 0x30, 0x30, 0x30, 0x30, 0x30, 0x30, 0x30, 0x30, 0x30, 0x30,
	0x30, 0x30, 0x30, 0x30, 0x30, 0x30, 0x30, 0x30, 0x30, 0x30, 0x30, 0x30, 0x30, 0x30, 0x30, 0x30,
	0x30, 0x30, 0x30, 0x30, 0x30, 0x30, 0x30, 0x30, 0x30, 0x30, 0x30, 0x30, 0x30, 0x30, 0x30, 0x30,
	0x30, 0x30, 0x30, 0x30, 0x30, 0x30, 0x30, 0x30, 0x30, 0x30, 0x30, 0x30, 0x30, 0x30, 0x30, 0x30,
	0x30, 0x30, 0x30, 0x30, 0x30, 0x30, 0x30, 0x30, 0x30, 0x30, 0x30, 0x30, 0x30, 0x30, 0x30, 0x30,
	0x30, 0x30, 0x30, 0x30, 0x30, 0x30, 0x30, 0x30, 0x30, 0x30, 0x30, 0x30, 0x30, 0x30, 0x30, 0x30,
	0x30, 0x30, 0x30, 0x30, 0x30, 0x30, 0x30, 0x30, 0x30, 0x30, 0x30, 0x30, 0x30, 0x30, 0x30, 0x30,
	0x30, 0x30, 0x30, 0x30, 0x30, 0x30, 0x30, 0x30, 0x30, 0x30, 0x30, 0x30, 0x30, 0x30, 0x30, 0x30,
	0x30, 0x30, 0x30, 0x30, 0x30, 0x30, 0x30, 0x30, 0x30, 0x30, 0x30, 0x30, 0x30, 0x30, 0x30, 0x30,
	0x30, 0x30, 0x30, 0x30, 0x30, 0x30, 0x30, 0x30, 0x30, 0x30, 0x30, 0x30, 0x30, 0x30, 0x30, 0x30,
	0x30, 0x30, 0x30, 0x30, 0x30, 0x30, 0x30, 0x30, 0x30, 0x30, 0x30, 0x30, 0x30, 0x30, 0x30, 0x30,
	0x30, 0x30, 0x30, 0x30, 0x30, 0x30, 0x30, 0x30, 0x30, 0x30, 0x30, 0x30, 0x30, 0x30, 0x30, 0x30,
	0x30, 0x30, 0x30, 0x30, 0x30, 0x30, 0x30, 0x30, 0x30, 0x30, 0x30, 0x30, 0x30, 0x30, 0x30, 0x30,
	0x30, 0x30, 0x30, 0x30, 0x30, 0x30, 0x30, 0x30, 0x30, 0x30, 0x30, 0x30, 0x30, 0x30, 0x30, 0x30,
	0x30, 0x30, 0x30, 0x30, 0x30, 0x30, 0x30, 0x30, 0x30, 0x30, 0x30, 0x30, 0x30, 0x30, 0x30, 0x30,
	0x30, 0x30, 0x30, 0x30, 0x30, 0x30, 0x30, 0x30, 0x30, 0x30, 0x30, 0x30, 0x30, 0x30, 0x30, 0x30,
	0x30, 0x30, 0x30, 0x30, 0x30, 0x30, 0x30, 0x30, 0x30, 0x30, 0x30, 0x30, 0x30, 0x30, 0x30, 0x30,
	0x30, 0x30, 0x30, 0x30, 0x30, 0x30, 0x30, 0x30, 0x30, 0x30, 0x30, 0x30, 0x30, 0x30, 0x30, 0x30,
	0x30, 0x30, 0x30, 0x30, 0x30, 0x30, 0x30, 0x30, 0x30, 0x30, 0x30, 0x30, 0x30, 0x30, 0x30, 0x30,
	0x30, 0x30, 0x30, 0x30, 0x30, 0x30, 0x30, 0x30, 0x30, 0x30, 0x30, 0x30, 0x30, 0x30, 0x30, 0x30,
	0x30, 0x30, 0x30, 0x30, 0x30, 0x30, 0x30, 0x30, 0x30, 0x30, 0x30, 0x30, 0x30, 0x30, 0x30, 0x30,
	0x30, 0x30, 0x30, 0x30, 0x30, 0x30, 0x30, 0x30, 0x30, 0x30, 0x30, 0x30, 0x30, 0x30, 0x30, 0x30,
	0x30, 0x30, 0x30, 0x30, 0x30, 0x30, 0x30, 0x30, 0x30, 0x30, 0x30, 0x30, 0x30, 0x30, 0x30, 0x30,
	0x30, 0x30, 0x30, 0x30, 0x30, 0x30, 0x30, 0x30, 0x30, 0x30, 0x30, 0x30, 0x30, 0x30, 0x30, 0x30,
	0x30, 0x30, 0x30, 0x30, 0x30, 0x30, 0x30, 0x30, 0x30, 0x30, 0x30, 0x30, 0x30, 0x30, 0x30, 0x30,
	0x30, 0x30, 0x30, 0x30, 0x30, 0x30, 0x30, 0x30, 0x30, 0x30, 0x30, 0x30, 0x30, 0x30, 0x30, 0x30,
	0x30, 0x30, 0x30, 0x30, 0x30, 0x30, 0x30, 0x30, 0x30, 0x30, 0x30, 0x30, 0x30, 0x30, 0x30, 0x30,
	0x30, 0x30, 0x30, 0x30, 0x30, 0x30, 0x30, 0x30, 0x30, 0x30, 0x30, 0x30, 0x30, 0x30, 0x30, 0x30,
	0x30, 0x30, 0x30, 0x30, 0x30, 0x30, 0x30, 0x30, 0x30, 0x30, 0x30, 0x30, 0x30, 0x30, 0x30, 0x30,
	0x30, 0x30, 0x30, 0x30, 0x30, 0x30, 0x30, 0x30, 0x30, 0x30, 0x30, 0x30, 0x30, 0x30, 0x30, 0x30,
	0x30, 0x30, 0x30, 0x30, 0x30, 0x30, 0x30, 0x30, 0x30, 0x30, 0x30, 0x30, 0x30, 0x30, 0x30, 0x30,
	0x30, 0x30, 0x30, 0x30, 0x30, 0x30, 0x30, 0x30, 0x30, 0x30, 0x30, 0x30, 0x30, 0x30, 0x30, 0x30,
	0x30, 0x30, 0x30, 0x30, 0x30, 0x30, 0x30, 0x30, 0x30, 0x30, 0x30, 0x30, 0x30, 0x30, 0x30, 0x30,
	0x30, 0x30, 0x30, 0x30, 0x30, 0x30, 0x30, 0x30, 0x30, 0x30, 0x30, 0x30, 0x30, 0x30, 0x30, 0x30,
	0x30, 0x30, 0x30, 0x30, 0x30, 0x30, 0x30, 0x30, 0x30, 0x30, 0x30, 0x30, 0x30, 0x30, 0x30, 0x30,
	0x30, 0x30, 0x30, 0x30, 0x30, 0x30, 0x30, 0x30, 0x30, 0x30, 0x30, 0x30, 0x30, 0x30, 0x30, 0x30,
	0x30, 0x30, 0x30, 0x30, 0x30, 0x30, 0x30, 0x30, 0x30, 0x30, 0x30, 0x30, 0x30, 0x30, 0x30, 0x30,
	0x30, 0x30, 0x30, 0x30, 0x30, 0x30, 0x30, 0x30, 0x30, 0x30, 0x30, 0x30, 0x30, 0x30, 0x30, 0x30,
	0x30, 0x30, 0x30, 0x30, 0x30, 0x30, 0x30, 0x30, 0x30, 0x30, 0x30, 0x30, 0x30, 0x30, 0x30, 0x30,
	0x30, 0x30, 0x30, 0x30, 0x30, 0x30, 0x30, 0x30, 0x30, 0x30, 0x30, 0x30, 0x30, 0x30, 0x30, 0x30,
	0x30, 0x30, 0x30, 0x30, 0x30, 0x30, 0x30, 0x30, 0x30, 0x30, 0x30, 0x30, 0x30, 0x30, 0x30, 0x30,
	0x30, 0x30, 0x30, 0x30, 0x30, 0x30, 0x30, 0x30, 0x30, 0x30, 0x30, 0x30, 0x30, 0x30, 0x30, 0x30,
	0x30, 0x30, 0x30, 0x30, 0x30, 0x30, 0x30, 0x30, 0x30, 0x30, 0x30, 0x30, 0x30, 0x30, 0x30, 0x30,
	0x30, 0x30, 0x30, 0x30, 0x30, 0x30, 0x30, 0x30, 0x30, 0x30, 0x30, 0x30, 0x30, 0x30, 0x30, 0x30,
	0x30, 0x30, 0x30, 0x30, 0x30, 0x30, 0x30, 0x30, 0x30, 0x30, 0x30, 0x30, 0x30, 0x30, 0x30, 0x30,
	0x30, 0x30, 0x30, 0x30, 0x30, 0x30, 0x30, 0x30, 0x30, 0x30, 0x30, 0x30, 0x30, 0x30, 0x30, 0x30,
	0x30, 0x30, 0x30, 0x30, 0x30, 0x30, 0x30, 0x30, 0x30, 0x30, 0x30, 0x30, 0x30, 0x30, 0x30, 0x30,
	0x30, 0x30, 0x30, 0x30, 0x30, 0x30, 0x30, 0x30, 0x30, 0x30, 0x30, 0x30, 0x30, 0x30, 0x30, 0x30,
	0x30, 0x30, 0x30, 0x30, 0x30, 0x30, 0x30, 0x30, 0x30, 0x30, 0x30, 0x30, 0x30, 0x30, 0x30, 0x30,
	0x30, 0x30, 0x30, 0x30, 0x30, 0x30, 0x30, 0x30, 0x30, 0x30, 0x30, 0x30, 0x30, 0x30, 0x30, 0x30,
	0x30, 0x30, 0x30, 0x30, 0x30, 0x30, 0x30, 0x30, 0x30, 0x30, 0x30, 0x30, 0x30, 0x30, 0x30, 0x30,
	0x30, 0x30, 0x30, 0x30, 0x30, 0x30, 0x30, 0x30, 0x30, 0x30, 0x30, 0x30, 0x30, 0x30, 0x30, 0x30,
	0x30, 0x30, 0x30, 0x30, 0x30, 0x30, 0x30, 0x30, 0x30, 0x30, 0x30, 0x30, 0x30, 0x30, 0x30, 0x30,
	0x30, 0x30, 0x30, 0x30, 0x30, 0x30, 0x30, 0x30, 0x30, 0x30, 0x30, 0x30, 0x30, 0x30, 0x30, 0x30,
	0x30, 0x30, 0x30, 0x30, 0x30, 0x30, 0x30, 0x30, 0x30, 0x30, 0x30, 0x30, 0x30, 0x30, 0x30, 0x30,
	0x30, 0x30, 0x30, 0x30, 0x30, 0x30, 0x30, 0x30, 0x30, 0x30, 0x30, 0x30, 0x30, 0x30, 0x30, 0x30,
	0x30, 0x30, 0x30, 0x30, 0x30, 0x30, 0x30, 0x30, 0x30, 0x30, 0x30, 0x30, 0x30, 0x30, 0x30, 0x30,
	0x30, 0x30, 0x30, 0x30, 0x30, 0x30, 0x30, 0x30, 0x30, 0x30, 0x30, 0x30, 0x30, 0x30, 0x30, 0x30,
	0x30, 0x30, 0x30, 0x30, 0x30, 0x30, 0x30, 0x30, 0x30, 0x30, 0x30, 0x30, 0x30, 0x30, 0x30, 0x30,
	0x30, 0x30, 0x30, 0x30, 0x30, 0x30, 0x30, 0x30, 0x30, 0x30, 0x30, 0x30, 0x30, 0x30, 0x30, 0x30,
	0x30, 0x30, 0x30, 0x30, 0x30, 0x30, 0x30, 0x30, 0x30, 0x30, 0x30, 0x30, 0x30, 0x30, 0x30, 0x30,
	0x30, 0x30, 0x30, 0x30, 0x30, 0x30, 0x30, 0x30, 0x30, 0x30, 0x30, 0x30, 0x30, 0x30, 0x30, 0x30,
	0x30, 0x30, 0x30, 0x30, 0x30, 0x30, 0x30, 0x30, 0x30, 0x30, 0x30, 0x30, 0x30, 0x30, 0x30, 0x30,
	0x30, 0x30, 0x30, 0x30, 0x30, 0x30, 0x30, 0x30, 0x30, 0x30, 0x30, 0x30, 0x30, 0x30, 0x30, 0x30,
	0x30, 0x30, 0x30, 0x30, 0x30, 0x30, 0x30, 0x30, 0x30, 0x30, 0x30, 0x30, 0x30, 0x30, 0x30, 0x30,
	0xa5, 0xa5, 0xa5, 0xa5, 0xa5, 0xa5, 0xa5, 0xa5, 0xa5, 0xa5, 0xa5, 0xa5, 0xa5, 0xa5, 0xa5, 0xa5,
	0xa5, 0xa5, 0xa5, 0xa5, 0xa5, 0xa5, 0xa5, 0xa5, 0xa5, 0xa5, 0xa5, 0xa5, 0xa5, 0xa5, 0xa5, 0xa5,
	0xa5, 0xa5, 0xa5, 0xa5, 0xa5, 0xa5, 0xa5, 0xa5, 0xa5, 0xa5, 0xa5, 0xa5, 0xa5, 0xa5, 0xa5, 0xa5,
	0xa5, 0xa5, 0xa5, 0xa5, 0xa5, 0xa5, 0xa5, 0xa5, 0xa5, 0xa5, 0xa5, 0xa5, 0xa5, 0xa5, 0xa5, 0xa5,
	0xa5, 0xa5, 0xa5, 0xa5, 0xa5, 0xa5, 0xa5, 0xa5, 0xa5, 0xa5, 0xa5, 0xa5, 0xa5, 0xa5, 0xa5, 0xa5,
	0xa5, 0xa5, 0xa5, 0xa5, 0xa5, 0xa5, 0xa5, 0xa5, 0xa5, 0xa5, 0xa5, 0xa5, 0xa5, 0xa5, 0xa5, 0xa5,
	0xa5, 0xa5, 0xa5, 0xa5, 0xa5, 0xa5, 0xa5, 0xa5, 0xa5, 0xa5, 0xa5, 0xa5, 0xa5, 0xa5, 0xa5, 0xa5,
	0xa5, 0xa5, 0xa5, 0xa5, 0xa5, 0xa5, 0xa5, 0xa5, 0xa5, 0xa5, 0xa5, 0xa5, 0xa5, 0xa5, 0xa5, 0xa5,
	0xa5, 0xa5, 0xa5, 0xa5, 0xa5, 0xa5, 0xa5, 0xa5, 0xa5, 0xa5, 0xa5, 0xa5, 0xa5, 0xa5, 0xa5, 0xa5,
	0xa5, 0xa5, 0xa5, 0xa5, 0xa5, 0xa5, 0xa5, 0xa5, 0xa5, 0xa5, 0xa5, 0xa5, 0xa5, 0xa5, 0xa5, 0xa5,
	0xa5, 0xa5, 0xa5, 0xa5, 0xa5, 0xa5, 0xa5, 0xa5, 0xa5, 0xa5, 0xa5, 0xa5, 0xa5, 0xa5, 0xa5, 0xa5,
	0xa5, 0xa5, 0xa5, 0xa5, 0xa5, 0xa5, 0xa5, 0xa5, 0xa5, 0xa5, 0xa5, 0xa5, 0xa5, 0xa5, 0xa5, 0xa5,
	0xa5, 0xa5, 0xa5, 0xa5, 0xa5, 0xa5, 0xa5, 0xa5, 0xa5, 0xa5, 0xa5, 0xa5, 0xa5, 0xa5, 0xa5, 0xa5,
	0xa5, 0xa5, 0xa5, 0xa5, 0xa5, 0xa5, 0xa5, 0xa5, 0xa5, 0xa5, 0xa5, 0xa5, 0xa5, 0xa5, 0xa5, 0xa5,
	0xa5, 0xa5, 0xa5, 0xa5, 0xa5, 0xa5, 0xa5, 0xa5, 0xa5, 0xa5, 0xa5, 0xa5, 0xa5, 0xa5, 0xa5, 0xa5,
	0xa5, 0xa5, 0xa5, 0xa5, 0xa5, 0xa5, 0xa5, 0xa5, 0xa5, 0xa5, 0xa5, 0xa5, 0xa5, 0xa5, 0xa5, 0xa5,
	0xa5, 0xa5, 0xa5, 0xa5, 0xa5, 0xa5, 0xa5, 0xa5, 0xa5, 0xa5, 0xa5, 0xa5, 0xa5, 0xa5, 0xa5, 0xa5,
	0xa5, 0xa5, 0xa5, 0xa5, 0xa5, 0xa5, 0xa5, 0xa5, 0xa5, 0xa5, 0xa5, 0xa5, 0xa5, 0xa5, 0xa5, 0xa5,
	0xa5, 0xa5, 0xa5, 0xa5, 0xa5, 0xa5, 0xa5, 0xa5, 0xa5, 0xa5, 0xa5, 0xa5, 0xa5, 0xa5, 0xa5, 0xa5,
	0xa5, 0xa5, 0xa5, 0xa5, 0xa5, 0xa5, 0xa5, 0xa5, 0xa5, 0xa5, 0xa5, 0xa5, 0xa5, 0xa5, 0xa5, 0xa5,
	0xa5, 0xa5, 0xa5, 0xa5, 0xa5, 0xa5, 0xa5, 0xa5, 0xa5, 0xa5, 0xa5, 0xa5, 0xa5, 0xa5, 0xa5, 0xa5,
	0xa5, 0xa5, 0xa5, 0xa5, 0xa5, 0xa5, 0xa5, 0xa5, 0xa5, 0xa5, 0xa5, 0xa5, 0xa5, 0x8b, 0x30, 0x30,
	0x83, 0x83, 0x83, 0x83, 0x83, 0x83, 0x83, 0x83, 0x83, 0x83, 0x83, 0x83, 0x83, 0x83, 0x83, 0x83,
	0x83, 0x83, 0x83, 0x83, 0x83, 0x83, 0x83, 0x83, 0x83, 0x83, 0x83, 0x83, 0x83, 0x83, 0x83, 0x83,
	0x30, 0x30, 0x30, 0x30, 0x30, 0x30, 0x30, 0x30, 0x30, 0x30, 0x30, 0x30, 0x30, 0x30, 0x30, 0x30,
	0x30, 0x30, 0x30, 0x30, 0x30, 0x30, 0x30, 0x30, 0x30, 0x30, 0x30, 0x30, 0x30, 0x30, 0x30, 0x30,
	0x30, 0x30, 0x30, 0x30, 0x30, 0x30, 0x30, 0x30, 0x30, 0x30, 0x30, 0x30, 0x30, 0x30, 0x30, 0x30,
	0x30, 0x30, 0x30, 0x30, 0x30, 0x30, 0x30, 0x30, 0x30, 0x30, 0x30, 0x30, 0x30, 0x30, 0x30, 0x30,
	0x30, 0x30, 0x30, 0x30, 0x30, 0x30, 0x30, 0x30, 0x30, 0x30, 0x30, 0x30, 0x30, 0x30, 0x30, 0x30,
	0x30, 0x30, 0x30, 0x30, 0x30, 0x30, 0x30, 0x30, 0x30, 0x30, 0x30, 0x30, 0x30, 0x30, 0x30, 0x30,
	0x30, 0x30, 0x30, 0x30, 0x30, 0x30, 0x30, 0x30, 0x30, 0x30, 0x30, 0x30, 0x30, 0x30, 0x30, 0x30,
	0x30, 0x30, 0x30, 0x30, 0x30, 0x30, 0x30, 0x30, 0x30, 0x30, 0x30, 0x30, 0x30, 0x30, 0x30, 0x30,
	0x30, 0x30, 0x30, 0x30, 0x30, 0x30, 0x30, 0x30, 0x30, 0x30, 0x30, 0x30, 0x30, 0x30, 0x30, 0x30,
	0x30, 0x30, 0x30, 0x30, 0x30, 0x30, 0x30, 0x30, 0x30, 0x30, 0x30, 0x30, 0x30, 0x30, 0x30, 0x30,
	0x30, 0x30, 0x30, 0x30, 0x30, 0x30, 0x30, 0x30, 0x30, 0x30, 0x30, 0x30, 0x30, 0x30, 0x30, 0x30,
	0x30, 0x30, 0x30, 0x30, 0x30, 0x30, 0x30, 0x30, 0x30, 0x30, 0x30, 0x30, 0x30, 0x30, 0x30, 0x30,
	0x30, 0x30, 0x30, 0x30, 0x30, 0x30, 0x30, 0x30, 0x30, 0x30, 0x30, 0x30, 0x30, 0x30, 0x30, 0x30,
	0x30, 0x30, 0x30, 0x30, 0x30, 0x30, 0x30, 0x30, 0x30, 0x30, 0x30, 0x30, 0x30, 0x30, 0x30, 0x30,
	0x30, 0x30, 0x30, 0x30, 0x30, 0x30, 0x30, 0x30, 0x30, 0x30, 0x30, 0x30, 0x30, 0x30, 0x30, 0x30,
	0x30, 0x30, 0x30, 0x30, 0x30, 0x30, 0x30, 0x30, 0x30, 0x30, 0x30, 0x30, 0x30, 0x30, 0x30, 0x30,
	0x30, 0x30, 0x30, 0x30, 0x30, 0x30, 0x30, 0x30, 0x30, 0x30, 0x30, 0x30, 0x30, 0x30, 0x30, 0x30,
	0x30, 0x30, 0x30, 0x30, 0x30, 0x30, 0x30, 0x30, 0x30, 0x30, 0x30, 0x30, 0x30, 0x30, 0x30, 0x30,
	0x30, 0x30, 0x30, 0x30, 0x30, 0x30, 0x30, 0x30, 0x30, 0x30, 0x30, 0x30, 0x30, 0x30, 0x30, 0x30,
	0x30, 0x30, 0x30, 0x30, 0x30, 0x30, 0x30, 0x30, 0x30, 0x30, 0x30, 0x30, 0x30, 0x30, 0x30, 0x30,
	0x80, 0x80, 0xc0, 0x100, 0x140, 0x164, 0xc0, 0x1a4, 0x1cc, 0xc0, 0xc0, 0xc0, 0xc0, 0xc0, 0xc0, 0xc0,
	0xc0, 0xc0, 0xc0, 0xc0, 0xc0, 0xc0, 0xc0, 0xc0, 0xc0, 0xc0, 0xc0, 0xc0, 0xc0, 0xc0, 0xc0, 0xc0
};

static constexpr uint32_t s_coll_bsTrieData[696] = {
	0xcb, 0x0, 0x0, 0x0, 0x0, 0x0, 0x0, 0x0,
	0x0, 0x3040505, 0x3060505, 0x3080505, 0x30a0505, 0x30c0505, 0x0, 0x0,
	0x0, 0x0, 0x0, 0x0, 0x0, 0x0, 0x0, 0x0,
	0x0, 0x0, 0x0, 0x0, 0x0, 0x0, 0x0, 0x0,
	0x4000505, 0x75a0505, 0x9760505, 0xa940505, 0xda90505, 0xa960505, 0xa8e0505, 0x9700505,
	0x97c0505, 0x97e0505, 0xa7e0505, 0xc7b0505, 0x6000505, 0x50e0505, 0x8000505, 0xa880505,
	0x760ca, 0x781ca, 0x7a2ca, 0x7c3ca, 0x7e4ca, 0x805ca, 0x826ca, 0x847ca,
	0x868ca, 0x889ca, 0x7360505, 0x72a0505, 0xc850505, 0xc870505, 0xc890505, 0x7640505,
	0xa7c0505, 0x2b00059c, 0x2d00059c, 0x6c9, 0x184c9, 0x3300059c, 0x3500059c, 0x3700059c,
	0x3900059c, 0x3b00059c, 0x3d00059c, 0x3f00059c, 0x420c9, 0x4300059c, 0x680c9, 0x4700059c,
	0x4900059c, 0x4b00059c, 0x4d00059c, 0x906c9, 0x5100059c, 0x5300059c, 0x5500059c, 0x570005a0,
	0x5900059c, 0x5b00059c, 0x9e6c9, 0x9800505, 0xa8a0505, 0x9820505, 0xc0a0505, 0x50a0505,
	0xc040505, 0x2b000505, 0x2d000505, 0xac6c9, 0xc44c9, 0x33000505, 0x35000505, 0x37000505,
	0x39000505, 0x3b000505, 0x3d000505, 0x3f000505, 0xdc0c9, 0x43000505, 0xf60c9, 0x47000505,
	0x49000505, 0x4b000505, 0x4d000505, 0x1106c9, 0x51000505, 0x53000505, 0x55000505, 0x57000505,
	0x59000505, 0x5b000505, 0x11e6c9, 0x9840505, 0xc8d0505, 0x9860505, 0xc910505, 0x0,
	0xfffd0505, 0xfffd0505, 0xfffd0505, 0xfffd0505, 0xfffd0505, 0xfffd0505, 0xfffd0505, 0xfffd0505,
	0xfffd0505, 0xfffd0505, 0xfffd0505, 0xfffd0505, 0xfffd0505, 0xfffd0505, 0xfffd0505, 0xfffd0505,
	0xfffd0505, 0xfffd0505, 0xfffd0505, 0xfffd0505, 0xfffd0505, 0xfffd0505, 0xfffd0505, 0xfffd0505,
	0xfffd0505, 0xfffd0505, 0xfffd0505, 0xfffd0505, 0xfffd0505, 0xfffd0505, 0xfffd0505, 0xfffd0505,
	0xfffd0505, 0xfffd0505, 0xfffd0505, 0xfffd0505, 0xfffd0505, 0xfffd0505, 0xfffd0505, 0xfffd0505,
	0xfffd0505, 0xfffd0505, 0xfffd0505, 0xfffd0505, 0xfffd0505, 0xfffd0505, 0xfffd0505, 0xfffd0505,
	0xfffd0505, 0xfffd0505, 0xfffd0505, 0xfffd0505, 0xfffd0505, 0xfffd0505, 0xfffd0505, 0xfffd0505,
	0xfffd0505, 0xfffd0505, 0xfffd0505, 0xfffd0505, 0xfffd0505, 0xfffd0505, 0xfffd0505, 0xfffd0505,
	0xc0, 0xc0, 0xc0, 0xc0, 0xc0, 0xc0, 0xc0, 0xc0,
	0xc0, 0xc0, 0xc0, 0xc0, 0xc0, 0xc0, 0xc0, 0xc0,
	0xc0, 0xc0, 0xc0, 0xc0, 0xc0, 0xc0, 0xc0, 0xc0,
	0xc0, 0xc0, 0xc0, 0xc0, 0xc0, 0xc0, 0xc0, 0xc0,
	0xc0, 0xc0, 0xc0, 0xc0, 0xc0, 0xc0, 0xc0, 0xc0,
	0xc0, 0xc0, 0xc0, 0xc0, 0xc0, 0xc0, 0xc0, 0xc0,
	0xc0, 0xc0, 0xc0, 0xc0, 0xc0, 0xc0, 0xc0, 0xc0,
	0xc0, 0xc0, 0xc0, 0xc0, 0xc0, 0xc0, 0xc0, 0xc0,
	0x2b9c8ac4, 0x2b9c88c4, 0x2b9c8ec4, 0x2b9c9ac4, 0x2b9c96c4, 0x2b9c92c4, 0x6a2c5, 0x12c6c9,
	0x339c8ac4, 0x339c88c4, 0x339c8ec4, 0x339c96c4, 0x3b9c8ac4, 0x3b9c88c4, 0x3b9c8ec4, 0x3b9c96c4,
	0x310070a0, 0x459c9ac4, 0x479c8ac4, 0x479c88c4, 0x479c8ec4, 0x479c9ac4, 0x479c96c4, 0xc830505,
	0x479c9ec4, 0x539c8ac4, 0x539c88c4, 0x539c8ec4, 0x539c96c4, 0x5b9c88c4, 0x5e2805a0, 0x6e2c5,
	0x2b058ac4, 0x2b0588c4, 0x2b058ec4, 0x2b059ac4, 0x2b0596c4, 0x2b0592c4, 0x722c5, 0x1446c9,
	0x33058ac4, 0x330588c4, 0x33058ec4, 0x330596c4, 0x3b058ac4, 0x3b0588c4, 0x3b058ec4, 0x3b0596c4,
	0x31007005, 0x45059ac4, 0x47058ac4, 0x470588c4, 0x47058ec4, 0x47059ac4, 0x470596c4, 0xc810505,
	0x47059ec4, 0x53058ac4, 0x530588c4, 0x53058ec4, 0x530596c4, 0x5b0588c4, 0x5e280505, 0x5b0596c4,
	0xc0, 0xc0, 0xc0, 0xc0, 0xc0, 0xc0, 0x30030586, 0x30030505,
	0xc0, 0xc0, 0xc0, 0xc0, 0x30020586, 0x30020505, 0xc0, 0xc0,
	0x32030586, 0x32030505, 0xc0, 0xc0, 0xc0, 0xc0, 0xc0, 0xc0,
	0xc0, 0xc0, 0xc0, 0xc0, 0xc0, 0xc0, 0xc0, 0xc0,
	0xc0, 0xc0, 0xc0, 0xc0, 0xc0, 0xc0, 0xc0, 0xc0,
	0xc0, 0xc0, 0xc0, 0xc0, 0xc0, 0xc0, 0xc0, 0xc0,
	0xc0, 0xc0, 0xc0, 0xc0, 0xc0, 0xc0, 0xc0, 0xc0,
	0xc0, 0xc0, 0xc0, 0xc0, 0xc0, 0xc0, 0xc0, 0xc0,
	0xc0, 0xc0, 0x15c6c9, 0x1686c9, 0x50020586, 0x50020505, 0xc0, 0xc0,
	0xc0, 0xc0, 0xc0, 0xc0, 0xc0, 0xc0, 0xc0, 0xc0,
	0xc0, 0xc0, 0xc0, 0xc0, 0xc0, 0xc0, 0xc0, 0xc0,
	0xc0, 0xc0, 0xc0, 0xc0, 0xc0, 0xc0, 0xc0, 0xc0,
	0xc0, 0x5e020586, 0x5e020505, 0xc0, 0xc0, 0xc0, 0xc0, 0xc0,
	0x3202058a, 0x32020548, 0x32020506, 0x4202058a, 0x42020548, 0x42020506, 0x4602058a, 0x46020548,
	0x46020506, 0xc0, 0xc0, 0xc0, 0xc0, 0xc0, 0xc0, 0xc0,
	0xc0, 0xc0, 0xc0, 0xc0, 0xc0, 0xc0, 0xc0, 0xc0,
	0xc0, 0xc0, 0xc0, 0xc0, 0xc0, 0xc0, 0xc0, 0xc0,
	0xc0, 0xc0, 0xc0, 0xc0, 0xc0, 0xc0, 0xc0, 0xc0,
	0xc0, 0xc0, 0xc0, 0xc0, 0xc0, 0xc0, 0xc0, 0xc0,
	0xc0, 0xc0, 0xc0, 0xc0, 0xc0, 0xc0, 0xc0, 0xc0,
	0xc0, 0xc0, 0xc0, 0xc0, 0x1746c9, 0x1806c9, 0xc0, 0xc0,
	0xc0, 0xc0, 0xc0, 0xc0, 0xc0, 0xc0, 0xc0, 0xc0,
	0xc0, 0xc0, 0xc0, 0xc0, 0xc0, 0xc0, 0xc0, 0xc0,
	0xc0, 0xc0, 0xc0, 0xc0, 0xc0, 0xc0, 0xc0, 0xc0,
	0xc0, 0xc0, 0xc0, 0xc0, 0xc0, 0xc0, 0xc0, 0xc0,
	0xc0, 0xc0, 0xc0, 0xc0, 0x1cd, 0x1cd, 0x1cd, 0x1cd,
	0x1cd, 0x1cd, 0x1cd, 0x1cd, 0x1cd, 0x1cd, 0x1cd, 0x1cd,
	0x1cd, 0x1cd, 0x1cd, 0x1cd, 0x1cd, 0x1cd, 0x1cd, 0x1cd,
	0x1cd, 0x1cd, 0x1cd, 0x1cd, 0x1cd, 0x1cd, 0x1cd, 0x1cd,
	0x1cd, 0x1cd, 0x1cd, 0x1cd, 0x1cc, 0x1cc, 0x1cc, 0x1cc,
	0xc0, 0xc0, 0xc0, 0xc0, 0xc0, 0xc0, 0xc0, 0xc0,
	0xc0, 0xc0, 0xc0, 0xc0, 0xc0, 0xc0, 0xc0, 0xc0,
	0xc0, 0xc0, 0xc0, 0xc0, 0xc0, 0xc0, 0xc0, 0xc0,
	0xc0, 0xc0, 0xc0, 0xc0, 0x2a2c5, 0x322c5, 0xc0, 0xc0,
	0xc0, 0xc0, 0xc0, 0xc0, 0xc0, 0xc0, 0xc0, 0xc0,
	0xc0, 0xc0, 0xc0, 0xc0, 0xc0, 0xc0, 0xc0, 0xc0,
	0xc0, 0xc0, 0xc0, 0xc0, 0xc0, 0xc0, 0x18c6c9, 0x1986c9,
	0xc0, 0xc0, 0x522c5, 0x562c5, 0xc0, 0xc0, 0xc0, 0xc0,
	0xc0, 0xc0, 0xc0, 0xc0, 0xc0, 0xc0, 0xc0, 0xc0,
	0xc0, 0xc0, 0xc0, 0xc0, 0xc0, 0xc0, 0xc0, 0xc0,
	0xc0, 0xc0, 0xc0, 0xc0, 0xc0, 0xc0, 0x1a46c9, 0x1b06c9,
	0x1bc6c9, 0x1c86c9, 0xc0, 0xc0, 0xc0, 0xc0, 0xc0, 0xc0,
	0xc0, 0xc0, 0xc0, 0xc0, 0x1cc, 0x1cc, 0x1cc, 0x1cc,
	0x1cc, 0x1cc, 0x1cc, 0x1cc, 0x1cc, 0x1cc, 0x1cc, 0x1cc,
	0x1cc, 0x1cc, 0x1cc, 0x1cc, 0x1cc, 0x1cc, 0x1cc, 0x1cc,
	0x1cc, 0x1cc, 0x1cc, 0x1cc, 0x1cc, 0x1cc, 0x1cc, 0x1cc,
	0x1cc, 0x1cc, 0x1cc, 0x1cc, 0xc0, 0xc0, 0xc0, 0xc0
};

static constexpr int32_t s_coll_bsTrieIndexLength = 2112;
static constexpr int32_t s_coll_bsTrieDataLength = 696;
static constexpr char32_t s_coll_bsTrieHighStart = 0xe000;
static constexpr int32_t s_coll_bsTrieHighValueIndex = 692;

static constexpr uint32_t s_coll_bsCe32s[69] = {
	0x0, 0x42020589, 0x8e05, 0x42020547, 0x8e05, 0x42020547, 0x9005, 0x46020589,
	0x8e05, 0x46020547, 0x8e05, 0x46020547, 0x9005, 0x42020505, 0x8e05, 0x42020505,
	0x9005, 0x46020505, 0x8e05, 0x46020505, 0x9005, 0x30030586, 0xa005, 0x30020586,
	0xa005, 0x30030505, 0xa005, 0x30020505, 0xa005, 0x50020586, 0xa005, 0x50020505,
	0xa005, 0x50020586, 0xca05, 0x50020505, 0xca05, 0x50020586, 0xc405, 0x50020505,
	0xc405, 0x50020586, 0x9c05, 0x50020505, 0x9c05, 0x5e020586, 0xc405, 0x5e020505,
	0xc405, 0x5e020586, 0xd205, 0x5e020505, 0xd205, 0x2b0070a0, 0x330005a2, 0x4f007005,
	0x4f000513, 0x2b007005, 0x33000513, 0x12000505, 0x14000505, 0x16000505, 0x18000505, 0x1a000505,
	0x1c000505, 0x1e000505, 0x20000505, 0x22000505, 0x24000505
};

static constexpr char16_t s_coll_bsContexts[234] = {
	0x2f00, 0x59c, 0x2, 0x301, 0xf003, 0x586, 0x30c, 0xf002, 0x586, 0x341, 0xf003, 0x586,
	0x3100, 0x59c, 0x3, 0x5a, 0x8, 0x7a, 0xa, 0x17d, 0xf202, 0x589, 0x17e, 0xf202,
	0x547, 0x30, 0x30c, 0xf202, 0x589, 0x30, 0x30c, 0xf202, 0x547, 0x4100, 0x59c, 0x4,
	0x4a, 0xffff, 0x4202, 0x589, 0x6a, 0xffff, 0x4202, 0x547, 0x134, 0xa2c5, 0x135, 0xc000,
	0x62c5, 0x1f0, 0xc000, 0xa2c5, 0x4500, 0x59c, 0x4, 0x4a, 0xffff, 0x4602, 0x589, 0x6a,
	0xffff, 0x4602, 0x547, 0x134, 0xc000, 0xe2c5, 0x135, 0xc001, 0x22c5, 0x1f0, 0xc001, 0x62c5,
	0x4f00, 0x59c, 0x30, 0x30c, 0xffff, 0x5002, 0x586, 0x5d00, 0x59c, 0x30, 0x30c, 0xffff,
	0x5e02, 0x586, 0x2f00, 0x505, 0x2, 0x301, 0xf003, 0x505, 0x30c, 0xf002, 0x505, 0x341,
	0xf003, 0x505, 0x3100, 0x505, 0x1, 0x7a, 0x3, 0x17e, 0xf202, 0x505, 0x30, 0x30c,
	0xf202, 0x505, 0x4100, 0x505, 0x2, 0x6a, 0xffff, 0x4202, 0x505, 0x135, 0xc001, 0xa2c5,
	0x1f0, 0xc001, 0xe2c5, 0x4500, 0x505, 0x2, 0x6a, 0xffff, 0x4602, 0x505, 0x135, 0xc002,
	0x22c5, 0x1f0, 0xc002, 0x62c5, 0x4f00, 0x505, 0x30, 0x30c, 0xffff, 0x5002, 0x505, 0x5d00,
	0x505, 0x30, 0x30c, 0xffff, 0x5e02, 0x505, 0x2f9c, 0xa0c4, 0x2, 0x301, 0xc002, 0xa2c5,
	0x30c, 0xc002, 0xe2c5, 0x341, 0xc002, 0xa2c5, 0x2f05, 0xa0c4, 0x2, 0x301, 0xc003, 0x22c5,
	0x30c, 0xc003, 0x62c5, 0x341, 0xc003, 0x22c5, 0x4f9c, 0xa0c4, 0x30, 0x30c, 0xc003, 0xa2c5,
	0x4f05, 0xa0c4, 0x30, 0x30c, 0xc003, 0xe2c5, 0x4f9c, 0xcac4, 0x30, 0x30c, 0xc004, 0x22c5,
	0x4f05, 0xcac4, 0x30, 0x30c, 0xc004, 0x62c5, 0x4f9c, 0xc4c4, 0x30, 0x30c, 0xc004, 0xa2c5,
	0x4f05, 0xc4c4, 0x30, 0x30c, 0xc004, 0xe2c5, 0x5d9c, 0xc4c4, 0x30, 0x30c, 0xc005, 0xa2c5,
	0x5d05, 0xc4c4, 0x30, 0x30c, 0xc005, 0xe2c5, 0x5d9c, 0xd2c4, 0x30, 0x30c, 0xc006, 0x22c5,
	0x5d05, 0xd2c4, 0x30, 0x30c, 0xc006, 0x62c5
};

static constexpr uint16_t s_coll_bsFastLatin[545] = {
	0x205, 0xc40, 0xde0, 0xe80, 0xea8, 0x418, 0x0, 0x0, 0x0, 0x0, 0x0, 0x0,
	0x0, 0x0, 0xc00, 0xc08, 0xc10, 0xc18, 0xc20, 0x0, 0x0, 0x0, 0x0, 0x0,
	0x0, 0x0, 0x0, 0x0, 0x0, 0x0, 0x0, 0x0, 0x0, 0x0, 0x0, 0x0,
	0x0, 0xc40, 0xca8, 0xcf0, 0xd78, 0xe98, 0xd80, 0xd70, 0xcd8, 0xd08, 0xd10, 0xd58,
	0xe30, 0xc90, 0xc60, 0xcd0, 0xd60, 0x10a8, 0x14a8, 0x18a8, 0x1ca8, 0x20a8, 0x24a8, 0x28a8,
	0x2ca8, 0x30a8, 0x34a8, 0xca0, 0xc98, 0xe50, 0xe58, 0xe60, 0xcb8, 0xd50, 0x38b9, 0x3cb9,
	0x41a, 0x41c, 0x58ba, 0x5cb9, 0x60b9, 0x64b9, 0x68ba, 0x70ba, 0x74b9, 0x424, 0x80b9, 0x42e,
	0x90b9, 0x94b9, 0x98b9, 0xa0b9, 0x438, 0xacb9, 0xb4b9, 0xb8b9, 0xbcb9, 0xc0b9, 0xc4b9, 0x43a,
	0xd18, 0xd68, 0xd20, 0xdf8, 0xc50, 0xde8, 0x38a8, 0x3ca8, 0x43c, 0x43e, 0x58a8, 0x5ca8,
	0x60a8, 0x64a8, 0x68a8, 0x70a8, 0x74a8, 0x443, 0x80a8, 0x449, 0x90a8, 0x94a8, 0x98a8, 0xa0a8,
	0x44f, 0xaca8, 0xb4a8, 0xb8a8, 0xbca8, 0xc0a8, 0xc4a8, 0x451, 0xd28, 0xe70, 0xd30, 0xe80,
	0x0, 0x0, 0x0, 0x0, 0x0, 0x0, 0xc28, 0x0, 0x0, 0x0, 0x0, 0x0,
	0x0, 0x0, 0x0, 0x0, 0x0, 0x0, 0x0, 0x0, 0x0, 0x0, 0x0, 0x0,
	0x0, 0x0, 0x0, 0x0, 0x0, 0x0, 0x0, 0x0, 0x0, 0xc42, 0xcb0, 0xe90,
	0xea0, 0xe88, 0xea8, 0xe78, 0xd40, 0xe08, 0xe20, 0x38aa, 0xcf8, 0xe68, 0x0, 0xe28,
	0xe00, 0xe18, 0xe38, 0x18a9, 0x1ca9, 0xdf0, 0x1, 0xd48, 0x1, 0xe10, 0x14a9, 0x90aa,
	0xd00, 0x1, 0x1, 0x1, 0xcc0, 0x39b9, 0x3999, 0x39f9, 0x3a99, 0x3a59, 0x3a39, 0x800,
	0x453, 0x59ba, 0x599a, 0x59fa, 0x5a5a, 0x69ba, 0x699a, 0x69fa, 0x6a5a, 0x4cd9, 0x869a, 0x91b9,
	0x9199, 0x91f9, 0x9299, 0x9259, 0xe48, 0x92d9, 0xb5b9, 0xb599, 0xb5f9, 0xb659, 0xc599, 0xd0b9,
	0x802, 0x39a8, 0x3988, 0x39e8, 0x3a88, 0x3a48, 0x3a28, 0x804, 0x455, 0x59a8, 0x5988, 0x59e8,
	0x5a48, 0x69a8, 0x6988, 0x69e8, 0x6a48, 0x4cc8, 0x8688, 0x91a8, 0x9188, 0x91e8, 0x9288, 0x9248,
	0xe40, 0x92c8, 0xb5a8, 0xb588, 0xb5e8, 0xb648, 0xc588, 0xd0a8, 0xc648, 0x3b39, 0x3b28, 0x39d9,
	0x39c8, 0x3b19, 0x3b08, 0x48b9, 0x48a8, 0x41f9, 0x41e8, 0x42b9, 0x42a8, 0x44b9, 0x44a8, 0x4e19,
	0x4e08, 0x54b9, 0x54a8, 0x5b3a, 0x5b28, 0x59da, 0x59c8, 0x5aba, 0x5aa8, 0x5b1a, 0x5b08, 0x5a1a,
	0x5a08, 0x61f9, 0x61e8, 0x61d9, 0x61c8, 0x62b9, 0x62a8, 0x62f9, 0x62e8, 0x65f9, 0x65e8, 0x6759,
	0x6748, 0x6a9a, 0x6a88, 0x6b3a, 0x6b28, 0x69da, 0x69c8, 0x6b1a, 0x6b08, 0x6aba, 0x6ca8, 0x806,
	0x808, 0x71fa, 0x71e8, 0x76f9, 0x76e8, 0x9ca8, 0x7999, 0x7988, 0x7af9, 0x7ae8, 0x7a19, 0x7a08,
	0x7b79, 0x7b68, 0x7b59, 0x7b48, 0x859a, 0x8588, 0x86fa, 0x86e8, 0x861a, 0x8608, 0x80a, 0x8cb9,
	0x8ca8, 0x9339, 0x9328, 0x91d9, 0x91c8, 0x9279, 0x9268, 0x80c, 0x80e, 0xa199, 0xa188, 0xa2f9,
	0xa2e8, 0xa219, 0xa208, 0xa59a, 0xa588, 0xa5fa, 0xa5e8, 0x457, 0x459, 0xa8b9, 0xa8a8, 0xaef9,
	0xaee8, 0xae19, 0xae08, 0xb0b9, 0xb0a8, 0xb699, 0xb688, 0xb739, 0xb728, 0xb5d9, 0xb5c8, 0xb639,
	0xb628, 0xb679, 0xb668, 0xb719, 0xb708, 0xbdf9, 0xbde8, 0xc5f9, 0xc5e8, 0xc659, 0xc999, 0xc988,
	0xcab9, 0xcaa8, 0xccb9, 0xcca8, 0xa4e8, 0xc41, 0xc41, 0xc41, 0xc41, 0xc41, 0xc41, 0xc41,
	0xc42, 0xc41, 0xc41, 0xc41, 0x0, 0x0, 0x0, 0x0, 0x0, 0xc68, 0xc69, 0xc70,
	0xc78, 0xc80, 0xc88, 0xd38, 0xc58, 0x1, 0x1, 0x1, 0x1, 0x1, 0x1, 0x1,
	0x1, 0xd98, 0xda0, 0xda8, 0xdb0, 0xcd1, 0x810, 0x1, 0xdb8, 0xc30, 0xc38, 0x0,
	0x0, 0x0, 0x0, 0x0, 0xc42, 0xd88, 0xd90, 0xdc0, 0x812, 0x1, 0xdc8, 0x814,
	0x1, 0xdd0, 0xce0, 0xce8, 0xdd8, 0x816, 0xcc8, 0xc48, 0xde0, 0x38d9, 0x58bb, 0xa4c8,
	0xa4a9, 0x38c8, 0x58a9, 0x68bb, 0x70bb, 0x68a9, 0x70a9, 0xd4a9, 0x84a9, 0x90d9, 0x58bb, 0x90c8,
	0x58a9, 0xcd1, 0xcd1, 0xdc1, 0xdc1, 0xdc9, 0xdc9, 0xca9, 0xca9, 0x5ff, 0x0, 0x5ff,
	0x40b9, 0x5ff, 0x4cb9, 0x25a, 0x27a, 0x57d, 0x50ba, 0x57e, 0x50b1, 0x5ff, 0x78b9, 0x44a,
	0x7cba, 0x46a, 0x7cb1, 0x534, 0x7dfa, 0x535, 0x7df1, 0x5ff, 0x84ba, 0x44a, 0x88ba, 0x46a,
	0x88b1, 0x534, 0x89fa, 0x535, 0x89f1, 0x5ff, 0xa4ba, 0x5ff, 0xc8b9, 0x5ff, 0x40a8, 0x5ff,
	0x4ca8, 0x27a, 0x57e, 0x50a8, 0x5ff, 0x78a8, 0x46a, 0x7ca8, 0x535, 0x7de8, 0x5ff, 0x84a8,
	0x46a, 0x88a8, 0x535, 0x89e8, 0x5ff, 0xa4a8, 0x5ff, 0xc8a8, 0x5ff, 0x42f9, 0x5ff, 0x42e8,
	0x5ff, 0xa6fa, 0x5ff, 0xa6e8, 0x1ff
};

static constexpr uint16_t s_coll_bsFastLatinPrimaries[384] = {
	0x0, 0x0, 0x0, 0x0, 0x0, 0x0, 0x0, 0x0, 0x0, 0xc00, 0xc08, 0xc10,
	0xc18, 0xc20, 0x0, 0x0, 0x0, 0x0, 0x0, 0x0, 0x0, 0x0, 0x0, 0x0,
	0x0, 0x0, 0x0, 0x0, 0x0, 0x0, 0x0, 0x0, 0xc40, 0xca8, 0xcf0, 0xd78,
	0xe98, 0xd80, 0xd70, 0xcd8, 0xd08, 0xd10, 0xd58, 0xe30, 0xc90, 0xc60, 0xcd0, 0xd60,
	0x0, 0x0, 0x0, 0x0, 0x0, 0x0, 0x0, 0x0, 0x0, 0x0, 0xca0, 0xc98,
	0xe50, 0xe58, 0xe60, 0xcb8, 0xd50, 0x3800, 0x3c00, 0x0, 0x0, 0x5800, 0x5c00, 0x6000,
	0x6400, 0x6800, 0x7000, 0x7400, 0x0, 0x8000, 0x0, 0x9000, 0x9400, 0x9800, 0xa000, 0x0,
	0xac00, 0xb400, 0xb800, 0xbc00, 0xc000, 0xc400, 0x0, 0xd18, 0xd68, 0xd20, 0xdf8, 0xc50,
	0xde8, 0x3800, 0x3c00, 0x0, 0x0, 0x5800, 0x5c00, 0x6000, 0x6400, 0x6800, 0x7000, 0x7400,
	0x0, 0x8000, 0x0, 0x9000, 0x9400, 0x9800, 0xa000, 0x0, 0xac00, 0xb400, 0xb800, 0xbc00,
	0xc000, 0xc400, 0x0, 0xd28, 0xe70, 0xd30, 0xe80, 0x0, 0x0, 0x0, 0x0, 0x0,
	0x0, 0xc28, 0x0, 0x0, 0x0, 0x0, 0x0, 0x0, 0x0, 0x0, 0x0, 0x0,
	0x0, 0x0, 0x0, 0x0, 0x0, 0x0, 0x0, 0x0, 0x0, 0x0, 0x0, 0x0,
	0x0, 0x0, 0x0, 0x0, 0xc40, 0xcb0, 0xe90, 0xea0, 0xe88, 0xea8, 0xe78, 0xd40,
	0xe08, 0xe20, 0x3800, 0xcf8, 0xe68, 0x0, 0xe28, 0xe00, 0xe18, 0xe38, 0x1800, 0x1c00,
	0xdf0, 0x0, 0xd48, 0x0, 0xe10, 0x1400, 0x9000, 0xd00, 0x0, 0x0, 0x0, 0xcc0,
	0x3800, 0x3800, 0x3800, 0x3800, 0x3800, 0x3800, 0x0, 0x0, 0x5800, 0x5800, 0x5800, 0x5800,
	0x6800, 0x6800, 0x6800, 0x6800, 0x4c00, 0x8400, 0x9000, 0x9000, 0x9000, 0x9000, 0x9000, 0xe48,
	0x9000, 0xb400, 0xb400, 0xb400, 0xb400, 0xc400, 0xd000, 0x0, 0x3800, 0x3800, 0x3800, 0x3800,
	0x3800, 0x3800, 0x0, 0x0, 0x5800, 0x5800, 0x5800, 0x5800, 0x6800, 0x6800, 0x6800, 0x6800,
	0x4c00, 0x8400, 0x9000, 0x9000, 0x9000, 0x9000, 0x9000, 0xe40, 0x9000, 0xb400, 0xb400, 0xb400,
	0xb400, 0xc400, 0xd000, 0xc400, 0x3800, 0x3800, 0x3800, 0x3800, 0x3800, 0x3800, 0x4800, 0x4800,
	0x4000, 0x4000, 0x4000, 0x4000, 0x4400, 0x4400, 0x4c00, 0x4c00, 0x5400, 0x5400, 0x5800, 0x5800,
	0x5800, 0x5800, 0x5800, 0x5800, 0x5800, 0x5800, 0x5800, 0x5800, 0x6000, 0x6000, 0x6000, 0x6000,
	0x6000, 0x6000, 0x6000, 0x6000, 0x6400, 0x6400, 0x6400, 0x6400, 0x6800, 0x6800, 0x6800, 0x6800,
	0x6800, 0x6800, 0x6800, 0x6800, 0x6800, 0x6c00, 0x0, 0x0, 0x7000, 0x7000, 0x7400, 0x7400,
	0x9c00, 0x7800, 0x7800, 0x7800, 0x7800, 0x7800, 0x7800, 0x7800, 0x7800, 0x7800, 0x7800, 0x8400,
	0x8400, 0x8400, 0x8400, 0x8400, 0x8400, 0x0, 0x8c00, 0x8c00, 0x9000, 0x9000, 0x9000, 0x9000,
	0x9000, 0x9000, 0x0, 0x0, 0xa000, 0xa000, 0xa000, 0xa000, 0xa000, 0xa000, 0xa400, 0xa400,
	0xa400, 0xa400, 0x0, 0x0, 0xa800, 0xa800, 0xac00, 0xac00, 0xac00, 0xac00, 0xb000, 0xb000,
	0xb400, 0xb400, 0xb400, 0xb400, 0xb400, 0xb400, 0xb400, 0xb400, 0xb400, 0xb400, 0xb400, 0xb400,
	0xbc00, 0xbc00, 0xc400, 0xc400, 0xc400, 0xc800, 0xc800, 0xc800, 0xc800, 0xcc00, 0xcc00, 0xa400
};

static constexpr int32_t s_coll_bsFastLatinMiniVarTop = 0xbff;

static constexpr uint32_t s_coll_bsNumericPrimary = 0x10000000;
static constexpr int32_t s_coll_bsOptions = 0x2010;
static constexpr int32_t s_coll_bsJamoCe32sStart = -1;

static constexpr uint32_t s_coll_bsUnsafeBwd[856] = {
	0x34, 0x35, 0x4a, 0x4b, 0x4c, 0x4d, 0x5a, 0x5b, 0x6a, 0x6b, 0x7a, 0x7b,
	0xa0, 0xa1, 0x134, 0x136, 0x17d, 0x17f, 0x1f0, 0x1f1, 0x300, 0x34f, 0x350, 0x370,
	0x3a9, 0x3aa, 0x3e2, 0x3e3, 0x42f, 0x430, 0x483, 0x488, 0x531, 0x532, 0x591, 0x5be,
	0x5bf, 0x5c0, 0x5c1, 0x5c3, 0x5c4, 0x5c6, 0x5c7, 0x5c8, 0x5d0, 0x5d1, 0x610, 0x61b,
	0x628, 0x629, 0x64b, 0x660, 0x670, 0x671, 0x6d6, 0x6dd, 0x6df, 0x6e5, 0x6e7, 0x6e9,
	0x6ea, 0x6ee, 0x710, 0x712, 0x730, 0x74b, 0x78c, 0x78d, 0x7ca, 0x7cb, 0x7eb, 0x7f4,
	0x7fd, 0x7fe, 0x800, 0x801, 0x816, 0x81a, 0x81b, 0x824, 0x825, 0x828, 0x829, 0x82e,
	0x840, 0x841, 0x859, 0x85c, 0x897, 0x8a0, 0x8ca, 0x8e2, 0x8e3, 0x900, 0x905, 0x906,
	0x93c, 0x93d, 0x94d, 0x94e, 0x951, 0x955, 0x995, 0x996, 0x9bc, 0x9bd, 0x9be, 0x9bf,
	0x9cd, 0x9ce, 0x9d7, 0x9d8, 0x9fe, 0x9ff, 0xa15, 0xa16, 0xa3c, 0xa3d, 0xa4d, 0xa4e,
	0xa95, 0xa96, 0xabc, 0xabd, 0xacd, 0xace, 0xb15, 0xb16, 0xb3c, 0xb3d, 0xb3e, 0xb3f,
	0xb4d, 0xb4e, 0xb56, 0xb58, 0xb95, 0xb96, 0xbbe, 0xbbf, 0xbcd, 0xbce, 0xbd7, 0xbd8,
	0xc15, 0xc16, 0xc3c, 0xc3d, 0xc4d, 0xc4e, 0xc55, 0xc57, 0xc95, 0xc96, 0xcbc, 0xcbd,
	0xcc2, 0xcc3, 0xccd, 0xcce, 0xcd5, 0xcd7, 0xd15, 0xd16, 0xd3b, 0xd3d, 0xd3e, 0xd3f,
	0xd4d, 0xd4e, 0xd57, 0xd58, 0xd85, 0xd86, 0xdca, 0xdcb, 0xdcf, 0xdd0, 0xddf, 0xde0,
	0xe01, 0xe2f, 0xe32, 0xe33, 0xe38, 0xe3b, 0xe48, 0xe4c, 0xe81, 0xe83, 0xe84, 0xe85,
	0xe86, 0xe8b, 0xe8c, 0xea4, 0xea5, 0xea6, 0xea7, 0xeaf, 0xeb2, 0xeb3, 0xeb8, 0xebb,
	0xec8, 0xecc, 0xedc, 0xee0, 0xf18, 0xf1a, 0xf35, 0xf36, 0xf37, 0xf38, 0xf39, 0xf3a,
	0xf40, 0xf41, 0xf71, 0xf76, 0xf7a, 0xf7e, 0xf80, 0xf85, 0xf86, 0xf88, 0xfc6, 0xfc7,
	0x1000, 0x1001, 0x102e, 0x102f, 0x1037, 0x1038, 0x1039, 0x103b, 0x108d, 0x108e, 0x10d3, 0x10d4,
	0x12a0, 0x12a1, 0x135d, 0x1360, 0x13c4, 0x13c5, 0x14c0, 0x14c1, 0x168f, 0x1690, 0x16a0, 0x16a1,
	0x1703, 0x1704, 0x1714, 0x1716, 0x1723, 0x1724, 0x1734, 0x1735, 0x1743, 0x1744, 0x1763, 0x1764,
	0x1780, 0x1781, 0x17d2, 0x17d3, 0x17dd, 0x17de, 0x1826, 0x1827, 0x18a9, 0x18aa, 0x1900, 0x1901,
	0x1939, 0x193c, 0x1950, 0x1951, 0x1980, 0x19ac, 0x1a00, 0x1a01, 0x1a17, 0x1a19, 0x1a20, 0x1a21,
	0x1a60, 0x1a61, 0x1a75, 0x1a7d, 0x1a7f, 0x1a80, 0x1ab0, 0x1abe, 0x1abf, 0x1ade, 0x1ae0, 0x1aec,
	0x1b05, 0x1b06, 0x1b34, 0x1b36, 0x1b44, 0x1b45, 0x1b6b, 0x1b74, 0x1b83, 0x1b84, 0x1baa, 0x1bac,
	0x1bc0, 0x1bc1, 0x1be6, 0x1be7, 0x1bf2, 0x1bf4, 0x1c00, 0x1c01, 0x1c37, 0x1c38, 0x1c5a, 0x1c5b,
	0x1cd0, 0x1cd3, 0x1cd4, 0x1ce1, 0x1ce2, 0x1ce9, 0x1ced, 0x1cee, 0x1cf4, 0x1cf5, 0x1cf8, 0x1cfa,
	0x1dc0, 0x1e00, 0x201c, 0x201d, 0x20ac, 0x20ad, 0x20d0, 0x20dd, 0x20e1, 0x20e2, 0x20e5, 0x20f1,
	0x263a, 0x263b, 0x2c00, 0x2c01, 0x2cef, 0x2cf2, 0x2d30, 0x2d31, 0x2d7f, 0x2d80, 0x2de0, 0x2e00,
	0x302a, 0x3030, 0x304b, 0x304c, 0x3099, 0x309b, 0x30ab, 0x30ac, 0x3105, 0x3106, 0x5b57, 0x5b58,
	0xa288, 0xa289, 0xa4d0, 0xa4d1, 0xa549, 0xa54a, 0xa66f, 0xa670, 0xa674, 0xa67e, 0xa69e, 0xa6a1,
	0xa6f0, 0xa6f2, 0xa800, 0xa801, 0xa806, 0xa807, 0xa82c, 0xa82d, 0xa840, 0xa841, 0xa882, 0xa883,
	0xa8c4, 0xa8c5, 0xa8e0, 0xa8f2, 0xa90a, 0xa90b, 0xa92b, 0xa92e, 0xa930, 0xa931, 0xa953, 0xa954,
	0xa984, 0xa985, 0xa9b3, 0xa9b4, 0xa9c0, 0xa9c1, 0xaa00, 0xaa01, 0xaa80, 0xaab1, 0xaab2, 0xaab5,
	0xaab7, 0xaab9, 0xaabe, 0xaac0, 0xaac1, 0xaac2, 0xaaf6, 0xaaf7, 0xabc0, 0xabc1, 0xabed, 0xabee,
	0xac00, 0xac01, 0xd800, 0xd809, 0xd80b, 0xd80d, 0xd811, 0xd812, 0xd818, 0xd819, 0xd81a, 0xd81c,
	0xd820, 0xd821, 0xd823, 0xd824, 0xd82c, 0xd82d, 0xd82f, 0xd830, 0xd834, 0xd835, 0xd838, 0xd83b,
	0xdc00, 0xe000, 0xfb1e, 0xfb1f, 0xfdd0, 0xfdd1, 0xfe20, 0xfe30, 0x10000, 0x10001, 0x101fd, 0x101fe,
	0x10280, 0x10281, 0x102a0, 0x102a1, 0x102e0, 0x102e1, 0x10300, 0x10301, 0x10330, 0x10331, 0x1036b, 0x1036c,
	0x10376, 0x1037b, 0x10380, 0x10381, 0x103a0, 0x103a1, 0x10414, 0x10415, 0x10450, 0x10451, 0x10480, 0x10481,
	0x104b5, 0x104b6, 0x10500, 0x10501, 0x10537, 0x10538, 0x10582, 0x10583, 0x105c2, 0x105c3, 0x10647, 0x10648,
	0x10800, 0x10801, 0x10840, 0x10841, 0x10873, 0x10874, 0x10896, 0x10897, 0x108f4, 0x108f5, 0x10900, 0x10901,
	0x10920, 0x10921, 0x10950, 0x10951, 0x10980, 0x10981, 0x109a0, 0x109a1, 0x10a00, 0x10a01, 0x10a0d, 0x10a0e,
	0x10a0f, 0x10a10, 0x10a38, 0x10a3b, 0x10a3f, 0x10a40, 0x10a60, 0x10a61, 0x10a95, 0x10a96, 0x10ad8, 0x10ad9,
	0x10ae5, 0x10ae7, 0x10b00, 0x10b01, 0x10b40, 0x10b41, 0x10b60, 0x10b61, 0x10b8f, 0x10b90, 0x10c00, 0x10c01,
	0x10ca1, 0x10ca2, 0x10d12, 0x10d13, 0x10d24, 0x10d28, 0x10d5d, 0x10d5e, 0x10d69, 0x10d6e, 0x10e88, 0x10e89,
	0x10eab, 0x10ead, 0x10efa, 0x10efc, 0x10efd, 0x10f00, 0x10f19, 0x10f1a, 0x10f42, 0x10f43, 0x10f46, 0x10f51,
	0x10f7c, 0x10f7d, 0x10f82, 0x10f86, 0x10fbf, 0x10fc0, 0x10ff1, 0x10ff2, 0x11005, 0x11006, 0x11046, 0x11047,
	0x11070, 0x11071, 0x1107f, 0x11080, 0x11083, 0x11084, 0x110b9, 0x110bb, 0x110d0, 0x110d1, 0x11100, 0x11104,
	0x11127, 0x11128, 0x11133, 0x11135, 0x11152, 0x11153, 0x11173, 0x11174, 0x11183, 0x11184, 0x111c0, 0x111c1,
	0x111ca, 0x111cb, 0x11208, 0x11209, 0x11235, 0x11237, 0x1128f, 0x11290, 0x112be, 0x112bf, 0x112e9, 0x112eb,
	0x11315, 0x11316, 0x1133b, 0x1133d, 0x1133e, 0x1133f, 0x1134d, 0x1134e, 0x11357, 0x11358, 0x11366, 0x1136d,
	0x11370, 0x11375, 0x11392, 0x11393, 0x113b8, 0x113b9, 0x113bb, 0x113bc, 0x113c2, 0x113c3, 0x113c9, 0x113ca,
	0x113ce, 0x113d1, 0x11412, 0x11413, 0x11442, 0x11443, 0x11446, 0x11447, 0x1145e, 0x1145f, 0x11484, 0x11485,
	0x114b0, 0x114b1, 0x114ba, 0x114bb, 0x114bd, 0x114be, 0x114c2, 0x114c4, 0x1158e, 0x1158f, 0x115af, 0x115b0,
	0x115bf, 0x115c1, 0x1160e, 0x1160f, 0x1163f, 0x11640, 0x11680, 0x11681, 0x116b6, 0x116b8, 0x11717, 0x11718,
	0x1172b, 0x1172c, 0x1180b, 0x1180c, 0x11839, 0x1183b, 0x118b4, 0x118b5, 0x1190c, 0x1190d, 0x11930, 0x11931,
	0x1193d, 0x1193f, 0x11943, 0x11944, 0x119ce, 0x119cf, 0x119e0, 0x119e1, 0x11a0b, 0x11a0c, 0x11a34, 0x11a35,
	0x11a47, 0x11a48, 0x11a5c, 0x11a5d, 0x11a99, 0x11a9a, 0x11ac0, 0x11ac1, 0x11bc4, 0x11bc5, 0x11c0e, 0x11c0f,
	0x11c3f, 0x11c40, 0x11c72, 0x11c73, 0x11d10, 0x11d11, 0x11d42, 0x11d43, 0x11d44, 0x11d46, 0x11d71, 0x11d72,
	0x11d97, 0x11d98, 0x11dc6, 0x11dc7, 0x11ee5, 0x11ee6, 0x11f1b, 0x11f1c, 0x11f41, 0x11f43, 0x12000, 0x12001,
	0x12fe5, 0x12fe6, 0x13153, 0x13154, 0x14400, 0x14401, 0x1611c, 0x1611d, 0x1611e, 0x16121, 0x16123, 0x16126,
	0x16129, 0x1612a, 0x1612f, 0x16130, 0x16a4f, 0x16a50, 0x16abc, 0x16abd, 0x16ae6, 0x16ae7, 0x16af0, 0x16af5,
	0x16b1c, 0x16b1d, 0x16b30, 0x16b37, 0x16d45, 0x16d46, 0x16d67, 0x16d69, 0x16e40, 0x16e41, 0x16ea1, 0x16ea2,
	0x16f00, 0x16f01, 0x16ff0, 0x16ff2, 0x18229, 0x1822a, 0x18c65, 0x18c66, 0x1b1c4, 0x1b1c5, 0x1bc20, 0x1bc21,
	0x1bc9e, 0x1bc9f, 0x1d165, 0x1d16a, 0x1d16d, 0x1d173, 0x1d17b, 0x1d183, 0x1d185, 0x1d18c, 0x1d1aa, 0x1d1ae,
	0x1d242, 0x1d245, 0x1e000, 0x1e007, 0x1e008, 0x1e019, 0x1e01b, 0x1e022, 0x1e023, 0x1e025, 0x1e026, 0x1e02b,
	0x1e08f, 0x1e090, 0x1e108, 0x1e109, 0x1e130, 0x1e137, 0x1e290, 0x1e291, 0x1e2ae, 0x1e2af, 0x1e2e1, 0x1e2e2,
	0x1e2ec, 0x1e2f0, 0x1e4e6, 0x1e4e7, 0x1e4ec, 0x1e4f0, 0x1e5d0, 0x1e5d1, 0x1e5ee, 0x1e5f0, 0x1e6d5, 0x1e6d6,
	0x1e6e3, 0x1e6e4, 0x1e6e6, 0x1e6e7, 0x1e6ee, 0x1e6f0, 0x1e6f5, 0x1e6f6, 0x1e802, 0x1e803, 0x1e8d0, 0x1e8d7,
	0x1e909, 0x1e90a, 0x1e944, 0x1e94b
};

static constexpr int32_t s_coll_bsUnsafeBwdLength = 856;

static constexpr uint8_t s_coll_bsReorderTable[256] = {
	0, 1, 2, 3, 4, 5, 6, 7, 8, 9, 10, 11, 12, 13, 14, 15, 16, 17, 18, 19, 20, 21, 22, 23, 24, 25, 26, 27, 28, 29, 30, 31,
	32, 33, 34, 35, 36, 37, 38, 39, 40, 41, 42, 43, 44, 45, 46, 47, 48, 49, 50, 51, 52, 53, 54, 55, 56, 57, 58, 59, 60, 61, 62, 63,
	64, 65, 66, 67, 68, 69, 70, 71, 72, 73, 74, 75, 76, 77, 78, 79, 80, 81, 82, 83, 84, 85, 86, 87, 88, 89, 90, 91, 92, 93, 94, 95,
	96, 97, 95, 99, 100, 101, 102, 103, 104, 105, 106, 107, 108, 109, 110, 111, 112, 113, 114, 115, 116, 117, 118, 119, 120, 121, 122, 123, 124, 125, 126, 127,
	128, 129, 130, 131, 132, 133, 134, 135, 136, 137, 138, 139, 140, 141, 142, 143, 144, 145, 146, 147, 148, 149, 150, 151, 152, 153, 154, 155, 156, 157, 158, 159,
	160, 161, 162, 163, 164, 165, 166, 167, 168, 169, 170, 171, 172, 173, 174, 175, 176, 177, 178, 179, 180, 181, 182, 183, 184, 185, 186, 187, 188, 189, 190, 191,
	192, 193, 194, 195, 196, 197, 198, 199, 200, 201, 202, 203, 204, 205, 206, 207, 208, 209, 210, 211, 212, 213, 214, 215, 216, 217, 218, 219, 220, 221, 222, 223,
	224, 225, 226, 227, 228, 229, 230, 231, 232, 233, 234, 235, 236, 237, 238, 239, 240, 241, 242, 243, 244, 245, 246, 247, 248, 249, 250, 251, 252, 253, 254, 255
};

static constexpr uint16_t s_coll_csTrieIndex[2112] = {
	0x0, 0x8, 0x10, 0x18, 0x30, 0x38, 0x40, 0x48, 0x50, 0x58, 0x5b, 0x63, 0x30, 0x38, 0x30, 0x38,
	0x6b, 0x73, 0x30, 0x38, 0x30, 0x38, 0x30, 0x38, 0x30, 0x38, 0x30, 0x38, 0x30, 0x38, 0x30, 0x38,
	0x30, 0x38, 0x30, 0x38, 0x30, 0x38, 0x30, 0x38, 0x30, 0x38, 0x30, 0x38, 0x30, 0x38, 0x30, 0x38,
	0x30, 0x38, 0x30, 0x38, 0x30, 0x38, 0x30, 0x38, 0x30, 0x38, 0x30, 0x38, 0x30, 0x38, 0x30, 0x38,
	0x30, 0x30, 0x30, 0x30, 0x30, 0x30, 0x30, 0x30, 0x30, 0x30, 0x30, 0x30, 0x30, 0x30, 0x30, 0x30,
	0x30, 0x30, 0x30, 0x30, 0x30, 0x30, 0x30, 0x30, 0x30, 0x30, 0x30, 0x30, 0x30, 0x30, 0x30, 0x30,
	0x30, 0x30, 0x30, 0x30, 0x30, 0x30, 0x30, 0x30, 0x30, 0x30, 0x30, 0x30, 0x30, 0x30, 0x30, 0x30,
	0x30, 0x30, 0x30, 0x30, 0x30, 0x30, 0x30, 0x30, 0x30, 0x30, 0x30, 0x30, 0x30, 0x30, 0x30, 0x30,
	0x30, 0x30, 0x30, 0x30, 0x30, 0x30, 0x30, 0x30, 0x30, 0x30, 0x30, 0x30, 0x30, 0x30, 0x30, 0x30,
	0x30, 0x30, 0x30, 0x30, 0x30, 0x30, 0x30, 0x30, 0x30, 0x30, 0x30, 0x30, 0x30, 0x30, 0x30, 0x30,
	0x30, 0x30, 0x30, 0x30, 0x30, 0x30, 0x30, 0x30, 0x30, 0x30, 0x30, 0x30, 0x30, 0x30, 0x30, 0x30,
	0x30, 0x30, 0x30, 0x30, 0x30, 0x30, 0x30, 0x30, 0x30, 0x30, 0x30, 0x30, 0x30, 0x30, 0x30, 0x30,
	0x30, 0x30, 0x30, 0x30, 0x30, 0x30, 0x30, 0x30, 0x30, 0x30, 0x30, 0x30, 0x30, 0x30, 0x30, 0x30,
	0x30, 0x30, 0x30, 0x30, 0x30, 0x30, 0x30, 0x30, 0x30, 0x30, 0x30, 0x30, 0x30, 0x30, 0x30, 0x30,
	0x30, 0x30, 0x30, 0x30, 0x30, 0x30, 0x30, 0x30, 0x30, 0x30, 0x30, 0x30, 0x30, 0x30, 0x30, 0x30,
	0x30, 0x30, 0x85, 0x8d, 0x91, 0x30, 0x30, 0x30, 0x30, 0x30, 0x30, 0x30, 0x30, 0x30, 0x30, 0x30,
	0x30, 0x30, 0x30, 0x30, 0x30, 0x30, 0x30, 0x30, 0x30, 0x30, 0x30, 0x30, 0x30, 0x30, 0x30, 0x30,
	0x30, 0x30, 0x30, 0x30, 0x30, 0x30, 0x30, 0x30, 0x30, 0x30, 0x30, 0x30, 0x30, 0x30, 0x30, 0x30,
	0x30, 0x30, 0x30, 0x30, 0x30, 0x30, 0x30, 0x30, 0x30, 0x30, 0x30, 0x30, 0x30, 0x30, 0x30, 0x30,
	0x30, 0x30, 0x30, 0x30, 0x30, 0x30, 0x30, 0x30, 0x30, 0x30, 0x30, 0x30, 0x30, 0x30, 0x30, 0x30,
	0x30, 0x30, 0x30, 0x30, 0x30, 0x30, 0x30, 0x30, 0x30, 0x30, 0x30, 0x30, 0x30, 0x30, 0x30, 0x30,
	0x30, 0x30, 0x30, 0x30, 0x30, 0x30, 0x30, 0x30, 0x30, 0x30, 0x30, 0x30, 0x30, 0x30, 0x30, 0x30,
	0x30, 0x30, 0x30, 0x30, 0x30, 0x30, 0x30, 0x30, 0x30, 0x30, 0x30, 0x30, 0x30, 0x30, 0x30, 0x30,
	0x30, 0x30, 0x30, 0x30, 0x30, 0x30, 0x30, 0x30, 0x30, 0x30, 0x30, 0x30, 0x30, 0x30, 0x30, 0x30,
	0x30, 0x30, 0x30, 0x30, 0x30, 0x30, 0x30, 0x30, 0x30, 0x30, 0x30, 0x30, 0x30, 0x30, 0x30, 0x30,
	0x30, 0x30, 0x30, 0x30, 0x30, 0x30, 0x30, 0x30, 0x30, 0x30, 0x30, 0x30, 0x30, 0x30, 0x30, 0x30,
	0x30, 0x30, 0x30, 0x30, 0x30, 0x30, 0x30, 0x30, 0x30, 0x30, 0x30, 0x30, 0x30, 0x30, 0x30, 0x30,
	0x30, 0x30, 0x30, 0x30, 0x30, 0x30, 0x30, 0x30, 0x30, 0x30, 0x30, 0x30, 0x30, 0x30, 0x30, 0x30,
	0x30, 0x30, 0x30, 0x30, 0x30, 0x30, 0x30, 0x30, 0x30, 0x30, 0x30, 0x30, 0x30, 0x30, 0x30, 0x30,
	0x30, 0x30, 0x30, 0x30, 0x30, 0x30, 0x30, 0x30, 0x30, 0x30, 0x30, 0x30, 0x30, 0x30, 0x30, 0x30,
	0x30, 0x30, 0x30, 0x30, 0x30, 0x30, 0x30, 0x30, 0x30, 0x30, 0x30, 0x30, 0x30, 0x30, 0x30, 0x30,
	0x30, 0x30, 0x30, 0x30, 0x30, 0x30, 0x30, 0x30, 0x30, 0x30, 0x30, 0x30, 0x30, 0x30, 0x30, 0x30,
	0x30, 0x30, 0x30, 0x30, 0x30, 0x30, 0x30, 0x30, 0x30, 0x30, 0x30, 0x30, 0x30, 0x30, 0x30, 0x30,
	0x30, 0x30, 0x30, 0x30, 0x30, 0x30, 0x30, 0x30, 0x30, 0x30, 0x30, 0x30, 0x30, 0x30, 0x30, 0x30,
	0x30, 0x30, 0x30, 0x30, 0x30, 0x30, 0x30, 0x30, 0x30, 0x30, 0x30, 0x30, 0x30, 0x30, 0x30, 0x30,
	0x30, 0x30, 0x30, 0x30, 0x30, 0x30, 0x30, 0x30, 0x30, 0x30, 0x30, 0x30, 0x30, 0x30, 0x30, 0x30,
	0x30, 0x30, 0x30, 0x30, 0x30, 0x30, 0x30, 0x30, 0x30, 0x30, 0x30, 0x30, 0x30, 0x30, 0x30, 0x30,
	0x30, 0x30, 0x30, 0x30, 0x30, 0x30, 0x30, 0x30, 0x30, 0x30, 0x30, 0x30, 0x30, 0x30, 0x30, 0x30,
	0x30, 0x30, 0x30, 0x30, 0x30, 0x30, 0x30, 0x30, 0x30, 0x30, 0x30, 0x30, 0x30, 0x30, 0x30, 0x30,
	0x30, 0x30, 0x30, 0x30, 0x30, 0x30, 0x30, 0x30, 0x30, 0x30, 0x30, 0x30, 0x30, 0x30, 0x30, 0x30,
	0x30, 0x30, 0x30, 0x30, 0x30, 0x30, 0x30, 0x30, 0x30, 0x30, 0x30, 0x30, 0x30, 0x30, 0x30, 0x30,
	0x30, 0x30, 0x30, 0x30, 0x30, 0x30, 0x30, 0x30, 0x30, 0x30, 0x30, 0x30, 0x30, 0x30, 0x30, 0x30,
	0x30, 0x30, 0x30, 0x30, 0x30, 0x30, 0x30, 0x30, 0x30, 0x30, 0x30, 0x30, 0x30, 0x30, 0x30, 0x30,
	0x30, 0x30, 0x30, 0x30, 0x30, 0x30, 0x30, 0x30, 0x30, 0x30, 0x30, 0x30, 0x30, 0x30, 0x30, 0x30,
	0x30, 0x30, 0x30, 0x30, 0x30, 0x30, 0x30, 0x30, 0x30, 0x30, 0x30, 0x30, 0x30, 0x30, 0x30, 0x30,
	0x30, 0x30, 0x30, 0x30, 0x30, 0x30, 0x30, 0x30, 0x30, 0x30, 0x30, 0x30, 0x30, 0x30, 0x30, 0x30,
	0x30, 0x30, 0x30, 0x30, 0x30, 0x30, 0x30, 0x30, 0x30, 0x30, 0x30, 0x30, 0x30, 0x30, 0x30, 0x30,
	0x30, 0x30, 0x30, 0x30, 0x30, 0x30, 0x30, 0x30, 0x30, 0x30, 0x30, 0x30, 0x30, 0x30, 0x30, 0x30,
	0x30, 0x30, 0x30, 0x30, 0x30, 0x30, 0x30, 0x30, 0x30, 0x30, 0x30, 0x30, 0x30, 0x30, 0x30, 0x30,
	0x30, 0x30, 0x30, 0x30, 0x30, 0x30, 0x30, 0x30, 0x30, 0x30, 0x30, 0x30, 0x30, 0x30, 0x30, 0x30,
	0x30, 0x30, 0x30, 0x30, 0x30, 0x30, 0x30, 0x30, 0x30, 0x30, 0x30, 0x30, 0x30, 0x30, 0x30, 0x30,
	0x30, 0x30, 0x30, 0x30, 0x30, 0x30, 0x30, 0x30, 0x30, 0x30, 0x30, 0x30, 0x30, 0x30, 0x30, 0x30,
	0x30, 0x30, 0x30, 0x30, 0x30, 0x30, 0x30, 0x30, 0x30, 0x30, 0x30, 0x30, 0x30, 0x30, 0x30, 0x30,
	0x30, 0x30, 0x30, 0x30, 0x30, 0x30, 0x30, 0x30, 0x30, 0x30, 0x30, 0x30, 0x30, 0x30, 0x30, 0x30,
	0x30, 0x30, 0x30, 0x30, 0x30, 0x30, 0x30, 0x30, 0x30, 0x30, 0x30, 0x30, 0x30, 0x30, 0x30, 0x30,
	0x30, 0x30, 0x30, 0x30, 0x30, 0x30, 0x30, 0x30, 0x30, 0x30, 0x30, 0x30, 0x30, 0x30, 0x30, 0x30,
	0x30, 0x30, 0x30, 0x30, 0x30, 0x30, 0x30, 0x30, 0x30, 0x30, 0x30, 0x30, 0x30, 0x30, 0x30, 0x30,
	0x30, 0x30, 0x30, 0x30, 0x30, 0x30, 0x30, 0x30, 0x30, 0x30, 0x30, 0x30, 0x30, 0x30, 0x30, 0x30,
	0x30, 0x30, 0x30, 0x30, 0x30, 0x30, 0x30, 0x30, 0x30, 0x30, 0x30, 0x30, 0x30, 0x30, 0x30, 0x30,
	0x30, 0x30, 0x30, 0x30, 0x30, 0x30, 0x30, 0x30, 0x30, 0x30, 0x30, 0x30, 0x30, 0x30, 0x30, 0x30,
	0x30, 0x30, 0x30, 0x30, 0x30, 0x30, 0x30, 0x30, 0x30, 0x30, 0x30, 0x30, 0x30, 0x30, 0x30, 0x30,
	0x30, 0x30, 0x30, 0x30, 0x30, 0x30, 0x30, 0x30, 0x30, 0x30, 0x30, 0x30, 0x30, 0x30, 0x30, 0x30,
	0x30, 0x30, 0x30, 0x30, 0x30, 0x30, 0x30, 0x30, 0x30, 0x30, 0x30, 0x30, 0x30, 0x30, 0x30, 0x30,
	0x30, 0x30, 0x30, 0x30, 0x30, 0x30, 0x30, 0x30, 0x30, 0x30, 0x30, 0x30, 0x30, 0x30, 0x30, 0x30,
	0x30, 0x30, 0x30, 0x30, 0x30, 0x30, 0x30, 0x30, 0x30, 0x30, 0x30, 0x30, 0x30, 0x30, 0x30, 0x30,
	0x30, 0x30, 0x30, 0x30, 0x30, 0x30, 0x30, 0x30, 0x30, 0x30, 0x30, 0x30, 0x30, 0x30, 0x30, 0x30,
	0x30, 0x30, 0x30, 0x30, 0x30, 0x30, 0x30, 0x30, 0x30, 0x30, 0x30, 0x30, 0x30, 0x30, 0x30, 0x30,
	0x30, 0x30, 0x30, 0x30, 0x30, 0x30, 0x30, 0x30, 0x30, 0x30, 0x30, 0x30, 0x30, 0x30, 0x30, 0x30,
	0x30, 0x30, 0x30, 0x30, 0x30, 0x30, 0x30, 0x30, 0x30, 0x30, 0x30, 0x30, 0x30, 0x30, 0x30, 0x30,
	0x30, 0x30, 0x30, 0x30, 0x30, 0x30, 0x30, 0x30, 0x30, 0x30, 0x30, 0x30, 0x30, 0x30, 0x30, 0x30,
	0x30, 0x30, 0x30, 0x30, 0x30, 0x30, 0x30, 0x30, 0x30, 0x30, 0x30, 0x30, 0x30, 0x30, 0x30, 0x30,
	0x30, 0x30, 0x30, 0x30, 0x30, 0x30, 0x30, 0x30, 0x30, 0x30, 0x30, 0x30, 0x30, 0x30, 0x30, 0x30,
	0x30, 0x30, 0x30, 0x30, 0x30, 0x30, 0x30, 0x30, 0x30, 0x30, 0x30, 0x30, 0x30, 0x30, 0x30, 0x30,
	0x30, 0x30, 0x30, 0x30, 0x30, 0x30, 0x30, 0x30, 0x30, 0x30, 0x30, 0x30, 0x30, 0x30, 0x30, 0x30,
	0x30, 0x30, 0x30, 0x30, 0x30, 0x30, 0x30, 0x30, 0x30, 0x30, 0x30, 0x30, 0x30, 0x30, 0x30, 0x30,
	0x30, 0x30, 0x30, 0x30, 0x30, 0x30, 0x30, 0x30, 0x30, 0x30, 0x30, 0x30, 0x30, 0x30, 0x30, 0x30,
	0x30, 0x30, 0x30, 0x30, 0x30, 0x30, 0x30, 0x30, 0x30, 0x30, 0x30, 0x30, 0x30, 0x30, 0x30, 0x30,
	0x30, 0x30, 0x30, 0x30, 0x30, 0x30, 0x30, 0x30, 0x30, 0x30, 0x30, 0x30, 0x30, 0x30, 0x30, 0x30,
	0x30, 0x30, 0x30, 0x30, 0x30, 0x30, 0x30, 0x30, 0x30, 0x30, 0x30, 0x30, 0x30, 0x30, 0x30, 0x30,
	0x30, 0x30, 0x30, 0x30, 0x30, 0x30, 0x30, 0x30, 0x30, 0x30, 0x30, 0x30, 0x30, 0x30, 0x30, 0x30,
	0x30, 0x30, 0x30, 0x30, 0x30, 0x30, 0x30, 0x30, 0x30, 0x30, 0x30, 0x30, 0x30, 0x30, 0x30, 0x30,
	0x30, 0x30, 0x30, 0x30, 0x30, 0x30, 0x30, 0x30, 0x30, 0x30, 0x30, 0x30, 0x30, 0x30, 0x30, 0x30,
	0x30, 0x30, 0x30, 0x30, 0x30, 0x30, 0x30, 0x30, 0x30, 0x30, 0x30, 0x30, 0x30, 0x30, 0x30, 0x30,
	0x30, 0x30, 0x30, 0x30, 0x30, 0x30, 0x30, 0x30, 0x30, 0x30, 0x30, 0x30, 0x30, 0x30, 0x30, 0x30,
	0x30, 0x30, 0x30, 0x30, 0x30, 0x30, 0x30, 0x30, 0x30, 0x30, 0x30, 0x30, 0x30, 0x30, 0x30, 0x30,
	0x30, 0x30, 0x30, 0x30, 0x30, 0x30, 0x30, 0x30, 0x30, 0x30, 0x30, 0x30, 0x30, 0x30, 0x30, 0x30,
	0x99, 0x99, 0x99, 0x99, 0x99, 0x99, 0x99, 0x99, 0x99, 0x99, 0x99, 0x99, 0x99, 0x99, 0x99, 0x99,
	0x99, 0x99, 0x99, 0x99, 0x99, 0x99, 0x99, 0x99, 0x99, 0x99, 0x99, 0x99, 0x99, 0x99, 0x99, 0x99,
	0x99, 0x99, 0x99, 0x99, 0x99, 0x99, 0x99, 0x99, 0x99, 0x99, 0x99, 0x99, 0x99, 0x99, 0x99, 0x99,
	0x99, 0x99, 0x99, 0x99, 0x99, 0x99, 0x99, 0x99, 0x99, 0x99, 0x99, 0x99, 0x99, 0x99, 0x99, 0x99,
	0x99, 0x99, 0x99, 0x99, 0x99, 0x99, 0x99, 0x99, 0x99, 0x99, 0x99, 0x99, 0x99, 0x99, 0x99, 0x99,
	0x99, 0x99, 0x99, 0x99, 0x99, 0x99, 0x99, 0x99, 0x99, 0x99, 0x99, 0x99, 0x99, 0x99, 0x99, 0x99,
	0x99, 0x99, 0x99, 0x99, 0x99, 0x99, 0x99, 0x99, 0x99, 0x99, 0x99, 0x99, 0x99, 0x99, 0x99, 0x99,
	0x99, 0x99, 0x99, 0x99, 0x99, 0x99, 0x99, 0x99, 0x99, 0x99, 0x99, 0x99, 0x99, 0x99, 0x99, 0x99,
	0x99, 0x99, 0x99, 0x99, 0x99, 0x99, 0x99, 0x99, 0x99, 0x99, 0x99, 0x99, 0x99, 0x99, 0x99, 0x99,
	0x99, 0x99, 0x99, 0x99, 0x99, 0x99, 0x99, 0x99, 0x99, 0x99, 0x99, 0x99, 0x99, 0x99, 0x99, 0x99,
	0x99, 0x99, 0x99, 0x99, 0x99, 0x99, 0x99, 0x99, 0x99, 0x99, 0x99, 0x99, 0x99, 0x99, 0x99, 0x99,
	0x99, 0x99, 0x99, 0x99, 0x99, 0x99, 0x99, 0x99, 0x99, 0x99, 0x99, 0x99, 0x99, 0x99, 0x99, 0x99,
	0x99, 0x99, 0x99, 0x99, 0x99, 0x99, 0x99, 0x99, 0x99, 0x99, 0x99, 0x99, 0x99, 0x99, 0x99, 0x99,
	0x99, 0x99, 0x99, 0x99, 0x99, 0x99, 0x99, 0x99, 0x99, 0x99, 0x99, 0x99, 0x99, 0x99, 0x99, 0x99,
	0x99, 0x99, 0x99, 0x99, 0x99, 0x99, 0x99, 0x99, 0x99, 0x99, 0x99, 0x99, 0x99, 0x99, 0x99, 0x99,
	0x99, 0x99, 0x99, 0x99, 0x99, 0x99, 0x99, 0x99, 0x99, 0x99, 0x99, 0x99, 0x99, 0x99, 0x99, 0x99,
	0x99, 0x99, 0x99, 0x99, 0x99, 0x99, 0x99, 0x99, 0x99, 0x99, 0x99, 0x99, 0x99, 0x99, 0x99, 0x99,
	0x99, 0x99, 0x99, 0x99, 0x99, 0x99, 0x99, 0x99, 0x99, 0x99, 0x99, 0x99, 0x99, 0x99, 0x99, 0x99,
	0x99, 0x99, 0x99, 0x99, 0x99, 0x99, 0x99, 0x99, 0x99, 0x99, 0x99, 0x99, 0x99, 0x99, 0x99, 0x99,
	0x99, 0x99, 0x99, 0x99, 0x99, 0x99, 0x99, 0x99, 0x99, 0x99, 0x99, 0x99, 0x99, 0x99, 0x99, 0x99,
	0x99, 0x99, 0x99, 0x99, 0x99, 0x99, 0x99, 0x99, 0x99, 0x99, 0x99, 0x99, 0x99, 0x99, 0x99, 0x99,
	0x99, 0x99, 0x99, 0x99, 0x99, 0x99, 0x99, 0x99, 0x99, 0x99, 0x99, 0x99, 0x99, 0x83, 0x30, 0x30,
	0x7b, 0x7b, 0x7b, 0x7b, 0x7b, 0x7b, 0x7b, 0x7b, 0x7b, 0x7b, 0x7b, 0x7b, 0x7b, 0x7b, 0x7b, 0x7b,
	0x7b, 0x7b, 0x7b, 0x7b, 0x7b, 0x7b, 0x7b, 0x7b, 0x7b, 0x7b, 0x7b, 0x7b, 0x7b, 0x7b, 0x7b, 0x7b,
	0x30, 0x30, 0x30, 0x30, 0x30, 0x30, 0x30, 0x30, 0x30, 0x30, 0x30, 0x30, 0x30, 0x30, 0x30, 0x30,
	0x30, 0x30, 0x30, 0x30, 0x30, 0x30, 0x30, 0x30, 0x30, 0x30, 0x30, 0x30, 0x30, 0x30, 0x30, 0x30,
	0x30, 0x30, 0x30, 0x30, 0x30, 0x30, 0x30, 0x30, 0x30, 0x30, 0x30, 0x30, 0x30, 0x30, 0x30, 0x30,
	0x30, 0x30, 0x30, 0x30, 0x30, 0x30, 0x30, 0x30, 0x30, 0x30, 0x30, 0x30, 0x30, 0x30, 0x30, 0x30,
	0x30, 0x30, 0x30, 0x30, 0x30, 0x30, 0x30, 0x30, 0x30, 0x30, 0x30, 0x30, 0x30, 0x30, 0x30, 0x30,
	0x30, 0x30, 0x30, 0x30, 0x30, 0x30, 0x30, 0x30, 0x30, 0x30, 0x30, 0x30, 0x30, 0x30, 0x30, 0x30,
	0x30, 0x30, 0x30, 0x30, 0x30, 0x30, 0x30, 0x30, 0x30, 0x30, 0x30, 0x30, 0x30, 0x30, 0x30, 0x30,
	0x30, 0x30, 0x30, 0x30, 0x30, 0x30, 0x30, 0x30, 0x30, 0x30, 0x30, 0x30, 0x30, 0x30, 0x30, 0x30,
	0x30, 0x30, 0x30, 0x30, 0x30, 0x30, 0x30, 0x30, 0x30, 0x30, 0x30, 0x30, 0x30, 0x30, 0x30, 0x30,
	0x30, 0x30, 0x30, 0x30, 0x30, 0x30, 0x30, 0x30, 0x30, 0x30, 0x30, 0x30, 0x30, 0x30, 0x30, 0x30,
	0x30, 0x30, 0x30, 0x30, 0x30, 0x30, 0x30, 0x30, 0x30, 0x30, 0x30, 0x30, 0x30, 0x30, 0x30, 0x30,
	0x30, 0x30, 0x30, 0x30, 0x30, 0x30, 0x30, 0x30, 0x30, 0x30, 0x30, 0x30, 0x30, 0x30, 0x30, 0x30,
	0x30, 0x30, 0x30, 0x30, 0x30, 0x30, 0x30, 0x30, 0x30, 0x30, 0x30, 0x30, 0x30, 0x30, 0x30, 0x30,
	0x30, 0x30, 0x30, 0x30, 0x30, 0x30, 0x30, 0x30, 0x30, 0x30, 0x30, 0x30, 0x30, 0x30, 0x30, 0x30,
	0x30, 0x30, 0x30, 0x30, 0x30, 0x30, 0x30, 0x30, 0x30, 0x30, 0x30, 0x30, 0x30, 0x30, 0x30, 0x30,
	0x30, 0x30, 0x30, 0x30, 0x30, 0x30, 0x30, 0x30, 0x30, 0x30, 0x30, 0x30, 0x30, 0x30, 0x30, 0x30,
	0x30, 0x30, 0x30, 0x30, 0x30, 0x30, 0x30, 0x30, 0x30, 0x30, 0x30, 0x30, 0x30, 0x30, 0x30, 0x30,
	0x30, 0x30, 0x30, 0x30, 0x30, 0x30, 0x30, 0x30, 0x30, 0x30, 0x30, 0x30, 0x30, 0x30, 0x30, 0x30,
	0x30, 0x30, 0x30, 0x30, 0x30, 0x30, 0x30, 0x30, 0x30, 0x30, 0x30, 0x30, 0x30, 0x30, 0x30, 0x30,
	0x30, 0x30, 0x30, 0x30, 0x30, 0x30, 0x30, 0x30, 0x30, 0x30, 0x30, 0x30, 0x30, 0x30, 0x30, 0x30,
	0x80, 0x80, 0xc0, 0x100, 0x140, 0x16c, 0xc0, 0xc0, 0x1ac, 0xc0, 0xc0, 0xc0, 0xc0, 0xc0, 0xc0, 0xc0,
	0xc0, 0xc0, 0xc0, 0xc0, 0xc0, 0xc0, 0xc0, 0xc0, 0xc0, 0xc0, 0xc0, 0xc0, 0xc0, 0xc0, 0xc0, 0xc0
};

static constexpr uint32_t s_coll_csTrieData[648] = {
	0xcb, 0x0, 0x0, 0x0, 0x0, 0x0, 0x0, 0x0,
	0x0, 0x3040505, 0x3060505, 0x3080505, 0x30a0505, 0x30c0505, 0x0, 0x0,
	0x0, 0x0, 0x0, 0x0, 0x0, 0x0, 0x0, 0x0,
	0x0, 0x0, 0x0, 0x0, 0x0, 0x0, 0x0, 0x0,
	0x4000505, 0x75a0505, 0x9760505, 0xa940505, 0xda90505, 0xa960505, 0xa8e0505, 0x9700505,
	0x97c0505, 0x97e0505, 0xa7e0505, 0xc7b0505, 0x6000505, 0x50e0505, 0x8000505, 0xa880505,
	0xd60ca, 0xd81ca, 0xda2ca, 0xdc3ca, 0xde4ca, 0xe05ca, 0xe26ca, 0xe47ca,
	0xe68ca, 0xe89ca, 0x7360505, 0x72a0505, 0xc850505, 0xc870505, 0xc890505, 0x7640505,
	0xa7c0505, 0x2b00059c, 0x2d00059c, 0x4c9, 0x3100059c, 0x3300059c, 0x3500059c, 0x3700059c,
	0x3900059c, 0x3b00059c, 0x3d00059c, 0x3f00059c, 0x4100059c, 0x4300059c, 0x4500059c, 0x4700059c,
	0x4900059c, 0x4b00059c, 0x7c6c9, 0x8a6c9, 0x5100059c, 0x5300059c, 0x5500059c, 0x570005a0,
	0x5900059c, 0x5b00059c, 0x986c9, 0x9800505, 0xa8a0505, 0x9820505, 0xc0a0505, 0x50a0505,
	0xc040505, 0x2b000505, 0x2d000505, 0xa64c9, 0x31000505, 0x33000505, 0x35000505, 0x37000505,
	0x39000505, 0x3b000505, 0x3d000505, 0x3f000505, 0x41000505, 0x43000505, 0x45000505, 0x47000505,
	0x49000505, 0x4b000505, 0x1246c9, 0x1326c9, 0x51000505, 0x53000505, 0x55000505, 0x57000505,
	0x59000505, 0x5b000505, 0x1406c9, 0x9840505, 0xc8d0505, 0x9860505, 0xc910505, 0x0,
	0xfffd0505, 0xfffd0505, 0xfffd0505, 0xfffd0505, 0xfffd0505, 0xfffd0505, 0xfffd0505, 0xfffd0505,
	0xfffd0505, 0xfffd0505, 0xfffd0505, 0xfffd0505, 0xfffd0505, 0xfffd0505, 0xfffd0505, 0xfffd0505,
	0xfffd0505, 0xfffd0505, 0xfffd0505, 0xfffd0505, 0xfffd0505, 0xfffd0505, 0xfffd0505, 0xfffd0505,
	0xfffd0505, 0xfffd0505, 0xfffd0505, 0xfffd0505, 0xfffd0505, 0xfffd0505, 0xfffd0505, 0xfffd0505,
	0xfffd0505, 0xfffd0505, 0xfffd0505, 0xfffd0505, 0xfffd0505, 0xfffd0505, 0xfffd0505, 0xfffd0505,
	0xfffd0505, 0xfffd0505, 0xfffd0505, 0xfffd0505, 0xfffd0505, 0xfffd0505, 0xfffd0505, 0xfffd0505,
	0xfffd0505, 0xfffd0505, 0xfffd0505, 0xfffd0505, 0xfffd0505, 0xfffd0505, 0xfffd0505, 0xfffd0505,
	0xfffd0505, 0xfffd0505, 0xfffd0505, 0xfffd0505, 0xfffd0505, 0xfffd0505, 0xfffd0505, 0xfffd0505,
	0xc0, 0xc0, 0xc0, 0xc0, 0xc0, 0xc0, 0xc0, 0xc0,
	0xc0, 0xc0, 0xc0, 0xc0, 0xc0, 0xc0, 0xc0, 0xc0,
	0xc0, 0xc0, 0xc0, 0xc0, 0xc0, 0xc0, 0xc0, 0xc0,
	0xc0, 0xc0, 0xc0, 0xc0, 0xc0, 0xc0, 0xc0, 0xc0,
	0xc0, 0xc0, 0xc0, 0xc0, 0xc0, 0xc0, 0xc0, 0xc0,
	0xc0, 0xc0, 0xc0, 0xc0, 0xc0, 0xc0, 0xc0, 0xc0,
	0xc0, 0xc0, 0xc0, 0xc0, 0xc0, 0xc0, 0xc0, 0xc0,
	0xc0, 0xc0, 0xc0, 0xc0, 0xc0, 0xc0, 0xc0, 0xc0,
	0x2b9c8ac4, 0x2b9c88c4, 0x2b9c8ec4, 0x2b9c9ac4, 0x2b9c96c4, 0x2b9c92c4, 0xca2c5, 0x14e6c9,
	0x339c8ac4, 0x339c88c4, 0x339c8ec4, 0x339c96c4, 0x3b9c8ac4, 0x3b9c88c4, 0x3b9c8ec4, 0x3b9c96c4,
	0x310070a0, 0x459c9ac4, 0x479c8ac4, 0x479c88c4, 0x479c8ec4, 0x479c9ac4, 0x479c96c4, 0xc830505,
	0x479c9ec4, 0x539c8ac4, 0x539c88c4, 0x539c8ec4, 0x539c96c4, 0x5b9c88c4, 0x5e2805a0, 0xce2c5,
	0x2b058ac4, 0x2b0588c4, 0x2b058ec4, 0x2b059ac4, 0x2b0596c4, 0x2b0592c4, 0xd22c5, 0x15a6c9,
	0x33058ac4, 0x330588c4, 0x33058ec4, 0x330596c4, 0x3b058ac4, 0x3b0588c4, 0x3b058ec4, 0x3b0596c4,
	0x31007005, 0x45059ac4, 0x47058ac4, 0x470588c4, 0x47058ec4, 0x47059ac4, 0x470596c4, 0xc810505,
	0x47059ec4, 0x53058ac4, 0x530588c4, 0x53058ec4, 0x530596c4, 0x5b0588c4, 0x5e280505, 0x5b0596c4,
	0xc0, 0xc0, 0xc0, 0xc0, 0xc0, 0xc0, 0xc0, 0xc0,
	0xc0, 0xc0, 0xc0, 0xc0, 0x30020586, 0x30020505, 0xc0, 0xc0,
	0xc0, 0xc0, 0xc0, 0xc0, 0xc0, 0xc0, 0xc0, 0xc0,
	0xc0, 0xc0, 0xc0, 0xc0, 0xc0, 0xc0, 0xc0, 0xc0,
	0xc0, 0xc0, 0xc0, 0xc0, 0xc0, 0xc0, 0xc0, 0xc0,
	0xc0, 0xc0, 0xc0, 0xc0, 0xc0, 0xc0, 0xc0, 0xc0,
	0xc0, 0xc0, 0xc0, 0xc0, 0xc0, 0xc0, 0xc0, 0xc0,
	0xc0, 0xc0, 0xc0, 0xc0, 0xc0, 0xc0, 0xc0, 0xc0,
	0xc0, 0xc0, 0x1666c9, 0x1726c9, 0x4e020586, 0x4e020505, 0xc0, 0xc0,
	0xc0, 0xc0, 0x17e6c9, 0x18a6c9, 0x50020586, 0x50020505, 0xc0, 0xc0,
	0xc0, 0xc0, 0xc0, 0xc0, 0xc0, 0xc0, 0xc0, 0xc0,
	0xc0, 0xc0, 0xc0, 0xc0, 0xc0, 0xc0, 0xc0, 0xc0,
	0xc0, 0xc0, 0xc0, 0xc0, 0xc0, 0xc0, 0xc0, 0xc0,
	0xc0, 0x5e020586, 0x5e020505, 0xc0, 0xc0, 0xc0, 0xc0, 0xc0,
	0xc0, 0xc0, 0xc0, 0xc0, 0xc0, 0xc0, 0xc0, 0xc0,
	0xc0, 0xc0, 0xc0, 0xc0, 0xc0, 0xc0, 0xc0, 0xc0,
	0xc0, 0xc0, 0xc0, 0xc0, 0x1966c9, 0x1a26c9, 0xc0, 0xc0,
	0xc0, 0xc0, 0xc0, 0xc0, 0xc0, 0xc0, 0xc0, 0xc0,
	0xc0, 0xc0, 0xc0, 0xc0, 0xc0, 0xc0, 0xc0, 0xc0,
	0xc0, 0xc0, 0xc0, 0xc0, 0xc0, 0xc0, 0xc0, 0xc0,
	0xc0, 0xc0, 0xc0, 0xc0, 0xc0, 0xc0, 0xc0, 0xc0,
	0xc0, 0xc0, 0xc0, 0xc0, 0x1cd, 0x1cd, 0x1cd, 0x1cd,
	0x1cd, 0x1cd, 0x1cd, 0x1cd, 0x1cd, 0x1cd, 0x1cd, 0x1cd,
	0x1cd, 0x1cd, 0x1cd, 0x1cd, 0x1cd, 0x1cd, 0x1cd, 0x1cd,
	0x1cd, 0x1cd, 0x1cd, 0x1cd, 0x1cd, 0x1cd, 0x1cd, 0x1cd,
	0x1cd, 0x1cd, 0x1cd, 0x1cd, 0x1cc, 0x1cc, 0x1cc, 0x1cc,
	0xc0, 0xc0, 0xc0, 0xc0, 0xc0, 0xc0, 0xc0, 0xc0,
	0xc0, 0xc0, 0xc0, 0xc0, 0xc0, 0xc0, 0xc0, 0xc0,
	0xc0, 0xc0, 0xc0, 0xc0, 0xc0, 0xc0, 0xc0, 0xc0,
	0xc0, 0xc0, 0xc0, 0xc0, 0xc0, 0xc0, 0x1ae6c9, 0x1ba6c9,
	0xc0, 0xc0, 0x1c66c9, 0x1d26c9, 0xc0, 0xc0, 0x1de6c9, 0x1ea6c9,
	0xc0, 0xc0, 0xb22c5, 0xb62c5, 0xc0, 0xc0, 0xc0, 0xc0,
	0xc0, 0xc0, 0xc0, 0xc0, 0xc0, 0xc0, 0xc0, 0xc0,
	0xc0, 0xc0, 0xc0, 0xc0, 0xc0, 0xc0, 0xc0, 0xc0,
	0xc0, 0xc0, 0xc0, 0xc0, 0xc0, 0xc0, 0x1f66c9, 0x2026c9,
	0x20e6c9, 0x21a6c9, 0xc0, 0xc0, 0xc0, 0xc0, 0xc0, 0xc0,
	0xc0, 0xc0, 0xc0, 0xc0, 0x1cc, 0x1cc, 0x1cc, 0x1cc,
	0x1cc, 0x1cc, 0x1cc, 0x1cc, 0x1cc, 0x1cc, 0x1cc, 0x1cc,
	0x1cc, 0x1cc, 0x1cc, 0x1cc, 0x1cc, 0x1cc, 0x1cc, 0x1cc,
	0x1cc, 0x1cc, 0x1cc, 0x1cc, 0x1cc, 0x1cc, 0x1cc, 0x1cc,
	0x1cc, 0x1cc, 0x1cc, 0x1cc, 0xc0, 0xc0, 0xc0, 0xc0
};

static constexpr int32_t s_coll_csTrieIndexLength = 2112;
static constexpr int32_t s_coll_csTrieDataLength = 648;
static constexpr char32_t s_coll_csTrieHighStart = 0xe000;
static constexpr int32_t s_coll_csTrieHighValueIndex = 644;

static constexpr uint32_t s_coll_csCe32s[117] = {
	0x0, 0x3a020588, 0x8e05, 0x3a020547, 0x8e05, 0x3a020588, 0x9005, 0x3a020547,
	0x9005, 0x3a020588, 0x9c05, 0x3a020547, 0x9c05, 0x3a020588, 0xc405, 0x3a020547,
	0xc405, 0x3a020588, 0x9605, 0x3a020547, 0x9605, 0x3a020588, 0xa005, 0x3a020547,
	0xa005, 0x3a020588, 0xce05, 0x3a020547, 0xce05, 0x3a020547, 0xd205, 0x3a020546,
	0x8e05, 0x3a020505, 0x8e05, 0x3a020546, 0x9005, 0x3a020505, 0x9005, 0x3a020546,
	0x9c05, 0x3a020505, 0x9c05, 0x3a020546, 0xc405, 0x3a020505, 0xc405, 0x3a020546,
	0x9605, 0x3a020505, 0x9605, 0x3a020546, 0xa005, 0x3a020505, 0xa005, 0x3a020546,
	0xce05, 0x3a020505, 0xce05, 0x3a020505, 0xd205, 0x30020586, 0xa005, 0x30020505,
	0xa005, 0x4e020586, 0xa005, 0x4e020505, 0xa005, 0x50020586, 0xa005, 0x50020505,
	0xa005, 0x50020586, 0xca05, 0x50020505, 0xca05, 0x4e020586, 0xc405, 0x4e020505,
	0xc405, 0x4e020586, 0xd205, 0x4e020505, 0xd205, 0x50020586, 0xc405, 0x50020505,
	0xc405, 0x50020586, 0x9c05, 0x50020505, 0x9c05, 0x5e020586, 0xc405, 0x5e020505,
	0xc405, 0x5e020586, 0xd205, 0x5e020505, 0xd205, 0x2b0070a0, 0x330005a2, 0x4f007005,
	0x4f000513, 0x2b007005, 0x33000513, 0x12000505, 0x14000505, 0x16000505, 0x18000505, 0x1a000505,
	0x1c000505, 0x1e000505, 0x20000505, 0x22000505, 0x24000505
};

static constexpr char16_t s_coll_csContexts[275] = {
	0x2f00, 0x59c, 0x11, 0x1e24, 0x1d, 0x1e28, 0xf, 0x1e28, 0xc002, 0xa2c5, 0x1e29, 0xc002,
	0xe2c5, 0x1e2a, 0xc003, 0x22c5, 0x1e2b, 0xc003, 0x62c5, 0x1e96, 0xc003, 0xa2c5, 0x1e24, 0xc001,
	0xa2c5, 0x1e25, 0xc001, 0xe2c5, 0x1e26, 0xc002, 0x22c5, 0x1e27, 0xc002, 0x62c5, 0x21e, 0xf,
	0x21e, 0xc000, 0xa2c5, 0x21f, 0xc000, 0xe2c5, 0x30c, 0xf002, 0x586, 0x1e22, 0xc001, 0x22c5,
	0x1e23, 0xc001, 0x62c5, 0x48, 0xfa02, 0x588, 0x68, 0xfa02, 0x547, 0x124, 0xa2c5, 0x125,
	0xc000, 0x62c5, 0x4d00, 0x59c, 0x30, 0x30c, 0xffff, 0x4e02, 0x586, 0x4f00, 0x59c, 0x30,
	0x30c, 0xffff, 0x5002, 0x586, 0x5d00, 0x59c, 0x30, 0x30c, 0xffff, 0x5e02, 0x586, 0x2f00,
	0x505, 0x11, 0x1e24, 0x1d, 0x1e28, 0xf, 0x1e28, 0xc006, 0x62c5, 0x1e29, 0xc006, 0xa2c5,
	0x1e2a, 0xc006, 0xe2c5, 0x1e2b, 0xc007, 0x22c5, 0x1e96, 0xc007, 0x62c5, 0x1e24, 0xc005, 0x62c5,
	0x1e25, 0xc005, 0xa2c5, 0x1e26, 0xc005, 0xe2c5, 0x1e27, 0xc006, 0x22c5, 0x21e, 0xf, 0x21e,
	0xc004, 0x62c5, 0x21f, 0xc004, 0xa2c5, 0x30c, 0xf002, 0x505, 0x1e22, 0xc004, 0xe2c5, 0x1e23,
	0xc005, 0x22c5, 0x48, 0xfa02, 0x546, 0x68, 0xfa02, 0x505, 0x124, 0xc003, 0xe2c5, 0x125,
	0xc004, 0x22c5, 0x4d00, 0x505, 0x30, 0x30c, 0xffff, 0x4e02, 0x505, 0x4f00, 0x505, 0x30,
	0x30c, 0xffff, 0x5002, 0x505, 0x5d00, 0x505, 0x30, 0x30c, 0xffff, 0x5e02, 0x505, 0x2f9c,
	0xa0c4, 0x30, 0x30c, 0xc007, 0xa2c5, 0x2f05, 0xa0c4, 0x30, 0x30c, 0xc007, 0xe2c5, 0x4d9c,
	0xa0c4, 0x30, 0x30c, 0xc008, 0x22c5, 0x4d05, 0xa0c4, 0x30, 0x30c, 0xc008, 0x62c5, 0x4f9c,
	0xa0c4, 0x30, 0x30c, 0xc008, 0xa2c5, 0x4f05, 0xa0c4, 0x30, 0x30c, 0xc008, 0xe2c5, 0x4f9c,
	0xcac4, 0x30, 0x30c, 0xc009, 0x22c5, 0x4f05, 0xcac4, 0x30, 0x30c, 0xc009, 0x62c5, 0x4d9c,
	0xc4c4, 0x30, 0x30c, 0xc009, 0xa2c5, 0x4d05, 0xc4c4, 0x30, 0x30c, 0xc009, 0xe2c5, 0x4d9c,
	0xd2c4, 0x30, 0x30c, 0xc00a, 0x22c5, 0x4d05, 0xd2c4, 0x30, 0x30c, 0xc00a, 0x62c5, 0x4f9c,
	0xc4c4, 0x30, 0x30c, 0xc00a, 0xa2c5, 0x4f05, 0xc4c4, 0x30, 0x30c, 0xc00a, 0xe2c5, 0x5d9c,
	0xc4c4, 0x30, 0x30c, 0xc00b, 0xa2c5, 0x5d05, 0xc4c4, 0x30, 0x30c, 0xc00b, 0xe2c5, 0x5d9c,
	0xd2c4, 0x30, 0x30c, 0xc00c, 0x22c5, 0x5d05, 0xd2c4, 0x30, 0x30c, 0xc00c, 0x62c5
};

static constexpr uint16_t s_coll_csFastLatin[524] = {
	0x205, 0xc40, 0xde0, 0xe80, 0xea8, 0x418, 0x0, 0x0, 0x0, 0x0, 0x0, 0x0,
	0x0, 0x0, 0xc00, 0xc08, 0xc10, 0xc18, 0xc20, 0x0, 0x0, 0x0, 0x0, 0x0,
	0x0, 0x0, 0x0, 0x0, 0x0, 0x0, 0x0, 0x0, 0x0, 0x0, 0x0, 0x0,
	0x0, 0xc40, 0xca8, 0xcf0, 0xd78, 0xe98, 0xd80, 0xd70, 0xcd8, 0xd08, 0xd10, 0xd58,
	0xe30, 0xc90, 0xc60, 0xcd0, 0xd60, 0x10a8, 0x14a8, 0x18a8, 0x1ca8, 0x20a8, 0x24a8, 0x28a8,
	0x2ca8, 0x30a8, 0x34a8, 0xca0, 0xc98, 0xe50, 0xe58, 0xe60, 0xcb8, 0xd50, 0x38b9, 0x3cb9,
	0x41a, 0x48b9, 0x4cba, 0x50b9, 0x54b9, 0x58b9, 0x60ba, 0x68ba, 0x6cb9, 0x70b9, 0x74b9, 0x78ba,
	0x80b9, 0x84b9, 0x88b9, 0x424, 0x426, 0xa0b9, 0xa8b9, 0xacb9, 0xb0b9, 0xb4b9, 0xb8b9, 0x428,
	0xd18, 0xd68, 0xd20, 0xdf8, 0xc50, 0xde8, 0x38a8, 0x3ca8, 0x42a, 0x48a8, 0x4ca8, 0x50a8,
	0x54a8, 0x58a8, 0x60a8, 0x68a8, 0x6ca8, 0x70a8, 0x74a8, 0x78a8, 0x80a8, 0x84a8, 0x88a8, 0x434,
	0x436, 0xa0a8, 0xa8a8, 0xaca8, 0xb0a8, 0xb4a8, 0xb8a8, 0x438, 0xd28, 0xe70, 0xd30, 0xe80,
	0x0, 0x0, 0x0, 0x0, 0x0, 0x0, 0xc28, 0x0, 0x0, 0x0, 0x0, 0x0,
	0x0, 0x0, 0x0, 0x0, 0x0, 0x0, 0x0, 0x0, 0x0, 0x0, 0x0, 0x0,
	0x0, 0x0, 0x0, 0x0, 0x0, 0x0, 0x0, 0x0, 0x0, 0xc42, 0xcb0, 0xe90,
	0xea0, 0xe88, 0xea8, 0xe78, 0xd40, 0xe08, 0xe20, 0x38aa, 0xcf8, 0xe68, 0x0, 0xe28,
	0xe00, 0xe18, 0xe38, 0x18a9, 0x1ca9, 0xdf0, 0x1, 0xd48, 0x1, 0xe10, 0x14a9, 0x80aa,
	0xd00, 0x1, 0x1, 0x1, 0xcc0, 0x39b9, 0x3999, 0x39f9, 0x3a99, 0x3a59, 0x3a39, 0x800,
	0x43a, 0x4dba, 0x4d9a, 0x4dfa, 0x4e5a, 0x61ba, 0x619a, 0x61fa, 0x625a, 0x48d9, 0x7a9a, 0x81b9,
	0x8199, 0x81f9, 0x8299, 0x8259, 0xe48, 0x82d9, 0xa9b9, 0xa999, 0xa9f9, 0xaa59, 0xb999, 0xc4b9,
	0x802, 0x39a8, 0x3988, 0x39e8, 0x3a88, 0x3a48, 0x3a28, 0x804, 0x43c, 0x4da8, 0x4d88, 0x4de8,
	0x4e48, 0x61a8, 0x6188, 0x61e8, 0x6248, 0x48c8, 0x7a88, 0x81a8, 0x8188, 0x81e8, 0x8288, 0x8248,
	0xe40, 0x82c8, 0xa9a8, 0xa988, 0xa9e8, 0xaa48, 0xb988, 0xc4a8, 0xba48, 0x3b39, 0x3b28, 0x39d9,
	0x39c8, 0x3b19, 0x3b08, 0x4199, 0x4188, 0x41f9, 0x41e8, 0x42b9, 0x42a8, 0x44b9, 0x44a8, 0x4a19,
	0x4a08, 0x4b59, 0x4b48, 0x4f3a, 0x4f28, 0x4dda, 0x4dc8, 0x4eba, 0x4ea8, 0x4f1a, 0x4f08, 0x4e1a,
	0x4e08, 0x55f9, 0x55e8, 0x55d9, 0x55c8, 0x56b9, 0x56a8, 0x56f9, 0x56e8, 0x59f9, 0x59e8, 0x5b59,
	0x5b48, 0x629a, 0x6288, 0x633a, 0x6328, 0x61da, 0x61c8, 0x631a, 0x6308, 0x62ba, 0x64a8, 0x806,
	0x808, 0x69fa, 0x69e8, 0x6ef9, 0x6ee8, 0x8ca8, 0x7199, 0x7188, 0x72f9, 0x72e8, 0x7219, 0x7208,
	0x7379, 0x7368, 0x7359, 0x7348, 0x799a, 0x7988, 0x7afa, 0x7ae8, 0x7a1a, 0x7a08, 0x80a, 0x7cb9,
	0x7ca8, 0x8339, 0x8328, 0x81d9, 0x81c8, 0x8279, 0x8268, 0x80c, 0x80e, 0x9199, 0x9188, 0x43e,
	0x440, 0x94b9, 0x94a8, 0x999a, 0x9988, 0x99fa, 0x99e8, 0x442, 0x444, 0x9cb9, 0x9ca8, 0xa2f9,
	0xa2e8, 0xa219, 0xa208, 0xa4b9, 0xa4a8, 0xaa99, 0xaa88, 0xab39, 0xab28, 0xa9d9, 0xa9c8, 0xaa39,
	0xaa28, 0xaa79, 0xaa68, 0xab19, 0xab08, 0xb1f9, 0xb1e8, 0xb9f9, 0xb9e8, 0xba59, 0xbd99, 0xbd88,
	0xbeb9, 0xbea8, 0xc0b9, 0xc0a8, 0x98e8, 0xc41, 0xc41, 0xc41, 0xc41, 0xc41, 0xc41, 0xc41,
	0xc42, 0xc41, 0xc41, 0xc41, 0x0, 0x0, 0x0, 0x0, 0x0, 0xc68, 0xc69, 0xc70,
	0xc78, 0xc80, 0xc88, 0xd38, 0xc58, 0x1, 0x1, 0x1, 0x1, 0x1, 0x1, 0x1,
	0x1, 0xd98, 0xda0, 0xda8, 0xdb0, 0xcd1, 0x810, 0x1, 0xdb8, 0xc30, 0xc38, 0x0,
	0x0, 0x0, 0x0, 0x0, 0xc42, 0xd88, 0xd90, 0xdc0, 0x812, 0x1, 0xdc8, 0x814,
	0x1, 0xdd0, 0xce0, 0xce8, 0xdd8, 0x816, 0xcc8, 0xc48, 0xde0, 0x38d9, 0x4cbb, 0x98c8,
	0x98a9, 0x38c8, 0x4ca9, 0x60bb, 0x68bb, 0x60a9, 0x68a9, 0xc8a9, 0x78a9, 0x80d9, 0x4cbb, 0x80c8,
	0x4ca9, 0xcd1, 0xcd1, 0xdc1, 0xdc1, 0xdc9, 0xdc9, 0xca9, 0xca9, 0x5ff, 0x0, 0x5ff,
	0x40b9, 0x448, 0x5cbb, 0x468, 0x5cb2, 0x524, 0x5dfb, 0x525, 0x5df2, 0x5ff, 0x90b9, 0x5ff,
	0x98ba, 0x5ff, 0xbcb9, 0x5ff, 0x40a8, 0x448, 0x5cb1, 0x468, 0x5ca8, 0x524, 0x5df1, 0x525,
	0x5de8, 0x5ff, 0x90a8, 0x5ff, 0x98a8, 0x5ff, 0xbca8, 0x5ff, 0x42f9, 0x5ff, 0x42e8, 0x5ff,
	0x92f9, 0x5ff, 0x92e8, 0x5ff, 0x9afa, 0x5ff, 0x9ae8, 0x1ff
};

static constexpr uint16_t s_coll_csFastLatinPrimaries[384] = {
	0x0, 0x0, 0x0, 0x0, 0x0, 0x0, 0x0, 0x0, 0x0, 0xc00, 0xc08, 0xc10,
	0xc18, 0xc20, 0x0, 0x0, 0x0, 0x0, 0x0, 0x0, 0x0, 0x0, 0x0, 0x0,
	0x0, 0x0, 0x0, 0x0, 0x0, 0x0, 0x0, 0x0, 0xc40, 0xca8, 0xcf0, 0xd78,
	0xe98, 0xd80, 0xd70, 0xcd8, 0xd08, 0xd10, 0xd58, 0xe30, 0xc90, 0xc60, 0xcd0, 0xd60,
	0x1000, 0x1400, 0x1800, 0x1c00, 0x2000, 0x2400, 0x2800, 0x2c00, 0x3000, 0x3400, 0xca0, 0xc98,
	0xe50, 0xe58, 0xe60, 0xcb8, 0xd50, 0x3800, 0x3c00, 0x0, 0x4800, 0x4c00, 0x5000, 0x5400,
	0x5800, 0x6000, 0x6800, 0x6c00, 0x7000, 0x7400, 0x7800, 0x8000, 0x8400, 0x8800, 0x0, 0x0,
	0xa000, 0xa800, 0xac00, 0xb000, 0xb400, 0xb800, 0x0, 0xd18, 0xd68, 0xd20, 0xdf8, 0xc50,
	0xde8, 0x3800, 0x3c00, 0x0, 0x4800, 0x4c00, 0x5000, 0x5400, 0x5800, 0x6000, 0x6800, 0x6c00,
	0x7000, 0x7400, 0x7800, 0x8000, 0x8400, 0x8800, 0x0, 0x0, 0xa000, 0xa800, 0xac00, 0xb000,
	0xb400, 0xb800, 0x0, 0xd28, 0xe70, 0xd30, 0xe80, 0x0, 0x0, 0x0, 0x0, 0x0,
	0x0, 0xc28, 0x0, 0x0, 0x0, 0x0, 0x0, 0x0, 0x0, 0x0, 0x0, 0x0,
	0x0, 0x0, 0x0, 0x0, 0x0, 0x0, 0x0, 0x0, 0x0, 0x0, 0x0, 0x0,
	0x0, 0x0, 0x0, 0x0, 0xc40, 0xcb0, 0xe90, 0xea0, 0xe88, 0xea8, 0xe78, 0xd40,
	0xe08, 0xe20, 0x3800, 0xcf8, 0xe68, 0x0, 0xe28, 0xe00, 0xe18, 0xe38, 0x1800, 0x1c00,
	0xdf0, 0x0, 0xd48, 0x0, 0xe10, 0x1400, 0x8000, 0xd00, 0x0, 0x0, 0x0, 0xcc0,
	0x3800, 0x3800, 0x3800, 0x3800, 0x3800, 0x3800, 0x0, 0x0, 0x4c00, 0x4c00, 0x4c00, 0x4c00,
	0x6000, 0x6000, 0x6000, 0x6000, 0x4800, 0x7800, 0x8000, 0x8000, 0x8000, 0x8000, 0x8000, 0xe48,
	0x8000, 0xa800, 0xa800, 0xa800, 0xa800, 0xb800, 0xc400, 0x0, 0x3800, 0x3800, 0x3800, 0x3800,
	0x3800, 0x3800, 0x0, 0x0, 0x4c00, 0x4c00, 0x4c00, 0x4c00, 0x6000, 0x6000, 0x6000, 0x6000,
	0x4800, 0x7800, 0x8000, 0x8000, 0x8000, 0x8000, 0x8000, 0xe40, 0x8000, 0xa800, 0xa800, 0xa800,
	0xa800, 0xb800, 0xc400, 0xb800, 0x3800, 0x3800, 0x3800, 0x3800, 0x3800, 0x3800, 0x4000, 0x4000,
	0x4000, 0x4000, 0x4000, 0x4000, 0x4400, 0x4400, 0x4800, 0x4800, 0x4800, 0x4800, 0x4c00, 0x4c00,
	0x4c00, 0x4c00, 0x4c00, 0x4c00, 0x4c00, 0x4c00, 0x4c00, 0x4c00, 0x5400, 0x5400, 0x5400, 0x5400,
	0x5400, 0x5400, 0x5400, 0x5400, 0x5800, 0x5800, 0x5800, 0x5800, 0x6000, 0x6000, 0x6000, 0x6000,
	0x6000, 0x6000, 0x6000, 0x6000, 0x6000, 0x6400, 0x0, 0x0, 0x6800, 0x6800, 0x6c00, 0x6c00,
	0x8c00, 0x7000, 0x7000, 0x7000, 0x7000, 0x7000, 0x7000, 0x7000, 0x7000, 0x7000, 0x7000, 0x7800,
	0x7800, 0x7800, 0x7800, 0x7800, 0x7800, 0x0, 0x7c00, 0x7c00, 0x8000, 0x8000, 0x8000, 0x8000,
	0x8000, 0x8000, 0x0, 0x0, 0x9000, 0x9000, 0x0, 0x0, 0x9400, 0x9400, 0x9800, 0x9800,
	0x9800, 0x9800, 0x0, 0x0, 0x9c00, 0x9c00, 0xa000, 0xa000, 0xa000, 0xa000, 0xa400, 0xa400,
	0xa800, 0xa800, 0xa800, 0xa800, 0xa800, 0xa800, 0xa800, 0xa800, 0xa800, 0xa800, 0xa800, 0xa800,
	0xb000, 0xb000, 0xb800, 0xb800, 0xb800, 0xbc00, 0xbc00, 0xbc00, 0xbc00, 0xc000, 0xc000, 0x9800
};

static constexpr int32_t s_coll_csFastLatinMiniVarTop = 0xbff;

static constexpr uint32_t s_coll_csNumericPrimary = 0x10000000;
static constexpr int32_t s_coll_csOptions = 0x2010;
static constexpr int32_t s_coll_csJamoCe32sStart = -1;

static constexpr uint32_t s_coll_csUnsafeBwd[854] = {
	0x34, 0x35, 0x48, 0x49, 0x4c, 0x4d, 0x68, 0x69, 0xa0, 0xa1, 0x124, 0x126,
	0x21e, 0x220, 0x300, 0x34f, 0x350, 0x370, 0x3a9, 0x3aa, 0x3e2, 0x3e3, 0x42f, 0x430,
	0x483, 0x488, 0x531, 0x532, 0x591, 0x5be, 0x5bf, 0x5c0, 0x5c1, 0x5c3, 0x5c4, 0x5c6,
	0x5c7, 0x5c8, 0x5d0, 0x5d1, 0x610, 0x61b, 0x628, 0x629, 0x64b, 0x660, 0x670, 0x671,
	0x6d6, 0x6dd, 0x6df, 0x6e5, 0x6e7, 0x6e9, 0x6ea, 0x6ee, 0x710, 0x712, 0x730, 0x74b,
	0x78c, 0x78d, 0x7ca, 0x7cb, 0x7eb, 0x7f4, 0x7fd, 0x7fe, 0x800, 0x801, 0x816, 0x81a,
	0x81b, 0x824, 0x825, 0x828, 0x829, 0x82e, 0x840, 0x841, 0x859, 0x85c, 0x897, 0x8a0,
	0x8ca, 0x8e2, 0x8e3, 0x900, 0x905, 0x906, 0x93c, 0x93d, 0x94d, 0x94e, 0x951, 0x955,
	0x995, 0x996, 0x9bc, 0x9bd, 0x9be, 0x9bf, 0x9cd, 0x9ce, 0x9d7, 0x9d8, 0x9fe, 0x9ff,
	0xa15, 0xa16, 0xa3c, 0xa3d, 0xa4d, 0xa4e, 0xa95, 0xa96, 0xabc, 0xabd, 0xacd, 0xace,
	0xb15, 0xb16, 0xb3c, 0xb3d, 0xb3e, 0xb3f, 0xb4d, 0xb4e, 0xb56, 0xb58, 0xb95, 0xb96,
	0xbbe, 0xbbf, 0xbcd, 0xbce, 0xbd7, 0xbd8, 0xc15, 0xc16, 0xc3c, 0xc3d, 0xc4d, 0xc4e,
	0xc55, 0xc57, 0xc95, 0xc96, 0xcbc, 0xcbd, 0xcc2, 0xcc3, 0xccd, 0xcce, 0xcd5, 0xcd7,
	0xd15, 0xd16, 0xd3b, 0xd3d, 0xd3e, 0xd3f, 0xd4d, 0xd4e, 0xd57, 0xd58, 0xd85, 0xd86,
	0xdca, 0xdcb, 0xdcf, 0xdd0, 0xddf, 0xde0, 0xe01, 0xe2f, 0xe32, 0xe33, 0xe38, 0xe3b,
	0xe48, 0xe4c, 0xe81, 0xe83, 0xe84, 0xe85, 0xe86, 0xe8b, 0xe8c, 0xea4, 0xea5, 0xea6,
	0xea7, 0xeaf, 0xeb2, 0xeb3, 0xeb8, 0xebb, 0xec8, 0xecc, 0xedc, 0xee0, 0xf18, 0xf1a,
	0xf35, 0xf36, 0xf37, 0xf38, 0xf39, 0xf3a, 0xf40, 0xf41, 0xf71, 0xf76, 0xf7a, 0xf7e,
	0xf80, 0xf85, 0xf86, 0xf88, 0xfc6, 0xfc7, 0x1000, 0x1001, 0x102e, 0x102f, 0x1037, 0x1038,
	0x1039, 0x103b, 0x108d, 0x108e, 0x10d3, 0x10d4, 0x12a0, 0x12a1, 0x135d, 0x1360, 0x13c4, 0x13c5,
	0x14c0, 0x14c1, 0x168f, 0x1690, 0x16a0, 0x16a1, 0x1703, 0x1704, 0x1714, 0x1716, 0x1723, 0x1724,
	0x1734, 0x1735, 0x1743, 0x1744, 0x1763, 0x1764, 0x1780, 0x1781, 0x17d2, 0x17d3, 0x17dd, 0x17de,
	0x1826, 0x1827, 0x18a9, 0x18aa, 0x1900, 0x1901, 0x1939, 0x193c, 0x1950, 0x1951, 0x1980, 0x19ac,
	0x1a00, 0x1a01, 0x1a17, 0x1a19, 0x1a20, 0x1a21, 0x1a60, 0x1a61, 0x1a75, 0x1a7d, 0x1a7f, 0x1a80,
	0x1ab0, 0x1abe, 0x1abf, 0x1ade, 0x1ae0, 0x1aec, 0x1b05, 0x1b06, 0x1b34, 0x1b36, 0x1b44, 0x1b45,
	0x1b6b, 0x1b74, 0x1b83, 0x1b84, 0x1baa, 0x1bac, 0x1bc0, 0x1bc1, 0x1be6, 0x1be7, 0x1bf2, 0x1bf4,
	0x1c00, 0x1c01, 0x1c37, 0x1c38, 0x1c5a, 0x1c5b, 0x1cd0, 0x1cd3, 0x1cd4, 0x1ce1, 0x1ce2, 0x1ce9,
	0x1ced, 0x1cee, 0x1cf4, 0x1cf5, 0x1cf8, 0x1cfa, 0x1dc0, 0x1e00, 0x1e22, 0x1e2c, 0x1e96, 0x1e97,
	0x201c, 0x201d, 0x20ac, 0x20ad, 0x20d0, 0x20dd, 0x20e1, 0x20e2, 0x20e5, 0x20f1, 0x263a, 0x263b,
	0x2c00, 0x2c01, 0x2cef, 0x2cf2, 0x2d30, 0x2d31, 0x2d7f, 0x2d80, 0x2de0, 0x2e00, 0x302a, 0x3030,
	0x304b, 0x304c, 0x3099, 0x309b, 0x30ab, 0x30ac, 0x3105, 0x3106, 0x5b57, 0x5b58, 0xa288, 0xa289,
	0xa4d0, 0xa4d1, 0xa549, 0xa54a, 0xa66f, 0xa670, 0xa674, 0xa67e, 0xa69e, 0xa6a1, 0xa6f0, 0xa6f2,
	0xa800, 0xa801, 0xa806, 0xa807, 0xa82c, 0xa82d, 0xa840, 0xa841, 0xa882, 0xa883, 0xa8c4, 0xa8c5,
	0xa8e0, 0xa8f2, 0xa90a, 0xa90b, 0xa92b, 0xa92e, 0xa930, 0xa931, 0xa953, 0xa954, 0xa984, 0xa985,
	0xa9b3, 0xa9b4, 0xa9c0, 0xa9c1, 0xaa00, 0xaa01, 0xaa80, 0xaab1, 0xaab2, 0xaab5, 0xaab7, 0xaab9,
	0xaabe, 0xaac0, 0xaac1, 0xaac2, 0xaaf6, 0xaaf7, 0xabc0, 0xabc1, 0xabed, 0xabee, 0xac00, 0xac01,
	0xd800, 0xd809, 0xd80b, 0xd80d, 0xd811, 0xd812, 0xd818, 0xd819, 0xd81a, 0xd81c, 0xd820, 0xd821,
	0xd823, 0xd824, 0xd82c, 0xd82d, 0xd82f, 0xd830, 0xd834, 0xd835, 0xd838, 0xd83b, 0xdc00, 0xe000,
	0xfb1e, 0xfb1f, 0xfdd0, 0xfdd1, 0xfe20, 0xfe30, 0x10000, 0x10001, 0x101fd, 0x101fe, 0x10280, 0x10281,
	0x102a0, 0x102a1, 0x102e0, 0x102e1, 0x10300, 0x10301, 0x10330, 0x10331, 0x1036b, 0x1036c, 0x10376, 0x1037b,
	0x10380, 0x10381, 0x103a0, 0x103a1, 0x10414, 0x10415, 0x10450, 0x10451, 0x10480, 0x10481, 0x104b5, 0x104b6,
	0x10500, 0x10501, 0x10537, 0x10538, 0x10582, 0x10583, 0x105c2, 0x105c3, 0x10647, 0x10648, 0x10800, 0x10801,
	0x10840, 0x10841, 0x10873, 0x10874, 0x10896, 0x10897, 0x108f4, 0x108f5, 0x10900, 0x10901, 0x10920, 0x10921,
	0x10950, 0x10951, 0x10980, 0x10981, 0x109a0, 0x109a1, 0x10a00, 0x10a01, 0x10a0d, 0x10a0e, 0x10a0f, 0x10a10,
	0x10a38, 0x10a3b, 0x10a3f, 0x10a40, 0x10a60, 0x10a61, 0x10a95, 0x10a96, 0x10ad8, 0x10ad9, 0x10ae5, 0x10ae7,
	0x10b00, 0x10b01, 0x10b40, 0x10b41, 0x10b60, 0x10b61, 0x10b8f, 0x10b90, 0x10c00, 0x10c01, 0x10ca1, 0x10ca2,
	0x10d12, 0x10d13, 0x10d24, 0x10d28, 0x10d5d, 0x10d5e, 0x10d69, 0x10d6e, 0x10e88, 0x10e89, 0x10eab, 0x10ead,
	0x10efa, 0x10efc, 0x10efd, 0x10f00, 0x10f19, 0x10f1a, 0x10f42, 0x10f43, 0x10f46, 0x10f51, 0x10f7c, 0x10f7d,
	0x10f82, 0x10f86, 0x10fbf, 0x10fc0, 0x10ff1, 0x10ff2, 0x11005, 0x11006, 0x11046, 0x11047, 0x11070, 0x11071,
	0x1107f, 0x11080, 0x11083, 0x11084, 0x110b9, 0x110bb, 0x110d0, 0x110d1, 0x11100, 0x11104, 0x11127, 0x11128,
	0x11133, 0x11135, 0x11152, 0x11153, 0x11173, 0x11174, 0x11183, 0x11184, 0x111c0, 0x111c1, 0x111ca, 0x111cb,
	0x11208, 0x11209, 0x11235, 0x11237, 0x1128f, 0x11290, 0x112be, 0x112bf, 0x112e9, 0x112eb, 0x11315, 0x11316,
	0x1133b, 0x1133d, 0x1133e, 0x1133f, 0x1134d, 0x1134e, 0x11357, 0x11358, 0x11366, 0x1136d, 0x11370, 0x11375,
	0x11392, 0x11393, 0x113b8, 0x113b9, 0x113bb, 0x113bc, 0x113c2, 0x113c3, 0x113c9, 0x113ca, 0x113ce, 0x113d1,
	0x11412, 0x11413, 0x11442, 0x11443, 0x11446, 0x11447, 0x1145e, 0x1145f, 0x11484, 0x11485, 0x114b0, 0x114b1,
	0x114ba, 0x114bb, 0x114bd, 0x114be, 0x114c2, 0x114c4, 0x1158e, 0x1158f, 0x115af, 0x115b0, 0x115bf, 0x115c1,
	0x1160e, 0x1160f, 0x1163f, 0x11640, 0x11680, 0x11681, 0x116b6, 0x116b8, 0x11717, 0x11718, 0x1172b, 0x1172c,
	0x1180b, 0x1180c, 0x11839, 0x1183b, 0x118b4, 0x118b5, 0x1190c, 0x1190d, 0x11930, 0x11931, 0x1193d, 0x1193f,
	0x11943, 0x11944, 0x119ce, 0x119cf, 0x119e0, 0x119e1, 0x11a0b, 0x11a0c, 0x11a34, 0x11a35, 0x11a47, 0x11a48,
	0x11a5c, 0x11a5d, 0x11a99, 0x11a9a, 0x11ac0, 0x11ac1, 0x11bc4, 0x11bc5, 0x11c0e, 0x11c0f, 0x11c3f, 0x11c40,
	0x11c72, 0x11c73, 0x11d10, 0x11d11, 0x11d42, 0x11d43, 0x11d44, 0x11d46, 0x11d71, 0x11d72, 0x11d97, 0x11d98,
	0x11dc6, 0x11dc7, 0x11ee5, 0x11ee6, 0x11f1b, 0x11f1c, 0x11f41, 0x11f43, 0x12000, 0x12001, 0x12fe5, 0x12fe6,
	0x13153, 0x13154, 0x14400, 0x14401, 0x1611c, 0x1611d, 0x1611e, 0x16121, 0x16123, 0x16126, 0x16129, 0x1612a,
	0x1612f, 0x16130, 0x16a4f, 0x16a50, 0x16abc, 0x16abd, 0x16ae6, 0x16ae7, 0x16af0, 0x16af5, 0x16b1c, 0x16b1d,
	0x16b30, 0x16b37, 0x16d45, 0x16d46, 0x16d67, 0x16d69, 0x16e40, 0x16e41, 0x16ea1, 0x16ea2, 0x16f00, 0x16f01,
	0x16ff0, 0x16ff2, 0x18229, 0x1822a, 0x18c65, 0x18c66, 0x1b1c4, 0x1b1c5, 0x1bc20, 0x1bc21, 0x1bc9e, 0x1bc9f,
	0x1d165, 0x1d16a, 0x1d16d, 0x1d173, 0x1d17b, 0x1d183, 0x1d185, 0x1d18c, 0x1d1aa, 0x1d1ae, 0x1d242, 0x1d245,
	0x1e000, 0x1e007, 0x1e008, 0x1e019, 0x1e01b, 0x1e022, 0x1e023, 0x1e025, 0x1e026, 0x1e02b, 0x1e08f, 0x1e090,
	0x1e108, 0x1e109, 0x1e130, 0x1e137, 0x1e290, 0x1e291, 0x1e2ae, 0x1e2af, 0x1e2e1, 0x1e2e2, 0x1e2ec, 0x1e2f0,
	0x1e4e6, 0x1e4e7, 0x1e4ec, 0x1e4f0, 0x1e5d0, 0x1e5d1, 0x1e5ee, 0x1e5f0, 0x1e6d5, 0x1e6d6, 0x1e6e3, 0x1e6e4,
	0x1e6e6, 0x1e6e7, 0x1e6ee, 0x1e6f0, 0x1e6f5, 0x1e6f6, 0x1e802, 0x1e803, 0x1e8d0, 0x1e8d7, 0x1e909, 0x1e90a,
	0x1e944, 0x1e94b
};

static constexpr int32_t s_coll_csUnsafeBwdLength = 854;

static constexpr uint16_t s_coll_plTrieIndex[2112] = {
	0x0, 0x8, 0x10, 0x18, 0x30, 0x38, 0x40, 0x48, 0x50, 0x58, 0x60, 0x68, 0x70, 0x78, 0x79, 0x81,
	0x84, 0x8c, 0x30, 0x38, 0x30, 0x38, 0x30, 0x38, 0x30, 0x38, 0x30, 0x38, 0x30, 0x38, 0x30, 0x38,
	0x30, 0x38, 0x30, 0x38, 0x30, 0x38, 0x30, 0x38, 0x30, 0x38, 0x30, 0x38, 0x30, 0x38, 0x30, 0x38,
	0x30, 0x38, 0x30, 0x38, 0x30, 0x38, 0x30, 0x38, 0x30, 0x38, 0x30, 0x38, 0x30, 0x38, 0x30, 0x38,
	0x30, 0x30, 0x30, 0x30, 0x30, 0x30, 0x30, 0x30, 0x30, 0x30, 0x30, 0x30, 0x30, 0x30, 0x30, 0x30,
	0x30, 0x30, 0x30, 0x30, 0x30, 0x30, 0x30, 0x30, 0x30, 0x30, 0x30, 0x30, 0x30, 0x30, 0x30, 0x30,
	0x30, 0x30, 0x30, 0x30, 0x30, 0x30, 0x30, 0x30, 0x30, 0x30, 0x30, 0x30, 0x30, 0x30, 0x30, 0x30,
	0x30, 0x30, 0x30, 0x30, 0x30, 0x30, 0x30, 0x30, 0x30, 0x30, 0x30, 0x30, 0x30, 0x30, 0x30, 0x30,
	0x30, 0x30, 0x30, 0x30, 0x30, 0x30, 0x30, 0x30, 0x30, 0x30, 0x30, 0x30, 0x30, 0x30, 0x30, 0x30,
	0x30, 0x30, 0x30, 0x30, 0x30, 0x30, 0x30, 0x30, 0x30, 0x30, 0x30, 0x30, 0x30, 0x30, 0x30, 0x30,
	0x30, 0x30, 0x30, 0x30, 0x30, 0x30, 0x30, 0x30, 0x30, 0x30, 0x30, 0x30, 0x30, 0x30, 0x30, 0x30,
	0x30, 0x30, 0x30, 0x30, 0x30, 0x30, 0x30, 0x30, 0x30, 0x30, 0x30, 0x30, 0x30, 0x30, 0x30, 0x30,
	0x30, 0x30, 0x30, 0x30, 0x30, 0x30, 0x30, 0x30, 0x30, 0x30, 0x30, 0x30, 0x30, 0x30, 0x30, 0x30,
	0x30, 0x30, 0x30, 0x30, 0x30, 0x30, 0x30, 0x30, 0x30, 0x30, 0x30, 0x30, 0x30, 0x30, 0x30, 0x30,
	0x30, 0x30, 0x30, 0x30, 0x30, 0x30, 0x30, 0x30, 0x30, 0x30, 0x30, 0x30, 0x30, 0x30, 0x30, 0x30,
	0xa2, 0x30, 0xa9, 0xb1, 0xb5, 0x30, 0xbb, 0xc3, 0x30, 0x30, 0x30, 0x30, 0x30, 0x30, 0x30, 0x30,
	0x30, 0x30, 0x30, 0x30, 0x30, 0x30, 0x30, 0x30, 0x30, 0x30, 0x30, 0x30, 0x30, 0x30, 0x30, 0x30,
	0x30, 0x30, 0x30, 0x30, 0x30, 0x30, 0x30, 0x30, 0x30, 0x30, 0x30, 0x30, 0x30, 0x30, 0x30, 0x30,
	0x30, 0x30, 0x30, 0x30, 0x30, 0x30, 0x30, 0x30, 0x30, 0x30, 0x30, 0x30, 0x30, 0x30, 0x30, 0x30,
	0x30, 0x30, 0x30, 0x30, 0x30, 0x30, 0x30, 0x30, 0x30, 0x30, 0x30, 0x30, 0x30, 0x30, 0x30, 0x30,
	0x30, 0x30, 0x30, 0x30, 0x30, 0x30, 0x30, 0x30, 0x30, 0x30, 0x30, 0x30, 0x30, 0x30, 0x30, 0x30,
	0x30, 0x30, 0x30, 0x30, 0x30, 0x30, 0x30, 0x30, 0x30, 0x30, 0x30, 0x30, 0x30, 0x30, 0x30, 0x30,
	0x30, 0x30, 0x30, 0x30, 0x30, 0x30, 0x30, 0x30, 0x30, 0x30, 0x30, 0x30, 0x30, 0x30, 0x30, 0x30,
	0x30, 0x30, 0x30, 0x30, 0x30, 0x30, 0x30, 0x30, 0x30, 0x30, 0x30, 0x30, 0x30, 0x30, 0x30, 0x30,
	0x30, 0x30, 0x30, 0x30, 0x30, 0x30, 0x30, 0x30, 0x30, 0x30, 0x30, 0x30, 0x30, 0x30, 0x30, 0x30,
	0x30, 0x30, 0x30, 0x30, 0x30, 0x30, 0x30, 0x30, 0x30, 0x30, 0x30, 0x30, 0x30, 0x30, 0x30, 0x30,
	0x30, 0x30, 0x30, 0x30, 0x30, 0x30, 0x30, 0x30, 0x30, 0x30, 0x30, 0x30, 0x30, 0x30, 0x30, 0x30,
	0x30, 0x30, 0x30, 0x30, 0x30, 0x30, 0x30, 0x30, 0x30, 0x30, 0x30, 0x30, 0x30, 0x30, 0x30, 0x30,
	0x30, 0x30, 0x30, 0x30, 0x30, 0x30, 0x30, 0x30, 0x30, 0x30, 0x30, 0x30, 0x30, 0x30, 0x30, 0x30,
	0x30, 0x30, 0x30, 0x30, 0x30, 0x30, 0x30, 0x30, 0x30, 0x30, 0x30, 0x30, 0x30, 0x30, 0x30, 0x30,
	0x30, 0x30, 0x30, 0x30, 0x30, 0x30, 0x30, 0x30, 0x30, 0x30, 0x30, 0x30, 0x30, 0x30, 0x30, 0x30,
	0x30, 0x30, 0x30, 0x30, 0x30, 0x30, 0x30, 0x30, 0x30, 0x30, 0x30, 0x30, 0x30, 0x30, 0x30, 0x30,
	0x30, 0x30, 0x30, 0x30, 0x30, 0x30, 0x30, 0x30, 0x30, 0x30, 0x30, 0x30, 0x30, 0x30, 0x30, 0x30,
	0x30, 0x30, 0x30, 0x30, 0x30, 0x30, 0x30, 0x30, 0x30, 0x30, 0x30, 0x30, 0x30, 0x30, 0x30, 0x30,
	0x30, 0x30, 0x30, 0x30, 0x30, 0x30, 0x30, 0x30, 0x30, 0x30, 0x30, 0x30, 0x30, 0x30, 0x30, 0x30,
	0x30, 0x30, 0x30, 0x30, 0x30, 0x30, 0x30, 0x30, 0x30, 0x30, 0x30, 0x30, 0x30, 0x30, 0x30, 0x30,
	0x30, 0x30, 0x30, 0x30, 0x30, 0x30, 0x30, 0x30, 0x30, 0x30, 0x30, 0x30, 0x30, 0x30, 0x30, 0x30,
	0x30, 0x30, 0x30, 0x30, 0x30, 0x30, 0x30, 0x30, 0x30, 0x30, 0x30, 0x30, 0x30, 0x30, 0x30, 0x30,
	0x30, 0x30, 0x30, 0x30, 0x30, 0x30, 0x30, 0x30, 0x30, 0x30, 0x30, 0x30, 0x30, 0x30, 0x30, 0x30,
	0x30, 0x30, 0x30, 0x30, 0x30, 0x30, 0x30, 0x30, 0x30, 0x30, 0x30, 0x30, 0x30, 0x30, 0x30, 0x30,
	0x30, 0x30, 0x30, 0x30, 0x30, 0x30, 0x30, 0x30, 0x30, 0x30, 0x30, 0x30, 0x30, 0x30, 0x30, 0x30,
	0x30, 0x30, 0x30, 0x30, 0x30, 0x30, 0x30, 0x30, 0x30, 0x30, 0x30, 0x30, 0x30, 0x30, 0x30, 0x30,
	0x30, 0x30, 0x30, 0x30, 0x30, 0x30, 0x30, 0x30, 0x30, 0x30, 0x30, 0x30, 0x30, 0x30, 0x30, 0x30,
	0x30, 0x30, 0x30, 0x30, 0x30, 0x30, 0x30, 0x30, 0x30, 0x30, 0x30, 0x30, 0x30, 0x30, 0x30, 0x30,
	0x30, 0x30, 0x30, 0x30, 0x30, 0x30, 0x30, 0x30, 0x30, 0x30, 0x30, 0x30, 0x30, 0x30, 0x30, 0x30,
	0x30, 0x30, 0x30, 0x30, 0x30, 0x30, 0x30, 0x30, 0x30, 0x30, 0x30, 0x30, 0x30, 0x30, 0x30, 0x30,
	0x30, 0x30, 0x30, 0x30, 0x30, 0x30, 0x30, 0x30, 0x30, 0x30, 0x30, 0x30, 0x30, 0x30, 0x30, 0x30,
	0x30, 0x30, 0x30, 0x30, 0x30, 0x30, 0x30, 0x30, 0x30, 0x30, 0x30, 0x30, 0x30, 0x30, 0x30, 0x30,
	0x30, 0x30, 0x30, 0x30, 0x30, 0x30, 0x30, 0x30, 0x30, 0x30, 0x30, 0x30, 0x30, 0x30, 0x30, 0x30,
	0x30, 0x30, 0x30, 0x30, 0x30, 0x30, 0x30, 0x30, 0x30, 0x30, 0x30, 0x30, 0x30, 0x30, 0x30, 0x30,
	0x30, 0x30, 0x30, 0x30, 0x30, 0x30, 0x30, 0x30, 0x30, 0x30, 0x30, 0x30, 0x30, 0x30, 0x30, 0x30,
	0x30, 0x30, 0x30, 0x30, 0x30, 0x30, 0x30, 0x30, 0x30, 0x30, 0x30, 0x30, 0x30, 0x30, 0x30, 0x30,
	0x30, 0x30, 0x30, 0x30, 0x30, 0x30, 0x30, 0x30, 0x30, 0x30, 0x30, 0x30, 0x30, 0x30, 0x30, 0x30,
	0x30, 0x30, 0x30, 0x30, 0x30, 0x30, 0x30, 0x30, 0x30, 0x30, 0x30, 0x30, 0x30, 0x30, 0x30, 0x30,
	0x30, 0x30, 0x30, 0x30, 0x30, 0x30, 0x30, 0x30, 0x30, 0x30, 0x30, 0x30, 0x30, 0x30, 0x30, 0x30,
	0x30, 0x30, 0x30, 0x30, 0x30, 0x30, 0x30, 0x30, 0x30, 0x30, 0x30, 0x30, 0x30, 0x30, 0x30, 0x30,
	0x30, 0x30, 0x30, 0x30, 0x30, 0x30, 0x30, 0x30, 0x30, 0x30, 0x30, 0x30, 0x30, 0x30, 0x30, 0x30,
	0x30, 0x30, 0x30, 0x30, 0x30, 0x30, 0x30, 0x30, 0x30, 0x30, 0x30, 0x30, 0x30, 0x30, 0x30, 0x30,
	0x30, 0x30, 0x30, 0x30, 0x30, 0x30, 0x30, 0x30, 0x30, 0x30, 0x30, 0x30, 0x30, 0x30, 0x30, 0x30,
	0x30, 0x30, 0x30, 0x30, 0x30, 0x30, 0x30, 0x30, 0x30, 0x30, 0x30, 0x30, 0x30, 0x30, 0x30, 0x30,
	0x30, 0x30, 0x30, 0x30, 0x30, 0x30, 0x30, 0x30, 0x30, 0x30, 0x30, 0x30, 0x30, 0x30, 0x30, 0x30,
	0x30, 0x30, 0x30, 0x30, 0x30, 0x30, 0x30, 0x30, 0x30, 0x30, 0x30, 0x30, 0x30, 0x30, 0x30, 0x30,
	0x30, 0x30, 0x30, 0x30, 0x30, 0x30, 0x30, 0x30, 0x30, 0x30, 0x30, 0x30, 0x30, 0x30, 0x30, 0x30,
	0x30, 0x30, 0x30, 0x30, 0x30, 0x30, 0x30, 0x30, 0x30, 0x30, 0x30, 0x30, 0x30, 0x30, 0x30, 0x30,
	0x30, 0x30, 0x30, 0x30, 0x30, 0x30, 0x30, 0x30, 0x30, 0x30, 0x30, 0x30, 0x30, 0x30, 0x30, 0x30,
	0x30, 0x30, 0x30, 0x30, 0x30, 0x30, 0x30, 0x30, 0x30, 0x30, 0x30, 0x30, 0x30, 0x30, 0x30, 0x30,
	0x30, 0x30, 0x30, 0x30, 0x30, 0x30, 0x30, 0x30, 0x30, 0x30, 0x30, 0x30, 0x30, 0x30, 0x30, 0x30,
	0x30, 0x30, 0x30, 0x30, 0x30, 0x30, 0x30, 0x30, 0x30, 0x30, 0x30, 0x30, 0x30, 0x30, 0x30, 0x30,
	0x30, 0x30, 0x30, 0x30, 0x30, 0x30, 0x30, 0x30, 0x30, 0x30, 0x30, 0x30, 0x30, 0x30, 0x30, 0x30,
	0x30, 0x30, 0x30, 0x30, 0x30, 0x30, 0x30, 0x30, 0x30, 0x30, 0x30, 0x30, 0x30, 0x30, 0x30, 0x30,
	0x30, 0x30, 0x30, 0x30, 0x30, 0x30, 0x30, 0x30, 0x30, 0x30, 0x30, 0x30, 0x30, 0x30, 0x30, 0x30,
	0x30, 0x30, 0x30, 0x30, 0x30, 0x30, 0x30, 0x30, 0x30, 0x30, 0x30, 0x30, 0x30, 0x30, 0x30, 0x30,
	0x30, 0x30, 0x30, 0x30, 0x30, 0x30, 0x30, 0x30, 0x30, 0x30, 0x30, 0x30, 0x30, 0x30, 0x30, 0x30,
	0x30, 0x30, 0x30, 0x30, 0x30, 0x30, 0x30, 0x30, 0x30, 0x30, 0x30, 0x30, 0x30, 0x30, 0x30, 0x30,
	0x30, 0x30, 0x30, 0x30, 0x30, 0x30, 0x30, 0x30, 0x30, 0x30, 0x30, 0x30, 0x30, 0x30, 0x30, 0x30,
	0x30, 0x30, 0x30, 0x30, 0x30, 0x30, 0x30, 0x30, 0x30, 0x30, 0x30, 0x30, 0x30, 0x30, 0x30, 0x30,
	0x30, 0x30, 0x30, 0x30, 0x30, 0x30, 0x30, 0x30, 0x30, 0x30, 0x30, 0x30, 0x30, 0x30, 0x30, 0x30,
	0x30, 0x30, 0x30, 0x30, 0x30, 0x30, 0x30, 0x30, 0x30, 0x30, 0x30, 0x30, 0x30, 0x30, 0x30, 0x30,
	0x30, 0x30, 0x30, 0x30, 0x30, 0x30, 0x30, 0x30, 0x30, 0x30, 0x30, 0x30, 0x30, 0x30, 0x30, 0x30,
	0x30, 0x30, 0x30, 0x30, 0x30, 0x30, 0x30, 0x30, 0x30, 0x30, 0x30, 0x30, 0x30, 0x30, 0x30, 0x30,
	0x30, 0x30, 0x30, 0x30, 0x30, 0x30, 0x30, 0x30, 0x30, 0x30, 0x30, 0x30, 0x30, 0x30, 0x30, 0x30,
	0x30, 0x30, 0x30, 0x30, 0x30, 0x30, 0x30, 0x30, 0x30, 0x30, 0x30, 0x30, 0x30, 0x30, 0x30, 0x30,
	0x30, 0x30, 0x30, 0x30, 0x30, 0x30, 0x30, 0x30, 0x30, 0x30, 0x30, 0x30, 0x30, 0x30, 0x30, 0x30,
	0x30, 0x30, 0x30, 0x30, 0x30, 0x30, 0x30, 0x30, 0x30, 0x30, 0x30, 0x30, 0x30, 0x30, 0x30, 0x30,
	0x30, 0x30, 0x30, 0x30, 0x30, 0x30, 0x30, 0x30, 0x30, 0x30, 0x30, 0x30, 0x30, 0x30, 0x30, 0x30,
	0x30, 0x30, 0x30, 0x30, 0x30, 0x30, 0x30, 0x30, 0x30, 0x30, 0x30, 0x30, 0x30, 0x30, 0x30, 0x30,
	0xcb, 0xcb, 0xcb, 0xcb, 0xcb, 0xcb, 0xcb, 0xcb, 0xcb, 0xcb, 0xcb, 0xcb, 0xcb, 0xcb, 0xcb, 0xcb,
	0xcb, 0xcb, 0xcb, 0xcb, 0xcb, 0xcb, 0xcb, 0xcb, 0xcb, 0xcb, 0xcb, 0xcb, 0xcb, 0xcb, 0xcb, 0xcb,
	0xcb, 0xcb, 0xcb, 0xcb, 0xcb, 0xcb, 0xcb, 0xcb, 0xcb, 0xcb, 0xcb, 0xcb, 0xcb, 0xcb, 0xcb, 0xcb,
	0xcb, 0xcb, 0xcb, 0xcb, 0xcb, 0xcb, 0xcb, 0xcb, 0xcb, 0xcb, 0xcb, 0xcb, 0xcb, 0xcb, 0xcb, 0xcb,
	0xcb, 0xcb, 0xcb, 0xcb, 0xcb, 0xcb, 0xcb, 0xcb, 0xcb, 0xcb, 0xcb, 0xcb, 0xcb, 0xcb, 0xcb, 0xcb,
	0xcb, 0xcb, 0xcb, 0xcb, 0xcb, 0xcb, 0xcb, 0xcb, 0xcb, 0xcb, 0xcb, 0xcb, 0xcb, 0xcb, 0xcb, 0xcb,
	0xcb, 0xcb, 0xcb, 0xcb, 0xcb, 0xcb, 0xcb, 0xcb, 0xcb, 0xcb, 0xcb, 0xcb, 0xcb, 0xcb, 0xcb, 0xcb,
	0xcb, 0xcb, 0xcb, 0xcb, 0xcb, 0xcb, 0xcb, 0xcb, 0xcb, 0xcb, 0xcb, 0xcb, 0xcb, 0xcb, 0xcb, 0xcb,
	0xcb, 0xcb, 0xcb, 0xcb, 0xcb, 0xcb, 0xcb, 0xcb, 0xcb, 0xcb, 0xcb, 0xcb, 0xcb, 0xcb, 0xcb, 0xcb,
	0xcb, 0xcb, 0xcb, 0xcb, 0xcb, 0xcb, 0xcb, 0xcb, 0xcb, 0xcb, 0xcb, 0xcb, 0xcb, 0xcb, 0xcb, 0xcb,
	0xcb, 0xcb, 0xcb, 0xcb, 0xcb, 0xcb, 0xcb, 0xcb, 0xcb, 0xcb, 0xcb, 0xcb, 0xcb, 0xcb, 0xcb, 0xcb,
	0xcb, 0xcb, 0xcb, 0xcb, 0xcb, 0xcb, 0xcb, 0xcb, 0xcb, 0xcb, 0xcb, 0xcb, 0xcb, 0xcb, 0xcb, 0xcb,
	0xcb, 0xcb, 0xcb, 0xcb, 0xcb, 0xcb, 0xcb, 0xcb, 0xcb, 0xcb, 0xcb, 0xcb, 0xcb, 0xcb, 0xcb, 0xcb,
	0xcb, 0xcb, 0xcb, 0xcb, 0xcb, 0xcb, 0xcb, 0xcb, 0xcb, 0xcb, 0xcb, 0xcb, 0xcb, 0xcb, 0xcb, 0xcb,
	0xcb, 0xcb, 0xcb, 0xcb, 0xcb, 0xcb, 0xcb, 0xcb, 0xcb, 0xcb, 0xcb, 0xcb, 0xcb, 0xcb, 0xcb, 0xcb,
	0xcb, 0xcb, 0xcb, 0xcb, 0xcb, 0xcb, 0xcb, 0xcb, 0xcb, 0xcb, 0xcb, 0xcb, 0xcb, 0xcb, 0xcb, 0xcb,
	0xcb, 0xcb, 0xcb, 0xcb, 0xcb, 0xcb, 0xcb, 0xcb, 0xcb, 0xcb, 0xcb, 0xcb, 0xcb, 0xcb, 0xcb, 0xcb,
	0xcb, 0xcb, 0xcb, 0xcb, 0xcb, 0xcb, 0xcb, 0xcb, 0xcb, 0xcb, 0xcb, 0xcb, 0xcb, 0xcb, 0xcb, 0xcb,
	0xcb, 0xcb, 0xcb, 0xcb, 0xcb, 0xcb, 0xcb, 0xcb, 0xcb, 0xcb, 0xcb, 0xcb, 0xcb, 0xcb, 0xcb, 0xcb,
	0xcb, 0xcb, 0xcb, 0xcb, 0xcb, 0xcb, 0xcb, 0xcb, 0xcb, 0xcb, 0xcb, 0xcb, 0xcb, 0xcb, 0xcb, 0xcb,
	0xcb, 0xcb, 0xcb, 0xcb, 0xcb, 0xcb, 0xcb, 0xcb, 0xcb, 0xcb, 0xcb, 0xcb, 0xcb, 0xcb, 0xcb, 0xcb,
	0xcb, 0xcb, 0xcb, 0xcb, 0xcb, 0xcb, 0xcb, 0xcb, 0xcb, 0xcb, 0xcb, 0xcb, 0xcb, 0x9c, 0x30, 0x30,
	0x94, 0x94, 0x94, 0x94, 0x94, 0x94, 0x94, 0x94, 0x94, 0x94, 0x94, 0x94, 0x94, 0x94, 0x94, 0x94,
	0x94, 0x94, 0x94, 0x94, 0x94, 0x94, 0x94, 0x94, 0x94, 0x94, 0x94, 0x94, 0x94, 0x94, 0x94, 0x94,
	0x30, 0x30, 0x30, 0x30, 0x30, 0x30, 0x30, 0x30, 0x30, 0x30, 0x30, 0x30, 0x30, 0x30, 0x30, 0x30,
	0x30, 0x30, 0x30, 0x30, 0x30, 0x30, 0x30, 0x30, 0x30, 0x30, 0x30, 0x30, 0x30, 0x30, 0x30, 0x30,
	0x30, 0x30, 0x30, 0x30, 0x30, 0x30, 0x30, 0x30, 0x30, 0x30, 0x30, 0x30, 0x30, 0x30, 0x30, 0x30,
	0x30, 0x30, 0x30, 0x30, 0x30, 0x30, 0x30, 0x30, 0x30, 0x30, 0x30, 0x30, 0x30, 0x30, 0x30, 0x30,
	0x30, 0x30, 0x30, 0x30, 0x30, 0x30, 0x30, 0x30, 0x30, 0x30, 0x30, 0x30, 0x30, 0x30, 0x30, 0x30,
	0x30, 0x30, 0x30, 0x30, 0x30, 0x30, 0x30, 0x30, 0x30, 0x30, 0x30, 0x30, 0x30, 0x30, 0x30, 0x30,
	0x30, 0x30, 0x30, 0x30, 0x30, 0x30, 0x30, 0x30, 0x30, 0x30, 0x30, 0x30, 0x30, 0x30, 0x30, 0x30,
	0x30, 0x30, 0x30, 0x30, 0x30, 0x30, 0x30, 0x30, 0x30, 0x30, 0x30, 0x30, 0x30, 0x30, 0x30, 0x30,
	0x30, 0x30, 0x30, 0x30, 0x30, 0x30, 0x30, 0x30, 0x30, 0x30, 0x30, 0x30, 0x30, 0x30, 0x30, 0x30,
	0x30, 0x30, 0x30, 0x30, 0x30, 0x30, 0x30, 0x30, 0x30, 0x30, 0x30, 0x30, 0x30, 0x30, 0x30, 0x30,
	0x30, 0x30, 0x30, 0x30, 0x30, 0x30, 0x30, 0x30, 0x30, 0x30, 0x30, 0x30, 0x30, 0x30, 0x30, 0x30,
	0x30, 0x30, 0x30, 0x30, 0x30, 0x30, 0x30, 0x30, 0x30, 0x30, 0x30, 0x30, 0x30, 0x30, 0x30, 0x30,
	0x30, 0x30, 0x30, 0x30, 0x30, 0x30, 0x30, 0x30, 0x30, 0x30, 0x30, 0x30, 0x30, 0x30, 0x30, 0x30,
	0x30, 0x30, 0x30, 0x30, 0x30, 0x30, 0x30, 0x30, 0x30, 0x30, 0x30, 0x30, 0x30, 0x30, 0x30, 0x30,
	0x30, 0x30, 0x30, 0x30, 0x30, 0x30, 0x30, 0x30, 0x30, 0x30, 0x30, 0x30, 0x30, 0x30, 0x30, 0x30,
	0x30, 0x30, 0x30, 0x30, 0x30, 0x30, 0x30, 0x30, 0x30, 0x30, 0x30, 0x30, 0x30, 0x30, 0x30, 0x30,
	0x30, 0x30, 0x30, 0x30, 0x30, 0x30, 0x30, 0x30, 0x30, 0x30, 0x30, 0x30, 0x30, 0x30, 0x30, 0x30,
	0x30, 0x30, 0x30, 0x30, 0x30, 0x30, 0x30, 0x30, 0x30, 0x30, 0x30, 0x30, 0x30, 0x30, 0x30, 0x30,
	0x30, 0x30, 0x30, 0x30, 0x30, 0x30, 0x30, 0x30, 0x30, 0x30, 0x30, 0x30, 0x30, 0x30, 0x30, 0x30,
	0x30, 0x30, 0x30, 0x30, 0x30, 0x30, 0x30, 0x30, 0x30, 0x30, 0x30, 0x30, 0x30, 0x30, 0x30, 0x30,
	0x80, 0x80, 0xc0, 0x100, 0x140, 0x180, 0x1c0, 0x1e4, 0x210, 0xc0, 0xc0, 0xc0, 0xc0, 0xc0, 0xc0, 0xc0,
	0xc0, 0xc0, 0xc0, 0xc0, 0xc0, 0xc0, 0xc0, 0xc0, 0xc0, 0xc0, 0xc0, 0xc0, 0xc0, 0xc0, 0xc0, 0xc0
};

static constexpr uint32_t s_coll_plTrieData[848] = {
	0xcb, 0x0, 0x0, 0x0, 0x0, 0x0, 0x0, 0x0,
	0x0, 0x3040505, 0x3060505, 0x3080505, 0x30a0505, 0x30c0505, 0x0, 0x0,
	0x0, 0x0, 0x0, 0x0, 0x0, 0x0, 0x0, 0x0,
	0x0, 0x0, 0x0, 0x0, 0x0, 0x0, 0x0, 0x0,
	0x4000505, 0x75a0505, 0x9760505, 0xa940505, 0xda90505, 0xa960505, 0xa8e0505, 0x9700505,
	0x97c0505, 0x97e0505, 0xa7e0505, 0xc7b0505, 0x6000505, 0x50e0505, 0x8000505, 0xa880505,
	0xa60ca, 0xa81ca, 0xaa2ca, 0xac3ca, 0xae4ca, 0xb05ca, 0xb26ca, 0xb47ca,
	0xb68ca, 0xb89ca, 0x7360505, 0x72a0505, 0xc850505, 0xc870505, 0xc890505, 0x7640505,
	0xa7c0505, 0x6c9, 0x2d00059c, 0xc6c9, 0x3100059c, 0x1e6c9, 0x3500059c, 0x3700059c,
	0x3900059c, 0x3b00059c, 0x3d00059c, 0x3f00059c, 0x4100059c, 0x4300059c, 0x2a6c9, 0x406c9,
	0x4900059c, 0x4b00059c, 0x4d00059c, 0x566c9, 0x5100059c, 0x5300059c, 0x5500059c, 0x570005a0,
	0x5900059c, 0x5b00059c, 0x6c6c9, 0x9800505, 0xa8a0505, 0x9820505, 0xc0a0505, 0x50a0505,
	0xc040505, 0x8a6c9, 0x2d000505, 0x966c9, 0x31000505, 0xa86c9, 0x35000505, 0x37000505,
	0x39000505, 0x3b000505, 0x3d000505, 0x3f000505, 0x41000505, 0x43000505, 0xb46c9, 0xca6c9,
	0x49000505, 0x4b000505, 0x4d000505, 0xe06c9, 0x51000505, 0x53000505, 0x55000505, 0x57000505,
	0x59000505, 0x5b000505, 0xf66c9, 0x9840505, 0xc8d0505, 0x9860505, 0xc910505, 0x0,
	0xfffd0505, 0xfffd0505, 0xfffd0505, 0xfffd0505, 0xfffd0505, 0xfffd0505, 0xfffd0505, 0xfffd0505,
	0xfffd0505, 0xfffd0505, 0xfffd0505, 0xfffd0505, 0xfffd0505, 0xfffd0505, 0xfffd0505, 0xfffd0505,
	0xfffd0505, 0xfffd0505, 0xfffd0505, 0xfffd0505, 0xfffd0505, 0xfffd0505, 0xfffd0505, 0xfffd0505,
	0xfffd0505, 0xfffd0505, 0xfffd0505, 0xfffd0505, 0xfffd0505, 0xfffd0505, 0xfffd0505, 0xfffd0505,
	0xfffd0505, 0xfffd0505, 0xfffd0505, 0xfffd0505, 0xfffd0505, 0xfffd0505, 0xfffd0505, 0xfffd0505,
	0xfffd0505, 0xfffd0505, 0xfffd0505, 0xfffd0505, 0xfffd0505, 0xfffd0505, 0xfffd0505, 0xfffd0505,
	0xfffd0505, 0xfffd0505, 0xfffd0505, 0xfffd0505, 0xfffd0505, 0xfffd0505, 0xfffd0505, 0xfffd0505,
	0xfffd0505, 0xfffd0505, 0xfffd0505, 0xfffd0505, 0xfffd0505, 0xfffd0505, 0xfffd0505, 0xfffd0505,
	0xc0, 0xc0, 0xc0, 0xc0, 0xc0, 0xc0, 0xc0, 0xc0,
	0xc0, 0xc0, 0xc0, 0xc0, 0xc0, 0xc0, 0xc0, 0xc0,
	0xc0, 0xc0, 0xc0, 0xc0, 0xc0, 0xc0, 0xc0, 0xc0,
	0xc0, 0xc0, 0xc0, 0xc0, 0xc0, 0xc0, 0xc0, 0xc0,
	0xc0, 0xc0, 0xc0, 0xc0, 0xc0, 0xc0, 0xc0, 0xc0,
	0xc0, 0xc0, 0xc0, 0xc0, 0xc0, 0xc0, 0xc0, 0xc0,
	0xc0, 0xc0, 0xc0, 0xc0, 0xc0, 0xc0, 0xc0, 0xc0,
	0xc0, 0xc0, 0xc0, 0xc0, 0xc0, 0xc0, 0xc0, 0xc0,
	0x2b9c8ac4, 0x2b9c88c4, 0x2b9c8ec4, 0x2b9c9ac4, 0x2b9c96c4, 0x2b9c92c4, 0x9a2c5, 0x1146c9,
	0x339c8ac4, 0x339c88c4, 0x339c8ec4, 0x339c96c4, 0x3b9c8ac4, 0x3b9c88c4, 0x3b9c8ec4, 0x3b9c96c4,
	0x310070a0, 0x459c9ac4, 0x479c8ac4, 0x48020586, 0x479c8ec4, 0x479c9ac4, 0x479c96c4, 0xc830505,
	0x479c9ec4, 0x539c8ac4, 0x539c88c4, 0x539c8ec4, 0x539c96c4, 0x5b9c88c4, 0x5e2805a0, 0x9e2c5,
	0x2b058ac4, 0x2b0588c4, 0x2b058ec4, 0x2b059ac4, 0x2b0596c4, 0x2b0592c4, 0xa22c5, 0x1226c9,
	0x33058ac4, 0x330588c4, 0x33058ec4, 0x330596c4, 0x3b058ac4, 0x3b0588c4, 0x3b058ec4, 0x3b0596c4,
	0x31007005, 0x45059ac4, 0x47058ac4, 0x48020505, 0x47058ec4, 0x47059ac4, 0x470596c4, 0xc810505,
	0x47059ec4, 0x53058ac4, 0x530588c4, 0x53058ec4, 0x530596c4, 0x5b0588c4, 0x5e280505, 0x5b0596c4,
	0xc0, 0xc0, 0xc0, 0xc0, 0x2c020586, 0x2c020505, 0x30020586, 0x30020505,
	0xc0, 0xc0, 0xc0, 0xc0, 0xc0, 0xc0, 0xc0, 0xc0,
	0xc0, 0xc0, 0xc0, 0xc0, 0xc0, 0xc0, 0xc0, 0xc0,
	0x34020586, 0x34020505, 0xc0, 0xc0, 0xc0, 0xc0, 0xc0, 0xc0,
	0xc0, 0xc0, 0xc0, 0xc0, 0xc0, 0xc0, 0xc0, 0xc0,
	0xc0, 0xc0, 0xc0, 0xc0, 0xc0, 0xc0, 0xc0, 0xc0,
	0xc0, 0xc0, 0xc0, 0xc0, 0xc0, 0xc0, 0xc0, 0xc0,
	0xc0, 0xc0, 0xc0, 0xc0, 0xc0, 0xc0, 0xc0, 0xc0,
	0xc0, 0x42020586, 0x42020505, 0x46020586, 0x46020505, 0x1346c9, 0x1466c9, 0xc0,
	0xc0, 0xc0, 0xc0, 0xc0, 0xc0, 0xc0, 0xc0, 0xc0,
	0xc0, 0xc0, 0xc0, 0xc0, 0xc0, 0xc0, 0xc0, 0xc0,
	0xc0, 0xc0, 0x50020586, 0x50020505, 0xc0, 0xc0, 0x1586c9, 0x16a6c9,
	0xc0, 0xc0, 0xc0, 0xc0, 0xc0, 0xc0, 0xc0, 0xc0,
	0xc0, 0xc0, 0xc0, 0xc0, 0xc0, 0xc0, 0xc0, 0xc0,
	0xc0, 0xc0, 0xc0, 0xc0, 0xc0, 0xc0, 0xc0, 0xc0,
	0xc0, 0x5e020586, 0x5e020505, 0x5e030586, 0x5e030505, 0xc0, 0xc0, 0xc0,
	0xc0, 0xc0, 0xc0, 0xc0, 0xc0, 0xc0, 0xc0, 0xc0,
	0xc0, 0xc0, 0xc0, 0xc0, 0xc0, 0xc0, 0xc0, 0xc0,
	0xc0, 0xc0, 0xc0, 0xc0, 0xc0, 0xc0, 0xc0, 0xc0,
	0xc0, 0xc0, 0xc0, 0xc0, 0xc0, 0xc0, 0xc0, 0xc0,
	0x17c6c9, 0x18e6c9, 0xc0, 0xc0, 0xc0, 0xc0, 0xc0, 0xc0,
	0xc0, 0xc0, 0xc0, 0xc0, 0xc0, 0xc0, 0xc0, 0xc0,
	0xc0, 0xc0, 0xc0, 0xc0, 0xc0, 0xc0, 0xc0, 0xc0,
	0xc0, 0xc0, 0xc0, 0xc0, 0xc0, 0xc0, 0xc0, 0xc0,
	0xc0, 0xc0, 0xc0, 0xc0, 0xc0, 0xc0, 0xc0, 0xc0,
	0xc0, 0xc0, 0xc0, 0xc0, 0xc0, 0xc0, 0x1a06c9, 0x1b26c9,
	0xc0, 0xc0, 0xc0, 0xc0, 0xc0, 0xc0, 0xc0, 0xc0,
	0xc0, 0xc0, 0xc0, 0xc0, 0xc0, 0xc0, 0xc0, 0xc0,
	0xc0, 0xc0, 0xc0, 0xc0, 0xc0, 0xc0, 0xc0, 0xc0,
	0x1c46c9, 0x1d66c9, 0xc0, 0xc0, 0xc0, 0xc0, 0xc0, 0xc0,
	0xc0, 0xc0, 0xc0, 0xc0, 0xc0, 0xc0, 0xc0, 0xc0,
	0xc0, 0xc0, 0xc0, 0xc0, 0xc0, 0xc0, 0xc0, 0xc0,
	0xc0, 0xc0, 0xc0, 0xc0, 0xc0, 0xc0, 0xc0, 0xc0,
	0xc0, 0xc0, 0xc0, 0xc0, 0xc0, 0xc0, 0xc0, 0xc0,
	0x1cd, 0x1cd, 0x1cd, 0x1cd, 0x1cd, 0x1cd, 0x1cd, 0x1cd,
	0x1cd, 0x1cd, 0x1cd, 0x1cd, 0x1cd, 0x1cd, 0x1cd, 0x1cd,
	0x1cd, 0x1cd, 0x1cd, 0x1cd, 0x1cd, 0x1cd, 0x1cd, 0x1cd,
	0x1cd, 0x1cd, 0x1cd, 0x1cd, 0x1cd, 0x1cd, 0x1cd, 0x1cd,
	0x1cc, 0x1cc, 0x1cc, 0x1cc, 0xc0, 0xc0, 0xc0, 0xc0,
	0xc0, 0xc0, 0xc0, 0xc0, 0xc0, 0xc0, 0xc0, 0xc0,
	0xc0, 0xc0, 0xc0, 0xc0, 0xc0, 0xc0, 0xc0, 0xc0,
	0xc0, 0xc0, 0xc0, 0xc0, 0xc0, 0xc0, 0xc0, 0xc0,
	0x22c5, 0x62c5, 0xc0, 0xc0, 0xc0, 0xc0, 0xc0, 0xc0,
	0xc0, 0xc0, 0xc0, 0xc0, 0xc0, 0xc0, 0xc0, 0xc0,
	0xc0, 0xc0, 0xc0, 0xc0, 0xc0, 0xc0, 0xc0, 0xc0,
	0xc0, 0xc0, 0x1e86c9, 0x1fa6c9, 0x20c6c9, 0x21e6c9, 0x2306c9, 0x2426c9,
	0xc0, 0xc0, 0xc0, 0xc0, 0xc0, 0xc0, 0xc0, 0xc0,
	0xc0, 0xc0, 0xc0, 0xc0, 0xc0, 0xc0, 0xc0, 0xc0,
	0xc0, 0xc0, 0xc0, 0xc0, 0xc0, 0xc0, 0x2546c9, 0x2666c9,
	0x522c5, 0x562c5, 0xc0, 0xc0, 0xc0, 0xc0, 0xc0, 0xc0,
	0xc0, 0xc0, 0xc0, 0xc0, 0xc0, 0xc0, 0xc0, 0xc0,
	0xc0, 0xc0, 0xc0, 0xc0, 0xc0, 0xc0, 0xc0, 0xc0,
	0xc0, 0xc0, 0xc0, 0xc0, 0xc0, 0xc0, 0x2786c9, 0x2906c9,
	0x2a86c9, 0x2c06c9, 0xc0, 0xc0, 0xc0, 0xc0, 0xc0, 0xc0,
	0xc0, 0xc0, 0xc0, 0xc0, 0xc0, 0xc0, 0xc0, 0xc0,
	0x2d86c9, 0x2ea6c9, 0xc0, 0xc0, 0xc0, 0xc0, 0xc0, 0xc0,
	0xc0, 0xc0, 0xc0, 0xc0, 0xc0, 0xc0, 0x1a2c5, 0x1e2c5,
	0xc0, 0xc0, 0xc0, 0xc0, 0xc0, 0xc0, 0x2fc6c9, 0x30e6c9,
	0xc0, 0xc0, 0xc0, 0xc0, 0xc0, 0xc0, 0xc0, 0xc0,
	0xc0, 0xc0, 0xc0, 0xc0, 0xc0, 0xc0, 0xc0, 0xc0,
	0xc0, 0xc0, 0xc0, 0xc0, 0xc0, 0xc0, 0xc0, 0xc0,
	0xc0, 0xc0, 0xc0, 0xc0, 0x1cc, 0x1cc, 0x1cc, 0x1cc,
	0x1cc, 0x1cc, 0x1cc, 0x1cc, 0x1cc, 0x1cc, 0x1cc, 0x1cc,
	0x1cc, 0x1cc, 0x1cc, 0x1cc, 0x1cc, 0x1cc, 0x1cc, 0x1cc,
	0x1cc, 0x1cc, 0x1cc, 0x1cc, 0x1cc, 0x1cc, 0x1cc, 0x1cc,
	0x1cc, 0x1cc, 0x1cc, 0x1cc, 0xc0, 0xc0, 0xc0, 0xc0
};

static constexpr int32_t s_coll_plTrieIndexLength = 2112;
static constexpr int32_t s_coll_plTrieDataLength = 848;
static constexpr char32_t s_coll_plTrieHighStart = 0xe000;
static constexpr int32_t s_coll_plTrieHighValueIndex = 844;

static constexpr uint32_t s_coll_plCe32s[93] = {
	0x0, 0x30020586, 0xa005, 0x30020505, 0xa005, 0x46020586, 0xa005, 0x46020505,
	0xa005, 0x50020586, 0xa005, 0x50020505, 0xa005, 0x48020586, 0xbe05, 0x48020505,
	0xbe05, 0x48020586, 0xa205, 0x48020505, 0xa205, 0x50020586, 0xca05, 0x50020505,
	0xca05, 0x46020586, 0xc405, 0x46020505, 0xc405, 0x46020586, 0xd205, 0x46020505,
	0xd205, 0x46020586, 0xcc05, 0x46020505, 0xcc05, 0x50020586, 0xc405, 0x50020505,
	0xc405, 0x50020586, 0x9c05, 0x50020505, 0x9c05, 0x5e020586, 0xc405, 0x5e030586,
	0xc405, 0x5e020505, 0xc405, 0x5e030505, 0xc405, 0x5e020586, 0xd205, 0x5e030586,
	0xd205, 0x5e020505, 0xd205, 0x5e030505, 0xd205, 0x48020586, 0xc405, 0x48020505,
	0xc405, 0x4700059c, 0xbe05, 0xc405, 0x48020586, 0xbe05, 0xc405, 0x47000505,
	0xbe05, 0xc405, 0x48020505, 0xbe05, 0xc405, 0x2b0070a0, 0x330005a2, 0x4f007005,
	0x4f000513, 0x2b007005, 0x33000513, 0x12000505, 0x14000505, 0x16000505, 0x18000505, 0x1a000505,
	0x1c000505, 0x1e000505, 0x20000505, 0x22000505, 0x24000505
};

static constexpr char16_t s_coll_plContexts[400] = {
	0x2b00, 0x59c, 0x30, 0x328, 0xec02, 0x586, 0x2f00, 0x59c, 0x1, 0x301, 0xf002, 0x586,
	0x341, 0xf002, 0x586, 0x3300, 0x59c, 0x30, 0x328, 0xf402, 0x586, 0x4500, 0x59c, 0x1,
	0x301, 0xffff, 0x4602, 0x586, 0x341, 0xffff, 0x4602, 0x586, 0x4700, 0x59c, 0x1, 0x301,
	0xffff, 0x4802, 0x586, 0x341, 0xffff, 0x4802, 0x586, 0x4f00, 0x59c, 0x1, 0x301, 0xffff,
	0x5002, 0x586, 0x341, 0xffff, 0x5002, 0x586, 0x5d00, 0x59c, 0x2, 0x301, 0xffff, 0x5e02,
	0x586, 0x307, 0xffff, 0x5e03, 0x586, 0x341, 0xffff, 0x5e02, 0x586, 0x2b00, 0x505, 0x30,
	0x328, 0xec02, 0x505, 0x2f00, 0x505, 0x1, 0x301, 0xf002, 0x505, 0x341, 0xf002, 0x505,
	0x3300, 0x505, 0x30, 0x328, 0xf402, 0x505, 0x4500, 0x505, 0x1, 0x301, 0xffff, 0x4602,
	0x505, 0x341, 0xffff, 0x4602, 0x505, 0x4700, 0x505, 0x1, 0x301, 0xffff, 0x4802, 0x505,
	0x341, 0xffff, 0x4802, 0x505, 0x4f00, 0x505, 0x1, 0x301, 0xffff, 0x5002, 0x505, 0x341,
	0xffff, 0x5002, 0x505, 0x5d00, 0x505, 0x2, 0x301, 0xffff, 0x5e02, 0x505, 0x307, 0xffff,
	0x5e03, 0x505, 0x341, 0xffff, 0x5e02, 0x505, 0x2f9c, 0xa0c4, 0x1, 0x301, 0xa2c5, 0x341,
	0xa2c5, 0x2f05, 0xa0c4, 0x1, 0x301, 0xc000, 0x62c5, 0x341, 0xc000, 0x62c5, 0x459c, 0xa0c4,
	0x1, 0x301, 0xc000, 0xa2c5, 0x341, 0xc000, 0xa2c5, 0x4505, 0xa0c4, 0x1, 0x301, 0xc000,
	0xe2c5, 0x341, 0xc000, 0xe2c5, 0x4f9c, 0xa0c4, 0x1, 0x301, 0xc001, 0x22c5, 0x341, 0xc001,
	0x22c5, 0x4f05, 0xa0c4, 0x1, 0x301, 0xc001, 0x62c5, 0x341, 0xc001, 0x62c5, 0x479c, 0xbec4,
	0x1, 0x301, 0xc001, 0xa2c5, 0x341, 0xc001, 0xa2c5, 0x4705, 0xbec4, 0x1, 0x301, 0xc001,
	0xe2c5, 0x341, 0xc001, 0xe2c5, 0x479c, 0xa2c4, 0x1, 0x301, 0xc002, 0x22c5, 0x341, 0xc002,
	0x22c5, 0x4705, 0xa2c4, 0x1, 0x301, 0xc002, 0x62c5, 0x341, 0xc002, 0x62c5, 0x4f9c, 0xcac4,
	0x1, 0x301, 0xc002, 0xa2c5, 0x341, 0xc002, 0xa2c5, 0x4f05, 0xcac4, 0x1, 0x301, 0xc002,
	0xe2c5, 0x341, 0xc002, 0xe2c5, 0x459c, 0xc4c4, 0x1, 0x301, 0xc003, 0x22c5, 0x341, 0xc003,
	0x22c5, 0x4505, 0xc4c4, 0x1, 0x301, 0xc003, 0x62c5, 0x341, 0xc003, 0x62c5, 0x459c, 0xd2c4,
	0x1, 0x301, 0xc003, 0xa2c5, 0x341, 0xc003, 0xa2c5, 0x4505, 0xd2c4, 0x1, 0x301, 0xc003,
	0xe2c5, 0x341, 0xc003, 0xe2c5, 0x459c, 0xccc4, 0x1, 0x301, 0xc004, 0x22c5, 0x341, 0xc004,
	0x22c5, 0x4505, 0xccc4, 0x1, 0x301, 0xc004, 0x62c5, 0x341, 0xc004, 0x62c5, 0x4f9c, 0xc4c4,
	0x1, 0x301, 0xc004, 0xa2c5, 0x341, 0xc004, 0xa2c5, 0x4f05, 0xc4c4, 0x1, 0x301, 0xc004,
	0xe2c5, 0x341, 0xc004, 0xe2c5, 0x5d9c, 0xc4c4, 0x2, 0x301, 0xc005, 0xa2c5, 0x307, 0xc005,
	0xe2c5, 0x341, 0xc005, 0xa2c5, 0x5d05, 0xc4c4, 0x2, 0x301, 0xc006, 0x22c5, 0x307, 0xc006,
	0x62c5, 0x341, 0xc006, 0x22c5, 0x5d9c, 0xd2c4, 0x2, 0x301, 0xc006, 0xa2c5, 0x307, 0xc006,
	0xe2c5, 0x341, 0xc006, 0xa2c5, 0x5d05, 0xd2c4, 0x2, 0x301, 0xc007, 0x22c5, 0x307, 0xc007,
	0x62c5, 0x341, 0xc007, 0x22c5, 0x479c, 0xc4c4, 0x1, 0x301, 0xc007, 0xa2c5, 0x341, 0xc007,
	0xa2c5, 0x4705, 0xc4c4, 0x1, 0x301, 0xc007, 0xe2c5, 0x341, 0xc007, 0xe2c5, 0x8, 0x23c5,
	0x1, 0x301, 0xc008, 0x83c5, 0x341, 0xc008, 0x83c5, 0x8, 0xe3c5, 0x1, 0x301, 0xc009,
	0x43c5, 0x341, 0xc009, 0x43c5
};

static constexpr uint16_t s_coll_plFastLatin[520] = {
	0x205, 0xc40, 0xde0, 0xe80, 0xea8, 0x418, 0x0, 0x0, 0x0, 0x0, 0x0, 0x0,
	0x0, 0x0, 0xc00, 0xc08, 0xc10, 0xc18, 0xc20, 0x0, 0x0, 0x0, 0x0, 0x0,
	0x0, 0x0, 0x0, 0x0, 0x0, 0x0, 0x0, 0x0, 0x0, 0x0, 0x0, 0x0,
	0x0, 0xc40, 0xca8, 0xcf0, 0xd78, 0xe98, 0xd80, 0xd70, 0xcd8, 0xd08, 0xd10, 0xd58,
	0xe30, 0xc90, 0xc60, 0xcd0, 0xd60, 0x10a8, 0x14a8, 0x18a8, 0x1ca8, 0x20a8, 0x24a8, 0x28a8,
	0x2ca8, 0x30a8, 0x34a8, 0xca0, 0xc98, 0xe50, 0xe58, 0xe60, 0xcb8, 0xd50, 0x41a, 0x40b9,
	0x41c, 0x4cb9, 0x41e, 0x58b9, 0x5cb9, 0x60b9, 0x64ba, 0x6cba, 0x70b9, 0x74b9, 0x7cb9, 0x420,
	0x422, 0x94b9, 0x98b9, 0xa0b9, 0x424, 0xacb9, 0xb4b9, 0xb8b9, 0xbcb9, 0xc0b9, 0xc4b9, 0x426,
	0xd18, 0xd68, 0xd20, 0xdf8, 0xc50, 0xde8, 0x428, 0x40a8, 0x42a, 0x4ca8, 0x42c, 0x58a8,
	0x5ca8, 0x60a8, 0x64a8, 0x6ca8, 0x70a8, 0x74a8, 0x7ca8, 0x42e, 0x430, 0x94a8, 0x98a8, 0xa0a8,
	0x432, 0xaca8, 0xb4a8, 0xb8a8, 0xbca8, 0xc0a8, 0xc4a8, 0x434, 0xd28, 0xe70, 0xd30, 0xe80,
	0x0, 0x0, 0x0, 0x0, 0x0, 0x0, 0xc28, 0x0, 0x0, 0x0, 0x0, 0x0,
	0x0, 0x0, 0x0, 0x0, 0x0, 0x0, 0x0, 0x0, 0x0, 0x0, 0x0, 0x0,
	0x0, 0x0, 0x0, 0x0, 0x0, 0x0, 0x0, 0x0, 0x0, 0xc42, 0xcb0, 0xe90,
	0xea0, 0xe88, 0xea8, 0xe78, 0xd40, 0xe08, 0xe20, 0x38aa, 0xcf8, 0xe68, 0x0, 0xe28,
	0xe00, 0xe18, 0xe38, 0x18a9, 0x1ca9, 0xdf0, 0x1, 0xd48, 0x1, 0xe10, 0x14a9, 0x8caa,
	0xd00, 0x1, 0x1, 0x1, 0xcc0, 0x39b9, 0x3999, 0x39f9, 0x3a99, 0x3a59, 0x3a39, 0x800,
	0x436, 0x51ba, 0x519a, 0x51fa, 0x525a, 0x65ba, 0x659a, 0x65fa, 0x665a, 0x4cd9, 0x829a, 0x8db9,
	0x90b9, 0x8df9, 0x8e99, 0x8e59, 0xe48, 0x8ed9, 0xb5b9, 0xb599, 0xb5f9, 0xb659, 0xc599, 0xd4b9,
	0x802, 0x39a8, 0x3988, 0x39e8, 0x3a88, 0x3a48, 0x3a28, 0x804, 0x438, 0x51a8, 0x5188, 0x51e8,
	0x5248, 0x65a8, 0x6588, 0x65e8, 0x6648, 0x4cc8, 0x8288, 0x8da8, 0x90a8, 0x8de8, 0x8e88, 0x8e48,
	0xe40, 0x8ec8, 0xb5a8, 0xb588, 0xb5e8, 0xb648, 0xc588, 0xd4a8, 0xc648, 0x3b39, 0x3b28, 0x39d9,
	0x39c8, 0x3cb9, 0x3ca8, 0x48b9, 0x48a8, 0x45f9, 0x45e8, 0x46b9, 0x46a8, 0x4619, 0x4608, 0x4e19,
	0x4e08, 0x4f59, 0x4f48, 0x533a, 0x5328, 0x51da, 0x51c8, 0x52ba, 0x52a8, 0x54b9, 0x54a8, 0x521a,
	0x5208, 0x5df9, 0x5de8, 0x5dd9, 0x5dc8, 0x5eb9, 0x5ea8, 0x5ef9, 0x5ee8, 0x61f9, 0x61e8, 0x6359,
	0x6348, 0x669a, 0x6688, 0x673a, 0x6728, 0x65da, 0x65c8, 0x671a, 0x6708, 0x66ba, 0x68a8, 0x806,
	0x808, 0x6dfa, 0x6de8, 0x72f9, 0x72e8, 0x9ca8, 0x7599, 0x7588, 0x76f9, 0x76e8, 0x7619, 0x7608,
	0x7779, 0x7768, 0x78b9, 0x78a8, 0x84b9, 0x84a8, 0x43a, 0x43c, 0x821a, 0x8208, 0x80a, 0x88b9,
	0x88a8, 0x8f39, 0x8f28, 0x8dd9, 0x8dc8, 0x8e79, 0x8e68, 0x80c, 0x80e, 0xa199, 0xa188, 0xa2f9,
	0xa2e8, 0xa219, 0xa208, 0xa8b9, 0xa8a8, 0xa5fa, 0xa5e8, 0x43e, 0x440, 0xa61a, 0xa608, 0xaef9,
	0xaee8, 0xae19, 0xae08, 0xb0b9, 0xb0a8, 0xb699, 0xb688, 0xb739, 0xb728, 0xb5d9, 0xb5c8, 0xb639,
	0xb628, 0xb679, 0xb668, 0xb719, 0xb708, 0xbdf9, 0xbde8, 0xc5f9, 0xc5e8, 0xc659, 0xccb9, 0xcca8,
	0xd0b9, 0xd0a8, 0xca19, 0xca08, 0xa4e8, 0xc41, 0xc41, 0xc41, 0xc41, 0xc41, 0xc41, 0xc41,
	0xc42, 0xc41, 0xc41, 0xc41, 0x0, 0x0, 0x0, 0x0, 0x0, 0xc68, 0xc69, 0xc70,
	0xc78, 0xc80, 0xc88, 0xd38, 0xc58, 0x1, 0x1, 0x1, 0x1, 0x1, 0x1, 0x1,
	0x1, 0xd98, 0xda0, 0xda8, 0xdb0, 0xcd1, 0x810, 0x1, 0xdb8, 0xc30, 0xc38, 0x0,
	0x0, 0x0, 0x0, 0x0, 0xc42, 0xd88, 0xd90, 0xdc0, 0x812, 0x1, 0xdc8, 0x814,
	0x1, 0xdd0, 0xce0, 0xce8, 0xdd8, 0x816, 0xcc8, 0xc48, 0xde0, 0x38d9, 0x50bb, 0xa4c8,
	0xa4a9, 0x38c8, 0x50a9, 0x64bb, 0x6cbb, 0x64a9, 0x6ca9, 0xd8a9, 0x80a9, 0x8cd9, 0x50bb, 0x8cc8,
	0x50a9, 0xcd1, 0xcd1, 0xdc1, 0xdc1, 0xdc9, 0xdc9, 0xca9, 0xca9, 0x5ff, 0x0, 0x5ff,
	0x38b9, 0x5ff, 0x44b9, 0x5ff, 0x50ba, 0x5ff, 0x80ba, 0x5ff, 0x8cb9, 0x5ff, 0xa4ba, 0x5ff,
	0xc8b9, 0x5ff, 0x38a8, 0x5ff, 0x44a8, 0x5ff, 0x50a8, 0x5ff, 0x80a8, 0x5ff, 0x8ca8, 0x5ff,
	0xa4a8, 0x5ff, 0xc8a8, 0x5ff, 0x46f9, 0x5ff, 0x46e8, 0x5ff, 0x82fa, 0x5ff, 0x82e8, 0x5ff,
	0xa6fa, 0x5ff, 0xa6e8, 0x1ff
};

static constexpr uint16_t s_coll_plFastLatinPrimaries[384] = {
	0x0, 0x0, 0x0, 0x0, 0x0, 0x0, 0x0, 0x0, 0x0, 0xc00, 0xc08, 0xc10,
	0xc18, 0xc20, 0x0, 0x0, 0x0, 0x0, 0x0, 0x0, 0x0, 0x0, 0x0, 0x0,
	0x0, 0x0, 0x0, 0x0, 0x0, 0x0, 0x0, 0x0, 0xc40, 0xca8, 0xcf0, 0xd78,
	0xe98, 0xd80, 0xd70, 0xcd8, 0xd08, 0xd10, 0xd58, 0xe30, 0xc90, 0xc60, 0xcd0, 0xd60,
	0x1000, 0x1400, 0x1800, 0x1c00, 0x2000, 0x2400, 0x2800, 0x2c00, 0x3000, 0x3400, 0xca0, 0xc98,
	0xe50, 0xe58, 0xe60, 0xcb8, 0xd50, 0x0, 0x4000, 0x0, 0x4c00, 0x0, 0x5800, 0x5c00,
	0x6000, 0x6400, 0x6c00, 0x7000, 0x7400, 0x7c00, 0x0, 0x0, 0x9400, 0x9800, 0xa000, 0x0,
	0xac00, 0xb400, 0xb800, 0xbc00, 0xc000, 0xc400, 0x0, 0xd18, 0xd68, 0xd20, 0xdf8, 0xc50,
	0xde8, 0x0, 0x4000, 0x0, 0x4c00, 0x0, 0x5800, 0x5c00, 0x6000, 0x6400, 0x6c00, 0x7000,
	0x7400, 0x7c00, 0x0, 0x0, 0x9400, 0x9800, 0xa000, 0x0, 0xac00, 0xb400, 0xb800, 0xbc00,
	0xc000, 0xc400, 0x0, 0xd28, 0xe70, 0xd30, 0xe80, 0x0, 0x0, 0x0, 0x0, 0x0,
	0x0, 0xc28, 0x0, 0x0, 0x0, 0x0, 0x0, 0x0, 0x0, 0x0, 0x0, 0x0,
	0x0, 0x0, 0x0, 0x0, 0x0, 0x0, 0x0, 0x0, 0x0, 0x0, 0x0, 0x0,
	0x0, 0x0, 0x0, 0x0, 0xc40, 0xcb0, 0xe90, 0xea0, 0xe88, 0xea8, 0xe78, 0xd40,
	0xe08, 0xe20, 0x3800, 0xcf8, 0xe68, 0x0, 0xe28, 0xe00, 0xe18, 0xe38, 0x1800, 0x1c00,
	0xdf0, 0x0, 0xd48, 0x0, 0xe10, 0x1400, 0x8c00, 0xd00, 0x0, 0x0, 0x0, 0xcc0,
	0x3800, 0x3800, 0x3800, 0x3800, 0x3800, 0x3800, 0x0, 0x0, 0x5000, 0x5000, 0x5000, 0x5000,
	0x6400, 0x6400, 0x6400, 0x6400, 0x4c00, 0x8000, 0x8c00, 0x9000, 0x8c00, 0x8c00, 0x8c00, 0xe48,
	0x8c00, 0xb400, 0xb400, 0xb400, 0xb400, 0xc400, 0xd400, 0x0, 0x3800, 0x3800, 0x3800, 0x3800,
	0x3800, 0x3800, 0x0, 0x0, 0x5000, 0x5000, 0x5000, 0x5000, 0x6400, 0x6400, 0x6400, 0x6400,
	0x4c00, 0x8000, 0x8c00, 0x9000, 0x8c00, 0x8c00, 0x8c00, 0xe40, 0x8c00, 0xb400, 0xb400, 0xb400,
	0xb400, 0xc400, 0xd400, 0xc400, 0x3800, 0x3800, 0x3800, 0x3800, 0x3c00, 0x3c00, 0x4800, 0x4800,
	0x4400, 0x4400, 0x4400, 0x4400, 0x4400, 0x4400, 0x4c00, 0x4c00, 0x4c00, 0x4c00, 0x5000, 0x5000,
	0x5000, 0x5000, 0x5000, 0x5000, 0x5400, 0x5400, 0x5000, 0x5000, 0x5c00, 0x5c00, 0x5c00, 0x5c00,
	0x5c00, 0x5c00, 0x5c00, 0x5c00, 0x6000, 0x6000, 0x6000, 0x6000, 0x6400, 0x6400, 0x6400, 0x6400,
	0x6400, 0x6400, 0x6400, 0x6400, 0x6400, 0x6800, 0x0, 0x0, 0x6c00, 0x6c00, 0x7000, 0x7000,
	0x9c00, 0x7400, 0x7400, 0x7400, 0x7400, 0x7400, 0x7400, 0x7400, 0x7400, 0x7800, 0x7800, 0x8400,
	0x8400, 0x0, 0x0, 0x8000, 0x8000, 0x0, 0x8800, 0x8800, 0x8c00, 0x8c00, 0x8c00, 0x8c00,
	0x8c00, 0x8c00, 0x0, 0x0, 0xa000, 0xa000, 0xa000, 0xa000, 0xa000, 0xa000, 0xa800, 0xa800,
	0xa400, 0xa400, 0x0, 0x0, 0xa400, 0xa400, 0xac00, 0xac00, 0xac00, 0xac00, 0xb000, 0xb000,
	0xb400, 0xb400, 0xb400, 0xb400, 0xb400, 0xb400, 0xb400, 0xb400, 0xb400, 0xb400, 0xb400, 0xb400,
	0xbc00, 0xbc00, 0xc400, 0xc400, 0xc400, 0xcc00, 0xcc00, 0xd000, 0xd000, 0xc800, 0xc800, 0xa400
};

static constexpr int32_t s_coll_plFastLatinMiniVarTop = 0xbff;

static constexpr uint32_t s_coll_plNumericPrimary = 0x10000000;
static constexpr int32_t s_coll_plOptions = 0x2010;
static constexpr int32_t s_coll_plJamoCe32sStart = -1;

static constexpr uint16_t s_coll_skTrieIndex[2112] = {
	0x0, 0x8, 0x10, 0x18, 0x30, 0x38, 0x40, 0x48, 0x50, 0x58, 0x5b, 0x63, 0x6b, 0x73, 0x74, 0x7c,
	0x7f, 0x87, 0x30, 0x38, 0x30, 0x38, 0x30, 0x38, 0x30, 0x38, 0x30, 0x38, 0x30, 0x38, 0x30, 0x38,
	0x30, 0x38, 0x30, 0x38, 0x30, 0x38, 0x30, 0x38, 0x30, 0x38, 0x30, 0x38, 0x30, 0x38, 0x30, 0x38,
	0x30, 0x38, 0x30, 0x38, 0x30, 0x38, 0x30, 0x38, 0x30, 0x38, 0x30, 0x38, 0x30, 0x38, 0x30, 0x38,
	0x30, 0x30, 0x30, 0x30, 0x30, 0x30, 0x30, 0x30, 0x30, 0x30, 0x30, 0x30, 0x30, 0x30, 0x30, 0x30,
	0x30, 0x30, 0x30, 0x30, 0x30, 0x30, 0x30, 0x30, 0x30, 0x30, 0x30, 0x30, 0x30, 0x30, 0x30, 0x30,
	0x30, 0x30, 0x30, 0x30, 0x30, 0x30, 0x30, 0x30, 0x30, 0x30, 0x30, 0x30, 0x30, 0x30, 0x30, 0x30,
	0x30, 0x30, 0x30, 0x30, 0x30, 0x30, 0x30, 0x30, 0x30, 0x30, 0x30, 0x30, 0x30, 0x30, 0x30, 0x30,
	0x30, 0x30, 0x30, 0x30, 0x30, 0x30, 0x30, 0x30, 0x30, 0x30, 0x30, 0x30, 0x30, 0x30, 0x30, 0x30,
	0x30, 0x30, 0x30, 0x30, 0x30, 0x30, 0x30, 0x30, 0x30, 0x30, 0x30, 0x30, 0x30, 0x30, 0x30, 0x30,
	0x30, 0x30, 0x30, 0x30, 0x30, 0x30, 0x30, 0x30, 0x30, 0x30, 0x30, 0x30, 0x30, 0x30, 0x30, 0x30,
	0x30, 0x30, 0x30, 0x30, 0x30, 0x30, 0x30, 0x30, 0x30, 0x30, 0x30, 0x30, 0x30, 0x30, 0x30, 0x30,
	0x30, 0x30, 0x30, 0x30, 0x30, 0x30, 0x30, 0x30, 0x30, 0x30, 0x30, 0x30, 0x30, 0x30, 0x30, 0x30,
	0x30, 0x30, 0x30, 0x30, 0x30, 0x30, 0x30, 0x30, 0x30, 0x30, 0x30, 0x30, 0x30, 0x30, 0x30, 0x30,
	0x30, 0x30, 0x30, 0x30, 0x30, 0x30, 0x30, 0x30, 0x30, 0x30, 0x30, 0x30, 0x30, 0x30, 0x30, 0x30,
	0x9f, 0x30, 0xa1, 0xa9, 0xad, 0xb5, 0xba, 0xc2, 0x30, 0x30, 0x30, 0x30, 0x30, 0x30, 0x30, 0x30,
	0x30, 0x30, 0x30, 0x30, 0x30, 0x30, 0x30, 0x30, 0x30, 0x30, 0x30, 0x30, 0x30, 0x30, 0x30, 0x30,
	0x30, 0x30, 0x30, 0x30, 0x30, 0x30, 0x30, 0x30, 0x30, 0x30, 0x30, 0x30, 0x30, 0x30, 0x30, 0x30,
	0x30, 0x30, 0x30, 0x30, 0x30, 0x30, 0x30, 0x30, 0x30, 0x30, 0x30, 0x30, 0x30, 0x30, 0x30, 0x30,
	0x30, 0x30, 0x30, 0x30, 0x30, 0x30, 0x30, 0x30, 0x30, 0x30, 0x30, 0x30, 0x30, 0x30, 0x30, 0x30,
	0x30, 0x30, 0x30, 0x30, 0x30, 0x30, 0x30, 0x30, 0x30, 0x30, 0x30, 0x30, 0x30, 0x30, 0x30, 0x30,
	0x30, 0x30, 0x30, 0x30, 0x30, 0x30, 0x30, 0x30, 0x30, 0x30, 0x30, 0x30, 0x30, 0x30, 0x30, 0x30,
	0x30, 0x30, 0x30, 0x30, 0x30, 0x30, 0x30, 0x30, 0x30, 0x30, 0x30, 0x30, 0x30, 0x30, 0x30, 0x30,
	0x30, 0x30, 0x30, 0x30, 0x30, 0x30, 0x30, 0x30, 0x30, 0x30, 0x30, 0x30, 0x30, 0x30, 0x30, 0x30,
	0x30, 0x30, 0x30, 0x30, 0x30, 0x30, 0x30, 0x30, 0x30, 0x30, 0x30, 0x30, 0x30, 0x30, 0x30, 0x30,
	0x30, 0x30, 0x30, 0x30, 0x30, 0x30, 0x30, 0x30, 0x30, 0x30, 0x30, 0x30, 0x30, 0x30, 0x30, 0x30,
	0x30, 0x30, 0x30, 0x30, 0x30, 0x30, 0x30, 0x30, 0x30, 0x30, 0x30, 0x30, 0x30, 0x30, 0x30, 0x30,
	0x30, 0x30, 0x30, 0x30, 0x30, 0x30, 0x30, 0x30, 0x30, 0x30, 0x30, 0x30, 0x30, 0x30, 0x30, 0x30,
	0x30, 0x30, 0x30, 0x30, 0x30, 0x30, 0x30, 0x30, 0x30, 0x30, 0x30, 0x30, 0x30, 0x30, 0x30, 0x30,
	0x30, 0x30, 0x30, 0x30, 0x30, 0x30, 0x30, 0x30, 0x30, 0x30, 0x30, 0x30, 0x30, 0x30, 0x30, 0x30,
	0x30, 0x30, 0x30, 0x30, 0x30, 0x30, 0x30, 0x30, 0x30, 0x30, 0x30, 0x30, 0x30, 0x30, 0x30, 0x30,
	0x30, 0x30, 0x30, 0x30, 0x30, 0x30, 0x30, 0x30, 0x30, 0x30, 0x30, 0x30, 0x30, 0x30, 0x30, 0x30,
	0x30, 0x30, 0x30, 0x30, 0x30, 0x30, 0x30, 0x30, 0x30, 0x30, 0x30, 0x30, 0x30, 0x30, 0x30, 0x30,
	0x30, 0x30, 0x30, 0x30, 0x30, 0x30, 0x30, 0x30, 0x30, 0x30, 0x30, 0x30, 0x30, 0x30, 0x30, 0x30,
	0x30, 0x30, 0x30, 0x30, 0x30, 0x30, 0x30, 0x30, 0x30, 0x30, 0x30, 0x30, 0x30, 0x30, 0x30, 0x30,
	0x30, 0x30, 0x30, 0x30, 0x30, 0x30, 0x30, 0x30, 0x30, 0x30, 0x30, 0x30, 0x30, 0x30, 0x30, 0x30,
	0x30, 0x30, 0x30, 0x30, 0x30, 0x30, 0x30, 0x30, 0x30, 0x30, 0x30, 0x30, 0x30, 0x30, 0x30, 0x30,
	0x30, 0x30, 0x30, 0x30, 0x30, 0x30, 0x30, 0x30, 0x30, 0x30, 0x30, 0x30, 0x30, 0x30, 0x30, 0x30,
	0x30, 0x30, 0x30, 0x30, 0x30, 0x30, 0x30, 0x30, 0x30, 0x30, 0x30, 0x30, 0x30, 0x30, 0x30, 0x30,
	0x30, 0x30, 0x30, 0x30, 0x30, 0x30, 0x30, 0x30, 0x30, 0x30, 0x30, 0x30, 0x30, 0x30, 0x30, 0x30,
	0x30, 0x30, 0x30, 0x30, 0x30, 0x30, 0x30, 0x30, 0x30, 0x30, 0x30, 0x30, 0x30, 0x30, 0x30, 0x30,
	0x30, 0x30, 0x30, 0x30, 0x30, 0x30, 0x30, 0x30, 0x30, 0x30, 0x30, 0x30, 0x30, 0x30, 0x30, 0x30,
	0x30, 0x30, 0x30, 0x30, 0x30, 0x30, 0x30, 0x30, 0x30, 0x30, 0x30, 0x30, 0x30, 0x30, 0x30, 0x30,
	0x30, 0x30, 0x30, 0x30, 0x30, 0x30, 0x30, 0x30, 0x30, 0x30, 0x30, 0x30, 0x30, 0x30, 0x30, 0x30,
	0x30, 0x30, 0x30, 0x30, 0x30, 0x30, 0x30, 0x30, 0x30, 0x30, 0x30, 0x30, 0x30, 0x30, 0x30, 0x30,
	0x30, 0x30, 0x30, 0x30, 0x30, 0x30, 0x30, 0x30, 0x30, 0x30, 0x30, 0x30, 0x30, 0x30, 0x30, 0x30,
	0x30, 0x30, 0x30, 0x30, 0x30, 0x30, 0x30, 0x30, 0x30, 0x30, 0x30, 0x30, 0x30, 0x30, 0x30, 0x30,
	0x30, 0x30, 0x30, 0x30, 0x30, 0x30, 0x30, 0x30, 0x30, 0x30, 0x30, 0x30, 0x30, 0x30, 0x30, 0x30,
	0x30, 0x30, 0x30, 0x30, 0x30, 0x30, 0x30, 0x30, 0x30, 0x30, 0x30, 0x30, 0x30, 0x30, 0x30, 0x30,
	0x30, 0x30, 0x30, 0x30, 0x30, 0x30, 0x30, 0x30, 0x30, 0x30, 0x30, 0x30, 0x30, 0x30, 0x30, 0x30,
	0x30, 0x30, 0x30, 0x30, 0x30, 0x30, 0x30, 0x30, 0x30, 0x30, 0x30, 0x30, 0x30, 0x30, 0x30, 0x30,
	0x30, 0x30, 0x30, 0x30, 0x30, 0x30, 0x30, 0x30, 0x30, 0x30, 0x30, 0x30, 0x30, 0x30, 0x30, 0x30,
	0x30, 0x30, 0x30, 0x30, 0x30, 0x30, 0x30, 0x30, 0x30, 0x30, 0x30, 0x30, 0x30, 0x30, 0x30, 0x30,
	0x30, 0x30, 0x30, 0x30, 0x30, 0x30, 0x30, 0x30, 0x30, 0x30, 0x30, 0x30, 0x30, 0x30, 0x30, 0x30,
	0x30, 0x30, 0x30, 0x30, 0x30, 0x30, 0x30, 0x30, 0x30, 0x30, 0x30, 0x30, 0x30, 0x30, 0x30, 0x30,
	0x30, 0x30, 0x30, 0x30, 0x30, 0x30, 0x30, 0x30, 0x30, 0x30, 0x30, 0x30, 0x30, 0x30, 0x30, 0x30,
	0x30, 0x30, 0x30, 0x30, 0x30, 0x30, 0x30, 0x30, 0x30, 0x30, 0x30, 0x30, 0x30, 0x30, 0x30, 0x30,
	0x30, 0x30, 0x30, 0x30, 0x30, 0x30, 0x30, 0x30, 0x30, 0x30, 0x30, 0x30, 0x30, 0x30, 0x30, 0x30,
	0x30, 0x30, 0x30, 0x30, 0x30, 0x30, 0x30, 0x30, 0x30, 0x30, 0x30, 0x30, 0x30, 0x30, 0x30, 0x30,
	0x30, 0x30, 0x30, 0x30, 0x30, 0x30, 0x30, 0x30, 0x30, 0x30, 0x30, 0x30, 0x30, 0x30, 0x30, 0x30,
	0x30, 0x30, 0x30, 0x30, 0x30, 0x30, 0x30, 0x30, 0x30, 0x30, 0x30, 0x30, 0x30, 0x30, 0x30, 0x30,
	0x30, 0x30, 0x30, 0x30, 0x30, 0x30, 0x30, 0x30, 0x30, 0x30, 0x30, 0x30, 0x30, 0x30, 0x30, 0x30,
	0x30, 0x30, 0x30, 0x30, 0x30, 0x30, 0x30, 0x30, 0x30, 0x30, 0x30, 0x30, 0x30, 0x30, 0x30, 0x30,
	0x30, 0x30, 0x30, 0x30, 0x30, 0x30, 0x30, 0x30, 0x30, 0x30, 0x30, 0x30, 0x30, 0x30, 0x30, 0x30,
	0x30, 0x30, 0x30, 0x30, 0x30, 0x30, 0x30, 0x30, 0x30, 0x30, 0x30, 0x30, 0x30, 0x30, 0x30, 0x30,
	0x30, 0x30, 0x30, 0x30, 0x30, 0x30, 0x30, 0x30, 0x30, 0x30, 0x30, 0x30, 0x30, 0x30, 0x30, 0x30,
	0x30, 0x30, 0x30, 0x30, 0x30, 0x30, 0x30, 0x30, 0x30, 0x30, 0x30, 0x30, 0x30, 0x30, 0x30, 0x30,
	0x30, 0x30, 0x30, 0x30, 0x30, 0x30, 0x30, 0x30, 0x30, 0x30, 0x30, 0x30, 0x30, 0x30, 0x30, 0x30,
	0x30, 0x30, 0x30, 0x30, 0x30, 0x30, 0x30, 0x30, 0x30, 0x30, 0x30, 0x30, 0x30, 0x30, 0x30, 0x30,
	0x30, 0x30, 0x30, 0x30, 0x30, 0x30, 0x30, 0x30, 0x30, 0x30, 0x30, 0x30, 0x30, 0x30, 0x30, 0x30,
	0x30, 0x30, 0x30, 0x30, 0x30, 0x30, 0x30, 0x30, 0x30, 0x30, 0x30, 0x30, 0x30, 0x30, 0x30, 0x30,
	0x30, 0x30, 0x30, 0x30, 0x30, 0x30, 0x30, 0x30, 0x30, 0x30, 0x30, 0x30, 0x30, 0x30, 0x30, 0x30,
	0x30, 0x30, 0x30, 0x30, 0x30, 0x30, 0x30, 0x30, 0x30, 0x30, 0x30, 0x30, 0x30, 0x30, 0x30, 0x30,
	0x30, 0x30, 0x30, 0x30, 0x30, 0x30, 0x30, 0x30, 0x30, 0x30, 0x30, 0x30, 0x30, 0x30, 0x30, 0x30,
	0x30, 0x30, 0x30, 0x30, 0x30, 0x30, 0x30, 0x30, 0x30, 0x30, 0x30, 0x30, 0x30, 0x30, 0x30, 0x30,
	0x30, 0x30, 0x30, 0x30, 0x30, 0x30, 0x30, 0x30, 0x30, 0x30, 0x30, 0x30, 0x30, 0x30, 0x30, 0x30,
	0x30, 0x30, 0x30, 0x30, 0x30, 0x30, 0x30, 0x30, 0x30, 0x30, 0x30, 0x30, 0x30, 0x30, 0x30, 0x30,
	0x30, 0x30, 0x30, 0x30, 0x30, 0x30, 0x30, 0x30, 0x30, 0x30, 0x30, 0x30, 0x30, 0x30, 0x30, 0x30,
	0x30, 0x30, 0x30, 0x30, 0x30, 0x30, 0x30, 0x30, 0x30, 0x30, 0x30, 0x30, 0x30, 0x30, 0x30, 0x30,
	0x30, 0x30, 0x30, 0x30, 0x30, 0x30, 0x30, 0x30, 0x30, 0x30, 0x30, 0x30, 0x30, 0x30, 0x30, 0x30,
	0x30, 0x30, 0x30, 0x30, 0x30, 0x30, 0x30, 0x30, 0x30, 0x30, 0x30, 0x30, 0x30, 0x30, 0x30, 0x30,
	0x30, 0x30, 0x30, 0x30, 0x30, 0x30, 0x30, 0x30, 0x30, 0x30, 0x30, 0x30, 0x30, 0x30, 0x30, 0x30,
	0x30, 0x30, 0x30, 0x30, 0x30, 0x30, 0x30, 0x30, 0x30, 0x30, 0x30, 0x30, 0x30, 0x30, 0x30, 0x30,
	0x30, 0x30, 0x30, 0x30, 0x30, 0x30, 0x30, 0x30, 0x30, 0x30, 0x30, 0x30, 0x30, 0x30, 0x30, 0x30,
	0x30, 0x30, 0x30, 0x30, 0x30, 0x30, 0x30, 0x30, 0x30, 0x30, 0x30, 0x30, 0x30, 0x30, 0x30, 0x30,
	0x30, 0x30, 0x30, 0x30, 0x30, 0x30, 0x30, 0x30, 0x30, 0x30, 0x30, 0x30, 0x30, 0x30, 0x30, 0x30,
	0xca, 0xca, 0xca, 0xca, 0xca, 0xca, 0xca, 0xca, 0xca, 0xca, 0xca, 0xca, 0xca, 0xca, 0xca, 0xca,
	0xca, 0xca, 0xca, 0xca, 0xca, 0xca, 0xca, 0xca, 0xca, 0xca, 0xca, 0xca, 0xca, 0xca, 0xca, 0xca,
	0xca, 0xca, 0xca, 0xca, 0xca, 0xca, 0xca, 0xca, 0xca, 0xca, 0xca, 0xca, 0xca, 0xca, 0xca, 0xca,
	0xca, 0xca, 0xca, 0xca, 0xca, 0xca, 0xca, 0xca, 0xca, 0xca, 0xca, 0xca, 0xca, 0xca, 0xca, 0xca,
	0xca, 0xca, 0xca, 0xca, 0xca, 0xca, 0xca, 0xca, 0xca, 0xca, 0xca, 0xca, 0xca, 0xca, 0xca, 0xca,
	0xca, 0xca, 0xca, 0xca, 0xca, 0xca, 0xca, 0xca, 0xca, 0xca, 0xca, 0xca, 0xca, 0xca, 0xca, 0xca,
	0xca, 0xca, 0xca, 0xca, 0xca, 0xca, 0xca, 0xca, 0xca, 0xca, 0xca, 0xca, 0xca, 0xca, 0xca, 0xca,
	0xca, 0xca, 0xca, 0xca, 0xca, 0xca, 0xca, 0xca, 0xca, 0xca, 0xca, 0xca, 0xca, 0xca, 0xca, 0xca,
	0xca, 0xca, 0xca, 0xca, 0xca, 0xca, 0xca, 0xca, 0xca, 0xca, 0xca, 0xca, 0xca, 0xca, 0xca, 0xca,
	0xca, 0xca, 0xca, 0xca, 0xca, 0xca, 0xca, 0xca, 0xca, 0xca, 0xca, 0xca, 0xca, 0xca, 0xca, 0xca,
	0xca, 0xca, 0xca, 0xca, 0xca, 0xca, 0xca, 0xca, 0xca, 0xca, 0xca, 0xca, 0xca, 0xca, 0xca, 0xca,
	0xca, 0xca, 0xca, 0xca, 0xca, 0xca, 0xca, 0xca, 0xca, 0xca, 0xca, 0xca, 0xca, 0xca, 0xca, 0xca,
	0xca, 0xca, 0xca, 0xca, 0xca, 0xca, 0xca, 0xca, 0xca, 0xca, 0xca, 0xca, 0xca, 0xca, 0xca, 0xca,
	0xca, 0xca, 0xca, 0xca, 0xca, 0xca, 0xca, 0xca, 0xca, 0xca, 0xca, 0xca, 0xca, 0xca, 0xca, 0xca,
	0xca, 0xca, 0xca, 0xca, 0xca, 0xca, 0xca, 0xca, 0xca, 0xca, 0xca, 0xca, 0xca, 0xca, 0xca, 0xca,
	0xca, 0xca, 0xca, 0xca, 0xca, 0xca, 0xca, 0xca, 0xca, 0xca, 0xca, 0xca, 0xca, 0xca, 0xca, 0xca,
	0xca, 0xca, 0xca, 0xca, 0xca, 0xca, 0xca, 0xca, 0xca, 0xca, 0xca, 0xca, 0xca, 0xca, 0xca, 0xca,
	0xca, 0xca, 0xca, 0xca, 0xca, 0xca, 0xca, 0xca, 0xca, 0xca, 0xca, 0xca, 0xca, 0xca, 0xca, 0xca,
	0xca, 0xca, 0xca, 0xca, 0xca, 0xca, 0xca, 0xca, 0xca, 0xca, 0xca, 0xca, 0xca, 0xca, 0xca, 0xca,
	0xca, 0xca, 0xca, 0xca, 0xca, 0xca, 0xca, 0xca, 0xca, 0xca, 0xca, 0xca, 0xca, 0xca, 0xca, 0xca,
	0xca, 0xca, 0xca, 0xca, 0xca, 0xca, 0xca, 0xca, 0xca, 0xca, 0xca, 0xca, 0xca, 0xca, 0xca, 0xca,
	0xca, 0xca, 0xca, 0xca, 0xca, 0xca, 0xca, 0xca, 0xca, 0xca, 0xca, 0xca, 0xca, 0x97, 0x30, 0x30,
	0x8f, 0x8f, 0x8f, 0x8f, 0x8f, 0x8f, 0x8f, 0x8f, 0x8f, 0x8f, 0x8f, 0x8f, 0x8f, 0x8f, 0x8f, 0x8f,
	0x8f, 0x8f, 0x8f, 0x8f, 0x8f, 0x8f, 0x8f, 0x8f, 0x8f, 0x8f, 0x8f, 0x8f, 0x8f, 0x8f, 0x8f, 0x8f,
	0x30, 0x30, 0x30, 0x30, 0x30, 0x30, 0x30, 0x30, 0x30, 0x30, 0x30, 0x30, 0x30, 0x30, 0x30, 0x30,
	0x30, 0x30, 0x30, 0x30, 0x30, 0x30, 0x30, 0x30, 0x30, 0x30, 0x30, 0x30, 0x30, 0x30, 0x30, 0x30,
	0x30, 0x30, 0x30, 0x30, 0x30, 0x30, 0x30, 0x30, 0x30, 0x30, 0x30, 0x30, 0x30, 0x30, 0x30, 0x30,
	0x30, 0x30, 0x30, 0x30, 0x30, 0x30, 0x30, 0x30, 0x30, 0x30, 0x30, 0x30, 0x30, 0x30, 0x30, 0x30,
	0x30, 0x30, 0x30, 0x30, 0x30, 0x30, 0x30, 0x30, 0x30, 0x30, 0x30, 0x30, 0x30, 0x30, 0x30, 0x30,
	0x30, 0x30, 0x30, 0x30, 0x30, 0x30, 0x30, 0x30, 0x30, 0x30, 0x30, 0x30, 0x30, 0x30, 0x30, 0x30,
	0x30, 0x30, 0x30, 0x30, 0x30, 0x30, 0x30, 0x30, 0x30, 0x30, 0x30, 0x30, 0x30, 0x30, 0x30, 0x30,
	0x30, 0x30, 0x30, 0x30, 0x30, 0x30, 0x30, 0x30, 0x30, 0x30, 0x30, 0x30, 0x30, 0x30, 0x30, 0x30,
	0x30, 0x30, 0x30, 0x30, 0x30, 0x30, 0x30, 0x30, 0x30, 0x30, 0x30, 0x30, 0x30, 0x30, 0x30, 0x30,
	0x30, 0x30, 0x30, 0x30, 0x30, 0x30, 0x30, 0x30, 0x30, 0x30, 0x30, 0x30, 0x30, 0x30, 0x30, 0x30,
	0x30, 0x30, 0x30, 0x30, 0x30, 0x30, 0x30, 0x30, 0x30, 0x30, 0x30, 0x30, 0x30, 0x30, 0x30, 0x30,
	0x30, 0x30, 0x30, 0x30, 0x30, 0x30, 0x30, 0x30, 0x30, 0x30, 0x30, 0x30, 0x30, 0x30, 0x30, 0x30,
	0x30, 0x30, 0x30, 0x30, 0x30, 0x30, 0x30, 0x30, 0x30, 0x30, 0x30, 0x30, 0x30, 0x30, 0x30, 0x30,
	0x30, 0x30, 0x30, 0x30, 0x30, 0x30, 0x30, 0x30, 0x30, 0x30, 0x30, 0x30, 0x30, 0x30, 0x30, 0x30,
	0x30, 0x30, 0x30, 0x30, 0x30, 0x30, 0x30, 0x30, 0x30, 0x30, 0x30, 0x30, 0x30, 0x30, 0x30, 0x30,
	0x30, 0x30, 0x30, 0x30, 0x30, 0x30, 0x30, 0x30, 0x30, 0x30, 0x30, 0x30, 0x30, 0x30, 0x30, 0x30,
	0x30, 0x30, 0x30, 0x30, 0x30, 0x30, 0x30, 0x30, 0x30, 0x30, 0x30, 0x30, 0x30, 0x30, 0x30, 0x30,
	0x30, 0x30, 0x30, 0x30, 0x30, 0x30, 0x30, 0x30, 0x30, 0x30, 0x30, 0x30, 0x30, 0x30, 0x30, 0x30,
	0x30, 0x30, 0x30, 0x30, 0x30, 0x30, 0x30, 0x30, 0x30, 0x30, 0x30, 0x30, 0x30, 0x30, 0x30, 0x30,
	0x30, 0x30, 0x30, 0x30, 0x30, 0x30, 0x30, 0x30, 0x30, 0x30, 0x30, 0x30, 0x30, 0x30, 0x30, 0x30,
	0x80, 0x80, 0xc0, 0x100, 0x140, 0x16c, 0x1ac, 0x1d0, 0x1fc, 0xc0, 0xc0, 0xc0, 0xc0, 0xc0, 0xc0, 0xc0,
	0xc0, 0xc0, 0xc0, 0xc0, 0xc0, 0xc0, 0xc0, 0xc0, 0xc0, 0xc0, 0xc0, 0xc0, 0xc0, 0xc0, 0xc0, 0xc0
};

static constexpr uint32_t s_coll_skTrieData[844] = {
	0xcb, 0x0, 0x0, 0x0, 0x0, 0x0, 0x0, 0x0,
	0x0, 0x3040505, 0x3060505, 0x3080505, 0x30a0505, 0x30c0505, 0x0, 0x0,
	0x0, 0x0, 0x0, 0x0, 0x0, 0x0, 0x0, 0x0,
	0x0, 0x0, 0x0, 0x0, 0x0, 0x0, 0x0, 0x0,
	0x4000505, 0x75a0505, 0x9760505, 0xa940505, 0xda90505, 0xa960505, 0xa8e0505, 0x9700505,
	0x97c0505, 0x97e0505, 0xa7e0505, 0xc7b0505, 0x6000505, 0x50e0505, 0x8000505, 0xa880505,
	0x1460ca, 0x1481ca, 0x14a2ca, 0x14c3ca, 0x14e4ca, 0x1505ca, 0x1526ca, 0x1547ca,
	0x1568ca, 0x1589ca, 0x7360505, 0x72a0505, 0xc850505, 0xc870505, 0xc890505, 0x7640505,
	0xa7c0505, 0x6c9, 0x2d00059c, 0xc4c9, 0x3100059c, 0x3300059c, 0x3500059c, 0x3700059c,
	0x3900059c, 0x3b00059c, 0x3d00059c, 0x3f00059c, 0x4100059c, 0x4300059c, 0x4500059c, 0x886c9,
	0x4900059c, 0x4b00059c, 0x966c9, 0xa46c9, 0x5100059c, 0x5300059c, 0x5500059c, 0x570005a0,
	0x5900059c, 0x5b00059c, 0xb26c9, 0x9800505, 0xa8a0505, 0x9820505, 0xc0a0505, 0x50a0505,
	0xc040505, 0xc06c9, 0x2d000505, 0xcc4c9, 0x31000505, 0x33000505, 0x35000505, 0x37000505,
	0x39000505, 0x3b000505, 0x3d000505, 0x3f000505, 0x41000505, 0x43000505, 0x45000505, 0x14a6c9,
	0x49000505, 0x4b000505, 0x1586c9, 0x1666c9, 0x51000505, 0x53000505, 0x55000505, 0x57000505,
	0x59000505, 0x5b000505, 0x1746c9, 0x9840505, 0xc8d0505, 0x9860505, 0xc910505, 0x0,
	0xfffd0505, 0xfffd0505, 0xfffd0505, 0xfffd0505, 0xfffd0505, 0xfffd0505, 0xfffd0505, 0xfffd0505,
	0xfffd0505, 0xfffd0505, 0xfffd0505, 0xfffd0505, 0xfffd0505, 0xfffd0505, 0xfffd0505, 0xfffd0505,
	0xfffd0505, 0xfffd0505, 0xfffd0505, 0xfffd0505, 0xfffd0505, 0xfffd0505, 0xfffd0505, 0xfffd0505,
	0xfffd0505, 0xfffd0505, 0xfffd0505, 0xfffd0505, 0xfffd0505, 0xfffd0505, 0xfffd0505, 0xfffd0505,
	0xfffd0505, 0xfffd0505, 0xfffd0505, 0xfffd0505, 0xfffd0505, 0xfffd0505, 0xfffd0505, 0xfffd0505,
	0xfffd0505, 0xfffd0505, 0xfffd0505, 0xfffd0505, 0xfffd0505, 0xfffd0505, 0xfffd0505, 0xfffd0505,
	0xfffd0505, 0xfffd0505, 0xfffd0505, 0xfffd0505, 0xfffd0505, 0xfffd0505, 0xfffd0505, 0xfffd0505,
	0xfffd0505, 0xfffd0505, 0xfffd0505, 0xfffd0505, 0xfffd0505, 0xfffd0505, 0xfffd0505, 0xfffd0505,
	0xc0, 0xc0, 0xc0, 0xc0, 0xc0, 0xc0, 0xc0, 0xc0,
	0xc0, 0xc0, 0xc0, 0xc0, 0xc0, 0xc0, 0xc0, 0xc0,
	0xc0, 0xc0, 0xc0, 0xc0, 0xc0, 0xc0, 0xc0, 0xc0,
	0xc0, 0xc0, 0xc0, 0xc0, 0xc0, 0xc0, 0xc0, 0xc0,
	0xc0, 0xc0, 0xc0, 0xc0, 0xc0, 0xc0, 0xc0, 0xc0,
	0xc0, 0xc0, 0xc0, 0xc0, 0xc0, 0xc0, 0xc0, 0xc0,
	0xc0, 0xc0, 0xc0, 0xc0, 0xc0, 0xc0, 0xc0, 0xc0,
	0xc0, 0xc0, 0xc0, 0xc0, 0xc0, 0xc0, 0xc0, 0xc0,
	0x2b9c8ac4, 0x2b9c88c4, 0x2b9c8ec4, 0x2b9c9ac4, 0x2c020586, 0x2b9c92c4, 0x13a2c5, 0x1826c9,
	0x339c8ac4, 0x339c88c4, 0x339c8ec4, 0x339c96c4, 0x3b9c8ac4, 0x3b9c88c4, 0x3b9c8ec4, 0x3b9c96c4,
	0x310070a0, 0x459c9ac4, 0x479c8ac4, 0x479c88c4, 0x48020586, 0x479c9ac4, 0x479c96c4, 0xc830505,
	0x479c9ec4, 0x539c8ac4, 0x539c88c4, 0x539c8ec4, 0x539c96c4, 0x5b9c88c4, 0x5e2805a0, 0x13e2c5,
	0x2b058ac4, 0x2b0588c4, 0x2b058ec4, 0x2b059ac4, 0x2c020505, 0x2b0592c4, 0x1422c5, 0x18e6c9,
	0x33058ac4, 0x330588c4, 0x33058ec4, 0x330596c4, 0x3b058ac4, 0x3b0588c4, 0x3b058ec4, 0x3b0596c4,
	0x31007005, 0x45059ac4, 0x47058ac4, 0x470588c4, 0x48020505, 0x47059ac4, 0x470596c4, 0xc810505,
	0x47059ec4, 0x53058ac4, 0x530588c4, 0x53058ec4, 0x530596c4, 0x5b0588c4, 0x5e280505, 0x5b0596c4,
	0xc0, 0xc0, 0xc0, 0xc0, 0x19a6c9, 0x1a66c9, 0xc0, 0xc0,
	0xc0, 0xc0, 0xc0, 0xc0, 0x30020586, 0x30020505, 0xc0, 0xc0,
	0xc0, 0xc0, 0xc0, 0xc0, 0xc0, 0xc0, 0xc0, 0xc0,
	0xc0, 0xc0, 0xc0, 0xc0, 0xc0, 0xc0, 0xc0, 0xc0,
	0xc0, 0xc0, 0xc0, 0xc0, 0xc0, 0xc0, 0xc0, 0xc0,
	0xc0, 0xc0, 0xc0, 0xc0, 0xc0, 0xc0, 0xc0, 0xc0,
	0xc0, 0xc0, 0xc0, 0xc0, 0xc0, 0xc0, 0xc0, 0xc0,
	0xc0, 0xc0, 0xc0, 0xc0, 0xc0, 0xc0, 0xc0, 0xc0,
	0xc0, 0xc0, 0x1b26c9, 0x1be6c9, 0x4e020586, 0x4e020505, 0xc0, 0xc0,
	0xc0, 0xc0, 0x1ca6c9, 0x1d66c9, 0x50020586, 0x50020505, 0xc0, 0xc0,
	0xc0, 0xc0, 0xc0, 0xc0, 0xc0, 0xc0, 0xc0, 0xc0,
	0xc0, 0xc0, 0xc0, 0xc0, 0xc0, 0xc0, 0xc0, 0xc0,
	0xc0, 0xc0, 0xc0, 0xc0, 0xc0, 0xc0, 0xc0, 0xc0,
	0xc0, 0x5e020586, 0x5e020505, 0xc0, 0xc0, 0xc0, 0xc0, 0xc0,
	0xc0, 0xc0, 0xc0, 0xc0, 0xc0, 0xc0, 0xc0, 0xc0,
	0xc0, 0xc0, 0xc0, 0xc0, 0xc0, 0xc0, 0xc0, 0xc0,
	0xc0, 0xc0, 0xc0, 0xc0, 0xc0, 0xc0, 0xc0, 0xc0,
	0xc0, 0xc0, 0xc0, 0xc0, 0x1e26c9, 0x1ee6c9, 0xc0, 0xc0,
	0xc0, 0xc0, 0xc0, 0xc0, 0xc0, 0xc0, 0xc0, 0xc0,
	0xc0, 0xc0, 0xc0, 0xc0, 0xc0, 0xc0, 0xc0, 0xc0,
	0xc0, 0xc0, 0xc0, 0xc0, 0xc0, 0xc0, 0xc0, 0xc0,
	0xc0, 0xc0, 0xc0, 0xc0, 0xc0, 0xc0, 0xa22c5, 0xa62c5,
	0xc0, 0xc0, 0xc0, 0xc0, 0xc0, 0xc0, 0xc0, 0xc0,
	0xc0, 0xc0, 0x1fa6c9, 0x2066c9, 0xc0, 0xc0, 0xc0, 0xc0,
	0xc0, 0xc0, 0xc0, 0xc0, 0xc0, 0xc0, 0xc0, 0xc0,
	0xc0, 0xc0, 0xc0, 0xc0, 0xc0, 0xc0, 0xc0, 0xc0,
	0xc0, 0xc0, 0xc0, 0xc0, 0x2126c9, 0x21e6c9, 0xc0, 0xc0,
	0xc0, 0xc0, 0xc0, 0xc0, 0xc0, 0xc0, 0xc0, 0xc0,
	0xc0, 0xc0, 0xc0, 0xc0, 0xc0, 0xc0, 0xc0, 0xc0,
	0xc0, 0xc0, 0xc0, 0xc0, 0xc0, 0xc0, 0xc0, 0xc0,
	0xc0, 0xc0, 0xc0, 0xc0, 0xc0, 0xc0, 0xc0, 0xc0,
	0xc0, 0xc0, 0xc0, 0xc0, 0x1cd, 0x1cd, 0x1cd, 0x1cd,
	0x1cd, 0x1cd, 0x1cd, 0x1cd, 0x1cd, 0x1cd, 0x1cd, 0x1cd,
	0x1cd, 0x1cd, 0x1cd, 0x1cd, 0x1cd, 0x1cd, 0x1cd, 0x1cd,
	0x1cd, 0x1cd, 0x1cd, 0x1cd, 0x1cd, 0x1cd, 0x1cd, 0x1cd,
	0x1cd, 0x1cd, 0x1cd, 0x1cd, 0x1cc, 0x1cc, 0x1cc, 0x1cc,
	0xc0, 0xc0, 0xc0, 0xc0, 0xc0, 0xc0, 0xc0, 0xc0,
	0xc0, 0xc0, 0xc0, 0xc0, 0xc0, 0xc0, 0xc0, 0xc0,
	0xc0, 0xc0, 0xc0, 0xc0, 0xc0, 0xc0, 0xc0, 0xc0,
	0xc0, 0xc0, 0xc0, 0xc0, 0x22a6c9, 0x2366c9, 0xc0, 0xc0,
	0xc0, 0xc0, 0xc0, 0xc0, 0xc0, 0xc0, 0xc0, 0xc0,
	0xc0, 0xc0, 0xc0, 0xc0, 0xc0, 0xc0, 0xc0, 0xc0,
	0xc0, 0xc0, 0xc0, 0xc0, 0xc0, 0xc0, 0xc0, 0xc0,
	0xc0, 0xc0, 0xc0, 0xc0, 0xc0, 0xc0, 0x2426c9, 0x24e6c9,
	0xc0, 0xc0, 0x25a6c9, 0x2666c9, 0xc0, 0xc0, 0x2726c9, 0x27e6c9,
	0xc0, 0xc0, 0xda2c5, 0xde2c5, 0xc0, 0xc0, 0xc0, 0xc0,
	0xc0, 0xc0, 0xc0, 0xc0, 0xc0, 0xc0, 0xc0, 0xc0,
	0xc0, 0xc0, 0xc0, 0xc0, 0xc0, 0xc0, 0xc0, 0xc0,
	0xc0, 0xc0, 0xc0, 0xc0, 0xc0, 0xc0, 0x28a6c9, 0x2966c9,
	0x2a26c9, 0x2ae6c9, 0xc0, 0xc0, 0xc0, 0xc0, 0xc0, 0xc0,
	0xc0, 0xc0, 0xc0, 0xc0, 0x2ba6c9, 0x2c66c9, 0xc0, 0xc0,
	0xc0, 0xc0, 0xc0, 0xc0, 0xc0, 0xc0, 0xc0, 0xc0,
	0xc0, 0xc0, 0xc0, 0xc0, 0xc0, 0xc0, 0xc0, 0xc0,
	0xc0, 0xc0, 0xc0, 0xc0, 0xc0, 0xc0, 0xc0, 0xc0,
	0xc0, 0xc0, 0xc0, 0xc0, 0x2d26c9, 0x2de6c9, 0xc0, 0xc0,
	0x1022c5, 0x1062c5, 0x10a2c5, 0x10e2c5, 0x1122c5, 0x1162c5, 0x11a2c5, 0x11e2c5,
	0xfa2c5, 0xfe2c5, 0xc0, 0xc0, 0xc0, 0xc0, 0xc0, 0xc0,
	0xc0, 0xc0, 0x2ea6c9, 0x2f66c9, 0xc0, 0xc0, 0xc0, 0xc0,
	0xc0, 0xc0, 0xc0, 0xc0, 0xc0, 0xc0, 0xc0, 0xc0,
	0xc0, 0xc0, 0xc0, 0xc0, 0xc0, 0xc0, 0xc0, 0xc0,
	0xc0, 0xc0, 0xc0, 0xc0, 0xc0, 0xc0, 0xc0, 0xc0,
	0x1cc, 0x1cc, 0x1cc, 0x1cc, 0x1cc, 0x1cc, 0x1cc, 0x1cc,
	0x1cc, 0x1cc, 0x1cc, 0x1cc, 0x1cc, 0x1cc, 0x1cc, 0x1cc,
	0x1cc, 0x1cc, 0x1cc, 0x1cc, 0x1cc, 0x1cc, 0x1cc, 0x1cc,
	0x1cc, 0x1cc, 0x1cc, 0x1cc, 0x1cc, 0x1cc, 0x1cc, 0x1cc,
	0xc0, 0xc0, 0xc0, 0xc0
};

static constexpr int32_t s_coll_skTrieIndexLength = 2112;
static constexpr int32_t s_coll_skTrieDataLength = 844;
static constexpr char32_t s_coll_skTrieHighStart = 0xe000;
static constexpr int32_t s_coll_skTrieHighValueIndex = 840;

static constexpr uint32_t s_coll_skCe32s[173] = {
	0x0, 0x3a020588, 0x8e05, 0x3a020547, 0x8e05, 0x3a020588, 0x9005, 0x3a020547,
	0x9005, 0x3a020588, 0x9c05, 0x3a020547, 0x9c05, 0x3a020588, 0xc405, 0x3a020547,
	0xc405, 0x3a020588, 0x9605, 0x3a020547, 0x9605, 0x3a020588, 0xa005, 0x3a020547,
	0xa005, 0x3a020588, 0xce05, 0x3a020547, 0xce05, 0x3a020547, 0xd205, 0x3a020546,
	0x8e05, 0x3a020505, 0x8e05, 0x3a020546, 0x9005, 0x3a020505, 0x9005, 0x3a020546,
	0x9c05, 0x3a020505, 0x9c05, 0x3a020546, 0xc405, 0x3a020505, 0xc405, 0x3a020546,
	0x9605, 0x3a020505, 0x9605, 0x3a020546, 0xa005, 0x3a020505, 0xa005, 0x3a020546,
	0xce05, 0x3a020505, 0xce05, 0x3a020505, 0xd205, 0x30020586, 0xa005, 0x30020505,
	0xa005, 0x2c020586, 0xa205, 0x2c020505, 0xa205, 0x4e020586, 0xa005, 0x4e020505,
	0xa005, 0x50020586, 0xa005, 0x50020505, 0xa005, 0x48020586, 0xbe05, 0x48020505,
	0xbe05, 0x2c020586, 0xa405, 0x2c020505, 0xa405, 0x48020586, 0xa205, 0x48020505,
	0xa205, 0x50020586, 0xca05, 0x50020505, 0xca05, 0x2c020586, 0xc805, 0x2c020505,
	0xc805, 0x4e020586, 0xc405, 0x4e020505, 0xc405, 0x4e020586, 0xd205, 0x4e020505,
	0xd205, 0x50020586, 0xc405, 0x50020505, 0xc405, 0x50020586, 0x9c05, 0x50020505,
	0x9c05, 0x5e020586, 0xc405, 0x5e020505, 0xc405, 0x5e020586, 0xd205, 0x5e020505,
	0xd205, 0x2c020586, 0xc405, 0x2c020505, 0xc405, 0x48020586, 0xc405, 0x48020505,
	0xc405, 0x48020586, 0x8805, 0x48020505, 0x8805, 0x48020586, 0x8a05, 0x48020505,
	0x8a05, 0x48020586, 0xb605, 0x48020505, 0xb605, 0x48020586, 0x9a05, 0x48020505,
	0x9a05, 0x4700059c, 0xbe05, 0xc405, 0x48020586, 0xbe05, 0xc405, 0x47000505,
	0xbe05, 0xc405, 0x48020505, 0xbe05, 0xc405, 0x2b0070a0, 0x330005a2, 0x4f007005,
	0x4f000513, 0x2b007005, 0x33000513, 0x12000505, 0x14000505, 0x16000505, 0x18000505, 0x1a000505,
	0x1c000505, 0x1e000505, 0x20000505, 0x22000505, 0x24000505
};

static constexpr char16_t s_coll_skContexts[385] = {
	0x2b00, 0x59c, 0x30, 0x308, 0xec02, 0x586, 0x2f00, 0x59c, 0x11, 0x1e24, 0x1d, 0x1e28,
	0xf, 0x1e28, 0xc002, 0xa2c5, 0x1e29, 0xc002, 0xe2c5, 0x1e2a, 0xc003, 0x22c5, 0x1e2b, 0xc003,
	0x62c5, 0x1e96, 0xc003, 0xa2c5, 0x1e24, 0xc001, 0xa2c5, 0x1e25, 0xc001, 0xe2c5, 0x1e26, 0xc002,
	0x22c5, 0x1e27, 0xc002, 0x62c5, 0x21e, 0xf, 0x21e, 0xc000, 0xa2c5, 0x21f, 0xc000, 0xe2c5,
	0x30c, 0xf002, 0x586, 0x1e22, 0xc001, 0x22c5, 0x1e23, 0xc001, 0x62c5, 0x48, 0xfa02, 0x588,
	0x68, 0xfa02, 0x547, 0x124, 0xa2c5, 0x125, 0xc000, 0x62c5, 0x4700, 0x59c, 0x30, 0x302,
	0xffff, 0x4802, 0x586, 0x4d00, 0x59c, 0x30, 0x30c, 0xffff, 0x4e02, 0x586, 0x4f00, 0x59c,
	0x30, 0x30c, 0xffff, 0x5002, 0x586, 0x5d00, 0x59c, 0x30, 0x30c, 0xffff, 0x5e02, 0x586,
	0x2b00, 0x505, 0x30, 0x308, 0xec02, 0x505, 0x2f00, 0x505, 0x11, 0x1e24, 0x1d, 0x1e28,
	0xf, 0x1e28, 0xc006, 0x62c5, 0x1e29, 0xc006, 0xa2c5, 0x1e2a, 0xc006, 0xe2c5, 0x1e2b, 0xc007,
	0x22c5, 0x1e96, 0xc007, 0x62c5, 0x1e24, 0xc005, 0x62c5, 0x1e25, 0xc005, 0xa2c5, 0x1e26, 0xc005,
	0xe2c5, 0x1e27, 0xc006, 0x22c5, 0x21e, 0xf, 0x21e, 0xc004, 0x62c5, 0x21f, 0xc004, 0xa2c5,
	0x30c, 0xf002, 0x505, 0x1e22, 0xc004, 0xe2c5, 0x1e23, 0xc005, 0x22c5, 0x48, 0xfa02, 0x546,
	0x68, 0xfa02, 0x505, 0x124, 0xc003, 0xe2c5, 0x125, 0xc004, 0x22c5, 0x4700, 0x505, 0x30,
	0x302, 0xffff, 0x4802, 0x505, 0x4d00, 0x505, 0x30, 0x30c, 0xffff, 0x4e02, 0x505, 0x4f00,
	0x505, 0x30, 0x30c, 0xffff, 0x5002, 0x505, 0x5d00, 0x505, 0x30, 0x30c, 0xffff, 0x5e02,
	0x505, 0x2f9c, 0xa0c4, 0x30, 0x30c, 0xc007, 0xa2c5, 0x2f05, 0xa0c4, 0x30, 0x30c, 0xc007,
	0xe2c5, 0x2b9c, 0xa2c4, 0x30, 0x308, 0xc008, 0x22c5, 0x2b05, 0xa2c4, 0x30, 0x308, 0xc008,
	0x62c5, 0x4d9c, 0xa0c4, 0x30, 0x30c, 0xc008, 0xa2c5, 0x4d05, 0xa0c4, 0x30, 0x30c, 0xc008,
	0xe2c5, 0x4f9c, 0xa0c4, 0x30, 0x30c, 0xc009, 0x22c5, 0x4f05, 0xa0c4, 0x30, 0x30c, 0xc009,
	0x62c5, 0x479c, 0xbec4, 0x30, 0x302, 0xc009, 0xa2c5, 0x4705, 0xbec4, 0x30, 0x302, 0xc009,
	0xe2c5, 0x479c, 0xa2c4, 0x30, 0x302, 0xc00a, 0xa2c5, 0x4705, 0xa2c4, 0x30, 0x302, 0xc00a,
	0xe2c5, 0x4f9c, 0xcac4, 0x30, 0x30c, 0xc00b, 0x22c5, 0x4f05, 0xcac4, 0x30, 0x30c, 0xc00b,
	0x62c5, 0x2b9c, 0xc8c4, 0x30, 0x308, 0xc00b, 0xa2c5, 0x2b05, 0xc8c4, 0x30, 0x308, 0xc00b,
	0xe2c5, 0x4d9c, 0xc4c4, 0x30, 0x30c, 0xc00c, 0x22c5, 0x4d05, 0xc4c4, 0x30, 0x30c, 0xc00c,
	0x62c5, 0x4d9c, 0xd2c4, 0x30, 0x30c, 0xc00c, 0xa2c5, 0x4d05, 0xd2c4, 0x30, 0x30c, 0xc00c,
	0xe2c5, 0x4f9c, 0xc4c4, 0x30, 0x30c, 0xc00d, 0x22c5, 0x4f05, 0xc4c4, 0x30, 0x30c, 0xc00d,
	0x62c5, 0x5d9c, 0xc4c4, 0x30, 0x30c, 0xc00e, 0x22c5, 0x5d05, 0xc4c4, 0x30, 0x30c, 0xc00e,
	0x62c5, 0x5d9c, 0xd2c4, 0x30, 0x30c, 0xc00e, 0xa2c5, 0x5d05, 0xd2c4, 0x30, 0x30c, 0xc00e,
	0xe2c5, 0x2b9c, 0xc4c4, 0x30, 0x308, 0xc00f, 0x22c5, 0x2b05, 0xc4c4, 0x30, 0x308, 0xc00f,
	0x62c5, 0x479c, 0xc4c4, 0x30, 0x302, 0xc00f, 0xa2c5, 0x4705, 0xc4c4, 0x30, 0x302, 0xc00f,
	0xe2c5, 0x12, 0x23c5, 0x30, 0x302, 0xc012, 0x83c5, 0x12, 0xe3c5, 0x30, 0x302, 0xc013,
	0x43c5
};

static constexpr uint16_t s_coll_skFastLatin[536] = {
	0x205, 0xc40, 0xde0, 0xe80, 0xea8, 0x418, 0x0, 0x0, 0x0, 0x0, 0x0, 0x0,
	0x0, 0x0, 0xc00, 0xc08, 0xc10, 0xc18, 0xc20, 0x0, 0x0, 0x0, 0x0, 0x0,
	0x0, 0x0, 0x0, 0x0, 0x0, 0x0, 0x0, 0x0, 0x0, 0x0, 0x0, 0x0,
	0x0, 0xc40, 0xca8, 0xcf0, 0xd78, 0xe98, 0xd80, 0xd70, 0xcd8, 0xd08, 0xd10, 0xd58,
	0xe30, 0xc90, 0xc60, 0xcd0, 0xd60, 0x10a8, 0x14a8, 0x18a8, 0x1ca8, 0x20a8, 0x24a8, 0x28a8,
	0x2ca8, 0x30a8, 0x34a8, 0xca0, 0xc98, 0xe50, 0xe58, 0xe60, 0xcb8, 0xd50, 0x41a, 0x40b9,
	0x41c, 0x4cb9, 0x50ba, 0x54b9, 0x58b9, 0x5cb9, 0x64ba, 0x6cba, 0x70b9, 0x74b9, 0x78b9, 0x7cba,
	0x426, 0x8cb9, 0x90b9, 0x428, 0x42a, 0xa8b9, 0xb0b9, 0xb4b9, 0xb8b9, 0xbcb9, 0xc0b9, 0x42c,
	0xd18, 0xd68, 0xd20, 0xdf8, 0xc50, 0xde8, 0x42e, 0x40a8, 0x430, 0x4ca8, 0x50a8, 0x54a8,
	0x58a8, 0x5ca8, 0x64a8, 0x6ca8, 0x70a8, 0x74a8, 0x78a8, 0x7ca8, 0x43a, 0x8ca8, 0x90a8, 0x43c,
	0x43e, 0xa8a8, 0xb0a8, 0xb4a8, 0xb8a8, 0xbca8, 0xc0a8, 0x440, 0xd28, 0xe70, 0xd30, 0xe80,
	0x0, 0x0, 0x0, 0x0, 0x0, 0x0, 0xc28, 0x0, 0x0, 0x0, 0x0, 0x0,
	0x0, 0x0, 0x0, 0x0, 0x0, 0x0, 0x0, 0x0, 0x0, 0x0, 0x0, 0x0,
	0x0, 0x0, 0x0, 0x0, 0x0, 0x0, 0x0, 0x0, 0x0, 0xc42, 0xcb0, 0xe90,
	0xea0, 0xe88, 0xea8, 0xe78, 0xd40, 0xe08, 0xe20, 0x38aa, 0xcf8, 0xe68, 0x0, 0xe28,
	0xe00, 0xe18, 0xe38, 0x18a9, 0x1ca9, 0xdf0, 0x1, 0xd48, 0x1, 0xe10, 0x14a9, 0x84aa,
	0xd00, 0x1, 0x1, 0x1, 0xcc0, 0x39b9, 0x3999, 0x39f9, 0x3a99, 0x3cb9, 0x3a39, 0x800,
	0x442, 0x51ba, 0x519a, 0x51fa, 0x525a, 0x65ba, 0x659a, 0x65fa, 0x665a, 0x4cd9, 0x7e9a, 0x85b9,
	0x8599, 0x88b9, 0x8699, 0x8659, 0xe48, 0x86d9, 0xb1b9, 0xb199, 0xb1f9, 0xb259, 0xc199, 0xccb9,
	0x802, 0x39a8, 0x3988, 0x39e8, 0x3a88, 0x3ca8, 0x3a28, 0x804, 0x444, 0x51a8, 0x5188, 0x51e8,
	0x5248, 0x65a8, 0x6588, 0x65e8, 0x6648, 0x4cc8, 0x7e88, 0x85a8, 0x8588, 0x88a8, 0x8688, 0x8648,
	0xe40, 0x86c8, 0xb1a8, 0xb188, 0xb1e8, 0xb248, 0xc188, 0xcca8, 0xc248, 0x3b39, 0x3b28, 0x39d9,
	0x39c8, 0x446, 0x448, 0x4599, 0x4588, 0x45f9, 0x45e8, 0x46b9, 0x46a8, 0x48b9, 0x48a8, 0x4e19,
	0x4e08, 0x4f59, 0x4f48, 0x533a, 0x5328, 0x51da, 0x51c8, 0x52ba, 0x52a8, 0x531a, 0x5308, 0x521a,
	0x5208, 0x59f9, 0x59e8, 0x59d9, 0x59c8, 0x5ab9, 0x5aa8, 0x5af9, 0x5ae8, 0x5df9, 0x5de8, 0x5f59,
	0x5f48, 0x669a, 0x6688, 0x673a, 0x6728, 0x65da, 0x65c8, 0x671a, 0x6708, 0x66ba, 0x68a8, 0x806,
	0x808, 0x6dfa, 0x6de8, 0x72f9, 0x72e8, 0x94a8, 0x7599, 0x7588, 0x76f9, 0x76e8, 0x7619, 0x7608,
	0x7779, 0x7768, 0x7759, 0x7748, 0x7d9a, 0x7d88, 0x7efa, 0x7ee8, 0x7e1a, 0x7e08, 0x80a, 0x80b9,
	0x80a8, 0x8739, 0x8728, 0x85d9, 0x85c8, 0x8679, 0x8668, 0x80c, 0x80e, 0x9999, 0x9988, 0x44a,
	0x44c, 0x9cb9, 0x9ca8, 0xa19a, 0xa188, 0xa1fa, 0xa1e8, 0x44e, 0x450, 0xa4b9, 0xa4a8, 0xaaf9,
	0xaae8, 0xaa19, 0xaa08, 0xacb9, 0xaca8, 0xb299, 0xb288, 0xb339, 0xb328, 0xb1d9, 0xb1c8, 0xb239,
	0xb228, 0xb279, 0xb268, 0xb319, 0xb308, 0xb9f9, 0xb9e8, 0xc1f9, 0xc1e8, 0xc259, 0xc599, 0xc588,
	0xc6b9, 0xc6a8, 0xc8b9, 0xc8a8, 0xa0e8, 0xc41, 0xc41, 0xc41, 0xc41, 0xc41, 0xc41, 0xc41,
	0xc42, 0xc41, 0xc41, 0xc41, 0x0, 0x0, 0x0, 0x0, 0x0, 0xc68, 0xc69, 0xc70,
	0xc78, 0xc80, 0xc88, 0xd38, 0xc58, 0x1, 0x1, 0x1, 0x1, 0x1, 0x1, 0x1,
	0x1, 0xd98, 0xda0, 0xda8, 0xdb0, 0xcd1, 0x810, 0x1, 0xdb8, 0xc30, 0xc38, 0x0,
	0x0, 0x0, 0x0, 0x0, 0xc42, 0xd88, 0xd90, 0xdc0, 0x812, 0x1, 0xdc8, 0x814,
	0x1, 0xdd0, 0xce0, 0xce8, 0xdd8, 0x816, 0xcc8, 0xc48, 0xde0, 0x38d9, 0x50bb, 0xa0c8,
	0xa0a9, 0x38c8, 0x50a9, 0x64bb, 0x6cbb, 0x64a9, 0x6ca9, 0xd0a9, 0x7ca9, 0x84d9, 0x50bb, 0x84c8,
	0x50a9, 0xcd1, 0xcd1, 0xdc1, 0xdc1, 0xdc9, 0xdc9, 0xca9, 0xca9, 0x5ff, 0x0, 0x5ff,
	0x38b9, 0x5ff, 0x44b9, 0x448, 0x60bb, 0x468, 0x60b2, 0x524, 0x61fb, 0x525, 0x61f2, 0x5ff,
	0x84b9, 0x5ff, 0x98b9, 0x5ff, 0xa0ba, 0x5ff, 0xc4b9, 0x5ff, 0x38a8, 0x5ff, 0x44a8, 0x448,
	0x60b1, 0x468, 0x60a8, 0x524, 0x61f1, 0x525, 0x61e8, 0x5ff, 0x84a8, 0x5ff, 0x98a8, 0x5ff,
	0xa0a8, 0x5ff, 0xc4a8, 0x5ff, 0x46f9, 0x5ff, 0x46e8, 0x5ff, 0x3b19, 0x5ff, 0x3b08, 0x5ff,
	0x9af9, 0x5ff, 0x9ae8, 0x5ff, 0xa2fa, 0x5ff, 0xa2e8, 0x1ff
};

static constexpr uint16_t s_coll_skFastLatinPrimaries[384] = {
	0x0, 0x0, 0x0, 0x0, 0x0, 0x0, 0x0, 0x0, 0x0, 0xc00, 0xc08, 0xc10,
	0xc18, 0xc20, 0x0, 0x0, 0x0, 0x0, 0x0, 0x0, 0x0, 0x0, 0x0, 0x0,
	0x0, 0x0, 0x0, 0x0, 0x0, 0x0, 0x0, 0x0, 0xc40, 0xca8, 0xcf0, 0xd78,
	0xe98, 0xd80, 0xd70, 0xcd8, 0xd08, 0xd10, 0xd58, 0xe30, 0xc90, 0xc60, 0xcd0, 0xd60,
	0x1000, 0x1400, 0x1800, 0x1c00, 0x2000, 0x2400, 0x2800, 0x2c00, 0x3000, 0x3400, 0xca0, 0xc98,
	0xe50, 0xe58, 0xe60, 0xcb8, 0xd50, 0x0, 0x4000, 0x0, 0x4c00, 0x5000, 0x5400, 0x5800,
	0x5c00, 0x6400, 0x6c00, 0x7000, 0x7400, 0x7800, 0x7c00, 0x0, 0x8c00, 0x9000, 0x0, 0x0,
	0xa800, 0xb000, 0xb400, 0xb800, 0xbc00, 0xc000, 0x0, 0xd18, 0xd68, 0xd20, 0xdf8, 0xc50,
	0xde8, 0x0, 0x4000, 0x0, 0x4c00, 0x5000, 0x5400, 0x5800, 0x5c00, 0x6400, 0x6c00, 0x7000,
	0x7400, 0x7800, 0x7c00, 0x0, 0x8c00, 0x9000, 0x0, 0x0, 0xa800, 0xb000, 0xb400, 0xb800,
	0xbc00, 0xc000, 0x0, 0xd28, 0xe70, 0xd30, 0xe80, 0x0, 0x0, 0x0, 0x0, 0x0,
	0x0, 0xc28, 0x0, 0x0, 0x0, 0x0, 0x0, 0x0, 0x0, 0x0, 0x0, 0x0,
	0x0, 0x0, 0x0, 0x0, 0x0, 0x0, 0x0, 0x0, 0x0, 0x0, 0x0, 0x0,
	0x0, 0x0, 0x0, 0x0, 0xc40, 0xcb0, 0xe90, 0xea0, 0xe88, 0xea8, 0xe78, 0xd40,
	0xe08, 0xe20, 0x3800, 0xcf8, 0xe68, 0x0, 0xe28, 0xe00, 0xe18, 0xe38, 0x1800, 0x1c00,
	0xdf0, 0x0, 0xd48, 0x0, 0xe10, 0x1400, 0x8400, 0xd00, 0x0, 0x0, 0x0, 0xcc0,
	0x3800, 0x3800, 0x3800, 0x3800, 0x3c00, 0x3800, 0x0, 0x0, 0x5000, 0x5000, 0x5000, 0x5000,
	0x6400, 0x6400, 0x6400, 0x6400, 0x4c00, 0x7c00, 0x8400, 0x8400, 0x8800, 0x8400, 0x8400, 0xe48,
	0x8400, 0xb000, 0xb000, 0xb000, 0xb000, 0xc000, 0xcc00, 0x0, 0x3800, 0x3800, 0x3800, 0x3800,
	0x3c00, 0x3800, 0x0, 0x0, 0x5000, 0x5000, 0x5000, 0x5000, 0x6400, 0x6400, 0x6400, 0x6400,
	0x4c00, 0x7c00, 0x8400, 0x8400, 0x8800, 0x8400, 0x8400, 0xe40, 0x8400, 0xb000, 0xb000, 0xb000,
	0xb000, 0xc000, 0xcc00, 0xc000, 0x3800, 0x3800, 0x3800, 0x3800, 0x0, 0x0, 0x4400, 0x4400,
	0x4400, 0x4400, 0x4400, 0x4400, 0x4800, 0x4800, 0x4c00, 0x4c00, 0x4c00, 0x4c00, 0x5000, 0x5000,
	0x5000, 0x5000, 0x5000, 0x5000, 0x5000, 0x5000, 0x5000, 0x5000, 0x5800, 0x5800, 0x5800, 0x5800,
	0x5800, 0x5800, 0x5800, 0x5800, 0x5c00, 0x5c00, 0x5c00, 0x5c00, 0x6400, 0x6400, 0x6400, 0x6400,
	0x6400, 0x6400, 0x6400, 0x6400, 0x6400, 0x6800, 0x0, 0x0, 0x6c00, 0x6c00, 0x7000, 0x7000,
	0x9400, 0x7400, 0x7400, 0x7400, 0x7400, 0x7400, 0x7400, 0x7400, 0x7400, 0x7400, 0x7400, 0x7c00,
	0x7c00, 0x7c00, 0x7c00, 0x7c00, 0x7c00, 0x0, 0x8000, 0x8000, 0x8400, 0x8400, 0x8400, 0x8400,
	0x8400, 0x8400, 0x0, 0x0, 0x9800, 0x9800, 0x0, 0x0, 0x9c00, 0x9c00, 0xa000, 0xa000,
	0xa000, 0xa000, 0x0, 0x0, 0xa400, 0xa400, 0xa800, 0xa800, 0xa800, 0xa800, 0xac00, 0xac00,
	0xb000, 0xb000, 0xb000, 0xb000, 0xb000, 0xb000, 0xb000, 0xb000, 0xb000, 0xb000, 0xb000, 0xb000,
	0xb800, 0xb800, 0xc000, 0xc000, 0xc000, 0xc400, 0xc400, 0xc400, 0xc400, 0xc800, 0xc800, 0xa000
};

static constexpr int32_t s_coll_skFastLatinMiniVarTop = 0xbff;

static constexpr uint32_t s_coll_skNumericPrimary = 0x10000000;
static constexpr int32_t s_coll_skOptions = 0x2010;
static constexpr int32_t s_coll_skJamoCe32sStart = -1;

static constexpr uint32_t s_coll_skUnsafeBwd[854] = {
	0x34, 0x35, 0x48, 0x49, 0x4c, 0x4d, 0x68, 0x69, 0xa0, 0xa1, 0x124, 0x126,
	0x21e, 0x220, 0x300, 0x34f, 0x350, 0x370, 0x3a9, 0x3aa, 0x3e2, 0x3e3, 0x42f, 0x430,
	0x483, 0x488, 0x531, 0x532, 0x591, 0x5be, 0x5bf, 0x5c0, 0x5c1, 0x5c3, 0x5c4, 0x5c6,
	0x5c7, 0x5c8, 0x5d0, 0x5d1, 0x610, 0x61b, 0x628, 0x629, 0x64b, 0x660, 0x670, 0x671,
	0x6d6, 0x6dd, 0x6df, 0x6e5, 0x6e7, 0x6e9, 0x6ea, 0x6ee, 0x710, 0x712, 0x730, 0x74b,
	0x78c, 0x78d, 0x7ca, 0x7cb, 0x7eb, 0x7f4, 0x7fd, 0x7fe, 0x800, 0x801, 0x816, 0x81a,
	0x81b, 0x824, 0x825, 0x828, 0x829, 0x82e, 0x840, 0x841, 0x859, 0x85c, 0x897, 0x8a0,
	0x8ca, 0x8e2, 0x8e3, 0x900, 0x905, 0x906, 0x93c, 0x93d, 0x94d, 0x94e, 0x951, 0x955,
	0x995, 0x996, 0x9bc, 0x9bd, 0x9be, 0x9bf, 0x9cd, 0x9ce, 0x9d7, 0x9d8, 0x9fe, 0x9ff,
	0xa15, 0xa16, 0xa3c, 0xa3d, 0xa4d, 0xa4e, 0xa95, 0xa96, 0xabc, 0xabd, 0xacd, 0xace,
	0xb15, 0xb16, 0xb3c, 0xb3d, 0xb3e, 0xb3f, 0xb4d, 0xb4e, 0xb56, 0xb58, 0xb95, 0xb96,
	0xbbe, 0xbbf, 0xbcd, 0xbce, 0xbd7, 0xbd8, 0xc15, 0xc16, 0xc3c, 0xc3d, 0xc4d, 0xc4e,
	0xc55, 0xc57, 0xc95, 0xc96, 0xcbc, 0xcbd, 0xcc2, 0xcc3, 0xccd, 0xcce, 0xcd5, 0xcd7,
	0xd15, 0xd16, 0xd3b, 0xd3d, 0xd3e, 0xd3f, 0xd4d, 0xd4e, 0xd57, 0xd58, 0xd85, 0xd86,
	0xdca, 0xdcb, 0xdcf, 0xdd0, 0xddf, 0xde0, 0xe01, 0xe2f, 0xe32, 0xe33, 0xe38, 0xe3b,
	0xe48, 0xe4c, 0xe81, 0xe83, 0xe84, 0xe85, 0xe86, 0xe8b, 0xe8c, 0xea4, 0xea5, 0xea6,
	0xea7, 0xeaf, 0xeb2, 0xeb3, 0xeb8, 0xebb, 0xec8, 0xecc, 0xedc, 0xee0, 0xf18, 0xf1a,
	0xf35, 0xf36, 0xf37, 0xf38, 0xf39, 0xf3a, 0xf40, 0xf41, 0xf71, 0xf76, 0xf7a, 0xf7e,
	0xf80, 0xf85, 0xf86, 0xf88, 0xfc6, 0xfc7, 0x1000, 0x1001, 0x102e, 0x102f, 0x1037, 0x1038,
	0x1039, 0x103b, 0x108d, 0x108e, 0x10d3, 0x10d4, 0x12a0, 0x12a1, 0x135d, 0x1360, 0x13c4, 0x13c5,
	0x14c0, 0x14c1, 0x168f, 0x1690, 0x16a0, 0x16a1, 0x1703, 0x1704, 0x1714, 0x1716, 0x1723, 0x1724,
	0x1734, 0x1735, 0x1743, 0x1744, 0x1763, 0x1764, 0x1780, 0x1781, 0x17d2, 0x17d3, 0x17dd, 0x17de,
	0x1826, 0x1827, 0x18a9, 0x18aa, 0x1900, 0x1901, 0x1939, 0x193c, 0x1950, 0x1951, 0x1980, 0x19ac,
	0x1a00, 0x1a01, 0x1a17, 0x1a19, 0x1a20, 0x1a21, 0x1a60, 0x1a61, 0x1a75, 0x1a7d, 0x1a7f, 0x1a80,
	0x1ab0, 0x1abe, 0x1abf, 0x1ade, 0x1ae0, 0x1aec, 0x1b05, 0x1b06, 0x1b34, 0x1b36, 0x1b44, 0x1b45,
	0x1b6b, 0x1b74, 0x1b83, 0x1b84, 0x1baa, 0x1bac, 0x1bc0, 0x1bc1, 0x1be6, 0x1be7, 0x1bf2, 0x1bf4,
	0x1c00, 0x1c01, 0x1c37, 0x1c38, 0x1c5a, 0x1c5b, 0x1cd0, 0x1cd3, 0x1cd4, 0x1ce1, 0x1ce2, 0x1ce9,
	0x1ced, 0x1cee, 0x1cf4, 0x1cf5, 0x1cf8, 0x1cfa, 0x1dc0, 0x1e00, 0x1e22, 0x1e2c, 0x1e96, 0x1e97,
	0x201c, 0x201d, 0x20ac, 0x20ad, 0x20d0, 0x20dd, 0x20e1, 0x20e2, 0x20e5, 0x20f1, 0x263a, 0x263b,
	0x2c00, 0x2c01, 0x2cef, 0x2cf2, 0x2d30, 0x2d31, 0x2d7f, 0x2d80, 0x2de0, 0x2e00, 0x302a, 0x3030,
	0x304b, 0x304c, 0x3099, 0x309b, 0x30ab, 0x30ac, 0x3105, 0x3106, 0x5b57, 0x5b58, 0xa288, 0xa289,
	0xa4d0, 0xa4d1, 0xa549, 0xa54a, 0xa66f, 0xa670, 0xa674, 0xa67e, 0xa69e, 0xa6a1, 0xa6f0, 0xa6f2,
	0xa800, 0xa801, 0xa806, 0xa807, 0xa82c, 0xa82d, 0xa840, 0xa841, 0xa882, 0xa883, 0xa8c4, 0xa8c5,
	0xa8e0, 0xa8f2, 0xa90a, 0xa90b, 0xa92b, 0xa92e, 0xa930, 0xa931, 0xa953, 0xa954, 0xa984, 0xa985,
	0xa9b3, 0xa9b4, 0xa9c0, 0xa9c1, 0xaa00, 0xaa01, 0xaa80, 0xaab1, 0xaab2, 0xaab5, 0xaab7, 0xaab9,
	0xaabe, 0xaac0, 0xaac1, 0xaac2, 0xaaf6, 0xaaf7, 0xabc0, 0xabc1, 0xabed, 0xabee, 0xac00, 0xac01,
	0xd800, 0xd809, 0xd80b, 0xd80d, 0xd811, 0xd812, 0xd818, 0xd819, 0xd81a, 0xd81c, 0xd820, 0xd821,
	0xd823, 0xd824, 0xd82c, 0xd82d, 0xd82f, 0xd830, 0xd834, 0xd835, 0xd838, 0xd83b, 0xdc00, 0xe000,
	0xfb1e, 0xfb1f, 0xfdd0, 0xfdd1, 0xfe20, 0xfe30, 0x10000, 0x10001, 0x101fd, 0x101fe, 0x10280, 0x10281,
	0x102a0, 0x102a1, 0x102e0, 0x102e1, 0x10300, 0x10301, 0x10330, 0x10331, 0x1036b, 0x1036c, 0x10376, 0x1037b,
	0x10380, 0x10381, 0x103a0, 0x103a1, 0x10414, 0x10415, 0x10450, 0x10451, 0x10480, 0x10481, 0x104b5, 0x104b6,
	0x10500, 0x10501, 0x10537, 0x10538, 0x10582, 0x10583, 0x105c2, 0x105c3, 0x10647, 0x10648, 0x10800, 0x10801,
	0x10840, 0x10841, 0x10873, 0x10874, 0x10896, 0x10897, 0x108f4, 0x108f5, 0x10900, 0x10901, 0x10920, 0x10921,
	0x10950, 0x10951, 0x10980, 0x10981, 0x109a0, 0x109a1, 0x10a00, 0x10a01, 0x10a0d, 0x10a0e, 0x10a0f, 0x10a10,
	0x10a38, 0x10a3b, 0x10a3f, 0x10a40, 0x10a60, 0x10a61, 0x10a95, 0x10a96, 0x10ad8, 0x10ad9, 0x10ae5, 0x10ae7,
	0x10b00, 0x10b01, 0x10b40, 0x10b41, 0x10b60, 0x10b61, 0x10b8f, 0x10b90, 0x10c00, 0x10c01, 0x10ca1, 0x10ca2,
	0x10d12, 0x10d13, 0x10d24, 0x10d28, 0x10d5d, 0x10d5e, 0x10d69, 0x10d6e, 0x10e88, 0x10e89, 0x10eab, 0x10ead,
	0x10efa, 0x10efc, 0x10efd, 0x10f00, 0x10f19, 0x10f1a, 0x10f42, 0x10f43, 0x10f46, 0x10f51, 0x10f7c, 0x10f7d,
	0x10f82, 0x10f86, 0x10fbf, 0x10fc0, 0x10ff1, 0x10ff2, 0x11005, 0x11006, 0x11046, 0x11047, 0x11070, 0x11071,
	0x1107f, 0x11080, 0x11083, 0x11084, 0x110b9, 0x110bb, 0x110d0, 0x110d1, 0x11100, 0x11104, 0x11127, 0x11128,
	0x11133, 0x11135, 0x11152, 0x11153, 0x11173, 0x11174, 0x11183, 0x11184, 0x111c0, 0x111c1, 0x111ca, 0x111cb,
	0x11208, 0x11209, 0x11235, 0x11237, 0x1128f, 0x11290, 0x112be, 0x112bf, 0x112e9, 0x112eb, 0x11315, 0x11316,
	0x1133b, 0x1133d, 0x1133e, 0x1133f, 0x1134d, 0x1134e, 0x11357, 0x11358, 0x11366, 0x1136d, 0x11370, 0x11375,
	0x11392, 0x11393, 0x113b8, 0x113b9, 0x113bb, 0x113bc, 0x113c2, 0x113c3, 0x113c9, 0x113ca, 0x113ce, 0x113d1,
	0x11412, 0x11413, 0x11442, 0x11443, 0x11446, 0x11447, 0x1145e, 0x1145f, 0x11484, 0x11485, 0x114b0, 0x114b1,
	0x114ba, 0x114bb, 0x114bd, 0x114be, 0x114c2, 0x114c4, 0x1158e, 0x1158f, 0x115af, 0x115b0, 0x115bf, 0x115c1,
	0x1160e, 0x1160f, 0x1163f, 0x11640, 0x11680, 0x11681, 0x116b6, 0x116b8, 0x11717, 0x11718, 0x1172b, 0x1172c,
	0x1180b, 0x1180c, 0x11839, 0x1183b, 0x118b4, 0x118b5, 0x1190c, 0x1190d, 0x11930, 0x11931, 0x1193d, 0x1193f,
	0x11943, 0x11944, 0x119ce, 0x119cf, 0x119e0, 0x119e1, 0x11a0b, 0x11a0c, 0x11a34, 0x11a35, 0x11a47, 0x11a48,
	0x11a5c, 0x11a5d, 0x11a99, 0x11a9a, 0x11ac0, 0x11ac1, 0x11bc4, 0x11bc5, 0x11c0e, 0x11c0f, 0x11c3f, 0x11c40,
	0x11c72, 0x11c73, 0x11d10, 0x11d11, 0x11d42, 0x11d43, 0x11d44, 0x11d46, 0x11d71, 0x11d72, 0x11d97, 0x11d98,
	0x11dc6, 0x11dc7, 0x11ee5, 0x11ee6, 0x11f1b, 0x11f1c, 0x11f41, 0x11f43, 0x12000, 0x12001, 0x12fe5, 0x12fe6,
	0x13153, 0x13154, 0x14400, 0x14401, 0x1611c, 0x1611d, 0x1611e, 0x16121, 0x16123, 0x16126, 0x16129, 0x1612a,
	0x1612f, 0x16130, 0x16a4f, 0x16a50, 0x16abc, 0x16abd, 0x16ae6, 0x16ae7, 0x16af0, 0x16af5, 0x16b1c, 0x16b1d,
	0x16b30, 0x16b37, 0x16d45, 0x16d46, 0x16d67, 0x16d69, 0x16e40, 0x16e41, 0x16ea1, 0x16ea2, 0x16f00, 0x16f01,
	0x16ff0, 0x16ff2, 0x18229, 0x1822a, 0x18c65, 0x18c66, 0x1b1c4, 0x1b1c5, 0x1bc20, 0x1bc21, 0x1bc9e, 0x1bc9f,
	0x1d165, 0x1d16a, 0x1d16d, 0x1d173, 0x1d17b, 0x1d183, 0x1d185, 0x1d18c, 0x1d1aa, 0x1d1ae, 0x1d242, 0x1d245,
	0x1e000, 0x1e007, 0x1e008, 0x1e019, 0x1e01b, 0x1e022, 0x1e023, 0x1e025, 0x1e026, 0x1e02b, 0x1e08f, 0x1e090,
	0x1e108, 0x1e109, 0x1e130, 0x1e137, 0x1e290, 0x1e291, 0x1e2ae, 0x1e2af, 0x1e2e1, 0x1e2e2, 0x1e2ec, 0x1e2f0,
	0x1e4e6, 0x1e4e7, 0x1e4ec, 0x1e4f0, 0x1e5d0, 0x1e5d1, 0x1e5ee, 0x1e5f0, 0x1e6d5, 0x1e6d6, 0x1e6e3, 0x1e6e4,
	0x1e6e6, 0x1e6e7, 0x1e6ee, 0x1e6f0, 0x1e6f5, 0x1e6f6, 0x1e802, 0x1e803, 0x1e8d0, 0x1e8d7, 0x1e909, 0x1e90a,
	0x1e944, 0x1e94b
};

static constexpr int32_t s_coll_skUnsafeBwdLength = 854;

static constexpr uint16_t s_coll_slTrieIndex[2112] = {
	0x0, 0x8, 0x10, 0x18, 0x30, 0x38, 0x40, 0x48, 0x50, 0x58, 0x59, 0x61, 0x30, 0x38, 0x30, 0x38,
	0x69, 0x71, 0x30, 0x38, 0x30, 0x38, 0x30, 0x38, 0x30, 0x38, 0x30, 0x38, 0x30, 0x38, 0x30, 0x38,
	0x30, 0x38, 0x30, 0x38, 0x30, 0x38, 0x30, 0x38, 0x30, 0x38, 0x30, 0x38, 0x30, 0x38, 0x30, 0x38,
	0x30, 0x38, 0x30, 0x38, 0x30, 0x38, 0x30, 0x38, 0x30, 0x38, 0x30, 0x38, 0x30, 0x38, 0x30, 0x38,
	0x30, 0x30, 0x30, 0x30, 0x30, 0x30, 0x30, 0x30, 0x30, 0x30, 0x30, 0x30, 0x30, 0x30, 0x30, 0x30,
	0x30, 0x30, 0x30, 0x30, 0x30, 0x30, 0x30, 0x30, 0x30, 0x30, 0x30, 0x30, 0x30, 0x30, 0x30, 0x30,
	0x30, 0x30, 0x30, 0x30, 0x30, 0x30, 0x30, 0x30, 0x30, 0x30, 0x30, 0x30, 0x30, 0x30, 0x30, 0x30,
	0x30, 0x30, 0x30, 0x30, 0x30, 0x30, 0x30, 0x30, 0x30, 0x30, 0x30, 0x30, 0x30, 0x30, 0x30, 0x30,
	0x30, 0x30, 0x30, 0x30, 0x30, 0x30, 0x30, 0x30, 0x30, 0x30, 0x30, 0x30, 0x30, 0x30, 0x30, 0x30,
	0x30, 0x30, 0x30, 0x30, 0x30, 0x30, 0x30, 0x30, 0x30, 0x30, 0x30, 0x30, 0x30, 0x30, 0x30, 0x30,
	0x30, 0x30, 0x30, 0x30, 0x30, 0x30, 0x30, 0x30, 0x30, 0x30, 0x30, 0x30, 0x30, 0x30, 0x30, 0x30,
	0x30, 0x30, 0x30, 0x30, 0x30, 0x30, 0x30, 0x30, 0x30, 0x30, 0x30, 0x30, 0x30, 0x30, 0x30, 0x30,
	0x30, 0x30, 0x30, 0x30, 0x30, 0x30, 0x30, 0x30, 0x30, 0x30, 0x30, 0x30, 0x30, 0x30, 0x30, 0x30,
	0x30, 0x30, 0x30, 0x30, 0x30, 0x30, 0x30, 0x30, 0x30, 0x30, 0x30, 0x30, 0x30, 0x30, 0x30, 0x30,
	0x30, 0x30, 0x30, 0x30, 0x30, 0x30, 0x30, 0x30, 0x30, 0x30, 0x30, 0x30, 0x30, 0x30, 0x30, 0x30,
	0x87, 0x30, 0x30, 0x8f, 0x93, 0x30, 0x30, 0x30, 0x30, 0x30, 0x30, 0x30, 0x30, 0x30, 0x30, 0x30,
	0x30, 0x30, 0x30, 0x30, 0x30, 0x30, 0x30, 0x30, 0x30, 0x30, 0x30, 0x30, 0x30, 0x30, 0x30, 0x30,
	0x30, 0x30, 0x30, 0x30, 0x30, 0x30, 0x30, 0x30, 0x30, 0x30, 0x30, 0x30, 0x30, 0x30, 0x30, 0x30,
	0x30, 0x30, 0x30, 0x30, 0x30, 0x30, 0x30, 0x30, 0x30, 0x30, 0x30, 0x30, 0x30, 0x30, 0x30, 0x30,
	0x30, 0x30, 0x30, 0x30, 0x30, 0x30, 0x30, 0x30, 0x30, 0x30, 0x30, 0x30, 0x30, 0x30, 0x30, 0x30,
	0x30, 0x30, 0x30, 0x30, 0x30, 0x30, 0x30, 0x30, 0x30, 0x30, 0x30, 0x30, 0x30, 0x30, 0x30, 0x30,
	0x30, 0x30, 0x30, 0x30, 0x30, 0x30, 0x30, 0x30, 0x30, 0x30, 0x30, 0x30, 0x30, 0x30, 0x30, 0x30,
	0x30, 0x30, 0x30, 0x30, 0x30, 0x30, 0x30, 0x30, 0x30, 0x30, 0x30, 0x30, 0x30, 0x30, 0x30, 0x30,
	0x30, 0x30, 0x30, 0x30, 0x30, 0x30, 0x30, 0x30, 0x30, 0x30, 0x30, 0x30, 0x30, 0x30, 0x30, 0x30,
	0x30, 0x30, 0x30, 0x30, 0x30, 0x30, 0x30, 0x30, 0x30, 0x30, 0x30, 0x30, 0x30, 0x30, 0x30, 0x30,
	0x30, 0x30, 0x30, 0x30, 0x30, 0x30, 0x30, 0x30, 0x30, 0x30, 0x30, 0x30, 0x30, 0x30, 0x30, 0x30,
	0x30, 0x30, 0x30, 0x30, 0x30, 0x30, 0x30, 0x30, 0x30, 0x30, 0x30, 0x30, 0x30, 0x30, 0x30, 0x30,
	0x30, 0x30, 0x30, 0x30, 0x30, 0x30, 0x30, 0x30, 0x30, 0x30, 0x30, 0x30, 0x30, 0x30, 0x30, 0x30,
	0x30, 0x30, 0x30, 0x30, 0x30, 0x30, 0x30, 0x30, 0x30, 0x30, 0x30, 0x30, 0x30, 0x30, 0x30, 0x30,
	0x30, 0x30, 0x30, 0x30, 0x30, 0x30, 0x30, 0x30, 0x30, 0x30, 0x30, 0x30, 0x30, 0x30, 0x30, 0x30,
	0x30, 0x30, 0x30, 0x30, 0x30, 0x30, 0x30, 0x30, 0x30, 0x30, 0x30, 0x30, 0x30, 0x30, 0x30, 0x30,
	0x30, 0x30, 0x30, 0x30, 0x30, 0x30, 0x30, 0x30, 0x30, 0x30, 0x30, 0x30, 0x30, 0x30, 0x30, 0x30,
	0x30, 0x30, 0x30, 0x30, 0x30, 0x30, 0x30, 0x30, 0x30, 0x30, 0x30, 0x30, 0x30, 0x30, 0x30, 0x30,
	0x30, 0x30, 0x30, 0x30, 0x30, 0x30, 0x30, 0x30, 0x30, 0x30, 0x30, 0x30, 0x30, 0x30, 0x30, 0x30,
	0x30, 0x30, 0x30, 0x30, 0x30, 0x30, 0x30, 0x30, 0x30, 0x30, 0x30, 0x30, 0x30, 0x30, 0x30, 0x30,
	0x30, 0x30, 0x30, 0x30, 0x30, 0x30, 0x30, 0x30, 0x30, 0x30, 0x30, 0x30, 0x30, 0x30, 0x30, 0x30,
	0x30, 0x30, 0x30, 0x30, 0x30, 0x30, 0x30, 0x30, 0x30, 0x30, 0x30, 0x30, 0x30, 0x30, 0x30, 0x30,
	0x30, 0x30, 0x30, 0x30, 0x30, 0x30, 0x30, 0x30, 0x30, 0x30, 0x30, 0x30, 0x30, 0x30, 0x30, 0x30,
	0x30, 0x30, 0x30, 0x30, 0x30, 0x30, 0x30, 0x30, 0x30, 0x30, 0x30, 0x30, 0x30, 0x30, 0x30, 0x30,
	0x30, 0x30, 0x30, 0x30, 0x30, 0x30, 0x30, 0x30, 0x30, 0x30, 0x30, 0x30, 0x30, 0x30, 0x30, 0x30,
	0x30, 0x30, 0x30, 0x30, 0x30, 0x30, 0x30, 0x30, 0x30, 0x30, 0x30, 0x30, 0x30, 0x30, 0x30, 0x30,
	0x30, 0x30, 0x30, 0x30, 0x30, 0x30, 0x30, 0x30, 0x30, 0x30, 0x30, 0x30, 0x30, 0x30, 0x30, 0x30,
	0x30, 0x30, 0x30, 0x30, 0x30, 0x30, 0x30, 0x30, 0x30, 0x30, 0x30, 0x30, 0x30, 0x30, 0x30, 0x30,
	0x30, 0x30, 0x30, 0x30, 0x30, 0x30, 0x30, 0x30, 0x30, 0x30, 0x30, 0x30, 0x30, 0x30, 0x30, 0x30,
	0x30, 0x30, 0x30, 0x30, 0x30, 0x30, 0x30, 0x30, 0x30, 0x30, 0x30, 0x30, 0x30, 0x30, 0x30, 0x30,
	0x30, 0x30, 0x30, 0x30, 0x30, 0x30, 0x30, 0x30, 0x30, 0x30, 0x30, 0x30, 0x30, 0x30, 0x30, 0x30,
	0x30, 0x30, 0x30, 0x30, 0x30, 0x30, 0x30, 0x30, 0x30, 0x30, 0x30, 0x30, 0x30, 0x30, 0x30, 0x30,
	0x30, 0x30, 0x30, 0x30, 0x30, 0x30, 0x30, 0x30, 0x30, 0x30, 0x30, 0x30, 0x30, 0x30, 0x30, 0x30,
	0x30, 0x30, 0x30, 0x30, 0x30, 0x30, 0x30, 0x30, 0x30, 0x30, 0x30, 0x30, 0x30, 0x30, 0x30, 0x30,
	0x30, 0x30, 0x30, 0x30, 0x30, 0x30, 0x30, 0x30, 0x30, 0x30, 0x30, 0x30, 0x30, 0x30, 0x30, 0x30,
	0x30, 0x30, 0x30, 0x30, 0x30, 0x30, 0x30, 0x30, 0x30, 0x30, 0x30, 0x30, 0x30, 0x30, 0x30, 0x30,
	0x30, 0x30, 0x30, 0x30, 0x30, 0x30, 0x30, 0x30, 0x30, 0x30, 0x30, 0x30, 0x30, 0x30, 0x30, 0x30,
	0x30, 0x30, 0x30, 0x30, 0x30, 0x30, 0x30, 0x30, 0x30, 0x30, 0x30, 0x30, 0x30, 0x30, 0x30, 0x30,
	0x30, 0x30, 0x30, 0x30, 0x30, 0x30, 0x30, 0x30, 0x30, 0x30, 0x30, 0x30, 0x30, 0x30, 0x30, 0x30,
	0x30, 0x30, 0x30, 0x30, 0x30, 0x30, 0x30, 0x30, 0x30, 0x30, 0x30, 0x30, 0x30, 0x30, 0x30, 0x30,
	0x30, 0x30, 0x30, 0x30, 0x30, 0x30, 0x30, 0x30, 0x30, 0x30, 0x30, 0x30, 0x30, 0x30, 0x30, 0x30,
	0x30, 0x30, 0x30, 0x30, 0x30, 0x30, 0x30, 0x30, 0x30, 0x30, 0x30, 0x30, 0x30, 0x30, 0x30, 0x30,
	0x30, 0x30, 0x30, 0x30, 0x30, 0x30, 0x30, 0x30, 0x30, 0x30, 0x30, 0x30, 0x30, 0x30, 0x30, 0x30,
	0x30, 0x30, 0x30, 0x30, 0x30, 0x30, 0x30, 0x30, 0x30, 0x30, 0x30, 0x30, 0x30, 0x30, 0x30, 0x30,
	0x30, 0x30, 0x30, 0x30, 0x30, 0x30, 0x30, 0x30, 0x30, 0x30, 0x30, 0x30, 0x30, 0x30, 0x30, 0x30,
	0x30, 0x30, 0x30, 0x30, 0x30, 0x30, 0x30, 0x30, 0x30, 0x30, 0x30, 0x30, 0x30, 0x30, 0x30, 0x30,
	0x30, 0x30, 0x30, 0x30, 0x30, 0x30, 0x30, 0x30, 0x30, 0x30, 0x30, 0x30, 0x30, 0x30, 0x30, 0x30,
	0x30, 0x30, 0x30, 0x30, 0x30, 0x30, 0x30, 0x30, 0x30, 0x30, 0x30, 0x30, 0x30, 0x30, 0x30, 0x30,
	0x30, 0x30, 0x30, 0x30, 0x30, 0x30, 0x30, 0x30, 0x30, 0x30, 0x30, 0x30, 0x30, 0x30, 0x30, 0x30,
	0x30, 0x30, 0x30, 0x30, 0x30, 0x30, 0x30, 0x30, 0x30, 0x30, 0x30, 0x30, 0x30, 0x30, 0x30, 0x30,
	0x30, 0x30, 0x30, 0x30, 0x30, 0x30, 0x30, 0x30, 0x30, 0x30, 0x30, 0x30, 0x30, 0x30, 0x30, 0x30,
	0x30, 0x30, 0x30, 0x30, 0x30, 0x30, 0x30, 0x30, 0x30, 0x30, 0x30, 0x30, 0x30, 0x30, 0x30, 0x30,
	0x30, 0x30, 0x30, 0x30, 0x30, 0x30, 0x30, 0x30, 0x30, 0x30, 0x30, 0x30, 0x30, 0x30, 0x30, 0x30,
	0x30, 0x30, 0x30, 0x30, 0x30, 0x30, 0x30, 0x30, 0x30, 0x30, 0x30, 0x30, 0x30, 0x30, 0x30, 0x30,
	0x30, 0x30, 0x30, 0x30, 0x30, 0x30, 0x30, 0x30, 0x30, 0x30, 0x30, 0x30, 0x30, 0x30, 0x30, 0x30,
	0x30, 0x30, 0x30, 0x30, 0x30, 0x30, 0x30, 0x30, 0x30, 0x30, 0x30, 0x30, 0x30, 0x30, 0x30, 0x30,
	0x30, 0x30, 0x30, 0x30, 0x30, 0x30, 0x30, 0x30, 0x30, 0x30, 0x30, 0x30, 0x30, 0x30, 0x30, 0x30,
	0x30, 0x30, 0x30, 0x30, 0x30, 0x30, 0x30, 0x30, 0x30, 0x30, 0x30, 0x30, 0x30, 0x30, 0x30, 0x30,
	0x30, 0x30, 0x30, 0x30, 0x30, 0x30, 0x30, 0x30, 0x30, 0x30, 0x30, 0x30, 0x30, 0x30, 0x30, 0x30,
	0x30, 0x30, 0x30, 0x30, 0x30, 0x30, 0x30, 0x30, 0x30, 0x30, 0x30, 0x30, 0x30, 0x30, 0x30, 0x30,
	0x30, 0x30, 0x30, 0x30, 0x30, 0x30, 0x30, 0x30, 0x30, 0x30, 0x30, 0x30, 0x30, 0x30, 0x30, 0x30,
	0x30, 0x30, 0x30, 0x30, 0x30, 0x30, 0x30, 0x30, 0x30, 0x30, 0x30, 0x30, 0x30, 0x30, 0x30, 0x30,
	0x30, 0x30, 0x30, 0x30, 0x30, 0x30, 0x30, 0x30, 0x30, 0x30, 0x30, 0x30, 0x30, 0x30, 0x30, 0x30,
	0x30, 0x30, 0x30, 0x30, 0x30, 0x30, 0x30, 0x30, 0x30, 0x30, 0x30, 0x30, 0x30, 0x30, 0x30, 0x30,
	0x30, 0x30, 0x30, 0x30, 0x30, 0x30, 0x30, 0x30, 0x30, 0x30, 0x30, 0x30, 0x30, 0x30, 0x30, 0x30,
	0x30, 0x30, 0x30, 0x30, 0x30, 0x30, 0x30, 0x30, 0x30, 0x30, 0x30, 0x30, 0x30, 0x30, 0x30, 0x30,
	0x30, 0x30, 0x30, 0x30, 0x30, 0x30, 0x30, 0x30, 0x30, 0x30, 0x30, 0x30, 0x30, 0x30, 0x30, 0x30,
	0x30, 0x30, 0x30, 0x30, 0x30, 0x30, 0x30, 0x30, 0x30, 0x30, 0x30, 0x30, 0x30, 0x30, 0x30, 0x30,
	0x30, 0x30, 0x30, 0x30, 0x30, 0x30, 0x30, 0x30, 0x30, 0x30, 0x30, 0x30, 0x30, 0x30, 0x30, 0x30,
	0x30, 0x30, 0x30, 0x30, 0x30, 0x30, 0x30, 0x30, 0x30, 0x30, 0x30, 0x30, 0x30, 0x30, 0x30, 0x30,
	0x30, 0x30, 0x30, 0x30, 0x30, 0x30, 0x30, 0x30, 0x30, 0x30, 0x30, 0x30, 0x30, 0x30, 0x30, 0x30,
	0x9b, 0x9b, 0x9b, 0x9b, 0x9b, 0x9b, 0x9b, 0x9b, 0x9b, 0x9b, 0x9b, 0x9b, 0x9b, 0x9b, 0x9b, 0x9b,
	0x9b, 0x9b, 0x9b, 0x9b, 0x9b, 0x9b, 0x9b, 0x9b, 0x9b, 0x9b, 0x9b, 0x9b, 0x9b, 0x9b, 0x9b, 0x9b,
	0x9b, 0x9b, 0x9b, 0x9b, 0x9b, 0x9b, 0x9b, 0x9b, 0x9b, 0x9b, 0x9b, 0x9b, 0x9b, 0x9b, 0x9b, 0x9b,
	0x9b, 0x9b, 0x9b, 0x9b, 0x9b, 0x9b, 0x9b, 0x9b, 0x9b, 0x9b, 0x9b, 0x9b, 0x9b, 0x9b, 0x9b, 0x9b,
	0x9b, 0x9b, 0x9b, 0x9b, 0x9b, 0x9b, 0x9b, 0x9b, 0x9b, 0x9b, 0x9b, 0x9b, 0x9b, 0x9b, 0x9b, 0x9b,
	0x9b, 0x9b, 0x9b, 0x9b, 0x9b, 0x9b, 0x9b, 0x9b, 0x9b, 0x9b, 0x9b, 0x9b, 0x9b, 0x9b, 0x9b, 0x9b,
	0x9b, 0x9b, 0x9b, 0x9b, 0x9b, 0x9b, 0x9b, 0x9b, 0x9b, 0x9b, 0x9b, 0x9b, 0x9b, 0x9b, 0x9b, 0x9b,
	0x9b, 0x9b, 0x9b, 0x9b, 0x9b, 0x9b, 0x9b, 0x9b, 0x9b, 0x9b, 0x9b, 0x9b, 0x9b, 0x9b, 0x9b, 0x9b,
	0x9b, 0x9b, 0x9b, 0x9b, 0x9b, 0x9b, 0x9b, 0x9b, 0x9b, 0x9b, 0x9b, 0x9b, 0x9b, 0x9b, 0x9b, 0x9b,
	0x9b, 0x9b, 0x9b, 0x9b, 0x9b, 0x9b, 0x9b, 0x9b, 0x9b, 0x9b, 0x9b, 0x9b, 0x9b, 0x9b, 0x9b, 0x9b,
	0x9b, 0x9b, 0x9b, 0x9b, 0x9b, 0x9b, 0x9b, 0x9b, 0x9b, 0x9b, 0x9b, 0x9b, 0x9b, 0x9b, 0x9b, 0x9b,
	0x9b, 0x9b, 0x9b, 0x9b, 0x9b, 0x9b, 0x9b, 0x9b, 0x9b, 0x9b, 0x9b, 0x9b, 0x9b, 0x9b, 0x9b, 0x9b,
	0x9b, 0x9b, 0x9b, 0x9b, 0x9b, 0x9b, 0x9b, 0x9b, 0x9b, 0x9b, 0x9b, 0x9b, 0x9b, 0x9b, 0x9b, 0x9b,
	0x9b, 0x9b, 0x9b, 0x9b, 0x9b, 0x9b, 0x9b, 0x9b, 0x9b, 0x9b, 0x9b, 0x9b, 0x9b, 0x9b, 0x9b, 0x9b,
	0x9b, 0x9b, 0x9b, 0x9b, 0x9b, 0x9b, 0x9b, 0x9b, 0x9b, 0x9b, 0x9b, 0x9b, 0x9b, 0x9b, 0x9b, 0x9b,
	0x9b, 0x9b, 0x9b, 0x9b, 0x9b, 0x9b, 0x9b, 0x9b, 0x9b, 0x9b, 0x9b, 0x9b, 0x9b, 0x9b, 0x9b, 0x9b,
	0x9b, 0x9b, 0x9b, 0x9b, 0x9b, 0x9b, 0x9b, 0x9b, 0x9b, 0x9b, 0x9b, 0x9b, 0x9b, 0x9b, 0x9b, 0x9b,
	0x9b, 0x9b, 0x9b, 0x9b, 0x9b, 0x9b, 0x9b, 0x9b, 0x9b, 0x9b, 0x9b, 0x9b, 0x9b, 0x9b, 0x9b, 0x9b,
	0x9b, 0x9b, 0x9b, 0x9b, 0x9b, 0x9b, 0x9b, 0x9b, 0x9b, 0x9b, 0x9b, 0x9b, 0x9b, 0x9b, 0x9b, 0x9b,
	0x9b, 0x9b, 0x9b, 0x9b, 0x9b, 0x9b, 0x9b, 0x9b, 0x9b, 0x9b, 0x9b, 0x9b, 0x9b, 0x9b, 0x9b, 0x9b,
	0x9b, 0x9b, 0x9b, 0x9b, 0x9b, 0x9b, 0x9b, 0x9b, 0x9b, 0x9b, 0x9b, 0x9b, 0x9b, 0x9b, 0x9b, 0x9b,
	0x9b, 0x9b, 0x9b, 0x9b, 0x9b, 0x9b, 0x9b, 0x9b, 0x9b, 0x9b, 0x9b, 0x9b, 0x9b, 0x81, 0x30, 0x30,
	0x79, 0x79, 0x79, 0x79, 0x79, 0x79, 0x79, 0x79, 0x79, 0x79, 0x79, 0x79, 0x79, 0x79, 0x79, 0x79,
	0x79, 0x79, 0x79, 0x79, 0x79, 0x79, 0x79, 0x79, 0x79, 0x79, 0x79, 0x79, 0x79, 0x79, 0x79, 0x79,
	0x30, 0x30, 0x30, 0x30, 0x30, 0x30, 0x30, 0x30, 0x30, 0x30, 0x30, 0x30, 0x30, 0x30, 0x30, 0x30,
	0x30, 0x30, 0x30, 0x30, 0x30, 0x30, 0x30, 0x30, 0x30, 0x30, 0x30, 0x30, 0x30, 0x30, 0x30, 0x30,
	0x30, 0x30, 0x30, 0x30, 0x30, 0x30, 0x30, 0x30, 0x30, 0x30, 0x30, 0x30, 0x30, 0x30, 0x30, 0x30,
	0x30, 0x30, 0x30, 0x30, 0x30, 0x30, 0x30, 0x30, 0x30, 0x30, 0x30, 0x30, 0x30, 0x30, 0x30, 0x30,
	0x30, 0x30, 0x30, 0x30, 0x30, 0x30, 0x30, 0x30, 0x30, 0x30, 0x30, 0x30, 0x30, 0x30, 0x30, 0x30,
	0x30, 0x30, 0x30, 0x30, 0x30, 0x30, 0x30, 0x30, 0x30, 0x30, 0x30, 0x30, 0x30, 0x30, 0x30, 0x30,
	0x30, 0x30, 0x30, 0x30, 0x30, 0x30, 0x30, 0x30, 0x30, 0x30, 0x30, 0x30, 0x30, 0x30, 0x30, 0x30,
	0x30, 0x30, 0x30, 0x30, 0x30, 0x30, 0x30, 0x30, 0x30, 0x30, 0x30, 0x30, 0x30, 0x30, 0x30, 0x30,
	0x30, 0x30, 0x30, 0x30, 0x30, 0x30, 0x30, 0x30, 0x30, 0x30, 0x30, 0x30, 0x30, 0x30, 0x30, 0x30,
	0x30, 0x30, 0x30, 0x30, 0x30, 0x30, 0x30, 0x30, 0x30, 0x30, 0x30, 0x30, 0x30, 0x30, 0x30, 0x30,
	0x30, 0x30, 0x30, 0x30, 0x30, 0x30, 0x30, 0x30, 0x30, 0x30, 0x30, 0x30, 0x30, 0x30, 0x30, 0x30,
	0x30, 0x30, 0x30, 0x30, 0x30, 0x30, 0x30, 0x30, 0x30, 0x30, 0x30, 0x30, 0x30, 0x30, 0x30, 0x30,
	0x30, 0x30, 0x30, 0x30, 0x30, 0x30, 0x30, 0x30, 0x30, 0x30, 0x30, 0x30, 0x30, 0x30, 0x30, 0x30,
	0x30, 0x30, 0x30, 0x30, 0x30, 0x30, 0x30, 0x30, 0x30, 0x30, 0x30, 0x30, 0x30, 0x30, 0x30, 0x30,
	0x30, 0x30, 0x30, 0x30, 0x30, 0x30, 0x30, 0x30, 0x30, 0x30, 0x30, 0x30, 0x30, 0x30, 0x30, 0x30,
	0x30, 0x30, 0x30, 0x30, 0x30, 0x30, 0x30, 0x30, 0x30, 0x30, 0x30, 0x30, 0x30, 0x30, 0x30, 0x30,
	0x30, 0x30, 0x30, 0x30, 0x30, 0x30, 0x30, 0x30, 0x30, 0x30, 0x30, 0x30, 0x30, 0x30, 0x30, 0x30,
	0x30, 0x30, 0x30, 0x30, 0x30, 0x30, 0x30, 0x30, 0x30, 0x30, 0x30, 0x30, 0x30, 0x30, 0x30, 0x30,
	0x30, 0x30, 0x30, 0x30, 0x30, 0x30, 0x30, 0x30, 0x30, 0x30, 0x30, 0x30, 0x30, 0x30, 0x30, 0x30,
	0x30, 0x30, 0x30, 0x30, 0x30, 0x30, 0x30, 0x30, 0x30, 0x30, 0x30, 0x30, 0x30, 0x30, 0x30, 0x30,
	0x80, 0x80, 0xc0, 0x100, 0x140, 0x164, 0xc0, 0xc0, 0x1a4, 0xc0, 0xc0, 0xc0, 0xc0, 0xc0, 0xc0, 0xc0,
	0xc0, 0xc0, 0xc0, 0xc0, 0xc0, 0xc0, 0xc0, 0xc0, 0xc0, 0xc0, 0xc0, 0xc0, 0xc0, 0xc0, 0xc0, 0xc0
};

static constexpr uint32_t s_coll_slTrieData[656] = {
	0xcb, 0x0, 0x0, 0x0, 0x0, 0x0, 0x0, 0x0,
	0x0, 0x3040505, 0x3060505, 0x3080505, 0x30a0505, 0x30c0505, 0x0, 0x0,
	0x0, 0x0, 0x0, 0x0, 0x0, 0x0, 0x0, 0x0,
	0x0, 0x0, 0x0, 0x0, 0x0, 0x0, 0x0, 0x0,
	0x4000505, 0x75a0505, 0x9760505, 0xa940505, 0xda90505, 0xa960505, 0xa8e0505, 0x9700505,
	0x97c0505, 0x97e0505, 0xa7e0505, 0xc7b0505, 0x6000505, 0x50e0505, 0x8000505, 0xa880505,
	0x4e0ca, 0x501ca, 0x522ca, 0x543ca, 0x564ca, 0x585ca, 0x5a6ca, 0x5c7ca,
	0x5e8ca, 0x609ca, 0x7360505, 0x72a0505, 0xc850505, 0xc870505, 0xc890505, 0x7640505,
	0xa7c0505, 0x2b00059c, 0x2d00059c, 0x6c9, 0x3100059c, 0x3300059c, 0x3500059c, 0x3700059c,
	0x3900059c, 0x3b00059c, 0x3d00059c, 0x3f00059c, 0x4100059c, 0x4300059c, 0x4500059c, 0x4700059c,
	0x4900059c, 0x4b00059c, 0x4d00059c, 0x186c9, 0x5100059c, 0x5300059c, 0x5500059c, 0x570005a0,
	0x5900059c, 0x5b00059c, 0x266c9, 0x9800505, 0xa8a0505, 0x9820505, 0xc0a0505, 0x50a0505,
	0xc040505, 0x2b000505, 0x2d000505, 0x346c9, 0x31000505, 0x33000505, 0x35000505, 0x37000505,
	0x39000505, 0x3b000505, 0x3d000505, 0x3f000505, 0x41000505, 0x43000505, 0x45000505, 0x47000505,
	0x49000505, 0x4b000505, 0x4d000505, 0x4c6c9, 0x51000505, 0x53000505, 0x55000505, 0x57000505,
	0x59000505, 0x5b000505, 0x5a6c9, 0x9840505, 0xc8d0505, 0x9860505, 0xc910505, 0x0,
	0xfffd0505, 0xfffd0505, 0xfffd0505, 0xfffd0505, 0xfffd0505, 0xfffd0505, 0xfffd0505, 0xfffd0505,
	0xfffd0505, 0xfffd0505, 0xfffd0505, 0xfffd0505, 0xfffd0505, 0xfffd0505, 0xfffd0505, 0xfffd0505,
	0xfffd0505, 0xfffd0505, 0xfffd0505, 0xfffd0505, 0xfffd0505, 0xfffd0505, 0xfffd0505, 0xfffd0505,
	0xfffd0505, 0xfffd0505, 0xfffd0505, 0xfffd0505, 0xfffd0505, 0xfffd0505, 0xfffd0505, 0xfffd0505,
	0xfffd0505, 0xfffd0505, 0xfffd0505, 0xfffd0505, 0xfffd0505, 0xfffd0505, 0xfffd0505, 0xfffd0505,
	0xfffd0505, 0xfffd0505, 0xfffd0505, 0xfffd0505, 0xfffd0505, 0xfffd0505, 0xfffd0505, 0xfffd0505,
	0xfffd0505, 0xfffd0505, 0xfffd0505, 0xfffd0505, 0xfffd0505, 0xfffd0505, 0xfffd0505, 0xfffd0505,
	0xfffd0505, 0xfffd0505, 0xfffd0505, 0xfffd0505, 0xfffd0505, 0xfffd0505, 0xfffd0505, 0xfffd0505,
	0xc0, 0xc0, 0xc0, 0xc0, 0xc0, 0xc0, 0xc0, 0xc0,
	0xc0, 0xc0, 0xc0, 0xc0, 0xc0, 0xc0, 0xc0, 0xc0,
	0xc0, 0xc0, 0xc0, 0xc0, 0xc0, 0xc0, 0xc0, 0xc0,
	0xc0, 0xc0, 0xc0, 0xc0, 0xc0, 0xc0, 0xc0, 0xc0,
	0xc0, 0xc0, 0xc0, 0xc0, 0xc0, 0xc0, 0xc0, 0xc0,
	0xc0, 0xc0, 0xc0, 0xc0, 0xc0, 0xc0, 0xc0, 0xc0,
	0xc0, 0xc0, 0xc0, 0xc0, 0xc0, 0xc0, 0xc0, 0xc0,
	0xc0, 0xc0, 0xc0, 0xc0, 0xc0, 0xc0, 0xc0, 0xc0,
	0x2b9c8ac4, 0x2b9c88c4, 0x2b9c8ec4, 0x2b9c9ac4, 0x2b9c96c4, 0x2b9c92c4, 0x422c5, 0x686c9,
	0x339c8ac4, 0x339c88c4, 0x339c8ec4, 0x339c96c4, 0x3b9c8ac4, 0x3b9c88c4, 0x3b9c8ec4, 0x3b9c96c4,
	0x310070a0, 0x459c9ac4, 0x479c8ac4, 0x479c88c4, 0x479c8ec4, 0x479c9ac4, 0x479c96c4, 0xc830505,
	0x479c9ec4, 0x539c8ac4, 0x539c88c4, 0x539c8ec4, 0x539c96c4, 0x5b9c88c4, 0x5e2805a0, 0x462c5,
	0x2b058ac4, 0x2b0588c4, 0x2b058ec4, 0x2b059ac4, 0x2b0596c4, 0x2b0592c4, 0x4a2c5, 0x7c6c9,
	0x33058ac4, 0x330588c4, 0x33058ec4, 0x330596c4, 0x3b058ac4, 0x3b0588c4, 0x3b058ec4, 0x3b0596c4,
	0x31007005, 0x45059ac4, 0x47058ac4, 0x470588c4, 0x47058ec4, 0x47059ac4, 0x470596c4, 0xc810505,
	0x47059ec4, 0x53058ac4, 0x530588c4, 0x53058ec4, 0x530596c4, 0x5b0588c4, 0x5e280505, 0x5b0596c4,
	0xc0, 0xc0, 0xc0, 0xc0, 0xc0, 0xc0, 0x30030586, 0x30030505,
	0xc0, 0xc0, 0xc0, 0xc0, 0x30020586, 0x30020505, 0xc0, 0xc0,
	0x32020586, 0x32020505, 0xc0, 0xc0, 0xc0, 0xc0, 0xc0, 0xc0,
	0xc0, 0xc0, 0xc0, 0xc0, 0xc0, 0xc0, 0xc0, 0xc0,
	0xc0, 0xc0, 0xc0, 0xc0, 0xc0, 0xc0, 0xc0, 0xc0,
	0xc0, 0xc0, 0xc0, 0xc0, 0xc0, 0xc0, 0xc0, 0xc0,
	0xc0, 0xc0, 0xc0, 0xc0, 0xc0, 0xc0, 0xc0, 0xc0,
	0xc0, 0xc0, 0xc0, 0xc0, 0xc0, 0xc0, 0xc0, 0xc0,
	0xc0, 0xc0, 0x946c9, 0xa06c9, 0x50020586, 0x50020505, 0xc0, 0xc0,
	0xc0, 0xc0, 0xc0, 0xc0, 0xc0, 0xc0, 0xc0, 0xc0,
	0xc0, 0xc0, 0xc0, 0xc0, 0xc0, 0xc0, 0xc0, 0xc0,
	0xc0, 0xc0, 0xc0, 0xc0, 0xc0, 0xc0, 0xc0, 0xc0,
	0xc0, 0x5e020586, 0x5e020505, 0xc0, 0xc0, 0xc0, 0xc0, 0xc0,
	0xc0, 0xc0, 0xc0, 0xc0, 0xc0, 0xc0, 0xc0, 0xc0,
	0xc0, 0xc0, 0xc0, 0xc0, 0xc0, 0xc0, 0xc0, 0xc0,
	0xc0, 0xc0, 0xc0, 0xc0, 0xac6c9, 0xb86c9, 0xc0, 0xc0,
	0xc0, 0xc0, 0xc0, 0xc0, 0xc0, 0xc0, 0xc0, 0xc0,
	0xc0, 0xc0, 0xc0, 0xc0, 0xc0, 0xc0, 0xc0, 0xc0,
	0xc0, 0xc0, 0xc0, 0xc0, 0xc0, 0xc0, 0xc0, 0xc0,
	0xc0, 0xc0, 0xc0, 0xc0, 0xc0, 0xc0, 0xc0, 0xc0,
	0xc0, 0xc0, 0xc0, 0xc0, 0x1cd, 0x1cd, 0x1cd, 0x1cd,
	0x1cd, 0x1cd, 0x1cd, 0x1cd, 0x1cd, 0x1cd, 0x1cd, 0x1cd,
	0x1cd, 0x1cd, 0x1cd, 0x1cd, 0x1cd, 0x1cd, 0x1cd, 0x1cd,
	0x1cd, 0x1cd, 0x1cd, 0x1cd, 0x1cd, 0x1cd, 0x1cd, 0x1cd,
	0x1cd, 0x1cd, 0x1cd, 0x1cd, 0x1cc, 0x1cc, 0x1cc, 0x1cc,
	0xc0, 0xc0, 0xc0, 0xc0, 0xc0, 0xc0, 0xc0, 0xc0,
	0xc0, 0xc0, 0xc0, 0xc0, 0xc0, 0xc0, 0xc0, 0xc0,
	0xc0, 0xc0, 0xc0, 0xc0, 0xc0, 0xc0, 0xc0, 0xc0,
	0xc0, 0xc0, 0xc0, 0xc0, 0x22c5, 0xa2c5, 0xc0, 0xc0,
	0xc0, 0xc0, 0xc0, 0xc0, 0xc0, 0xc0, 0xc0, 0xc0,
	0xc0, 0xc0, 0xc0, 0xc0, 0xc0, 0xc0, 0xc0, 0xc0,
	0xc0, 0xc0, 0xc0, 0xc0, 0xc0, 0xc0, 0xc46c9, 0xd06c9,
	0xc0, 0xc0, 0x2a2c5, 0x2e2c5, 0xc0, 0xc0, 0xc0, 0xc0,
	0xc0, 0xc0, 0xc0, 0xc0, 0xc0, 0xc0, 0xc0, 0xc0,
	0xc0, 0xc0, 0xc0, 0xc0, 0xc0, 0xc0, 0xc0, 0xc0,
	0xc0, 0xc0, 0xc0, 0xc0, 0xc0, 0xc0, 0xdc6c9, 0xe86c9,
	0xf46c9, 0x1006c9, 0xc0, 0xc0, 0xc0, 0xc0, 0xc0, 0xc0,
	0xc0, 0xc0, 0xc0, 0xc0, 0x1cc, 0x1cc, 0x1cc, 0x1cc,
	0x1cc, 0x1cc, 0x1cc, 0x1cc, 0x1cc, 0x1cc, 0x1cc, 0x1cc,
	0x1cc, 0x1cc, 0x1cc, 0x1cc, 0x1cc, 0x1cc, 0x1cc, 0x1cc,
	0x1cc, 0x1cc, 0x1cc, 0x1cc, 0x1cc, 0x1cc, 0x1cc, 0x1cc,
	0x1cc, 0x1cc, 0x1cc, 0x1cc, 0xc0, 0xc0, 0xc0, 0xc0
};

static constexpr int32_t s_coll_slTrieIndexLength = 2112;
static constexpr int32_t s_coll_slTrieDataLength = 656;
static constexpr char32_t s_coll_slTrieHighStart = 0xe000;
static constexpr int32_t s_coll_slTrieHighValueIndex = 652;

static constexpr uint32_t s_coll_slCe32s[49] = {
	0x0, 0x30030586, 0xa005, 0x30020586, 0xa005, 0x30030505, 0xa005, 0x30020505,
	0xa005, 0x50020586, 0xa005, 0x50020505, 0xa005, 0x50020586, 0xca05, 0x50020505,
	0xca05, 0x50020586, 0xc405, 0x50020505, 0xc405, 0x50020586, 0x9c05, 0x50020505,
	0x9c05, 0x5e020586, 0xc405, 0x5e020505, 0xc405, 0x5e020586, 0xd205, 0x5e020505,
	0xd205, 0x2b0070a0, 0x330005a2, 0x4f007005, 0x4f000513, 0x2b007005, 0x33000513, 0x12000505,
	0x14000505, 0x16000505, 0x18000505, 0x1a000505, 0x1c000505, 0x1e000505, 0x20000505, 0x22000505,
	0x24000505
};

static constexpr char16_t s_coll_slContexts[134] = {
	0x2f00, 0x59c, 0x2, 0x301, 0xf003, 0x586, 0x30c, 0xf002, 0x586, 0x341, 0xf003, 0x586,
	0x4f00, 0x59c, 0x30, 0x30c, 0xffff, 0x5002, 0x586, 0x5d00, 0x59c, 0x30, 0x30c, 0xffff,
	0x5e02, 0x586, 0x2f00, 0x505, 0x2, 0x301, 0xf003, 0x505, 0x30c, 0xf002, 0x505, 0x341,
	0xf003, 0x505, 0x4f00, 0x505, 0x30, 0x30c, 0xffff, 0x5002, 0x505, 0x5d00, 0x505, 0x30,
	0x30c, 0xffff, 0x5e02, 0x505, 0x2f9c, 0xa0c4, 0x2, 0x301, 0xa2c5, 0x30c, 0xc000, 0x62c5,
	0x341, 0xa2c5, 0x2f05, 0xa0c4, 0x2, 0x301, 0xc000, 0xa2c5, 0x30c, 0xc000, 0xe2c5, 0x341,
	0xc000, 0xa2c5, 0x4f9c, 0xa0c4, 0x30, 0x30c, 0xc001, 0x22c5, 0x4f05, 0xa0c4, 0x30, 0x30c,
	0xc001, 0x62c5, 0x4f9c, 0xcac4, 0x30, 0x30c, 0xc001, 0xa2c5, 0x4f05, 0xcac4, 0x30, 0x30c,
	0xc001, 0xe2c5, 0x4f9c, 0xc4c4, 0x30, 0x30c, 0xc002, 0x22c5, 0x4f05, 0xc4c4, 0x30, 0x30c,
	0xc002, 0x62c5, 0x5d9c, 0xc4c4, 0x30, 0x30c, 0xc003, 0x22c5, 0x5d05, 0xc4c4, 0x30, 0x30c,
	0xc003, 0x62c5, 0x5d9c, 0xd2c4, 0x30, 0x30c, 0xc003, 0xa2c5, 0x5d05, 0xd2c4, 0x30, 0x30c,
	0xc003, 0xe2c5
};

static constexpr uint16_t s_coll_slFastLatin[500] = {
	0x205, 0xc40, 0xde0, 0xe80, 0xea8, 0x418, 0x0, 0x0, 0x0, 0x0, 0x0, 0x0,
	0x0, 0x0, 0xc00, 0xc08, 0xc10, 0xc18, 0xc20, 0x0, 0x0, 0x0, 0x0, 0x0,
	0x0, 0x0, 0x0, 0x0, 0x0, 0x0, 0x0, 0x0, 0x0, 0x0, 0x0, 0x0,
	0x0, 0xc40, 0xca8, 0xcf0, 0xd78, 0xe98, 0xd80, 0xd70, 0xcd8, 0xd08, 0xd10, 0xd58,
	0xe30, 0xc90, 0xc60, 0xcd0, 0xd60, 0x10a8, 0x14a8, 0x18a8, 0x1ca8, 0x20a8, 0x24a8, 0x28a8,
	0x2ca8, 0x30a8, 0x34a8, 0xca0, 0xc98, 0xe50, 0xe58, 0xe60, 0xcb8, 0xd50, 0x38b9, 0x3cb9,
	0x41a, 0x4cb9, 0x54ba, 0x58b9, 0x5cb9, 0x60b9, 0x64ba, 0x6cba, 0x70b9, 0x74b9, 0x78b9, 0x7cba,
	0x84b9, 0x88b9, 0x8cb9, 0x94b9, 0x41c, 0xa0b9, 0xa8b9, 0xacb9, 0xb0b9, 0xb4b9, 0xb8b9, 0x41e,
	0xd18, 0xd68, 0xd20, 0xdf8, 0xc50, 0xde8, 0x38a8, 0x3ca8, 0x420, 0x4ca8, 0x54a8, 0x58a8,
	0x5ca8, 0x60a8, 0x64a8, 0x6ca8, 0x70a8, 0x74a8, 0x78a8, 0x7ca8, 0x84a8, 0x88a8, 0x8ca8, 0x94a8,
	0x422, 0xa0a8, 0xa8a8, 0xaca8, 0xb0a8, 0xb4a8, 0xb8a8, 0x424, 0xd28, 0xe70, 0xd30, 0xe80,
	0x0, 0x0, 0x0, 0x0, 0x0, 0x0, 0xc28, 0x0, 0x0, 0x0, 0x0, 0x0,
	0x0, 0x0, 0x0, 0x0, 0x0, 0x0, 0x0, 0x0, 0x0, 0x0, 0x0, 0x0,
	0x0, 0x0, 0x0, 0x0, 0x0, 0x0, 0x0, 0x0, 0x0, 0xc42, 0xcb0, 0xe90,
	0xea0, 0xe88, 0xea8, 0xe78, 0xd40, 0xe08, 0xe20, 0x38aa, 0xcf8, 0xe68, 0x0, 0xe28,
	0xe00, 0xe18, 0xe38, 0x18a9, 0x1ca9, 0xdf0, 0x1, 0xd48, 0x1, 0xe10, 0x14a9, 0x84aa,
	0xd00, 0x1, 0x1, 0x1, 0xcc0, 0x39b9, 0x3999, 0x39f9, 0x3a99, 0x3a59, 0x3a39, 0x800,
	0x426, 0x55ba, 0x559a, 0x55fa, 0x565a, 0x65ba, 0x659a, 0x65fa, 0x665a, 0x4cd9, 0x7e9a, 0x85b9,
	0x8599, 0x85f9, 0x8699, 0x8659, 0xe48, 0x86d9, 0xa9b9, 0xa999, 0xa9f9, 0xaa59, 0xb999, 0xc4b9,
	0x802, 0x39a8, 0x3988, 0x39e8, 0x3a88, 0x3a48, 0x3a28, 0x804, 0x428, 0x55a8, 0x5588, 0x55e8,
	0x5648, 0x65a8, 0x6588, 0x65e8, 0x6648, 0x4cc8, 0x7e88, 0x85a8, 0x8588, 0x85e8, 0x8688, 0x8648,
	0xe40, 0x86c8, 0xa9a8, 0xa988, 0xa9e8, 0xaa48, 0xb988, 0xc4a8, 0xba48, 0x3b39, 0x3b28, 0x39d9,
	0x39c8, 0x3b19, 0x3b08, 0x48b9, 0x48a8, 0x41f9, 0x41e8, 0x42b9, 0x42a8, 0x44b9, 0x44a8, 0x4e19,
	0x4e08, 0x50b9, 0x50a8, 0x573a, 0x5728, 0x55da, 0x55c8, 0x56ba, 0x56a8, 0x571a, 0x5708, 0x561a,
	0x5608, 0x5df9, 0x5de8, 0x5dd9, 0x5dc8, 0x5eb9, 0x5ea8, 0x5ef9, 0x5ee8, 0x61f9, 0x61e8, 0x6359,
	0x6348, 0x669a, 0x6688, 0x673a, 0x6728, 0x65da, 0x65c8, 0x671a, 0x6708, 0x66ba, 0x68a8, 0x806,
	0x808, 0x6dfa, 0x6de8, 0x72f9, 0x72e8, 0x90a8, 0x7599, 0x7588, 0x76f9, 0x76e8, 0x7619, 0x7608,
	0x7779, 0x7768, 0x7759, 0x7748, 0x7d9a, 0x7d88, 0x7efa, 0x7ee8, 0x7e1a, 0x7e08, 0x80a, 0x80b9,
	0x80a8, 0x8739, 0x8728, 0x85d9, 0x85c8, 0x8679, 0x8668, 0x80c, 0x80e, 0x9599, 0x9588, 0x96f9,
	0x96e8, 0x9619, 0x9608, 0x999a, 0x9988, 0x99fa, 0x99e8, 0x42a, 0x42c, 0x9cb9, 0x9ca8, 0xa2f9,
	0xa2e8, 0xa219, 0xa208, 0xa4b9, 0xa4a8, 0xaa99, 0xaa88, 0xab39, 0xab28, 0xa9d9, 0xa9c8, 0xaa39,
	0xaa28, 0xaa79, 0xaa68, 0xab19, 0xab08, 0xb1f9, 0xb1e8, 0xb9f9, 0xb9e8, 0xba59, 0xbd99, 0xbd88,
	0xbeb9, 0xbea8, 0xc0b9, 0xc0a8, 0x98e8, 0xc41, 0xc41, 0xc41, 0xc41, 0xc41, 0xc41, 0xc41,
	0xc42, 0xc41, 0xc41, 0xc41, 0x0, 0x0, 0x0, 0x0, 0x0, 0xc68, 0xc69, 0xc70,
	0xc78, 0xc80, 0xc88, 0xd38, 0xc58, 0x1, 0x1, 0x1, 0x1, 0x1, 0x1, 0x1,
	0x1, 0xd98, 0xda0, 0xda8, 0xdb0, 0xcd1, 0x810, 0x1, 0xdb8, 0xc30, 0xc38, 0x0,
	0x0, 0x0, 0x0, 0x0, 0xc42, 0xd88, 0xd90, 0xdc0, 0x812, 0x1, 0xdc8, 0x814,
	0x1, 0xdd0, 0xce0, 0xce8, 0xdd8, 0x816, 0xcc8, 0xc48, 0xde0, 0x38d9, 0x54bb, 0x98c8,
	0x98a9, 0x38c8, 0x54a9, 0x64bb, 0x6cbb, 0x64a9, 0x6ca9, 0xc8a9, 0x7ca9, 0x84d9, 0x54bb, 0x84c8,
	0x54a9, 0xcd1, 0xcd1, 0xdc1, 0xdc1, 0xdc9, 0xdc9, 0xca9, 0xca9, 0x5ff, 0x0, 0x5ff,
	0x40b9, 0x5ff, 0x98ba, 0x5ff, 0xbcb9, 0x5ff, 0x40a8, 0x5ff, 0x98a8, 0x5ff, 0xbca8, 0x5ff,
	0x42f9, 0x5ff, 0x42e8, 0x5ff, 0x9afa, 0x5ff, 0x9ae8, 0x1ff
};

static constexpr uint16_t s_coll_slFastLatinPrimaries[384] = {
	0x0, 0x0, 0x0, 0x0, 0x0, 0x0, 0x0, 0x0, 0x0, 0xc00, 0xc08, 0xc10,
	0xc18, 0xc20, 0x0, 0x0, 0x0, 0x0, 0x0, 0x0, 0x0, 0x0, 0x0, 0x0,
	0x0, 0x0, 0x0, 0x0, 0x0, 0x0, 0x0, 0x0, 0xc40, 0xca8, 0xcf0, 0xd78,
	0xe98, 0xd80, 0xd70, 0xcd8, 0xd08, 0xd10, 0xd58, 0xe30, 0xc90, 0xc60, 0xcd0, 0xd60,
	0x1000, 0x1400, 0x1800, 0x1c00, 0x2000, 0x2400, 0x2800, 0x2c00, 0x3000, 0x3400, 0xca0, 0xc98,
	0xe50, 0xe58, 0xe60, 0xcb8, 0xd50, 0x3800, 0x3c00, 0x0, 0x4c00, 0x5400, 0x5800, 0x5c00,
	0x6000, 0x6400, 0x6c00, 0x7000, 0x7400, 0x7800, 0x7c00, 0x8400, 0x8800, 0x8c00, 0x9400, 0x0,
	0xa000, 0xa800, 0xac00, 0xb000, 0xb400, 0xb800, 0x0, 0xd18, 0xd68, 0xd20, 0xdf8, 0xc50,
	0xde8, 0x3800, 0x3c00, 0x0, 0x4c00, 0x5400, 0x5800, 0x5c00, 0x6000, 0x6400, 0x6c00, 0x7000,
	0x7400, 0x7800, 0x7c00, 0x8400, 0x8800, 0x8c00, 0x9400, 0x0, 0xa000, 0xa800, 0xac00, 0xb000,
	0xb400, 0xb800, 0x0, 0xd28, 0xe70, 0xd30, 0xe80, 0x0, 0x0, 0x0, 0x0, 0x0,
	0x0, 0xc28, 0x0, 0x0, 0x0, 0x0, 0x0, 0x0, 0x0, 0x0, 0x0, 0x0,
	0x0, 0x0, 0x0, 0x0, 0x0, 0x0, 0x0, 0x0, 0x0, 0x0, 0x0, 0x0,
	0x0, 0x0, 0x0, 0x0, 0xc40, 0xcb0, 0xe90, 0xea0, 0xe88, 0xea8, 0xe78, 0xd40,
	0xe08, 0xe20, 0x3800, 0xcf8, 0xe68, 0x0, 0xe28, 0xe00, 0xe18, 0xe38, 0x1800, 0x1c00,
	0xdf0, 0x0, 0xd48, 0x0, 0xe10, 0x1400, 0x8400, 0xd00, 0x0, 0x0, 0x0, 0xcc0,
	0x3800, 0x3800, 0x3800, 0x3800, 0x3800, 0x3800, 0x0, 0x0, 0x5400, 0x5400, 0x5400, 0x5400,
	0x6400, 0x6400, 0x6400, 0x6400, 0x4c00, 0x7c00, 0x8400, 0x8400, 0x8400, 0x8400, 0x8400, 0xe48,
	0x8400, 0xa800, 0xa800, 0xa800, 0xa800, 0xb800, 0xc400, 0x0, 0x3800, 0x3800, 0x3800, 0x3800,
	0x3800, 0x3800, 0x0, 0x0, 0x5400, 0x5400, 0x5400, 0x5400, 0x6400, 0x6400, 0x6400, 0x6400,
	0x4c00, 0x7c00, 0x8400, 0x8400, 0x8400, 0x8400, 0x8400, 0xe40, 0x8400, 0xa800, 0xa800, 0xa800,
	0xa800, 0xb800, 0xc400, 0xb800, 0x3800, 0x3800, 0x3800, 0x3800, 0x3800, 0x3800, 0x4800, 0x4800,
	0x4000, 0x4000, 0x4000, 0x4000, 0x4400, 0x4400, 0x4c00, 0x4c00, 0x5000, 0x5000, 0x5400, 0x5400,
	0x5400, 0x5400, 0x5400, 0x5400, 0x5400, 0x5400, 0x5400, 0x5400, 0x5c00, 0x5c00, 0x5c00, 0x5c00,
	0x5c00, 0x5c00, 0x5c00, 0x5c00, 0x6000, 0x6000, 0x6000, 0x6000, 0x6400, 0x6400, 0x6400, 0x6400,
	0x6400, 0x6400, 0x6400, 0x6400, 0x6400, 0x6800, 0x0, 0x0, 0x6c00, 0x6c00, 0x7000, 0x7000,
	0x9000, 0x7400, 0x7400, 0x7400, 0x7400, 0x7400, 0x7400, 0x7400, 0x7400, 0x7400, 0x7400, 0x7c00,
	0x7c00, 0x7c00, 0x7c00, 0x7c00, 0x7c00, 0x0, 0x8000, 0x8000, 0x8400, 0x8400, 0x8400, 0x8400,
	0x8400, 0x8400, 0x0, 0x0, 0x9400, 0x9400, 0x9400, 0x9400, 0x9400, 0x9400, 0x9800, 0x9800,
	0x9800, 0x9800, 0x0, 0x0, 0x9c00, 0x9c00, 0xa000, 0xa000, 0xa000, 0xa000, 0xa400, 0xa400,
	0xa800, 0xa800, 0xa800, 0xa800, 0xa800, 0xa800, 0xa800, 0xa800, 0xa800, 0xa800, 0xa800, 0xa800,
	0xb000, 0xb000, 0xb800, 0xb800, 0xb800, 0xbc00, 0xbc00, 0xbc00, 0xbc00, 0xc000, 0xc000, 0x9800
};

static constexpr int32_t s_coll_slFastLatinMiniVarTop = 0xbff;

static constexpr uint32_t s_coll_slNumericPrimary = 0x10000000;
static constexpr int32_t s_coll_slOptions = 0x2010;
static constexpr int32_t s_coll_slJamoCe32sStart = -1;

static constexpr uint16_t s_coll_ltTrieIndex[2112] = {
	0x0, 0x8, 0x10, 0x18, 0x30, 0x38, 0x40, 0x48, 0x50, 0x58, 0x5c, 0x64, 0x6c, 0x74, 0x30, 0x38,
	0x79, 0x81, 0x30, 0x38, 0x30, 0x38, 0x30, 0x38, 0x88, 0x90, 0x30, 0x38, 0x30, 0x38, 0x30, 0x38,
	0x30, 0x38, 0x30, 0x38, 0x30, 0x38, 0x30, 0x38, 0x30, 0x38, 0x30, 0x38, 0x30, 0x38, 0x30, 0x38,
	0x30, 0x38, 0x30, 0x38, 0x30, 0x38, 0x30, 0x38, 0x30, 0x38, 0x30, 0x38, 0x30, 0x38, 0x30, 0x38,
	0x30, 0x30, 0x30, 0x30, 0x30, 0x30, 0x30, 0x30, 0x30, 0x30, 0x30, 0x30, 0x30, 0x30, 0x30, 0x30,
	0x30, 0x30, 0x30, 0x30, 0x30, 0x30, 0x30, 0x30, 0x30, 0x30, 0x30, 0x30, 0x30, 0x30, 0x30, 0x30,
	0x30, 0x30, 0x30, 0x30, 0x30, 0x30, 0x30, 0x30, 0x30, 0x30, 0x30, 0x30, 0x30, 0x30, 0x30, 0x30,
	0x30, 0x30, 0x30, 0x30, 0x30, 0x30, 0x30, 0x30, 0x30, 0x30, 0x30, 0x30, 0x30, 0x30, 0x30, 0x30,
	0x30, 0x30, 0x30, 0x30, 0x30, 0x30, 0x30, 0x30, 0x30, 0x30, 0x30, 0x30, 0x30, 0x30, 0x30, 0x30,
	0x30, 0x30, 0x30, 0x30, 0x30, 0x30, 0x30, 0x30, 0x30, 0x30, 0x30, 0x30, 0x30, 0x30, 0x30, 0x30,
	0x30, 0x30, 0x30, 0x30, 0x30, 0x30, 0x30, 0x30, 0x30, 0x30, 0x30, 0x30, 0x30, 0x30, 0x30, 0x30,
	0x30, 0x30, 0x30, 0x30, 0x30, 0x30, 0x30, 0x30, 0x30, 0x30, 0x30, 0x30, 0x30, 0x30, 0x30, 0x30,
	0x30, 0x30, 0x30, 0x30, 0x30, 0x30, 0x30, 0x30, 0x30, 0x30, 0x30, 0x30, 0x30, 0x30, 0x30, 0x30,
	0x30, 0x30, 0x30, 0x30, 0x30, 0x30, 0x30, 0x30, 0x30, 0x30, 0x30, 0x30, 0x30, 0x30, 0x30, 0x30,
	0x30, 0x30, 0x30, 0x30, 0x30, 0x30, 0x30, 0x30, 0x30, 0x30, 0x30, 0x30, 0x30, 0x30, 0x30, 0x30,
	0xa2, 0x30, 0x30, 0xaa, 0xb1, 0xb8, 0x30, 0xbf, 0x30, 0x30, 0x30, 0x30, 0x30, 0x30, 0x30, 0x30,
	0x30, 0x30, 0x30, 0x30, 0x30, 0x30, 0x30, 0x30, 0x30, 0x30, 0x30, 0x30, 0x30, 0x30, 0x30, 0x30,
	0x30, 0x30, 0x30, 0x30, 0x30, 0x30, 0x30, 0x30, 0x30, 0x30, 0x30, 0x30, 0x30, 0x30, 0x30, 0x30,
	0x30, 0x30, 0x30, 0x30, 0x30, 0x30, 0x30, 0x30, 0x30, 0x30, 0x30, 0x30, 0x30, 0x30, 0x30, 0x30,
	0x30, 0x30, 0x30, 0x30, 0x30, 0x30, 0x30, 0x30, 0x30, 0x30, 0x30, 0x30, 0x30, 0x30, 0x30, 0x30,
	0x30, 0x30, 0x30, 0x30, 0x30, 0x30, 0x30, 0x30, 0x30, 0x30, 0x30, 0x30, 0x30, 0x30, 0x30, 0x30,
	0x30, 0x30, 0x30, 0x30, 0x30, 0x30, 0x30, 0x30, 0x30, 0x30, 0x30, 0x30, 0x30, 0x30, 0x30, 0x30,
	0x30, 0x30, 0x30, 0x30, 0x30, 0x30, 0x30, 0x30, 0x30, 0x30, 0x30, 0x30, 0x30, 0x30, 0x30, 0x30,
	0x30, 0x30, 0x30, 0x30, 0x30, 0x30, 0x30, 0x30, 0x30, 0x30, 0x30, 0x30, 0x30, 0x30, 0x30, 0x30,
	0x30, 0x30, 0x30, 0x30, 0x30, 0x30, 0x30, 0x30, 0x30, 0x30, 0x30, 0x30, 0x30, 0x30, 0x30, 0x30,
	0x30, 0x30, 0x30, 0x30, 0x30, 0x30, 0x30, 0x30, 0x30, 0x30, 0x30, 0x30, 0x30, 0x30, 0x30, 0x30,
	0x30, 0x30, 0x30, 0x30, 0x30, 0x30, 0x30, 0x30, 0x30, 0x30, 0x30, 0x30, 0x30, 0x30, 0x30, 0x30,
	0x30, 0x30, 0x30, 0x30, 0x30, 0x30, 0x30, 0x30, 0x30, 0x30, 0x30, 0x30, 0x30, 0x30, 0x30, 0x30,
	0x30, 0x30, 0x30, 0x30, 0x30, 0x30, 0x30, 0x30, 0x30, 0x30, 0x30, 0x30, 0x30, 0x30, 0x30, 0x30,
	0x30, 0x30, 0x30, 0x30, 0x30, 0x30, 0x30, 0x30, 0x30, 0x30, 0x30, 0x30, 0x30, 0x30, 0x30, 0x30,
	0x30, 0x30, 0x30, 0x30, 0x30, 0x30, 0x30, 0x30, 0x30, 0x30, 0x30, 0x30, 0x30, 0x30, 0x30, 0x30,
	0x30, 0x30, 0x30, 0x30, 0x30, 0x30, 0x30, 0x30, 0x30, 0x30, 0x30, 0x30, 0x30, 0x30, 0x30, 0x30,
	0x30, 0x30, 0x30, 0x30, 0x30, 0x30, 0x30, 0x30, 0x30, 0x30, 0x30, 0x30, 0x30, 0x30, 0x30, 0x30,
	0x30, 0x30, 0x30, 0x30, 0x30, 0x30, 0x30, 0x30, 0x30, 0x30, 0x30, 0x30, 0x30, 0x30, 0x30, 0x30,
	0x30, 0x30, 0x30, 0x30, 0x30, 0x30, 0x30, 0x30, 0x30, 0x30, 0x30, 0x30, 0x30, 0x30, 0x30, 0x30,
	0x30, 0x30, 0x30, 0x30, 0x30, 0x30, 0x30, 0x30, 0x30, 0x30, 0x30, 0x30, 0x30, 0x30, 0x30, 0x30,
	0x30, 0x30, 0x30, 0x30, 0x30, 0x30, 0x30, 0x30, 0x30, 0x30, 0x30, 0x30, 0x30, 0x30, 0x30, 0x30,
	0x30, 0x30, 0x30, 0x30, 0x30, 0x30, 0x30, 0x30, 0x30, 0x30, 0x30, 0x30, 0x30, 0x30, 0x30, 0x30,
	0x30, 0x30, 0x30, 0x30, 0x30, 0x30, 0x30, 0x30, 0x30, 0x30, 0x30, 0x30, 0x30, 0x30, 0x30, 0x30,
	0x30, 0x30, 0x30, 0x30, 0x30, 0x30, 0x30, 0x30, 0x30, 0x30, 0x30, 0x30, 0x30, 0x30, 0x30, 0x30,
	0x30, 0x30, 0x30, 0x30, 0x30, 0x30, 0x30, 0x30, 0x30, 0x30, 0x30, 0x30, 0x30, 0x30, 0x30, 0x30,
	0x30, 0x30, 0x30, 0x30, 0x30, 0x30, 0x30, 0x30, 0x30, 0x30, 0x30, 0x30, 0x30, 0x30, 0x30, 0x30,
	0x30, 0x30, 0x30, 0x30, 0x30, 0x30, 0x30, 0x30, 0x30, 0x30, 0x30, 0x30, 0x30, 0x30, 0x30, 0x30,
	0x30, 0x30, 0x30, 0x30, 0x30, 0x30, 0x30, 0x30, 0x30, 0x30, 0x30, 0x30, 0x30, 0x30, 0x30, 0x30,
	0x30, 0x30, 0x30, 0x30, 0x30, 0x30, 0x30, 0x30, 0x30, 0x30, 0x30, 0x30, 0x30, 0x30, 0x30, 0x30,
	0x30, 0x30, 0x30, 0x30, 0x30, 0x30, 0x30, 0x30, 0x30, 0x30, 0x30, 0x30, 0x30, 0x30, 0x30, 0x30,
	0x30, 0x30, 0x30, 0x30, 0x30, 0x30, 0x30, 0x30, 0x30, 0x30, 0x30, 0x30, 0x30, 0x30, 0x30, 0x30,
	0x30, 0x30, 0x30, 0x30, 0x30, 0x30, 0x30, 0x30, 0x30, 0x30, 0x30, 0x30, 0x30, 0x30, 0x30, 0x30,
	0x30, 0x30, 0x30, 0x30, 0x30, 0x30, 0x30, 0x30, 0x30, 0x30, 0x30, 0x30, 0x30, 0x30, 0x30, 0x30,
	0x30, 0x30, 0x30, 0x30, 0x30, 0x30, 0x30, 0x30, 0x30, 0x30, 0x30, 0x30, 0x30, 0x30, 0x30, 0x30,
	0x30, 0x30, 0x30, 0x30, 0x30, 0x30, 0x30, 0x30, 0x30, 0x30, 0x30, 0x30, 0x30, 0x30, 0x30, 0x30,
	0x30, 0x30, 0x30, 0x30, 0x30, 0x30, 0x30, 0x30, 0x30, 0x30, 0x30, 0x30, 0x30, 0x30, 0x30, 0x30,
	0x30, 0x30, 0x30, 0x30, 0x30, 0x30, 0x30, 0x30, 0x30, 0x30, 0x30, 0x30, 0x30, 0x30, 0x30, 0x30,
	0x30, 0x30, 0x30, 0x30, 0x30, 0x30, 0x30, 0x30, 0x30, 0x30, 0x30, 0x30, 0x30, 0x30, 0x30, 0x30,
	0x30, 0x30, 0x30, 0x30, 0x30, 0x30, 0x30, 0x30, 0x30, 0x30, 0x30, 0x30, 0x30, 0x30, 0x30, 0x30,
	0x30, 0x30, 0x30, 0x30, 0x30, 0x30, 0x30, 0x30, 0x30, 0x30, 0x30, 0x30, 0x30, 0x30, 0x30, 0x30,
	0x30, 0x30, 0x30, 0x30, 0x30, 0x30, 0x30, 0x30, 0x30, 0x30, 0x30, 0x30, 0x30, 0x30, 0x30, 0x30,
	0x30, 0x30, 0x30, 0x30, 0x30, 0x30, 0x30, 0x30, 0x30, 0x30, 0x30, 0x30, 0x30, 0x30, 0x30, 0x30,
	0x30, 0x30, 0x30, 0x30, 0x30, 0x30, 0x30, 0x30, 0x30, 0x30, 0x30, 0x30, 0x30, 0x30, 0x30, 0x30,
	0x30, 0x30, 0x30, 0x30, 0x30, 0x30, 0x30, 0x30, 0x30, 0x30, 0x30, 0x30, 0x30, 0x30, 0x30, 0x30,
	0x30, 0x30, 0x30, 0x30, 0x30, 0x30, 0x30, 0x30, 0x30, 0x30, 0x30, 0x30, 0x30, 0x30, 0x30, 0x30,
	0x30, 0x30, 0x30, 0x30, 0x30, 0x30, 0x30, 0x30, 0x30, 0x30, 0x30, 0x30, 0x30, 0x30, 0x30, 0x30,
	0x30, 0x30, 0x30, 0x30, 0x30, 0x30, 0x30, 0x30, 0x30, 0x30, 0x30, 0x30, 0x30, 0x30, 0x30, 0x30,
	0x30, 0x30, 0x30, 0x30, 0x30, 0x30, 0x30, 0x30, 0x30, 0x30, 0x30, 0x30, 0x30, 0x30, 0x30, 0x30,
	0x30, 0x30, 0x30, 0x30, 0x30, 0x30, 0x30, 0x30, 0x30, 0x30, 0x30, 0x30, 0x30, 0x30, 0x30, 0x30,
	0x30, 0x30, 0x30, 0x30, 0x30, 0x30, 0x30, 0x30, 0x30, 0x30, 0x30, 0x30, 0x30, 0x30, 0x30, 0x30,
	0x30, 0x30, 0x30, 0x30, 0x30, 0x30, 0x30, 0x30, 0x30, 0x30, 0x30, 0x30, 0x30, 0x30, 0x30, 0x30,
	0x30, 0x30, 0x30, 0x30, 0x30, 0x30, 0x30, 0x30, 0x30, 0x30, 0x30, 0x30, 0x30, 0x30, 0x30, 0x30,
	0x30, 0x30, 0x30, 0x30, 0x30, 0x30, 0x30, 0x30, 0x30, 0x30, 0x30, 0x30, 0x30, 0x30, 0x30, 0x30,
	0x30, 0x30, 0x30, 0x30, 0x30, 0x30, 0x30, 0x30, 0x30, 0x30, 0x30, 0x30, 0x30, 0x30, 0x30, 0x30,
	0x30, 0x30, 0x30, 0x30, 0x30, 0x30, 0x30, 0x30, 0x30, 0x30, 0x30, 0x30, 0x30, 0x30, 0x30, 0x30,
	0x30, 0x30, 0x30, 0x30, 0x30, 0x30, 0x30, 0x30, 0x30, 0x30, 0x30, 0x30, 0x30, 0x30, 0x30, 0x30,
	0x30, 0x30, 0x30, 0x30, 0x30, 0x30, 0x30, 0x30, 0x30, 0x30, 0x30, 0x30, 0x30, 0x30, 0x30, 0x30,
	0x30, 0x30, 0x30, 0x30, 0x30, 0x30, 0x30, 0x30, 0x30, 0x30, 0x30, 0x30, 0x30, 0x30, 0x30, 0x30,
	0x30, 0x30, 0x30, 0x30, 0x30, 0x30, 0x30, 0x30, 0x30, 0x30, 0x30, 0x30, 0x30, 0x30, 0x30, 0x30,
	0x30, 0x30, 0x30, 0x30, 0x30, 0x30, 0x30, 0x30, 0x30, 0x30, 0x30, 0x30, 0x30, 0x30, 0x30, 0x30,
	0x30, 0x30, 0x30, 0x30, 0x30, 0x30, 0x30, 0x30, 0x30, 0x30, 0x30, 0x30, 0x30, 0x30, 0x30, 0x30,
	0x30, 0x30, 0x30, 0x30, 0x30, 0x30, 0x30, 0x30, 0x30, 0x30, 0x30, 0x30, 0x30, 0x30, 0x30, 0x30,
	0x30, 0x30, 0x30, 0x30, 0x30, 0x30, 0x30, 0x30, 0x30, 0x30, 0x30, 0x30, 0x30, 0x30, 0x30, 0x30,
	0x30, 0x30, 0x30, 0x30, 0x30, 0x30, 0x30, 0x30, 0x30, 0x30, 0x30, 0x30, 0x30, 0x30, 0x30, 0x30,
	0x30, 0x30, 0x30, 0x30, 0x30, 0x30, 0x30, 0x30, 0x30, 0x30, 0x30, 0x30, 0x30, 0x30, 0x30, 0x30,
	0x30, 0x30, 0x30, 0x30, 0x30, 0x30, 0x30, 0x30, 0x30, 0x30, 0x30, 0x30, 0x30, 0x30, 0x30, 0x30,
	0x30, 0x30, 0x30, 0x30, 0x30, 0x30, 0x30, 0x30, 0x30, 0x30, 0x30, 0x30, 0x30, 0x30, 0x30, 0x30,
	0x30, 0x30, 0x30, 0x30, 0x30, 0x30, 0x30, 0x30, 0x30, 0x30, 0x30, 0x30, 0x30, 0x30, 0x30, 0x30,
	0x30, 0x30, 0x30, 0x30, 0x30, 0x30, 0x30, 0x30, 0x30, 0x30, 0x30, 0x30, 0x30, 0x30, 0x30, 0x30,
	0x30, 0x30, 0x30, 0x30, 0x30, 0x30, 0x30, 0x30, 0x30, 0x30, 0x30, 0x30, 0x30, 0x30, 0x30, 0x30,
	0xc7, 0xc7, 0xc7, 0xc7, 0xc7, 0xc7, 0xc7, 0xc7, 0xc7, 0xc7, 0xc7, 0xc7, 0xc7, 0xc7, 0xc7, 0xc7,
	0xc7, 0xc7, 0xc7, 0xc7, 0xc7, 0xc7, 0xc7, 0xc7, 0xc7, 0xc7, 0xc7, 0xc7, 0xc7, 0xc7, 0xc7, 0xc7,
	0xc7, 0xc7, 0xc7, 0xc7, 0xc7, 0xc7, 0xc7, 0xc7, 0xc7, 0xc7, 0xc7, 0xc7, 0xc7, 0xc7, 0xc7, 0xc7,
	0xc7, 0xc7, 0xc7, 0xc7, 0xc7, 0xc7, 0xc7, 0xc7, 0xc7, 0xc7, 0xc7, 0xc7, 0xc7, 0xc7, 0xc7, 0xc7,
	0xc7, 0xc7, 0xc7, 0xc7, 0xc7, 0xc7, 0xc7, 0xc7, 0xc7, 0xc7, 0xc7, 0xc7, 0xc7, 0xc7, 0xc7, 0xc7,
	0xc7, 0xc7, 0xc7, 0xc7, 0xc7, 0xc7, 0xc7, 0xc7, 0xc7, 0xc7, 0xc7, 0xc7, 0xc7, 0xc7, 0xc7, 0xc7,
	0xc7, 0xc7, 0xc7, 0xc7, 0xc7, 0xc7, 0xc7, 0xc7, 0xc7, 0xc7, 0xc7, 0xc7, 0xc7, 0xc7, 0xc7, 0xc7,
	0xc7, 0xc7, 0xc7, 0xc7, 0xc7, 0xc7, 0xc7, 0xc7, 0xc7, 0xc7, 0xc7, 0xc7, 0xc7, 0xc7, 0xc7, 0xc7,
	0xc7, 0xc7, 0xc7, 0xc7, 0xc7, 0xc7, 0xc7, 0xc7, 0xc7, 0xc7, 0xc7, 0xc7, 0xc7, 0xc7, 0xc7, 0xc7,
	0xc7, 0xc7, 0xc7, 0xc7, 0xc7, 0xc7, 0xc7, 0xc7, 0xc7, 0xc7, 0xc7, 0xc7, 0xc7, 0xc7, 0xc7, 0xc7,
	0xc7, 0xc7, 0xc7, 0xc7, 0xc7, 0xc7, 0xc7, 0xc7, 0xc7, 0xc7, 0xc7, 0xc7, 0xc7, 0xc7, 0xc7, 0xc7,
	0xc7, 0xc7, 0xc7, 0xc7, 0xc7, 0xc7, 0xc7, 0xc7, 0xc7, 0xc7, 0xc7, 0xc7, 0xc7, 0xc7, 0xc7, 0xc7,
	0xc7, 0xc7, 0xc7, 0xc7, 0xc7, 0xc7, 0xc7, 0xc7, 0xc7, 0xc7, 0xc7, 0xc7, 0xc7, 0xc7, 0xc7, 0xc7,
	0xc7, 0xc7, 0xc7, 0xc7, 0xc7, 0xc7, 0xc7, 0xc7, 0xc7, 0xc7, 0xc7, 0xc7, 0xc7, 0xc7, 0xc7, 0xc7,
	0xc7, 0xc7, 0xc7, 0xc7, 0xc7, 0xc7, 0xc7, 0xc7, 0xc7, 0xc7, 0xc7, 0xc7, 0xc7, 0xc7, 0xc7, 0xc7,
	0xc7, 0xc7, 0xc7, 0xc7, 0xc7, 0xc7, 0xc7, 0xc7, 0xc7, 0xc7, 0xc7, 0xc7, 0xc7, 0xc7, 0xc7, 0xc7,
	0xc7, 0xc7, 0xc7, 0xc7, 0xc7, 0xc7, 0xc7, 0xc7, 0xc7, 0xc7, 0xc7, 0xc7, 0xc7, 0xc7, 0xc7, 0xc7,
	0xc7, 0xc7, 0xc7, 0xc7, 0xc7, 0xc7, 0xc7, 0xc7, 0xc7, 0xc7, 0xc7, 0xc7, 0xc7, 0xc7, 0xc7, 0xc7,
	0xc7, 0xc7, 0xc7, 0xc7, 0xc7, 0xc7, 0xc7, 0xc7, 0xc7, 0xc7, 0xc7, 0xc7, 0xc7, 0xc7, 0xc7, 0xc7,
	0xc7, 0xc7, 0xc7, 0xc7, 0xc7, 0xc7, 0xc7, 0xc7, 0xc7, 0xc7, 0xc7, 0xc7, 0xc7, 0xc7, 0xc7, 0xc7,
	0xc7, 0xc7, 0xc7, 0xc7, 0xc7, 0xc7, 0xc7, 0xc7, 0xc7, 0xc7, 0xc7, 0xc7, 0xc7, 0xc7, 0xc7, 0xc7,
	0xc7, 0xc7, 0xc7, 0xc7, 0xc7, 0xc7, 0xc7, 0xc7, 0xc7, 0xc7, 0xc7, 0xc7, 0xc7, 0xa0, 0x30, 0x30,
	0x98, 0x98, 0x98, 0x98, 0x98, 0x98, 0x98, 0x98, 0x98, 0x98, 0x98, 0x98, 0x98, 0x98, 0x98, 0x98,
	0x98, 0x98, 0x98, 0x98, 0x98, 0x98, 0x98, 0x98, 0x98, 0x98, 0x98, 0x98, 0x98, 0x98, 0x98, 0x98,
	0x30, 0x30, 0x30, 0x30, 0x30, 0x30, 0x30, 0x30, 0x30, 0x30, 0x30, 0x30, 0x30, 0x30, 0x30, 0x30,
	0x30, 0x30, 0x30, 0x30, 0x30, 0x30, 0x30, 0x30, 0x30, 0x30, 0x30, 0x30, 0x30, 0x30, 0x30, 0x30,
	0x30, 0x30, 0x30, 0x30, 0x30, 0x30, 0x30, 0x30, 0x30, 0x30, 0x30, 0x30, 0x30, 0x30, 0x30, 0x30,
	0x30, 0x30, 0x30, 0x30, 0x30, 0x30, 0x30, 0x30, 0x30, 0x30, 0x30, 0x30, 0x30, 0x30, 0x30, 0x30,
	0x30, 0x30, 0x30, 0x30, 0x30, 0x30, 0x30, 0x30, 0x30, 0x30, 0x30, 0x30, 0x30, 0x30, 0x30, 0x30,
	0x30, 0x30, 0x30, 0x30, 0x30, 0x30, 0x30, 0x30, 0x30, 0x30, 0x30, 0x30, 0x30, 0x30, 0x30, 0x30,
	0x30, 0x30, 0x30, 0x30, 0x30, 0x30, 0x30, 0x30, 0x30, 0x30, 0x30, 0x30, 0x30, 0x30, 0x30, 0x30,
	0x30, 0x30, 0x30, 0x30, 0x30, 0x30, 0x30, 0x30, 0x30, 0x30, 0x30, 0x30, 0x30, 0x30, 0x30, 0x30,
	0x30, 0x30, 0x30, 0x30, 0x30, 0x30, 0x30, 0x30, 0x30, 0x30, 0x30, 0x30, 0x30, 0x30, 0x30, 0x30,
	0x30, 0x30, 0x30, 0x30, 0x30, 0x30, 0x30, 0x30, 0x30, 0x30, 0x30, 0x30, 0x30, 0x30, 0x30, 0x30,
	0x30, 0x30, 0x30, 0x30, 0x30, 0x30, 0x30, 0x30, 0x30, 0x30, 0x30, 0x30, 0x30, 0x30, 0x30, 0x30,
	0x30, 0x30, 0x30, 0x30, 0x30, 0x30, 0x30, 0x30, 0x30, 0x30, 0x30, 0x30, 0x30, 0x30, 0x30, 0x30,
	0x30, 0x30, 0x30, 0x30, 0x30, 0x30, 0x30, 0x30, 0x30, 0x30, 0x30, 0x30, 0x30, 0x30, 0x30, 0x30,
	0x30, 0x30, 0x30, 0x30, 0x30, 0x30, 0x30, 0x30, 0x30, 0x30, 0x30, 0x30, 0x30, 0x30, 0x30, 0x30,
	0x30, 0x30, 0x30, 0x30, 0x30, 0x30, 0x30, 0x30, 0x30, 0x30, 0x30, 0x30, 0x30, 0x30, 0x30, 0x30,
	0x30, 0x30, 0x30, 0x30, 0x30, 0x30, 0x30, 0x30, 0x30, 0x30, 0x30, 0x30, 0x30, 0x30, 0x30, 0x30,
	0x30, 0x30, 0x30, 0x30, 0x30, 0x30, 0x30, 0x30, 0x30, 0x30, 0x30, 0x30, 0x30, 0x30, 0x30, 0x30,
	0x30, 0x30, 0x30, 0x30, 0x30, 0x30, 0x30, 0x30, 0x30, 0x30, 0x30, 0x30, 0x30, 0x30, 0x30, 0x30,
	0x30, 0x30, 0x30, 0x30, 0x30, 0x30, 0x30, 0x30, 0x30, 0x30, 0x30, 0x30, 0x30, 0x30, 0x30, 0x30,
	0x30, 0x30, 0x30, 0x30, 0x30, 0x30, 0x30, 0x30, 0x30, 0x30, 0x30, 0x30, 0x30, 0x30, 0x30, 0x30,
	0x80, 0x80, 0xc0, 0x100, 0x140, 0x170, 0x1b0, 0xc0, 0x1e4, 0xc0, 0xc0, 0xc0, 0x220, 0xc0, 0xc0, 0xc0,
	0xc0, 0xc0, 0xc0, 0xc0, 0xc0, 0xc0, 0xc0, 0xc0, 0xc0, 0xc0, 0xc0, 0xc0, 0xc0, 0xc0, 0xc0, 0xc0
};

static constexpr uint32_t s_coll_ltTrieData[832] = {
	0xcb, 0x0, 0x0, 0x0, 0x0, 0x0, 0x0, 0x0,
	0x0, 0x3040505, 0x3060505, 0x3080505, 0x30a0505, 0x30c0505, 0x0, 0x0,
	0x0, 0x0, 0x0, 0x0, 0x0, 0x0, 0x0, 0x0,
	0x0, 0x0, 0x0, 0x0, 0x0, 0x0, 0x0, 0x0,
	0x4000505, 0x75a0505, 0x9760505, 0xa940505, 0xda90505, 0xa960505, 0xa8e0505, 0x9700505,
	0x97c0505, 0x97e0505, 0xa7e0505, 0xc7b0505, 0x6000505, 0x50e0505, 0x8000505, 0xa880505,
	0xfa0ca, 0xfc1ca, 0xfe2ca, 0x1003ca, 0x1024ca, 0x1045ca, 0x1066ca, 0x1087ca,
	0x10a8ca, 0x10c9ca, 0x7360505, 0x72a0505, 0xc850505, 0xc870505, 0xc890505, 0x7640505,
	0xa7c0505, 0x6c9, 0x2d00059c, 0xc6c9, 0x3100059c, 0x186c9, 0x3500059c, 0x3700059c,
	0x3900059c, 0x2a6c9, 0x3d00059c, 0x3f00059c, 0x4100059c, 0x4300059c, 0x4500059c, 0x4700059c,
	0x4900059c, 0x4b00059c, 0x4d00059c, 0x366c9, 0x5100059c, 0x446c9, 0x5500059c, 0x570005a0,
	0x5900059c, 0x3b004786, 0x5a6c9, 0x9800505, 0xa8a0505, 0x9820505, 0xc0a0505, 0x50a0505,
	0xc040505, 0x686c9, 0x2d000505, 0x746c9, 0x31000505, 0x806c9, 0x35000505, 0x37000505,
	0x39000505, 0x926c9, 0x3d000505, 0x3f000505, 0x41000505, 0x43000505, 0x45000505, 0x47000505,
	0x49000505, 0x4b000505, 0x4d000505, 0x9e6c9, 0x51000505, 0xac6c9, 0x55000505, 0x57000505,
	0x59000505, 0x3b004705, 0xc26c9, 0x9840505, 0xc8d0505, 0x9860505, 0xc910505, 0x0,
	0xfffd0505, 0xfffd0505, 0xfffd0505, 0xfffd0505, 0xfffd0505, 0xfffd0505, 0xfffd0505, 0xfffd0505,
	0xfffd0505, 0xfffd0505, 0xfffd0505, 0xfffd0505, 0xfffd0505, 0xfffd0505, 0xfffd0505, 0xfffd0505,
	0xfffd0505, 0xfffd0505, 0xfffd0505, 0xfffd0505, 0xfffd0505, 0xfffd0505, 0xfffd0505, 0xfffd0505,
	0xfffd0505, 0xfffd0505, 0xfffd0505, 0xfffd0505, 0xfffd0505, 0xfffd0505, 0xfffd0505, 0xfffd0505,
	0xfffd0505, 0xfffd0505, 0xfffd0505, 0xfffd0505, 0xfffd0505, 0xfffd0505, 0xfffd0505, 0xfffd0505,
	0xfffd0505, 0xfffd0505, 0xfffd0505, 0xfffd0505, 0xfffd0505, 0xfffd0505, 0xfffd0505, 0xfffd0505,
	0xfffd0505, 0xfffd0505, 0xfffd0505, 0xfffd0505, 0xfffd0505, 0xfffd0505, 0xfffd0505, 0xfffd0505,
	0xfffd0505, 0xfffd0505, 0xfffd0505, 0xfffd0505, 0xfffd0505, 0xfffd0505, 0xfffd0505, 0xfffd0505,
	0xc0, 0xc0, 0xc0, 0xc0, 0xc0, 0xc0, 0xc0, 0xc0,
	0xc0, 0xc0, 0xc0, 0xc0, 0xc0, 0xc0, 0xc0, 0xc0,
	0xc0, 0xc0, 0xc0, 0xc0, 0xc0, 0xc0, 0xc0, 0xc0,
	0xc0, 0xc0, 0xc0, 0xc0, 0xc0, 0xc0, 0xc0, 0xc0,
	0xc0, 0xc0, 0xc0, 0xc0, 0xc0, 0xc0, 0xc0, 0xc0,
	0xc0, 0xc0, 0xc0, 0xc0, 0xc0, 0xc0, 0xc0, 0xc0,
	0xc0, 0xc0, 0xc0, 0xc0, 0xc0, 0xc0, 0xc0, 0xc0,
	0xc0, 0xc0, 0xc0, 0xc0, 0xc0, 0xc0, 0xc0, 0xc0,
	0x2b9c8ac4, 0x2b9c88c4, 0x2b9c8ec4, 0x2b9c9ac4, 0x2b9c96c4, 0x2b9c92c4, 0xee2c5, 0xd06c9,
	0x339c8ac4, 0x339c88c4, 0x339c8ec4, 0x339c96c4, 0x3b9c8ac4, 0x3b9c88c4, 0x3b9c8ec4, 0x3b9c96c4,
	0x310070a0, 0x459c9ac4, 0x479c8ac4, 0x479c88c4, 0x479c8ec4, 0x479c9ac4, 0x479c96c4, 0xc830505,
	0x479c9ec4, 0x539c8ac4, 0x539c88c4, 0x539c8ec4, 0x539c96c4, 0x62c5, 0x5e2805a0, 0xf22c5,
	0x2b058ac4, 0x2b0588c4, 0x2b058ec4, 0x2b059ac4, 0x2b0596c4, 0x2b0592c4, 0xf62c5, 0xda6c9,
	0x33058ac4, 0x330588c4, 0x33058ec4, 0x330596c4, 0x3b058ac4, 0x3b0588c4, 0x3b058ec4, 0x3b0596c4,
	0x31007005, 0x45059ac4, 0x47058ac4, 0x470588c4, 0x47058ec4, 0x47059ac4, 0x470596c4, 0xc810505,
	0x47059ec4, 0x53058ac4, 0x530588c4, 0x53058ec4, 0x530596c4, 0xe2c5, 0x5e280505, 0x122c5,
	0xc0, 0xc0, 0xc0, 0xc0, 0x2b004686, 0x2b004605, 0xc0, 0xc0,
	0xc0, 0xc0, 0xc0, 0xc0, 0x30020586, 0x30020505, 0xc0, 0xc0,
	0xc0, 0xc0, 0xc0, 0xc0, 0xc0, 0xc0, 0x33004786, 0x33004705,
	0x33004686, 0x33004605, 0xc0, 0xc0, 0xc0, 0xc0, 0xc0, 0xc0,
	0xc0, 0xc0, 0xc0, 0xc0, 0xc0, 0xc0, 0xc0, 0xc0,
	0xc0, 0xc0, 0xc0, 0xc0, 0xc0, 0xc0, 0x3b004686, 0x3b004605,
	0xc0, 0xc0, 0xc0, 0xc0, 0xc0, 0xc0, 0xc0, 0xc0,
	0xc0, 0xc0, 0xc0, 0xc0, 0xc0, 0xc0, 0xc0, 0xc0,
	0xc0, 0xc0, 0xc0, 0xc0, 0xc0, 0xc0, 0xc0, 0xc0,
	0xc0, 0xc0, 0xc0, 0xc0, 0xc0, 0xc0, 0xe66c9, 0xf26c9,
	0x50020586, 0x50020505, 0xc0, 0xc0, 0xc0, 0xc0, 0xc0, 0xc0,
	0xc0, 0xc0, 0x53004786, 0x53004705, 0xc0, 0xc0, 0xc0, 0xc0,
	0xc0, 0xc0, 0x53004686, 0x53004605, 0xc0, 0xc0, 0x1e2c5, 0x222c5,
	0x262c5, 0xc0, 0xc0, 0xc0, 0xc0, 0x5e020586, 0x5e020505, 0xc0,
	0xc0, 0xc0, 0xc0, 0xc0, 0xc0, 0xc0, 0xc0, 0xc0,
	0xc0, 0xc0, 0xc0, 0xc0, 0xc0, 0xc0, 0xc0, 0xc0,
	0xc0, 0xc0, 0xc0, 0xc0, 0xc0, 0xc0, 0xc0, 0xc0,
	0xc0, 0xc0, 0xc0, 0xc0, 0xc0, 0xc0, 0xc0, 0xc0,
	0xc0, 0xc0, 0xc0, 0xc0, 0xc0, 0xc0, 0xc0, 0xc0,
	0xc0, 0xc0, 0xc0, 0xc0, 0xc0, 0xc0, 0xc0, 0xfe6c9,
	0x10a6c9, 0xc0, 0xc0, 0xc0, 0xc0, 0xc0, 0xc0, 0xc0,
	0xc0, 0xc0, 0xc0, 0xc0, 0xc0, 0xc0, 0xc0, 0xc0,
	0xc0, 0xc0, 0xc0, 0xc0, 0xc0, 0xc0, 0xc0, 0xc0,
	0xc0, 0xc0, 0xc0, 0xc0, 0x1166c9, 0x1226c9, 0xc0, 0xc0,
	0xc0, 0xc0, 0xc0, 0xc0, 0xc0, 0xc0, 0xc0, 0xc0,
	0xc0, 0xc0, 0xc0, 0xc0, 0x12e6c9, 0x13a6c9, 0xc0, 0xc0,
	0xc0, 0xc0, 0xc0, 0xc0, 0xc0, 0xc0, 0x422c5, 0x462c5,
	0xc0, 0xc0, 0xc0, 0xc0, 0xc0, 0xc0, 0xc0, 0xc0,
	0xc0, 0xc0, 0xc0, 0xc0, 0xc0, 0xc0, 0xc0, 0x1466c9,
	0xc0, 0xc0, 0xc0, 0xc0, 0xc0, 0xc0, 0xc0, 0xc0,
	0xc0, 0xc0, 0xc0, 0xc0, 0xc0, 0xc0, 0xc0, 0xc0,
	0xc0, 0xc0, 0xc0, 0xc0, 0xc0, 0xc0, 0xc0, 0xc0,
	0xc0, 0xc0, 0xc0, 0xc0, 0xc0, 0xc0, 0xc0, 0xc0,
	0xc0, 0xc0, 0xc0, 0xc0, 0xc0, 0xc0, 0xc0, 0xc0,
	0xc0, 0xc0, 0xc0, 0xc0, 0xc0, 0xc0, 0xc0, 0xc0,
	0xc0, 0xc0, 0xc0, 0xc0, 0xc0, 0xc0, 0xc0, 0xc0,
	0x1cd, 0x1cd, 0x1cd, 0x1cd, 0x1cd, 0x1cd, 0x1cd, 0x1cd,
	0x1cd, 0x1cd, 0x1cd, 0x1cd, 0x1cd, 0x1cd, 0x1cd, 0x1cd,
	0x1cd, 0x1cd, 0x1cd, 0x1cd, 0x1cd, 0x1cd, 0x1cd, 0x1cd,
	0x1cd, 0x1cd, 0x1cd, 0x1cd, 0x1cd, 0x1cd, 0x1cd, 0x1cd,
	0x1cc, 0x1cc, 0x1cc, 0x1cc, 0xc0, 0xc0, 0xc0, 0xc0,
	0xc0, 0xc0, 0xc0, 0xc0, 0xc0, 0xc0, 0xc0, 0xc0,
	0xc0, 0xc0, 0xc0, 0xc0, 0xc0, 0xc0, 0xc0, 0xc0,
	0xc0, 0xc0, 0xc0, 0xc0, 0xc0, 0xc0, 0xc0, 0xc0,
	0x16a6c9, 0x1766c9, 0x1826c9, 0x18e6c9, 0xc0, 0xc0, 0xc0, 0xc0,
	0xc0, 0xc0, 0x19a6c9, 0x1a66c9, 0xc0, 0xc0, 0x622c5, 0x662c5,
	0xc0, 0xc0, 0xc0, 0xc0, 0xc0, 0xc0, 0xc0, 0xc0,
	0xc0, 0xc0, 0x1b26c9, 0x1be6c9, 0x1ca6c9, 0x1d66c9, 0x1e26c9, 0x1ee6c9,
	0xc0, 0xc0, 0x822c5, 0x862c5, 0xc0, 0xc0, 0xc0, 0xc0,
	0xc0, 0xc0, 0xc0, 0xc0, 0xc0, 0xc0, 0xc0, 0xc0,
	0xc0, 0xc0, 0x8a2c5, 0x8e2c5, 0xc0, 0xc0, 0x1fa6c9, 0x2066c9,
	0x2126c9, 0x21e6c9, 0xc0, 0xc0, 0xc0, 0xa22c5, 0xc0, 0xc0,
	0xc0, 0xc0, 0xc0, 0xc0, 0xc0, 0xc0, 0xc0, 0xc0,
	0xc0, 0xc0, 0xc0, 0xc0, 0xc0, 0xc0, 0xc0, 0xc0,
	0xc0, 0xc0, 0xc0, 0xc0, 0xc0, 0xc0, 0xc0, 0xc0,
	0x22a6c9, 0x2366c9, 0xc0, 0xc0, 0xc0, 0xc0, 0xc0, 0xc0,
	0x2426c9, 0x24e6c9, 0xc0, 0xc0, 0xc0, 0xc0, 0xc0, 0xc0,
	0xc0, 0xc0, 0xc0, 0xc0, 0x25a6c9, 0x2666c9, 0xce2c5, 0xd22c5,
	0xd62c5, 0xda2c5, 0xde2c5, 0xe22c5, 0xe62c5, 0xea2c5, 0xc0, 0xc0,
	0xc0, 0xc0, 0xc0, 0xc0, 0x1cc, 0x1cc, 0x1cc, 0x1cc,
	0x1cc, 0x1cc, 0x1cc, 0x1cc, 0x1cc, 0x1cc, 0x1cc, 0x1cc,
	0x1cc, 0x1cc, 0x1cc, 0x1cc, 0x1cc, 0x1cc, 0x1cc, 0x1cc,
	0x1cc, 0x1cc, 0x1cc, 0x1cc, 0x1cc, 0x1cc, 0x1cc, 0x1cc,
	0x1cc, 0x1cc, 0x1cc, 0x1cc, 0xc0, 0xc0, 0xc0, 0xc0
};

static constexpr int32_t s_coll_ltTrieIndexLength = 2112;
static constexpr int32_t s_coll_ltTrieDataLength = 832;
static constexpr char32_t s_coll_ltTrieHighStart = 0xe000;
static constexpr int32_t s_coll_ltTrieHighValueIndex = 828;

static constexpr uint32_t s_coll_ltCe32s[135] = {
	0x0, 0x30020586, 0xa005, 0x3b004786, 0x8805, 0x30020505, 0xa005, 0x3b004705,
	0x8805, 0x3b004705, 0x9605, 0x50020586, 0xa005, 0x50020505, 0xa005, 0x3b004786,
	0x8e05, 0x3b004705, 0x8e05, 0x3b004786, 0x9605, 0x53004786, 0xbe05, 0x53004705,
	0xbe05, 0x50020586, 0xca05, 0x50020505, 0xca05, 0x33004786, 0xa005, 0x33004705,
	0xa005, 0x3b004786, 0xa405, 0x3b004705, 0xa405, 0x33004786, 0xcc05, 0x33004705,
	0xcc05, 0x33004786, 0xd005, 0x33004705, 0xd005, 0x50020586, 0xc405, 0x50020505,
	0xc405, 0x50020586, 0x9c05, 0x50020505, 0x9c05, 0x53004786, 0xc605, 0x53004705,
	0xc605, 0x53004786, 0xd005, 0x53004705, 0xd005, 0x53004786, 0xcc05, 0x53004705,
	0xcc05, 0x53004786, 0x9605, 0x53004705, 0x9605, 0x3b004786, 0x9c05, 0x3b004705,
	0x9c05, 0x5e020586, 0xc405, 0x5e020505, 0xc405, 0x5e020586, 0xd205, 0x5e020505,
	0xd205, 0x3b004705, 0x9205, 0x33004786, 0xc405, 0x33004705, 0xc405, 0x53004786,
	0xc405, 0x53004705, 0xc405, 0x5300059c, 0xbe05, 0xc405, 0x53004786, 0xbe05,
	0xc405, 0x53000505, 0xbe05, 0xc405, 0x53004705, 0xbe05, 0xc405, 0x3b004786,
	0x8a05, 0x3b004705, 0x8a05, 0x3b004786, 0xc405, 0x3b004705, 0xc405, 0x3b004786,
	0xb605, 0x3b004705, 0xb605, 0x3b004786, 0x9a05, 0x3b004705, 0x9a05, 0x2b0070a0,
	0x330005a2, 0x4f007005, 0x4f000513, 0x2b007005, 0x33000513, 0x12000505, 0x14000505, 0x16000505,
	0x18000505, 0x1a000505, 0x1c000505, 0x1e000505, 0x20000505, 0x22000505, 0x24000505
};

static constexpr char16_t s_coll_ltContexts[313] = {
	0x2b00, 0x59c, 0x30, 0x328, 0xeb00, 0x4686, 0x2f00, 0x59c, 0x30, 0x30c, 0xf002, 0x586,
	0x3300, 0x59c, 0x1, 0x307, 0xf300, 0x4786, 0x328, 0xf300, 0x4686, 0x3b00, 0x59c, 0x30,
	0x328, 0xfb00, 0x4686, 0x4f00, 0x59c, 0x30, 0x30c, 0xffff, 0x5002, 0x586, 0x5300, 0x59c,
	0x1, 0x304, 0xffff, 0x5300, 0x4786, 0x328, 0xffff, 0x5300, 0x4686, 0x5d00, 0x59c, 0x30,
	0x30c, 0xffff, 0x5e02, 0x586, 0x2b00, 0x505, 0x30, 0x328, 0xeb00, 0x4605, 0x2f00, 0x505,
	0x30, 0x30c, 0xf002, 0x505, 0x3300, 0x505, 0x1, 0x307, 0xf300, 0x4705, 0x328, 0xf300,
	0x4605, 0x3b00, 0x505, 0x30, 0x328, 0xfb00, 0x4605, 0x4f00, 0x505, 0x30, 0x30c, 0xffff,
	0x5002, 0x505, 0x5300, 0x505, 0x1, 0x304, 0xffff, 0x5300, 0x4705, 0x328, 0xffff, 0x5300,
	0x4605, 0x5d00, 0x505, 0x30, 0x30c, 0xffff, 0x5e02, 0x505, 0x2f9c, 0xa0c4, 0x30, 0x30c,
	0xa2c5, 0x2f05, 0xa0c4, 0x30, 0x30c, 0xc000, 0xa2c5, 0x4f9c, 0xa0c4, 0x30, 0x30c, 0xc001,
	0x62c5, 0x4f05, 0xa0c4, 0x30, 0x30c, 0xc001, 0xa2c5, 0x539c, 0xbec4, 0x30, 0x304, 0xc002,
	0xa2c5, 0x5305, 0xbec4, 0x30, 0x304, 0xc002, 0xe2c5, 0x4f9c, 0xcac4, 0x30, 0x30c, 0xc003,
	0x22c5, 0x4f05, 0xcac4, 0x30, 0x30c, 0xc003, 0x62c5, 0x339c, 0xa0c4, 0x30, 0x307, 0xc003,
	0xa2c5, 0x3305, 0xa0c4, 0x30, 0x307, 0xc003, 0xe2c5, 0x0, 0x9c05, 0x4, 0x300, 0xc000,
	0x8a05, 0x301, 0xc000, 0x8805, 0x303, 0xc000, 0x9a05, 0x340, 0xc000, 0x8a05, 0x341, 0xc000,
	0x8805, 0x339c, 0xccc4, 0x30, 0x307, 0xc004, 0xa2c5, 0x3305, 0xccc4, 0x30, 0x307, 0xc004,
	0xe2c5, 0x339c, 0xd0c4, 0x30, 0x307, 0xc005, 0x22c5, 0x3305, 0xd0c4, 0x30, 0x307, 0xc005,
	0x62c5, 0x4f9c, 0xc4c4, 0x30, 0x30c, 0xc005, 0xa2c5, 0x4f05, 0xc4c4, 0x30, 0x30c, 0xc005,
	0xe2c5, 0x539c, 0xc6c4, 0x30, 0x304, 0xc006, 0xa2c5, 0x5305, 0xc6c4, 0x30, 0x304, 0xc006,
	0xe2c5, 0x539c, 0xd0c4, 0x30, 0x304, 0xc007, 0x22c5, 0x5305, 0xd0c4, 0x30, 0x304, 0xc007,
	0x62c5, 0x539c, 0xccc4, 0x30, 0x304, 0xc007, 0xa2c5, 0x5305, 0xccc4, 0x30, 0x304, 0xc007,
	0xe2c5, 0x5d9c, 0xc4c4, 0x30, 0x30c, 0xc009, 0x22c5, 0x5d05, 0xc4c4, 0x30, 0x30c, 0xc009,
	0x62c5, 0x5d9c, 0xd2c4, 0x30, 0x30c, 0xc009, 0xa2c5, 0x5d05, 0xd2c4, 0x30, 0x30c, 0xc009,
	0xe2c5, 0x339c, 0xc4c4, 0x30, 0x307, 0xc00a, 0x62c5, 0x3305, 0xc4c4, 0x30, 0x307, 0xc00a,
	0xa2c5, 0x539c, 0xc4c4, 0x30, 0x304, 0xc00a, 0xe2c5, 0x5305, 0xc4c4, 0x30, 0x304, 0xc00b,
	0x22c5, 0xb, 0x63c5, 0x30, 0x304, 0xc00b, 0xc3c5, 0xc, 0x23c5, 0x30, 0x304, 0xc00c,
	0x83c5
};

static constexpr uint16_t s_coll_ltFastLatin[528] = {
	0x205, 0xc40, 0xde0, 0xe80, 0xea8, 0x424, 0x0, 0x0, 0x0, 0x0, 0x0, 0x0,
	0x0, 0x0, 0xc00, 0xc08, 0xc10, 0xc18, 0xc20, 0x0, 0x0, 0x0, 0x0, 0x0,
	0x0, 0x0, 0x0, 0x0, 0x0, 0x0, 0x0, 0x0, 0x0, 0x0, 0x0, 0x0,
	0x0, 0xc40, 0xca8, 0xcf0, 0xd78, 0xe98, 0xd80, 0xd70, 0xcd8, 0xd08, 0xd10, 0xd58,
	0xe30, 0xc90, 0xc60, 0xcd0, 0xd60, 0x10a8, 0x14a8, 0x18a8, 0x1ca8, 0x20a8, 0x24a8, 0x28a8,
	0x2ca8, 0x30a8, 0x34a8, 0xca0, 0xc98, 0xe50, 0xe58, 0xe60, 0xcb8, 0xd50, 0x426, 0x3cb9,
	0x428, 0x48b9, 0x42a, 0x50b9, 0x54b9, 0x58b9, 0x42c, 0x64ba, 0x68b9, 0x6cb9, 0x70b9, 0x74ba,
	0x7cb9, 0x80b9, 0x84b9, 0x8cb9, 0x42e, 0x98b9, 0x430, 0xa4b9, 0xa8b9, 0xacb9, 0x5cf9, 0x432,
	0xd18, 0xd68, 0xd20, 0xdf8, 0xc50, 0xde8, 0x434, 0x3ca8, 0x436, 0x48a8, 0x438, 0x50a8,
	0x54a8, 0x58a8, 0x43a, 0x64a8, 0x68a8, 0x6ca8, 0x70a8, 0x74a8, 0x7ca8, 0x80a8, 0x84a8, 0x8ca8,
	0x43c, 0x98a8, 0x43e, 0xa4a8, 0xa8a8, 0xaca8, 0x5ce8, 0x440, 0xd28, 0xe70, 0xd30, 0xe80,
	0x0, 0x0, 0x0, 0x0, 0x0, 0x0, 0xc28, 0x0, 0x0, 0x0, 0x0, 0x0,
	0x0, 0x0, 0x0, 0x0, 0x0, 0x0, 0x0, 0x0, 0x0, 0x0, 0x0, 0x0,
	0x0, 0x0, 0x0, 0x0, 0x0, 0x0, 0x0, 0x0, 0x0, 0xc42, 0xcb0, 0xe90,
	0xea0, 0xe88, 0xea8, 0xe78, 0xd40, 0xe08, 0xe20, 0x38aa, 0xcf8, 0xe68, 0x0, 0xe28,
	0xe00, 0xe18, 0xe38, 0x18a9, 0x1ca9, 0xdf0, 0x1, 0xd48, 0x1, 0xe10, 0x14a9, 0x7caa,
	0xd00, 0x1, 0x1, 0x1, 0xcc0, 0x39b9, 0x3999, 0x39f9, 0x3a99, 0x3a59, 0x3a39, 0x800,
	0x442, 0x4dba, 0x4d9a, 0x4dfa, 0x4e5a, 0x5dba, 0x5d9a, 0x5dfa, 0x5e5a, 0x48d9, 0x769a, 0x7db9,
	0x7d99, 0x7df9, 0x7e99, 0x7e59, 0xe48, 0x7ed9, 0xa1b9, 0xa199, 0xa1f9, 0xa259, 0x802, 0xb8b9,
	0x804, 0x39a8, 0x3988, 0x39e8, 0x3a88, 0x3a48, 0x3a28, 0x806, 0x444, 0x4da8, 0x4d88, 0x4de8,
	0x4e48, 0x5da8, 0x5d88, 0x5de8, 0x5e48, 0x48c8, 0x7688, 0x7da8, 0x7d88, 0x7de8, 0x7e88, 0x7e48,
	0xe40, 0x7ec8, 0xa1a8, 0xa188, 0xa1e8, 0xa248, 0x808, 0xb8a8, 0x80a, 0x3b19, 0x3b08, 0x39d9,
	0x39c8, 0x38d9, 0x38c8, 0x4199, 0x4188, 0x41f9, 0x41e8, 0x42b9, 0x42a8, 0x44b9, 0x44a8, 0x4a19,
	0x4a08, 0x4b39, 0x4b28, 0x4f1a, 0x4f08, 0x4dda, 0x4dc8, 0x4cf9, 0x4ce8, 0x4cd9, 0x4cc8, 0x4e1a,
	0x4e08, 0x55f9, 0x55e8, 0x55d9, 0x55c8, 0x56b9, 0x56a8, 0x56f9, 0x56e8, 0x59f9, 0x59e8, 0x5b39,
	0x5b28, 0x5e9a, 0x5e88, 0x5f1a, 0x5f08, 0x5dda, 0x5dc8, 0x5cd9, 0x5cc8, 0x5eba, 0x60a8, 0x80c,
	0x80e, 0x65fa, 0x65e8, 0x6af9, 0x6ae8, 0x88a8, 0x6d99, 0x6d88, 0x6ef9, 0x6ee8, 0x6e19, 0x6e08,
	0x6f59, 0x6f48, 0x6f39, 0x6f28, 0x759a, 0x7588, 0x76fa, 0x76e8, 0x761a, 0x7608, 0x810, 0x78b9,
	0x78a8, 0x7f19, 0x7f08, 0x7dd9, 0x7dc8, 0x7e79, 0x7e68, 0x812, 0x814, 0x8d99, 0x8d88, 0x8ef9,
	0x8ee8, 0x8e19, 0x8e08, 0x919a, 0x9188, 0x91fa, 0x91e8, 0x446, 0x448, 0x94b9, 0x94a8, 0x9af9,
	0x9ae8, 0x9a19, 0x9a08, 0x9cb9, 0x9ca8, 0xa299, 0xa288, 0xa0f9, 0xa0e8, 0xa1d9, 0xa1c8, 0xa239,
	0xa228, 0xa279, 0xa268, 0xa0d9, 0xa0c8, 0xa9f9, 0xa9e8, 0x816, 0x818, 0x81a, 0xb199, 0xb188,
	0xb2b9, 0xb2a8, 0xb4b9, 0xb4a8, 0x90e8, 0xc41, 0xc41, 0xc41, 0xc41, 0xc41, 0xc41, 0xc41,
	0xc42, 0xc41, 0xc41, 0xc41, 0x0, 0x0, 0x0, 0x0, 0x0, 0xc68, 0xc69, 0xc70,
	0xc78, 0xc80, 0xc88, 0xd38, 0xc58, 0x1, 0x1, 0x1, 0x1, 0x1, 0x1, 0x1,
	0x1, 0xd98, 0xda0, 0xda8, 0xdb0, 0xcd1, 0x81c, 0x1, 0xdb8, 0xc30, 0xc38, 0x0,
	0x0, 0x0, 0x0, 0x0, 0xc42, 0xd88, 0xd90, 0xdc0, 0x81e, 0x1, 0xdc8, 0x820,
	0x1, 0xdd0, 0xce0, 0xce8, 0xdd8, 0x822, 0xcc8, 0xc48, 0xde0, 0x38f9, 0x4cbb, 0x5cf9,
	0x188, 0x90c8, 0x90a9, 0x38e8, 0x4ca9, 0x5ce8, 0x188, 0x5ce8, 0x248, 0x5cbb, 0x64bb, 0x5ca9,
	0x64a9, 0xbca9, 0x74a9, 0x7cd9, 0x4cbb, 0x7cc8, 0x4ca9, 0x5cf9, 0x1e8, 0x5ce8, 0x1e8, 0x5cf9,
	0x248, 0xcd1, 0xcd1, 0xdc1, 0xdc1, 0xdc9, 0xdc9, 0xca9, 0xca9, 0x5ff, 0x0, 0x5ff,
	0x38b9, 0x5ff, 0x40b9, 0x5ff, 0x4cba, 0x5ff, 0x5cba, 0x5ff, 0x90ba, 0x5ff, 0xa0b9, 0x5ff,
	0xb0b9, 0x5ff, 0x38a8, 0x5ff, 0x40a8, 0x5ff, 0x4ca8, 0x5ff, 0x5ca8, 0x5ff, 0x90a8, 0x5ff,
	0xa0a8, 0x5ff, 0xb0a8, 0x5ff, 0x42f9, 0x5ff, 0x42e8, 0x5ff, 0x92fa, 0x5ff, 0x92e8, 0x1ff
};

static constexpr uint16_t s_coll_ltFastLatinPrimaries[384] = {
	0x0, 0x0, 0x0, 0x0, 0x0, 0x0, 0x0, 0x0, 0x0, 0xc00, 0xc08, 0xc10,
	0xc18, 0xc20, 0x0, 0x0, 0x0, 0x0, 0x0, 0x0, 0x0, 0x0, 0x0, 0x0,
	0x0, 0x0, 0x0, 0x0, 0x0, 0x0, 0x0, 0x0, 0xc40, 0xca8, 0xcf0, 0xd78,
	0xe98, 0xd80, 0xd70, 0xcd8, 0xd08, 0xd10, 0xd58, 0xe30, 0xc90, 0xc60, 0xcd0, 0xd60,
	0x1000, 0x1400, 0x1800, 0x1c00, 0x2000, 0x2400, 0x2800, 0x2c00, 0x3000, 0x3400, 0xca0, 0xc98,
	0xe50, 0xe58, 0xe60, 0xcb8, 0xd50, 0x0, 0x3c00, 0x0, 0x4800, 0x0, 0x5000, 0x5400,
	0x5800, 0x0, 0x6400, 0x6800, 0x6c00, 0x7000, 0x7400, 0x7c00, 0x8000, 0x8400, 0x8c00, 0x0,
	0x9800, 0x0, 0xa400, 0xa800, 0xac00, 0x5c00, 0x0, 0xd18, 0xd68, 0xd20, 0xdf8, 0xc50,
	0xde8, 0x0, 0x3c00, 0x0, 0x4800, 0x0, 0x5000, 0x5400, 0x5800, 0x0, 0x6400, 0x6800,
	0x6c00, 0x7000, 0x7400, 0x7c00, 0x8000, 0x8400, 0x8c00, 0x0, 0x9800, 0x0, 0xa400, 0xa800,
	0xac00, 0x5c00, 0x0, 0xd28, 0xe70, 0xd30, 0xe80, 0x0, 0x0, 0x0, 0x0, 0x0,
	0x0, 0xc28, 0x0, 0x0, 0x0, 0x0, 0x0, 0x0, 0x0, 0x0, 0x0, 0x0,
	0x0, 0x0, 0x0, 0x0, 0x0, 0x0, 0x0, 0x0, 0x0, 0x0, 0x0, 0x0,
	0x0, 0x0, 0x0, 0x0, 0xc40, 0xcb0, 0xe90, 0xea0, 0xe88, 0xea8, 0xe78, 0xd40,
	0xe08, 0xe20, 0x3800, 0xcf8, 0xe68, 0x0, 0xe28, 0xe00, 0xe18, 0xe38, 0x1800, 0x1c00,
	0xdf0, 0x0, 0xd48, 0x0, 0xe10, 0x1400, 0x7c00, 0xd00, 0x0, 0x0, 0x0, 0xcc0,
	0x3800, 0x3800, 0x3800, 0x3800, 0x3800, 0x3800, 0x0, 0x0, 0x4c00, 0x4c00, 0x4c00, 0x4c00,
	0x5c00, 0x5c00, 0x5c00, 0x5c00, 0x4800, 0x7400, 0x7c00, 0x7c00, 0x7c00, 0x7c00, 0x7c00, 0xe48,
	0x7c00, 0xa000, 0xa000, 0xa000, 0xa000, 0x0, 0xb800, 0x0, 0x3800, 0x3800, 0x3800, 0x3800,
	0x3800, 0x3800, 0x0, 0x0, 0x4c00, 0x4c00, 0x4c00, 0x4c00, 0x5c00, 0x5c00, 0x5c00, 0x5c00,
	0x4800, 0x7400, 0x7c00, 0x7c00, 0x7c00, 0x7c00, 0x7c00, 0xe40, 0x7c00, 0xa000, 0xa000, 0xa000,
	0xa000, 0x0, 0xb800, 0x0, 0x3800, 0x3800, 0x3800, 0x3800, 0x3800, 0x3800, 0x4000, 0x4000,
	0x4000, 0x4000, 0x4000, 0x4000, 0x4400, 0x4400, 0x4800, 0x4800, 0x4800, 0x4800, 0x4c00, 0x4c00,
	0x4c00, 0x4c00, 0x4c00, 0x4c00, 0x4c00, 0x4c00, 0x4c00, 0x4c00, 0x5400, 0x5400, 0x5400, 0x5400,
	0x5400, 0x5400, 0x5400, 0x5400, 0x5800, 0x5800, 0x5800, 0x5800, 0x5c00, 0x5c00, 0x5c00, 0x5c00,
	0x5c00, 0x5c00, 0x5c00, 0x5c00, 0x5c00, 0x6000, 0x0, 0x0, 0x6400, 0x6400, 0x6800, 0x6800,
	0x8800, 0x6c00, 0x6c00, 0x6c00, 0x6c00, 0x6c00, 0x6c00, 0x6c00, 0x6c00, 0x6c00, 0x6c00, 0x7400,
	0x7400, 0x7400, 0x7400, 0x7400, 0x7400, 0x0, 0x7800, 0x7800, 0x7c00, 0x7c00, 0x7c00, 0x7c00,
	0x7c00, 0x7c00, 0x0, 0x0, 0x8c00, 0x8c00, 0x8c00, 0x8c00, 0x8c00, 0x8c00, 0x9000, 0x9000,
	0x9000, 0x9000, 0x0, 0x0, 0x9400, 0x9400, 0x9800, 0x9800, 0x9800, 0x9800, 0x9c00, 0x9c00,
	0xa000, 0xa000, 0xa000, 0xa000, 0xa000, 0xa000, 0xa000, 0xa000, 0xa000, 0xa000, 0xa000, 0xa000,
	0xa800, 0xa800, 0x0, 0x0, 0x0, 0xb000, 0xb000, 0xb000, 0xb000, 0xb400, 0xb400, 0x9000
};

static constexpr int32_t s_coll_ltFastLatinMiniVarTop = 0xbff;

static constexpr uint32_t s_coll_ltNumericPrimary = 0x10000000;
static constexpr int32_t s_coll_ltOptions = 0x2010;
static constexpr int32_t s_coll_ltJamoCe32sStart = -1;

static constexpr uint16_t s_coll_lvTrieIndex[2112] = {
	0x0, 0x8, 0x10, 0x18, 0x30, 0x38, 0x40, 0x48, 0x50, 0x58, 0x60, 0x68, 0x70, 0x78, 0x7d, 0x85,
	0x89, 0x91, 0x30, 0x38, 0x30, 0x38, 0x30, 0x38, 0x30, 0x38, 0x30, 0x38, 0x30, 0x38, 0x30, 0x38,
	0x30, 0x38, 0x30, 0x38, 0x30, 0x38, 0x30, 0x38, 0x30, 0x38, 0x30, 0x38, 0x30, 0x38, 0x30, 0x38,
	0x30, 0x38, 0x30, 0x38, 0x30, 0x38, 0x30, 0x38, 0x30, 0x38, 0x30, 0x38, 0x30, 0x38, 0x30, 0x38,
	0x30, 0x30, 0x30, 0x30, 0x30, 0x30, 0x30, 0x30, 0x30, 0x30, 0x30, 0x30, 0x30, 0x30, 0x30, 0x30,
	0x30, 0x30, 0x30, 0x30, 0x30, 0x30, 0x30, 0x30, 0x30, 0x30, 0x30, 0x30, 0x30, 0x30, 0x30, 0x30,
	0x30, 0x30, 0x30, 0x30, 0x30, 0x30, 0x30, 0x30, 0x30, 0x30, 0x30, 0x30, 0x30, 0x30, 0x30, 0x30,
	0x30, 0x30, 0x30, 0x30, 0x30, 0x30, 0x30, 0x30, 0x30, 0x30, 0x30, 0x30, 0x30, 0x30, 0x30, 0x30,
	0x30, 0x30, 0x30, 0x30, 0x30, 0x30, 0x30, 0x30, 0x30, 0x30, 0x30, 0x30, 0x30, 0x30, 0x30, 0x30,
	0x30, 0x30, 0x30, 0x30, 0x30, 0x30, 0x30, 0x30, 0x30, 0x30, 0x30, 0x30, 0x30, 0x30, 0x30, 0x30,
	0x30, 0x30, 0x30, 0x30, 0x30, 0x30, 0x30, 0x30, 0x30, 0x30, 0x30, 0x30, 0x30, 0x30, 0x30, 0x30,
	0x30, 0x30, 0x30, 0x30, 0x30, 0x30, 0x30, 0x30, 0x30, 0x30, 0x30, 0x30, 0x30, 0x30, 0x30, 0x30,
	0x30, 0x30, 0x30, 0x30, 0x30, 0x30, 0x30, 0x30, 0x30, 0x30, 0x30, 0x30, 0x30, 0x30, 0x30, 0x30,
	0x30, 0x30, 0x30, 0x30, 0x30, 0x30, 0x30, 0x30, 0x30, 0x30, 0x30, 0x30, 0x30, 0x30, 0x30, 0x30,
	0x30, 0x30, 0x30, 0x30, 0x30, 0x30, 0x30, 0x30, 0x30, 0x30, 0x30, 0x30, 0x30, 0x30, 0x30, 0x30,
	0xa9, 0xb0, 0xb4, 0xbc, 0xc3, 0xcb, 0xd2, 0xda, 0x30, 0x30, 0x30, 0x30, 0x30, 0x30, 0x30, 0x30,
	0x30, 0x30, 0x30, 0x30, 0x30, 0x30, 0x30, 0x30, 0x30, 0xe1, 0x30, 0x30, 0x30, 0x30, 0x30, 0x30,
	0x30, 0x30, 0x30, 0x30, 0x30, 0x30, 0x30, 0x30, 0x30, 0x30, 0x30, 0x30, 0x30, 0x30, 0x30, 0x30,
	0x30, 0x30, 0x30, 0x30, 0x30, 0x30, 0x30, 0x30, 0x30, 0x30, 0x30, 0x30, 0x30, 0x30, 0x30, 0x30,
	0x30, 0x30, 0x30, 0x30, 0x30, 0x30, 0x30, 0x30, 0x30, 0x30, 0x30, 0x30, 0x30, 0x30, 0x30, 0x30,
	0x30, 0x30, 0x30, 0x30, 0x30, 0x30, 0x30, 0x30, 0x30, 0x30, 0x30, 0x30, 0x30, 0x30, 0x30, 0x30,
	0x30, 0x30, 0x30, 0x30, 0x30, 0x30, 0x30, 0x30, 0x30, 0x30, 0x30, 0x30, 0x30, 0x30, 0x30, 0x30,
	0x30, 0x30, 0x30, 0x30, 0x30, 0x30, 0x30, 0x30, 0x30, 0x30, 0x30, 0x30, 0x30, 0x30, 0x30, 0x30,
	0x30, 0x30, 0x30, 0x30, 0x30, 0x30, 0x30, 0x30, 0x30, 0x30, 0x30, 0x30, 0x30, 0x30, 0x30, 0x30,
	0x30, 0x30, 0x30, 0x30, 0x30, 0x30, 0x30, 0x30, 0x30, 0x30, 0x30, 0x30, 0x30, 0x30, 0x30, 0x30,
	0x30, 0x30, 0x30, 0x30, 0x30, 0x30, 0x30, 0x30, 0x30, 0x30, 0x30, 0x30, 0x30, 0x30, 0x30, 0x30,
	0x30, 0x30, 0x30, 0x30, 0x30, 0x30, 0x30, 0x30, 0x30, 0x30, 0x30, 0x30, 0x30, 0x30, 0x30, 0x30,
	0x30, 0x30, 0x30, 0x30, 0x30, 0x30, 0x30, 0x30, 0x30, 0x30, 0x30, 0x30, 0x30, 0x30, 0x30, 0x30,
	0x30, 0x30, 0x30, 0x30, 0x30, 0x30, 0x30, 0x30, 0x30, 0x30, 0x30, 0x30, 0x30, 0x30, 0x30, 0x30,
	0x30, 0x30, 0x30, 0x30, 0x30, 0x30, 0x30, 0x30, 0x30, 0x30, 0x30, 0x30, 0x30, 0x30, 0x30, 0x30,
	0x30, 0x30, 0x30, 0x30, 0x30, 0x30, 0x30, 0x30, 0x30, 0x30, 0x30, 0x30, 0x30, 0x30, 0x30, 0x30,
	0x30, 0x30, 0x30, 0x30, 0x30, 0x30, 0x30, 0x30, 0x30, 0x30, 0x30, 0x30, 0x30, 0x30, 0x30, 0x30,
	0x30, 0x30, 0x30, 0x30, 0x30, 0x30, 0x30, 0x30, 0x30, 0x30, 0x30, 0x30, 0x30, 0x30, 0x30, 0x30,
	0x30, 0x30, 0x30, 0x30, 0x30, 0x30, 0x30, 0x30, 0x30, 0x30, 0x30, 0x30, 0x30, 0x30, 0x30, 0x30,
	0x30, 0x30, 0x30, 0x30, 0x30, 0x30, 0x30, 0x30, 0x30, 0x30, 0x30, 0x30, 0x30, 0x30, 0x30, 0x30,
	0x30, 0x30, 0x30, 0x30, 0x30, 0x30, 0x30, 0x30, 0x30, 0x30, 0x30, 0x30, 0x30, 0x30, 0x30, 0x30,
	0x30, 0x30, 0x30, 0x30, 0x30, 0x30, 0x30, 0x30, 0x30, 0x30, 0x30, 0x30, 0x30, 0x30, 0x30, 0x30,
	0x30, 0x30, 0x30, 0x30, 0x30, 0x30, 0x30, 0x30, 0x30, 0x30, 0x30, 0x30, 0x30, 0x30, 0x30, 0x30,
	0x30, 0x30, 0x30, 0x30, 0x30, 0x30, 0x30, 0x30, 0x30, 0x30, 0x30, 0x30, 0x30, 0x30, 0x30, 0x30,
	0x30, 0x30, 0x30, 0x30, 0x30, 0x30, 0x30, 0x30, 0x30, 0x30, 0x30, 0x30, 0x30, 0x30, 0x30, 0x30,
	0x30, 0x30, 0x30, 0x30, 0x30, 0x30, 0x30, 0x30, 0x30, 0x30, 0x30, 0x30, 0x30, 0x30, 0x30, 0x30,
	0x30, 0x30, 0x30, 0x30, 0x30, 0x30, 0x30, 0x30, 0x30, 0x30, 0x30, 0x30, 0x30, 0x30, 0x30, 0x30,
	0x30, 0x30, 0x30, 0x30, 0x30, 0x30, 0x30, 0x30, 0x30, 0x30, 0x30, 0x30, 0x30, 0x30, 0x30, 0x30,
	0x30, 0x30, 0x30, 0x30, 0x30, 0x30, 0x30, 0x30, 0x30, 0x30, 0x30, 0x30, 0x30, 0x30, 0x30, 0x30,
	0x30, 0x30, 0x30, 0x30, 0x30, 0x30, 0x30, 0x30, 0x30, 0x30, 0x30, 0x30, 0x30, 0x30, 0x30, 0x30,
	0x30, 0x30, 0x30, 0x30, 0x30, 0x30, 0x30, 0x30, 0x30, 0x30, 0x30, 0x30, 0x30, 0x30, 0x30, 0x30,
	0x30, 0x30, 0x30, 0x30, 0x30, 0x30, 0x30, 0x30, 0x30, 0x30, 0x30, 0x30, 0x30, 0x30, 0x30, 0x30,
	0x30, 0x30, 0x30, 0x30, 0x30, 0x30, 0x30, 0x30, 0x30, 0x30, 0x30, 0x30, 0x30, 0x30, 0x30, 0x30,
	0x30, 0x30, 0x30, 0x30, 0x30, 0x30, 0x30, 0x30, 0x30, 0x30, 0x30, 0x30, 0x30, 0x30, 0x30, 0x30,
	0x30, 0x30, 0x30, 0x30, 0x30, 0x30, 0x30, 0x30, 0x30, 0x30, 0x30, 0x30, 0x30, 0x30, 0x30, 0x30,
	0x30, 0x30, 0x30, 0x30, 0x30, 0x30, 0x30, 0x30, 0x30, 0x30, 0x30, 0x30, 0x30, 0x30, 0x30, 0x30,
	0x30, 0x30, 0x30, 0x30, 0x30, 0x30, 0x30, 0x30, 0x30, 0x30, 0x30, 0x30, 0x30, 0x30, 0x30, 0x30,
	0x30, 0x30, 0x30, 0x30, 0x30, 0x30, 0x30, 0x30, 0x30, 0x30, 0x30, 0x30, 0x30, 0x30, 0x30, 0x30,
	0x30, 0x30, 0x30, 0x30, 0x30, 0x30, 0x30, 0x30, 0x30, 0x30, 0x30, 0x30, 0x30, 0x30, 0x30, 0x30,
	0x30, 0x30, 0x30, 0x30, 0x30, 0x30, 0x30, 0x30, 0x30, 0x30, 0x30, 0x30, 0x30, 0x30, 0x30, 0x30,
	0x30, 0x30, 0x30, 0x30, 0x30, 0x30, 0x30, 0x30, 0x30, 0x30, 0x30, 0x30, 0x30, 0x30, 0x30, 0x30,
	0x30, 0x30, 0x30, 0x30, 0x30, 0x30, 0x30, 0x30, 0x30, 0x30, 0x30, 0x30, 0x30, 0x30, 0x30, 0x30,
	0x30, 0x30, 0x30, 0x30, 0x30, 0x30, 0x30, 0x30, 0x30, 0x30, 0x30, 0x30, 0x30, 0x30, 0x30, 0x30,
	0x30, 0x30, 0x30, 0x30, 0x30, 0x30, 0x30, 0x30, 0x30, 0x30, 0x30, 0x30, 0x30, 0x30, 0x30, 0x30,
	0x30, 0x30, 0x30, 0x30, 0x30, 0x30, 0x30, 0x30, 0x30, 0x30, 0x30, 0x30, 0x30, 0x30, 0x30, 0x30,
	0x30, 0x30, 0x30, 0x30, 0x30, 0x30, 0x30, 0x30, 0x30, 0x30, 0x30, 0x30, 0x30, 0x30, 0x30, 0x30,
	0x30, 0x30, 0x30, 0x30, 0x30, 0x30, 0x30, 0x30, 0x30, 0x30, 0x30, 0x30, 0x30, 0x30, 0x30, 0x30,
	0x30, 0x30, 0x30, 0x30, 0x30, 0x30, 0x30, 0x30, 0x30, 0x30, 0x30, 0x30, 0x30, 0x30, 0x30, 0x30,
	0x30, 0x30, 0x30, 0x30, 0x30, 0x30, 0x30, 0x30, 0x30, 0x30, 0x30, 0x30, 0x30, 0x30, 0x30, 0x30,
	0x30, 0x30, 0x30, 0x30, 0x30, 0x30, 0x30, 0x30, 0x30, 0x30, 0x30, 0x30, 0x30, 0x30, 0x30, 0x30,
	0x30, 0x30, 0x30, 0x30, 0x30, 0x30, 0x30, 0x30, 0x30, 0x30, 0x30, 0x30, 0x30, 0x30, 0x30, 0x30,
	0x30, 0x30, 0x30, 0x30, 0x30, 0x30, 0x30, 0x30, 0x30, 0x30, 0x30, 0x30, 0x30, 0x30, 0x30, 0x30,
	0x30, 0x30, 0x30, 0x30, 0x30, 0x30, 0x30, 0x30, 0x30, 0x30, 0x30, 0x30, 0x30, 0x30, 0x30, 0x30,
	0x30, 0x30, 0x30, 0x30, 0x30, 0x30, 0x30, 0x30, 0x30, 0x30, 0x30, 0x30, 0x30, 0x30, 0x30, 0x30,
	0x30, 0x30, 0x30, 0x30, 0x30, 0x30, 0x30, 0x30, 0x30, 0x30, 0x30, 0x30, 0x30, 0x30, 0x30, 0x30,
	0x30, 0x30, 0x30, 0x30, 0x30, 0x30, 0x30, 0x30, 0x30, 0x30, 0x30, 0x30, 0x30, 0x30, 0x30, 0x30,
	0x30, 0x30, 0x30, 0x30, 0x30, 0x30, 0x30, 0x30, 0x30, 0x30, 0x30, 0x30, 0x30, 0x30, 0x30, 0x30,
	0x30, 0x30, 0x30, 0x30, 0x30, 0x30, 0x30, 0x30, 0x30, 0x30, 0x30, 0x30, 0x30, 0x30, 0x30, 0x30,
	0x30, 0x30, 0x30, 0x30, 0x30, 0x30, 0x30, 0x30, 0x30, 0x30, 0x30, 0x30, 0x30, 0x30, 0x30, 0x30,
	0x30, 0x30, 0x30, 0x30, 0x30, 0x30, 0x30, 0x30, 0x30, 0x30, 0x30, 0x30, 0x30, 0x30, 0x30, 0x30,
	0x30, 0x30, 0x30, 0x30, 0x30, 0x30, 0x30, 0x30, 0x30, 0x30, 0x30, 0x30, 0x30, 0x30, 0x30, 0x30,
	0x30, 0x30, 0x30, 0x30, 0x30, 0x30, 0x30, 0x30, 0x30, 0x30, 0x30, 0x30, 0x30, 0x30, 0x30, 0x30,
	0x30, 0x30, 0x30, 0x30, 0x30, 0x30, 0x30, 0x30, 0x30, 0x30, 0x30, 0x30, 0x30, 0x30, 0x30, 0x30,
	0x30, 0x30, 0x30, 0x30, 0x30, 0x30, 0x30, 0x30, 0x30, 0x30, 0x30, 0x30, 0x30, 0x30, 0x30, 0x30,
	0x30, 0x30, 0x30, 0x30, 0x30, 0x30, 0x30, 0x30, 0x30, 0x30, 0x30, 0x30, 0x30, 0x30, 0x30, 0x30,
	0x30, 0x30, 0x30, 0x30, 0x30, 0x30, 0x30, 0x30, 0x30, 0x30, 0x30, 0x30, 0x30, 0x30, 0x30, 0x30,
	0x30, 0x30, 0x30, 0x30, 0x30, 0x30, 0x30, 0x30, 0x30, 0x30, 0x30, 0x30, 0x30, 0x30, 0x30, 0x30,
	0x30, 0x30, 0x30, 0x30, 0x30, 0x30, 0x30, 0x30, 0x30, 0x30, 0x30, 0x30, 0x30, 0x30, 0x30, 0x30,
	0x30, 0x30, 0x30, 0x30, 0x30, 0x30, 0x30, 0x30, 0x30, 0x30, 0x30, 0x30, 0x30, 0x30, 0x30, 0x30,
	0x30, 0x30, 0x30, 0x30, 0x30, 0x30, 0x30, 0x30, 0x30, 0x30, 0x30, 0x30, 0x30, 0x30, 0x30, 0x30,
	0x30, 0x30, 0x30, 0x30, 0x30, 0x30, 0x30, 0x30, 0x30, 0x30, 0x30, 0x30, 0x30, 0x30, 0x30, 0x30,
	0xe9, 0xe9, 0xe9, 0xe9, 0xe9, 0xe9, 0xe9, 0xe9, 0xe9, 0xe9, 0xe9, 0xe9, 0xe9, 0xe9, 0xe9, 0xe9,
	0xe9, 0xe9, 0xe9, 0xe9, 0xe9, 0xe9, 0xe9, 0xe9, 0xe9, 0xe9, 0xe9, 0xe9, 0xe9, 0xe9, 0xe9, 0xe9,
	0xe9, 0xe9, 0xe9, 0xe9, 0xe9, 0xe9, 0xe9, 0xe9, 0xe9, 0xe9, 0xe9, 0xe9, 0xe9, 0xe9, 0xe9, 0xe9,
	0xe9, 0xe9, 0xe9, 0xe9, 0xe9, 0xe9, 0xe9, 0xe9, 0xe9, 0xe9, 0xe9, 0xe9, 0xe9, 0xe9, 0xe9, 0xe9,
	0xe9, 0xe9, 0xe9, 0xe9, 0xe9, 0xe9, 0xe9, 0xe9, 0xe9, 0xe9, 0xe9, 0xe9, 0xe9, 0xe9, 0xe9, 0xe9,
	0xe9, 0xe9, 0xe9, 0xe9, 0xe9, 0xe9, 0xe9, 0xe9, 0xe9, 0xe9, 0xe9, 0xe9, 0xe9, 0xe9, 0xe9, 0xe9,
	0xe9, 0xe9, 0xe9, 0xe9, 0xe9, 0xe9, 0xe9, 0xe9, 0xe9, 0xe9, 0xe9, 0xe9, 0xe9, 0xe9, 0xe9, 0xe9,
	0xe9, 0xe9, 0xe9, 0xe9, 0xe9, 0xe9, 0xe9, 0xe9, 0xe9, 0xe9, 0xe9, 0xe9, 0xe9, 0xe9, 0xe9, 0xe9,
	0xe9, 0xe9, 0xe9, 0xe9, 0xe9, 0xe9, 0xe9, 0xe9, 0xe9, 0xe9, 0xe9, 0xe9, 0xe9, 0xe9, 0xe9, 0xe9,
	0xe9, 0xe9, 0xe9, 0xe9, 0xe9, 0xe9, 0xe9, 0xe9, 0xe9, 0xe9, 0xe9, 0xe9, 0xe9, 0xe9, 0xe9, 0xe9,
	0xe9, 0xe9, 0xe9, 0xe9, 0xe9, 0xe9, 0xe9, 0xe9, 0xe9, 0xe9, 0xe9, 0xe9, 0xe9, 0xe9, 0xe9, 0xe9,
	0xe9, 0xe9, 0xe9, 0xe9, 0xe9, 0xe9, 0xe9, 0xe9, 0xe9, 0xe9, 0xe9, 0xe9, 0xe9, 0xe9, 0xe9, 0xe9,
	0xe9, 0xe9, 0xe9, 0xe9, 0xe9, 0xe9, 0xe9, 0xe9, 0xe9, 0xe9, 0xe9, 0xe9, 0xe9, 0xe9, 0xe9, 0xe9,
	0xe9, 0xe9, 0xe9, 0xe9, 0xe9, 0xe9, 0xe9, 0xe9, 0xe9, 0xe9, 0xe9, 0xe9, 0xe9, 0xe9, 0xe9, 0xe9,
	0xe9, 0xe9, 0xe9, 0xe9, 0xe9, 0xe9, 0xe9, 0xe9, 0xe9, 0xe9, 0xe9, 0xe9, 0xe9, 0xe9, 0xe9, 0xe9,
	0xe9, 0xe9, 0xe9, 0xe9, 0xe9, 0xe9, 0xe9, 0xe9, 0xe9, 0xe9, 0xe9, 0xe9, 0xe9, 0xe9, 0xe9, 0xe9,
	0xe9, 0xe9, 0xe9, 0xe9, 0xe9, 0xe9, 0xe9, 0xe9, 0xe9, 0xe9, 0xe9, 0xe9, 0xe9, 0xe9, 0xe9, 0xe9,
	0xe9, 0xe9, 0xe9, 0xe9, 0xe9, 0xe9, 0xe9, 0xe9, 0xe9, 0xe9, 0xe9, 0xe9, 0xe9, 0xe9, 0xe9, 0xe9,
	0xe9, 0xe9, 0xe9, 0xe9, 0xe9, 0xe9, 0xe9, 0xe9, 0xe9, 0xe9, 0xe9, 0xe9, 0xe9, 0xe9, 0xe9, 0xe9,
	0xe9, 0xe9, 0xe9, 0xe9, 0xe9, 0xe9, 0xe9, 0xe9, 0xe9, 0xe9, 0xe9, 0xe9, 0xe9, 0xe9, 0xe9, 0xe9,
	0xe9, 0xe9, 0xe9, 0xe9, 0xe9, 0xe9, 0xe9, 0xe9, 0xe9, 0xe9, 0xe9, 0xe9, 0xe9, 0xe9, 0xe9, 0xe9,
	0xe9, 0xe9, 0xe9, 0xe9, 0xe9, 0xe9, 0xe9, 0xe9, 0xe9, 0xe9, 0xe9, 0xe9, 0xe9, 0xa1, 0x30, 0x30,
	0x99, 0x99, 0x99, 0x99, 0x99, 0x99, 0x99, 0x99, 0x99, 0x99, 0x99, 0x99, 0x99, 0x99, 0x99, 0x99,
	0x99, 0x99, 0x99, 0x99, 0x99, 0x99, 0x99, 0x99, 0x99, 0x99, 0x99, 0x99, 0x99, 0x99, 0x99, 0x99,
	0x30, 0x30, 0x30, 0x30, 0x30, 0x30, 0x30, 0x30, 0x30, 0x30, 0x30, 0x30, 0x30, 0x30, 0x30, 0x30,
	0x30, 0x30, 0x30, 0x30, 0x30, 0x30, 0x30, 0x30, 0x30, 0x30, 0x30, 0x30, 0x30, 0x30, 0x30, 0x30,
	0x30, 0x30, 0x30, 0x30, 0x30, 0x30, 0x30, 0x30, 0x30, 0x30, 0x30, 0x30, 0x30, 0x30, 0x30, 0x30,
	0x30, 0x30, 0x30, 0x30, 0x30, 0x30, 0x30, 0x30, 0x30, 0x30, 0x30, 0x30, 0x30, 0x30, 0x30, 0x30,
	0x30, 0x30, 0x30, 0x30, 0x30, 0x30, 0x30, 0x30, 0x30, 0x30, 0x30, 0x30, 0x30, 0x30, 0x30, 0x30,
	0x30, 0x30, 0x30, 0x30, 0x30, 0x30, 0x30, 0x30, 0x30, 0x30, 0x30, 0x30, 0x30, 0x30, 0x30, 0x30,
	0x30, 0x30, 0x30, 0x30, 0x30, 0x30, 0x30, 0x30, 0x30, 0x30, 0x30, 0x30, 0x30, 0x30, 0x30, 0x30,
	0x30, 0x30, 0x30, 0x30, 0x30, 0x30, 0x30, 0x30, 0x30, 0x30, 0x30, 0x30, 0x30, 0x30, 0x30, 0x30,
	0x30, 0x30, 0x30, 0x30, 0x30, 0x30, 0x30, 0x30, 0x30, 0x30, 0x30, 0x30, 0x30, 0x30, 0x30, 0x30,
	0x30, 0x30, 0x30, 0x30, 0x30, 0x30, 0x30, 0x30, 0x30, 0x30, 0x30, 0x30, 0x30, 0x30, 0x30, 0x30,
	0x30, 0x30, 0x30, 0x30, 0x30, 0x30, 0x30, 0x30, 0x30, 0x30, 0x30, 0x30, 0x30, 0x30, 0x30, 0x30,
	0x30, 0x30, 0x30, 0x30, 0x30, 0x30, 0x30, 0x30, 0x30, 0x30, 0x30, 0x30, 0x30, 0x30, 0x30, 0x30,
	0x30, 0x30, 0x30, 0x30, 0x30, 0x30, 0x30, 0x30, 0x30, 0x30, 0x30, 0x30, 0x30, 0x30, 0x30, 0x30,
	0x30, 0x30, 0x30, 0x30, 0x30, 0x30, 0x30, 0x30, 0x30, 0x30, 0x30, 0x30, 0x30, 0x30, 0x30, 0x30,
	0x30, 0x30, 0x30, 0x30, 0x30, 0x30, 0x30, 0x30, 0x30, 0x30, 0x30, 0x30, 0x30, 0x30, 0x30, 0x30,
	0x30, 0x30, 0x30, 0x30, 0x30, 0x30, 0x30, 0x30, 0x30, 0x30, 0x30, 0x30, 0x30, 0x30, 0x30, 0x30,
	0x30, 0x30, 0x30, 0x30, 0x30, 0x30, 0x30, 0x30, 0x30, 0x30, 0x30, 0x30, 0x30, 0x30, 0x30, 0x30,
	0x30, 0x30, 0x30, 0x30, 0x30, 0x30, 0x30, 0x30, 0x30, 0x30, 0x30, 0x30, 0x30, 0x30, 0x30, 0x30,
	0x30, 0x30, 0x30, 0x30, 0x30, 0x30, 0x30, 0x30, 0x30, 0x30, 0x30, 0x30, 0x30, 0x30, 0x30, 0x30,
	0x30, 0x30, 0x30, 0x30, 0x30, 0x30, 0x30, 0x30, 0x30, 0x30, 0x30, 0x30, 0x30, 0x30, 0x30, 0x30,
	0x80, 0x80, 0xc0, 0x100, 0x140, 0x180, 0x1c0, 0x1f4, 0x224, 0xc0, 0xc0, 0xc0, 0xc0, 0xc0, 0xc0, 0xc0,
	0xc0, 0xc0, 0xc0, 0xc0, 0xc0, 0xc0, 0xc0, 0xc0, 0xc0, 0xc0, 0xc0, 0xc0, 0xc0, 0xc0, 0xc0, 0xc0
};

static constexpr uint32_t s_coll_lvTrieData[968] = {
	0xcb, 0x0, 0x0, 0x0, 0x0, 0x0, 0x0, 0x0,
	0x0, 0x3040505, 0x3060505, 0x3080505, 0x30a0505, 0x30c0505, 0x0, 0x0,
	0x0, 0x0, 0x0, 0x0, 0x0, 0x0, 0x0, 0x0,
	0x0, 0x0, 0x0, 0x0, 0x0, 0x0, 0x0, 0x0,
	0x4000505, 0x75a0505, 0x9760505, 0xa940505, 0xda90505, 0xa960505, 0xa8e0505, 0x9700505,
	0x97c0505, 0x97e0505, 0xa7e0505, 0xc7b0505, 0x6000505, 0x50e0505, 0x8000505, 0xa880505,
	0x18a0ca, 0x18c1ca, 0x18e2ca, 0x1903ca, 0x1924ca, 0x1945ca, 0x1966ca, 0x1987ca,
	0x19a8ca, 0x19c9ca, 0x7360505, 0x72a0505, 0xc850505, 0xc870505, 0xc890505, 0x7640505,
	0xa7c0505, 0x6c9, 0x2d00059c, 0xc6c9, 0x3100059c, 0x186c9, 0x3500059c, 0x246c9,
	0x3900059c, 0x306c9, 0x3d00059c, 0x3c6c9, 0x4a6c9, 0x4300059c, 0x586c9, 0x666c9,
	0x4900059c, 0x4b00059c, 0x746c9, 0x826c9, 0x5100059c, 0x906c9, 0x5500059c, 0x570005a0,
	0x5900059c, 0x3c020586, 0x9e6c9, 0x9800505, 0xa8a0505, 0x9820505, 0xc0a0505, 0x50a0505,
	0xc040505, 0xac6c9, 0x2d000505, 0xb86c9, 0x31000505, 0xc46c9, 0x35000505, 0xd06c9,
	0x39000505, 0xdc6c9, 0x3d000505, 0xe86c9, 0xf66c9, 0x43000505, 0x1046c9, 0x1126c9,
	0x49000505, 0x4b000505, 0x1206c9, 0x12e6c9, 0x51000505, 0x13c6c9, 0x55000505, 0x57000505,
	0x59000505, 0x3c020505, 0x14a6c9, 0x9840505, 0xc8d0505, 0x9860505, 0xc910505, 0x0,
	0xfffd0505, 0xfffd0505, 0xfffd0505, 0xfffd0505, 0xfffd0505, 0xfffd0505, 0xfffd0505, 0xfffd0505,
	0xfffd0505, 0xfffd0505, 0xfffd0505, 0xfffd0505, 0xfffd0505, 0xfffd0505, 0xfffd0505, 0xfffd0505,
	0xfffd0505, 0xfffd0505, 0xfffd0505, 0xfffd0505, 0xfffd0505, 0xfffd0505, 0xfffd0505, 0xfffd0505,
	0xfffd0505, 0xfffd0505, 0xfffd0505, 0xfffd0505, 0xfffd0505, 0xfffd0505, 0xfffd0505, 0xfffd0505,
	0xfffd0505, 0xfffd0505, 0xfffd0505, 0xfffd0505, 0xfffd0505, 0xfffd0505, 0xfffd0505, 0xfffd0505,
	0xfffd0505, 0xfffd0505, 0xfffd0505, 0xfffd0505, 0xfffd0505, 0xfffd0505, 0xfffd0505, 0xfffd0505,
	0xfffd0505, 0xfffd0505, 0xfffd0505, 0xfffd0505, 0xfffd0505, 0xfffd0505, 0xfffd0505, 0xfffd0505,
	0xfffd0505, 0xfffd0505, 0xfffd0505, 0xfffd0505, 0xfffd0505, 0xfffd0505, 0xfffd0505, 0xfffd0505,
	0xc0, 0xc0, 0xc0, 0xc0, 0xc0, 0xc0, 0xc0, 0xc0,
	0xc0, 0xc0, 0xc0, 0xc0, 0xc0, 0xc0, 0xc0, 0xc0,
	0xc0, 0xc0, 0xc0, 0xc0, 0xc0, 0xc0, 0xc0, 0xc0,
	0xc0, 0xc0, 0xc0, 0xc0, 0xc0, 0xc0, 0xc0, 0xc0,
	0xc0, 0xc0, 0xc0, 0xc0, 0xc0, 0xc0, 0xc0, 0xc0,
	0xc0, 0xc0, 0xc0, 0xc0, 0xc0, 0xc0, 0xc0, 0xc0,
	0xc0, 0xc0, 0xc0, 0xc0, 0xc0, 0xc0, 0xc0, 0xc0,
	0xc0, 0xc0, 0xc0, 0xc0, 0xc0, 0xc0, 0xc0, 0xc0,
	0x2b9c8ac4, 0x2b9c88c4, 0x2b9c8ec4, 0x2b9c9ac4, 0x2b9c96c4, 0x2b9c92c4, 0x17e2c5, 0x1586c9,
	0x339c8ac4, 0x339c88c4, 0x339c8ec4, 0x339c96c4, 0x3b9c8ac4, 0x3b9c88c4, 0x3b9c8ec4, 0x3b9c96c4,
	0x310070a0, 0x459c9ac4, 0x479c8ac4, 0x479c88c4, 0x479c8ec4, 0x479c9ac4, 0x479c96c4, 0xc830505,
	0x479c9ec4, 0x539c8ac4, 0x539c88c4, 0x539c8ec4, 0x539c96c4, 0x62c5, 0x5e2805a0, 0x1822c5,
	0x2b058ac4, 0x2b0588c4, 0x2b058ec4, 0x2b059ac4, 0x2b0596c4, 0x2b0592c4, 0x1862c5, 0x1626c9,
	0x33058ac4, 0x330588c4, 0x33058ec4, 0x330596c4, 0x3b058ac4, 0x3b0588c4, 0x3b058ec4, 0x3b0596c4,
	0x31007005, 0x45059ac4, 0x47058ac4, 0x470588c4, 0x47058ec4, 0x47059ac4, 0x470596c4, 0xc810505,
	0x47059ec4, 0x53058ac4, 0x530588c4, 0x53058ec4, 0x530596c4, 0xe2c5, 0x5e280505, 0x122c5,
	0x2c020586, 0x2c020505, 0xc0, 0xc0, 0x16e6c9, 0x17a6c9, 0xc0, 0xc0,
	0xc0, 0xc0, 0xc0, 0xc0, 0x30020586, 0x30020505, 0xc0, 0xc0,
	0xc0, 0xc0, 0x34020586, 0x34020505, 0xc0, 0xc0, 0xc0, 0xc0,
	0x1866c9, 0x1926c9, 0xc0, 0xc0, 0xc0, 0xc0, 0xc0, 0xc0,
	0xc0, 0xc0, 0x38020586, 0x38020505, 0xc0, 0xc0, 0xc0, 0xc0,
	0xc0, 0xc0, 0x3c030586, 0x3c030505, 0xc0, 0xc0, 0x19e6c9, 0x1aa6c9,
	0xc0, 0xc0, 0xc0, 0xc0, 0xc0, 0xc0, 0x40020586, 0x40020505,
	0xc0, 0xc0, 0xc0, 0x42020586, 0x42020505, 0xc0, 0xc0, 0xc0,
	0xc0, 0xc0, 0xc0, 0xc0, 0xc0, 0x46020586, 0x46020505, 0xc0,
	0xc0, 0xc0, 0xc0, 0xc0, 0x48020586, 0x48020505, 0xc0, 0xc0,
	0xc0, 0xc0, 0xc0, 0xc0, 0xc0, 0xc0, 0x4e020586, 0x4e020505,
	0xc0, 0xc0, 0xc0, 0xc0, 0xc0, 0xc0, 0x1b66c9, 0x1c26c9,
	0x50020586, 0x50020505, 0xc0, 0xc0, 0xc0, 0xc0, 0xc0, 0xc0,
	0xc0, 0xc0, 0x54020586, 0x54020505, 0xc0, 0xc0, 0xc0, 0xc0,
	0xc0, 0xc0, 0x1ce6c9, 0x1da6c9, 0xc0, 0xc0, 0x3e2c5, 0x422c5,
	0x462c5, 0xc0, 0xc0, 0xc0, 0xc0, 0x5e020586, 0x5e020505, 0xc0,
	0xc0, 0xc0, 0xc0, 0xc0, 0xc0, 0xc0, 0xc0, 0xc0,
	0xc0, 0xc0, 0xc0, 0xc0, 0xc0, 0xc0, 0xc0, 0xc0,
	0xc0, 0xc0, 0xc0, 0xc0, 0xc0, 0xc0, 0xc0, 0xc0,
	0xc0, 0xc0, 0xc0, 0xc0, 0xc0, 0xc0, 0xc0, 0xc0,
	0x1e66c9, 0x1f26c9, 0xc0, 0xc0, 0xc0, 0xc0, 0xc0, 0xc0,
	0xc0, 0xc0, 0xc0, 0xc0, 0xc0, 0xc0, 0xc0, 0x1fe6c9,
	0x20a6c9, 0xc0, 0xc0, 0xc0, 0xc0, 0xc0, 0xc0, 0xc0,
	0xc0, 0xc0, 0xc0, 0xc0, 0xc0, 0xc0, 0xc0, 0xc0,
	0xc0, 0xc0, 0xc0, 0xc0, 0xc0, 0xc0, 0xc0, 0xc0,
	0xc0, 0xc0, 0xc0, 0xc0, 0xc0, 0xc0, 0xc0, 0xc0,
	0xc0, 0xc0, 0xc0, 0xc0, 0xc0, 0xc0, 0xc0, 0xc0,
	0xc0, 0xc0, 0xc0, 0xc0, 0xc0, 0xc0, 0x2166c9, 0x2226c9,
	0x5a2c5, 0x5e2c5, 0xc0, 0xc0, 0xc0, 0xc0, 0xc0, 0xc0,
	0xc0, 0xc0, 0xc0, 0xc0, 0xc0, 0xc0, 0xc0, 0xc0,
	0xc0, 0xc0, 0xc0, 0xc0, 0xc0, 0xc0, 0xc0, 0xc0,
	0xc0, 0xc0, 0xc0, 0xc0, 0x22e6c9, 0x23a6c9, 0xc0, 0xc0,
	0xc0, 0xc0, 0xc0, 0xc0, 0xc0, 0xc0, 0xc0, 0xc0,
	0xc0, 0xc0, 0xc0, 0xc0, 0x2466c9, 0x2526c9, 0xc0, 0xc0,
	0xc0, 0xc0, 0xc0, 0xc0, 0xc0, 0xc0, 0x722c5, 0x762c5,
	0xc0, 0xc0, 0xc0, 0xc0, 0xc0, 0xc0, 0xc0, 0xc0,
	0xc0, 0xc0, 0xc0, 0xc0, 0x1cd, 0x1cd, 0x1cd, 0x1cd,
	0x1cd, 0x1cd, 0x1cd, 0x1cd, 0x1cd, 0x1cd, 0x1cd, 0x1cd,
	0x1cd, 0x1cd, 0x1cd, 0x1cd, 0x1cd, 0x1cd, 0x1cd, 0x1cd,
	0x1cd, 0x1cd, 0x1cd, 0x1cd, 0x1cd, 0x1cd, 0x1cd, 0x1cd,
	0x1cd, 0x1cd, 0x1cd, 0x1cd, 0x1cc, 0x1cc, 0x1cc, 0x1cc,
	0xc0, 0xc0, 0xc0, 0xc0, 0xc0, 0xc0, 0xc0, 0xc0,
	0xc0, 0xc0, 0xc0, 0xc0, 0xc0, 0xc0, 0xc0, 0xc0,
	0xc0, 0xc0, 0xc0, 0xc0, 0xc0, 0xc0, 0xc0, 0xc0,
	0xc0, 0xc0, 0xc0, 0xc0, 0x25e6c9, 0x26a6c9, 0xc0, 0xc0,
	0xc0, 0xc0, 0xc0, 0xc0, 0xc0, 0xc0, 0xc0, 0xc0,
	0xc0, 0xc0, 0xc0, 0xc0, 0xc0, 0xc0, 0xc0, 0xc0,
	0x822c5, 0x862c5, 0x8a2c5, 0x8e2c5, 0x2766c9, 0x2826c9, 0x28e6c9, 0x29a6c9,
	0xc0, 0xc0, 0xc0, 0xc0, 0xc0, 0xc0, 0xc0, 0xc0,
	0xc0, 0xc0, 0xc0, 0xc0, 0x2a66c9, 0x2b26c9, 0xc0, 0xc0,
	0xc0, 0xc0, 0xc0, 0xc0, 0xc0, 0xc0, 0xc0, 0xc0,
	0xc0, 0xc0, 0xc0, 0xc0, 0xc0, 0xc0, 0xc0, 0xc0,
	0xaa2c5, 0xae2c5, 0xb22c5, 0xb62c5, 0xc0, 0xc0, 0xc0, 0xc0,
	0xc0, 0xc0, 0xc0, 0xc0, 0xc0, 0xc0, 0xc0, 0xc0,
	0xc0, 0xc0, 0x2be6c9, 0x2ca6c9, 0xc0, 0xc0, 0xc22c5, 0xc62c5,
	0xc0, 0xc0, 0xc0, 0xc0, 0xc0, 0xc0, 0xc0, 0xc0,
	0xc0, 0xc0, 0x2d66c9, 0x2e26c9, 0x2ee6c9, 0x2fa6c9, 0x3066c9, 0x3126c9,
	0xc0, 0xc0, 0xe22c5, 0xe62c5, 0xc0, 0xc0, 0xc0, 0xc0,
	0xc0, 0xc0, 0xc0, 0xc0, 0xc0, 0xc0, 0xc0, 0xc0,
	0xc0, 0xc0, 0xea2c5, 0xee2c5, 0xc0, 0xc0, 0x31e6c9, 0x32a6c9,
	0x3366c9, 0x3426c9, 0xc0, 0xc0, 0xc0, 0x1022c5, 0xc0, 0xc0,
	0xc0, 0xc0, 0xc0, 0xc0, 0x34e6c9, 0x35a6c9, 0xc0, 0xc0,
	0xc0, 0xc0, 0xc0, 0xc0, 0xc0, 0xc0, 0xc0, 0xc0,
	0xc0, 0xc0, 0xc0, 0xc0, 0xc0, 0xc0, 0xc0, 0xc0,
	0xc0, 0xc0, 0xc0, 0xc0, 0x3666c9, 0x3726c9, 0xc0, 0xc0,
	0xc0, 0xc0, 0xc0, 0xc0, 0xc0, 0xc0, 0xc0, 0xc0,
	0xc0, 0xc0, 0x37e6c9, 0x38a6c9, 0x3966c9, 0x3a26c9, 0xc0, 0xc0,
	0xc0, 0xc0, 0xc0, 0xc0, 0xc0, 0xc0, 0xc0, 0xc0,
	0xc0, 0xc0, 0xc0, 0xc0, 0xc0, 0xc0, 0xc0, 0xc0,
	0xc0, 0xc0, 0x3ae6c9, 0x3ba6c9, 0x3c66c9, 0x3d26c9, 0xc0, 0xc0,
	0xc0, 0xc0, 0xc0, 0xc0, 0xc0, 0xc0, 0xc0, 0xc0,
	0x3de6c9, 0x3ea6c9, 0x15e2c5, 0x1622c5, 0x1662c5, 0x16a2c5, 0x16e2c5, 0x1722c5,
	0x1762c5, 0x17a2c5, 0xc0, 0xc0, 0xc0, 0xc0, 0xc0, 0xc0,
	0xc0, 0xc0, 0xc0, 0xc0, 0xc0, 0xc0, 0x3c6c9, 0xc0,
	0xc0, 0xc0, 0xc0, 0xc0, 0xc0, 0xc0, 0xc0, 0xc0,
	0xc0, 0xc0, 0xc0, 0xc0, 0xc0, 0xc0, 0xc0, 0xc0,
	0xc0, 0xc0, 0xc0, 0xc0, 0x1cc, 0x1cc, 0x1cc, 0x1cc,
	0x1cc, 0x1cc, 0x1cc, 0x1cc, 0x1cc, 0x1cc, 0x1cc, 0x1cc,
	0x1cc, 0x1cc, 0x1cc, 0x1cc, 0x1cc, 0x1cc, 0x1cc, 0x1cc,
	0x1cc, 0x1cc, 0x1cc, 0x1cc, 0x1cc, 0x1cc, 0x1cc, 0x1cc,
	0x1cc, 0x1cc, 0x1cc, 0x1cc, 0xc0, 0xc0, 0xc0, 0xc0
};

static constexpr int32_t s_coll_lvTrieIndexLength = 2112;
static constexpr int32_t s_coll_lvTrieDataLength = 968;
static constexpr char32_t s_coll_lvTrieHighStart = 0xe000;
static constexpr int32_t s_coll_lvTrieHighValueIndex = 964;

static constexpr uint32_t s_coll_lvCe32s[207] = {
	0x0, 0x30020586, 0xa005, 0x3c020586, 0x8805, 0x30020505, 0xa005, 0x3c020505,
	0x8805, 0x3c020505, 0x9605, 0x2c020586, 0xa205, 0x2c020505, 0xa205, 0x34020586,
	0xa205, 0x34020505, 0xa205, 0x3c030586, 0xa205, 0x3c030505, 0xa205, 0x50020586,
	0xa005, 0x50020505, 0xa005, 0x54020586, 0xa205, 0x54020505, 0xa205, 0x3c020586,
	0x8e05, 0x3c020505, 0x8e05, 0x3c020586, 0x9605, 0x48020586, 0xbe05, 0x48020505,
	0xbe05, 0x54020586, 0xbe05, 0x54020505, 0xbe05, 0x48020586, 0xa205, 0x48020505,
	0xa205, 0x50020586, 0xca05, 0x50020505, 0xca05, 0x34020586, 0xa005, 0x34020505,
	0xa005, 0x3c020586, 0xa405, 0x3c020505, 0xa405, 0x2c020586, 0xc805, 0x2c020505,
	0xc805, 0x34020586, 0x8a05, 0x34020505, 0x8a05, 0x34020586, 0x8805, 0x34020505,
	0x8805, 0x34020586, 0xcc05, 0x34020505, 0xcc05, 0x34020586, 0xd005, 0x34020505,
	0xd005, 0x3c030586, 0xd005, 0x3c030505, 0xd005, 0x48020586, 0x8a05, 0x48020505,
	0x8a05, 0x48020586, 0x8805, 0x48020505, 0x8805, 0x50020586, 0xc405, 0x50020505,
	0xc405, 0x50020586, 0x9c05, 0x50020505, 0x9c05, 0x54020586, 0xc605, 0x54020505,
	0xc605, 0x54020586, 0xd005, 0x54020505, 0xd005, 0x54020586, 0xcc05, 0x54020505,
	0xcc05, 0x54020586, 0x9605, 0x54020505, 0x9605, 0x3c020586, 0x9c05, 0x3c020505,
	0x9c05, 0x5e020586, 0xc405, 0x5e020505, 0xc405, 0x5e020586, 0xd205, 0x5e020505,
	0xd205, 0x3c020505, 0x9205, 0x2c020586, 0xc405, 0x2c020505, 0xc405, 0x34020586,
	0xc405, 0x34020505, 0xc405, 0x3c030586, 0xc405, 0x3c030505, 0xc405, 0x48020586,
	0xc405, 0x48020505, 0xc405, 0x4700059c, 0xbe05, 0xc405, 0x48020586, 0xbe05,
	0xc405, 0x47000505, 0xbe05, 0xc405, 0x48020505, 0xbe05, 0xc405, 0x54020586,
	0xc405, 0x54020505, 0xc405, 0x5300059c, 0xbe05, 0xc405, 0x54020586, 0xbe05,
	0xc405, 0x53000505, 0xbe05, 0xc405, 0x54020505, 0xbe05, 0xc405, 0x3c020586,
	0x8a05, 0x3c020505, 0x8a05, 0x3c020586, 0xc405, 0x3c020505, 0xc405, 0x3c020586,
	0xb605, 0x3c020505, 0xb605, 0x3c020586, 0x9a05, 0x3c020505, 0x9a05, 0x2b0070a0,
	0x330005a2, 0x4f007005, 0x4f000513, 0x2b007005, 0x33000513, 0x12000505, 0x14000505, 0x16000505,
	0x18000505, 0x1a000505, 0x1c000505, 0x1e000505, 0x20000505, 0x22000505, 0x24000505
};

static constexpr char16_t s_coll_lvContexts[507] = {
	0x2b00, 0x59c, 0x30, 0x304, 0xec02, 0x586, 0x2f00, 0x59c, 0x30, 0x30c, 0xf002, 0x586,
	0x3300, 0x59c, 0x30, 0x304, 0xf402, 0x586, 0x3700, 0x59c, 0x30, 0x327, 0xf802, 0x586,
	0x3b00, 0x59c, 0x30, 0x304, 0xfc03, 0x586, 0x3f00, 0x59c, 0x30, 0x327, 0xffff, 0x4002,
	0x586, 0x4100, 0x59c, 0x30, 0x327, 0xffff, 0x4202, 0x586, 0x4500, 0x59c, 0x30, 0x327,
	0xffff, 0x4602, 0x586, 0x4700, 0x59c, 0x30, 0x304, 0xffff, 0x4802, 0x586, 0x4d00, 0x59c,
	0x30, 0x327, 0xffff, 0x4e02, 0x586, 0x4f00, 0x59c, 0x30, 0x30c, 0xffff, 0x5002, 0x586,
	0x5300, 0x59c, 0x30, 0x304, 0xffff, 0x5402, 0x586, 0x5d00, 0x59c, 0x30, 0x30c, 0xffff,
	0x5e02, 0x586, 0x2b00, 0x505, 0x30, 0x304, 0xec02, 0x505, 0x2f00, 0x505, 0x30, 0x30c,
	0xf002, 0x505, 0x3300, 0x505, 0x30, 0x304, 0xf402, 0x505, 0x3700, 0x505, 0x30, 0x327,
	0xf802, 0x505, 0x3b00, 0x505, 0x30, 0x304, 0xfc03, 0x505, 0x3f00, 0x505, 0x30, 0x327,
	0xffff, 0x4002, 0x505, 0x4100, 0x505, 0x30, 0x327, 0xffff, 0x4202, 0x505, 0x4500, 0x505,
	0x30, 0x327, 0xffff, 0x4602, 0x505, 0x4700, 0x505, 0x30, 0x304, 0xffff, 0x4802, 0x505,
	0x4d00, 0x505, 0x30, 0x327, 0xffff, 0x4e02, 0x505, 0x4f00, 0x505, 0x30, 0x30c, 0xffff,
	0x5002, 0x505, 0x5300, 0x505, 0x30, 0x304, 0xffff, 0x5402, 0x505, 0x5d00, 0x505, 0x30,
	0x30c, 0xffff, 0x5e02, 0x505, 0x2f9c, 0xa0c4, 0x30, 0x30c, 0xa2c5, 0x2f05, 0xa0c4, 0x30,
	0x30c, 0xc000, 0xa2c5, 0x2b9c, 0xa2c4, 0x30, 0x304, 0xc001, 0x62c5, 0x2b05, 0xa2c4, 0x30,
	0x304, 0xc001, 0xa2c5, 0x339c, 0xa2c4, 0x30, 0x304, 0xc001, 0xe2c5, 0x3305, 0xa2c4, 0x30,
	0x304, 0xc002, 0x22c5, 0x3b9c, 0xa2c4, 0x30, 0x304, 0xc002, 0x62c5, 0x3b05, 0xa2c4, 0x30,
	0x304, 0xc002, 0xa2c5, 0x4f9c, 0xa0c4, 0x30, 0x30c, 0xc002, 0xe2c5, 0x4f05, 0xa0c4, 0x30,
	0x30c, 0xc003, 0x22c5, 0x539c, 0xa2c4, 0x30, 0x304, 0xc003, 0x62c5, 0x5305, 0xa2c4, 0x30,
	0x304, 0xc003, 0xa2c5, 0x479c, 0xbec4, 0x30, 0x304, 0xc004, 0xa2c5, 0x4705, 0xbec4, 0x30,
	0x304, 0xc004, 0xe2c5, 0x539c, 0xbec4, 0x30, 0x304, 0xc005, 0x22c5, 0x5305, 0xbec4, 0x30,
	0x304, 0xc005, 0x62c5, 0x479c, 0xa2c4, 0x30, 0x304, 0xc005, 0xa2c5, 0x4705, 0xa2c4, 0x30,
	0x304, 0xc005, 0xe2c5, 0x4f9c, 0xcac4, 0x30, 0x30c, 0xc006, 0x22c5, 0x4f05, 0xcac4, 0x30,
	0x30c, 0xc006, 0x62c5, 0x339c, 0xa0c4, 0x30, 0x304, 0xc006, 0xa2c5, 0x3305, 0xa0c4, 0x30,
	0x304, 0xc006, 0xe2c5, 0x2b9c, 0xc8c4, 0x30, 0x304, 0xc007, 0xa2c5, 0x2b05, 0xc8c4, 0x30,
	0x304, 0xc007, 0xe2c5, 0x339c, 0xccc4, 0x30, 0x304, 0xc009, 0x22c5, 0x3305, 0xccc4, 0x30,
	0x304, 0xc009, 0x62c5, 0x339c, 0xd0c4, 0x30, 0x304, 0xc009, 0xa2c5, 0x3305, 0xd0c4, 0x30,
	0x304, 0xc009, 0xe2c5, 0x3b9c, 0xd0c4, 0x30, 0x304, 0xc00a, 0x22c5, 0x3b05, 0xd0c4, 0x30,
	0x304, 0xc00a, 0x62c5, 0x4f9c, 0xc4c4, 0x30, 0x30c, 0xc00b, 0xa2c5, 0x4f05, 0xc4c4, 0x30,
	0x30c, 0xc00b, 0xe2c5, 0x539c, 0xc6c4, 0x30, 0x304, 0xc00c, 0xa2c5, 0x5305, 0xc6c4, 0x30,
	0x304, 0xc00c, 0xe2c5, 0x539c, 0xd0c4, 0x30, 0x304, 0xc00d, 0x22c5, 0x5305, 0xd0c4, 0x30,
	0x304, 0xc00d, 0x62c5, 0x539c, 0xccc4, 0x30, 0x304, 0xc00d, 0xa2c5, 0x5305, 0xccc4, 0x30,
	0x304, 0xc00d, 0xe2c5, 0x5d9c, 0xc4c4, 0x30, 0x30c, 0xc00f, 0x22c5, 0x5d05, 0xc4c4, 0x30,
	0x30c, 0xc00f, 0x62c5, 0x5d9c, 0xd2c4, 0x30, 0x30c, 0xc00f, 0xa2c5, 0x5d05, 0xd2c4, 0x30,
	0x30c, 0xc00f, 0xe2c5, 0x2b9c, 0xc4c4, 0x30, 0x304, 0xc010, 0x62c5, 0x2b05, 0xc4c4, 0x30,
	0x304, 0xc010, 0xa2c5, 0x339c, 0xc4c4, 0x30, 0x304, 0xc010, 0xe2c5, 0x3305, 0xc4c4, 0x30,
	0x304, 0xc011, 0x22c5, 0x3b9c, 0xc4c4, 0x30, 0x304, 0xc011, 0x62c5, 0x3b05, 0xc4c4, 0x30,
	0x304, 0xc011, 0xa2c5, 0x479c, 0xc4c4, 0x30, 0x304, 0xc011, 0xe2c5, 0x4705, 0xc4c4, 0x30,
	0x304, 0xc012, 0x22c5, 0x12, 0x63c5, 0x30, 0x304, 0xc012, 0xc3c5, 0x13, 0x23c5, 0x30,
	0x304, 0xc013, 0x83c5, 0x539c, 0xc4c4, 0x30, 0x304, 0xc013, 0xe2c5, 0x5305, 0xc4c4, 0x30,
	0x304, 0xc014, 0x22c5, 0x14, 0x63c5, 0x30, 0x304, 0xc014, 0xc3c5, 0x15, 0x23c5, 0x30,
	0x304, 0xc015, 0x83c5
};

static constexpr uint16_t s_coll_lvFastLatin[556] = {
	0x205, 0xc40, 0xde0, 0xe80, 0xea8, 0x418, 0x0, 0x0, 0x0, 0x0, 0x0, 0x0,
	0x0, 0x0, 0xc00, 0xc08, 0xc10, 0xc18, 0xc20, 0x0, 0x0, 0x0, 0x0, 0x0,
	0x0, 0x0, 0x0, 0x0, 0x0, 0x0, 0x0, 0x0, 0x0, 0x0, 0x0, 0x0,
	0x0, 0xc40, 0xca8, 0xcf0, 0xd78, 0xe98, 0xd80, 0xd70, 0xcd8, 0xd08, 0xd10, 0xd58,
	0xe30, 0xc90, 0xc60, 0xcd0, 0xd60, 0x10a8, 0x14a8, 0x18a8, 0x1ca8, 0x20a8, 0x24a8, 0x28a8,
	0x2ca8, 0x30a8, 0x34a8, 0xca0, 0xc98, 0xe50, 0xe58, 0xe60, 0xcb8, 0xd50, 0x41a, 0x40b9,
	0x41c, 0x4cb9, 0x41e, 0x58b9, 0x420, 0x64b9, 0x422, 0x78ba, 0x424, 0x426, 0x8cb9, 0x428,
	0x42a, 0xa4b9, 0xa8b9, 0x42c, 0x42e, 0xc0b9, 0x430, 0xd0b9, 0xd4b9, 0xd8b9, 0x6cb9, 0x432,
	0xd18, 0xd68, 0xd20, 0xdf8, 0xc50, 0xde8, 0x434, 0x40a8, 0x436, 0x4ca8, 0x438, 0x58a8,
	0x43a, 0x64a8, 0x43c, 0x78a8, 0x43e, 0x440, 0x8ca8, 0x442, 0x444, 0xa4a8, 0xa8a8, 0x446,
	0x448, 0xc0a8, 0x44a, 0xd0a8, 0xd4a8, 0xd8a8, 0x6ca8, 0x44c, 0xd28, 0xe70, 0xd30, 0xe80,
	0x0, 0x0, 0x0, 0x0, 0x0, 0x0, 0xc28, 0x0, 0x0, 0x0, 0x0, 0x0,
	0x0, 0x0, 0x0, 0x0, 0x0, 0x0, 0x0, 0x0, 0x0, 0x0, 0x0, 0x0,
	0x0, 0x0, 0x0, 0x0, 0x0, 0x0, 0x0, 0x0, 0x0, 0xc42, 0xcb0, 0xe90,
	0xea0, 0xe88, 0xea8, 0xe78, 0xd40, 0xe08, 0xe20, 0x38aa, 0xcf8, 0xe68, 0x0, 0xe28,
	0xe00, 0xe18, 0xe38, 0x18a9, 0x1ca9, 0xdf0, 0x1, 0xd48, 0x1, 0xe10, 0x14a9, 0x9caa,
	0xd00, 0x1, 0x1, 0x1, 0xcc0, 0x39b9, 0x3999, 0x39f9, 0x3a99, 0x3a59, 0x3a39, 0x800,
	0x44e, 0x51ba, 0x519a, 0x51fa, 0x525a, 0x69ba, 0x699a, 0x69fa, 0x6a5a, 0x4cd9, 0x929a, 0x9db9,
	0x9d99, 0x9df9, 0x9e99, 0x9e59, 0xe48, 0x9ed9, 0xc9b9, 0xc999, 0xc9f9, 0xca59, 0x6d99, 0xe4b9,
	0x802, 0x39a8, 0x3988, 0x39e8, 0x3a88, 0x3a48, 0x3a28, 0x804, 0x450, 0x51a8, 0x5188, 0x51e8,
	0x5248, 0x69a8, 0x6988, 0x69e8, 0x6a48, 0x4cc8, 0x9288, 0x9da8, 0x9d88, 0x9de8, 0x9e88, 0x9e48,
	0xe40, 0x9ec8, 0xc9a8, 0xc988, 0xc9e8, 0xca48, 0x6d88, 0xe4a8, 0x6e48, 0x3cb9, 0x3ca8, 0x39d9,
	0x39c8, 0x452, 0x454, 0x4599, 0x4588, 0x45f9, 0x45e8, 0x46b9, 0x46a8, 0x48b9, 0x48a8, 0x4e19,
	0x4e08, 0x4f39, 0x4f28, 0x54b9, 0x54a8, 0x51da, 0x51c8, 0x52ba, 0x52a8, 0x456, 0x458, 0x521a,
	0x5208, 0x5df9, 0x5de8, 0x5dd9, 0x5dc8, 0x5eb9, 0x5ea8, 0x60b9, 0x60a8, 0x65f9, 0x65e8, 0x6739,
	0x6728, 0x6a9a, 0x6a88, 0x70b9, 0x70a8, 0x69da, 0x69c8, 0x45a, 0x45c, 0x6aba, 0x74a8, 0x806,
	0x808, 0x79fa, 0x79e8, 0x80b9, 0x80a8, 0xaca8, 0x8599, 0x8588, 0x88b9, 0x88a8, 0x8619, 0x8608,
	0x8759, 0x8748, 0x8739, 0x8728, 0x919a, 0x9188, 0x94b9, 0x94a8, 0x921a, 0x9208, 0x80a, 0x98b9,
	0x98a8, 0xa0b9, 0xa0a8, 0x9dd9, 0x9dc8, 0x9e79, 0x9e68, 0x80c, 0x80e, 0xb199, 0xb188, 0xb4b9,
	0xb4a8, 0xb219, 0xb208, 0xb99a, 0xb988, 0xb9fa, 0xb9e8, 0x45e, 0x460, 0xbcb9, 0xbca8, 0xc2f9,
	0xc2e8, 0xc219, 0xc208, 0xc4b9, 0xc4a8, 0xca99, 0xca88, 0xccb9, 0xcca8, 0xc9d9, 0xc9c8, 0xca39,
	0xca28, 0xca79, 0xca68, 0x462, 0x464, 0xd5f9, 0xd5e8, 0x6df9, 0x6de8, 0x6e59, 0xdd99, 0xdd88,
	0xdeb9, 0xdea8, 0xe0b9, 0xe0a8, 0xb8e8, 0xc41, 0xc41, 0xc41, 0xc41, 0xc41, 0xc41, 0xc41,
	0xc42, 0xc41, 0xc41, 0xc41, 0x0, 0x0, 0x0, 0x0, 0x0, 0xc68, 0xc69, 0xc70,
	0xc78, 0xc80, 0xc88, 0xd38, 0xc58, 0x1, 0x1, 0x1, 0x1, 0x1, 0x1, 0x1,
	0x1, 0xd98, 0xda0, 0xda8, 0xdb0, 0xcd1, 0x810, 0x1, 0xdb8, 0xc30, 0xc38, 0x0,
	0x0, 0x0, 0x0, 0x0, 0xc42, 0xd88, 0xd90, 0xdc0, 0x812, 0x1, 0xdc8, 0x814,
	0x1, 0xdd0, 0xce0, 0xce8, 0xdd8, 0x816, 0xcc8, 0xc48, 0xde0, 0x38d9, 0x50bb, 0xb8c8,
	0xb8a9, 0x38c8, 0x50a9, 0x68bb, 0x78bb, 0x68a9, 0x78a9, 0xe8a9, 0x90a9, 0x9cd9, 0x50bb, 0x9cc8,
	0x50a9, 0xcd1, 0xcd1, 0xdc1, 0xdc1, 0xdc9, 0xdc9, 0xca9, 0xca9, 0x5ff, 0x0, 0x5ff,
	0x38b9, 0x5ff, 0x44b9, 0x5ff, 0x50ba, 0x5ff, 0x5cb9, 0x5ff, 0x68ba, 0x5ff, 0x7cb9, 0x5ff,
	0x84b9, 0x5ff, 0x90ba, 0x5ff, 0x9cb9, 0x5ff, 0xb0b9, 0x5ff, 0xb8ba, 0x5ff, 0xc8b9, 0x5ff,
	0xdcb9, 0x5ff, 0x38a8, 0x5ff, 0x44a8, 0x5ff, 0x50a8, 0x5ff, 0x5ca8, 0x5ff, 0x68a8, 0x5ff,
	0x7ca8, 0x5ff, 0x84a8, 0x5ff, 0x90a8, 0x5ff, 0x9ca8, 0x5ff, 0xb0a8, 0x5ff, 0xb8a8, 0x5ff,
	0xc8a8, 0x5ff, 0xdca8, 0x5ff, 0x46f9, 0x5ff, 0x46e8, 0x5ff, 0x3b19, 0x5ff, 0x3b08, 0x5ff,
	0x531a, 0x5ff, 0x5308, 0x5ff, 0x6b1a, 0x5ff, 0x6b08, 0x5ff, 0xbafa, 0x5ff, 0xbae8, 0x5ff,
	0xcb19, 0x5ff, 0xcb08, 0x1ff
};

static constexpr uint16_t s_coll_lvFastLatinPrimaries[384] = {
	0x0, 0x0, 0x0, 0x0, 0x0, 0x0, 0x0, 0x0, 0x0, 0xc00, 0xc08, 0xc10,
	0xc18, 0xc20, 0x0, 0x0, 0x0, 0x0, 0x0, 0x0, 0x0, 0x0, 0x0, 0x0,
	0x0, 0x0, 0x0, 0x0, 0x0, 0x0, 0x0, 0x0, 0xc40, 0xca8, 0xcf0, 0xd78,
	0xe98, 0xd80, 0xd70, 0xcd8, 0xd08, 0xd10, 0xd58, 0xe30, 0xc90, 0xc60, 0xcd0, 0xd60,
	0x1000, 0x1400, 0x1800, 0x1c00, 0x2000, 0x2400, 0x2800, 0x2c00, 0x3000, 0x3400, 0xca0, 0xc98,
	0xe50, 0xe58, 0xe60, 0xcb8, 0xd50, 0x0, 0x4000, 0x0, 0x4c00, 0x0, 0x5800, 0x0,
	0x6400, 0x0, 0x7800, 0x0, 0x0, 0x8c00, 0x0, 0x0, 0xa400, 0xa800, 0x0, 0x0,
	0xc000, 0x0, 0xd000, 0xd400, 0xd800, 0x6c00, 0x0, 0xd18, 0xd68, 0xd20, 0xdf8, 0xc50,
	0xde8, 0x0, 0x4000, 0x0, 0x4c00, 0x0, 0x5800, 0x0, 0x6400, 0x0, 0x7800, 0x0,
	0x0, 0x8c00, 0x0, 0x0, 0xa400, 0xa800, 0x0, 0x0, 0xc000, 0x0, 0xd000, 0xd400,
	0xd800, 0x6c00, 0x0, 0xd28, 0xe70, 0xd30, 0xe80, 0x0, 0x0, 0x0, 0x0, 0x0,
	0x0, 0xc28, 0x0, 0x0, 0x0, 0x0, 0x0, 0x0, 0x0, 0x0, 0x0, 0x0,
	0x0, 0x0, 0x0, 0x0, 0x0, 0x0, 0x0, 0x0, 0x0, 0x0, 0x0, 0x0,
	0x0, 0x0, 0x0, 0x0, 0xc40, 0xcb0, 0xe90, 0xea0, 0xe88, 0xea8, 0xe78, 0xd40,
	0xe08, 0xe20, 0x3800, 0xcf8, 0xe68, 0x0, 0xe28, 0xe00, 0xe18, 0xe38, 0x1800, 0x1c00,
	0xdf0, 0x0, 0xd48, 0x0, 0xe10, 0x1400, 0x9c00, 0xd00, 0x0, 0x0, 0x0, 0xcc0,
	0x3800, 0x3800, 0x3800, 0x3800, 0x3800, 0x3800, 0x0, 0x0, 0x5000, 0x5000, 0x5000, 0x5000,
	0x6800, 0x6800, 0x6800, 0x6800, 0x4c00, 0x9000, 0x9c00, 0x9c00, 0x9c00, 0x9c00, 0x9c00, 0xe48,
	0x9c00, 0xc800, 0xc800, 0xc800, 0xc800, 0x6c00, 0xe400, 0x0, 0x3800, 0x3800, 0x3800, 0x3800,
	0x3800, 0x3800, 0x0, 0x0, 0x5000, 0x5000, 0x5000, 0x5000, 0x6800, 0x6800, 0x6800, 0x6800,
	0x4c00, 0x9000, 0x9c00, 0x9c00, 0x9c00, 0x9c00, 0x9c00, 0xe40, 0x9c00, 0xc800, 0xc800, 0xc800,
	0xc800, 0x6c00, 0xe400, 0x6c00, 0x3c00, 0x3c00, 0x3800, 0x3800, 0x0, 0x0, 0x4400, 0x4400,
	0x4400, 0x4400, 0x4400, 0x4400, 0x4800, 0x4800, 0x4c00, 0x4c00, 0x4c00, 0x4c00, 0x5400, 0x5400,
	0x5000, 0x5000, 0x5000, 0x5000, 0x0, 0x0, 0x5000, 0x5000, 0x5c00, 0x5c00, 0x5c00, 0x5c00,
	0x5c00, 0x5c00, 0x6000, 0x6000, 0x6400, 0x6400, 0x6400, 0x6400, 0x6800, 0x6800, 0x7000, 0x7000,
	0x6800, 0x6800, 0x0, 0x0, 0x6800, 0x7400, 0x0, 0x0, 0x7800, 0x7800, 0x8000, 0x8000,
	0xac00, 0x8400, 0x8400, 0x8800, 0x8800, 0x8400, 0x8400, 0x8400, 0x8400, 0x8400, 0x8400, 0x9000,
	0x9000, 0x9400, 0x9400, 0x9000, 0x9000, 0x0, 0x9800, 0x9800, 0xa000, 0xa000, 0x9c00, 0x9c00,
	0x9c00, 0x9c00, 0x0, 0x0, 0xb000, 0xb000, 0xb400, 0xb400, 0xb000, 0xb000, 0xb800, 0xb800,
	0xb800, 0xb800, 0x0, 0x0, 0xbc00, 0xbc00, 0xc000, 0xc000, 0xc000, 0xc000, 0xc400, 0xc400,
	0xc800, 0xc800, 0xcc00, 0xcc00, 0xc800, 0xc800, 0xc800, 0xc800, 0xc800, 0xc800, 0x0, 0x0,
	0xd400, 0xd400, 0x6c00, 0x6c00, 0x6c00, 0xdc00, 0xdc00, 0xdc00, 0xdc00, 0xe000, 0xe000, 0xb800
};

static constexpr int32_t s_coll_lvFastLatinMiniVarTop = 0xbff;

static constexpr uint32_t s_coll_lvNumericPrimary = 0x10000000;
static constexpr int32_t s_coll_lvOptions = 0x2010;
static constexpr int32_t s_coll_lvJamoCe32sStart = -1;

static constexpr CollationData s_coll_bsData = {
	{s_coll_bsTrieIndex, s_coll_bsTrieData, s_coll_bsTrieIndexLength, s_coll_bsTrieDataLength,
		s_coll_bsTrieHighStart, s_coll_bsTrieHighValueIndex},
	s_coll_bsCe32s, 69,
	s_collRootCes, 2041,
	s_coll_bsContexts, 234,
	&s_collRootData,
	s_collRootCe32s + s_collRootJamoCe32sStart,
	s_coll_bsNumericPrimary,
	s_collRootCompressible,
	s_coll_bsUnsafeBwd, s_coll_bsUnsafeBwdLength,
	s_coll_bsFastLatin, 545,
	s_coll_bsFastLatinPrimaries,
	s_collRootNumScripts, s_collRootScripts + 1, s_collRootScripts + s_collRootScriptStartsOffset,
		s_collRootScriptStartsLength,
};

static constexpr CollationData s_coll_csData = {
	{s_coll_csTrieIndex, s_coll_csTrieData, s_coll_csTrieIndexLength, s_coll_csTrieDataLength,
		s_coll_csTrieHighStart, s_coll_csTrieHighValueIndex},
	s_coll_csCe32s, 117,
	s_collRootCes, 2041,
	s_coll_csContexts, 275,
	&s_collRootData,
	s_collRootCe32s + s_collRootJamoCe32sStart,
	s_coll_csNumericPrimary,
	s_collRootCompressible,
	s_coll_csUnsafeBwd, s_coll_csUnsafeBwdLength,
	s_coll_csFastLatin, 524,
	s_coll_csFastLatinPrimaries,
	s_collRootNumScripts, s_collRootScripts + 1, s_collRootScripts + s_collRootScriptStartsOffset,
		s_collRootScriptStartsLength,
};

static constexpr CollationData s_coll_plData = {
	{s_coll_plTrieIndex, s_coll_plTrieData, s_coll_plTrieIndexLength, s_coll_plTrieDataLength,
		s_coll_plTrieHighStart, s_coll_plTrieHighValueIndex},
	s_coll_plCe32s, 93,
	s_collRootCes, 2041,
	s_coll_plContexts, 400,
	&s_collRootData,
	s_collRootCe32s + s_collRootJamoCe32sStart,
	s_coll_plNumericPrimary,
	s_collRootCompressible,
	s_collRootUnsafeBwd, s_collRootUnsafeBwdLength,
	s_coll_plFastLatin, 520,
	s_coll_plFastLatinPrimaries,
	s_collRootNumScripts, s_collRootScripts + 1, s_collRootScripts + s_collRootScriptStartsOffset,
		s_collRootScriptStartsLength,
};

static constexpr CollationData s_coll_skData = {
	{s_coll_skTrieIndex, s_coll_skTrieData, s_coll_skTrieIndexLength, s_coll_skTrieDataLength,
		s_coll_skTrieHighStart, s_coll_skTrieHighValueIndex},
	s_coll_skCe32s, 173,
	s_collRootCes, 2041,
	s_coll_skContexts, 385,
	&s_collRootData,
	s_collRootCe32s + s_collRootJamoCe32sStart,
	s_coll_skNumericPrimary,
	s_collRootCompressible,
	s_coll_skUnsafeBwd, s_coll_skUnsafeBwdLength,
	s_coll_skFastLatin, 536,
	s_coll_skFastLatinPrimaries,
	s_collRootNumScripts, s_collRootScripts + 1, s_collRootScripts + s_collRootScriptStartsOffset,
		s_collRootScriptStartsLength,
};

static constexpr CollationData s_coll_slData = {
	{s_coll_slTrieIndex, s_coll_slTrieData, s_coll_slTrieIndexLength, s_coll_slTrieDataLength,
		s_coll_slTrieHighStart, s_coll_slTrieHighValueIndex},
	s_coll_slCe32s, 49,
	s_collRootCes, 2041,
	s_coll_slContexts, 134,
	&s_collRootData,
	s_collRootCe32s + s_collRootJamoCe32sStart,
	s_coll_slNumericPrimary,
	s_collRootCompressible,
	s_collRootUnsafeBwd, s_collRootUnsafeBwdLength,
	s_coll_slFastLatin, 500,
	s_coll_slFastLatinPrimaries,
	s_collRootNumScripts, s_collRootScripts + 1, s_collRootScripts + s_collRootScriptStartsOffset,
		s_collRootScriptStartsLength,
};

static constexpr CollationData s_coll_ltData = {
	{s_coll_ltTrieIndex, s_coll_ltTrieData, s_coll_ltTrieIndexLength, s_coll_ltTrieDataLength,
		s_coll_ltTrieHighStart, s_coll_ltTrieHighValueIndex},
	s_coll_ltCe32s, 135,
	s_collRootCes, 2041,
	s_coll_ltContexts, 313,
	&s_collRootData,
	s_collRootCe32s + s_collRootJamoCe32sStart,
	s_coll_ltNumericPrimary,
	s_collRootCompressible,
	s_collRootUnsafeBwd, s_collRootUnsafeBwdLength,
	s_coll_ltFastLatin, 528,
	s_coll_ltFastLatinPrimaries,
	s_collRootNumScripts, s_collRootScripts + 1, s_collRootScripts + s_collRootScriptStartsOffset,
		s_collRootScriptStartsLength,
};

static constexpr CollationData s_coll_lvData = {
	{s_coll_lvTrieIndex, s_coll_lvTrieData, s_coll_lvTrieIndexLength, s_coll_lvTrieDataLength,
		s_coll_lvTrieHighStart, s_coll_lvTrieHighValueIndex},
	s_coll_lvCe32s, 207,
	s_collRootCes, 2041,
	s_coll_lvContexts, 507,
	&s_collRootData,
	s_collRootCe32s + s_collRootJamoCe32sStart,
	s_coll_lvNumericPrimary,
	s_collRootCompressible,
	s_collRootUnsafeBwd, s_collRootUnsafeBwdLength,
	s_coll_lvFastLatin, 556,
	s_coll_lvFastLatinPrimaries,
	s_collRootNumScripts, s_collRootScripts + 1, s_collRootScripts + s_collRootScriptStartsOffset,
		s_collRootScriptStartsLength,
};

static constexpr CollationTailoring s_coll_bsTailoring = {
	&s_coll_bsData,
	s_coll_bsOptions,
	s_coll_bsReorderTable,
	nullptr, 0, 0,
};

static constexpr CollationTailoring s_coll_csTailoring = {
	&s_coll_csData,
	s_coll_csOptions,
	nullptr,
	nullptr, 0, 0,
};

static constexpr CollationTailoring s_coll_plTailoring = {
	&s_coll_plData,
	s_coll_plOptions,
	nullptr,
	nullptr, 0, 0,
};

static constexpr CollationTailoring s_coll_skTailoring = {
	&s_coll_skData,
	s_coll_skOptions,
	nullptr,
	nullptr, 0, 0,
};

static constexpr CollationTailoring s_coll_slTailoring = {
	&s_coll_slData,
	s_coll_slOptions,
	nullptr,
	nullptr, 0, 0,
};

static constexpr CollationTailoring s_coll_ltTailoring = {
	&s_coll_ltData,
	s_coll_ltOptions,
	nullptr,
	nullptr, 0, 0,
};

static constexpr CollationTailoring s_coll_lvTailoring = {
	&s_coll_lvData,
	s_coll_lvOptions,
	nullptr,
	nullptr, 0, 0,
};

} // namespace sprt::unicode::detail
