/**
 Copyright (c) 2026 Xenolith Team <admin@xenolith.studio>

 Permission is hereby granted, free of charge, to any person obtaining a copy
 of this software and associated documentation files (the "Software"), to deal
 in the Software without restriction, including without limitation the rights
 to use, copy, modify, merge, publish, distribute, sublicense, and/or sell
 copies of the Software, and to permit persons to whom the Software is
 furnished to do so, subject to the following conditions:

 The above copyright notice and this permission notice shall be included in
 all copies or substantial portions of the Software.

 THE SOFTWARE IS PROVIDED "AS IS", WITHOUT WARRANTY OF ANY KIND, EXPRESS OR
 IMPLIED, INCLUDING BUT NOT LIMITED TO THE WARRANTIES OF MERCHANTABILITY,
 FITNESS FOR A PARTICULAR PURPOSE AND NONINFRINGEMENT. IN NO EVENT SHALL THE
 AUTHORS OR COPYRIGHT HOLDERS BE LIABLE FOR ANY CLAIM, DAMAGES OR OTHER
 LIABILITY, WHETHER IN AN ACTION OF CONTRACT, TORT OR OTHERWISE, ARISING FROM,
 OUT OF OR IN CONNECTION WITH THE SOFTWARE OR THE USE OR OTHER DEALINGS IN
 THE SOFTWARE.
 **/

// © 2016 and later: Unicode, Inc. and others.
// License & terms of use: http://www.unicode.org/copyright.html
// Copyright (C) 1999-2016, International Business Machines Corporation and others.
// All Rights Reserved.
//
// GENERATED FILE - do not edit.  Produced by
// runtime/src/unicode/data/gen-collation-tables.py from the icu4c checkout in
// runtime/toolchains/src/icu4c.  See data/README.adoc to regenerate.

// Collation tailorings: South-East Asia and Tibetan.
//
// Each of these sits on top of the root table: its trie answers with
// FallbackCE32 for every character the language does not move, and the
// engine follows the base from there.

///@ SP_EXCLUDE

#pragma once

namespace sprt::unicode::detail {

static constexpr uint16_t s_coll_boTrieIndex[2112] = {
	0x0, 0x8, 0x10, 0x18, 0x30, 0x38, 0x40, 0x48, 0x30, 0x38, 0x30, 0x38, 0x30, 0x38, 0x30, 0x38,
	0x30, 0x38, 0x30, 0x38, 0x30, 0x38, 0x30, 0x38, 0x30, 0x38, 0x30, 0x38, 0x30, 0x38, 0x30, 0x38,
	0x30, 0x38, 0x30, 0x38, 0x30, 0x38, 0x30, 0x38, 0x30, 0x38, 0x30, 0x38, 0x30, 0x38, 0x30, 0x38,
	0x30, 0x38, 0x30, 0x38, 0x30, 0x38, 0x30, 0x38, 0x30, 0x38, 0x30, 0x38, 0x30, 0x38, 0x30, 0x38,
	0x30, 0x30, 0x30, 0x30, 0x30, 0x30, 0x30, 0x30, 0x30, 0x30, 0x30, 0x30, 0x30, 0x30, 0x30, 0x30,
	0x30, 0x30, 0x30, 0x30, 0x30, 0x30, 0x30, 0x30, 0x30, 0x30, 0x30, 0x30, 0x30, 0x30, 0x30, 0x30,
	0x30, 0x30, 0x30, 0x30, 0x30, 0x30, 0x30, 0x30, 0x30, 0x30, 0x30, 0x30, 0x30, 0x30, 0x30, 0x30,
	0x30, 0x30, 0x30, 0x30, 0x30, 0x30, 0x30, 0x30, 0x60, 0x66, 0x6e, 0x76, 0x7e, 0x86, 0x30, 0x30,
	0x30, 0x30, 0x30, 0x30, 0x30, 0x30, 0x30, 0x30, 0x30, 0x30, 0x30, 0x30, 0x30, 0x30, 0x30, 0x30,
	0x30, 0x30, 0x30, 0x30, 0x30, 0x30, 0x30, 0x30, 0x30, 0x30, 0x30, 0x30, 0x30, 0x30, 0x30, 0x30,
	0x30, 0x30, 0x30, 0x30, 0x30, 0x30, 0x30, 0x30, 0x30, 0x30, 0x30, 0x30, 0x30, 0x30, 0x30, 0x30,
	0x30, 0x30, 0x30, 0x30, 0x30, 0x30, 0x30, 0x30, 0x30, 0x30, 0x30, 0x30, 0x30, 0x30, 0x30, 0x30,
	0x30, 0x30, 0x30, 0x30, 0x30, 0x30, 0x30, 0x30, 0x30, 0x30, 0x30, 0x30, 0x30, 0x30, 0x30, 0x30,
	0x30, 0x30, 0x30, 0x30, 0x30, 0x30, 0x30, 0x30, 0x30, 0x30, 0x30, 0x30, 0x30, 0x30, 0x30, 0x30,
	0x30, 0x30, 0x30, 0x30, 0x30, 0x30, 0x30, 0x30, 0x30, 0x30, 0x30, 0x30, 0x30, 0x30, 0x30, 0x30,
	0x30, 0x30, 0x30, 0x30, 0x30, 0x30, 0x30, 0x30, 0x30, 0x30, 0x30, 0x30, 0x30, 0x30, 0x30, 0x30,
	0x30, 0x30, 0x30, 0x30, 0x30, 0x30, 0x30, 0x30, 0x30, 0x30, 0x30, 0x30, 0x30, 0x30, 0x30, 0x30,
	0x30, 0x30, 0x30, 0x30, 0x30, 0x30, 0x30, 0x30, 0x30, 0x30, 0x30, 0x30, 0x30, 0x30, 0x30, 0x30,
	0x30, 0x30, 0x30, 0x30, 0x30, 0x30, 0x30, 0x30, 0x30, 0x30, 0x30, 0x30, 0x30, 0x30, 0x30, 0x30,
	0x30, 0x30, 0x30, 0x30, 0x30, 0x30, 0x30, 0x30, 0x30, 0x30, 0x30, 0x30, 0x30, 0x30, 0x30, 0x30,
	0x30, 0x30, 0x30, 0x30, 0x30, 0x30, 0x30, 0x30, 0x30, 0x30, 0x30, 0x30, 0x30, 0x30, 0x30, 0x30,
	0x30, 0x30, 0x30, 0x30, 0x30, 0x30, 0x30, 0x30, 0x30, 0x30, 0x30, 0x30, 0x30, 0x30, 0x30, 0x30,
	0x30, 0x30, 0x30, 0x30, 0x30, 0x30, 0x30, 0x30, 0x30, 0x30, 0x30, 0x30, 0x30, 0x30, 0x30, 0x30,
	0x30, 0x30, 0x30, 0x30, 0x30, 0x30, 0x30, 0x30, 0x30, 0x30, 0x30, 0x30, 0x30, 0x30, 0x30, 0x30,
	0x30, 0x30, 0x30, 0x30, 0x30, 0x30, 0x30, 0x30, 0x30, 0x30, 0x30, 0x30, 0x30, 0x30, 0x30, 0x30,
	0x30, 0x30, 0x30, 0x30, 0x30, 0x30, 0x30, 0x30, 0x30, 0x30, 0x30, 0x30, 0x30, 0x30, 0x30, 0x30,
	0x30, 0x30, 0x30, 0x30, 0x30, 0x30, 0x30, 0x30, 0x30, 0x30, 0x30, 0x30, 0x30, 0x30, 0x30, 0x30,
	0x30, 0x30, 0x30, 0x30, 0x30, 0x30, 0x30, 0x30, 0x30, 0x30, 0x30, 0x30, 0x30, 0x30, 0x30, 0x30,
	0x30, 0x30, 0x30, 0x30, 0x30, 0x30, 0x30, 0x30, 0x30, 0x30, 0x30, 0x30, 0x30, 0x30, 0x30, 0x30,
	0x30, 0x30, 0x30, 0x30, 0x30, 0x30, 0x30, 0x30, 0x30, 0x30, 0x30, 0x30, 0x30, 0x30, 0x30, 0x30,
	0x30, 0x30, 0x30, 0x30, 0x30, 0x30, 0x30, 0x30, 0x30, 0x30, 0x30, 0x30, 0x30, 0x30, 0x30, 0x30,
	0x30, 0x30, 0x30, 0x30, 0x30, 0x30, 0x30, 0x30, 0x30, 0x30, 0x30, 0x30, 0x30, 0x30, 0x30, 0x30,
	0x30, 0x30, 0x30, 0x30, 0x30, 0x30, 0x30, 0x30, 0x30, 0x30, 0x30, 0x30, 0x30, 0x30, 0x30, 0x30,
	0x30, 0x30, 0x30, 0x30, 0x30, 0x30, 0x30, 0x30, 0x30, 0x30, 0x30, 0x30, 0x30, 0x30, 0x30, 0x30,
	0x30, 0x30, 0x30, 0x30, 0x30, 0x30, 0x30, 0x30, 0x30, 0x30, 0x30, 0x30, 0x30, 0x30, 0x30, 0x30,
	0x30, 0x30, 0x30, 0x30, 0x30, 0x30, 0x30, 0x30, 0x30, 0x30, 0x30, 0x30, 0x30, 0x30, 0x30, 0x30,
	0x30, 0x30, 0x30, 0x30, 0x30, 0x30, 0x30, 0x30, 0x30, 0x30, 0x30, 0x30, 0x30, 0x30, 0x30, 0x30,
	0x30, 0x30, 0x30, 0x30, 0x30, 0x30, 0x30, 0x30, 0x30, 0x30, 0x30, 0x30, 0x30, 0x30, 0x30, 0x30,
	0x30, 0x30, 0x30, 0x30, 0x30, 0x30, 0x30, 0x30, 0x30, 0x30, 0x30, 0x30, 0x30, 0x30, 0x30, 0x30,
	0x30, 0x30, 0x30, 0x30, 0x30, 0x30, 0x30, 0x30, 0x30, 0x30, 0x30, 0x30, 0x30, 0x30, 0x30, 0x30,
	0x30, 0x30, 0x30, 0x30, 0x30, 0x30, 0x30, 0x30, 0x30, 0x30, 0x30, 0x30, 0x30, 0x30, 0x30, 0x30,
	0x30, 0x30, 0x30, 0x30, 0x30, 0x30, 0x30, 0x30, 0x30, 0x30, 0x30, 0x30, 0x30, 0x30, 0x30, 0x30,
	0x30, 0x30, 0x30, 0x30, 0x30, 0x30, 0x30, 0x30, 0x30, 0x30, 0x30, 0x30, 0x30, 0x30, 0x30, 0x30,
	0x30, 0x30, 0x30, 0x30, 0x30, 0x30, 0x30, 0x30, 0x30, 0x30, 0x30, 0x30, 0x30, 0x30, 0x30, 0x30,
	0x30, 0x30, 0x30, 0x30, 0x30, 0x30, 0x30, 0x30, 0x30, 0x30, 0x30, 0x30, 0x30, 0x30, 0x30, 0x30,
	0x30, 0x30, 0x30, 0x30, 0x30, 0x30, 0x30, 0x30, 0x30, 0x30, 0x30, 0x30, 0x30, 0x30, 0x30, 0x30,
	0x30, 0x30, 0x30, 0x30, 0x30, 0x30, 0x30, 0x30, 0x30, 0x30, 0x30, 0x30, 0x30, 0x30, 0x30, 0x30,
	0x30, 0x30, 0x30, 0x30, 0x30, 0x30, 0x30, 0x30, 0x30, 0x30, 0x30, 0x30, 0x30, 0x30, 0x30, 0x30,
	0x30, 0x30, 0x30, 0x30, 0x30, 0x30, 0x30, 0x30, 0x30, 0x30, 0x30, 0x30, 0x30, 0x30, 0x30, 0x30,
	0x30, 0x30, 0x30, 0x30, 0x30, 0x30, 0x30, 0x30, 0x30, 0x30, 0x30, 0x30, 0x30, 0x30, 0x30, 0x30,
	0x30, 0x30, 0x30, 0x30, 0x30, 0x30, 0x30, 0x30, 0x30, 0x30, 0x30, 0x30, 0x30, 0x30, 0x30, 0x30,
	0x30, 0x30, 0x30, 0x30, 0x30, 0x30, 0x30, 0x30, 0x30, 0x30, 0x30, 0x30, 0x30, 0x30, 0x30, 0x30,
	0x30, 0x30, 0x30, 0x30, 0x30, 0x30, 0x30, 0x30, 0x30, 0x30, 0x30, 0x30, 0x30, 0x30, 0x30, 0x30,
	0x30, 0x30, 0x30, 0x30, 0x30, 0x30, 0x30, 0x30, 0x30, 0x30, 0x30, 0x30, 0x30, 0x30, 0x30, 0x30,
	0x30, 0x30, 0x30, 0x30, 0x30, 0x30, 0x30, 0x30, 0x30, 0x30, 0x30, 0x30, 0x30, 0x30, 0x30, 0x30,
	0x30, 0x30, 0x30, 0x30, 0x30, 0x30, 0x30, 0x30, 0x30, 0x30, 0x30, 0x30, 0x30, 0x30, 0x30, 0x30,
	0x30, 0x30, 0x30, 0x30, 0x30, 0x30, 0x30, 0x30, 0x30, 0x30, 0x30, 0x30, 0x30, 0x30, 0x30, 0x30,
	0x30, 0x30, 0x30, 0x30, 0x30, 0x30, 0x30, 0x30, 0x30, 0x30, 0x30, 0x30, 0x30, 0x30, 0x30, 0x30,
	0x30, 0x30, 0x30, 0x30, 0x30, 0x30, 0x30, 0x30, 0x30, 0x30, 0x30, 0x30, 0x30, 0x30, 0x30, 0x30,
	0x30, 0x30, 0x30, 0x30, 0x30, 0x30, 0x30, 0x30, 0x30, 0x30, 0x30, 0x30, 0x30, 0x30, 0x30, 0x30,
	0x30, 0x30, 0x30, 0x30, 0x30, 0x30, 0x30, 0x30, 0x30, 0x30, 0x30, 0x30, 0x30, 0x30, 0x30, 0x30,
	0x30, 0x30, 0x30, 0x30, 0x30, 0x30, 0x30, 0x30, 0x30, 0x30, 0x30, 0x30, 0x30, 0x30, 0x30, 0x30,
	0x30, 0x30, 0x30, 0x30, 0x30, 0x30, 0x30, 0x30, 0x30, 0x30, 0x30, 0x30, 0x30, 0x30, 0x30, 0x30,
	0x30, 0x30, 0x30, 0x30, 0x30, 0x30, 0x30, 0x30, 0x30, 0x30, 0x30, 0x30, 0x30, 0x30, 0x30, 0x30,
	0x30, 0x30, 0x30, 0x30, 0x30, 0x30, 0x30, 0x30, 0x30, 0x30, 0x30, 0x30, 0x30, 0x30, 0x30, 0x30,
	0x30, 0x30, 0x30, 0x30, 0x30, 0x30, 0x30, 0x30, 0x30, 0x30, 0x30, 0x30, 0x30, 0x30, 0x30, 0x30,
	0x30, 0x30, 0x30, 0x30, 0x30, 0x30, 0x30, 0x30, 0x30, 0x30, 0x30, 0x30, 0x30, 0x30, 0x30, 0x30,
	0x30, 0x30, 0x30, 0x30, 0x30, 0x30, 0x30, 0x30, 0x30, 0x30, 0x30, 0x30, 0x30, 0x30, 0x30, 0x30,
	0x30, 0x30, 0x30, 0x30, 0x30, 0x30, 0x30, 0x30, 0x30, 0x30, 0x30, 0x30, 0x30, 0x30, 0x30, 0x30,
	0x30, 0x30, 0x30, 0x30, 0x30, 0x30, 0x30, 0x30, 0x30, 0x30, 0x30, 0x30, 0x30, 0x30, 0x30, 0x30,
	0x30, 0x30, 0x30, 0x30, 0x30, 0x30, 0x30, 0x30, 0x30, 0x30, 0x30, 0x30, 0x30, 0x30, 0x30, 0x30,
	0x30, 0x30, 0x30, 0x30, 0x30, 0x30, 0x30, 0x30, 0x30, 0x30, 0x30, 0x30, 0x30, 0x30, 0x30, 0x30,
	0x30, 0x30, 0x30, 0x30, 0x30, 0x30, 0x30, 0x30, 0x30, 0x30, 0x30, 0x30, 0x30, 0x30, 0x30, 0x30,
	0x30, 0x30, 0x30, 0x30, 0x30, 0x30, 0x30, 0x30, 0x30, 0x30, 0x30, 0x30, 0x30, 0x30, 0x30, 0x30,
	0x30, 0x30, 0x30, 0x30, 0x30, 0x30, 0x30, 0x30, 0x30, 0x30, 0x30, 0x30, 0x30, 0x30, 0x30, 0x30,
	0x30, 0x30, 0x30, 0x30, 0x30, 0x30, 0x30, 0x30, 0x30, 0x30, 0x30, 0x30, 0x30, 0x30, 0x30, 0x30,
	0x30, 0x30, 0x30, 0x30, 0x30, 0x30, 0x30, 0x30, 0x30, 0x30, 0x30, 0x30, 0x30, 0x30, 0x30, 0x30,
	0x30, 0x30, 0x30, 0x30, 0x30, 0x30, 0x30, 0x30, 0x30, 0x30, 0x30, 0x30, 0x30, 0x30, 0x30, 0x30,
	0x30, 0x30, 0x30, 0x30, 0x30, 0x30, 0x30, 0x30, 0x30, 0x30, 0x30, 0x30, 0x30, 0x30, 0x30, 0x30,
	0x30, 0x30, 0x30, 0x30, 0x30, 0x30, 0x30, 0x30, 0x30, 0x30, 0x30, 0x30, 0x30, 0x30, 0x30, 0x30,
	0x30, 0x30, 0x30, 0x30, 0x30, 0x30, 0x30, 0x30, 0x30, 0x30, 0x30, 0x30, 0x30, 0x30, 0x30, 0x30,
	0x30, 0x30, 0x30, 0x30, 0x30, 0x30, 0x30, 0x30, 0x30, 0x30, 0x30, 0x30, 0x30, 0x30, 0x30, 0x30,
	0x30, 0x30, 0x30, 0x30, 0x30, 0x30, 0x30, 0x30, 0x30, 0x30, 0x30, 0x30, 0x30, 0x30, 0x30, 0x30,
	0x30, 0x30, 0x30, 0x30, 0x30, 0x30, 0x30, 0x30, 0x30, 0x30, 0x30, 0x30, 0x30, 0x30, 0x30, 0x30,
	0x30, 0x30, 0x30, 0x30, 0x30, 0x30, 0x30, 0x30, 0x30, 0x30, 0x30, 0x30, 0x30, 0x30, 0x30, 0x30,
	0x30, 0x30, 0x30, 0x30, 0x30, 0x30, 0x30, 0x30, 0x30, 0x30, 0x30, 0x30, 0x30, 0x30, 0x30, 0x30,
	0x8e, 0x8e, 0x8e, 0x8e, 0x8e, 0x8e, 0x8e, 0x8e, 0x8e, 0x8e, 0x8e, 0x8e, 0x8e, 0x8e, 0x8e, 0x8e,
	0x8e, 0x8e, 0x8e, 0x8e, 0x8e, 0x8e, 0x8e, 0x8e, 0x8e, 0x8e, 0x8e, 0x8e, 0x8e, 0x8e, 0x8e, 0x8e,
	0x8e, 0x8e, 0x8e, 0x8e, 0x8e, 0x8e, 0x8e, 0x8e, 0x8e, 0x8e, 0x8e, 0x8e, 0x8e, 0x8e, 0x8e, 0x8e,
	0x8e, 0x8e, 0x8e, 0x8e, 0x8e, 0x8e, 0x8e, 0x8e, 0x8e, 0x8e, 0x8e, 0x8e, 0x8e, 0x8e, 0x8e, 0x8e,
	0x8e, 0x8e, 0x8e, 0x8e, 0x8e, 0x8e, 0x8e, 0x8e, 0x8e, 0x8e, 0x8e, 0x8e, 0x8e, 0x8e, 0x8e, 0x8e,
	0x8e, 0x8e, 0x8e, 0x8e, 0x8e, 0x8e, 0x8e, 0x8e, 0x8e, 0x8e, 0x8e, 0x8e, 0x8e, 0x8e, 0x8e, 0x8e,
	0x8e, 0x8e, 0x8e, 0x8e, 0x8e, 0x8e, 0x8e, 0x8e, 0x8e, 0x8e, 0x8e, 0x8e, 0x8e, 0x8e, 0x8e, 0x8e,
	0x8e, 0x8e, 0x8e, 0x8e, 0x8e, 0x8e, 0x8e, 0x8e, 0x8e, 0x8e, 0x8e, 0x8e, 0x8e, 0x8e, 0x8e, 0x8e,
	0x8e, 0x8e, 0x8e, 0x8e, 0x8e, 0x8e, 0x8e, 0x8e, 0x8e, 0x8e, 0x8e, 0x8e, 0x8e, 0x8e, 0x8e, 0x8e,
	0x8e, 0x8e, 0x8e, 0x8e, 0x8e, 0x8e, 0x8e, 0x8e, 0x8e, 0x8e, 0x8e, 0x8e, 0x8e, 0x8e, 0x8e, 0x8e,
	0x8e, 0x8e, 0x8e, 0x8e, 0x8e, 0x8e, 0x8e, 0x8e, 0x8e, 0x8e, 0x8e, 0x8e, 0x8e, 0x8e, 0x8e, 0x8e,
	0x8e, 0x8e, 0x8e, 0x8e, 0x8e, 0x8e, 0x8e, 0x8e, 0x8e, 0x8e, 0x8e, 0x8e, 0x8e, 0x8e, 0x8e, 0x8e,
	0x8e, 0x8e, 0x8e, 0x8e, 0x8e, 0x8e, 0x8e, 0x8e, 0x8e, 0x8e, 0x8e, 0x8e, 0x8e, 0x8e, 0x8e, 0x8e,
	0x8e, 0x8e, 0x8e, 0x8e, 0x8e, 0x8e, 0x8e, 0x8e, 0x8e, 0x8e, 0x8e, 0x8e, 0x8e, 0x8e, 0x8e, 0x8e,
	0x8e, 0x8e, 0x8e, 0x8e, 0x8e, 0x8e, 0x8e, 0x8e, 0x8e, 0x8e, 0x8e, 0x8e, 0x8e, 0x8e, 0x8e, 0x8e,
	0x8e, 0x8e, 0x8e, 0x8e, 0x8e, 0x8e, 0x8e, 0x8e, 0x8e, 0x8e, 0x8e, 0x8e, 0x8e, 0x8e, 0x8e, 0x8e,
	0x8e, 0x8e, 0x8e, 0x8e, 0x8e, 0x8e, 0x8e, 0x8e, 0x8e, 0x8e, 0x8e, 0x8e, 0x8e, 0x8e, 0x8e, 0x8e,
	0x8e, 0x8e, 0x8e, 0x8e, 0x8e, 0x8e, 0x8e, 0x8e, 0x8e, 0x8e, 0x8e, 0x8e, 0x8e, 0x8e, 0x8e, 0x8e,
	0x8e, 0x8e, 0x8e, 0x8e, 0x8e, 0x8e, 0x8e, 0x8e, 0x8e, 0x8e, 0x8e, 0x8e, 0x8e, 0x8e, 0x8e, 0x8e,
	0x8e, 0x8e, 0x8e, 0x8e, 0x8e, 0x8e, 0x8e, 0x8e, 0x8e, 0x8e, 0x8e, 0x8e, 0x8e, 0x8e, 0x8e, 0x8e,
	0x8e, 0x8e, 0x8e, 0x8e, 0x8e, 0x8e, 0x8e, 0x8e, 0x8e, 0x8e, 0x8e, 0x8e, 0x8e, 0x8e, 0x8e, 0x8e,
	0x8e, 0x8e, 0x8e, 0x8e, 0x8e, 0x8e, 0x8e, 0x8e, 0x8e, 0x8e, 0x8e, 0x8e, 0x8e, 0x58, 0x30, 0x30,
	0x50, 0x50, 0x50, 0x50, 0x50, 0x50, 0x50, 0x50, 0x50, 0x50, 0x50, 0x50, 0x50, 0x50, 0x50, 0x50,
	0x50, 0x50, 0x50, 0x50, 0x50, 0x50, 0x50, 0x50, 0x50, 0x50, 0x50, 0x50, 0x50, 0x50, 0x50, 0x50,
	0x30, 0x30, 0x30, 0x30, 0x30, 0x30, 0x30, 0x30, 0x30, 0x30, 0x30, 0x30, 0x30, 0x30, 0x30, 0x30,
	0x30, 0x30, 0x30, 0x30, 0x30, 0x30, 0x30, 0x30, 0x30, 0x30, 0x30, 0x30, 0x30, 0x30, 0x30, 0x30,
	0x30, 0x30, 0x30, 0x30, 0x30, 0x30, 0x30, 0x30, 0x30, 0x30, 0x30, 0x30, 0x30, 0x30, 0x30, 0x30,
	0x30, 0x30, 0x30, 0x30, 0x30, 0x30, 0x30, 0x30, 0x30, 0x30, 0x30, 0x30, 0x30, 0x30, 0x30, 0x30,
	0x30, 0x30, 0x30, 0x30, 0x30, 0x30, 0x30, 0x30, 0x30, 0x30, 0x30, 0x30, 0x30, 0x30, 0x30, 0x30,
	0x30, 0x30, 0x30, 0x30, 0x30, 0x30, 0x30, 0x30, 0x30, 0x30, 0x30, 0x30, 0x30, 0x30, 0x30, 0x30,
	0x30, 0x30, 0x30, 0x30, 0x30, 0x30, 0x30, 0x30, 0x30, 0x30, 0x30, 0x30, 0x30, 0x30, 0x30, 0x30,
	0x30, 0x30, 0x30, 0x30, 0x30, 0x30, 0x30, 0x30, 0x30, 0x30, 0x30, 0x30, 0x30, 0x30, 0x30, 0x30,
	0x30, 0x30, 0x30, 0x30, 0x30, 0x30, 0x30, 0x30, 0x30, 0x30, 0x30, 0x30, 0x30, 0x30, 0x30, 0x30,
	0x30, 0x30, 0x30, 0x30, 0x30, 0x30, 0x30, 0x30, 0x30, 0x30, 0x30, 0x30, 0x30, 0x30, 0x30, 0x30,
	0x30, 0x30, 0x30, 0x30, 0x30, 0x30, 0x30, 0x30, 0x30, 0x30, 0x30, 0x30, 0x30, 0x30, 0x30, 0x30,
	0x30, 0x30, 0x30, 0x30, 0x30, 0x30, 0x30, 0x30, 0x30, 0x30, 0x30, 0x30, 0x30, 0x30, 0x30, 0x30,
	0x30, 0x30, 0x30, 0x30, 0x30, 0x30, 0x30, 0x30, 0x30, 0x30, 0x30, 0x30, 0x30, 0x30, 0x30, 0x30,
	0x30, 0x30, 0x30, 0x30, 0x30, 0x30, 0x30, 0x30, 0x30, 0x30, 0x30, 0x30, 0x30, 0x30, 0x30, 0x30,
	0x30, 0x30, 0x30, 0x30, 0x30, 0x30, 0x30, 0x30, 0x30, 0x30, 0x30, 0x30, 0x30, 0x30, 0x30, 0x30,
	0x30, 0x30, 0x30, 0x30, 0x30, 0x30, 0x30, 0x30, 0x30, 0x30, 0x30, 0x30, 0x30, 0x30, 0x30, 0x30,
	0x30, 0x30, 0x30, 0x30, 0x30, 0x30, 0x30, 0x30, 0x30, 0x30, 0x30, 0x30, 0x30, 0x30, 0x30, 0x30,
	0x30, 0x30, 0x30, 0x30, 0x30, 0x30, 0x30, 0x30, 0x30, 0x30, 0x30, 0x30, 0x30, 0x30, 0x30, 0x30,
	0x30, 0x30, 0x30, 0x30, 0x30, 0x30, 0x30, 0x30, 0x30, 0x30, 0x30, 0x30, 0x30, 0x30, 0x30, 0x30,
	0x30, 0x30, 0x30, 0x30, 0x30, 0x30, 0x30, 0x30, 0x30, 0x30, 0x30, 0x30, 0x30, 0x30, 0x30, 0x30,
	0x80, 0x80, 0xc0, 0x100, 0xc0, 0xc0, 0xc0, 0xc0, 0xc0, 0xc0, 0xc0, 0xc0, 0xc0, 0xc0, 0xc0, 0xc0,
	0xc0, 0xc0, 0xc0, 0xc0, 0xc0, 0xc0, 0xc0, 0xc0, 0xc0, 0xc0, 0xc0, 0xc0, 0xc0, 0xc0, 0xc0, 0xc0
};

static constexpr uint32_t s_coll_boTrieData[604] = {
	0xcb, 0x0, 0x0, 0x0, 0x0, 0x0, 0x0, 0x0,
	0x0, 0x3040505, 0x3060505, 0x3080505, 0x30a0505, 0x30c0505, 0x0, 0x0,
	0x0, 0x0, 0x0, 0x0, 0x0, 0x0, 0x0, 0x0,
	0x0, 0x0, 0x0, 0x0, 0x0, 0x0, 0x0, 0x0,
	0x4000505, 0x75a0505, 0x9760505, 0xa940505, 0xda90505, 0xa960505, 0xa8e0505, 0x9700505,
	0x97c0505, 0x97e0505, 0xa7e0505, 0xc7b0505, 0x6000505, 0x50e0505, 0x8000505, 0xa880505,
	0x26a0ca, 0x26c1ca, 0x26e2ca, 0x2703ca, 0x2724ca, 0x2745ca, 0x2766ca, 0x2787ca,
	0x27a8ca, 0x27c9ca, 0x7360505, 0x72a0505, 0xc850505, 0xc870505, 0xc890505, 0x7640505,
	0xa7c0505, 0x2b00059c, 0x2d00059c, 0x2f00059c, 0x3100059c, 0x3300059c, 0x3500059c, 0x3700059c,
	0x3900059c, 0x3b00059c, 0x3d00059c, 0x3f00059c, 0x4100059c, 0x4300059c, 0x4500059c, 0x4700059c,
	0x4900059c, 0x4b00059c, 0x4d00059c, 0x4f00059c, 0x5100059c, 0x5300059c, 0x5500059c, 0x570005a0,
	0x5900059c, 0x5b00059c, 0x5d00059c, 0x9800505, 0xa8a0505, 0x9820505, 0xc0a0505, 0x50a0505,
	0xc040505, 0x2b000505, 0x2d000505, 0x2f000505, 0x31000505, 0x33000505, 0x35000505, 0x37000505,
	0x39000505, 0x3b000505, 0x3d000505, 0x3f000505, 0x41000505, 0x43000505, 0x45000505, 0x47000505,
	0x49000505, 0x4b000505, 0x4d000505, 0x4f000505, 0x51000505, 0x53000505, 0x55000505, 0x57000505,
	0x59000505, 0x5b000505, 0x5d000505, 0x9840505, 0xc8d0505, 0x9860505, 0xc910505, 0x0,
	0xfffd0505, 0xfffd0505, 0xfffd0505, 0xfffd0505, 0xfffd0505, 0xfffd0505, 0xfffd0505, 0xfffd0505,
	0xfffd0505, 0xfffd0505, 0xfffd0505, 0xfffd0505, 0xfffd0505, 0xfffd0505, 0xfffd0505, 0xfffd0505,
	0xfffd0505, 0xfffd0505, 0xfffd0505, 0xfffd0505, 0xfffd0505, 0xfffd0505, 0xfffd0505, 0xfffd0505,
	0xfffd0505, 0xfffd0505, 0xfffd0505, 0xfffd0505, 0xfffd0505, 0xfffd0505, 0xfffd0505, 0xfffd0505,
	0xfffd0505, 0xfffd0505, 0xfffd0505, 0xfffd0505, 0xfffd0505, 0xfffd0505, 0xfffd0505, 0xfffd0505,
	0xfffd0505, 0xfffd0505, 0xfffd0505, 0xfffd0505, 0xfffd0505, 0xfffd0505, 0xfffd0505, 0xfffd0505,
	0xfffd0505, 0xfffd0505, 0xfffd0505, 0xfffd0505, 0xfffd0505, 0xfffd0505, 0xfffd0505, 0xfffd0505,
	0xfffd0505, 0xfffd0505, 0xfffd0505, 0xfffd0505, 0xfffd0505, 0xfffd0505, 0xfffd0505, 0xfffd0505,
	0xc0, 0xc0, 0xc0, 0xc0, 0xc0, 0xc0, 0xc0, 0xc0,
	0xc0, 0xc0, 0xc0, 0xc0, 0xc0, 0xc0, 0xc0, 0xc0,
	0xc0, 0xc0, 0xc0, 0xc0, 0xc0, 0xc0, 0xc0, 0xc0,
	0xc0, 0xc0, 0xc0, 0xc0, 0xc0, 0xc0, 0xc0, 0xc0,
	0xc0, 0xc0, 0xc0, 0xc0, 0xc0, 0xc0, 0xc0, 0xc0,
	0xc0, 0xc0, 0xc0, 0xc0, 0xc0, 0xc0, 0xc0, 0xc0,
	0xc0, 0xc0, 0xc0, 0xc0, 0xc0, 0xc0, 0xc0, 0xc0,
	0xc0, 0xc0, 0xc0, 0xc0, 0xc0, 0xc0, 0xc0, 0xc0,
	0x2b9c8ac4, 0x2b9c88c4, 0x2b9c8ec4, 0x2b9c9ac4, 0x2b9c96c4, 0x2b9c92c4, 0x25e2c5, 0x2f9ca0c4,
	0x339c8ac4, 0x339c88c4, 0x339c8ec4, 0x339c96c4, 0x3b9c8ac4, 0x3b9c88c4, 0x3b9c8ec4, 0x3b9c96c4,
	0x310070a0, 0x459c9ac4, 0x479c8ac4, 0x479c88c4, 0x479c8ec4, 0x479c9ac4, 0x479c96c4, 0xc830505,
	0x479c9ec4, 0x539c8ac4, 0x539c88c4, 0x539c8ec4, 0x539c96c4, 0x5b9c88c4, 0x5e2805a0, 0x2622c5,
	0x2b058ac4, 0x2b0588c4, 0x2b058ec4, 0x2b059ac4, 0x2b0596c4, 0x2b0592c4, 0x2662c5, 0x2f05a0c4,
	0x33058ac4, 0x330588c4, 0x33058ec4, 0x330596c4, 0x3b058ac4, 0x3b0588c4, 0x3b058ec4, 0x3b0596c4,
	0x31007005, 0x45059ac4, 0x47058ac4, 0x470588c4, 0x47058ec4, 0x47059ac4, 0x470596c4, 0xc810505,
	0x47059ec4, 0x53058ac4, 0x530588c4, 0x53058ec4, 0x530596c4, 0x5b0588c4, 0x5e280505, 0x5b0596c4,
	0x1cd, 0x1cd, 0x1cd, 0x1cd, 0x1cd, 0x1cd, 0x1cd, 0x1cd,
	0x1cd, 0x1cd, 0x1cd, 0x1cd, 0x1cd, 0x1cd, 0x1cd, 0x1cd,
	0x1cd, 0x1cd, 0x1cd, 0x1cd, 0x1cd, 0x1cd, 0x1cd, 0x1cd,
	0x1cd, 0x1cd, 0x1cd, 0x1cd, 0x1cd, 0x1cd, 0x1cd, 0x1cd,
	0x1cc, 0x1cc, 0x1cc, 0x1cc, 0xc0, 0xc0, 0xc0, 0xc0,
	0xc0, 0xc0, 0xc0, 0xc0, 0xc0, 0xc0, 0xc0, 0xc0,
	0xc0, 0xc0, 0xc0, 0xc0, 0xc0, 0xc0, 0xc0, 0xc0,
	0xc0, 0xc0, 0xc0, 0xc0, 0xc0, 0xc0, 0xc0, 0xc0,
	0x23c5, 0xc0, 0xc0, 0xc0, 0xc0, 0xc0, 0xc0, 0xc0,
	0xc0, 0xc0, 0xc0, 0x76050505, 0x76050505, 0x760403c1, 0x1c6, 0x21c6,
	0x41c6, 0x61c6, 0xc0, 0xc0, 0x81c6, 0xc0, 0xc0, 0xc0,
	0xc0, 0xc0, 0xc0, 0xc0, 0xc0, 0xc0, 0xc0, 0xc0,
	0xc0, 0xc0, 0xc0, 0xc0, 0xc0, 0xc0, 0xc0, 0xc0,
	0xc0, 0xc0, 0xc0, 0xc0, 0xa1c6, 0xc0, 0xc0, 0xc0,
	0xc0, 0xc0, 0xc0, 0xc0, 0xc0, 0xc0, 0xc0, 0xc0,
	0xc9, 0xc0, 0x5c4c9, 0x662c5, 0xc0, 0xc0, 0xc0, 0xc0,
	0xc0, 0xc0, 0x763902c1, 0x763d02c1, 0x764102c1, 0x6a2c5, 0x764502c1, 0x2940c9,
	0x2b00c9, 0x2c64c9, 0xc82c5, 0xc0, 0x5f66c9, 0x6080c9, 0x61e4c9, 0x1462c5,
	0x9c64c9, 0xc0, 0xc0, 0xc0, 0x1962c5, 0xc820c9, 0xc0, 0xc0,
	0xc904c9, 0xc0, 0xf0e0c9, 0xf9e0c9, 0x10180c9, 0x768302c1, 0x10260c9, 0xc0,
	0x10ba0c9, 0x2262c5, 0x10ee0c9, 0x760702c1, 0x767902c1, 0xc0, 0xc0, 0xc0,
	0xc0, 0x10fc6c9, 0x769303c1, 0x769304c1, 0x769307c1, 0x769308c1, 0xc0, 0xc0,
	0xc0, 0xc0, 0x111a6c9, 0x76930ac1, 0x11286c9, 0x76930cc1, 0x76540506, 0xf43a05c2,
	0x769305c1, 0x769306c1, 0x76140506, 0x76140507, 0xf43905c2, 0xf43b05c2, 0xc0, 0xc0,
	0x11360c9, 0x11520c9, 0xf43e05c2, 0x11680c9, 0xf44005c2, 0xf44105c2, 0xf44205c2, 0xf44305c2,
	0x76930dc1, 0x76930ec1, 0x76930fc1, 0x22e2c5, 0x769310c1, 0x769311c1, 0x769312c1, 0x769313c1,
	0xc0, 0x769314c1, 0x769316c1, 0x769318c1, 0x76931ac1, 0x2322c5, 0x76931cc1, 0x769315c1,
	0x769317c1, 0x769319c1, 0x2362c5, 0x76931bc1, 0x76931dc1, 0x76931ec1, 0x76931fc1, 0x23a2c5,
	0x769320c1, 0x769321c1, 0x769322c1, 0x769323c1, 0x23e2c5, 0x769324c1, 0x769325c1, 0x769326c1,
	0x769327c1, 0x769328c1, 0x11766c9, 0x11b46c9, 0x76932bc1, 0x76932cc1, 0x76932dc1, 0x76932ec1,
	0x76932fc1, 0x25a2c5, 0x1e1c6, 0x201c6, 0x221c6, 0xc0, 0xc0, 0xc0,
	0x1cc, 0x1cc, 0x1cc, 0x1cc, 0x1cc, 0x1cc, 0x1cc, 0x1cc,
	0x1cc, 0x1cc, 0x1cc, 0x1cc, 0x1cc, 0x1cc, 0x1cc, 0x1cc,
	0x1cc, 0x1cc, 0x1cc, 0x1cc, 0x1cc, 0x1cc, 0x1cc, 0x1cc,
	0x1cc, 0x1cc, 0x1cc, 0x1cc, 0x1cc, 0x1cc, 0x1cc, 0x1cc,
	0xc0, 0xc0, 0xc0, 0xc0
};

static constexpr int32_t s_coll_boTrieIndexLength = 2112;
static constexpr int32_t s_coll_boTrieDataLength = 604;
static constexpr char32_t s_coll_boTrieHighStart = 0xe000;
static constexpr int32_t s_coll_boTrieHighValueIndex = 600;

static constexpr uint32_t s_coll_boCe32s[319] = {
	0x0, 0x76920505, 0x76930bc1, 0x76540506, 0x76060505, 0x76790ac1, 0x76060505, 0x76790cc1,
	0x76060505, 0x76790bc1, 0x76060505, 0x76790dc1, 0x76060505, 0x76790ec1, 0x76060505, 0x76790fc1,
	0x76060505, 0x76790ac1, 0x76880505, 0x76060505, 0x767f04c1, 0x76060505, 0x767f05c1, 0x76060505,
	0x767f04c1, 0x76880505, 0x76060505, 0x768b23c1, 0x76100505, 0x762509c1, 0x76100505, 0x762509c1,
	0x76900505, 0x764103c1, 0x76900505, 0x764105c1, 0x76900505, 0x764107c1, 0x76900505, 0x764503c1,
	0x76900505, 0x764505c1, 0x76900505, 0x764507c1, 0x76900505, 0x768b02c1, 0x76900505, 0x768b04c1,
	0x76900505, 0x768b06c1, 0x76900505, 0x76100505, 0x76932ec1, 0x764102c1, 0x76932ec1, 0x763904c1,
	0x76ac0505, 0x763c0505, 0x767909c1, 0x763c0505, 0x767909c1, 0x76880505, 0x761102c1, 0x76900505,
	0x761104c1, 0x76900505, 0x761106c1, 0x76900505, 0x761112c1, 0x76ac0505, 0x761502c1, 0x76900505,
	0x761504c1, 0x76900505, 0x761506c1, 0x76900505, 0x764902c1, 0x76900505, 0x764904c1, 0x76900505,
	0x764905c1, 0x76900505, 0x76490fc1, 0x76ac0505, 0x765102c1, 0x76900505, 0x765104c1, 0x76900505,
	0x765106c1, 0x76900505, 0x765110c1, 0x76ac0505, 0x765502c1, 0x76900505, 0x765504c1, 0x76900505,
	0x765506c1, 0x76900505, 0x760703c1, 0x76880505, 0x76400505, 0x76932ec1, 0x76480505, 0x76b00505,
	0x768b22c1, 0x764c0505, 0x767f03c1, 0x764c0505, 0x767f03c1, 0x76900505, 0x761113c1, 0x76900505,
	0x761115c1, 0x76900505, 0x761116c1, 0x76900505, 0x761122c1, 0x76ac0505, 0x761123c1, 0x76ac0505,
	0x764112c1, 0x76900505, 0x764114c1, 0x76900505, 0x764115c1, 0x76900505, 0x767903c1, 0x76ac0505,
	0x761146c1, 0x76900505, 0x764142c1, 0x76900505, 0x766105c1, 0x76900505, 0x760708c1, 0x76880505,
	0x764143c1, 0x76900505, 0x768b10c1, 0x76900505, 0x768b12c1, 0x76900505, 0x768b13c1, 0x76900505,
	0x768b1ec1, 0x76ac0505, 0x768b1fc1, 0x76ac0505, 0x761147c1, 0x76900505, 0x764144c1, 0x76900505,
	0x760709c1, 0x76880505, 0x760704c1, 0x76880505, 0x76500505, 0x76a80505, 0x767f02c1, 0x76500505,
	0x76a80505, 0x767f02c1, 0x76900505, 0x76500505, 0x76932ec1, 0x761124c1, 0x76900505, 0x761126c1,
	0x76900505, 0x761127c1, 0x76900505, 0x761131c1, 0x76ac0505, 0x76150ec1, 0x76900505, 0x761510c1,
	0x76900505, 0x761512c1, 0x76900505, 0x76540505, 0x762508c1, 0x76540505, 0x762508c1, 0x76900505,
	0x764120c1, 0x76900505, 0x764122c1, 0x76900505, 0x764124c1, 0x76900505, 0x764513c1, 0x76900505,
	0x764515c1, 0x76900505, 0x764517c1, 0x76900505, 0x766102c1, 0x76900505, 0x76540505, 0x767908c1,
	0x76540505, 0x767908c1, 0x76900505, 0x76600505, 0x76932ec1, 0x76640505, 0x767907c1, 0x761132c1,
	0x76900505, 0x761134c1, 0x76900505, 0x761136c1, 0x76900505, 0x761142c1, 0x76ac0505, 0x76412ec1,
	0x76900505, 0x764130c1, 0x76900505, 0x764132c1, 0x76900505, 0x76413ec1, 0x76ac0505, 0x765111c1,
	0x76900505, 0x765113c1, 0x76900505, 0x765115c1, 0x76900505, 0x765120c1, 0x76ac0505, 0x766103c1,
	0x76900505, 0x761143c1, 0x76900505, 0x76413fc1, 0x76900505, 0x765121c1, 0x76900505, 0x766104c1,
	0x76900505, 0x760705c1, 0x76880505, 0x761144c1, 0x76900505, 0x764140c1, 0x76900505, 0x765122c1,
	0x76900505, 0x760706c1, 0x76880505, 0x76820505, 0x768b21c1, 0x768a0505, 0x767906c1, 0x768a0505,
	0x767906c1, 0x76900505, 0x761145c1, 0x76900505, 0x764141c1, 0x76900505, 0x765123c1, 0x76900505,
	0x760707c1, 0x76880505, 0x76920505, 0x767904c1, 0x76920505, 0x767904c1, 0x76900505, 0x76920505,
	0x767905c1, 0x76920505, 0x768b20c1, 0x76060505, 0x76932cc1, 0x76064605, 0x76880505, 0x76930fc1,
	0x76932ec1, 0x76931ac1, 0x76932ec1, 0x769319c1, 0x76932ec1, 0x76931fc1, 0x76932ec1, 0x769323c1,
	0x76932ec1, 0x767a0505, 0x76a60505, 0x767a0505, 0x76aa0505, 0x767a0505, 0x76b20505, 0x76800505,
	0x76a60505, 0x76800505, 0x76aa0505, 0x76800505, 0x76b20505, 0x76930dc1, 0x76932cc1, 0x2b0070a0,
	0x330005a2, 0x4f007005, 0x4f000513, 0x2b007005, 0x33000513, 0x12000505, 0x14000505, 0x16000505,
	0x18000505, 0x1a000505, 0x1c000505, 0x1e000505, 0x20000505, 0x22000505, 0x24000505
};

static constexpr int64_t s_coll_boCes[18] = {
	int64_t(0x7604030046000500ULL), int64_t(0x7604030047000500ULL), int64_t(0x7604030048000500ULL), int64_t(0x7604030049000500ULL), int64_t(0x760403004a000500ULL),
	int64_t(0x760403004b000500ULL), int64_t(0x7641080005000600ULL), int64_t(0x7645080005000600ULL), int64_t(0x7611170005000600ULL), int64_t(0x7641160005000600ULL),
	int64_t(0x768b140005000600ULL), int64_t(0x7645180005000600ULL), int64_t(0x7611370005000600ULL), int64_t(0x7641330005000600ULL), int64_t(0x7651160005000600ULL),
	int64_t(0x7693240005000600ULL), int64_t(0x7693280005000600ULL), int64_t(0x7693290005000600ULL)
};

static constexpr char16_t s_coll_boContexts[2297] = {
	0x7606, 0x505, 0x2, 0xf62, 0x7, 0xf63, 0x1d, 0xf66, 0x30, 0xfa8, 0xc003, 0x42c5,
	0x6, 0xfa8, 0xc, 0xfa8, 0xc001, 0x42c5, 0xfb4, 0xc001, 0x82c5, 0xfb5, 0xc001, 0xc2c5,
	0xfb9, 0xc002, 0x3c5, 0xf90, 0xc000, 0x82c5, 0xf9e, 0xc000, 0xc2c5, 0xf9f, 0xc001, 0x2c5,
	0x2, 0xf90, 0xc002, 0x62c5, 0xfa4, 0xc002, 0xa2c5, 0xfb9, 0xc002, 0xe3c5, 0x7610, 0x505,
	0xa, 0xf59, 0x5f, 0xf61, 0x51, 0xf61, 0xffff, 0x7675, 0x505, 0xf64, 0xffff, 0x7683,
	0x3c1, 0xf66, 0x10, 0xf60, 0x26, 0xf72, 0x14, 0xf72, 0xffff, 0x768b, 0xbc1, 0xf74,
	0xffff, 0x768b, 0xcc1, 0xf7a, 0xffff, 0x768b, 0xdc1, 0xf7c, 0xffff, 0x768b, 0xec1, 0xfad,
	0xffff, 0x768b, 0xfc1, 0xf60, 0xffff, 0x768b, 0x7c1, 0xf62, 0xffff, 0x768b, 0x8c1, 0xf63,
	0xffff, 0x768b, 0x9c1, 0xf66, 0xffff, 0x768b, 0xac1, 0xf52, 0xe, 0xf52, 0xc005, 0xe2c5,
	0xf53, 0xffff, 0x768b, 0x5c1, 0xf56, 0xffff, 0x768b, 0x6c1, 0xf57, 0xc006, 0x22c5, 0xf42,
	0xffff, 0x768b, 0x2c1, 0xf43, 0xc005, 0xa2c5, 0xf44, 0xffff, 0x768b, 0x3c1, 0xf51, 0xffff,
	0x768b, 0x4c1, 0xf59, 0xffff, 0x7659, 0x2c1, 0xf5e, 0xffff, 0x7669, 0x2c1, 0xf5f, 0xffff,
	0x766d, 0x2c1, 0xf45, 0xffff, 0x7619, 0x2c1, 0xf49, 0x5a, 0xf4f, 0xffff, 0x7639, 0x5c1,
	0xf51, 0x5d, 0xf53, 0x13, 0xf60, 0x29, 0xf74, 0x13, 0xf74, 0xffff, 0x7645, 0xfc1,
	0xf7a, 0xffff, 0x7645, 0x10c1, 0xf7c, 0xffff, 0x7645, 0x11c1, 0xf7e, 0xc000, 0xe1c6, 0xfad,
	0xffff, 0x7645, 0x12c1, 0xf60, 0xffff, 0x7645, 0xac1, 0xf62, 0xffff, 0x7645, 0xbc1, 0xf63,
	0xffff, 0x7645, 0xcc1, 0xf66, 0xffff, 0x7645, 0xdc1, 0xf72, 0xffff, 0x7645, 0xec1, 0xf53,
	0x13, 0xf53, 0xffff, 0x7645, 0x6c1, 0xf56, 0xffff, 0x7645, 0x7c1, 0xf57, 0xc005, 0x62c5,
	0xf58, 0xffff, 0x7645, 0x8c1, 0xf5d, 0xffff, 0x7645, 0x9c1, 0xf42, 0xffff, 0x7645, 0x3c1,
	0xf43, 0xc004, 0xe2c5, 0xf44, 0xffff, 0x7645, 0x4c1, 0xf51, 0xffff, 0x7645, 0x5c1, 0xf52,
	0xc005, 0x22c5, 0x7fc1, 0x7625, 0x2c1, 0xfab, 0xc003, 0x82c5, 0xfac, 0xc003, 0xc3c5, 0x12,
	0xf60, 0x29, 0xf74, 0x13, 0xf74, 0xffff, 0x7641, 0xec1, 0xf7a, 0xffff, 0x7641, 0xfc1,
	0xf7c, 0xffff, 0x7641, 0x10c1, 0xf7e, 0xc000, 0xc1c6, 0xfad, 0xffff, 0x7641, 0x11c1, 0xf60,
	0xffff, 0x7641, 0x9c1, 0xf62, 0xffff, 0x7641, 0xac1, 0xf63, 0xffff, 0x7641, 0xbc1, 0xf66,
	0xffff, 0x7641, 0xcc1, 0xf72, 0xffff, 0x7641, 0xdc1, 0xf52, 0x12, 0xf52, 0xc004, 0x62c5,
	0xf53, 0xffff, 0x7641, 0x6c1, 0xf56, 0xffff, 0x7641, 0x7c1, 0xf57, 0xc004, 0xa2c5, 0xf58,
	0xffff, 0x7641, 0x8c1, 0xf42, 0xffff, 0x7641, 0x3c1, 0xf43, 0xc004, 0x22c5, 0xf44, 0xffff,
	0x7641, 0x4c1, 0xf51, 0xffff, 0x7641, 0x5c1, 0x7638, 0x505, 0x2, 0xf76, 0xc006, 0xe2c5,
	0xfad, 0xffff, 0x7639, 0x3c1, 0xfb2, 0xffff, 0x7639, 0x4c1, 0x763c, 0x505, 0x30, 0xf62,
	0x1, 0xf90, 0xc007, 0x22c5, 0xfb9, 0xc007, 0x63c5, 0x7640, 0x505, 0x6, 0xf54, 0xf3,
	0xf54, 0x7, 0xf56, 0x50, 0xf58, 0x9d, 0xf69, 0xc00c, 0x42c5, 0x11, 0xf63, 0x25,
	0xf76, 0x13, 0xf76, 0xc00a, 0x42c5, 0xf7a, 0xffff, 0x7649, 0xcc1, 0xf7c, 0xffff, 0x7649,
	0xdc1, 0xfb1, 0xffff, 0x7649, 0xec1, 0xfb2, 0xffff, 0x7649, 0xfc1, 0xf63, 0xffff, 0x7649,
	0x8c1, 0xf66, 0xffff, 0x7649, 0x9c1, 0xf72, 0xffff, 0x7649, 0xac1, 0xf74, 0xffff, 0x7649,
	0xbc1, 0xf52, 0x12, 0xf52, 0xc009, 0xc2c5, 0xf56, 0xffff, 0x7649, 0x5c1, 0xf57, 0xc00a,
	0x2c5, 0xf60, 0xffff, 0x7649, 0x6c1, 0xf62, 0xffff, 0x7649, 0x7c1, 0xf42, 0xffff, 0x7649,
	0x2c1, 0xf43, 0xc009, 0x82c5, 0xf44, 0xffff, 0x7649, 0x3c1, 0xf51, 0xffff, 0x7649, 0x4c1,
	0x12, 0xf62, 0x29, 0xf76, 0x13, 0xf76, 0xc00b, 0x42c5, 0xf7a, 0xffff, 0x7651, 0xdc1,
	0xf7c, 0xffff, 0x7651, 0xec1, 0xfb1, 0xffff, 0x7651, 0xfc1, 0xfb2, 0xffff, 0x7651, 0x10c1,
	0xf62, 0xffff, 0x7651, 0x8c1, 0xf63, 0xffff, 0x7651, 0x9c1, 0xf66, 0xffff, 0x7651, 0xac1,
	0xf72, 0xffff, 0x7651, 0xbc1, 0xf74, 0xffff, 0x7651, 0xcc1, 0xf52, 0x12, 0xf52, 0xc00a,
	0xc2c5, 0xf53, 0xffff, 0x7651, 0x5c1, 0xf56, 0xffff, 0x7651, 0x6c1, 0xf57, 0xc00b, 0x2c5,
	0xf60, 0xffff, 0x7651, 0x7c1, 0xf42, 0xffff, 0x7651, 0x2c1, 0xf43, 0xc00a, 0x82c5, 0xf44,
	0xffff, 0x7651, 0x3c1, 0xf51, 0xffff, 0x7651, 0x4c1, 0x12, 0xf60, 0x2a, 0xf74, 0x14,
	0xf74, 0xffff, 0x7655, 0xdc1, 0xf7a, 0xffff, 0x7655, 0xec1, 0xf7c, 0xffff, 0x7655, 0xfc1,
	0xfad, 0xffff, 0x7655, 0x10c1, 0xfb1, 0xffff, 0x7655, 0x11c1, 0xf60, 0xffff, 0x7655, 0x8c1,
	0xf62, 0xffff, 0x7655, 0x9c1, 0xf63, 0xffff, 0x7655, 0xac1, 0xf66, 0xffff, 0x7655, 0xbc1,
	0xf72, 0xffff, 0x7655, 0xcc1, 0xf52, 0x12, 0xf52, 0xc00b, 0xc2c5, 0xf53, 0xffff, 0x7655,
	0x5c1, 0xf56, 0xffff, 0x7655, 0x6c1, 0xf57, 0xc00c, 0x2c5, 0xf5d, 0xffff, 0x7655, 0x7c1,
	0xf42, 0xffff, 0x7655, 0x2c1, 0xf43, 0xc00b, 0x82c5, 0xf44, 0xffff, 0x7655, 0x3c1, 0xf51,
	0xffff, 0x7655, 0x4c1, 0xf40, 0xffff, 0x7607, 0x3c1, 0xf42, 0x41, 0xf44, 0xe, 0xf57,
	0x21, 0xf72, 0x10, 0xf72, 0xffff, 0x7615, 0xac1, 0xf74, 0xffff, 0x7615, 0xbc1, 0xf7a,
	0xffff, 0x7615, 0xcc1, 0xf7c, 0xffff, 0x7615, 0xdc1, 0xf57, 0xc009, 0x42c5, 0xf60, 0xffff,
	0x7615, 0x7c1, 0xf62, 0xffff, 0x7615, 0x8c1, 0xf63, 0xffff, 0x7615, 0x9c1, 0xf51, 0xf,
	0xf51, 0xffff, 0x7615, 0x4c1, 0xf52, 0xc009, 0x2c5, 0xf53, 0xffff, 0x7615, 0x5c1, 0xf56,
	0xffff, 0x7615, 0x6c1, 0xf42, 0xffff, 0x7615, 0x2c1, 0xf43, 0xc008, 0xc2c5, 0xf44, 0xffff,
	0x7615, 0x3c1, 0x14, 0xf62, 0x2f, 0xf76, 0x19, 0xfad, 0xc, 0xfad, 0xffff, 0x7611,
	0x10c1, 0xfb1, 0xffff, 0x7611, 0x11c1, 0xfb2, 0xffff, 0x7611, 0x12c1, 0xf76, 0xc008, 0x82c5,
	0xf7a, 0xffff, 0x7611, 0xec1, 0xf7c, 0xffff, 0x7611, 0xfc1, 0xf62, 0xffff, 0x7611, 0x9c1,
	0xf63, 0xffff, 0x7611, 0xac1, 0xf66, 0xffff, 0x7611, 0xbc1, 0xf72, 0xffff, 0x7611, 0xcc1,
	0xf74, 0xffff, 0x7611, 0xdc1, 0xf53, 0x13, 0xf53, 0xffff, 0x7611, 0x5c1, 0xf56, 0xffff,
	0x7611, 0x6c1, 0xf57, 0xc008, 0x42c5, 0xf5d, 0xffff, 0x7611, 0x7c1, 0xf60, 0xffff, 0x7611,
	0x8c1, 0xf42, 0xffff, 0x7611, 0x2c1, 0xf43, 0xc007, 0xc2c5, 0xf44, 0xffff, 0x7611, 0x3c1,
	0xf51, 0xffff, 0x7611, 0x4c1, 0xf52, 0xc008, 0x2c5, 0x7648, 0x505, 0x33, 0xf74, 0xf66,
	0xf9f, 0xf72, 0xc00c, 0xc3c5, 0x764c, 0x505, 0x30, 0xf63, 0x1, 0xf92, 0xc00d, 0x22c5,
	0xf93, 0xc00d, 0x63c5, 0x7650, 0x505, 0xe, 0xf5f, 0x107, 0xf66, 0xa7, 0xf66, 0xf,
	0xf69, 0xc013, 0x42c5, 0xf6a, 0x94, 0xf72, 0x30, 0xf63, 0x1, 0xfa6, 0xc013, 0x83c5,
	0xfa7, 0xc013, 0xe4c5, 0x20, 0xf7a, 0x46, 0xf9f, 0x24, 0xfa9, 0x13, 0xfa9, 0xffff,
	0x7659, 0x7c1, 0xfad, 0xffff, 0x768b, 0x1dc1, 0xfb2, 0xffff, 0x768b, 0x1ec1, 0xfb3, 0xffff,
	0x768b, 0x1fc1, 0xfb9, 0xc013, 0x2c5, 0xf9f, 0xffff, 0x7639, 0xcc1, 0xfa1, 0xffff, 0x7641,
	0x44c1, 0xfa2, 0xc012, 0xc2c5, 0xfa3, 0xffff, 0x7645, 0x25c1, 0xf92, 0xf, 0xf92, 0xffff,
	0x7611, 0x47c1, 0xf93, 0xc012, 0x82c5, 0xf94, 0xffff, 0x7615, 0x1ec1, 0xf99, 0xffff, 0x7625,
	0x7c1, 0xf7a, 0xffff, 0x768b, 0x1bc1, 0xf7c, 0xffff, 0x768b, 0x1cc1, 0xf7e, 0xc001, 0x41c6,
	0xf90, 0xffff, 0x7607, 0x9c1, 0xf60, 0x20, 0xf72, 0xe, 0xf72, 0xffff, 0x768b, 0x19c1,
	0xf74, 0xffff, 0x768b, 0x1ac1, 0xf76, 0xc012, 0x2c5, 0xf78, 0xc012, 0x42c5, 0xf60, 0xffff,
	0x768b, 0x15c1, 0xf62, 0xffff, 0x768b, 0x16c1, 0xf63, 0xffff, 0x768b, 0x17c1, 0xf66, 0xffff,
	0x768b, 0x18c1, 0xf52, 0xe, 0xf52, 0xc011, 0x82c5, 0xf56, 0xffff, 0x768b, 0x13c1, 0xf57,
	0xc011, 0xc2c5, 0xf58, 0xffff, 0x768b, 0x14c1, 0xf42, 0xffff, 0x768b, 0x10c1, 0xf43, 0xc011,
	0x42c5, 0xf44, 0xffff, 0x768b, 0x11c1, 0xf51, 0xffff, 0x768b, 0x12c1, 0x2, 0xf78, 0xc00f,
	0xc2c5, 0xf99, 0xffff, 0x7625, 0x6c1, 0xfb3, 0xffff, 0x7679, 0x3c1, 0xf5f, 0xffff, 0x766d,
	0x3c1, 0xf62, 0x6, 0xf63, 0x46, 0xf64, 0xffff, 0x7683, 0x4c1, 0xf, 0xfa1, 0x1f,
	0xfab, 0xe, 0xfab, 0xffff, 0x7661, 0x5c1, 0xfac, 0xc010, 0x82c5, 0xfb3, 0xffff, 0x7679,
	0x3c1, 0xfb9, 0xc010, 0xc2c5, 0xfa1, 0xffff, 0x7641, 0x42c1, 0xfa2, 0xc010, 0x42c5, 0xfa3,
	0xffff, 0x7645, 0x24c1, 0xfa9, 0xffff, 0x7659, 0x6c1, 0xf94, 0x10, 0xf94, 0xffff, 0x7615,
	0x1dc1, 0xf97, 0xffff, 0x7621, 0x6c1, 0xf99, 0xffff, 0x7625, 0x6c1, 0xf9f, 0xffff, 0x7639,
	0xac1, 0xf78, 0xc00f, 0xc2c5, 0xf90, 0xffff, 0x7607, 0x8c1, 0xf92, 0xffff, 0x7611, 0x46c1,
	0xf93, 0xc010, 0x2c5, 0x3, 0xf95, 0xffff, 0x7619, 0x5c1, 0xf9f, 0xffff, 0x7639, 0xbc1,
	0xfa1, 0xffff, 0x7641, 0x43c1, 0xfa2, 0xc011, 0x2c5, 0xf4f, 0x59, 0xf4f, 0xffff, 0x7639,
	0x6c1, 0xf51, 0x8, 0xf59, 0xffff, 0x7659, 0x3c1, 0xf5e, 0xffff, 0x7669, 0x3c1, 0x11,
	0xf62, 0x25, 0xf74, 0x13, 0xf74, 0xffff, 0x7641, 0x1cc1, 0xf7a, 0xffff, 0x7641, 0x1dc1,
	0xf7c, 0xffff, 0x7641, 0x1ec1, 0xf7e, 0xc001, 0x21c6, 0xfad, 0xffff, 0x7641, 0x1fc1, 0xf62,
	0xffff, 0x7641, 0x18c1, 0xf63, 0xffff, 0x7641, 0x19c1, 0xf66, 0xffff, 0x7641, 0x1ac1, 0xf72,
	0xffff, 0x7641, 0x1bc1, 0xf52, 0x12, 0xf52, 0xc00f, 0x42c5, 0xf56, 0xffff, 0x7641, 0x15c1,
	0xf57, 0xc00f, 0x82c5, 0xf58, 0xffff, 0x7641, 0x16c1, 0xf60, 0xffff, 0x7641, 0x17c1, 0xf42,
	0xffff, 0x7641, 0x12c1, 0xf43, 0xc00f, 0x2c5, 0xf44, 0xffff, 0x7641, 0x13c1, 0xf51, 0xffff,
	0x7641, 0x14c1, 0xf40, 0xffff, 0x7607, 0x4c1, 0xf42, 0x4, 0xf45, 0xffff, 0x7619, 0x3c1,
	0x16, 0xf63, 0x33, 0xf7c, 0x19, 0xfb1, 0xc, 0xfb1, 0xffff, 0x7611, 0x21c1, 0xfb2,
	0xffff, 0x7611, 0x22c1, 0xfb3, 0xffff, 0x7611, 0x23c1, 0xf7c, 0xffff, 0x7611, 0x1fc1, 0xf7e,
	0xc001, 0x1c6, 0xfad, 0xffff, 0x7611, 0x20c1, 0xf76, 0xa, 0xf76, 0xc00e, 0x82c5, 0xf78,
	0xc00e, 0xc2c5, 0xf7a, 0xffff, 0x7611, 0x1ec1, 0xf63, 0xffff, 0x7611, 0x1bc1, 0xf72, 0xffff,
	0x7611, 0x1cc1, 0xf74, 0xffff, 0x7611, 0x1dc1, 0xf56, 0x19, 0xf5d, 0xc, 0xf5d, 0xffff,
	0x7611, 0x18c1, 0xf60, 0xffff, 0x7611, 0x19c1, 0xf62, 0xffff, 0x7611, 0x1ac1, 0xf56, 0xffff,
	0x7611, 0x16c1, 0xf57, 0xc00e, 0x42c5, 0xf58, 0xffff, 0x7611, 0x17c1, 0xf42, 0xffff, 0x7611,
	0x13c1, 0xf43, 0xc00d, 0xc2c5, 0xf44, 0xffff, 0x7611, 0x14c1, 0xf51, 0xffff, 0x7611, 0x15c1,
	0xf52, 0xc00e, 0x2c5, 0x7654, 0x505, 0xc, 0xf50, 0xb3, 0xf5a, 0x13, 0xf5a, 0xffff,
	0x765d, 0x2c1, 0xf5b, 0xffff, 0x7661, 0x2c1, 0xf5c, 0xc018, 0x82c5, 0xf62, 0x1, 0xf92,
	0xc018, 0xc2c5, 0xf93, 0xc019, 0x3c5, 0xf50, 0xffff, 0x763d, 0x3c1, 0xf51, 0x50, 0xf53,
	0x12, 0xf60, 0x29, 0xf74, 0x13, 0xf74, 0xffff, 0x7645, 0x1ec1, 0xf7a, 0xffff, 0x7645,
	0x1fc1, 0xf7c, 0xffff, 0x7645, 0x20c1, 0xf7e, 0xc001, 0x61c6, 0xfad, 0xffff, 0x7645, 0x21c1,
	0xf60, 0xffff, 0x7645, 0x19c1, 0xf62, 0xffff, 0x7645, 0x1ac1, 0xf63, 0xffff, 0x7645, 0x1bc1,
	0xf66, 0xffff, 0x7645, 0x1cc1, 0xf72, 0xffff, 0x7645, 0x1dc1, 0xf52, 0x12, 0xf52, 0xc018,
	0x2c5, 0xf53, 0xffff, 0x7645, 0x16c1, 0xf56, 0xffff, 0x7645, 0x17c1, 0xf57, 0xc018, 0x42c5,
	0xf58, 0xffff, 0x7645, 0x18c1, 0xf42, 0xffff, 0x7645, 0x13c1, 0xf43, 0xc017, 0xc2c5, 0xf44,
	0xffff, 0x7645, 0x14c1, 0xf51, 0xffff, 0x7645, 0x15c1, 0x10, 0xf60, 0x26, 0xf72, 0x14,
	0xf72, 0xffff, 0x7641, 0x29c1, 0xf74, 0xffff, 0x7641, 0x2ac1, 0xf7a, 0xffff, 0x7641, 0x2bc1,
	0xf7c, 0xffff, 0x7641, 0x2cc1, 0xfad, 0xffff, 0x7641, 0x2dc1, 0xf60, 0xffff, 0x7641, 0x25c1,
	0xf62, 0xffff, 0x7641, 0x26c1, 0xf63, 0xffff, 0x7641, 0x27c1, 0xf66, 0xffff, 0x7641, 0x28c1,
	0xf52, 0xe, 0xf52, 0xc017, 0x42c5, 0xf53, 0xffff, 0x7641, 0x23c1, 0xf56, 0xffff, 0x7641,
	0x24c1, 0xf57, 0xc017, 0x82c5, 0xf42, 0xffff, 0x7641, 0x20c1, 0xf43, 0xc017, 0x2c5, 0xf44,
	0xffff, 0x7641, 0x21c1, 0xf51, 0xffff, 0x7641, 0x22c1, 0xf46, 0x12, 0xf46, 0xffff, 0x761d,
	0x2c1, 0xf47, 0xffff, 0x7621, 0x2c1, 0xf49, 0x7fc1, 0x7625, 0x3c1, 0xfab, 0xc016, 0x62c5,
	0xfac, 0xc016, 0xa3c5, 0xf41, 0xffff, 0x760d, 0x2c1, 0xf42, 0x41, 0xf44, 0xe, 0xf57,
	0x21, 0xf72, 0x10, 0xf72, 0xffff, 0x7615, 0x16c1, 0xf74, 0xffff, 0x7615, 0x17c1, 0xf7a,
	0xffff, 0x7615, 0x18c1, 0xf7c, 0xffff, 0x7615, 0x19c1, 0xf57, 0xc016, 0x22c5, 0xf60, 0xffff,
	0x7615, 0x13c1, 0xf62, 0xffff, 0x7615, 0x14c1, 0xf63, 0xffff, 0x7615, 0x15c1, 0xf51, 0xf,
	0xf51, 0xffff, 0x7615, 0x10c1, 0xf52, 0xc015, 0xe2c5, 0xf53, 0xffff, 0x7615, 0x11c1, 0xf56,
	0xffff, 0x7615, 0x12c1, 0xf42, 0xffff, 0x7615, 0xec1, 0xf43, 0xc015, 0xa2c5, 0xf44, 0xffff,
	0x7615, 0xfc1, 0x11, 0xf63, 0x25, 0xf7a, 0x14, 0xf7a, 0xffff, 0x7611, 0x2dc1, 0xf7c,
	0xffff, 0x7611, 0x2ec1, 0xfad, 0xffff, 0x7611, 0x2fc1, 0xfb1, 0xffff, 0x7611, 0x30c1, 0xfb2,
	0xffff, 0x7611, 0x31c1, 0xf63, 0xffff, 0x7611, 0x2ac1, 0xf72, 0xffff, 0x7611, 0x2bc1, 0xf74,
	0xffff, 0x7611, 0x2cc1, 0xf76, 0xc015, 0x62c5, 0xf52, 0x12, 0xf52, 0xc014, 0xe2c5, 0xf56,
	0xffff, 0x7611, 0x27c1, 0xf57, 0xc015, 0x22c5, 0xf60, 0xffff, 0x7611, 0x28c1, 0xf62, 0xffff,
	0x7611, 0x29c1, 0xf42, 0xffff, 0x7611, 0x24c1, 0xf43, 0xc014, 0xa2c5, 0xf44, 0xffff, 0x7611,
	0x25c1, 0xf51, 0xffff, 0x7611, 0x26c1, 0x7664, 0x505, 0x31, 0xf62, 0xf9f, 0xc019, 0xa2c5,
	0x7670, 0x505, 0xa, 0xf51, 0xca, 0xf5a, 0xb, 0xf5a, 0xffff, 0x765d, 0x3c1, 0xf5b,
	0xffff, 0x7661, 0x3c1, 0xf5c, 0xc01c, 0xe2c5, 0xf51, 0x5d, 0xf55, 0xffff, 0x764d, 0x505,
	0xf56, 0x14, 0xf62, 0x2e, 0xf76, 0x18, 0xf7e, 0xb, 0xf7e, 0xc001, 0xc1c6, 0xfb1,
	0xffff, 0x7651, 0x1fc1, 0xfb2, 0xffff, 0x7651, 0x20c1, 0xf76, 0xc01c, 0xa2c5, 0xf7a, 0xffff,
	0x7651, 0x1dc1, 0xf7c, 0xffff, 0x7651, 0x1ec1, 0xf62, 0xffff, 0x7651, 0x18c1, 0xf63, 0xffff,
	0x7651, 0x19c1, 0xf66, 0xffff, 0x7651, 0x1ac1, 0xf72, 0xffff, 0x7651, 0x1bc1, 0xf74, 0xffff,
	0x7651, 0x1cc1, 0xf53, 0x13, 0xf53, 0xffff, 0x7651, 0x14c1, 0xf56, 0xffff, 0x7651, 0x15c1,
	0xf57, 0xc01c, 0x62c5, 0xf58, 0xffff, 0x7651, 0x16c1, 0xf60, 0xffff, 0x7651, 0x17c1, 0xf42,
	0xffff, 0x7651, 0x11c1, 0xf43, 0xc01b, 0xe2c5, 0xf44, 0xffff, 0x7651, 0x12c1, 0xf51, 0xffff,
	0x7651, 0x13c1, 0xf52, 0xc01c, 0x22c5, 0x15, 0xf62, 0x2e, 0xf76, 0x18, 0xf7e, 0xb,
	0xf7e, 0xc001, 0xa1c6, 0xfad, 0xffff, 0x7641, 0x3dc1, 0xfb2, 0xffff, 0x7641, 0x3ec1, 0xf76,
	0xc01b, 0xa2c5, 0xf7a, 0xffff, 0x7641, 0x3bc1, 0xf7c, 0xffff, 0x7641, 0x3cc1, 0xf62, 0xffff,
	0x7641, 0x36c1, 0xf63, 0xffff, 0x7641, 0x37c1, 0xf66, 0xffff, 0x7641, 0x38c1, 0xf72, 0xffff,
	0x7641, 0x39c1, 0xf74, 0xffff, 0x7641, 0x3ac1, 0xf53, 0x19, 0xf58, 0xc, 0xf58, 0xffff,
	0x7641, 0x33c1, 0xf5d, 0xffff, 0x7641, 0x34c1, 0xf60, 0xffff, 0x7641, 0x35c1, 0xf53, 0xffff,
	0x7641, 0x31c1, 0xf56, 0xffff, 0x7641, 0x32c1, 0xf57, 0xc01b, 0x62c5, 0xf42, 0xffff, 0x7641,
	0x2ec1, 0xf43, 0xc01a, 0xe2c5, 0xf44, 0xffff, 0x7641, 0x2fc1, 0xf51, 0xffff, 0x7641, 0x30c1,
	0xf52, 0xc01b, 0x22c5, 0xf41, 0xffff, 0x760d, 0x3c1, 0xf42, 0xc, 0xf46, 0xffff, 0x761d,
	0x3c1, 0xf47, 0xffff, 0x7621, 0x3c1, 0xf50, 0xffff, 0x763d, 0x4c1, 0x15, 0xf63, 0x2e,
	0xf7a, 0x19, 0xfad, 0xc, 0xfad, 0xffff, 0x7611, 0x40c1, 0xfb1, 0xffff, 0x7611, 0x41c1,
	0xfb2, 0xffff, 0x7611, 0x42c1, 0xf7a, 0xffff, 0x7611, 0x3ec1, 0xf7c, 0xffff, 0x7611, 0x3fc1,
	0xf7e, 0xc001, 0x81c6, 0xf63, 0xffff, 0x7611, 0x3ac1, 0xf66, 0xffff, 0x7611, 0x3bc1, 0xf72,
	0xffff, 0x7611, 0x3cc1, 0xf74, 0xffff, 0x7611, 0x3dc1, 0xf76, 0xc01a, 0xa2c5, 0xf53, 0x19,
	0xf58, 0xc, 0xf58, 0xffff, 0x7611, 0x37c1, 0xf60, 0xffff, 0x7611, 0x38c1, 0xf62, 0xffff,
	0x7611, 0x39c1, 0xf53, 0xffff, 0x7611, 0x35c1, 0xf56, 0xffff, 0x7611, 0x36c1, 0xf57, 0xc01a,
	0x62c5, 0xf42, 0xffff, 0x7611, 0x32c1, 0xf43, 0xc019, 0xe2c5, 0xf44, 0xffff, 0x7611, 0x33c1,
	0xf51, 0xffff, 0x7611, 0x34c1, 0xf52, 0xc01a, 0x22c5, 0x7678, 0x505, 0x10, 0xfa2, 0x22,
	0xfa8, 0x12, 0xfa8, 0xffff, 0x7655, 0x12c1, 0xfa9, 0xffff, 0x7659, 0x4c1, 0xfab, 0xffff,
	0x7661, 0x4c1, 0xfac, 0xc01d, 0xe2c5, 0xfb9, 0xc01e, 0x22c5, 0xfa2, 0xc01d, 0x62c5, 0xfa3,
	0xffff, 0x7645, 0x22c1, 0xfa6, 0xffff, 0x7651, 0x21c1, 0xfa7, 0xc01d, 0xa2c5, 0xf97, 0x10,
	0xf97, 0xffff, 0x7621, 0x4c1, 0xf99, 0xffff, 0x7625, 0x4c1, 0xf9f, 0xffff, 0x7639, 0x7c1,
	0xfa1, 0xffff, 0x7641, 0x3fc1, 0xf90, 0xffff, 0x7607, 0x5c1, 0xf92, 0xffff, 0x7611, 0x43c1,
	0xf93, 0xc01d, 0x22c5, 0xf94, 0xffff, 0x7615, 0x1ac1, 0x767e, 0x505, 0xd, 0xfa1, 0x1b,
	0xfa6, 0xe, 0xfa6, 0xffff, 0x7651, 0x22c1, 0xfa7, 0xc01e, 0xe2c5, 0xfb7, 0xffff, 0x768f,
	0x505, 0xfb9, 0xc01f, 0x22c5, 0xfa1, 0xffff, 0x7641, 0x40c1, 0xfa2, 0xc01e, 0xa2c5, 0xfa4,
	0xffff, 0x7649, 0x10c1, 0xf94, 0x10, 0xf94, 0xffff, 0x7615, 0x1bc1, 0xf95, 0xffff, 0x7619,
	0x4c1, 0xf97, 0xffff, 0x7621, 0x5c1, 0xf9f, 0xffff, 0x7639, 0x8c1, 0xf90, 0xffff, 0x7607,
	0x6c1, 0xf92, 0xffff, 0x7611, 0x44c1, 0xf93, 0xc01e, 0x62c5, 0x7682, 0x505, 0x31, 0xf66,
	0xf9f, 0xc01f, 0x62c5, 0x768a, 0x505, 0xf, 0xfa2, 0x1f, 0xfa7, 0xe, 0xfa7, 0xc020,
	0xc2c5, 0xfa8, 0xffff, 0x7655, 0x13c1, 0xfa9, 0xffff, 0x7659, 0x5c1, 0xfb9, 0xc021, 0x2c5,
	0xfa2, 0xc020, 0x82c5, 0xfa3, 0xffff, 0x7645, 0x23c1, 0xfa4, 0xffff, 0x7649, 0x11c1, 0xfa6,
	0xffff, 0x7651, 0x23c1, 0xf94, 0x10, 0xf94, 0xffff, 0x7615, 0x1cc1, 0xf99, 0xffff, 0x7625,
	0x5c1, 0xf9f, 0xffff, 0x7639, 0x9c1, 0xfa1, 0xffff, 0x7641, 0x41c1, 0xf62, 0xb, 0xf90,
	0xffff, 0x7607, 0x7c1, 0xf92, 0xffff, 0x7611, 0x45c1, 0xf93, 0xc020, 0x42c5, 0x1, 0xf92,
	0xc01f, 0xa2c5, 0xf93, 0xc01f, 0xe3c5, 0x7692, 0x505, 0x2, 0xf62, 0x7, 0xf66, 0xf,
	0xf6a, 0x30, 0xfb1, 0xc021, 0xe2c5, 0x2, 0xf92, 0xc021, 0x42c5, 0xf93, 0xc021, 0x83c5,
	0xfb1, 0xc021, 0xe2c5, 0x30, 0xfa8, 0xc022, 0x22c5, 0x7678, 0x506, 0x30, 0xf99, 0xffff,
	0x7625, 0x4c1, 0x7693, 0x2c1, 0x2, 0xf72, 0xffff, 0x7693, 0x4c1, 0xf74, 0xffff, 0x7693,
	0x8c1, 0xf80, 0xffff, 0x7693, 0x6c1, 0x7693, 0x9c1, 0x30, 0xf7a, 0xffff, 0x7693, 0xac1,
	0x7693, 0xbc1, 0x30, 0xf7c, 0xffff, 0x7693, 0xcc1, 0xf43c, 0x5c2, 0x2, 0xf90, 0xffff,
	0x7606, 0x4605, 0xf91, 0xffff, 0x760c, 0x4605, 0xfb9, 0xc022, 0xa2c5, 0xf43d, 0x5c2, 0x1,
	0xfa4, 0xffff, 0x7648, 0x4605, 0xfa5, 0xffff, 0x764c, 0x4605, 0xf43f, 0x5c2, 0x30, 0xf99,
	0xffff, 0x7624, 0x4605, 0x7693, 0x29c1, 0x4, 0xf71, 0xe, 0xf73, 0xc024, 0x62c5, 0xf75,
	0xc024, 0xa2c5, 0xf80, 0xffff, 0x76b4, 0x505, 0xf81, 0xffff, 0x76b6, 0x505, 0x4942, 0x22c5,
	0xf72, 0xc024, 0x62c5, 0xf74, 0xc024, 0xa2c5, 0xf80, 0xffff, 0x76b6, 0x505, 0x7693, 0x2ac1,
	0x4, 0xf71, 0xe, 0xf73, 0xc025, 0x22c5, 0xf75, 0xc025, 0x62c5, 0xf80, 0xffff, 0x76b8,
	0x505, 0xf81, 0xffff, 0x76ba, 0x505, 0x4942, 0xe2c5, 0xf72, 0xc025, 0x22c5, 0xf74, 0xc025,
	0x62c5, 0xf80, 0xffff, 0x76ba, 0x505
};

static constexpr uint32_t s_coll_boNumericPrimary = 0x10000000;
static constexpr int32_t s_coll_boOptions = 0x2011;
static constexpr int32_t s_coll_boJamoCe32sStart = -1;

static constexpr uint32_t s_coll_boUnsafeBwd[870] = {
	0x34, 0x35, 0x4c, 0x4d, 0xa0, 0xa1, 0x300, 0x34f, 0x350, 0x370, 0x3a9, 0x3aa,
	0x3e2, 0x3e3, 0x42f, 0x430, 0x483, 0x488, 0x531, 0x532, 0x591, 0x5be, 0x5bf, 0x5c0,
	0x5c1, 0x5c3, 0x5c4, 0x5c6, 0x5c7, 0x5c8, 0x5d0, 0x5d1, 0x610, 0x61b, 0x628, 0x629,
	0x64b, 0x660, 0x670, 0x671, 0x6d6, 0x6dd, 0x6df, 0x6e5, 0x6e7, 0x6e9, 0x6ea, 0x6ee,
	0x710, 0x712, 0x730, 0x74b, 0x78c, 0x78d, 0x7ca, 0x7cb, 0x7eb, 0x7f4, 0x7fd, 0x7fe,
	0x800, 0x801, 0x816, 0x81a, 0x81b, 0x824, 0x825, 0x828, 0x829, 0x82e, 0x840, 0x841,
	0x859, 0x85c, 0x897, 0x8a0, 0x8ca, 0x8e2, 0x8e3, 0x900, 0x905, 0x906, 0x93c, 0x93d,
	0x94d, 0x94e, 0x951, 0x955, 0x995, 0x996, 0x9bc, 0x9bd, 0x9be, 0x9bf, 0x9cd, 0x9ce,
	0x9d7, 0x9d8, 0x9fe, 0x9ff, 0xa15, 0xa16, 0xa3c, 0xa3d, 0xa4d, 0xa4e, 0xa95, 0xa96,
	0xabc, 0xabd, 0xacd, 0xace, 0xb15, 0xb16, 0xb3c, 0xb3d, 0xb3e, 0xb3f, 0xb4d, 0xb4e,
	0xb56, 0xb58, 0xb95, 0xb96, 0xbbe, 0xbbf, 0xbcd, 0xbce, 0xbd7, 0xbd8, 0xc15, 0xc16,
	0xc3c, 0xc3d, 0xc4d, 0xc4e, 0xc55, 0xc57, 0xc95, 0xc96, 0xcbc, 0xcbd, 0xcc2, 0xcc3,
	0xccd, 0xcce, 0xcd5, 0xcd7, 0xd15, 0xd16, 0xd3b, 0xd3d, 0xd3e, 0xd3f, 0xd4d, 0xd4e,
	0xd57, 0xd58, 0xd85, 0xd86, 0xdca, 0xdcb, 0xdcf, 0xdd0, 0xddf, 0xde0, 0xe01, 0xe2f,
	0xe32, 0xe33, 0xe38, 0xe3b, 0xe48, 0xe4c, 0xe81, 0xe83, 0xe84, 0xe85, 0xe86, 0xe8b,
	0xe8c, 0xea4, 0xea5, 0xea6, 0xea7, 0xeaf, 0xeb2, 0xeb3, 0xeb8, 0xebb, 0xec8, 0xecc,
	0xedc, 0xee0, 0xf18, 0xf1a, 0xf35, 0xf36, 0xf37, 0xf38, 0xf39, 0xf3a, 0xf40, 0xf48,
	0xf49, 0xf4a, 0xf4f, 0xf65, 0xf66, 0xf67, 0xf69, 0xf6b, 0xf71, 0xf77, 0xf78, 0xf79,
	0xf7a, 0xf7f, 0xf80, 0xf85, 0xf86, 0xf88, 0xf90, 0xf96, 0xf97, 0xf98, 0xf99, 0xf9a,
	0xf9e, 0xfa0, 0xfa1, 0xfaa, 0xfab, 0xfae, 0xfb1, 0xfb6, 0xfb7, 0xfb8, 0xfb9, 0xfba,
	0xfc6, 0xfc7, 0x1000, 0x1001, 0x102e, 0x102f, 0x1037, 0x1038, 0x1039, 0x103b, 0x108d, 0x108e,
	0x10d3, 0x10d4, 0x12a0, 0x12a1, 0x135d, 0x1360, 0x13c4, 0x13c5, 0x14c0, 0x14c1, 0x168f, 0x1690,
	0x16a0, 0x16a1, 0x1703, 0x1704, 0x1714, 0x1716, 0x1723, 0x1724, 0x1734, 0x1735, 0x1743, 0x1744,
	0x1763, 0x1764, 0x1780, 0x1781, 0x17d2, 0x17d3, 0x17dd, 0x17de, 0x1826, 0x1827, 0x18a9, 0x18aa,
	0x1900, 0x1901, 0x1939, 0x193c, 0x1950, 0x1951, 0x1980, 0x19ac, 0x1a00, 0x1a01, 0x1a17, 0x1a19,
	0x1a20, 0x1a21, 0x1a60, 0x1a61, 0x1a75, 0x1a7d, 0x1a7f, 0x1a80, 0x1ab0, 0x1abe, 0x1abf, 0x1ade,
	0x1ae0, 0x1aec, 0x1b05, 0x1b06, 0x1b34, 0x1b36, 0x1b44, 0x1b45, 0x1b6b, 0x1b74, 0x1b83, 0x1b84,
	0x1baa, 0x1bac, 0x1bc0, 0x1bc1, 0x1be6, 0x1be7, 0x1bf2, 0x1bf4, 0x1c00, 0x1c01, 0x1c37, 0x1c38,
	0x1c5a, 0x1c5b, 0x1cd0, 0x1cd3, 0x1cd4, 0x1ce1, 0x1ce2, 0x1ce9, 0x1ced, 0x1cee, 0x1cf4, 0x1cf5,
	0x1cf8, 0x1cfa, 0x1dc0, 0x1e00, 0x201c, 0x201d, 0x20ac, 0x20ad, 0x20d0, 0x20dd, 0x20e1, 0x20e2,
	0x20e5, 0x20f1, 0x263a, 0x263b, 0x2c00, 0x2c01, 0x2cef, 0x2cf2, 0x2d30, 0x2d31, 0x2d7f, 0x2d80,
	0x2de0, 0x2e00, 0x302a, 0x3030, 0x304b, 0x304c, 0x3099, 0x309b, 0x30ab, 0x30ac, 0x3105, 0x3106,
	0x5b57, 0x5b58, 0xa288, 0xa289, 0xa4d0, 0xa4d1, 0xa549, 0xa54a, 0xa66f, 0xa670, 0xa674, 0xa67e,
	0xa69e, 0xa6a1, 0xa6f0, 0xa6f2, 0xa800, 0xa801, 0xa806, 0xa807, 0xa82c, 0xa82d, 0xa840, 0xa841,
	0xa882, 0xa883, 0xa8c4, 0xa8c5, 0xa8e0, 0xa8f2, 0xa90a, 0xa90b, 0xa92b, 0xa92e, 0xa930, 0xa931,
	0xa953, 0xa954, 0xa984, 0xa985, 0xa9b3, 0xa9b4, 0xa9c0, 0xa9c1, 0xaa00, 0xaa01, 0xaa80, 0xaab1,
	0xaab2, 0xaab5, 0xaab7, 0xaab9, 0xaabe, 0xaac0, 0xaac1, 0xaac2, 0xaaf6, 0xaaf7, 0xabc0, 0xabc1,
	0xabed, 0xabee, 0xac00, 0xac01, 0xd800, 0xd809, 0xd80b, 0xd80d, 0xd811, 0xd812, 0xd818, 0xd819,
	0xd81a, 0xd81c, 0xd820, 0xd821, 0xd823, 0xd824, 0xd82c, 0xd82d, 0xd82f, 0xd830, 0xd834, 0xd835,
	0xd838, 0xd83b, 0xdc00, 0xe000, 0xfb1e, 0xfb1f, 0xfdd0, 0xfdd1, 0xfe20, 0xfe30, 0x10000, 0x10001,
	0x101fd, 0x101fe, 0x10280, 0x10281, 0x102a0, 0x102a1, 0x102e0, 0x102e1, 0x10300, 0x10301, 0x10330, 0x10331,
	0x1036b, 0x1036c, 0x10376, 0x1037b, 0x10380, 0x10381, 0x103a0, 0x103a1, 0x10414, 0x10415, 0x10450, 0x10451,
	0x10480, 0x10481, 0x104b5, 0x104b6, 0x10500, 0x10501, 0x10537, 0x10538, 0x10582, 0x10583, 0x105c2, 0x105c3,
	0x10647, 0x10648, 0x10800, 0x10801, 0x10840, 0x10841, 0x10873, 0x10874, 0x10896, 0x10897, 0x108f4, 0x108f5,
	0x10900, 0x10901, 0x10920, 0x10921, 0x10950, 0x10951, 0x10980, 0x10981, 0x109a0, 0x109a1, 0x10a00, 0x10a01,
	0x10a0d, 0x10a0e, 0x10a0f, 0x10a10, 0x10a38, 0x10a3b, 0x10a3f, 0x10a40, 0x10a60, 0x10a61, 0x10a95, 0x10a96,
	0x10ad8, 0x10ad9, 0x10ae5, 0x10ae7, 0x10b00, 0x10b01, 0x10b40, 0x10b41, 0x10b60, 0x10b61, 0x10b8f, 0x10b90,
	0x10c00, 0x10c01, 0x10ca1, 0x10ca2, 0x10d12, 0x10d13, 0x10d24, 0x10d28, 0x10d5d, 0x10d5e, 0x10d69, 0x10d6e,
	0x10e88, 0x10e89, 0x10eab, 0x10ead, 0x10efa, 0x10efc, 0x10efd, 0x10f00, 0x10f19, 0x10f1a, 0x10f42, 0x10f43,
	0x10f46, 0x10f51, 0x10f7c, 0x10f7d, 0x10f82, 0x10f86, 0x10fbf, 0x10fc0, 0x10ff1, 0x10ff2, 0x11005, 0x11006,
	0x11046, 0x11047, 0x11070, 0x11071, 0x1107f, 0x11080, 0x11083, 0x11084, 0x110b9, 0x110bb, 0x110d0, 0x110d1,
	0x11100, 0x11104, 0x11127, 0x11128, 0x11133, 0x11135, 0x11152, 0x11153, 0x11173, 0x11174, 0x11183, 0x11184,
	0x111c0, 0x111c1, 0x111ca, 0x111cb, 0x11208, 0x11209, 0x11235, 0x11237, 0x1128f, 0x11290, 0x112be, 0x112bf,
	0x112e9, 0x112eb, 0x11315, 0x11316, 0x1133b, 0x1133d, 0x1133e, 0x1133f, 0x1134d, 0x1134e, 0x11357, 0x11358,
	0x11366, 0x1136d, 0x11370, 0x11375, 0x11392, 0x11393, 0x113b8, 0x113b9, 0x113bb, 0x113bc, 0x113c2, 0x113c3,
	0x113c9, 0x113ca, 0x113ce, 0x113d1, 0x11412, 0x11413, 0x11442, 0x11443, 0x11446, 0x11447, 0x1145e, 0x1145f,
	0x11484, 0x11485, 0x114b0, 0x114b1, 0x114ba, 0x114bb, 0x114bd, 0x114be, 0x114c2, 0x114c4, 0x1158e, 0x1158f,
	0x115af, 0x115b0, 0x115bf, 0x115c1, 0x1160e, 0x1160f, 0x1163f, 0x11640, 0x11680, 0x11681, 0x116b6, 0x116b8,
	0x11717, 0x11718, 0x1172b, 0x1172c, 0x1180b, 0x1180c, 0x11839, 0x1183b, 0x118b4, 0x118b5, 0x1190c, 0x1190d,
	0x11930, 0x11931, 0x1193d, 0x1193f, 0x11943, 0x11944, 0x119ce, 0x119cf, 0x119e0, 0x119e1, 0x11a0b, 0x11a0c,
	0x11a34, 0x11a35, 0x11a47, 0x11a48, 0x11a5c, 0x11a5d, 0x11a99, 0x11a9a, 0x11ac0, 0x11ac1, 0x11bc4, 0x11bc5,
	0x11c0e, 0x11c0f, 0x11c3f, 0x11c40, 0x11c72, 0x11c73, 0x11d10, 0x11d11, 0x11d42, 0x11d43, 0x11d44, 0x11d46,
	0x11d71, 0x11d72, 0x11d97, 0x11d98, 0x11dc6, 0x11dc7, 0x11ee5, 0x11ee6, 0x11f1b, 0x11f1c, 0x11f41, 0x11f43,
	0x12000, 0x12001, 0x12fe5, 0x12fe6, 0x13153, 0x13154, 0x14400, 0x14401, 0x1611c, 0x1611d, 0x1611e, 0x16121,
	0x16123, 0x16126, 0x16129, 0x1612a, 0x1612f, 0x16130, 0x16a4f, 0x16a50, 0x16abc, 0x16abd, 0x16ae6, 0x16ae7,
	0x16af0, 0x16af5, 0x16b1c, 0x16b1d, 0x16b30, 0x16b37, 0x16d45, 0x16d46, 0x16d67, 0x16d69, 0x16e40, 0x16e41,
	0x16ea1, 0x16ea2, 0x16f00, 0x16f01, 0x16ff0, 0x16ff2, 0x18229, 0x1822a, 0x18c65, 0x18c66, 0x1b1c4, 0x1b1c5,
	0x1bc20, 0x1bc21, 0x1bc9e, 0x1bc9f, 0x1d165, 0x1d16a, 0x1d16d, 0x1d173, 0x1d17b, 0x1d183, 0x1d185, 0x1d18c,
	0x1d1aa, 0x1d1ae, 0x1d242, 0x1d245, 0x1e000, 0x1e007, 0x1e008, 0x1e019, 0x1e01b, 0x1e022, 0x1e023, 0x1e025,
	0x1e026, 0x1e02b, 0x1e08f, 0x1e090, 0x1e108, 0x1e109, 0x1e130, 0x1e137, 0x1e290, 0x1e291, 0x1e2ae, 0x1e2af,
	0x1e2e1, 0x1e2e2, 0x1e2ec, 0x1e2f0, 0x1e4e6, 0x1e4e7, 0x1e4ec, 0x1e4f0, 0x1e5d0, 0x1e5d1, 0x1e5ee, 0x1e5f0,
	0x1e6d5, 0x1e6d6, 0x1e6e3, 0x1e6e4, 0x1e6e6, 0x1e6e7, 0x1e6ee, 0x1e6f0, 0x1e6f5, 0x1e6f6, 0x1e802, 0x1e803,
	0x1e8d0, 0x1e8d7, 0x1e909, 0x1e90a, 0x1e944, 0x1e94b
};

static constexpr int32_t s_coll_boUnsafeBwdLength = 870;

static constexpr uint32_t s_coll_boReorderRanges[2] = {
	0x76000000, 0x76c6ffb2
};

static constexpr uint8_t s_coll_boReorderTable[256] = {
	0, 1, 2, 3, 4, 5, 6, 7, 8, 9, 10, 11, 12, 13, 14, 15, 16, 17, 18, 19, 20, 21, 22, 23, 24, 25, 26, 27, 28, 29, 30, 31,
	32, 33, 34, 35, 36, 37, 38, 39, 40, 41, 42, 43, 44, 45, 46, 47, 48, 49, 50, 51, 52, 53, 54, 55, 56, 57, 58, 59, 60, 61, 62, 63,
	64, 65, 66, 67, 68, 69, 70, 71, 72, 73, 74, 75, 76, 77, 78, 79, 80, 81, 82, 83, 84, 85, 86, 87, 88, 89, 90, 91, 92, 93, 94, 95,
	96, 97, 98, 99, 100, 101, 102, 103, 104, 105, 106, 107, 108, 109, 110, 111, 112, 113, 114, 115, 116, 117, 0, 119, 120, 121, 122, 123, 124, 125, 126, 127,
	128, 129, 130, 131, 132, 133, 134, 135, 136, 137, 138, 139, 140, 141, 142, 143, 144, 145, 146, 147, 148, 149, 150, 151, 152, 153, 154, 155, 156, 157, 158, 159,
	160, 161, 162, 163, 164, 165, 166, 167, 168, 169, 170, 171, 172, 173, 174, 175, 176, 177, 178, 179, 180, 181, 182, 183, 184, 185, 186, 187, 188, 189, 190, 191,
	192, 193, 194, 195, 196, 197, 198, 199, 200, 201, 202, 203, 204, 205, 206, 207, 208, 209, 210, 211, 212, 213, 214, 215, 216, 217, 218, 219, 220, 221, 222, 223,
	224, 225, 226, 227, 228, 229, 230, 231, 232, 233, 234, 235, 236, 237, 238, 239, 240, 241, 242, 243, 244, 245, 246, 247, 248, 249, 250, 251, 252, 253, 254, 255
};

static constexpr uint16_t s_coll_kmTrieIndex[2112] = {
	0x0, 0x8, 0x10, 0x18, 0x30, 0x38, 0x40, 0x48, 0x30, 0x38, 0x30, 0x38, 0x30, 0x38, 0x30, 0x38,
	0x30, 0x38, 0x30, 0x38, 0x30, 0x38, 0x30, 0x38, 0x30, 0x38, 0x30, 0x38, 0x30, 0x38, 0x30, 0x38,
	0x30, 0x38, 0x30, 0x38, 0x30, 0x38, 0x30, 0x38, 0x30, 0x38, 0x30, 0x38, 0x30, 0x38, 0x30, 0x38,
	0x30, 0x38, 0x30, 0x38, 0x30, 0x38, 0x30, 0x38, 0x30, 0x38, 0x30, 0x38, 0x30, 0x38, 0x30, 0x38,
	0x30, 0x30, 0x30, 0x30, 0x30, 0x30, 0x30, 0x30, 0x30, 0x30, 0x30, 0x30, 0x30, 0x30, 0x30, 0x30,
	0x30, 0x30, 0x30, 0x30, 0x30, 0x30, 0x30, 0x30, 0x30, 0x30, 0x30, 0x30, 0x30, 0x30, 0x30, 0x30,
	0x30, 0x30, 0x30, 0x30, 0x30, 0x30, 0x30, 0x30, 0x30, 0x30, 0x30, 0x30, 0x30, 0x30, 0x30, 0x30,
	0x30, 0x30, 0x30, 0x30, 0x30, 0x30, 0x30, 0x30, 0x30, 0x30, 0x30, 0x30, 0x30, 0x30, 0x30, 0x30,
	0x30, 0x30, 0x30, 0x30, 0x30, 0x30, 0x30, 0x30, 0x30, 0x30, 0x30, 0x30, 0x30, 0x30, 0x30, 0x30,
	0x30, 0x30, 0x30, 0x30, 0x30, 0x30, 0x30, 0x30, 0x30, 0x30, 0x30, 0x30, 0x30, 0x30, 0x30, 0x30,
	0x30, 0x30, 0x30, 0x30, 0x30, 0x30, 0x30, 0x30, 0x30, 0x30, 0x30, 0x30, 0x30, 0x30, 0x30, 0x30,
	0x30, 0x30, 0x30, 0x30, 0x30, 0x30, 0x30, 0x30, 0x30, 0x30, 0x30, 0x30, 0x60, 0x68, 0x70, 0x30,
	0x30, 0x30, 0x30, 0x30, 0x30, 0x30, 0x30, 0x30, 0x30, 0x30, 0x30, 0x30, 0x30, 0x30, 0x30, 0x30,
	0x30, 0x30, 0x30, 0x30, 0x30, 0x30, 0x30, 0x30, 0x30, 0x30, 0x30, 0x30, 0x30, 0x30, 0x30, 0x30,
	0x30, 0x30, 0x30, 0x30, 0x30, 0x30, 0x30, 0x30, 0x30, 0x30, 0x30, 0x30, 0x30, 0x30, 0x30, 0x30,
	0x30, 0x30, 0x30, 0x30, 0x30, 0x30, 0x30, 0x30, 0x30, 0x30, 0x30, 0x30, 0x30, 0x30, 0x30, 0x30,
	0x30, 0x30, 0x30, 0x30, 0x30, 0x30, 0x30, 0x30, 0x30, 0x30, 0x30, 0x30, 0x30, 0x30, 0x30, 0x30,
	0x30, 0x30, 0x30, 0x30, 0x30, 0x30, 0x30, 0x30, 0x30, 0x30, 0x30, 0x30, 0x30, 0x30, 0x30, 0x30,
	0x30, 0x30, 0x30, 0x30, 0x30, 0x30, 0x30, 0x30, 0x30, 0x30, 0x30, 0x30, 0x30, 0x30, 0x30, 0x30,
	0x30, 0x30, 0x30, 0x30, 0x30, 0x30, 0x30, 0x30, 0x30, 0x30, 0x30, 0x30, 0x30, 0x30, 0x30, 0x30,
	0x30, 0x30, 0x30, 0x30, 0x30, 0x30, 0x30, 0x30, 0x30, 0x30, 0x30, 0x30, 0x30, 0x30, 0x30, 0x30,
	0x30, 0x30, 0x30, 0x30, 0x30, 0x30, 0x30, 0x30, 0x30, 0x30, 0x30, 0x30, 0x30, 0x30, 0x30, 0x30,
	0x30, 0x30, 0x30, 0x30, 0x30, 0x30, 0x30, 0x30, 0x30, 0x30, 0x30, 0x30, 0x30, 0x30, 0x30, 0x30,
	0x30, 0x30, 0x30, 0x30, 0x30, 0x30, 0x30, 0x30, 0x30, 0x30, 0x30, 0x30, 0x30, 0x30, 0x30, 0x30,
	0x30, 0x30, 0x30, 0x30, 0x30, 0x30, 0x30, 0x30, 0x30, 0x30, 0x30, 0x30, 0x30, 0x30, 0x30, 0x30,
	0x30, 0x30, 0x30, 0x30, 0x30, 0x30, 0x30, 0x30, 0x30, 0x30, 0x30, 0x30, 0x30, 0x30, 0x30, 0x30,
	0x30, 0x30, 0x30, 0x30, 0x30, 0x30, 0x30, 0x30, 0x30, 0x30, 0x30, 0x30, 0x30, 0x30, 0x30, 0x30,
	0x30, 0x30, 0x30, 0x30, 0x30, 0x30, 0x30, 0x30, 0x30, 0x30, 0x30, 0x30, 0x30, 0x30, 0x30, 0x30,
	0x30, 0x30, 0x30, 0x30, 0x30, 0x30, 0x30, 0x30, 0x30, 0x30, 0x30, 0x30, 0x30, 0x30, 0x30, 0x30,
	0x30, 0x30, 0x30, 0x30, 0x30, 0x30, 0x30, 0x30, 0x30, 0x30, 0x30, 0x30, 0x30, 0x30, 0x30, 0x30,
	0x30, 0x30, 0x30, 0x30, 0x30, 0x30, 0x30, 0x30, 0x30, 0x30, 0x30, 0x30, 0x30, 0x30, 0x30, 0x30,
	0x30, 0x30, 0x30, 0x30, 0x30, 0x30, 0x30, 0x30, 0x30, 0x30, 0x30, 0x30, 0x30, 0x30, 0x30, 0x30,
	0x30, 0x30, 0x30, 0x30, 0x30, 0x30, 0x30, 0x30, 0x30, 0x30, 0x30, 0x30, 0x30, 0x30, 0x30, 0x30,
	0x30, 0x30, 0x30, 0x30, 0x30, 0x30, 0x30, 0x30, 0x30, 0x30, 0x30, 0x30, 0x30, 0x30, 0x30, 0x30,
	0x30, 0x30, 0x30, 0x30, 0x30, 0x30, 0x30, 0x30, 0x30, 0x30, 0x30, 0x30, 0x30, 0x30, 0x30, 0x30,
	0x30, 0x30, 0x30, 0x30, 0x30, 0x30, 0x30, 0x30, 0x30, 0x30, 0x30, 0x30, 0x30, 0x30, 0x30, 0x30,
	0x30, 0x30, 0x30, 0x30, 0x30, 0x30, 0x30, 0x30, 0x30, 0x30, 0x30, 0x30, 0x30, 0x30, 0x30, 0x30,
	0x30, 0x30, 0x30, 0x30, 0x30, 0x30, 0x30, 0x30, 0x30, 0x30, 0x30, 0x30, 0x30, 0x30, 0x30, 0x30,
	0x30, 0x30, 0x30, 0x30, 0x30, 0x30, 0x30, 0x30, 0x30, 0x30, 0x30, 0x30, 0x30, 0x30, 0x30, 0x30,
	0x30, 0x30, 0x30, 0x30, 0x30, 0x30, 0x30, 0x30, 0x30, 0x30, 0x30, 0x30, 0x30, 0x30, 0x30, 0x30,
	0x30, 0x30, 0x30, 0x30, 0x30, 0x30, 0x30, 0x30, 0x30, 0x30, 0x30, 0x30, 0x30, 0x30, 0x30, 0x30,
	0x30, 0x30, 0x30, 0x30, 0x30, 0x30, 0x30, 0x30, 0x30, 0x30, 0x30, 0x30, 0x30, 0x30, 0x30, 0x30,
	0x30, 0x30, 0x30, 0x30, 0x30, 0x30, 0x30, 0x30, 0x30, 0x30, 0x30, 0x30, 0x30, 0x30, 0x30, 0x30,
	0x30, 0x30, 0x30, 0x30, 0x30, 0x30, 0x30, 0x30, 0x30, 0x30, 0x30, 0x30, 0x30, 0x30, 0x30, 0x30,
	0x30, 0x30, 0x30, 0x30, 0x30, 0x30, 0x30, 0x30, 0x30, 0x30, 0x30, 0x30, 0x30, 0x30, 0x30, 0x30,
	0x30, 0x30, 0x30, 0x30, 0x30, 0x30, 0x30, 0x30, 0x30, 0x30, 0x30, 0x30, 0x30, 0x30, 0x30, 0x30,
	0x30, 0x30, 0x30, 0x30, 0x30, 0x30, 0x30, 0x30, 0x30, 0x30, 0x30, 0x30, 0x30, 0x30, 0x30, 0x30,
	0x30, 0x30, 0x30, 0x30, 0x30, 0x30, 0x30, 0x30, 0x30, 0x30, 0x30, 0x30, 0x30, 0x30, 0x30, 0x30,
	0x30, 0x30, 0x30, 0x30, 0x30, 0x30, 0x30, 0x30, 0x30, 0x30, 0x30, 0x30, 0x30, 0x30, 0x30, 0x30,
	0x30, 0x30, 0x30, 0x30, 0x30, 0x30, 0x30, 0x30, 0x30, 0x30, 0x30, 0x30, 0x30, 0x30, 0x30, 0x30,
	0x30, 0x30, 0x30, 0x30, 0x30, 0x30, 0x30, 0x30, 0x30, 0x30, 0x30, 0x30, 0x30, 0x30, 0x30, 0x30,
	0x30, 0x30, 0x30, 0x30, 0x30, 0x30, 0x30, 0x30, 0x30, 0x30, 0x30, 0x30, 0x30, 0x30, 0x30, 0x30,
	0x30, 0x30, 0x30, 0x30, 0x30, 0x30, 0x30, 0x30, 0x30, 0x30, 0x30, 0x30, 0x30, 0x30, 0x30, 0x30,
	0x30, 0x30, 0x30, 0x30, 0x30, 0x30, 0x30, 0x30, 0x30, 0x30, 0x30, 0x30, 0x30, 0x30, 0x30, 0x30,
	0x30, 0x30, 0x30, 0x30, 0x30, 0x30, 0x30, 0x30, 0x30, 0x30, 0x30, 0x30, 0x30, 0x30, 0x30, 0x30,
	0x30, 0x30, 0x30, 0x30, 0x30, 0x30, 0x30, 0x30, 0x30, 0x30, 0x30, 0x30, 0x30, 0x30, 0x30, 0x30,
	0x30, 0x30, 0x30, 0x30, 0x30, 0x30, 0x30, 0x30, 0x30, 0x30, 0x30, 0x30, 0x30, 0x30, 0x30, 0x30,
	0x30, 0x30, 0x30, 0x30, 0x30, 0x30, 0x30, 0x30, 0x30, 0x30, 0x30, 0x30, 0x30, 0x30, 0x30, 0x30,
	0x30, 0x30, 0x30, 0x30, 0x30, 0x30, 0x30, 0x30, 0x30, 0x30, 0x30, 0x30, 0x30, 0x30, 0x30, 0x30,
	0x30, 0x30, 0x30, 0x30, 0x30, 0x30, 0x30, 0x30, 0x30, 0x30, 0x30, 0x30, 0x30, 0x30, 0x30, 0x30,
	0x30, 0x30, 0x30, 0x30, 0x30, 0x30, 0x30, 0x30, 0x30, 0x30, 0x30, 0x30, 0x30, 0x30, 0x30, 0x30,
	0x30, 0x30, 0x30, 0x30, 0x30, 0x30, 0x30, 0x30, 0x30, 0x30, 0x30, 0x30, 0x30, 0x30, 0x30, 0x30,
	0x30, 0x30, 0x30, 0x30, 0x30, 0x30, 0x30, 0x30, 0x30, 0x30, 0x30, 0x30, 0x30, 0x30, 0x30, 0x30,
	0x30, 0x30, 0x30, 0x30, 0x30, 0x30, 0x30, 0x30, 0x30, 0x30, 0x30, 0x30, 0x30, 0x30, 0x30, 0x30,
	0x30, 0x30, 0x30, 0x30, 0x30, 0x30, 0x30, 0x30, 0x30, 0x30, 0x30, 0x30, 0x30, 0x30, 0x30, 0x30,
	0x30, 0x30, 0x30, 0x30, 0x30, 0x30, 0x30, 0x30, 0x30, 0x30, 0x30, 0x30, 0x30, 0x30, 0x30, 0x30,
	0x30, 0x30, 0x30, 0x30, 0x30, 0x30, 0x30, 0x30, 0x30, 0x30, 0x30, 0x30, 0x30, 0x30, 0x30, 0x30,
	0x30, 0x30, 0x30, 0x30, 0x30, 0x30, 0x30, 0x30, 0x30, 0x30, 0x30, 0x30, 0x30, 0x30, 0x30, 0x30,
	0x30, 0x30, 0x30, 0x30, 0x30, 0x30, 0x30, 0x30, 0x30, 0x30, 0x30, 0x30, 0x30, 0x30, 0x30, 0x30,
	0x30, 0x30, 0x30, 0x30, 0x30, 0x30, 0x30, 0x30, 0x30, 0x30, 0x30, 0x30, 0x30, 0x30, 0x30, 0x30,
	0x30, 0x30, 0x30, 0x30, 0x30, 0x30, 0x30, 0x30, 0x30, 0x30, 0x30, 0x30, 0x30, 0x30, 0x30, 0x30,
	0x30, 0x30, 0x30, 0x30, 0x30, 0x30, 0x30, 0x30, 0x30, 0x30, 0x30, 0x30, 0x30, 0x30, 0x30, 0x30,
	0x30, 0x30, 0x30, 0x30, 0x30, 0x30, 0x30, 0x30, 0x30, 0x30, 0x30, 0x30, 0x30, 0x30, 0x30, 0x30,
	0x30, 0x30, 0x30, 0x30, 0x30, 0x30, 0x30, 0x30, 0x30, 0x30, 0x30, 0x30, 0x30, 0x30, 0x30, 0x30,
	0x30, 0x30, 0x30, 0x30, 0x30, 0x30, 0x30, 0x30, 0x30, 0x30, 0x30, 0x30, 0x30, 0x30, 0x30, 0x30,
	0x30, 0x30, 0x30, 0x30, 0x30, 0x30, 0x30, 0x30, 0x30, 0x30, 0x30, 0x30, 0x30, 0x30, 0x30, 0x30,
	0x30, 0x30, 0x30, 0x30, 0x30, 0x30, 0x30, 0x30, 0x30, 0x30, 0x30, 0x30, 0x30, 0x30, 0x30, 0x30,
	0x30, 0x30, 0x30, 0x30, 0x30, 0x30, 0x30, 0x30, 0x30, 0x30, 0x30, 0x30, 0x30, 0x30, 0x30, 0x30,
	0x30, 0x30, 0x30, 0x30, 0x30, 0x30, 0x30, 0x30, 0x30, 0x30, 0x30, 0x30, 0x30, 0x30, 0x30, 0x30,
	0x30, 0x30, 0x30, 0x30, 0x30, 0x30, 0x30, 0x30, 0x30, 0x30, 0x30, 0x30, 0x30, 0x30, 0x30, 0x30,
	0x30, 0x30, 0x30, 0x30, 0x30, 0x30, 0x30, 0x30, 0x30, 0x30, 0x30, 0x30, 0x30, 0x30, 0x30, 0x30,
	0x30, 0x30, 0x30, 0x30, 0x30, 0x30, 0x30, 0x30, 0x30, 0x30, 0x30, 0x30, 0x30, 0x30, 0x30, 0x30,
	0x30, 0x30, 0x30, 0x30, 0x30, 0x30, 0x30, 0x30, 0x30, 0x30, 0x30, 0x30, 0x30, 0x30, 0x30, 0x30,
	0x30, 0x30, 0x30, 0x30, 0x30, 0x30, 0x30, 0x30, 0x30, 0x30, 0x30, 0x30, 0x30, 0x30, 0x30, 0x30,
	0x30, 0x30, 0x30, 0x30, 0x30, 0x30, 0x30, 0x30, 0x30, 0x30, 0x30, 0x30, 0x30, 0x30, 0x30, 0x30,
	0x30, 0x30, 0x30, 0x30, 0x30, 0x30, 0x30, 0x30, 0x30, 0x30, 0x30, 0x30, 0x30, 0x30, 0x30, 0x30,
	0x78, 0x78, 0x78, 0x78, 0x78, 0x78, 0x78, 0x78, 0x78, 0x78, 0x78, 0x78, 0x78, 0x78, 0x78, 0x78,
	0x78, 0x78, 0x78, 0x78, 0x78, 0x78, 0x78, 0x78, 0x78, 0x78, 0x78, 0x78, 0x78, 0x78, 0x78, 0x78,
	0x78, 0x78, 0x78, 0x78, 0x78, 0x78, 0x78, 0x78, 0x78, 0x78, 0x78, 0x78, 0x78, 0x78, 0x78, 0x78,
	0x78, 0x78, 0x78, 0x78, 0x78, 0x78, 0x78, 0x78, 0x78, 0x78, 0x78, 0x78, 0x78, 0x78, 0x78, 0x78,
	0x78, 0x78, 0x78, 0x78, 0x78, 0x78, 0x78, 0x78, 0x78, 0x78, 0x78, 0x78, 0x78, 0x78, 0x78, 0x78,
	0x78, 0x78, 0x78, 0x78, 0x78, 0x78, 0x78, 0x78, 0x78, 0x78, 0x78, 0x78, 0x78, 0x78, 0x78, 0x78,
	0x78, 0x78, 0x78, 0x78, 0x78, 0x78, 0x78, 0x78, 0x78, 0x78, 0x78, 0x78, 0x78, 0x78, 0x78, 0x78,
	0x78, 0x78, 0x78, 0x78, 0x78, 0x78, 0x78, 0x78, 0x78, 0x78, 0x78, 0x78, 0x78, 0x78, 0x78, 0x78,
	0x78, 0x78, 0x78, 0x78, 0x78, 0x78, 0x78, 0x78, 0x78, 0x78, 0x78, 0x78, 0x78, 0x78, 0x78, 0x78,
	0x78, 0x78, 0x78, 0x78, 0x78, 0x78, 0x78, 0x78, 0x78, 0x78, 0x78, 0x78, 0x78, 0x78, 0x78, 0x78,
	0x78, 0x78, 0x78, 0x78, 0x78, 0x78, 0x78, 0x78, 0x78, 0x78, 0x78, 0x78, 0x78, 0x78, 0x78, 0x78,
	0x78, 0x78, 0x78, 0x78, 0x78, 0x78, 0x78, 0x78, 0x78, 0x78, 0x78, 0x78, 0x78, 0x78, 0x78, 0x78,
	0x78, 0x78, 0x78, 0x78, 0x78, 0x78, 0x78, 0x78, 0x78, 0x78, 0x78, 0x78, 0x78, 0x78, 0x78, 0x78,
	0x78, 0x78, 0x78, 0x78, 0x78, 0x78, 0x78, 0x78, 0x78, 0x78, 0x78, 0x78, 0x78, 0x78, 0x78, 0x78,
	0x78, 0x78, 0x78, 0x78, 0x78, 0x78, 0x78, 0x78, 0x78, 0x78, 0x78, 0x78, 0x78, 0x78, 0x78, 0x78,
	0x78, 0x78, 0x78, 0x78, 0x78, 0x78, 0x78, 0x78, 0x78, 0x78, 0x78, 0x78, 0x78, 0x78, 0x78, 0x78,
	0x78, 0x78, 0x78, 0x78, 0x78, 0x78, 0x78, 0x78, 0x78, 0x78, 0x78, 0x78, 0x78, 0x78, 0x78, 0x78,
	0x78, 0x78, 0x78, 0x78, 0x78, 0x78, 0x78, 0x78, 0x78, 0x78, 0x78, 0x78, 0x78, 0x78, 0x78, 0x78,
	0x78, 0x78, 0x78, 0x78, 0x78, 0x78, 0x78, 0x78, 0x78, 0x78, 0x78, 0x78, 0x78, 0x78, 0x78, 0x78,
	0x78, 0x78, 0x78, 0x78, 0x78, 0x78, 0x78, 0x78, 0x78, 0x78, 0x78, 0x78, 0x78, 0x78, 0x78, 0x78,
	0x78, 0x78, 0x78, 0x78, 0x78, 0x78, 0x78, 0x78, 0x78, 0x78, 0x78, 0x78, 0x78, 0x78, 0x78, 0x78,
	0x78, 0x78, 0x78, 0x78, 0x78, 0x78, 0x78, 0x78, 0x78, 0x78, 0x78, 0x78, 0x78, 0x58, 0x30, 0x30,
	0x50, 0x50, 0x50, 0x50, 0x50, 0x50, 0x50, 0x50, 0x50, 0x50, 0x50, 0x50, 0x50, 0x50, 0x50, 0x50,
	0x50, 0x50, 0x50, 0x50, 0x50, 0x50, 0x50, 0x50, 0x50, 0x50, 0x50, 0x50, 0x50, 0x50, 0x50, 0x50,
	0x30, 0x30, 0x30, 0x30, 0x30, 0x30, 0x30, 0x30, 0x30, 0x30, 0x30, 0x30, 0x30, 0x30, 0x30, 0x30,
	0x30, 0x30, 0x30, 0x30, 0x30, 0x30, 0x30, 0x30, 0x30, 0x30, 0x30, 0x30, 0x30, 0x30, 0x30, 0x30,
	0x30, 0x30, 0x30, 0x30, 0x30, 0x30, 0x30, 0x30, 0x30, 0x30, 0x30, 0x30, 0x30, 0x30, 0x30, 0x30,
	0x30, 0x30, 0x30, 0x30, 0x30, 0x30, 0x30, 0x30, 0x30, 0x30, 0x30, 0x30, 0x30, 0x30, 0x30, 0x30,
	0x30, 0x30, 0x30, 0x30, 0x30, 0x30, 0x30, 0x30, 0x30, 0x30, 0x30, 0x30, 0x30, 0x30, 0x30, 0x30,
	0x30, 0x30, 0x30, 0x30, 0x30, 0x30, 0x30, 0x30, 0x30, 0x30, 0x30, 0x30, 0x30, 0x30, 0x30, 0x30,
	0x30, 0x30, 0x30, 0x30, 0x30, 0x30, 0x30, 0x30, 0x30, 0x30, 0x30, 0x30, 0x30, 0x30, 0x30, 0x30,
	0x30, 0x30, 0x30, 0x30, 0x30, 0x30, 0x30, 0x30, 0x30, 0x30, 0x30, 0x30, 0x30, 0x30, 0x30, 0x30,
	0x30, 0x30, 0x30, 0x30, 0x30, 0x30, 0x30, 0x30, 0x30, 0x30, 0x30, 0x30, 0x30, 0x30, 0x30, 0x30,
	0x30, 0x30, 0x30, 0x30, 0x30, 0x30, 0x30, 0x30, 0x30, 0x30, 0x30, 0x30, 0x30, 0x30, 0x30, 0x30,
	0x30, 0x30, 0x30, 0x30, 0x30, 0x30, 0x30, 0x30, 0x30, 0x30, 0x30, 0x30, 0x30, 0x30, 0x30, 0x30,
	0x30, 0x30, 0x30, 0x30, 0x30, 0x30, 0x30, 0x30, 0x30, 0x30, 0x30, 0x30, 0x30, 0x30, 0x30, 0x30,
	0x30, 0x30, 0x30, 0x30, 0x30, 0x30, 0x30, 0x30, 0x30, 0x30, 0x30, 0x30, 0x30, 0x30, 0x30, 0x30,
	0x30, 0x30, 0x30, 0x30, 0x30, 0x30, 0x30, 0x30, 0x30, 0x30, 0x30, 0x30, 0x30, 0x30, 0x30, 0x30,
	0x30, 0x30, 0x30, 0x30, 0x30, 0x30, 0x30, 0x30, 0x30, 0x30, 0x30, 0x30, 0x30, 0x30, 0x30, 0x30,
	0x30, 0x30, 0x30, 0x30, 0x30, 0x30, 0x30, 0x30, 0x30, 0x30, 0x30, 0x30, 0x30, 0x30, 0x30, 0x30,
	0x30, 0x30, 0x30, 0x30, 0x30, 0x30, 0x30, 0x30, 0x30, 0x30, 0x30, 0x30, 0x30, 0x30, 0x30, 0x30,
	0x30, 0x30, 0x30, 0x30, 0x30, 0x30, 0x30, 0x30, 0x30, 0x30, 0x30, 0x30, 0x30, 0x30, 0x30, 0x30,
	0x30, 0x30, 0x30, 0x30, 0x30, 0x30, 0x30, 0x30, 0x30, 0x30, 0x30, 0x30, 0x30, 0x30, 0x30, 0x30,
	0x30, 0x30, 0x30, 0x30, 0x30, 0x30, 0x30, 0x30, 0x30, 0x30, 0x30, 0x30, 0x30, 0x30, 0x30, 0x30,
	0x80, 0x80, 0xc0, 0x100, 0xc0, 0xc0, 0xc0, 0xc0, 0xc0, 0xc0, 0xc0, 0xc0, 0xc0, 0xc0, 0xc0, 0xc0,
	0xc0, 0xc0, 0xc0, 0xc0, 0xc0, 0xc0, 0xc0, 0xc0, 0xc0, 0xc0, 0xc0, 0xc0, 0xc0, 0xc0, 0xc0, 0xc0
};

static constexpr uint32_t s_coll_kmTrieData[516] = {
	0xcb, 0x0, 0x0, 0x0, 0x0, 0x0, 0x0, 0x0,
	0x0, 0x3040505, 0x3060505, 0x3080505, 0x30a0505, 0x30c0505, 0x0, 0x0,
	0x0, 0x0, 0x0, 0x0, 0x0, 0x0, 0x0, 0x0,
	0x0, 0x0, 0x0, 0x0, 0x0, 0x0, 0x0, 0x0,
	0x4000505, 0x75a0505, 0x9760505, 0xa940505, 0xda90505, 0xa960505, 0xa8e0505, 0x9700505,
	0x97c0505, 0x97e0505, 0xa7e0505, 0xc7b0505, 0x6000505, 0x50e0505, 0x8000505, 0xa880505,
	0x11a0ca, 0x11c1ca, 0x11e2ca, 0x1203ca, 0x1224ca, 0x1245ca, 0x1266ca, 0x1287ca,
	0x12a8ca, 0x12c9ca, 0x7360505, 0x72a0505, 0xc850505, 0xc870505, 0xc890505, 0x7640505,
	0xa7c0505, 0x2b00059c, 0x2d00059c, 0x2f00059c, 0x3100059c, 0x3300059c, 0x3500059c, 0x3700059c,
	0x3900059c, 0x3b00059c, 0x3d00059c, 0x3f00059c, 0x4100059c, 0x4300059c, 0x4500059c, 0x4700059c,
	0x4900059c, 0x4b00059c, 0x4d00059c, 0x4f00059c, 0x5100059c, 0x5300059c, 0x5500059c, 0x570005a0,
	0x5900059c, 0x5b00059c, 0x5d00059c, 0x9800505, 0xa8a0505, 0x9820505, 0xc0a0505, 0x50a0505,
	0xc040505, 0x2b000505, 0x2d000505, 0x2f000505, 0x31000505, 0x33000505, 0x35000505, 0x37000505,
	0x39000505, 0x3b000505, 0x3d000505, 0x3f000505, 0x41000505, 0x43000505, 0x45000505, 0x47000505,
	0x49000505, 0x4b000505, 0x4d000505, 0x4f000505, 0x51000505, 0x53000505, 0x55000505, 0x57000505,
	0x59000505, 0x5b000505, 0x5d000505, 0x9840505, 0xc8d0505, 0x9860505, 0xc910505, 0x0,
	0xfffd0505, 0xfffd0505, 0xfffd0505, 0xfffd0505, 0xfffd0505, 0xfffd0505, 0xfffd0505, 0xfffd0505,
	0xfffd0505, 0xfffd0505, 0xfffd0505, 0xfffd0505, 0xfffd0505, 0xfffd0505, 0xfffd0505, 0xfffd0505,
	0xfffd0505, 0xfffd0505, 0xfffd0505, 0xfffd0505, 0xfffd0505, 0xfffd0505, 0xfffd0505, 0xfffd0505,
	0xfffd0505, 0xfffd0505, 0xfffd0505, 0xfffd0505, 0xfffd0505, 0xfffd0505, 0xfffd0505, 0xfffd0505,
	0xfffd0505, 0xfffd0505, 0xfffd0505, 0xfffd0505, 0xfffd0505, 0xfffd0505, 0xfffd0505, 0xfffd0505,
	0xfffd0505, 0xfffd0505, 0xfffd0505, 0xfffd0505, 0xfffd0505, 0xfffd0505, 0xfffd0505, 0xfffd0505,
	0xfffd0505, 0xfffd0505, 0xfffd0505, 0xfffd0505, 0xfffd0505, 0xfffd0505, 0xfffd0505, 0xfffd0505,
	0xfffd0505, 0xfffd0505, 0xfffd0505, 0xfffd0505, 0xfffd0505, 0xfffd0505, 0xfffd0505, 0xfffd0505,
	0xc0, 0xc0, 0xc0, 0xc0, 0xc0, 0xc0, 0xc0, 0xc0,
	0xc0, 0xc0, 0xc0, 0xc0, 0xc0, 0xc0, 0xc0, 0xc0,
	0xc0, 0xc0, 0xc0, 0xc0, 0xc0, 0xc0, 0xc0, 0xc0,
	0xc0, 0xc0, 0xc0, 0xc0, 0xc0, 0xc0, 0xc0, 0xc0,
	0xc0, 0xc0, 0xc0, 0xc0, 0xc0, 0xc0, 0xc0, 0xc0,
	0xc0, 0xc0, 0xc0, 0xc0, 0xc0, 0xc0, 0xc0, 0xc0,
	0xc0, 0xc0, 0xc0, 0xc0, 0xc0, 0xc0, 0xc0, 0xc0,
	0xc0, 0xc0, 0xc0, 0xc0, 0xc0, 0xc0, 0xc0, 0xc0,
	0x2b9c8ac4, 0x2b9c88c4, 0x2b9c8ec4, 0x2b9c9ac4, 0x2b9c96c4, 0x2b9c92c4, 0x10e2c5, 0x2f9ca0c4,
	0x339c8ac4, 0x339c88c4, 0x339c8ec4, 0x339c96c4, 0x3b9c8ac4, 0x3b9c88c4, 0x3b9c8ec4, 0x3b9c96c4,
	0x310070a0, 0x459c9ac4, 0x479c8ac4, 0x479c88c4, 0x479c8ec4, 0x479c9ac4, 0x479c96c4, 0xc830505,
	0x479c9ec4, 0x539c8ac4, 0x539c88c4, 0x539c8ec4, 0x539c96c4, 0x5b9c88c4, 0x5e2805a0, 0x1122c5,
	0x2b058ac4, 0x2b0588c4, 0x2b058ec4, 0x2b059ac4, 0x2b0596c4, 0x2b0592c4, 0x1162c5, 0x2f05a0c4,
	0x33058ac4, 0x330588c4, 0x33058ec4, 0x330596c4, 0x3b058ac4, 0x3b0588c4, 0x3b058ec4, 0x3b0596c4,
	0x31007005, 0x45059ac4, 0x47058ac4, 0x470588c4, 0x47058ec4, 0x47059ac4, 0x470596c4, 0xc810505,
	0x47059ec4, 0x53058ac4, 0x530588c4, 0x53058ec4, 0x530596c4, 0x5b0588c4, 0x5e280505, 0x5b0596c4,
	0x1cd, 0x1cd, 0x1cd, 0x1cd, 0x1cd, 0x1cd, 0x1cd, 0x1cd,
	0x1cd, 0x1cd, 0x1cd, 0x1cd, 0x1cd, 0x1cd, 0x1cd, 0x1cd,
	0x1cd, 0x1cd, 0x1cd, 0x1cd, 0x1cd, 0x1cd, 0x1cd, 0x1cd,
	0x1cd, 0x1cd, 0x1cd, 0x1cd, 0x1cd, 0x1cd, 0x1cd, 0x1cd,
	0x1cc, 0x1cc, 0x1cc, 0x1cc, 0xc0, 0xc0, 0xc0, 0xc0,
	0xc0, 0xc0, 0xc0, 0xc0, 0xc0, 0xc0, 0xc0, 0xc0,
	0xc0, 0xc0, 0xc0, 0xc0, 0xc0, 0xc0, 0xc0, 0xc0,
	0xc0, 0xc0, 0xc0, 0xc0, 0xc0, 0xc0, 0xc0, 0xc0,
	0xc9, 0xa0c9, 0x160c9, 0x220c9, 0x2e0c9, 0x3a0c9, 0x460c9, 0x520c9,
	0x5e0c9, 0x6a0c9, 0x760c9, 0x820c9, 0x8e0c9, 0x9a0c9, 0xa60c9, 0xb20c9,
	0xbe0c9, 0xca0c9, 0xd60c9, 0xe20c9, 0xee0c9, 0xfa0c9, 0x1060c9, 0x1120c9,
	0x11e0c9, 0x12a0c9, 0x1360c9, 0x1420c9, 0x14e0c9, 0x15a0c9, 0x1660c9, 0x1720c9,
	0x17e0c9, 0x18a0c9, 0x1960c9, 0x1960c9, 0xd42c5, 0xd82c5, 0xdc2c5, 0xe02c5,
	0xe43c5, 0xea2c5, 0xee3c5, 0x1a20c9, 0x1ac0c9, 0x1b80c9, 0x1c40c9, 0xf42c5,
	0xf82c5, 0xfc2c5, 0x1002c5, 0x1042c5, 0x0, 0x0, 0x1d00c9, 0x1de0c9,
	0xc0, 0xc0, 0xc0, 0x1ec0c9, 0xc0, 0xc0, 0xc0, 0xc0,
	0xc0, 0x2020c9, 0xc0, 0xc0, 0x2100c9, 0xc0, 0x77ed03c1, 0x77ed05c1,
	0xf4e705c2, 0xf4ea05c2, 0xf4eb05c2, 0xf4e905c2, 0xc0, 0xf4ec05c2, 0xf4e305c2, 0xf4e405c2,
	0xf4e605c2, 0xf4e505c2, 0xc0, 0xc0, 0xc0, 0xc0, 0xc0, 0xc0,
	0x1083c5, 0xc0, 0xc0, 0xc0, 0xc0, 0xf4e805c2, 0xc0, 0xc0,
	0x1cc, 0x1cc, 0x1cc, 0x1cc, 0x1cc, 0x1cc, 0x1cc, 0x1cc,
	0x1cc, 0x1cc, 0x1cc, 0x1cc, 0x1cc, 0x1cc, 0x1cc, 0x1cc,
	0x1cc, 0x1cc, 0x1cc, 0x1cc, 0x1cc, 0x1cc, 0x1cc, 0x1cc,
	0x1cc, 0x1cc, 0x1cc, 0x1cc, 0x1cc, 0x1cc, 0x1cc, 0x1cc,
	0xc0, 0xc0, 0xc0, 0xc0
};

static constexpr int32_t s_coll_kmTrieIndexLength = 2112;
static constexpr int32_t s_coll_kmTrieDataLength = 516;
static constexpr char32_t s_coll_kmTrieHighStart = 0xe000;
static constexpr int32_t s_coll_kmTrieHighValueIndex = 512;

static constexpr uint32_t s_coll_kmCe32s[151] = {
	0x0, 0x77980505, 0x77ee0505, 0x77644605, 0x77980505, 0x77ee0505, 0x77664605, 0x77980505,
	0x77ee0505, 0x77684605, 0x77980505, 0x77ee0505, 0x776a4605, 0x77980505, 0x77ee0505, 0x776c4605,
	0x77980505, 0x77ee0505, 0x776e4605, 0x77980505, 0x77ee0505, 0x77704605, 0x77980505, 0x77ee0505,
	0x77724605, 0x77980505, 0x77ee0505, 0x77744605, 0x77980505, 0x77ee0505, 0x77764605, 0x77980505,
	0x77ee0505, 0x77784605, 0x77980505, 0x77ee0505, 0x777a4605, 0x77980505, 0x77ee0505, 0x777c4605,
	0x77980505, 0x77ee0505, 0x777e4605, 0x77980505, 0x77ee0505, 0x77804605, 0x77980505, 0x77ee0505,
	0x77824605, 0x77980505, 0x77ee0505, 0x77844605, 0x77980505, 0x77ee0505, 0x77864605, 0x77980505,
	0x77ee0505, 0x77884605, 0x77980505, 0x77ee0505, 0x778a4605, 0x77980505, 0x77ee0505, 0x778c4605,
	0x77980505, 0x77ee0505, 0x778e4605, 0x77980505, 0x77ee0505, 0x77904605, 0x77980505, 0x77ee0505,
	0x77924605, 0x77980505, 0x77ee0505, 0x77944605, 0x77980505, 0x77ee0505, 0x77964605, 0x77980505,
	0x77ee0505, 0x77984605, 0x77980505, 0x77ee0505, 0x779a4605, 0x77980505, 0x77ee0505, 0x779c4605,
	0x77980505, 0x77ee0505, 0x779e4605, 0x77980505, 0x77ee0505, 0x77a04605, 0x77980505, 0x77ee0505,
	0x77a24605, 0x77980505, 0x77ee0505, 0x77a44605, 0x77980505, 0x77ee0505, 0x77a64605, 0x77980505,
	0x77ee0505, 0x77a84605, 0x77a80505, 0x77ce0505, 0x77a80505, 0x77d04605, 0x77a80505, 0x77d24605,
	0x77a80505, 0x77d84605, 0x77a80505, 0x77d84605, 0x77640506, 0x77a80505, 0x77da4605, 0x77a80505,
	0x77da4605, 0x779c0506, 0x77a80505, 0x77e64605, 0x77a80505, 0x77e84605, 0x77a80505, 0x77ea4605,
	0x77a80505, 0x77ea4606, 0x77a80505, 0x77ec4605, 0x9300505, 0x779a0505, 0x9300506, 0x2b0070a0,
	0x330005a2, 0x4f007005, 0x4f000513, 0x2b007005, 0x33000513, 0x12000505, 0x14000505, 0x16000505,
	0x18000505, 0x1a000505, 0x1c000505, 0x1e000505, 0x20000505, 0x22000505, 0x24000505
};

static constexpr int64_t s_coll_kmCes[12] = {
	int64_t(0x7798000005000500ULL), int64_t(0x77ee000005000500ULL), int64_t(0x7799020046000500ULL), int64_t(0x7798000005000500ULL), int64_t(0x77ee000005000500ULL),
	int64_t(0x7799030046000500ULL), int64_t(0x7798000005000500ULL), int64_t(0x77ee000005000500ULL), int64_t(0x779b020046000500ULL), int64_t(0x7798000005000500ULL),
	int64_t(0x77ee000005000500ULL), int64_t(0x779b030046000500ULL)
};

static constexpr char16_t s_coll_kmContexts[271] = {
	0x7764, 0x505, 0x30, 0x17cc, 0xa3c5, 0x7766, 0x505, 0x30, 0x17cc, 0xc000, 0x83c5, 0x7768,
	0x505, 0x30, 0x17cc, 0xc000, 0xe3c5, 0x776a, 0x505, 0x30, 0x17cc, 0xc001, 0x43c5, 0x776c,
	0x505, 0x30, 0x17cc, 0xc001, 0xa3c5, 0x776e, 0x505, 0x30, 0x17cc, 0xc002, 0x3c5, 0x7770,
	0x505, 0x30, 0x17cc, 0xc002, 0x63c5, 0x7772, 0x505, 0x30, 0x17cc, 0xc002, 0xc3c5, 0x7774,
	0x505, 0x30, 0x17cc, 0xc003, 0x23c5, 0x7776, 0x505, 0x30, 0x17cc, 0xc003, 0x83c5, 0x7778,
	0x505, 0x30, 0x17cc, 0xc003, 0xe3c5, 0x777a, 0x505, 0x30, 0x17cc, 0xc004, 0x43c5, 0x777c,
	0x505, 0x30, 0x17cc, 0xc004, 0xa3c5, 0x777e, 0x505, 0x30, 0x17cc, 0xc005, 0x3c5, 0x7780,
	0x505, 0x30, 0x17cc, 0xc005, 0x63c5, 0x7782, 0x505, 0x30, 0x17cc, 0xc005, 0xc3c5, 0x7784,
	0x505, 0x30, 0x17cc, 0xc006, 0x23c5, 0x7786, 0x505, 0x30, 0x17cc, 0xc006, 0x83c5, 0x7788,
	0x505, 0x30, 0x17cc, 0xc006, 0xe3c5, 0x778a, 0x505, 0x30, 0x17cc, 0xc007, 0x43c5, 0x778c,
	0x505, 0x30, 0x17cc, 0xc007, 0xa3c5, 0x778e, 0x505, 0x30, 0x17cc, 0xc008, 0x3c5, 0x7790,
	0x505, 0x30, 0x17cc, 0xc008, 0x63c5, 0x7792, 0x505, 0x30, 0x17cc, 0xc008, 0xc3c5, 0x7794,
	0x505, 0x30, 0x17cc, 0xc009, 0x23c5, 0x7796, 0x505, 0x30, 0x17cc, 0xc009, 0x83c5, 0x7798,
	0x505, 0x30, 0x17cc, 0xc009, 0xe3c5, 0x779a, 0x505, 0x30, 0x17cc, 0xc00a, 0x43c5, 0x779c,
	0x505, 0x30, 0x17cc, 0xc00a, 0xa3c5, 0x779e, 0x505, 0x30, 0x17cc, 0xc00b, 0x3c5, 0x77a0,
	0x505, 0x30, 0x17cc, 0xc00b, 0x63c5, 0x77a2, 0x505, 0x30, 0x17cc, 0xc00b, 0xc3c5, 0x77a4,
	0x505, 0x30, 0x17cc, 0xc00c, 0x23c5, 0x77a6, 0x505, 0x30, 0x17cc, 0xc00c, 0x83c5, 0x77a8,
	0x505, 0x30, 0x17cc, 0xc00c, 0xe3c5, 0x7799, 0x2c1, 0x30, 0x17cc, 0x83c6, 0x7799, 0x3c1,
	0x30, 0x17cc, 0xc000, 0x63c6, 0x779b, 0x2c1, 0x30, 0x17cc, 0xc000, 0xc3c6, 0x779b, 0x3c1,
	0x30, 0x17cc, 0xc001, 0x23c6, 0x77ce, 0x505, 0x30, 0x17c6, 0xffff, 0x77ed, 0x4c1, 0x77d0,
	0x505, 0x30, 0x17c7, 0xffff, 0x77ed, 0x6c1, 0x77d8, 0x505, 0x1, 0x17c6, 0xffff, 0x77ed,
	0x2c1, 0x17c7, 0xffff, 0x77ed, 0x7c1, 0x77e4, 0x505, 0x30, 0x17c7, 0xffff, 0x77ed, 0x8c1,
	0x77ea, 0x505, 0x30, 0x17c7, 0xffff, 0x77ed, 0x9c1
};

static constexpr uint32_t s_coll_kmNumericPrimary = 0x10000000;
static constexpr int32_t s_coll_kmOptions = 0x2011;
static constexpr int32_t s_coll_kmJamoCe32sStart = -1;

static constexpr uint32_t s_coll_kmUnsafeBwd[846] = {
	0x34, 0x35, 0x4c, 0x4d, 0xa0, 0xa1, 0x300, 0x34f, 0x350, 0x370, 0x3a9, 0x3aa,
	0x3e2, 0x3e3, 0x42f, 0x430, 0x483, 0x488, 0x531, 0x532, 0x591, 0x5be, 0x5bf, 0x5c0,
	0x5c1, 0x5c3, 0x5c4, 0x5c6, 0x5c7, 0x5c8, 0x5d0, 0x5d1, 0x610, 0x61b, 0x628, 0x629,
	0x64b, 0x660, 0x670, 0x671, 0x6d6, 0x6dd, 0x6df, 0x6e5, 0x6e7, 0x6e9, 0x6ea, 0x6ee,
	0x710, 0x712, 0x730, 0x74b, 0x78c, 0x78d, 0x7ca, 0x7cb, 0x7eb, 0x7f4, 0x7fd, 0x7fe,
	0x800, 0x801, 0x816, 0x81a, 0x81b, 0x824, 0x825, 0x828, 0x829, 0x82e, 0x840, 0x841,
	0x859, 0x85c, 0x897, 0x8a0, 0x8ca, 0x8e2, 0x8e3, 0x900, 0x905, 0x906, 0x93c, 0x93d,
	0x94d, 0x94e, 0x951, 0x955, 0x995, 0x996, 0x9bc, 0x9bd, 0x9be, 0x9bf, 0x9cd, 0x9ce,
	0x9d7, 0x9d8, 0x9fe, 0x9ff, 0xa15, 0xa16, 0xa3c, 0xa3d, 0xa4d, 0xa4e, 0xa95, 0xa96,
	0xabc, 0xabd, 0xacd, 0xace, 0xb15, 0xb16, 0xb3c, 0xb3d, 0xb3e, 0xb3f, 0xb4d, 0xb4e,
	0xb56, 0xb58, 0xb95, 0xb96, 0xbbe, 0xbbf, 0xbcd, 0xbce, 0xbd7, 0xbd8, 0xc15, 0xc16,
	0xc3c, 0xc3d, 0xc4d, 0xc4e, 0xc55, 0xc57, 0xc95, 0xc96, 0xcbc, 0xcbd, 0xcc2, 0xcc3,
	0xccd, 0xcce, 0xcd5, 0xcd7, 0xd15, 0xd16, 0xd3b, 0xd3d, 0xd3e, 0xd3f, 0xd4d, 0xd4e,
	0xd57, 0xd58, 0xd85, 0xd86, 0xdca, 0xdcb, 0xdcf, 0xdd0, 0xddf, 0xde0, 0xe01, 0xe2f,
	0xe32, 0xe33, 0xe38, 0xe3b, 0xe48, 0xe4c, 0xe81, 0xe83, 0xe84, 0xe85, 0xe86, 0xe8b,
	0xe8c, 0xea4, 0xea5, 0xea6, 0xea7, 0xeaf, 0xeb2, 0xeb3, 0xeb8, 0xebb, 0xec8, 0xecc,
	0xedc, 0xee0, 0xf18, 0xf1a, 0xf35, 0xf36, 0xf37, 0xf38, 0xf39, 0xf3a, 0xf40, 0xf41,
	0xf71, 0xf76, 0xf7a, 0xf7e, 0xf80, 0xf85, 0xf86, 0xf88, 0xfc6, 0xfc7, 0x1000, 0x1001,
	0x102e, 0x102f, 0x1037, 0x1038, 0x1039, 0x103b, 0x108d, 0x108e, 0x10d3, 0x10d4, 0x12a0, 0x12a1,
	0x135d, 0x1360, 0x13c4, 0x13c5, 0x14c0, 0x14c1, 0x168f, 0x1690, 0x16a0, 0x16a1, 0x1703, 0x1704,
	0x1714, 0x1716, 0x1723, 0x1724, 0x1734, 0x1735, 0x1743, 0x1744, 0x1763, 0x1764, 0x1780, 0x1781,
	0x17c6, 0x17c8, 0x17cc, 0x17cd, 0x17d2, 0x17d3, 0x17dd, 0x17de, 0x1826, 0x1827, 0x18a9, 0x18aa,
	0x1900, 0x1901, 0x1939, 0x193c, 0x1950, 0x1951, 0x1980, 0x19ac, 0x1a00, 0x1a01, 0x1a17, 0x1a19,
	0x1a20, 0x1a21, 0x1a60, 0x1a61, 0x1a75, 0x1a7d, 0x1a7f, 0x1a80, 0x1ab0, 0x1abe, 0x1abf, 0x1ade,
	0x1ae0, 0x1aec, 0x1b05, 0x1b06, 0x1b34, 0x1b36, 0x1b44, 0x1b45, 0x1b6b, 0x1b74, 0x1b83, 0x1b84,
	0x1baa, 0x1bac, 0x1bc0, 0x1bc1, 0x1be6, 0x1be7, 0x1bf2, 0x1bf4, 0x1c00, 0x1c01, 0x1c37, 0x1c38,
	0x1c5a, 0x1c5b, 0x1cd0, 0x1cd3, 0x1cd4, 0x1ce1, 0x1ce2, 0x1ce9, 0x1ced, 0x1cee, 0x1cf4, 0x1cf5,
	0x1cf8, 0x1cfa, 0x1dc0, 0x1e00, 0x201c, 0x201d, 0x20ac, 0x20ad, 0x20d0, 0x20dd, 0x20e1, 0x20e2,
	0x20e5, 0x20f1, 0x263a, 0x263b, 0x2c00, 0x2c01, 0x2cef, 0x2cf2, 0x2d30, 0x2d31, 0x2d7f, 0x2d80,
	0x2de0, 0x2e00, 0x302a, 0x3030, 0x304b, 0x304c, 0x3099, 0x309b, 0x30ab, 0x30ac, 0x3105, 0x3106,
	0x5b57, 0x5b58, 0xa288, 0xa289, 0xa4d0, 0xa4d1, 0xa549, 0xa54a, 0xa66f, 0xa670, 0xa674, 0xa67e,
	0xa69e, 0xa6a1, 0xa6f0, 0xa6f2, 0xa800, 0xa801, 0xa806, 0xa807, 0xa82c, 0xa82d, 0xa840, 0xa841,
	0xa882, 0xa883, 0xa8c4, 0xa8c5, 0xa8e0, 0xa8f2, 0xa90a, 0xa90b, 0xa92b, 0xa92e, 0xa930, 0xa931,
	0xa953, 0xa954, 0xa984, 0xa985, 0xa9b3, 0xa9b4, 0xa9c0, 0xa9c1, 0xaa00, 0xaa01, 0xaa80, 0xaab1,
	0xaab2, 0xaab5, 0xaab7, 0xaab9, 0xaabe, 0xaac0, 0xaac1, 0xaac2, 0xaaf6, 0xaaf7, 0xabc0, 0xabc1,
	0xabed, 0xabee, 0xac00, 0xac01, 0xd800, 0xd809, 0xd80b, 0xd80d, 0xd811, 0xd812, 0xd818, 0xd819,
	0xd81a, 0xd81c, 0xd820, 0xd821, 0xd823, 0xd824, 0xd82c, 0xd82d, 0xd82f, 0xd830, 0xd834, 0xd835,
	0xd838, 0xd83b, 0xdc00, 0xe000, 0xfb1e, 0xfb1f, 0xfdd0, 0xfdd1, 0xfe20, 0xfe30, 0x10000, 0x10001,
	0x101fd, 0x101fe, 0x10280, 0x10281, 0x102a0, 0x102a1, 0x102e0, 0x102e1, 0x10300, 0x10301, 0x10330, 0x10331,
	0x1036b, 0x1036c, 0x10376, 0x1037b, 0x10380, 0x10381, 0x103a0, 0x103a1, 0x10414, 0x10415, 0x10450, 0x10451,
	0x10480, 0x10481, 0x104b5, 0x104b6, 0x10500, 0x10501, 0x10537, 0x10538, 0x10582, 0x10583, 0x105c2, 0x105c3,
	0x10647, 0x10648, 0x10800, 0x10801, 0x10840, 0x10841, 0x10873, 0x10874, 0x10896, 0x10897, 0x108f4, 0x108f5,
	0x10900, 0x10901, 0x10920, 0x10921, 0x10950, 0x10951, 0x10980, 0x10981, 0x109a0, 0x109a1, 0x10a00, 0x10a01,
	0x10a0d, 0x10a0e, 0x10a0f, 0x10a10, 0x10a38, 0x10a3b, 0x10a3f, 0x10a40, 0x10a60, 0x10a61, 0x10a95, 0x10a96,
	0x10ad8, 0x10ad9, 0x10ae5, 0x10ae7, 0x10b00, 0x10b01, 0x10b40, 0x10b41, 0x10b60, 0x10b61, 0x10b8f, 0x10b90,
	0x10c00, 0x10c01, 0x10ca1, 0x10ca2, 0x10d12, 0x10d13, 0x10d24, 0x10d28, 0x10d5d, 0x10d5e, 0x10d69, 0x10d6e,
	0x10e88, 0x10e89, 0x10eab, 0x10ead, 0x10efa, 0x10efc, 0x10efd, 0x10f00, 0x10f19, 0x10f1a, 0x10f42, 0x10f43,
	0x10f46, 0x10f51, 0x10f7c, 0x10f7d, 0x10f82, 0x10f86, 0x10fbf, 0x10fc0, 0x10ff1, 0x10ff2, 0x11005, 0x11006,
	0x11046, 0x11047, 0x11070, 0x11071, 0x1107f, 0x11080, 0x11083, 0x11084, 0x110b9, 0x110bb, 0x110d0, 0x110d1,
	0x11100, 0x11104, 0x11127, 0x11128, 0x11133, 0x11135, 0x11152, 0x11153, 0x11173, 0x11174, 0x11183, 0x11184,
	0x111c0, 0x111c1, 0x111ca, 0x111cb, 0x11208, 0x11209, 0x11235, 0x11237, 0x1128f, 0x11290, 0x112be, 0x112bf,
	0x112e9, 0x112eb, 0x11315, 0x11316, 0x1133b, 0x1133d, 0x1133e, 0x1133f, 0x1134d, 0x1134e, 0x11357, 0x11358,
	0x11366, 0x1136d, 0x11370, 0x11375, 0x11392, 0x11393, 0x113b8, 0x113b9, 0x113bb, 0x113bc, 0x113c2, 0x113c3,
	0x113c9, 0x113ca, 0x113ce, 0x113d1, 0x11412, 0x11413, 0x11442, 0x11443, 0x11446, 0x11447, 0x1145e, 0x1145f,
	0x11484, 0x11485, 0x114b0, 0x114b1, 0x114ba, 0x114bb, 0x114bd, 0x114be, 0x114c2, 0x114c4, 0x1158e, 0x1158f,
	0x115af, 0x115b0, 0x115bf, 0x115c1, 0x1160e, 0x1160f, 0x1163f, 0x11640, 0x11680, 0x11681, 0x116b6, 0x116b8,
	0x11717, 0x11718, 0x1172b, 0x1172c, 0x1180b, 0x1180c, 0x11839, 0x1183b, 0x118b4, 0x118b5, 0x1190c, 0x1190d,
	0x11930, 0x11931, 0x1193d, 0x1193f, 0x11943, 0x11944, 0x119ce, 0x119cf, 0x119e0, 0x119e1, 0x11a0b, 0x11a0c,
	0x11a34, 0x11a35, 0x11a47, 0x11a48, 0x11a5c, 0x11a5d, 0x11a99, 0x11a9a, 0x11ac0, 0x11ac1, 0x11bc4, 0x11bc5,
	0x11c0e, 0x11c0f, 0x11c3f, 0x11c40, 0x11c72, 0x11c73, 0x11d10, 0x11d11, 0x11d42, 0x11d43, 0x11d44, 0x11d46,
	0x11d71, 0x11d72, 0x11d97, 0x11d98, 0x11dc6, 0x11dc7, 0x11ee5, 0x11ee6, 0x11f1b, 0x11f1c, 0x11f41, 0x11f43,
	0x12000, 0x12001, 0x12fe5, 0x12fe6, 0x13153, 0x13154, 0x14400, 0x14401, 0x1611c, 0x1611d, 0x1611e, 0x16121,
	0x16123, 0x16126, 0x16129, 0x1612a, 0x1612f, 0x16130, 0x16a4f, 0x16a50, 0x16abc, 0x16abd, 0x16ae6, 0x16ae7,
	0x16af0, 0x16af5, 0x16b1c, 0x16b1d, 0x16b30, 0x16b37, 0x16d45, 0x16d46, 0x16d67, 0x16d69, 0x16e40, 0x16e41,
	0x16ea1, 0x16ea2, 0x16f00, 0x16f01, 0x16ff0, 0x16ff2, 0x18229, 0x1822a, 0x18c65, 0x18c66, 0x1b1c4, 0x1b1c5,
	0x1bc20, 0x1bc21, 0x1bc9e, 0x1bc9f, 0x1d165, 0x1d16a, 0x1d16d, 0x1d173, 0x1d17b, 0x1d183, 0x1d185, 0x1d18c,
	0x1d1aa, 0x1d1ae, 0x1d242, 0x1d245, 0x1e000, 0x1e007, 0x1e008, 0x1e019, 0x1e01b, 0x1e022, 0x1e023, 0x1e025,
	0x1e026, 0x1e02b, 0x1e08f, 0x1e090, 0x1e108, 0x1e109, 0x1e130, 0x1e137, 0x1e290, 0x1e291, 0x1e2ae, 0x1e2af,
	0x1e2e1, 0x1e2e2, 0x1e2ec, 0x1e2f0, 0x1e4e6, 0x1e4e7, 0x1e4ec, 0x1e4f0, 0x1e5d0, 0x1e5d1, 0x1e5ee, 0x1e5f0,
	0x1e6d5, 0x1e6d6, 0x1e6e3, 0x1e6e4, 0x1e6e6, 0x1e6e7, 0x1e6ee, 0x1e6f0, 0x1e6f5, 0x1e6f6, 0x1e802, 0x1e803,
	0x1e8d0, 0x1e8d7, 0x1e909, 0x1e90a, 0x1e944, 0x1e94b
};

static constexpr int32_t s_coll_kmUnsafeBwdLength = 846;

static constexpr uint32_t s_coll_kmReorderRanges[2] = {
	0x77620000, 0x7800ffb1
};

static constexpr uint8_t s_coll_kmReorderTable[256] = {
	0, 1, 2, 3, 4, 5, 6, 7, 8, 9, 10, 11, 12, 13, 14, 15, 16, 17, 18, 19, 20, 21, 22, 23, 24, 25, 26, 27, 28, 29, 30, 31,
	32, 33, 34, 35, 36, 37, 38, 39, 40, 41, 42, 43, 44, 45, 46, 47, 48, 49, 50, 51, 52, 53, 54, 55, 56, 57, 58, 59, 60, 61, 62, 63,
	64, 65, 66, 67, 68, 69, 70, 71, 72, 73, 74, 75, 76, 77, 78, 79, 80, 81, 82, 83, 84, 85, 86, 87, 88, 89, 90, 91, 92, 93, 94, 95,
	96, 97, 98, 99, 100, 101, 102, 103, 104, 105, 106, 107, 108, 109, 110, 111, 112, 113, 114, 115, 116, 117, 118, 0, 120, 121, 122, 123, 124, 125, 126, 127,
	128, 129, 130, 131, 132, 133, 134, 135, 136, 137, 138, 139, 140, 141, 142, 143, 144, 145, 146, 147, 148, 149, 150, 151, 152, 153, 154, 155, 156, 157, 158, 159,
	160, 161, 162, 163, 164, 165, 166, 167, 168, 169, 170, 171, 172, 173, 174, 175, 176, 177, 178, 179, 180, 181, 182, 183, 184, 185, 186, 187, 188, 189, 190, 191,
	192, 193, 194, 195, 196, 197, 198, 199, 200, 201, 202, 203, 204, 205, 206, 207, 208, 209, 210, 211, 212, 213, 214, 215, 216, 217, 218, 219, 220, 221, 222, 223,
	224, 225, 226, 227, 228, 229, 230, 231, 232, 233, 234, 235, 236, 237, 238, 239, 240, 241, 242, 243, 244, 245, 246, 247, 248, 249, 250, 251, 252, 253, 254, 255
};

static constexpr uint32_t s_coll_loNumericPrimary = 0x10000000;
static constexpr int32_t s_coll_loOptions = 0x2010;
static constexpr int32_t s_coll_loJamoCe32sStart = -1;

static constexpr uint32_t s_coll_loReorderRanges[2] = {
	0x75000000, 0x7584ffb3
};

static constexpr uint8_t s_coll_loReorderTable[256] = {
	0, 1, 2, 3, 4, 5, 6, 7, 8, 9, 10, 11, 12, 13, 14, 15, 16, 17, 18, 19, 20, 21, 22, 23, 24, 25, 26, 27, 28, 29, 30, 31,
	32, 33, 34, 35, 36, 37, 38, 39, 40, 41, 42, 43, 44, 45, 46, 47, 48, 49, 50, 51, 52, 53, 54, 55, 56, 57, 58, 59, 60, 61, 62, 63,
	64, 65, 66, 67, 68, 69, 70, 71, 72, 73, 74, 75, 76, 77, 78, 79, 80, 81, 82, 83, 84, 85, 86, 87, 88, 89, 90, 91, 92, 93, 94, 95,
	96, 97, 98, 99, 100, 101, 102, 103, 104, 105, 106, 107, 108, 109, 110, 111, 112, 113, 114, 115, 116, 0, 118, 119, 120, 121, 122, 123, 124, 125, 126, 127,
	128, 129, 130, 131, 132, 133, 134, 135, 136, 137, 138, 139, 140, 141, 142, 143, 144, 145, 146, 147, 148, 149, 150, 151, 152, 153, 154, 155, 156, 157, 158, 159,
	160, 161, 162, 163, 164, 165, 166, 167, 168, 169, 170, 171, 172, 173, 174, 175, 176, 177, 178, 179, 180, 181, 182, 183, 184, 185, 186, 187, 188, 189, 190, 191,
	192, 193, 194, 195, 196, 197, 198, 199, 200, 201, 202, 203, 204, 205, 206, 207, 208, 209, 210, 211, 212, 213, 214, 215, 216, 217, 218, 219, 220, 221, 222, 223,
	224, 225, 226, 227, 228, 229, 230, 231, 232, 233, 234, 235, 236, 237, 238, 239, 240, 241, 242, 243, 244, 245, 246, 247, 248, 249, 250, 251, 252, 253, 254, 255
};

static constexpr uint16_t s_coll_myTrieIndex[2112] = {
	0x0, 0x8, 0x10, 0x18, 0x30, 0x38, 0x40, 0x48, 0x30, 0x38, 0x30, 0x38, 0x30, 0x38, 0x30, 0x38,
	0x30, 0x38, 0x30, 0x38, 0x30, 0x38, 0x30, 0x38, 0x30, 0x38, 0x30, 0x38, 0x30, 0x38, 0x30, 0x38,
	0x30, 0x38, 0x30, 0x38, 0x30, 0x38, 0x30, 0x38, 0x30, 0x38, 0x30, 0x38, 0x30, 0x38, 0x30, 0x38,
	0x30, 0x38, 0x30, 0x38, 0x30, 0x38, 0x30, 0x38, 0x30, 0x38, 0x30, 0x38, 0x30, 0x38, 0x30, 0x38,
	0x30, 0x30, 0x30, 0x30, 0x30, 0x30, 0x30, 0x30, 0x30, 0x30, 0x30, 0x30, 0x30, 0x30, 0x30, 0x30,
	0x30, 0x30, 0x30, 0x30, 0x30, 0x30, 0x30, 0x30, 0x30, 0x30, 0x30, 0x30, 0x30, 0x30, 0x30, 0x30,
	0x30, 0x30, 0x30, 0x30, 0x30, 0x30, 0x30, 0x30, 0x30, 0x30, 0x30, 0x30, 0x30, 0x30, 0x30, 0x30,
	0x30, 0x30, 0x30, 0x30, 0x30, 0x30, 0x30, 0x30, 0x30, 0x30, 0x30, 0x30, 0x30, 0x30, 0x30, 0x30,
	0x60, 0x68, 0x70, 0x78, 0x80, 0x30, 0x30, 0x30, 0x30, 0x30, 0x30, 0x30, 0x30, 0x30, 0x30, 0x30,
	0x30, 0x30, 0x30, 0x30, 0x30, 0x30, 0x30, 0x30, 0x30, 0x30, 0x30, 0x30, 0x30, 0x30, 0x30, 0x30,
	0x30, 0x30, 0x30, 0x30, 0x30, 0x30, 0x30, 0x30, 0x30, 0x30, 0x30, 0x30, 0x30, 0x30, 0x30, 0x30,
	0x30, 0x30, 0x30, 0x30, 0x30, 0x30, 0x30, 0x30, 0x30, 0x30, 0x30, 0x30, 0x30, 0x30, 0x30, 0x30,
	0x30, 0x30, 0x30, 0x30, 0x30, 0x30, 0x30, 0x30, 0x30, 0x30, 0x30, 0x30, 0x30, 0x30, 0x30, 0x30,
	0x30, 0x30, 0x30, 0x30, 0x30, 0x30, 0x30, 0x30, 0x30, 0x30, 0x30, 0x30, 0x30, 0x30, 0x30, 0x30,
	0x30, 0x30, 0x30, 0x30, 0x30, 0x30, 0x30, 0x30, 0x30, 0x30, 0x30, 0x30, 0x30, 0x30, 0x30, 0x30,
	0x30, 0x30, 0x30, 0x30, 0x30, 0x30, 0x30, 0x30, 0x30, 0x30, 0x30, 0x30, 0x30, 0x30, 0x30, 0x30,
	0x30, 0x30, 0x30, 0x30, 0x30, 0x30, 0x30, 0x30, 0x30, 0x30, 0x30, 0x30, 0x30, 0x30, 0x30, 0x30,
	0x30, 0x30, 0x30, 0x30, 0x30, 0x30, 0x30, 0x30, 0x30, 0x30, 0x30, 0x30, 0x30, 0x30, 0x30, 0x30,
	0x30, 0x30, 0x30, 0x30, 0x30, 0x30, 0x30, 0x30, 0x30, 0x30, 0x30, 0x30, 0x30, 0x30, 0x30, 0x30,
	0x30, 0x30, 0x30, 0x30, 0x30, 0x30, 0x30, 0x30, 0x30, 0x30, 0x30, 0x30, 0x30, 0x30, 0x30, 0x30,
	0x30, 0x30, 0x30, 0x30, 0x30, 0x30, 0x30, 0x30, 0x30, 0x30, 0x30, 0x30, 0x30, 0x30, 0x30, 0x30,
	0x30, 0x30, 0x30, 0x30, 0x30, 0x30, 0x30, 0x30, 0x30, 0x30, 0x30, 0x30, 0x30, 0x30, 0x30, 0x30,
	0x30, 0x30, 0x30, 0x30, 0x30, 0x30, 0x30, 0x30, 0x30, 0x30, 0x30, 0x30, 0x30, 0x30, 0x30, 0x30,
	0x30, 0x30, 0x30, 0x30, 0x30, 0x30, 0x30, 0x30, 0x30, 0x30, 0x30, 0x30, 0x30, 0x30, 0x30, 0x30,
	0x30, 0x30, 0x30, 0x30, 0x30, 0x30, 0x30, 0x30, 0x30, 0x30, 0x30, 0x30, 0x30, 0x30, 0x30, 0x30,
	0x30, 0x30, 0x30, 0x30, 0x30, 0x30, 0x30, 0x30, 0x30, 0x30, 0x30, 0x30, 0x30, 0x30, 0x30, 0x30,
	0x30, 0x30, 0x30, 0x30, 0x30, 0x30, 0x30, 0x30, 0x30, 0x30, 0x30, 0x30, 0x30, 0x30, 0x30, 0x30,
	0x30, 0x30, 0x30, 0x30, 0x30, 0x30, 0x30, 0x30, 0x30, 0x30, 0x30, 0x30, 0x30, 0x30, 0x30, 0x30,
	0x30, 0x30, 0x30, 0x30, 0x30, 0x30, 0x30, 0x30, 0x30, 0x30, 0x30, 0x30, 0x30, 0x30, 0x30, 0x30,
	0x30, 0x30, 0x30, 0x30, 0x30, 0x30, 0x30, 0x30, 0x30, 0x30, 0x30, 0x30, 0x30, 0x30, 0x30, 0x30,
	0x30, 0x30, 0x30, 0x30, 0x30, 0x30, 0x30, 0x30, 0x30, 0x30, 0x30, 0x30, 0x30, 0x30, 0x30, 0x30,
	0x30, 0x30, 0x30, 0x30, 0x30, 0x30, 0x30, 0x30, 0x30, 0x30, 0x30, 0x30, 0x30, 0x30, 0x30, 0x30,
	0x30, 0x30, 0x30, 0x30, 0x30, 0x30, 0x30, 0x30, 0x30, 0x30, 0x30, 0x30, 0x30, 0x30, 0x30, 0x30,
	0x30, 0x30, 0x30, 0x30, 0x30, 0x30, 0x30, 0x30, 0x30, 0x30, 0x30, 0x30, 0x30, 0x30, 0x30, 0x30,
	0x30, 0x30, 0x30, 0x30, 0x30, 0x30, 0x30, 0x30, 0x30, 0x30, 0x30, 0x30, 0x30, 0x30, 0x30, 0x30,
	0x30, 0x30, 0x30, 0x30, 0x30, 0x30, 0x30, 0x30, 0x30, 0x30, 0x30, 0x30, 0x30, 0x30, 0x30, 0x30,
	0x30, 0x30, 0x30, 0x30, 0x30, 0x30, 0x30, 0x30, 0x30, 0x30, 0x30, 0x30, 0x30, 0x30, 0x30, 0x30,
	0x30, 0x30, 0x30, 0x30, 0x30, 0x30, 0x30, 0x30, 0x30, 0x30, 0x30, 0x30, 0x30, 0x30, 0x30, 0x30,
	0x30, 0x30, 0x30, 0x30, 0x30, 0x30, 0x30, 0x30, 0x30, 0x30, 0x30, 0x30, 0x30, 0x30, 0x30, 0x30,
	0x30, 0x30, 0x30, 0x30, 0x30, 0x30, 0x30, 0x30, 0x30, 0x30, 0x30, 0x30, 0x30, 0x30, 0x30, 0x30,
	0x30, 0x30, 0x30, 0x30, 0x30, 0x30, 0x30, 0x30, 0x30, 0x30, 0x30, 0x30, 0x30, 0x30, 0x30, 0x30,
	0x30, 0x30, 0x30, 0x30, 0x30, 0x30, 0x30, 0x30, 0x30, 0x30, 0x30, 0x30, 0x30, 0x30, 0x30, 0x30,
	0x30, 0x30, 0x30, 0x30, 0x30, 0x30, 0x30, 0x30, 0x30, 0x30, 0x30, 0x30, 0x30, 0x30, 0x30, 0x30,
	0x30, 0x30, 0x30, 0x30, 0x30, 0x30, 0x30, 0x30, 0x30, 0x30, 0x30, 0x30, 0x30, 0x30, 0x30, 0x30,
	0x30, 0x30, 0x30, 0x30, 0x30, 0x30, 0x30, 0x30, 0x30, 0x30, 0x30, 0x30, 0x30, 0x30, 0x30, 0x30,
	0x30, 0x30, 0x30, 0x30, 0x30, 0x30, 0x30, 0x30, 0x30, 0x30, 0x30, 0x30, 0x30, 0x30, 0x30, 0x30,
	0x30, 0x30, 0x30, 0x30, 0x30, 0x30, 0x30, 0x30, 0x30, 0x30, 0x30, 0x30, 0x30, 0x30, 0x30, 0x30,
	0x30, 0x30, 0x30, 0x30, 0x30, 0x30, 0x30, 0x30, 0x30, 0x30, 0x30, 0x30, 0x30, 0x30, 0x30, 0x30,
	0x30, 0x30, 0x30, 0x30, 0x30, 0x30, 0x30, 0x30, 0x30, 0x30, 0x30, 0x30, 0x30, 0x30, 0x30, 0x30,
	0x30, 0x30, 0x30, 0x30, 0x30, 0x30, 0x30, 0x30, 0x30, 0x30, 0x30, 0x30, 0x30, 0x30, 0x30, 0x30,
	0x30, 0x30, 0x30, 0x30, 0x30, 0x30, 0x30, 0x30, 0x30, 0x30, 0x30, 0x30, 0x30, 0x30, 0x30, 0x30,
	0x30, 0x30, 0x30, 0x30, 0x30, 0x30, 0x30, 0x30, 0x30, 0x30, 0x30, 0x30, 0x30, 0x30, 0x30, 0x30,
	0x30, 0x30, 0x30, 0x30, 0x30, 0x30, 0x30, 0x30, 0x30, 0x30, 0x30, 0x30, 0x30, 0x30, 0x30, 0x30,
	0x30, 0x30, 0x30, 0x30, 0x30, 0x30, 0x30, 0x30, 0x30, 0x30, 0x30, 0x30, 0x30, 0x30, 0x30, 0x30,
	0x30, 0x30, 0x30, 0x30, 0x30, 0x30, 0x30, 0x30, 0x30, 0x30, 0x30, 0x30, 0x30, 0x30, 0x30, 0x30,
	0x30, 0x30, 0x30, 0x30, 0x30, 0x30, 0x30, 0x30, 0x30, 0x30, 0x30, 0x30, 0x30, 0x30, 0x30, 0x30,
	0x30, 0x30, 0x30, 0x30, 0x30, 0x30, 0x30, 0x30, 0x30, 0x30, 0x30, 0x30, 0x30, 0x30, 0x30, 0x30,
	0x30, 0x30, 0x30, 0x30, 0x30, 0x30, 0x30, 0x30, 0x30, 0x30, 0x30, 0x30, 0x30, 0x30, 0x30, 0x30,
	0x30, 0x30, 0x30, 0x30, 0x30, 0x30, 0x30, 0x30, 0x30, 0x30, 0x30, 0x30, 0x30, 0x30, 0x30, 0x30,
	0x30, 0x30, 0x30, 0x30, 0x30, 0x30, 0x30, 0x30, 0x30, 0x30, 0x30, 0x30, 0x30, 0x30, 0x30, 0x30,
	0x30, 0x30, 0x30, 0x30, 0x30, 0x30, 0x30, 0x30, 0x30, 0x30, 0x30, 0x30, 0x30, 0x30, 0x30, 0x30,
	0x30, 0x30, 0x30, 0x30, 0x30, 0x30, 0x30, 0x30, 0x30, 0x30, 0x30, 0x30, 0x30, 0x30, 0x30, 0x30,
	0x30, 0x30, 0x30, 0x30, 0x30, 0x30, 0x30, 0x30, 0x30, 0x30, 0x30, 0x30, 0x30, 0x30, 0x30, 0x30,
	0x30, 0x30, 0x30, 0x30, 0x30, 0x30, 0x30, 0x30, 0x30, 0x30, 0x30, 0x30, 0x30, 0x30, 0x30, 0x30,
	0x30, 0x30, 0x30, 0x30, 0x30, 0x30, 0x30, 0x30, 0x30, 0x30, 0x30, 0x30, 0x30, 0x30, 0x30, 0x30,
	0x30, 0x30, 0x30, 0x30, 0x30, 0x30, 0x30, 0x30, 0x30, 0x30, 0x30, 0x30, 0x30, 0x30, 0x30, 0x30,
	0x30, 0x30, 0x30, 0x30, 0x30, 0x30, 0x30, 0x30, 0x30, 0x30, 0x30, 0x30, 0x30, 0x30, 0x30, 0x30,
	0x30, 0x30, 0x30, 0x30, 0x30, 0x30, 0x30, 0x30, 0x30, 0x30, 0x30, 0x30, 0x30, 0x30, 0x30, 0x30,
	0x30, 0x30, 0x30, 0x30, 0x30, 0x30, 0x30, 0x30, 0x30, 0x30, 0x30, 0x30, 0x30, 0x30, 0x30, 0x30,
	0x30, 0x30, 0x30, 0x30, 0x30, 0x30, 0x30, 0x30, 0x30, 0x30, 0x30, 0x30, 0x30, 0x30, 0x30, 0x30,
	0x30, 0x30, 0x30, 0x30, 0x30, 0x30, 0x30, 0x30, 0x30, 0x30, 0x30, 0x30, 0x30, 0x30, 0x30, 0x30,
	0x30, 0x30, 0x30, 0x30, 0x30, 0x30, 0x30, 0x30, 0x30, 0x30, 0x30, 0x30, 0x30, 0x30, 0x30, 0x30,
	0x30, 0x30, 0x30, 0x30, 0x30, 0x30, 0x30, 0x30, 0x30, 0x30, 0x30, 0x30, 0x30, 0x30, 0x30, 0x30,
	0x30, 0x30, 0x30, 0x30, 0x30, 0x30, 0x30, 0x30, 0x30, 0x30, 0x30, 0x30, 0x30, 0x30, 0x30, 0x30,
	0x30, 0x30, 0x30, 0x30, 0x30, 0x30, 0x30, 0x30, 0x30, 0x30, 0x30, 0x30, 0x30, 0x30, 0x30, 0x30,
	0x30, 0x30, 0x30, 0x30, 0x30, 0x30, 0x30, 0x30, 0x30, 0x30, 0x30, 0x30, 0x30, 0x30, 0x30, 0x30,
	0x30, 0x30, 0x30, 0x30, 0x30, 0x30, 0x30, 0x30, 0x30, 0x30, 0x30, 0x30, 0x30, 0x30, 0x30, 0x30,
	0x30, 0x30, 0x30, 0x30, 0x30, 0x30, 0x30, 0x30, 0x30, 0x30, 0x30, 0x30, 0x30, 0x30, 0x30, 0x30,
	0x30, 0x30, 0x30, 0x30, 0x30, 0x30, 0x30, 0x30, 0x30, 0x30, 0x30, 0x30, 0x30, 0x30, 0x30, 0x30,
	0x30, 0x30, 0x30, 0x30, 0x30, 0x30, 0x30, 0x30, 0x30, 0x30, 0x30, 0x30, 0x30, 0x30, 0x30, 0x30,
	0x30, 0x30, 0x30, 0x30, 0x30, 0x30, 0x30, 0x30, 0x30, 0x30, 0x30, 0x30, 0x30, 0x30, 0x30, 0x30,
	0x30, 0x30, 0x30, 0x30, 0x30, 0x30, 0x30, 0x30, 0x30, 0x30, 0x30, 0x30, 0x30, 0x30, 0x30, 0x30,
	0x30, 0x30, 0x30, 0x30, 0x30, 0x30, 0x30, 0x30, 0x30, 0x30, 0x30, 0x30, 0x30, 0x30, 0x30, 0x30,
	0x30, 0x30, 0x30, 0x30, 0x30, 0x30, 0x30, 0x30, 0x30, 0x30, 0x30, 0x30, 0x30, 0x30, 0x30, 0x30,
	0x30, 0x30, 0x30, 0x30, 0x30, 0x30, 0x30, 0x30, 0x30, 0x30, 0x30, 0x30, 0x30, 0x30, 0x30, 0x30,
	0x30, 0x30, 0x30, 0x30, 0x30, 0x30, 0x30, 0x30, 0x30, 0x30, 0x30, 0x30, 0x30, 0x30, 0x30, 0x30,
	0x88, 0x88, 0x88, 0x88, 0x88, 0x88, 0x88, 0x88, 0x88, 0x88, 0x88, 0x88, 0x88, 0x88, 0x88, 0x88,
	0x88, 0x88, 0x88, 0x88, 0x88, 0x88, 0x88, 0x88, 0x88, 0x88, 0x88, 0x88, 0x88, 0x88, 0x88, 0x88,
	0x88, 0x88, 0x88, 0x88, 0x88, 0x88, 0x88, 0x88, 0x88, 0x88, 0x88, 0x88, 0x88, 0x88, 0x88, 0x88,
	0x88, 0x88, 0x88, 0x88, 0x88, 0x88, 0x88, 0x88, 0x88, 0x88, 0x88, 0x88, 0x88, 0x88, 0x88, 0x88,
	0x88, 0x88, 0x88, 0x88, 0x88, 0x88, 0x88, 0x88, 0x88, 0x88, 0x88, 0x88, 0x88, 0x88, 0x88, 0x88,
	0x88, 0x88, 0x88, 0x88, 0x88, 0x88, 0x88, 0x88, 0x88, 0x88, 0x88, 0x88, 0x88, 0x88, 0x88, 0x88,
	0x88, 0x88, 0x88, 0x88, 0x88, 0x88, 0x88, 0x88, 0x88, 0x88, 0x88, 0x88, 0x88, 0x88, 0x88, 0x88,
	0x88, 0x88, 0x88, 0x88, 0x88, 0x88, 0x88, 0x88, 0x88, 0x88, 0x88, 0x88, 0x88, 0x88, 0x88, 0x88,
	0x88, 0x88, 0x88, 0x88, 0x88, 0x88, 0x88, 0x88, 0x88, 0x88, 0x88, 0x88, 0x88, 0x88, 0x88, 0x88,
	0x88, 0x88, 0x88, 0x88, 0x88, 0x88, 0x88, 0x88, 0x88, 0x88, 0x88, 0x88, 0x88, 0x88, 0x88, 0x88,
	0x88, 0x88, 0x88, 0x88, 0x88, 0x88, 0x88, 0x88, 0x88, 0x88, 0x88, 0x88, 0x88, 0x88, 0x88, 0x88,
	0x88, 0x88, 0x88, 0x88, 0x88, 0x88, 0x88, 0x88, 0x88, 0x88, 0x88, 0x88, 0x88, 0x88, 0x88, 0x88,
	0x88, 0x88, 0x88, 0x88, 0x88, 0x88, 0x88, 0x88, 0x88, 0x88, 0x88, 0x88, 0x88, 0x88, 0x88, 0x88,
	0x88, 0x88, 0x88, 0x88, 0x88, 0x88, 0x88, 0x88, 0x88, 0x88, 0x88, 0x88, 0x88, 0x88, 0x88, 0x88,
	0x88, 0x88, 0x88, 0x88, 0x88, 0x88, 0x88, 0x88, 0x88, 0x88, 0x88, 0x88, 0x88, 0x88, 0x88, 0x88,
	0x88, 0x88, 0x88, 0x88, 0x88, 0x88, 0x88, 0x88, 0x88, 0x88, 0x88, 0x88, 0x88, 0x88, 0x88, 0x88,
	0x88, 0x88, 0x88, 0x88, 0x88, 0x88, 0x88, 0x88, 0x88, 0x88, 0x88, 0x88, 0x88, 0x88, 0x88, 0x88,
	0x88, 0x88, 0x88, 0x88, 0x88, 0x88, 0x88, 0x88, 0x88, 0x88, 0x88, 0x88, 0x88, 0x88, 0x88, 0x88,
	0x88, 0x88, 0x88, 0x88, 0x88, 0x88, 0x88, 0x88, 0x88, 0x88, 0x88, 0x88, 0x88, 0x88, 0x88, 0x88,
	0x88, 0x88, 0x88, 0x88, 0x88, 0x88, 0x88, 0x88, 0x88, 0x88, 0x88, 0x88, 0x88, 0x88, 0x88, 0x88,
	0x88, 0x88, 0x88, 0x88, 0x88, 0x88, 0x88, 0x88, 0x88, 0x88, 0x88, 0x88, 0x88, 0x88, 0x88, 0x88,
	0x88, 0x88, 0x88, 0x88, 0x88, 0x88, 0x88, 0x88, 0x88, 0x88, 0x88, 0x88, 0x88, 0x58, 0x30, 0x30,
	0x50, 0x50, 0x50, 0x50, 0x50, 0x50, 0x50, 0x50, 0x50, 0x50, 0x50, 0x50, 0x50, 0x50, 0x50, 0x50,
	0x50, 0x50, 0x50, 0x50, 0x50, 0x50, 0x50, 0x50, 0x50, 0x50, 0x50, 0x50, 0x50, 0x50, 0x50, 0x50,
	0x30, 0x30, 0x30, 0x30, 0x30, 0x30, 0x30, 0x30, 0x30, 0x30, 0x30, 0x30, 0x30, 0x30, 0x30, 0x30,
	0x30, 0x30, 0x30, 0x30, 0x30, 0x30, 0x30, 0x30, 0x30, 0x30, 0x30, 0x30, 0x30, 0x30, 0x30, 0x30,
	0x30, 0x30, 0x30, 0x30, 0x30, 0x30, 0x30, 0x30, 0x30, 0x30, 0x30, 0x30, 0x30, 0x30, 0x30, 0x30,
	0x30, 0x30, 0x30, 0x30, 0x30, 0x30, 0x30, 0x30, 0x30, 0x30, 0x30, 0x30, 0x30, 0x30, 0x30, 0x30,
	0x30, 0x30, 0x30, 0x30, 0x30, 0x30, 0x30, 0x30, 0x30, 0x30, 0x30, 0x30, 0x30, 0x30, 0x30, 0x30,
	0x30, 0x30, 0x30, 0x30, 0x30, 0x30, 0x30, 0x30, 0x30, 0x30, 0x30, 0x30, 0x30, 0x30, 0x30, 0x30,
	0x30, 0x30, 0x30, 0x30, 0x30, 0x30, 0x30, 0x30, 0x30, 0x30, 0x30, 0x30, 0x30, 0x30, 0x30, 0x30,
	0x30, 0x30, 0x30, 0x30, 0x30, 0x30, 0x30, 0x30, 0x30, 0x30, 0x30, 0x30, 0x30, 0x30, 0x30, 0x30,
	0x30, 0x30, 0x30, 0x30, 0x30, 0x30, 0x30, 0x30, 0x30, 0x30, 0x30, 0x30, 0x30, 0x30, 0x30, 0x30,
	0x30, 0x30, 0x30, 0x30, 0x30, 0x30, 0x30, 0x30, 0x30, 0x30, 0x30, 0x30, 0x30, 0x30, 0x30, 0x30,
	0x30, 0x30, 0x30, 0x30, 0x30, 0x30, 0x30, 0x30, 0x30, 0x30, 0x30, 0x30, 0x30, 0x30, 0x30, 0x30,
	0x30, 0x30, 0x30, 0x30, 0x30, 0x30, 0x30, 0x30, 0x30, 0x30, 0x30, 0x30, 0x30, 0x30, 0x30, 0x30,
	0x30, 0x30, 0x30, 0x30, 0x30, 0x30, 0x30, 0x30, 0x30, 0x30, 0x30, 0x30, 0x30, 0x30, 0x30, 0x30,
	0x30, 0x30, 0x30, 0x30, 0x30, 0x30, 0x30, 0x30, 0x30, 0x30, 0x30, 0x30, 0x30, 0x30, 0x30, 0x30,
	0x30, 0x30, 0x30, 0x30, 0x30, 0x30, 0x30, 0x30, 0x30, 0x30, 0x30, 0x30, 0x30, 0x30, 0x30, 0x30,
	0x30, 0x30, 0x30, 0x30, 0x30, 0x30, 0x30, 0x30, 0x30, 0x30, 0x30, 0x30, 0x30, 0x30, 0x30, 0x30,
	0x30, 0x30, 0x30, 0x30, 0x30, 0x30, 0x30, 0x30, 0x30, 0x30, 0x30, 0x30, 0x30, 0x30, 0x30, 0x30,
	0x30, 0x30, 0x30, 0x30, 0x30, 0x30, 0x30, 0x30, 0x30, 0x30, 0x30, 0x30, 0x30, 0x30, 0x30, 0x30,
	0x30, 0x30, 0x30, 0x30, 0x30, 0x30, 0x30, 0x30, 0x30, 0x30, 0x30, 0x30, 0x30, 0x30, 0x30, 0x30,
	0x30, 0x30, 0x30, 0x30, 0x30, 0x30, 0x30, 0x30, 0x30, 0x30, 0x30, 0x30, 0x30, 0x30, 0x30, 0x30,
	0x80, 0x80, 0xc0, 0x100, 0xc0, 0xc0, 0xc0, 0xc0, 0xc0, 0xc0, 0xc0, 0xc0, 0xc0, 0xc0, 0xc0, 0xc0,
	0xc0, 0xc0, 0xc0, 0xc0, 0xc0, 0xc0, 0xc0, 0xc0, 0xc0, 0xc0, 0xc0, 0xc0, 0xc0, 0xc0, 0xc0, 0xc0
};

static constexpr uint32_t s_coll_myTrieData[580] = {
	0xcb, 0x0, 0x0, 0x0, 0x0, 0x0, 0x0, 0x0,
	0x0, 0x3040505, 0x3060505, 0x3080505, 0x30a0505, 0x30c0505, 0x0, 0x0,
	0x0, 0x0, 0x0, 0x0, 0x0, 0x0, 0x0, 0x0,
	0x0, 0x0, 0x0, 0x0, 0x0, 0x0, 0x0, 0x0,
	0x4000505, 0x75a0505, 0x9760505, 0xa940505, 0xda90505, 0xa960505, 0xa8e0505, 0x9700505,
	0x97c0505, 0x97e0505, 0xa7e0505, 0xc7b0505, 0x6000505, 0x50e0505, 0x8000505, 0xa880505,
	0x3c0ca, 0x3e1ca, 0x402ca, 0x423ca, 0x444ca, 0x465ca, 0x486ca, 0x4a7ca,
	0x4c8ca, 0x4e9ca, 0x7360505, 0x72a0505, 0xc850505, 0xc870505, 0xc890505, 0x7640505,
	0xa7c0505, 0x2b00059c, 0x2d00059c, 0x2f00059c, 0x3100059c, 0x3300059c, 0x3500059c, 0x3700059c,
	0x3900059c, 0x3b00059c, 0x3d00059c, 0x3f00059c, 0x4100059c, 0x4300059c, 0x4500059c, 0x4700059c,
	0x4900059c, 0x4b00059c, 0x4d00059c, 0x4f00059c, 0x5100059c, 0x5300059c, 0x5500059c, 0x570005a0,
	0x5900059c, 0x5b00059c, 0x5d00059c, 0x9800505, 0xa8a0505, 0x9820505, 0xc0a0505, 0x50a0505,
	0xc040505, 0x2b000505, 0x2d000505, 0x2f000505, 0x31000505, 0x33000505, 0x35000505, 0x37000505,
	0x39000505, 0x3b000505, 0x3d000505, 0x3f000505, 0x41000505, 0x43000505, 0x45000505, 0x47000505,
	0x49000505, 0x4b000505, 0x4d000505, 0x4f000505, 0x51000505, 0x53000505, 0x55000505, 0x57000505,
	0x59000505, 0x5b000505, 0x5d000505, 0x9840505, 0xc8d0505, 0x9860505, 0xc910505, 0x0,
	0xfffd0505, 0xfffd0505, 0xfffd0505, 0xfffd0505, 0xfffd0505, 0xfffd0505, 0xfffd0505, 0xfffd0505,
	0xfffd0505, 0xfffd0505, 0xfffd0505, 0xfffd0505, 0xfffd0505, 0xfffd0505, 0xfffd0505, 0xfffd0505,
	0xfffd0505, 0xfffd0505, 0xfffd0505, 0xfffd0505, 0xfffd0505, 0xfffd0505, 0xfffd0505, 0xfffd0505,
	0xfffd0505, 0xfffd0505, 0xfffd0505, 0xfffd0505, 0xfffd0505, 0xfffd0505, 0xfffd0505, 0xfffd0505,
	0xfffd0505, 0xfffd0505, 0xfffd0505, 0xfffd0505, 0xfffd0505, 0xfffd0505, 0xfffd0505, 0xfffd0505,
	0xfffd0505, 0xfffd0505, 0xfffd0505, 0xfffd0505, 0xfffd0505, 0xfffd0505, 0xfffd0505, 0xfffd0505,
	0xfffd0505, 0xfffd0505, 0xfffd0505, 0xfffd0505, 0xfffd0505, 0xfffd0505, 0xfffd0505, 0xfffd0505,
	0xfffd0505, 0xfffd0505, 0xfffd0505, 0xfffd0505, 0xfffd0505, 0xfffd0505, 0xfffd0505, 0xfffd0505,
	0xc0, 0xc0, 0xc0, 0xc0, 0xc0, 0xc0, 0xc0, 0xc0,
	0xc0, 0xc0, 0xc0, 0xc0, 0xc0, 0xc0, 0xc0, 0xc0,
	0xc0, 0xc0, 0xc0, 0xc0, 0xc0, 0xc0, 0xc0, 0xc0,
	0xc0, 0xc0, 0xc0, 0xc0, 0xc0, 0xc0, 0xc0, 0xc0,
	0xc0, 0xc0, 0xc0, 0xc0, 0xc0, 0xc0, 0xc0, 0xc0,
	0xc0, 0xc0, 0xc0, 0xc0, 0xc0, 0xc0, 0xc0, 0xc0,
	0xc0, 0xc0, 0xc0, 0xc0, 0xc0, 0xc0, 0xc0, 0xc0,
	0xc0, 0xc0, 0xc0, 0xc0, 0xc0, 0xc0, 0xc0, 0xc0,
	0x2b9c8ac4, 0x2b9c88c4, 0x2b9c8ec4, 0x2b9c9ac4, 0x2b9c96c4, 0x2b9c92c4, 0x302c5, 0x2f9ca0c4,
	0x339c8ac4, 0x339c88c4, 0x339c8ec4, 0x339c96c4, 0x3b9c8ac4, 0x3b9c88c4, 0x3b9c8ec4, 0x3b9c96c4,
	0x310070a0, 0x459c9ac4, 0x479c8ac4, 0x479c88c4, 0x479c8ec4, 0x479c9ac4, 0x479c96c4, 0xc830505,
	0x479c9ec4, 0x539c8ac4, 0x539c88c4, 0x539c8ec4, 0x539c96c4, 0x5b9c88c4, 0x5e2805a0, 0x342c5,
	0x2b058ac4, 0x2b0588c4, 0x2b058ec4, 0x2b059ac4, 0x2b0596c4, 0x2b0592c4, 0x382c5, 0x2f05a0c4,
	0x33058ac4, 0x330588c4, 0x33058ec4, 0x330596c4, 0x3b058ac4, 0x3b0588c4, 0x3b058ec4, 0x3b0596c4,
	0x31007005, 0x45059ac4, 0x47058ac4, 0x470588c4, 0x47058ec4, 0x47059ac4, 0x470596c4, 0xc810505,
	0x47059ec4, 0x53058ac4, 0x530588c4, 0x53058ec4, 0x530596c4, 0x5b0588c4, 0x5e280505, 0x5b0596c4,
	0x1cd, 0x1cd, 0x1cd, 0x1cd, 0x1cd, 0x1cd, 0x1cd, 0x1cd,
	0x1cd, 0x1cd, 0x1cd, 0x1cd, 0x1cd, 0x1cd, 0x1cd, 0x1cd,
	0x1cd, 0x1cd, 0x1cd, 0x1cd, 0x1cd, 0x1cd, 0x1cd, 0x1cd,
	0x1cd, 0x1cd, 0x1cd, 0x1cd, 0x1cd, 0x1cd, 0x1cd, 0x1cd,
	0x1cc, 0x1cc, 0x1cc, 0x1cc, 0xc0, 0xc0, 0xc0, 0xc0,
	0xc0, 0xc0, 0xc0, 0xc0, 0xc0, 0xc0, 0xc0, 0xc0,
	0xc0, 0xc0, 0xc0, 0xc0, 0xc0, 0xc0, 0xc0, 0xc0,
	0xc0, 0xc0, 0xc0, 0xc0, 0xc0, 0xc0, 0xc0, 0xc0,
	0x6c9, 0x126c9, 0x226c9, 0x346c9, 0x466c9, 0x586c9, 0x6a6c9, 0x7c6c9,
	0x8e6c9, 0x9a6c9, 0xac6c9, 0xbe6c9, 0xd06c9, 0xe26c9, 0xf46c9, 0x1066c9,
	0x1186c9, 0x12a6c9, 0x14a6c9, 0x15c6c9, 0x16e6c9, 0x18a6c9, 0x19c6c9, 0x1ae6c9,
	0x1c06c9, 0x1d26c9, 0x1e46c9, 0x1f66c9, 0x2084c9, 0x2366c9, 0x2426c9, 0x25c6c9,
	0x26e6c9, 0x27a6c9, 0xc0, 0x2864c9, 0x1922c6, 0x4bc4c9, 0x2862c6, 0x7044c9,
	0x3842c6, 0x9324c9, 0x5642c6, 0xd924c9, 0xff04c9, 0x12504c9, 0xc0, 0x173e4c9,
	0xc0, 0x19ca4c9, 0xc0, 0xc0, 0xc0, 0xc0, 0x77599dc1, 0x210a0c9,
	0x775d51c1, 0xc0, 0xc0, 0x21180c9, 0x21320c9, 0x214c0c9, 0x99c1c6, 0x99e2c6,
	0xc0, 0xc0, 0xc0, 0xc0, 0xc0, 0xc0, 0xc0, 0xc0,
	0xc0, 0xc0, 0xc0, 0xc0, 0x9a23c6, 0x9a84c6, 0x21580c9, 0x9bc2c6,
	0xc0, 0xc0, 0xc0, 0xc0, 0xc0, 0xc0, 0xc0, 0xc0,
	0xc0, 0xc0, 0xc0, 0xc0, 0xc0, 0xc0, 0x9c01c6, 0x9c21c6,
	0x9c41c6, 0xc0, 0xc0, 0xc0, 0xc0, 0xc0, 0xc0, 0xc0,
	0xc0, 0xc0, 0xc0, 0xc0, 0xc0, 0xc0, 0xc0, 0xc0,
	0xc0, 0xc0, 0xc0, 0xc0, 0xc0, 0xc0, 0xc0, 0xc0,
	0xc0, 0xc0, 0xc0, 0xc0, 0xc0, 0xc0, 0xc0, 0xc0,
	0xc0, 0xc0, 0x9c61c6, 0xc0, 0xc0, 0xc0, 0xc0, 0xc0,
	0xc0, 0xc0, 0xc0, 0xc0, 0xc0, 0xc0, 0xc0, 0xc0,
	0xc0, 0xc0, 0xc0, 0xc0, 0xc0, 0xc0, 0xc0, 0xc0,
	0xc0, 0xc0, 0xc0, 0xc0, 0xc0, 0xc0, 0xc0, 0xc0,
	0x1cc, 0x1cc, 0x1cc, 0x1cc, 0x1cc, 0x1cc, 0x1cc, 0x1cc,
	0x1cc, 0x1cc, 0x1cc, 0x1cc, 0x1cc, 0x1cc, 0x1cc, 0x1cc,
	0x1cc, 0x1cc, 0x1cc, 0x1cc, 0x1cc, 0x1cc, 0x1cc, 0x1cc,
	0x1cc, 0x1cc, 0x1cc, 0x1cc, 0x1cc, 0x1cc, 0x1cc, 0x1cc,
	0xc0, 0xc0, 0xc0, 0xc0
};

static constexpr int32_t s_coll_myTrieIndexLength = 2112;
static constexpr int32_t s_coll_myTrieDataLength = 580;
static constexpr char32_t s_coll_myTrieHighStart = 0xe000;
static constexpr int32_t s_coll_myTrieHighValueIndex = 576;

static constexpr uint32_t s_coll_myCe32s[40] = {
	0x0, 0x77530505, 0x775121c1, 0x775925c1, 0x775564c1, 0x775917c1, 0x774f56c1, 0x775b050a,
	0x775564c1, 0x775933c1, 0x774f56c1, 0x775b0509, 0x775564c1, 0x77596bc1, 0x774f56c1, 0x775b0508,
	0x775564c1, 0x775988c1, 0x774f56c1, 0x775b0507, 0x775564c1, 0x775988c1, 0x774f56c1, 0x775b0506,
	0x2b0070a0, 0x330005a2, 0x4f007005, 0x4f000513, 0x2b007005, 0x33000513, 0x12000505, 0x14000505,
	0x16000505, 0x18000505, 0x1a000505, 0x1c000505, 0x1e000505, 0x20000505, 0x22000505, 0x24000505
};

static constexpr int64_t s_coll_myCes[1252] = {
	int64_t(0x77599f0046000500ULL), int64_t(0x7759a10705000500ULL), int64_t(0x7759a10746000500ULL), int64_t(0x7759a10e05000500ULL), int64_t(0x7759a10e46000500ULL),
	int64_t(0x7759a11505000500ULL), int64_t(0x7759a11546000500ULL), int64_t(0x7759a11c46000500ULL), int64_t(0x7759a11c05000500ULL), int64_t(0x7759a12305000500ULL),
	int64_t(0x7759a12346000500ULL), int64_t(0x7759a12a05000500ULL), int64_t(0x7759a12a46000500ULL), int64_t(0x7759a13105000500ULL), int64_t(0x7759a13146000500ULL),
	int64_t(0x7759a13805000500ULL), int64_t(0x7759a13f05000500ULL), int64_t(0x7759a13f46000500ULL), int64_t(0x7759a14605000500ULL), int64_t(0x7759a14646000500ULL),
	int64_t(0x7759a14d05000500ULL), int64_t(0x7759a14d46000500ULL), int64_t(0x7759a15405000500ULL), int64_t(0x7759a15446000500ULL), int64_t(0x7759a15b05000500ULL),
	int64_t(0x7759a15b46000500ULL), int64_t(0x7759a16205000500ULL), int64_t(0x7759a16246000500ULL), int64_t(0x7759a16905000500ULL), int64_t(0x7759a16946000500ULL),
	int64_t(0x7759a17005000500ULL), int64_t(0x7759a17046000500ULL), int64_t(0x7759a17705000500ULL), int64_t(0x7750770005000500ULL), int64_t(0x7751210005000500ULL),
	int64_t(0x7759a11c46000500ULL), int64_t(0x775d510005000500ULL), int64_t(0x7759a17746000500ULL), int64_t(0x7759a17e05000500ULL), int64_t(0x7759a17e46000500ULL),
	int64_t(0x7759a18505000500ULL), int64_t(0x7759a18546000500ULL), int64_t(0x7759a18c05000500ULL), int64_t(0x7759a18c46000500ULL), int64_t(0x7759a18c46000500ULL),
	int64_t(0x7750a80005000500ULL), int64_t(0x7759a19646000500ULL), int64_t(0x7759a19305000500ULL), int64_t(0x7759a19346000500ULL), int64_t(0x7759a19a05000500ULL),
	int64_t(0x7759a19a46000500ULL), int64_t(0x7759a1a105000500ULL), int64_t(0x7759a1a146000500ULL), int64_t(0x7759a1a805000500ULL), int64_t(0x7759a1a846000500ULL),
	int64_t(0x7759a1af05000500ULL), int64_t(0x7759a1af46000500ULL), int64_t(0x7759a1c005000500ULL), int64_t(0x7759a1c046000500ULL), int64_t(0x7759a1c705000500ULL),
	int64_t(0x7759a1c746000500ULL), int64_t(0x7751590005000500ULL), int64_t(0x77599f0046000500ULL), int64_t(0x77512f0005000500ULL), int64_t(0x7757000005000500ULL),
	int64_t(0x7759a1ce05000500ULL), int64_t(0x7751590005000500ULL), int64_t(0x77599f0046000500ULL), int64_t(0x77510c0005000500ULL), int64_t(0x77599f0046000500ULL),
	int64_t(0x7759a1ce46000500ULL), int64_t(0x7759a1d505000500ULL), int64_t(0x7759a1dc05000500ULL), int64_t(0x7759a1dc46000500ULL), int64_t(0x7759a1e305000500ULL),
	int64_t(0x7759a1e346000500ULL), int64_t(0x7759a1ea05000500ULL), int64_t(0x7759a1f105000500ULL), int64_t(0x7755640005000500ULL), int64_t(0x7759170005000600ULL),
	int64_t(0x7755640005000500ULL), int64_t(0x7759a10205000600ULL), int64_t(0x7755640005000500ULL), int64_t(0x7759a10246000600ULL), int64_t(0x7755640005000500ULL),
	int64_t(0x7759a10905000600ULL), int64_t(0x7755640005000500ULL), int64_t(0x7759a10946000600ULL), int64_t(0x7755640005000500ULL), int64_t(0x7759a11005000600ULL),
	int64_t(0x7755640005000500ULL), int64_t(0x7759a11046000600ULL), int64_t(0x7755640005000500ULL), int64_t(0x7759a11705000600ULL), int64_t(0x7755640005000500ULL),
	int64_t(0x7759a11746000600ULL), int64_t(0x7755640005000500ULL), int64_t(0x7759a11e46000600ULL), int64_t(0x7755640005000500ULL), int64_t(0x7759a12505000600ULL),
	int64_t(0x7755640005000500ULL), int64_t(0x7759a12546000600ULL), int64_t(0x7755640005000500ULL), int64_t(0x7759a12c05000600ULL), int64_t(0x7755640005000500ULL),
	int64_t(0x7759a12c46000600ULL), int64_t(0x7755640005000500ULL), int64_t(0x7759a13305000600ULL), int64_t(0x7755640005000500ULL), int64_t(0x7759a13346000600ULL),
	int64_t(0x7755640005000500ULL), int64_t(0x7759a14105000600ULL), int64_t(0x7755640005000500ULL), int64_t(0x7759a14146000600ULL), int64_t(0x7755640005000500ULL),
	int64_t(0x7759a14805000600ULL), int64_t(0x7755640005000500ULL), int64_t(0x7759a14846000600ULL), int64_t(0x7755640005000500ULL), int64_t(0x7759a14f05000600ULL),
	int64_t(0x7755640005000500ULL), int64_t(0x7759a14f46000600ULL), int64_t(0x7755640005000500ULL), int64_t(0x7759a15605000600ULL), int64_t(0x7755640005000500ULL),
	int64_t(0x7759a15646000600ULL), int64_t(0x7755640005000500ULL), int64_t(0x7759a15d05000600ULL), int64_t(0x7755640005000500ULL), int64_t(0x7759a15d46000600ULL),
	int64_t(0x7755640005000500ULL), int64_t(0x7759a16405000600ULL), int64_t(0x7755640005000500ULL), int64_t(0x7759a16446000600ULL), int64_t(0x7755640005000500ULL),
	int64_t(0x7759a16b05000600ULL), int64_t(0x7755640005000500ULL), int64_t(0x7759a16b46000600ULL), int64_t(0x7755640005000500ULL), int64_t(0x7759a17205000600ULL),
	int64_t(0x7755640005000500ULL), int64_t(0x7759a17246000600ULL), int64_t(0x7755640005000500ULL), int64_t(0x7759a17905000600ULL), int64_t(0x7755640005000500ULL),
	int64_t(0x7759a17946000600ULL), int64_t(0x7755640005000500ULL), int64_t(0x7759a18005000600ULL), int64_t(0x7755640005000500ULL), int64_t(0x7759a18046000600ULL),
	int64_t(0x7755640005000500ULL), int64_t(0x7759a18705000600ULL), int64_t(0x7755640005000500ULL), int64_t(0x7759a18746000600ULL), int64_t(0x7755640005000500ULL),
	int64_t(0x7759a18e05000600ULL), int64_t(0x7755640005000500ULL), int64_t(0x7759a18e46000600ULL), int64_t(0x7755640005000500ULL), int64_t(0x7759a19505000600ULL),
	int64_t(0x7755640005000500ULL), int64_t(0x7759a19546000600ULL), int64_t(0x7755640005000500ULL), int64_t(0x7759a19c05000600ULL), int64_t(0x7755640005000500ULL),
	int64_t(0x7759a19c46000600ULL), int64_t(0x7755640005000500ULL), int64_t(0x7759a1a305000600ULL), int64_t(0x7755640005000500ULL), int64_t(0x7759a1a346000600ULL),
	int64_t(0x7755640005000500ULL), int64_t(0x7759a1aa05000600ULL), int64_t(0x7755640005000500ULL), int64_t(0x7759a1aa46000600ULL), int64_t(0x7755640005000500ULL),
	int64_t(0x7759a1b105000600ULL), int64_t(0x7755640005000500ULL), int64_t(0x7759a1b146000600ULL), int64_t(0x7755640005000500ULL), int64_t(0x7759a1c205000600ULL),
	int64_t(0x7755640005000500ULL), int64_t(0x7759a1c246000600ULL), int64_t(0x7755640005000500ULL), int64_t(0x7759a1c905000600ULL), int64_t(0x7755640005000500ULL),
	int64_t(0x7759a1c946000600ULL), int64_t(0x7755640005000500ULL), int64_t(0x7759a1d005000600ULL), int64_t(0x7755640005000500ULL), int64_t(0x7759a1d046000600ULL),
	int64_t(0x7755640005000500ULL), int64_t(0x7759a1de05000600ULL), int64_t(0x7755640005000500ULL), int64_t(0x7759a1de46000600ULL), int64_t(0x7755640005000500ULL),
	int64_t(0x7759a1e505000600ULL), int64_t(0x7755640005000500ULL), int64_t(0x7759a1e546000600ULL), int64_t(0x7755640005000500ULL), int64_t(0x7759a1de05000500ULL),
	int64_t(0x7753000005000700ULL), int64_t(0x7755640005000500ULL), int64_t(0x7759250005000600ULL), int64_t(0x7755640005000500ULL), int64_t(0x7759330005000600ULL),
	int64_t(0x7755640005000500ULL), int64_t(0x7759a10305000600ULL), int64_t(0x7755640005000500ULL), int64_t(0x7759a10346000600ULL), int64_t(0x7755640005000500ULL),
	int64_t(0x7759a10a05000600ULL), int64_t(0x7755640005000500ULL), int64_t(0x7759a10a46000600ULL), int64_t(0x7755640005000500ULL), int64_t(0x7759a11105000600ULL),
	int64_t(0x7755640005000500ULL), int64_t(0x7759a11146000600ULL), int64_t(0x7755640005000500ULL), int64_t(0x7759a11805000600ULL), int64_t(0x7755640005000500ULL),
	int64_t(0x7759a11846000600ULL), int64_t(0x7755640005000500ULL), int64_t(0x7759a11f46000600ULL), int64_t(0x7755640005000500ULL), int64_t(0x7759a12605000600ULL),
	int64_t(0x7755640005000500ULL), int64_t(0x7759a12646000600ULL), int64_t(0x7755640005000500ULL), int64_t(0x7759a12d05000600ULL), int64_t(0x7755640005000500ULL),
	int64_t(0x7759a12d46000600ULL), int64_t(0x7755640005000500ULL), int64_t(0x7759a13405000600ULL), int64_t(0x7755640005000500ULL), int64_t(0x7759a13446000600ULL),
	int64_t(0x7755640005000500ULL), int64_t(0x7759a14205000600ULL), int64_t(0x7755640005000500ULL), int64_t(0x7759a14246000600ULL), int64_t(0x7755640005000500ULL),
	int64_t(0x7759a14905000600ULL), int64_t(0x7755640005000500ULL), int64_t(0x7759a14946000600ULL), int64_t(0x7755640005000500ULL), int64_t(0x7759a15005000600ULL),
	int64_t(0x7755640005000500ULL), int64_t(0x7759a15046000600ULL), int64_t(0x7755640005000500ULL), int64_t(0x7759a15705000600ULL), int64_t(0x7755640005000500ULL),
	int64_t(0x7759a15746000600ULL), int64_t(0x7755640005000500ULL), int64_t(0x7759a15e05000600ULL), int64_t(0x7755640005000500ULL), int64_t(0x7759a15e46000600ULL),
	int64_t(0x7755640005000500ULL), int64_t(0x7759a16505000600ULL), int64_t(0x7755640005000500ULL), int64_t(0x7759a16546000600ULL), int64_t(0x7755640005000500ULL),
	int64_t(0x7759a16c05000600ULL), int64_t(0x7755640005000500ULL), int64_t(0x7759a16c46000600ULL), int64_t(0x7755640005000500ULL), int64_t(0x7759a17305000600ULL),
	int64_t(0x7755640005000500ULL), int64_t(0x7759a17346000600ULL), int64_t(0x7755640005000500ULL), int64_t(0x7759a17a05000600ULL), int64_t(0x7755640005000500ULL),
	int64_t(0x7759a17a46000600ULL), int64_t(0x7755640005000500ULL), int64_t(0x7759a18105000600ULL), int64_t(0x7755640005000500ULL), int64_t(0x7759a18146000600ULL),
	int64_t(0x7755640005000500ULL), int64_t(0x7759a18805000600ULL), int64_t(0x7755640005000500ULL), int64_t(0x7759a18846000600ULL), int64_t(0x7755640005000500ULL),
	int64_t(0x7759a18f05000600ULL), int64_t(0x7755640005000500ULL), int64_t(0x7759a18f46000600ULL), int64_t(0x7755640005000500ULL), int64_t(0x7759a19605000600ULL),
	int64_t(0x7755640005000500ULL), int64_t(0x7759a19646000600ULL), int64_t(0x7755640005000500ULL), int64_t(0x7759a19d05000600ULL), int64_t(0x7755640005000500ULL),
	int64_t(0x7759a19d46000600ULL), int64_t(0x7755640005000500ULL), int64_t(0x7759a1a405000600ULL), int64_t(0x7755640005000500ULL), int64_t(0x7759a1a446000600ULL),
	int64_t(0x7755640005000500ULL), int64_t(0x7759a1ab05000600ULL), int64_t(0x7755640005000500ULL), int64_t(0x7759a1ab46000600ULL), int64_t(0x7755640005000500ULL),
	int64_t(0x7759a1b705000600ULL), int64_t(0x7755640005000500ULL), int64_t(0x7759a1b746000600ULL), int64_t(0x7755640005000500ULL), int64_t(0x7759a1c305000600ULL),
	int64_t(0x7755640005000500ULL), int64_t(0x7759a1c346000600ULL), int64_t(0x7755640005000500ULL), int64_t(0x7759a1ca05000600ULL), int64_t(0x7755640005000500ULL),
	int64_t(0x7759a1ca46000600ULL), int64_t(0x7755640005000500ULL), int64_t(0x7759a1d105000600ULL), int64_t(0x7755640005000500ULL), int64_t(0x7759a1d146000600ULL),
	int64_t(0x7755640005000500ULL), int64_t(0x7759a1df05000600ULL), int64_t(0x7755640005000500ULL), int64_t(0x7759a1df46000600ULL), int64_t(0x7755640005000500ULL),
	int64_t(0x7759a1e605000600ULL), int64_t(0x7755640005000500ULL), int64_t(0x7759a1e646000600ULL), int64_t(0x7755640005000500ULL), int64_t(0x7759480005000600ULL),
	int64_t(0x7755640005000500ULL), int64_t(0x7759a1b805000600ULL), int64_t(0x7755640005000500ULL), int64_t(0x7759a1df05000500ULL), int64_t(0x7753000005000600ULL),
	int64_t(0x7755640005000500ULL), int64_t(0x77596b0005000600ULL), int64_t(0x7755640005000500ULL), int64_t(0x7759a10405000600ULL), int64_t(0x7755640005000500ULL),
	int64_t(0x7759a10446000600ULL), int64_t(0x7755640005000500ULL), int64_t(0x7759a10b05000600ULL), int64_t(0x7755640005000500ULL), int64_t(0x7759a10b46000600ULL),
	int64_t(0x7755640005000500ULL), int64_t(0x7759a11205000600ULL), int64_t(0x7755640005000500ULL), int64_t(0x7759a11246000600ULL), int64_t(0x7755640005000500ULL),
	int64_t(0x7759a11905000600ULL), int64_t(0x7755640005000500ULL), int64_t(0x7759a11946000600ULL), int64_t(0x7755640005000500ULL), int64_t(0x7759a12046000600ULL),
	int64_t(0x7755640005000500ULL), int64_t(0x7759a12705000600ULL), int64_t(0x7755640005000500ULL), int64_t(0x7759a12746000600ULL), int64_t(0x7755640005000500ULL),
	int64_t(0x7759a12e05000600ULL), int64_t(0x7755640005000500ULL), int64_t(0x7759a12e46000600ULL), int64_t(0x7755640005000500ULL), int64_t(0x7759a13505000600ULL),
	int64_t(0x7755640005000500ULL), int64_t(0x7759a13546000600ULL), int64_t(0x7755640005000500ULL), int64_t(0x7759a14305000600ULL), int64_t(0x7755640005000500ULL),
	int64_t(0x7759a14346000600ULL), int64_t(0x7755640005000500ULL), int64_t(0x7759a14a05000600ULL), int64_t(0x7755640005000500ULL), int64_t(0x7759a14a46000600ULL),
	int64_t(0x7755640005000500ULL), int64_t(0x7759a15105000600ULL), int64_t(0x7755640005000500ULL), int64_t(0x7759a15146000600ULL), int64_t(0x7755640005000500ULL),
	int64_t(0x7759a15805000600ULL), int64_t(0x7755640005000500ULL), int64_t(0x7759a15846000600ULL), int64_t(0x7755640005000500ULL), int64_t(0x7759a15f05000600ULL),
	int64_t(0x7755640005000500ULL), int64_t(0x7759a15f46000600ULL), int64_t(0x7755640005000500ULL), int64_t(0x7759a16605000600ULL), int64_t(0x7755640005000500ULL),
	int64_t(0x7759a16646000600ULL), int64_t(0x7755640005000500ULL), int64_t(0x7759a16d05000600ULL), int64_t(0x7755640005000500ULL), int64_t(0x7759a16d46000600ULL),
	int64_t(0x7755640005000500ULL), int64_t(0x7759a17405000600ULL), int64_t(0x7755640005000500ULL), int64_t(0x7759a17446000600ULL), int64_t(0x7755640005000500ULL),
	int64_t(0x7759a17b05000600ULL), int64_t(0x7755640005000500ULL), int64_t(0x7759a17b46000600ULL), int64_t(0x7755640005000500ULL), int64_t(0x7759a18205000600ULL),
	int64_t(0x7755640005000500ULL), int64_t(0x7759a18246000600ULL), int64_t(0x7755640005000500ULL), int64_t(0x7759a18905000600ULL), int64_t(0x7755640005000500ULL),
	int64_t(0x7759a18946000600ULL), int64_t(0x7755640005000500ULL), int64_t(0x7759a19005000600ULL), int64_t(0x7755640005000500ULL), int64_t(0x7759a19046000600ULL),
	int64_t(0x7755640005000500ULL), int64_t(0x7759a19705000600ULL), int64_t(0x7755640005000500ULL), int64_t(0x7759a19746000600ULL), int64_t(0x7755640005000500ULL),
	int64_t(0x7759a19e05000600ULL), int64_t(0x7755640005000500ULL), int64_t(0x7759a19e46000600ULL), int64_t(0x7755640005000500ULL), int64_t(0x7759a1a505000600ULL),
	int64_t(0x7755640005000500ULL), int64_t(0x7759a1a546000600ULL), int64_t(0x7755640005000500ULL), int64_t(0x7759a1ac05000600ULL), int64_t(0x7755640005000500ULL),
	int64_t(0x7759a1ac46000600ULL), int64_t(0x7755640005000500ULL), int64_t(0x7759a1bd05000600ULL), int64_t(0x7755640005000500ULL), int64_t(0x7759a1bd46000600ULL),
	int64_t(0x7755640005000500ULL), int64_t(0x7759a1c405000600ULL), int64_t(0x7755640005000500ULL), int64_t(0x7759a1c446000600ULL), int64_t(0x7755640005000500ULL),
	int64_t(0x7759a1cb05000600ULL), int64_t(0x7755640005000500ULL), int64_t(0x7759a1cb46000600ULL), int64_t(0x7755640005000500ULL), int64_t(0x7759a1d205000600ULL),
	int64_t(0x7755640005000500ULL), int64_t(0x7759a1d246000600ULL), int64_t(0x7755640005000500ULL), int64_t(0x7759a1e005000600ULL), int64_t(0x7755640005000500ULL),
	int64_t(0x7759a1e046000600ULL), int64_t(0x7755640005000500ULL), int64_t(0x7759a1e705000600ULL), int64_t(0x7755640005000500ULL), int64_t(0x7759a1e746000600ULL),
	int64_t(0x7755640005000500ULL), int64_t(0x77596b0005000700ULL), int64_t(0x7755640005000500ULL), int64_t(0x7759880005000600ULL), int64_t(0x7755640005000500ULL),
	int64_t(0x7759a10505000700ULL), int64_t(0x7755640005000500ULL), int64_t(0x7759a10546000700ULL), int64_t(0x7755640005000500ULL), int64_t(0x7759a10c05000700ULL),
	int64_t(0x7755640005000500ULL), int64_t(0x7759a10c46000700ULL), int64_t(0x7755640005000500ULL), int64_t(0x7759a11305000700ULL), int64_t(0x7755640005000500ULL),
	int64_t(0x7759a11346000700ULL), int64_t(0x7755640005000500ULL), int64_t(0x7759a11a05000700ULL), int64_t(0x7755640005000500ULL), int64_t(0x7759a11a46000700ULL),
	int64_t(0x7755640005000500ULL), int64_t(0x7759a12146000700ULL), int64_t(0x7755640005000500ULL), int64_t(0x7759a12805000700ULL), int64_t(0x7755640005000500ULL),
	int64_t(0x7759a12846000700ULL), int64_t(0x7755640005000500ULL), int64_t(0x7759a12f05000700ULL), int64_t(0x7755640005000500ULL), int64_t(0x7759a12f46000700ULL),
	int64_t(0x7755640005000500ULL), int64_t(0x7759a13605000700ULL), int64_t(0x7755640005000500ULL), int64_t(0x7759a13646000700ULL), int64_t(0x7755640005000500ULL),
	int64_t(0x7759a14405000700ULL), int64_t(0x7755640005000500ULL), int64_t(0x7759a14446000700ULL), int64_t(0x7755640005000500ULL), int64_t(0x7759a14b05000700ULL),
	int64_t(0x7755640005000500ULL), int64_t(0x7759a14b46000700ULL), int64_t(0x7755640005000500ULL), int64_t(0x7759a15205000700ULL), int64_t(0x7755640005000500ULL),
	int64_t(0x7759a15246000700ULL), int64_t(0x7755640005000500ULL), int64_t(0x7759a15905000700ULL), int64_t(0x7755640005000500ULL), int64_t(0x7759a15946000700ULL),
	int64_t(0x7755640005000500ULL), int64_t(0x7759a16005000700ULL), int64_t(0x7755640005000500ULL), int64_t(0x7759a16046000700ULL), int64_t(0x7755640005000500ULL),
	int64_t(0x7759a16705000700ULL), int64_t(0x7755640005000500ULL), int64_t(0x7759a16746000700ULL), int64_t(0x7755640005000500ULL), int64_t(0x7759a16e05000700ULL),
	int64_t(0x7755640005000500ULL), int64_t(0x7759a16e46000700ULL), int64_t(0x7755640005000500ULL), int64_t(0x7759a17505000700ULL), int64_t(0x7755640005000500ULL),
	int64_t(0x7759a17546000700ULL), int64_t(0x7755640005000500ULL), int64_t(0x7759a17c05000700ULL), int64_t(0x7755640005000500ULL), int64_t(0x7759a17c46000700ULL),
	int64_t(0x7755640005000500ULL), int64_t(0x7759a18305000700ULL), int64_t(0x7755640005000500ULL), int64_t(0x7759a18346000700ULL), int64_t(0x7755640005000500ULL),
	int64_t(0x7759a18a05000700ULL), int64_t(0x7755640005000500ULL), int64_t(0x7759a18a46000700ULL), int64_t(0x7755640005000500ULL), int64_t(0x7759a19105000700ULL),
	int64_t(0x7755640005000500ULL), int64_t(0x7759a19146000700ULL), int64_t(0x7755640005000500ULL), int64_t(0x7759a19805000700ULL), int64_t(0x7755640005000500ULL),
	int64_t(0x7759a19846000700ULL), int64_t(0x7755640005000500ULL), int64_t(0x7759a19f05000700ULL), int64_t(0x7755640005000500ULL), int64_t(0x7759a19f46000700ULL),
	int64_t(0x7755640005000500ULL), int64_t(0x7759a1a605000700ULL), int64_t(0x7755640005000500ULL), int64_t(0x7759a1a646000700ULL), int64_t(0x7755640005000500ULL),
	int64_t(0x7759a1ad05000700ULL), int64_t(0x7755640005000500ULL), int64_t(0x7759a1ad46000700ULL), int64_t(0x7755640005000500ULL), int64_t(0x7759a1be05000700ULL),
	int64_t(0x7755640005000500ULL), int64_t(0x7759a1be46000700ULL), int64_t(0x7755640005000500ULL), int64_t(0x7759a1c505000700ULL), int64_t(0x7755640005000500ULL),
	int64_t(0x7759a1c546000700ULL), int64_t(0x7755640005000500ULL), int64_t(0x7759a1cc05000700ULL), int64_t(0x7755640005000500ULL), int64_t(0x7759a1cc46000700ULL),
	int64_t(0x7755640005000500ULL), int64_t(0x7759a1d305000700ULL), int64_t(0x7755640005000500ULL), int64_t(0x7759a1d346000700ULL), int64_t(0x7755640005000500ULL),
	int64_t(0x7759a1e105000700ULL), int64_t(0x7755640005000500ULL), int64_t(0x7759a1e146000700ULL), int64_t(0x7755640005000500ULL), int64_t(0x7759a1e805000700ULL),
	int64_t(0x7755640005000500ULL), int64_t(0x7759a1e846000700ULL), int64_t(0x7755640005000500ULL), int64_t(0x7759a10505000600ULL), int64_t(0x7755640005000500ULL),
	int64_t(0x7759a10546000600ULL), int64_t(0x7755640005000500ULL), int64_t(0x7759a10c05000600ULL), int64_t(0x7755640005000500ULL), int64_t(0x7759a10c46000600ULL),
	int64_t(0x7755640005000500ULL), int64_t(0x7759a11305000600ULL), int64_t(0x7755640005000500ULL), int64_t(0x7759a11346000600ULL), int64_t(0x7755640005000500ULL),
	int64_t(0x7759a11a05000600ULL), int64_t(0x7755640005000500ULL), int64_t(0x7759a11a46000600ULL), int64_t(0x7755640005000500ULL), int64_t(0x7759a12146000600ULL),
	int64_t(0x7755640005000500ULL), int64_t(0x7759a12805000600ULL), int64_t(0x7755640005000500ULL), int64_t(0x7759a12846000600ULL), int64_t(0x7755640005000500ULL),
	int64_t(0x7759a12f05000600ULL), int64_t(0x7755640005000500ULL), int64_t(0x7759a12f46000600ULL), int64_t(0x7755640005000500ULL), int64_t(0x7759a13605000600ULL),
	int64_t(0x7755640005000500ULL), int64_t(0x7759a13646000600ULL), int64_t(0x7755640005000500ULL), int64_t(0x7759a14405000600ULL), int64_t(0x7755640005000500ULL),
	int64_t(0x7759a14446000600ULL), int64_t(0x7755640005000500ULL), int64_t(0x7759a14b05000600ULL), int64_t(0x7755640005000500ULL), int64_t(0x7759a14b46000600ULL),
	int64_t(0x7755640005000500ULL), int64_t(0x7759a15205000600ULL), int64_t(0x7755640005000500ULL), int64_t(0x7759a15246000600ULL), int64_t(0x7755640005000500ULL),
	int64_t(0x7759a15905000600ULL), int64_t(0x7755640005000500ULL), int64_t(0x7759a15946000600ULL), int64_t(0x7755640005000500ULL), int64_t(0x7759a16005000600ULL),
	int64_t(0x7755640005000500ULL), int64_t(0x7759a16046000600ULL), int64_t(0x7755640005000500ULL), int64_t(0x7759a16705000600ULL), int64_t(0x7755640005000500ULL),
	int64_t(0x7759a16746000600ULL), int64_t(0x7755640005000500ULL), int64_t(0x7759a16e05000600ULL), int64_t(0x7755640005000500ULL), int64_t(0x7759a16e46000600ULL),
	int64_t(0x7755640005000500ULL), int64_t(0x7759a17505000600ULL), int64_t(0x7755640005000500ULL), int64_t(0x7759a17546000600ULL), int64_t(0x7755640005000500ULL),
	int64_t(0x7759a17c05000600ULL), int64_t(0x7755640005000500ULL), int64_t(0x7759a17c46000600ULL), int64_t(0x7755640005000500ULL), int64_t(0x7759a18305000600ULL),
	int64_t(0x7755640005000500ULL), int64_t(0x7759a18346000600ULL), int64_t(0x7755640005000500ULL), int64_t(0x7759a18a05000600ULL), int64_t(0x7755640005000500ULL),
	int64_t(0x7759a18a46000600ULL), int64_t(0x7755640005000500ULL), int64_t(0x7759a19105000600ULL), int64_t(0x7755640005000500ULL), int64_t(0x7759a19146000600ULL),
	int64_t(0x7755640005000500ULL), int64_t(0x7759a19805000600ULL), int64_t(0x7755640005000500ULL), int64_t(0x7759a19846000600ULL), int64_t(0x7755640005000500ULL),
	int64_t(0x7759a19f05000600ULL), int64_t(0x7755640005000500ULL), int64_t(0x7759a19f46000600ULL), int64_t(0x7755640005000500ULL), int64_t(0x7759a1a605000600ULL),
	int64_t(0x7755640005000500ULL), int64_t(0x7759a1a646000600ULL), int64_t(0x7755640005000500ULL), int64_t(0x7759a1ad05000600ULL), int64_t(0x7755640005000500ULL),
	int64_t(0x7759a1ad46000600ULL), int64_t(0x7755640005000500ULL), int64_t(0x7759a1be05000600ULL), int64_t(0x7755640005000500ULL), int64_t(0x7759a1be46000600ULL),
	int64_t(0x7755640005000500ULL), int64_t(0x7759a1c505000600ULL), int64_t(0x7755640005000500ULL), int64_t(0x7759a1c546000600ULL), int64_t(0x7755640005000500ULL),
	int64_t(0x7759a1cc05000600ULL), int64_t(0x7755640005000500ULL), int64_t(0x7759a1cc46000600ULL), int64_t(0x7755640005000500ULL), int64_t(0x7759a1d305000600ULL),
	int64_t(0x7755640005000500ULL), int64_t(0x7759a1d346000600ULL), int64_t(0x7755640005000500ULL), int64_t(0x7759a1e105000600ULL), int64_t(0x7755640005000500ULL),
	int64_t(0x7759a1e146000600ULL), int64_t(0x7755640005000500ULL), int64_t(0x7759a1e805000600ULL), int64_t(0x7755640005000500ULL), int64_t(0x7759a1e846000600ULL),
	int64_t(0x7755640005000500ULL), int64_t(0x7759890005000600ULL), int64_t(0x7759a00047000500ULL), int64_t(0x7759a00048000500ULL), int64_t(0x7759a10847000500ULL),
	int64_t(0x7759a10848000500ULL), int64_t(0x7759a10f47000500ULL), int64_t(0x7759a10f48000500ULL), int64_t(0x7759a11647000500ULL), int64_t(0x7759a11648000500ULL),
	int64_t(0x7759a11d48000500ULL), int64_t(0x7759a11d47000500ULL), int64_t(0x7759a12447000500ULL), int64_t(0x7759a12448000500ULL), int64_t(0x7759a12b47000500ULL),
	int64_t(0x7759a12b48000500ULL), int64_t(0x7759a13247000500ULL), int64_t(0x7759a13248000500ULL), int64_t(0x7759a13946000500ULL), int64_t(0x7759a14047000500ULL),
	int64_t(0x7759a14048000500ULL), int64_t(0x7759a14747000500ULL), int64_t(0x7759a14748000500ULL), int64_t(0x7759a14e47000500ULL), int64_t(0x7759a14e48000500ULL),
	int64_t(0x7759a15547000500ULL), int64_t(0x7759a15548000500ULL), int64_t(0x7759a15c47000500ULL), int64_t(0x7759a15c48000500ULL), int64_t(0x7759a16347000500ULL),
	int64_t(0x7759a16348000500ULL), int64_t(0x7759a16a47000500ULL), int64_t(0x7759a16a48000500ULL), int64_t(0x7759a17147000500ULL), int64_t(0x7759a17148000500ULL),
	int64_t(0x7759a17847000500ULL), int64_t(0x7759a17848000500ULL), int64_t(0x7759a17f47000500ULL), int64_t(0x7759a17f48000500ULL), int64_t(0x7759a18647000500ULL),
	int64_t(0x7759a18648000500ULL), int64_t(0x7759a18d47000500ULL), int64_t(0x7759a18d48000500ULL), int64_t(0x7759a19447000500ULL), int64_t(0x7759a19448000500ULL),
	int64_t(0x7759a19b47000500ULL), int64_t(0x7759a19b48000500ULL), int64_t(0x7759a1a247000500ULL), int64_t(0x7759a1a248000500ULL), int64_t(0x7759a1a947000500ULL),
	int64_t(0x7759a1a948000500ULL), int64_t(0x7759a1b047000500ULL), int64_t(0x7759a1b048000500ULL), int64_t(0x7759a1c147000500ULL), int64_t(0x7759a1c148000500ULL),
	int64_t(0x7759a1c847000500ULL), int64_t(0x7759a1c848000500ULL), int64_t(0x7759a1cf47000500ULL), int64_t(0x7759a1cf48000500ULL), int64_t(0x7759a1d646000500ULL),
	int64_t(0x7759a1dd47000500ULL), int64_t(0x7759a1dd48000500ULL), int64_t(0x7759a1e447000500ULL), int64_t(0x7759a1e448000500ULL), int64_t(0x7759a1eb46000500ULL),
	int64_t(0x7759a1f246000500ULL), int64_t(0x7759a00046000500ULL), int64_t(0x7759a10805000500ULL), int64_t(0x7759a10846000500ULL), int64_t(0x7759a10f05000500ULL),
	int64_t(0x7759a10f46000500ULL), int64_t(0x7759a11605000500ULL), int64_t(0x7759a11646000500ULL), int64_t(0x7759a11d46000500ULL), int64_t(0x7759a11d05000500ULL),
	int64_t(0x7759a12405000500ULL), int64_t(0x7759a12446000500ULL), int64_t(0x7759a12b05000500ULL), int64_t(0x7759a12b46000500ULL), int64_t(0x7759a13205000500ULL),
	int64_t(0x7759a13246000500ULL), int64_t(0x7759a13905000500ULL), int64_t(0x7759a14005000500ULL), int64_t(0x7759a14046000500ULL), int64_t(0x7759a14705000500ULL),
	int64_t(0x7759a14746000500ULL), int64_t(0x7759a14e05000500ULL), int64_t(0x7759a14e46000500ULL), int64_t(0x7759a15505000500ULL), int64_t(0x7759a15546000500ULL),
	int64_t(0x7759a15c05000500ULL), int64_t(0x7759a15c46000500ULL), int64_t(0x7759a16305000500ULL), int64_t(0x7759a16346000500ULL), int64_t(0x7759a16a05000500ULL),
	int64_t(0x7759a16a46000500ULL), int64_t(0x7759a17105000500ULL), int64_t(0x7759a17146000500ULL), int64_t(0x7759a17805000500ULL), int64_t(0x7759a17846000500ULL),
	int64_t(0x7759a17f05000500ULL), int64_t(0x7759a17f46000500ULL), int64_t(0x7759a18605000500ULL), int64_t(0x7759a18646000500ULL), int64_t(0x7759a18d05000500ULL),
	int64_t(0x7759a18d46000500ULL), int64_t(0x7759a19405000500ULL), int64_t(0x7759a19446000500ULL), int64_t(0x7759a19b05000500ULL), int64_t(0x7759a19b46000500ULL),
	int64_t(0x7759a1a205000500ULL), int64_t(0x7759a1a246000500ULL), int64_t(0x7759a1a905000500ULL), int64_t(0x7759a1a946000500ULL), int64_t(0x7759a1b005000500ULL),
	int64_t(0x7759a1b046000500ULL), int64_t(0x7759a1c105000500ULL), int64_t(0x7759a1c146000500ULL), int64_t(0x7759a1c805000500ULL), int64_t(0x7759a1c846000500ULL),
	int64_t(0x7759a1cf05000500ULL), int64_t(0x7759a1cf46000500ULL), int64_t(0x7759a1d605000500ULL), int64_t(0x7759a1dd05000500ULL), int64_t(0x7759a1dd46000500ULL),
	int64_t(0x7759a1e405000500ULL), int64_t(0x7759a1e446000500ULL), int64_t(0x7759a1eb05000500ULL), int64_t(0x7759a1f205000500ULL), int64_t(0x7759a10205000500ULL),
	int64_t(0x7759a10246000500ULL), int64_t(0x7759a10905000500ULL), int64_t(0x7759a10946000500ULL), int64_t(0x7759a11005000500ULL), int64_t(0x7759a11046000500ULL),
	int64_t(0x7759a11705000500ULL), int64_t(0x7759a11746000500ULL), int64_t(0x7759a11e46000500ULL), int64_t(0x7759a11e05000500ULL), int64_t(0x7759a12505000500ULL),
	int64_t(0x7759a12546000500ULL), int64_t(0x7759a12c05000500ULL), int64_t(0x7759a12c46000500ULL), int64_t(0x7759a13305000500ULL), int64_t(0x7759a13346000500ULL),
	int64_t(0x7759a13a05000500ULL), int64_t(0x7759a14105000500ULL), int64_t(0x7759a14146000500ULL), int64_t(0x7759a14805000500ULL), int64_t(0x7759a14846000500ULL),
	int64_t(0x7759a14f05000500ULL), int64_t(0x7759a14f46000500ULL), int64_t(0x7759a15605000500ULL), int64_t(0x7759a15646000500ULL), int64_t(0x7759a15d05000500ULL),
	int64_t(0x7759a15d46000500ULL), int64_t(0x7759a16405000500ULL), int64_t(0x7759a16446000500ULL), int64_t(0x7759a16b05000500ULL), int64_t(0x7759a16b46000500ULL),
	int64_t(0x7759a17205000500ULL), int64_t(0x7759a17246000500ULL), int64_t(0x7759a17905000500ULL), int64_t(0x7759a17946000500ULL), int64_t(0x7759a18005000500ULL),
	int64_t(0x7759a18046000500ULL), int64_t(0x7759a18705000500ULL), int64_t(0x7759a18746000500ULL), int64_t(0x7759a18e05000500ULL), int64_t(0x7759a18e46000500ULL),
	int64_t(0x7759a19505000500ULL), int64_t(0x7759a19546000500ULL), int64_t(0x7759a19c05000500ULL), int64_t(0x7759a19c46000500ULL), int64_t(0x7759a1a305000500ULL),
	int64_t(0x7759a1a346000500ULL), int64_t(0x7759a1aa05000500ULL), int64_t(0x7759a1aa46000500ULL), int64_t(0x7759a1b305000500ULL), int64_t(0x7759a1b105000500ULL),
	int64_t(0x7759a1b146000500ULL), int64_t(0x7759a1b505000500ULL), int64_t(0x7759a1c205000500ULL), int64_t(0x7759a1c246000500ULL), int64_t(0x7759a1c905000500ULL),
	int64_t(0x7759a1c946000500ULL), int64_t(0x7759a1d005000500ULL), int64_t(0x7759a1d046000500ULL), int64_t(0x7759a1d705000500ULL), int64_t(0x7759a1de46000500ULL),
	int64_t(0x7759a1e505000500ULL), int64_t(0x7759a1e546000500ULL), int64_t(0x7759a1ec05000500ULL), int64_t(0x7759a1f305000500ULL), int64_t(0x7759a10605000500ULL),
	int64_t(0x7759a10646000500ULL), int64_t(0x7759a10d05000500ULL), int64_t(0x7759a10d46000500ULL), int64_t(0x7759a11405000500ULL), int64_t(0x7759a11446000500ULL),
	int64_t(0x7759a11b05000500ULL), int64_t(0x7759a11b46000500ULL), int64_t(0x7759a12246000500ULL), int64_t(0x7759a12205000500ULL), int64_t(0x7759a12905000500ULL),
	int64_t(0x7759a12946000500ULL), int64_t(0x7759a13005000500ULL), int64_t(0x7759a13046000500ULL), int64_t(0x7759a13705000500ULL), int64_t(0x7759a13746000500ULL),
	int64_t(0x7759a13e05000500ULL), int64_t(0x7759a14505000500ULL), int64_t(0x7759a14546000500ULL), int64_t(0x7759a14c05000500ULL), int64_t(0x7759a14c46000500ULL),
	int64_t(0x7759a15305000500ULL), int64_t(0x7759a15346000500ULL), int64_t(0x7759a15a05000500ULL), int64_t(0x7759a15a46000500ULL), int64_t(0x7759a16105000500ULL),
	int64_t(0x7759a16146000500ULL), int64_t(0x7759a16805000500ULL), int64_t(0x7759a16846000500ULL), int64_t(0x7759a16f05000500ULL), int64_t(0x7759a16f46000500ULL),
	int64_t(0x7759a17605000500ULL), int64_t(0x7759a17646000500ULL), int64_t(0x7759a17d05000500ULL), int64_t(0x7759a17d46000500ULL), int64_t(0x7759a18405000500ULL),
	int64_t(0x7759a18446000500ULL), int64_t(0x7759a18b05000500ULL), int64_t(0x7759a18b46000500ULL), int64_t(0x7759a19205000500ULL), int64_t(0x7759a19246000500ULL),
	int64_t(0x7759a19905000500ULL), int64_t(0x7759a19946000500ULL), int64_t(0x7759a1a005000500ULL), int64_t(0x7759a1a046000500ULL), int64_t(0x7759a1a705000500ULL),
	int64_t(0x7759a1a746000500ULL), int64_t(0x7759a1ae05000500ULL), int64_t(0x7759a1ae46000500ULL), int64_t(0x7759a1bf05000500ULL), int64_t(0x7759a1bf46000500ULL),
	int64_t(0x7759a1c605000500ULL), int64_t(0x7759a1c646000500ULL), int64_t(0x7759a1cd05000500ULL), int64_t(0x7759a1cd46000500ULL), int64_t(0x7759a1d405000500ULL),
	int64_t(0x7759a1d446000500ULL), int64_t(0x7759a1db05000500ULL), int64_t(0x7759a1e205000500ULL), int64_t(0x7759a1e246000500ULL), int64_t(0x7759a1e905000500ULL),
	int64_t(0x7759a1e946000500ULL), int64_t(0x7759a1f005000500ULL), int64_t(0x7759a1f705000500ULL), int64_t(0x7759a1b205000500ULL), int64_t(0x7759a1b405000500ULL),
	int64_t(0x7759a1b605000500ULL), int64_t(0x7759a1de05000500ULL), int64_t(0x7753000005000500ULL), int64_t(0x7759a10305000500ULL), int64_t(0x7759a10346000500ULL),
	int64_t(0x7759a10a05000500ULL), int64_t(0x7759a10a46000500ULL), int64_t(0x7759a11105000500ULL), int64_t(0x7759a11146000500ULL), int64_t(0x7759a11805000500ULL),
	int64_t(0x7759a11846000500ULL), int64_t(0x7759a11f46000500ULL), int64_t(0x7759a11f05000500ULL), int64_t(0x7759a12605000500ULL), int64_t(0x7759a12646000500ULL),
	int64_t(0x7759a12d05000500ULL), int64_t(0x7759a12d46000500ULL), int64_t(0x7759a13405000500ULL), int64_t(0x7759a13446000500ULL), int64_t(0x7759a13b05000500ULL),
	int64_t(0x7759a14205000500ULL), int64_t(0x7759a14246000500ULL), int64_t(0x7759a14905000500ULL), int64_t(0x7759a14946000500ULL), int64_t(0x7759a15005000500ULL),
	int64_t(0x7759a15046000500ULL), int64_t(0x7759a15705000500ULL), int64_t(0x7759a15746000500ULL), int64_t(0x7759a15e05000500ULL), int64_t(0x7759a15e46000500ULL),
	int64_t(0x7759a16505000500ULL), int64_t(0x7759a16546000500ULL), int64_t(0x7759a16c05000500ULL), int64_t(0x7759a16c46000500ULL), int64_t(0x7759a17305000500ULL),
	int64_t(0x7759a17346000500ULL), int64_t(0x7759a17a05000500ULL), int64_t(0x7759a17a46000500ULL), int64_t(0x7759a18105000500ULL), int64_t(0x7759a18146000500ULL),
	int64_t(0x7759a18805000500ULL), int64_t(0x7759a18846000500ULL), int64_t(0x7759a18f05000500ULL), int64_t(0x7759a18f46000500ULL), int64_t(0x7759a19605000500ULL),
	int64_t(0x7759a19d05000500ULL), int64_t(0x7759a19d46000500ULL), int64_t(0x7759a1a405000500ULL), int64_t(0x7759a1a446000500ULL), int64_t(0x7759a1ab05000500ULL),
	int64_t(0x7759a1ab46000500ULL), int64_t(0x7759a1b905000500ULL), int64_t(0x7759a1b705000500ULL), int64_t(0x7759a1b746000500ULL), int64_t(0x7759a1bb05000500ULL),
	int64_t(0x7759a1c305000500ULL), int64_t(0x7759a1c346000500ULL), int64_t(0x7759a1ca05000500ULL), int64_t(0x7759a1ca46000500ULL), int64_t(0x7759a1d105000500ULL),
	int64_t(0x7759a1d146000500ULL), int64_t(0x7759a1d805000500ULL), int64_t(0x7759a1df46000500ULL), int64_t(0x7759a1e605000500ULL), int64_t(0x7759a1e646000500ULL),
	int64_t(0x7759a1ed05000500ULL), int64_t(0x7759a1f405000500ULL), int64_t(0x7759a1b805000500ULL), int64_t(0x7759a1ba05000500ULL), int64_t(0x7759a1bc05000500ULL),
	int64_t(0x7759a1df05000500ULL), int64_t(0x7753000005000500ULL), int64_t(0x7759a10405000500ULL), int64_t(0x7759a10446000500ULL), int64_t(0x7759a10b05000500ULL),
	int64_t(0x7759a10b46000500ULL), int64_t(0x7759a11205000500ULL), int64_t(0x7759a11246000500ULL), int64_t(0x7759a11905000500ULL), int64_t(0x7759a11946000500ULL),
	int64_t(0x7759a12046000500ULL), int64_t(0x7759a12005000500ULL), int64_t(0x7759a12705000500ULL), int64_t(0x7759a12746000500ULL), int64_t(0x7759a12e05000500ULL),
	int64_t(0x7759a12e46000500ULL), int64_t(0x7759a13505000500ULL), int64_t(0x7759a13546000500ULL), int64_t(0x7759a13c05000500ULL), int64_t(0x7759a14305000500ULL),
	int64_t(0x7759a14346000500ULL), int64_t(0x7759a14a05000500ULL), int64_t(0x7759a14a46000500ULL), int64_t(0x7759a15105000500ULL), int64_t(0x7759a15146000500ULL),
	int64_t(0x7759a15805000500ULL), int64_t(0x7759a15846000500ULL), int64_t(0x7759a15f05000500ULL), int64_t(0x7759a15f46000500ULL), int64_t(0x7759a16605000500ULL),
	int64_t(0x7759a16646000500ULL), int64_t(0x7759a16d05000500ULL), int64_t(0x7759a16d46000500ULL), int64_t(0x7759a17405000500ULL), int64_t(0x7759a17446000500ULL),
	int64_t(0x7759a17b05000500ULL), int64_t(0x7759a17b46000500ULL), int64_t(0x7759a18205000500ULL), int64_t(0x7759a18246000500ULL), int64_t(0x7759a18905000500ULL),
	int64_t(0x7759a18946000500ULL), int64_t(0x7759a19005000500ULL), int64_t(0x7759a19046000500ULL), int64_t(0x7759a19705000500ULL), int64_t(0x7759a19746000500ULL),
	int64_t(0x7759a19e05000500ULL), int64_t(0x7759a19e46000500ULL), int64_t(0x7759a1a505000500ULL), int64_t(0x7759a1a546000500ULL), int64_t(0x7759a1ac05000500ULL),
	int64_t(0x7759a1ac46000500ULL), int64_t(0x7759a1bd05000500ULL), int64_t(0x7759a1bd46000500ULL), int64_t(0x7759a1c405000500ULL), int64_t(0x7759a1c446000500ULL),
	int64_t(0x7759a1cb05000500ULL), int64_t(0x7759a1cb46000500ULL), int64_t(0x7759a1d205000500ULL), int64_t(0x7759a1d246000500ULL), int64_t(0x7759a1d905000500ULL),
	int64_t(0x7759a1e005000500ULL), int64_t(0x7759a1e046000500ULL), int64_t(0x7759a1e705000500ULL), int64_t(0x7759a1e746000500ULL), int64_t(0x7759a1ee05000500ULL),
	int64_t(0x7759a1f505000500ULL), int64_t(0x7759880046000500ULL), int64_t(0x7759a10547000500ULL), int64_t(0x7759a10548000500ULL), int64_t(0x7759a10c47000500ULL),
	int64_t(0x7759a10c48000500ULL), int64_t(0x7759a11347000500ULL), int64_t(0x7759a11348000500ULL), int64_t(0x7759a11a47000500ULL), int64_t(0x7759a11a48000500ULL),
	int64_t(0x7759a12148000500ULL), int64_t(0x7759a12147000500ULL), int64_t(0x7759a12847000500ULL), int64_t(0x7759a12848000500ULL), int64_t(0x7759a12f47000500ULL),
	int64_t(0x7759a12f48000500ULL), int64_t(0x7759a13647000500ULL), int64_t(0x7759a13648000500ULL), int64_t(0x7759a13d46000500ULL), int64_t(0x7759a14447000500ULL),
	int64_t(0x7759a14448000500ULL), int64_t(0x7759a14b47000500ULL), int64_t(0x7759a14b48000500ULL), int64_t(0x7759a15247000500ULL), int64_t(0x7759a15248000500ULL),
	int64_t(0x7759a15947000500ULL), int64_t(0x7759a15948000500ULL), int64_t(0x7759a16047000500ULL), int64_t(0x7759a16048000500ULL), int64_t(0x7759a16747000500ULL),
	int64_t(0x7759a16748000500ULL), int64_t(0x7759a16e47000500ULL), int64_t(0x7759a16e48000500ULL), int64_t(0x7759a17547000500ULL), int64_t(0x7759a17548000500ULL),
	int64_t(0x7759a17c47000500ULL), int64_t(0x7759a17c48000500ULL), int64_t(0x7759a18347000500ULL), int64_t(0x7759a18348000500ULL), int64_t(0x7759a18a47000500ULL),
	int64_t(0x7759a18a48000500ULL), int64_t(0x7759a19147000500ULL), int64_t(0x7759a19148000500ULL), int64_t(0x7759a19847000500ULL), int64_t(0x7759a19848000500ULL),
	int64_t(0x7759a19f47000500ULL), int64_t(0x7759a19f48000500ULL), int64_t(0x7759a1a647000500ULL), int64_t(0x7759a1a648000500ULL), int64_t(0x7759a1ad47000500ULL),
	int64_t(0x7759a1ad48000500ULL), int64_t(0x7759a1be47000500ULL), int64_t(0x7759a1be48000500ULL), int64_t(0x7759a1c547000500ULL), int64_t(0x7759a1c548000500ULL),
	int64_t(0x7759a1cc47000500ULL), int64_t(0x7759a1cc48000500ULL), int64_t(0x7759a1d347000500ULL), int64_t(0x7759a1d348000500ULL), int64_t(0x7759a1da46000500ULL),
	int64_t(0x7759a1e147000500ULL), int64_t(0x7759a1e148000500ULL), int64_t(0x7759a1e847000500ULL), int64_t(0x7759a1e848000500ULL), int64_t(0x7759a1ef46000500ULL),
	int64_t(0x7759a1f646000500ULL), int64_t(0x7759890046000500ULL), int64_t(0x7759a10505000500ULL), int64_t(0x7759a10546000500ULL), int64_t(0x7759a10546000500ULL),
	int64_t(0x774f090005000500ULL), int64_t(0x7759a1fa05000500ULL), int64_t(0x7759a10c05000500ULL), int64_t(0x7759a10c46000500ULL), int64_t(0x7759a11305000500ULL),
	int64_t(0x7759a11346000500ULL), int64_t(0x7759a11a05000500ULL), int64_t(0x7759a11a46000500ULL), int64_t(0x7759a12146000500ULL), int64_t(0x7759a12105000500ULL),
	int64_t(0x7759a12805000500ULL), int64_t(0x7759a12846000500ULL), int64_t(0x7759a12f05000500ULL), int64_t(0x7759a12f46000500ULL), int64_t(0x7759a13605000500ULL),
	int64_t(0x7759a13646000500ULL), int64_t(0x7759a13d05000500ULL), int64_t(0x7759a14405000500ULL), int64_t(0x7759a14446000500ULL), int64_t(0x7759a14b05000500ULL),
	int64_t(0x7759a14b46000500ULL), int64_t(0x7759a15205000500ULL), int64_t(0x7759a15246000500ULL), int64_t(0x7759a15905000500ULL), int64_t(0x7759a15946000500ULL),
	int64_t(0x7759a16005000500ULL), int64_t(0x7759a16046000500ULL), int64_t(0x7759a16705000500ULL), int64_t(0x7759a16746000500ULL), int64_t(0x7759a16e05000500ULL),
	int64_t(0x7759a16e46000500ULL), int64_t(0x7759a17505000500ULL), int64_t(0x7759a17546000500ULL), int64_t(0x7759a17c05000500ULL), int64_t(0x7759a17c46000500ULL),
	int64_t(0x7759a18305000500ULL), int64_t(0x7759a18346000500ULL), int64_t(0x7759a18a05000500ULL), int64_t(0x7759a18a46000500ULL), int64_t(0x7759a19105000500ULL),
	int64_t(0x7759a19146000500ULL), int64_t(0x7759a19805000500ULL), int64_t(0x7759a19846000500ULL), int64_t(0x7759a19f05000500ULL), int64_t(0x7759a19f46000500ULL),
	int64_t(0x7759a1a605000500ULL), int64_t(0x7759a1a646000500ULL), int64_t(0x7759a1ad05000500ULL), int64_t(0x7759a1ad46000500ULL), int64_t(0x7759a1be05000500ULL),
	int64_t(0x7759a1be46000500ULL), int64_t(0x7759a1c505000500ULL), int64_t(0x7759a1c546000500ULL), int64_t(0x7759a1cc05000500ULL), int64_t(0x7759a1cc46000500ULL),
	int64_t(0x7759a1d305000500ULL), int64_t(0x7759a1d346000500ULL), int64_t(0x7759a1da05000500ULL), int64_t(0x7759a1e105000500ULL), int64_t(0x7759a1e146000500ULL),
	int64_t(0x7759a1e805000500ULL), int64_t(0x7759a1e846000500ULL), int64_t(0x7759a1ef05000500ULL), int64_t(0x7759a1f605000500ULL), int64_t(0x7759a1e005000500ULL),
	int64_t(0x7753000005000500ULL), int64_t(0x7759a20205000500ULL), int64_t(0x7759a20705000500ULL), int64_t(0x7759a20405000500ULL), int64_t(0x7759a1fb05000500ULL),
	int64_t(0x7759a20305000500ULL), int64_t(0x7759a20805000500ULL), int64_t(0x7759a20505000500ULL), int64_t(0x7759a1fd05000500ULL), int64_t(0x7759a20605000500ULL),
	int64_t(0x7759a1ff05000500ULL), int64_t(0x7759a1dc05000500ULL), int64_t(0x7753000005000500ULL), int64_t(0x7750a80005000500ULL), int64_t(0x7759a1ff05000500ULL),
	int64_t(0x7759a10647000500ULL), int64_t(0x77513d0005000500ULL), int64_t(0x7759a1fd05000500ULL), int64_t(0x77596b0005000500ULL), int64_t(0x775d500046000500ULL),
	int64_t(0x7751590005000500ULL), int64_t(0x7759a14646000500ULL), int64_t(0x775d510005000500ULL), int64_t(0x774f090005000500ULL), int64_t(0x7759a12146000500ULL),
	int64_t(0x775d510046000500ULL), int64_t(0x7755640005000500ULL), int64_t(0x7759170046000500ULL), int64_t(0x7759a1f805000500ULL), int64_t(0x7759a1f905000500ULL),
	int64_t(0x7759a1fc05000500ULL), int64_t(0x7759a1fe05000500ULL)
};

static constexpr char16_t s_coll_myContexts[4276] = {
	0x774f, 0x9c1, 0x1, 0x1039, 0xffff, 0x7759, 0x9fc1, 0x103a, 0x81c6, 0x774f, 0x17c1, 0x1,
	0x1039, 0xa1c6, 0x103a, 0xc000, 0x41c6, 0x774f, 0x25c1, 0x1, 0x1039, 0xc000, 0x61c6, 0x103a,
	0xc000, 0x81c6, 0x774f, 0x41c1, 0x1, 0x1039, 0xc000, 0xa1c6, 0x103a, 0xc000, 0xc1c6, 0x774f,
	0x56c1, 0x30, 0x103a, 0x4070, 0xe1c6, 0x1039, 0xc001, 0x1c6, 0x774f, 0x64c1, 0x1, 0x1039,
	0xc001, 0x21c6, 0x103a, 0xc001, 0x41c6, 0x774f, 0x79c1, 0x1, 0x1039, 0xc001, 0x61c6, 0x103a,
	0xc001, 0x81c6, 0x774f, 0x95c1, 0x1, 0x1039, 0xc001, 0xa1c6, 0x103a, 0xc001, 0xc1c6, 0x774f,
	0xb8c1, 0x30, 0x103a, 0xc001, 0xe1c6, 0x774f, 0xe9c1, 0x1, 0x1039, 0xc002, 0x1c6, 0x103a,
	0xc002, 0x21c6, 0x7750, 0x7c1, 0x1, 0x1039, 0xc002, 0x41c6, 0x103a, 0xc002, 0x61c6, 0x7750,
	0xec1, 0x1, 0x1039, 0xc002, 0x81c6, 0x103a, 0xc002, 0xa1c6, 0x7750, 0x1cc1, 0x1, 0x1039,
	0xc002, 0xc1c6, 0x103a, 0xc002, 0xe1c6, 0x7750, 0x2ac1, 0x1, 0x1039, 0xc003, 0x1c6, 0x103a,
	0xc003, 0x21c6, 0x7750, 0x3fc1, 0x1, 0x1039, 0xc003, 0x41c6, 0x103a, 0xc003, 0x61c6, 0x7750,
	0x54c1, 0x1, 0x1039, 0xc003, 0x81c6, 0x103a, 0xc003, 0xa1c6, 0x7750, 0x70c1, 0x1, 0x1039,
	0xc003, 0xc1c6, 0x103a, 0xc003, 0xe1c6, 0x7750, 0x77c1, 0x1, 0x1039, 0x3, 0x103a, 0xc004,
	0xa1c6, 0x4173, 0x1c6, 0x1019, 0x1004, 0x103a, 0x1038, 0xc004, 0x24c6, 0x7750, 0x7ec1, 0x1,
	0x1039, 0xc004, 0xc1c6, 0x103a, 0xc004, 0xe1c6, 0x7750, 0x93c1, 0x1, 0x1039, 0xc005, 0x1c6,
	0x103a, 0xc005, 0x21c6, 0x7750, 0xa8c1, 0x1, 0x1039, 0xc005, 0x41c6, 0x103a, 0x41b2, 0x61c6,
	0x102f, 0x1015, 0x103a, 0xc005, 0x83c6, 0x7750, 0xc4c1, 0x1, 0x1039, 0xc005, 0xe1c6, 0x103a,
	0xc006, 0x1c6, 0x7750, 0xcbc1, 0x1, 0x1039, 0xc006, 0x21c6, 0x103a, 0xc006, 0x41c6, 0x7750,
	0xf5c1, 0x1, 0x1039, 0xc006, 0x61c6, 0x103a, 0xc006, 0x81c6, 0x7751, 0xcc1, 0x1, 0x1039,
	0xc006, 0xa1c6, 0x103a, 0xc006, 0xc1c6, 0x7751, 0x21c1, 0x1, 0x1039, 0xc006, 0xe1c6, 0x103a,
	0xc007, 0x1c6, 0x7751, 0x2fc1, 0x1, 0x1039, 0xc007, 0x21c6, 0x103a, 0xc007, 0x41c6, 0x7751,
	0x3dc1, 0x1, 0x1039, 0xc007, 0x61c6, 0x103a, 0xc007, 0x81c6, 0x7751, 0x59c1, 0x2, 0x1000,
	0x5, 0x1039, 0x9, 0x103a, 0xc008, 0xc1c6, 0x32, 0x103a, 0x103b, 0x102c, 0xc007, 0xa4c6,
	0x4272, 0x21c6, 0x1018, 0x1000, 0x103a, 0xc008, 0x44c6, 0x7751, 0x67c1, 0x30, 0x103a, 0xc008,
	0xe1c6, 0x7753, 0x505, 0x1, 0x1039, 0x3, 0x103a, 0xc009, 0x21c6, 0x42b1, 0x1c6, 0x1019,
	0x102e, 0xa3c5, 0x7755, 0x9c1, 0x1, 0x1039, 0xc009, 0x41c6, 0x103a, 0xc009, 0x61c6, 0x7755,
	0x33c1, 0x30, 0x103a, 0xc009, 0x81c6, 0x7755, 0x64c1, 0x30, 0x103a, 0xc009, 0xa1c6, 0x9,
	0xc2c6, 0x1e, 0x1010, 0x8d, 0x1018, 0x43, 0x101c, 0x1e, 0x101c, 0x7, 0x101e, 0xc,
	0x101f, 0x11, 0x103f, 0xc018, 0xc3c6, 0x1, 0x1039, 0xc017, 0x42c6, 0x103a, 0xc017, 0x82c6,
	0x1, 0x1039, 0xc017, 0xc2c6, 0x103a, 0xc018, 0x2c6, 0x1, 0x1039, 0xc018, 0x42c6, 0x103a,
	0xc018, 0x82c6, 0x1018, 0xc, 0x1019, 0x11, 0x101a, 0x16, 0x101b, 0x1, 0x1039, 0xc016,
	0xc2c6, 0x103a, 0xc017, 0x2c6, 0x1, 0x1039, 0xc015, 0x42c6, 0x103a, 0xc015, 0x82c6, 0x1,
	0x1039, 0xc015, 0xc2c6, 0x103a, 0xc016, 0x2c6, 0x1, 0x1039, 0xc016, 0x42c6, 0x103a, 0xc016,
	0x82c6, 0x1014, 0x23, 0x1014, 0xc, 0x1015, 0x11, 0x1016, 0x16, 0x1017, 0x1, 0x1039,
	0xc014, 0xc2c6, 0x103a, 0xc015, 0x2c6, 0x1, 0x1039, 0xc013, 0x42c6, 0x103a, 0xc013, 0x82c6,
	0x1, 0x1039, 0xc013, 0xc2c6, 0x103a, 0xc014, 0x2c6, 0x1, 0x1039, 0xc014, 0x42c6, 0x103a,
	0xc014, 0x82c6, 0x1010, 0xc, 0x1011, 0x11, 0x1012, 0x16, 0x1013, 0x1, 0x1039, 0xc012,
	0xc2c6, 0x103a, 0xc013, 0x2c6, 0x1, 0x1039, 0xc011, 0x42c6, 0x103a, 0xc011, 0x82c6, 0x1,
	0x1039, 0xc011, 0xc2c6, 0x103a, 0xc012, 0x2c6, 0x1, 0x1039, 0xc012, 0x42c6, 0x103a, 0xc012,
	0x82c6, 0x1007, 0x48, 0x100c, 0x23, 0x100c, 0xc, 0x100d, 0x11, 0x100e, 0x16, 0x100f,
	0x1, 0x1039, 0xc010, 0xc2c6, 0x103a, 0xc011, 0x2c6, 0x1, 0x1039, 0xc00f, 0x42c6, 0x103a,
	0xc00f, 0x82c6, 0x1, 0x1039, 0xc00f, 0xc2c6, 0x103a, 0xc010, 0x2c6, 0x1, 0x1039, 0xc010,
	0x42c6, 0x103a, 0xc010, 0x82c6, 0x1007, 0xc, 0x1009, 0x11, 0x100a, 0x16, 0x100b, 0x1,
	0x1039, 0xc00e, 0xc2c6, 0x103a, 0xc00f, 0x2c6, 0x1, 0x1039, 0xc00d, 0x42c6, 0x103a, 0xc00d,
	0x82c6, 0x1, 0x1039, 0xc00d, 0xc2c6, 0x103a, 0xc00e, 0x2c6, 0x1, 0x1039, 0xc00e, 0x42c6,
	0x103a, 0xc00e, 0x82c6, 0x1003, 0x23, 0x1003, 0xc, 0x1004, 0x11, 0x1005, 0x16, 0x1006,
	0x1, 0x1039, 0xc00c, 0xc2c6, 0x103a, 0xc00d, 0x2c6, 0x1, 0x1039, 0xc00b, 0x82c6, 0x103a,
	0xc00b, 0xc2c6, 0x1, 0x1039, 0xc000, 0x84c5, 0x103a, 0xc00c, 0x2c6, 0x1, 0x1039, 0xc00c,
	0x42c6, 0x103a, 0xc00c, 0x82c6, 0x1000, 0xa, 0x1001, 0xf, 0x1002, 0x1, 0x1039, 0xc00b,
	0x2c6, 0x103a, 0xc00b, 0x42c6, 0x1, 0x1039, 0xc00a, 0x2c6, 0x103a, 0xc00a, 0x42c6, 0x1,
	0x1039, 0xc00a, 0x82c6, 0x103a, 0xc00a, 0xc2c6, 0x19, 0x62c6, 0x20, 0x1011, 0x8d, 0x1019,
	0x43, 0x101e, 0x1e, 0x101e, 0xa, 0x101f, 0xf, 0x102e, 0xc028, 0x62c6, 0x102f, 0x11,
	0x103f, 0xc028, 0xe3c6, 0x1, 0x1039, 0xc027, 0x62c6, 0x103a, 0xc027, 0xa2c6, 0x1, 0x1039,
	0xc027, 0xe2c6, 0x103a, 0xc028, 0x22c6, 0x30, 0x1036, 0xc028, 0xa2c6, 0x1019, 0xc, 0x101a,
	0x11, 0x101b, 0x16, 0x101c, 0x1, 0x1039, 0xc026, 0xe2c6, 0x103a, 0xc027, 0x22c6, 0x1,
	0x1039, 0xc025, 0x62c6, 0x103a, 0xc025, 0xa2c6, 0x1, 0x1039, 0xc025, 0xe2c6, 0x103a, 0xc026,
	0x22c6, 0x1, 0x1039, 0xc026, 0x62c6, 0x103a, 0xc026, 0xa2c6, 0x1015, 0x23, 0x1015, 0xc,
	0x1016, 0x11, 0x1017, 0x16, 0x1018, 0x1, 0x1039, 0xc024, 0xe2c6, 0x103a, 0xc025, 0x22c6,
	0x1, 0x1039, 0xc023, 0x62c6, 0x103a, 0xc023, 0xa2c6, 0x1, 0x1039, 0xc023, 0xe2c6, 0x103a,
	0xc024, 0x22c6, 0x1, 0x1039, 0xc024, 0x62c6, 0x103a, 0xc024, 0xa2c6, 0x1011, 0xc, 0x1012,
	0x11, 0x1013, 0x16, 0x1014, 0x1, 0x1039, 0xc022, 0xe2c6, 0x103a, 0xc023, 0x22c6, 0x1,
	0x1039, 0xc021, 0x62c6, 0x103a, 0xc021, 0xa2c6, 0x1, 0x1039, 0xc021, 0xe2c6, 0x103a, 0xc022,
	0x22c6, 0x1, 0x1039, 0xc022, 0x62c6, 0x103a, 0xc022, 0xa2c6, 0x1009, 0x48, 0x100d, 0x23,
	0x100d, 0xc, 0x100e, 0x11, 0x100f, 0x16, 0x1010, 0x1, 0x1039, 0xc020, 0xe2c6, 0x103a,
	0xc021, 0x22c6, 0x1, 0x1039, 0xc01f, 0x62c6, 0x103a, 0xc01f, 0xa2c6, 0x1, 0x1039, 0xc01f,
	0xe2c6, 0x103a, 0xc020, 0x22c6, 0x1, 0x1039, 0xc020, 0x62c6, 0x103a, 0xc020, 0xa2c6, 0x1009,
	0xc, 0x100a, 0x11, 0x100b, 0x16, 0x100c, 0x1, 0x1039, 0xc01e, 0xe2c6, 0x103a, 0xc01f,
	0x22c6, 0x1, 0x1039, 0xc01d, 0x62c6, 0x103a, 0xc01d, 0xa2c6, 0x1, 0x1039, 0xc01d, 0xe2c6,
	0x103a, 0xc01e, 0x22c6, 0x1, 0x1039, 0xc01e, 0x62c6, 0x103a, 0xc01e, 0xa2c6, 0x1004, 0x23,
	0x1004, 0xc, 0x1005, 0x11, 0x1006, 0x16, 0x1007, 0x1, 0x1039, 0xc01c, 0xe2c6, 0x103a,
	0xc01d, 0x22c6, 0x1, 0x1039, 0xc001, 0x4c5, 0x103a, 0xc01b, 0xa2c6, 0x1, 0x1039, 0xc01b,
	0xe2c6, 0x103a, 0xc01c, 0x22c6, 0x1, 0x1039, 0xc01c, 0x62c6, 0x103a, 0xc01c, 0xa2c6, 0x1000,
	0xc, 0x1001, 0x11, 0x1002, 0x16, 0x1003, 0x1, 0x1039, 0xc01b, 0x22c6, 0x103a, 0xc01b,
	0x62c6, 0x1, 0x1039, 0xc019, 0xa2c6, 0x103a, 0xc019, 0xe2c6, 0x1, 0x1039, 0xc01a, 0x22c6,
	0x103a, 0xc01a, 0x62c6, 0x1, 0x1039, 0xc01a, 0xa2c6, 0x103a, 0xc01a, 0xe2c6, 0x29, 0x42c6,
	0x1d, 0x1010, 0x89, 0x1017, 0x48, 0x101b, 0x23, 0x101b, 0xc, 0x101c, 0x11, 0x101e,
	0x16, 0x101f, 0x1, 0x1039, 0xc037, 0xc2c6, 0x103a, 0xc038, 0x2c6, 0x1, 0x1039, 0xc036,
	0x42c6, 0x103a, 0xc036, 0x82c6, 0x1, 0x1039, 0xc036, 0xc2c6, 0x103a, 0xc037, 0x2c6, 0x1,
	0x1039, 0xc037, 0x42c6, 0x103a, 0xc037, 0x82c6, 0x1017, 0xc, 0x1018, 0x11, 0x1019, 0x16,
	0x101a, 0x1, 0x1039, 0xc035, 0xc2c6, 0x103a, 0xc036, 0x2c6, 0x1, 0x1039, 0xc034, 0x42c6,
	0x103a, 0xc034, 0x82c6, 0x1, 0x1039, 0xc034, 0xc2c6, 0x103a, 0xc035, 0x2c6, 0x1, 0x1039,
	0xc035, 0x42c6, 0x103a, 0xc035, 0x82c6, 0x1013, 0x23, 0x1013, 0xc, 0x1014, 0x11, 0x1015,
	0x16, 0x1016, 0x1, 0x1039, 0xc033, 0xc2c6, 0x103a, 0xc034, 0x2c6, 0x1, 0x1039, 0xc032,
	0x42c6, 0x103a, 0xc032, 0x82c6, 0x1, 0x1039, 0xc032, 0xc2c6, 0x103a, 0xc033, 0x2c6, 0x1,
	0x1039, 0xc033, 0x42c6, 0x103a, 0xc033, 0x82c6, 0x1010, 0xa, 0x1011, 0xf, 0x1012, 0x1,
	0x1039, 0xc031, 0xc2c6, 0x103a, 0xc032, 0x2c6, 0x1, 0x1039, 0xc030, 0xc2c6, 0x103a, 0xc031,
	0x2c6, 0x1, 0x1039, 0xc031, 0x42c6, 0x103a, 0xc031, 0x82c6, 0x1007, 0x48, 0x100c, 0x23,
	0x100c, 0xc, 0x100d, 0x11, 0x100e, 0x16, 0x100f, 0x1, 0x1039, 0xc030, 0x42c6, 0x103a,
	0xc030, 0x82c6, 0x1, 0x1039, 0xc02e, 0xc2c6, 0x103a, 0xc02f, 0x2c6, 0x1, 0x1039, 0xc02f,
	0x42c6, 0x103a, 0xc02f, 0x82c6, 0x1, 0x1039, 0xc02f, 0xc2c6, 0x103a, 0xc030, 0x2c6, 0x1007,
	0xc, 0x1009, 0x11, 0x100a, 0x16, 0x100b, 0x1, 0x1039, 0xc02e, 0x42c6, 0x103a, 0xc02e,
	0x82c6, 0x1, 0x1039, 0xc02c, 0xc2c6, 0x103a, 0xc02d, 0x2c6, 0x1, 0x1039, 0xc02d, 0x42c6,
	0x103a, 0xc02d, 0x82c6, 0x1, 0x1039, 0xc02d, 0xc2c6, 0x103a, 0xc02e, 0x2c6, 0x1003, 0x23,
	0x1003, 0xc, 0x1004, 0x11, 0x1005, 0x16, 0x1006, 0x1, 0x1039, 0xc02c, 0x42c6, 0x103a,
	0xc02c, 0x82c6, 0x1, 0x1039, 0xc02b, 0x2c6, 0x103a, 0xc02b, 0x42c6, 0x1, 0x1039, 0xc001,
	0x84c5, 0x103a, 0xc02b, 0x82c6, 0x1, 0x1039, 0xc02b, 0xc2c6, 0x103a, 0xc02c, 0x2c6, 0x1000,
	0xa, 0x1001, 0xf, 0x1002, 0x1, 0x1039, 0xc02a, 0x82c6, 0x103a, 0xc02a, 0xc2c6, 0x1,
	0x1039, 0xc029, 0x82c6, 0x103a, 0xc029, 0xc2c6, 0x1, 0x1039, 0xc02a, 0x2c6, 0x103a, 0xc02a,
	0x42c6, 0x38, 0x82c6, 0x1e, 0x1010, 0x1a2, 0x1018, 0x158, 0x101c, 0x133, 0x101c, 0x11c,
	0x101e, 0x121, 0x101f, 0x126, 0x1031, 0x30, 0x102c, 0x1d, 0x1010, 0x89, 0x1017, 0x48,
	0x101b, 0x23, 0x101b, 0xc, 0x101c, 0x11, 0x101e, 0x16, 0x101f, 0x1, 0x1039, 0xc055,
	0xc2c6, 0x103a, 0xc056, 0x2c6, 0x1, 0x1039, 0xc054, 0x42c6, 0x103a, 0xc054, 0x82c6, 0x1,
	0x1039, 0xc054, 0xc2c6, 0x103a, 0xc055, 0x2c6, 0x1, 0x1039, 0xc055, 0x42c6, 0x103a, 0xc055,
	0x82c6, 0x1017, 0xc, 0x1018, 0x11, 0x1019, 0x16, 0x101a, 0x1, 0x1039, 0xc053, 0xc2c6,
	0x103a, 0xc054, 0x2c6, 0x1, 0x1039, 0xc052, 0x42c6, 0x103a, 0xc052, 0x82c6, 0x1, 0x1039,
	0xc052, 0xc2c6, 0x103a, 0xc053, 0x2c6, 0x1, 0x1039, 0xc053, 0x42c6, 0x103a, 0xc053, 0x82c6,
	0x1013, 0x23, 0x1013, 0xc, 0x1014, 0x11, 0x1015, 0x16, 0x1016, 0x1, 0x1039, 0xc051,
	0xc2c6, 0x103a, 0xc052, 0x2c6, 0x1, 0x1039, 0xc050, 0x42c6, 0x103a, 0xc050, 0x82c6, 0x1,
	0x1039, 0xc050, 0xc2c6, 0x103a, 0xc051, 0x2c6, 0x1, 0x1039, 0xc051, 0x42c6, 0x103a, 0xc051,
	0x82c6, 0x1010, 0xa, 0x1011, 0xf, 0x1012, 0x1, 0x1039, 0xc04f, 0xc2c6, 0x103a, 0xc050,
	0x2c6, 0x1, 0x1039, 0xc04e, 0xc2c6, 0x103a, 0xc04f, 0x2c6, 0x1, 0x1039, 0xc04f, 0x42c6,
	0x103a, 0xc04f, 0x82c6, 0x1007, 0x48, 0x100c, 0x23, 0x100c, 0xc, 0x100d, 0x11, 0x100e,
	0x16, 0x100f, 0x1, 0x1039, 0xc04e, 0x42c6, 0x103a, 0xc04e, 0x82c6, 0x1, 0x1039, 0xc04c,
	0xc2c6, 0x103a, 0xc04d, 0x2c6, 0x1, 0x1039, 0xc04d, 0x42c6, 0x103a, 0xc04d, 0x82c6, 0x1,
	0x1039, 0xc04d, 0xc2c6, 0x103a, 0xc04e, 0x2c6, 0x1007, 0xc, 0x1009, 0x11, 0x100a, 0x16,
	0x100b, 0x1, 0x1039, 0xc04c, 0x42c6, 0x103a, 0xc04c, 0x82c6, 0x1, 0x1039, 0xc04a, 0xc2c6,
	0x103a, 0xc04b, 0x2c6, 0x1, 0x1039, 0xc04b, 0x42c6, 0x103a, 0xc04b, 0x82c6, 0x1, 0x1039,
	0xc04b, 0xc2c6, 0x103a, 0xc04c, 0x2c6, 0x1003, 0x23, 0x1003, 0xc, 0x1004, 0x11, 0x1005,
	0x16, 0x1006, 0x1, 0x1039, 0xc04a, 0x42c6, 0x103a, 0xc04a, 0x82c6, 0x1, 0x1039, 0xc049,
	0x2c6, 0x103a, 0xc049, 0x42c6, 0x1, 0x1039, 0xc002, 0x84c5, 0x103a, 0xc049, 0x82c6, 0x1,
	0x1039, 0xc049, 0xc2c6, 0x103a, 0xc04a, 0x2c6, 0x1000, 0xa, 0x1001, 0xf, 0x1002, 0x1,
	0x1039, 0xc048, 0x82c6, 0x103a, 0xc048, 0xc2c6, 0x1, 0x1039, 0xc047, 0x82c6, 0x103a, 0xc047,
	0xc2c6, 0x1, 0x1039, 0xc048, 0x2c6, 0x103a, 0xc048, 0x42c6, 0x1, 0x1039, 0xc046, 0x2c6,
	0x103a, 0xc046, 0x42c6, 0x1, 0x1039, 0xc046, 0x82c6, 0x103a, 0xc046, 0xc2c6, 0x1, 0x1039,
	0xc047, 0x2c6, 0x103a, 0xc047, 0x42c6, 0x1018, 0xc, 0x1019, 0x11, 0x101a, 0x16, 0x101b,
	0x1, 0x1039, 0xc045, 0x82c6, 0x103a, 0xc045, 0xc2c6, 0x1, 0x1039, 0xc044, 0x2c6, 0x103a,
	0xc044, 0x42c6, 0x1, 0x1039, 0xc044, 0x82c6, 0x103a, 0xc044, 0xc2c6, 0x1, 0x1039, 0xc045,
	0x2c6, 0x103a, 0xc045, 0x42c6, 0x1014, 0x23, 0x1014, 0xc, 0x1015, 0x11, 0x1016, 0x16,
	0x1017, 0x1, 0x1039, 0xc043, 0x82c6, 0x103a, 0xc043, 0xc2c6, 0x1, 0x1039, 0xc042, 0x2c6,
	0x103a, 0xc042, 0x42c6, 0x1, 0x1039, 0xc042, 0x82c6, 0x103a, 0xc042, 0xc2c6, 0x1, 0x1039,
	0xc043, 0x2c6, 0x103a, 0xc043, 0x42c6, 0x1010, 0xc, 0x1011, 0x11, 0x1012, 0x16, 0x1013,
	0x1, 0x1039, 0xc041, 0x82c6, 0x103a, 0xc041, 0xc2c6, 0x1, 0x1039, 0xc040, 0x2c6, 0x103a,
	0xc040, 0x42c6, 0x1, 0x1039, 0xc040, 0x82c6, 0x103a, 0xc040, 0xc2c6, 0x1, 0x1039, 0xc041,
	0x2c6, 0x103a, 0xc041, 0x42c6, 0x1007, 0x48, 0x100c, 0x23, 0x100c, 0xc, 0x100d, 0x11,
	0x100e, 0x16, 0x100f, 0x1, 0x1039, 0xc03f, 0x82c6, 0x103a, 0xc03f, 0xc2c6, 0x1, 0x1039,
	0xc03e, 0x2c6, 0x103a, 0xc03e, 0x42c6, 0x1, 0x1039, 0xc03e, 0x82c6, 0x103a, 0xc03e, 0xc2c6,
	0x1, 0x1039, 0xc03f, 0x2c6, 0x103a, 0xc03f, 0x42c6, 0x1007, 0xc, 0x1009, 0x11, 0x100a,
	0x16, 0x100b, 0x1, 0x1039, 0xc03d, 0x82c6, 0x103a, 0xc03d, 0xc2c6, 0x1, 0x1039, 0xc03c,
	0x2c6, 0x103a, 0xc03c, 0x42c6, 0x1, 0x1039, 0xc03c, 0x82c6, 0x103a, 0xc03c, 0xc2c6, 0x1,
	0x1039, 0xc03d, 0x2c6, 0x103a, 0xc03d, 0x42c6, 0x1003, 0x23, 0x1003, 0xc, 0x1004, 0x11,
	0x1005, 0x16, 0x1006, 0x1, 0x1039, 0xc03b, 0x82c6, 0x103a, 0xc03b, 0xc2c6, 0x1, 0x1039,
	0xc03a, 0x42c6, 0x103a, 0xc03a, 0x82c6, 0x1, 0x1039, 0xc002, 0x4c5, 0x103a, 0xc03a, 0xc2c6,
	0x1, 0x1039, 0xc03b, 0x2c6, 0x103a, 0xc03b, 0x42c6, 0x1000, 0xa, 0x1001, 0xf, 0x1002,
	0x1, 0x1039, 0xc039, 0xc2c6, 0x103a, 0xc03a, 0x2c6, 0x1, 0x1039, 0xc038, 0xc2c6, 0x103a,
	0xc039, 0x2c6, 0x1, 0x1039, 0xc039, 0x42c6, 0x103a, 0xc039, 0x82c6, 0x7757, 0x4605, 0x21,
	0x1011, 0x92, 0x1019, 0x48, 0x101d, 0x23, 0x101d, 0xb, 0x101e, 0xd, 0x101f, 0x12,
	0x1020, 0x17, 0x1021, 0x30, 0x103a, 0xc05e, 0x61c6, 0x30, 0x103a, 0xc05d, 0xa1c6, 0x1,
	0x1039, 0xc05d, 0xc1c6, 0x103a, 0xc05d, 0xe1c6, 0x1, 0x1039, 0xc05e, 0x1c6, 0x103a, 0xc05e,
	0x21c6, 0x30, 0x103a, 0xc05e, 0x41c6, 0x1019, 0xc, 0x101a, 0x11, 0x101b, 0x16, 0x101c,
	0x1, 0x1039, 0xc05d, 0x61c6, 0x103a, 0xc05d, 0x81c6, 0x1, 0x1039, 0xc05c, 0xa1c6, 0x103a,
	0xc05c, 0xc1c6, 0x1, 0x1039, 0xc05c, 0xe1c6, 0x103a, 0xc05d, 0x1c6, 0x1, 0x1039, 0xc05d,
	0x21c6, 0x103a, 0xc05d, 0x41c6, 0x1015, 0x23, 0x1015, 0xc, 0x1016, 0x11, 0x1017, 0x16,
	0x1018, 0x1, 0x1039, 0xc05c, 0x61c6, 0x103a, 0xc05c, 0x81c6, 0x1, 0x1039, 0xc05b, 0xa1c6,
	0x103a, 0xc05b, 0xc1c6, 0x1, 0x1039, 0xc05b, 0xe1c6, 0x103a, 0xc05c, 0x1c6, 0x1, 0x1039,
	0xc05c, 0x21c6, 0x103a, 0xc05c, 0x41c6, 0x1011, 0xc, 0x1012, 0x11, 0x1013, 0x16, 0x1014,
	0x1, 0x1039, 0xc05b, 0x61c6, 0x103a, 0xc05b, 0x81c6, 0x1, 0x1039, 0xc05a, 0xa1c6, 0x103a,
	0xc05a, 0xc1c6, 0x1, 0x1039, 0xc05a, 0xe1c6, 0x103a, 0xc05b, 0x1c6, 0x1, 0x1039, 0xc05b,
	0x21c6, 0x103a, 0xc05b, 0x41c6, 0x1008, 0x4e, 0x100c, 0x2c, 0x100c, 0xe, 0x100d, 0x13,
	0x100e, 0x18, 0x100f, 0x1d, 0x1010, 0x1, 0x1039, 0xc05a, 0x61c6, 0x103a, 0xc05a, 0x81c6,
	0x1, 0x1039, 0xc059, 0x61c6, 0x103a, 0xc059, 0x81c6, 0x1, 0x1039, 0xc059, 0xa1c6, 0x103a,
	0xc059, 0xc1c6, 0x1, 0x1039, 0xc059, 0xe1c6, 0x103a, 0xc05a, 0x1c6, 0x1, 0x1039, 0xc05a,
	0x21c6, 0x103a, 0xc05a, 0x41c6, 0x1008, 0xc, 0x1009, 0xe, 0x100a, 0x13, 0x100b, 0x1,
	0x1039, 0xc059, 0x21c6, 0x103a, 0xc059, 0x41c6, 0x30, 0x103a, 0xc058, 0x81c6, 0x1, 0x1039,
	0xc058, 0xa1c6, 0x103a, 0xc058, 0xc1c6, 0x1, 0x1039, 0xc058, 0xe1c6, 0x103a, 0xc059, 0x1c6,
	0x1004, 0x23, 0x1004, 0xc, 0x1005, 0x11, 0x1006, 0x16, 0x1007, 0x1, 0x1039, 0xc058,
	0x41c6, 0x103a, 0xc058, 0x61c6, 0x30, 0x103a, 0x5630, 0x81c6, 0x1039, 0xc057, 0xa1c6, 0x1,
	0x1039, 0xc057, 0xc1c6, 0x103a, 0xc057, 0xe1c6, 0x1, 0x1039, 0xc058, 0x1c6, 0x103a, 0xc058,
	0x21c6, 0x1000, 0xc, 0x1001, 0x11, 0x1002, 0x16, 0x1003, 0x1, 0x1039, 0xc057, 0x41c6,
	0x103a, 0xc057, 0x61c6, 0x1, 0x1039, 0xc056, 0x81c6, 0x103a, 0xc056, 0xa1c6, 0x1, 0x1039,
	0xc056, 0xc1c6, 0x103a, 0xc056, 0xe1c6, 0x1, 0x1039, 0xc057, 0x1c6, 0x103a, 0xc057, 0x21c6,
	0x7757, 0x505, 0x21, 0x1011, 0x92, 0x1019, 0x48, 0x101d, 0x23, 0x101d, 0xb, 0x101e,
	0xd, 0x101f, 0x12, 0x1020, 0x17, 0x1021, 0x30, 0x103a, 0xc066, 0x41c6, 0x30, 0x103a,
	0xc065, 0x81c6, 0x1, 0x1039, 0xc065, 0xa1c6, 0x103a, 0xc065, 0xc1c6, 0x1, 0x1039, 0xc065,
	0xe1c6, 0x103a, 0xc066, 0x1c6, 0x30, 0x103a, 0xc066, 0x21c6, 0x1019, 0xc, 0x101a, 0x11,
	0x101b, 0x16, 0x101c, 0x1, 0x1039, 0xc065, 0x41c6, 0x103a, 0xc065, 0x61c6, 0x1, 0x1039,
	0xc064, 0x81c6, 0x103a, 0xc064, 0xa1c6, 0x1, 0x1039, 0xc064, 0xc1c6, 0x103a, 0xc064, 0xe1c6,
	0x1, 0x1039, 0xc065, 0x1c6, 0x103a, 0xc065, 0x21c6, 0x1015, 0x23, 0x1015, 0xc, 0x1016,
	0x11, 0x1017, 0x16, 0x1018, 0x1, 0x1039, 0xc064, 0x41c6, 0x103a, 0xc064, 0x61c6, 0x1,
	0x1039, 0xc063, 0x81c6, 0x103a, 0xc063, 0xa1c6, 0x1, 0x1039, 0xc063, 0xc1c6, 0x103a, 0xc063,
	0xe1c6, 0x1, 0x1039, 0xc064, 0x1c6, 0x103a, 0xc064, 0x21c6, 0x1011, 0xc, 0x1012, 0x11,
	0x1013, 0x16, 0x1014, 0x1, 0x1039, 0xc063, 0x41c6, 0x103a, 0xc063, 0x61c6, 0x1, 0x1039,
	0xc062, 0x81c6, 0x103a, 0xc062, 0xa1c6, 0x1, 0x1039, 0xc062, 0xc1c6, 0x103a, 0xc062, 0xe1c6,
	0x1, 0x1039, 0xc063, 0x1c6, 0x103a, 0xc063, 0x21c6, 0x1008, 0x4e, 0x100c, 0x2c, 0x100c,
	0xe, 0x100d, 0x13, 0x100e, 0x18, 0x100f, 0x1d, 0x1010, 0x1, 0x1039, 0xc062, 0x41c6,
	0x103a, 0xc062, 0x61c6, 0x1, 0x1039, 0xc061, 0x41c6, 0x103a, 0xc061, 0x61c6, 0x1, 0x1039,
	0xc061, 0x81c6, 0x103a, 0xc061, 0xa1c6, 0x1, 0x1039, 0xc061, 0xc1c6, 0x103a, 0xc061, 0xe1c6,
	0x1, 0x1039, 0xc062, 0x1c6, 0x103a, 0xc062, 0x21c6, 0x1008, 0xc, 0x1009, 0xe, 0x100a,
	0x13, 0x100b, 0x1, 0x1039, 0xc061, 0x1c6, 0x103a, 0xc061, 0x21c6, 0x30, 0x103a, 0xc060,
	0x61c6, 0x1, 0x1039, 0xc060, 0x81c6, 0x103a, 0xc060, 0xa1c6, 0x1, 0x1039, 0xc060, 0xc1c6,
	0x103a, 0xc060, 0xe1c6, 0x1004, 0x23, 0x1004, 0xc, 0x1005, 0x11, 0x1006, 0x16, 0x1007,
	0x1, 0x1039, 0xc060, 0x21c6, 0x103a, 0xc060, 0x41c6, 0x30, 0x103a, 0x5830, 0x61c6, 0x1039,
	0xc05f, 0x81c6, 0x1, 0x1039, 0xc05f, 0xa1c6, 0x103a, 0xc05f, 0xc1c6, 0x1, 0x1039, 0xc05f,
	0xe1c6, 0x103a, 0xc060, 0x1c6, 0x1000, 0xc, 0x1001, 0x12, 0x1002, 0x17, 0x1003, 0x1,
	0x1039, 0xc05f, 0x21c6, 0x103a, 0xc05f, 0x41c6, 0x1, 0x1039, 0xffff, 0x7759, 0xa0c1, 0x103a,
	0xc05e, 0x81c6, 0x1, 0x1039, 0xc05e, 0xa1c6, 0x103a, 0xc05e, 0xc1c6, 0x1, 0x1039, 0xc05e,
	0xe1c6, 0x103a, 0xc05f, 0x1c6, 0x7759, 0x17c1, 0x24, 0x1012, 0x1d1, 0x101b, 0x175, 0x1020,
	0x14a, 0x1020, 0x9, 0x1021, 0xb, 0x102f, 0xd, 0x1036, 0x13a, 0x103f, 0xc076, 0xe2c6,
	0x30, 0x103a, 0xc06e, 0x41c6, 0x30, 0x103a, 0xc06e, 0x61c6, 0x7fe1, 0x7759, 0x9ec1, 0x1011,
	0x92, 0x1019, 0x48, 0x101d, 0x23, 0x101d, 0xb, 0x101e, 0xd, 0x101f, 0x12, 0x1020,
	0x17, 0x1021, 0x30, 0x103a, 0xc076, 0x61c6, 0x30, 0x103a, 0xc075, 0xa1c6, 0x1, 0x1039,
	0xc075, 0xc1c6, 0x103a, 0xc075, 0xe1c6, 0x1, 0x1039, 0xc076, 0x1c6, 0x103a, 0xc076, 0x21c6,
	0x30, 0x103a, 0xc076, 0x41c6, 0x1019, 0xc, 0x101a, 0x11, 0x101b, 0x16, 0x101c, 0x1,
	0x1039, 0xc075, 0x61c6, 0x103a, 0xc075, 0x81c6, 0x1, 0x1039, 0xc074, 0xa1c6, 0x103a, 0xc074,
	0xc1c6, 0x1, 0x1039, 0xc074, 0xe1c6, 0x103a, 0xc075, 0x1c6, 0x1, 0x1039, 0xc075, 0x21c6,
	0x103a, 0xc075, 0x41c6, 0x1015, 0x23, 0x1015, 0xc, 0x1016, 0x11, 0x1017, 0x16, 0x1018,
	0x1, 0x1039, 0xc074, 0x61c6, 0x103a, 0xc074, 0x81c6, 0x1, 0x1039, 0xc073, 0xa1c6, 0x103a,
	0xc073, 0xc1c6, 0x1, 0x1039, 0xc073, 0xe1c6, 0x103a, 0xc074, 0x1c6, 0x1, 0x1039, 0xc074,
	0x21c6, 0x103a, 0xc074, 0x41c6, 0x1011, 0xc, 0x1012, 0x11, 0x1013, 0x16, 0x1014, 0x1,
	0x1039, 0xc073, 0x61c6, 0x103a, 0xc073, 0x81c6, 0x1, 0x1039, 0xc072, 0xa1c6, 0x103a, 0xc072,
	0xc1c6, 0x1, 0x1039, 0xc072, 0xe1c6, 0x103a, 0xc073, 0x1c6, 0x1, 0x1039, 0xc073, 0x21c6,
	0x103a, 0xc073, 0x41c6, 0x1008, 0x4e, 0x100c, 0x2c, 0x100c, 0xe, 0x100d, 0x13, 0x100e,
	0x18, 0x100f, 0x1d, 0x1010, 0x1, 0x1039, 0xc072, 0x61c6, 0x103a, 0xc072, 0x81c6, 0x1,
	0x1039, 0xc071, 0x61c6, 0x103a, 0xc071, 0x81c6, 0x1, 0x1039, 0xc071, 0xa1c6, 0x103a, 0xc071,
	0xc1c6, 0x1, 0x1039, 0xc071, 0xe1c6, 0x103a, 0xc072, 0x1c6, 0x1, 0x1039, 0xc072, 0x21c6,
	0x103a, 0xc072, 0x41c6, 0x1008, 0xc, 0x1009, 0xe, 0x100a, 0x13, 0x100b, 0x1, 0x1039,
	0xc071, 0x21c6, 0x103a, 0xc071, 0x41c6, 0x30, 0x103a, 0xc070, 0x81c6, 0x1, 0x1039, 0xc070,
	0xa1c6, 0x103a, 0xc070, 0xc1c6, 0x1, 0x1039, 0xc070, 0xe1c6, 0x103a, 0xc071, 0x1c6, 0x1004,
	0x23, 0x1004, 0xc, 0x1005, 0x11, 0x1006, 0x16, 0x1007, 0x1, 0x1039, 0xc070, 0x41c6,
	0x103a, 0xc070, 0x61c6, 0x30, 0x103a, 0x5c30, 0x81c6, 0x1039, 0xc06f, 0xa1c6, 0x1, 0x1039,
	0xc06f, 0xc1c6, 0x103a, 0xc06f, 0xe1c6, 0x1, 0x1039, 0xc070, 0x1c6, 0x103a, 0xc070, 0x21c6,
	0x1000, 0xc, 0x1001, 0x11, 0x1002, 0x16, 0x1003, 0x1, 0x1039, 0xc06f, 0x41c6, 0x103a,
	0xc06f, 0x61c6, 0x1, 0x1039, 0xc06e, 0x81c6, 0x103a, 0xc06e, 0xa1c6, 0x1, 0x1039, 0xc06e,
	0xc1c6, 0x103a, 0xc06e, 0xe1c6, 0x1, 0x1039, 0xc06f, 0x1c6, 0x103a, 0xc06f, 0x21c6, 0x5dc1,
	0x81c6, 0x1037, 0xc076, 0xa1c6, 0x1038, 0xc076, 0xc1c6, 0x101b, 0xe, 0x101c, 0x13, 0x101d,
	0x18, 0x101e, 0x1a, 0x101f, 0x1, 0x1039, 0xc06e, 0x1c6, 0x103a, 0xc06e, 0x21c6, 0x1,
	0x1039, 0xc06d, 0x41c6, 0x103a, 0xc06d, 0x61c6, 0x1, 0x1039, 0xc06d, 0x81c6, 0x103a, 0xc06d,
	0xa1c6, 0x30, 0x103a, 0xc06d, 0xc1c6, 0x1, 0x1039, 0xc018, 0xe1c6, 0x103a, 0xc06d, 0xe1c6,
	0x1016, 0x35, 0x1016, 0xe, 0x1017, 0x13, 0x1018, 0x18, 0x1019, 0x1d, 0x101a, 0x1,
	0x1039, 0xc06d, 0x1c6, 0x103a, 0xc06d, 0x21c6, 0x1, 0x1039, 0xc06b, 0xc1c6, 0x103a, 0xc06b,
	0xe1c6, 0x1, 0x1039, 0xc06c, 0x1c6, 0x103a, 0xc06c, 0x21c6, 0x1, 0x1039, 0xc06c, 0x41c6,
	0x103a, 0xc06c, 0x61c6, 0x2, 0x1037, 0x9, 0x1039, 0xc06c, 0xa1c6, 0x103a, 0x5b70, 0xc1c6,
	0x1038, 0xc06c, 0xe1c6, 0x30, 0x103a, 0xc06c, 0x81c6, 0x1012, 0xc, 0x1013, 0x11, 0x1014,
	0x16, 0x1015, 0x1, 0x1039, 0xc06b, 0x81c6, 0x103a, 0xc06b, 0xa1c6, 0x1, 0x1039, 0xc06a,
	0xc1c6, 0x103a, 0xc06a, 0xe1c6, 0x1, 0x1039, 0xc06b, 0x1c6, 0x103a, 0xc06b, 0x21c6, 0x1,
	0x1039, 0xc06b, 0x41c6, 0x103a, 0xc06b, 0x61c6, 0x1009, 0x51, 0x100d, 0x2c, 0x100d, 0xe,
	0x100e, 0x13, 0x100f, 0x18, 0x1010, 0x1d, 0x1011, 0x1, 0x1039, 0xc06a, 0x81c6, 0x103a,
	0xc06a, 0xa1c6, 0x1, 0x1039, 0xc069, 0x81c6, 0x103a, 0xc069, 0xa1c6, 0x1, 0x1039, 0xc069,
	0xc1c6, 0x103a, 0xc069, 0xe1c6, 0x1, 0x1039, 0xc06a, 0x1c6, 0x103a, 0xc06a, 0x21c6, 0x1,
	0x1039, 0xc06a, 0x41c6, 0x103a, 0xc06a, 0x61c6, 0x1009, 0xc, 0x100a, 0x11, 0x100b, 0x16,
	0x100c, 0x1, 0x1039, 0xc069, 0x41c6, 0x103a, 0xc069, 0x61c6, 0x1, 0x1039, 0xc068, 0x81c6,
	0x103a, 0xc068, 0xa1c6, 0x1, 0x1039, 0xc068, 0xc1c6, 0x103a, 0xc068, 0xe1c6, 0x1, 0x1039,
	0xc069, 0x1c6, 0x103a, 0xc069, 0x21c6, 0x1004, 0x29, 0x1004, 0xb, 0x1005, 0x10, 0x1006,
	0x15, 0x1007, 0x1a, 0x1008, 0x30, 0x103a, 0xc068, 0x61c6, 0x30, 0x103a, 0x5a30, 0x61c6,
	0x1039, 0xc067, 0x81c6, 0x1, 0x1039, 0xc067, 0xa1c6, 0x103a, 0xc067, 0xc1c6, 0x1, 0x1039,
	0xc067, 0xe1c6, 0x103a, 0xc068, 0x1c6, 0x1, 0x1039, 0xc068, 0x21c6, 0x103a, 0xc068, 0x41c6,
	0x1000, 0xc, 0x1001, 0x11, 0x1002, 0x16, 0x1003, 0x1, 0x1039, 0xc067, 0x21c6, 0x103a,
	0xc067, 0x41c6, 0x1, 0x1039, 0xc066, 0x61c6, 0x103a, 0xc066, 0x81c6, 0x1, 0x1039, 0xc066,
	0xa1c6, 0x103a, 0xc066, 0xc1c6, 0x1, 0x1039, 0xc066, 0xe1c6, 0x103a, 0xc067, 0x1c6, 0x7759,
	0x33c1, 0x23, 0x1012, 0xa0, 0x101b, 0x44, 0x101f, 0x22, 0x101f, 0x9, 0x1020, 0xe,
	0x1021, 0x10, 0x1036, 0x12, 0x103f, 0xc07f, 0x82c6, 0x1, 0x1039, 0xc07e, 0xa1c6, 0x103a,
	0xc07e, 0xc1c6, 0x30, 0x103a, 0xc07e, 0xe1c6, 0x30, 0x103a, 0xc07f, 0x1c6, 0x6001, 0x21c6,
	0x1037, 0xc07f, 0x41c6, 0x1038, 0xc07f, 0x61c6, 0x101b, 0xc, 0x101c, 0x11, 0x101d, 0x16,
	0x101e, 0x1, 0x1039, 0xc029, 0x1c6, 0x103a, 0xc07e, 0x81c6, 0x1, 0x1039, 0xc07d, 0xe1c6,
	0x103a, 0xc07e, 0x1c6, 0x1, 0x1039, 0xc07e, 0x21c6, 0x103a, 0xc07e, 0x41c6, 0x30, 0x103a,
	0xc07e, 0x61c6, 0x1016, 0x35, 0x1016, 0xe, 0x1017, 0x13, 0x1018, 0x18, 0x1019, 0x1d,
	0x101a, 0x1, 0x1039, 0xc07d, 0xa1c6, 0x103a, 0xc07d, 0xc1c6, 0x1, 0x1039, 0xc07c, 0x61c6,
	0x103a, 0xc07c, 0x81c6, 0x1, 0x1039, 0xc07c, 0xa1c6, 0x103a, 0xc07c, 0xc1c6, 0x1, 0x1039,
	0xc07c, 0xe1c6, 0x103a, 0xc07d, 0x1c6, 0x2, 0x1037, 0x9, 0x1039, 0xc07d, 0x41c6, 0x103a,
	0x5fb0, 0x61c6, 0x1038, 0xc07d, 0x81c6, 0x30, 0x103a, 0xc07d, 0x21c6, 0x1012, 0xc, 0x1013,
	0x11, 0x1014, 0x16, 0x1015, 0x1, 0x1039, 0xc07c, 0x41c6, 0x103a, 0xc005, 0xc1c6, 0x1,
	0x1039, 0xc07b, 0x81c6, 0x103a, 0xc07b, 0xa1c6, 0x1, 0x1039, 0xc07b, 0xc1c6, 0x103a, 0xc07b,
	0xe1c6, 0x1, 0x1039, 0xc07c, 0x1c6, 0x103a, 0xc07c, 0x21c6, 0x1009, 0x51, 0x100d, 0x2c,
	0x100d, 0xe, 0x100e, 0x13, 0x100f, 0x18, 0x1010, 0x1d, 0x1011, 0x1, 0x1039, 0xc07b,
	0x41c6, 0x103a, 0xc07b, 0x61c6, 0x1, 0x1039, 0xc07a, 0x41c6, 0x103a, 0xc07a, 0x61c6, 0x1,
	0x1039, 0xc07a, 0x81c6, 0x103a, 0xc07a, 0xa1c6, 0x1, 0x1039, 0xc07a, 0xc1c6, 0x103a, 0xc07a,
	0xe1c6, 0x1, 0x1039, 0xc07b, 0x1c6, 0x103a, 0xc07b, 0x21c6, 0x1009, 0xc, 0x100a, 0x11,
	0x100b, 0x16, 0x100c, 0x1, 0x1039, 0xc07a, 0x1c6, 0x103a, 0xc07a, 0x21c6, 0x1, 0x1039,
	0xc079, 0x41c6, 0x103a, 0xc079, 0x61c6, 0x1, 0x1039, 0xc079, 0x81c6, 0x103a, 0xc079, 0xa1c6,
	0x1, 0x1039, 0xc079, 0xc1c6, 0x103a, 0xc079, 0xe1c6, 0x1004, 0x29, 0x1004, 0xb, 0x1005,
	0x10, 0x1006, 0x15, 0x1007, 0x1a, 0x1008, 0x30, 0x103a, 0xc079, 0x21c6, 0x30, 0x103a,
	0x5e70, 0x21c6, 0x1039, 0xc078, 0x41c6, 0x1, 0x1039, 0xc078, 0x61c6, 0x103a, 0xc078, 0x81c6,
	0x1, 0x1039, 0xc078, 0xa1c6, 0x103a, 0xc078, 0xc1c6, 0x1, 0x1039, 0xc078, 0xe1c6, 0x103a,
	0xc079, 0x1c6, 0x1000, 0xc, 0x1001, 0x11, 0x1002, 0x16, 0x1003, 0x1, 0x1039, 0xc077,
	0xe1c6, 0x103a, 0xc078, 0x1c6, 0x1, 0x1039, 0xc077, 0x21c6, 0x103a, 0xc077, 0x41c6, 0x1,
	0x1039, 0xc077, 0x61c6, 0x103a, 0xc077, 0x81c6, 0x1, 0x1039, 0xc077, 0xa1c6, 0x103a, 0xc077,
	0xc1c6, 0x7759, 0x6bc1, 0x24, 0x1012, 0x2fa, 0x101b, 0x2a7, 0x1020, 0x27c, 0x1020, 0x9,
	0x1021, 0xb, 0x102b, 0xd, 0x102c, 0x13d, 0x103f, 0xc098, 0x62c6, 0x30, 0x103a, 0xc087,
	0x81c6, 0x30, 0x103a, 0xc087, 0xa1c6, 0x6222, 0xc1c6, 0x1011, 0x96, 0x101a, 0x43, 0x101e,
	0x21, 0x101e, 0x9, 0x101f, 0xe, 0x1020, 0x13, 0x1021, 0x15, 0x103a, 0xc08f, 0xe1c6,
	0x1, 0x1039, 0xc08f, 0x21c6, 0x103a, 0xc08f, 0x41c6, 0x1, 0x1039, 0xc08f, 0x61c6, 0x103a,
	0xc08f, 0x81c6, 0x30, 0x103a, 0xc08f, 0xa1c6, 0x30, 0x103a, 0xc08f, 0xc1c6, 0x101a, 0x9,
	0x101b, 0xe, 0x101c, 0x13, 0x101d, 0x30, 0x103a, 0xc08f, 0x1c6, 0x1, 0x1039, 0xc08e,
	0x41c6, 0x103a, 0xc08e, 0x61c6, 0x1, 0x1039, 0xc08e, 0x81c6, 0x103a, 0xc08e, 0xa1c6, 0x1,
	0x1039, 0xc08e, 0xc1c6, 0x103a, 0xc08e, 0xe1c6, 0x1015, 0x2c, 0x1015, 0xe, 0x1016, 0x13,
	0x1017, 0x18, 0x1018, 0x1d, 0x1019, 0x1, 0x1039, 0xc08e, 0x1c6, 0x103a, 0xc08e, 0x21c6,
	0x1, 0x1039, 0xc08d, 0x1c6, 0x103a, 0xc08d, 0x21c6, 0x1, 0x1039, 0xc08d, 0x41c6, 0x103a,
	0xc08d, 0x61c6, 0x1, 0x1039, 0xc08d, 0x81c6, 0x103a, 0xc08d, 0xa1c6, 0x1, 0x1039, 0xc08d,
	0xc1c6, 0x103a, 0xc08d, 0xe1c6, 0x1011, 0xc, 0x1012, 0x11, 0x1013, 0x16, 0x1014, 0x1,
	0x1039, 0xc08c, 0xc1c6, 0x103a, 0xc08c, 0xe1c6, 0x1, 0x1039, 0xc08c, 0x1c6, 0x103a, 0xc08c,
	0x21c6, 0x1, 0x1039, 0xc08c, 0x41c6, 0x103a, 0xc08c, 0x61c6, 0x1, 0x1039, 0xc08c, 0x81c6,
	0x103a, 0xc08c, 0xa1c6, 0x1008, 0x4e, 0x100c, 0x2c, 0x100c, 0xe, 0x100d, 0x13, 0x100e,
	0x18, 0x100f, 0x1d, 0x1010, 0x1, 0x1039, 0xc08b, 0xc1c6, 0x103a, 0xc08b, 0xe1c6, 0x1,
	0x1039, 0xc08a, 0xc1c6, 0x103a, 0xc08a, 0xe1c6, 0x1, 0x1039, 0xc08b, 0x1c6, 0x103a, 0xc08b,
	0x21c6, 0x1, 0x1039, 0xc08b, 0x41c6, 0x103a, 0xc08b, 0x61c6, 0x1, 0x1039, 0xc08b, 0x81c6,
	0x103a, 0xc08b, 0xa1c6, 0x1008, 0xc, 0x1009, 0xe, 0x100a, 0x13, 0x100b, 0x1, 0x1039,
	0xc08a, 0x81c6, 0x103a, 0xc08a, 0xa1c6, 0x30, 0x103a, 0xc089, 0xe1c6, 0x1, 0x1039, 0xc08a,
	0x1c6, 0x103a, 0xc08a, 0x21c6, 0x1, 0x1039, 0xc08a, 0x41c6, 0x103a, 0xc08a, 0x61c6, 0x1004,
	0x23, 0x1004, 0xc, 0x1005, 0x11, 0x1006, 0x16, 0x1007, 0x1, 0x1039, 0xc089, 0xa1c6,
	0x103a, 0xc089, 0xc1c6, 0x30, 0x103a, 0x6270, 0xe1c6, 0x1039, 0xc089, 0x1c6, 0x1, 0x1039,
	0xc089, 0x21c6, 0x103a, 0xc089, 0x41c6, 0x1, 0x1039, 0xc089, 0x61c6, 0x103a, 0xc089, 0x81c6,
	0x1000, 0xc, 0x1001, 0x11, 0x1002, 0x16, 0x1003, 0x1, 0x1039, 0xc088, 0xa1c6, 0x103a,
	0xc088, 0xc1c6, 0x1, 0x1039, 0xc087, 0xe1c6, 0x103a, 0xc088, 0x1c6, 0x1, 0x1039, 0xc088,
	0x21c6, 0x103a, 0xc088, 0x41c6, 0x1, 0x1039, 0xc088, 0x61c6, 0x103a, 0xc088, 0x81c6, 0x7fe2,
	0x7759, 0x88c1, 0x1011, 0x97, 0x101a, 0x44, 0x101e, 0x22, 0x101e, 0xa, 0x101f, 0xf,
	0x1020, 0x14, 0x1021, 0x16, 0x103a, 0xffff, 0x7759, 0x89c1, 0x1, 0x1039, 0xc097, 0xa1c6,
	0x103a, 0xc097, 0xc1c6, 0x1, 0x1039, 0xc097, 0xe1c6, 0x103a, 0xc098, 0x1c6, 0x30, 0x103a,
	0xc098, 0x21c6, 0x30, 0x103a, 0xc098, 0x41c6, 0x101a, 0x9, 0x101b, 0xe, 0x101c, 0x13,
	0x101d, 0x30, 0x103a, 0xc097, 0x81c6, 0x1, 0x1039, 0xc096, 0xc1c6, 0x103a, 0xc096, 0xe1c6,
	0x1, 0x1039, 0xc097, 0x1c6, 0x103a, 0xc097, 0x21c6, 0x1, 0x1039, 0xc097, 0x41c6, 0x103a,
	0xc097, 0x61c6, 0x1015, 0x2c, 0x1015, 0xe, 0x1016, 0x13, 0x1017, 0x18, 0x1018, 0x1d,
	0x1019, 0x1, 0x1039, 0xc096, 0x81c6, 0x103a, 0xc096, 0xa1c6, 0x1, 0x1039, 0xc095, 0x81c6,
	0x103a, 0xc095, 0xa1c6, 0x1, 0x1039, 0xc095, 0xc1c6, 0x103a, 0xc095, 0xe1c6, 0x1, 0x1039,
	0xc096, 0x1c6, 0x103a, 0xc096, 0x21c6, 0x1, 0x1039, 0xc096, 0x41c6, 0x103a, 0xc096, 0x61c6,
	0x1011, 0xc, 0x1012, 0x11, 0x1013, 0x16, 0x1014, 0x1, 0x1039, 0xc095, 0x41c6, 0x103a,
	0xc095, 0x61c6, 0x1, 0x1039, 0xc094, 0x81c6, 0x103a, 0xc094, 0xa1c6, 0x1, 0x1039, 0xc094,
	0xc1c6, 0x103a, 0xc094, 0xe1c6, 0x1, 0x1039, 0xc095, 0x1c6, 0x103a, 0xc095, 0x21c6, 0x1008,
	0x4e, 0x100c, 0x2c, 0x100c, 0xe, 0x100d, 0x13, 0x100e, 0x18, 0x100f, 0x1d, 0x1010,
	0x1, 0x1039, 0xc094, 0x41c6, 0x103a, 0xc094, 0x61c6, 0x1, 0x1039, 0xc093, 0x41c6, 0x103a,
	0xc093, 0x61c6, 0x1, 0x1039, 0xc093, 0x81c6, 0x103a, 0xc093, 0xa1c6, 0x1, 0x1039, 0xc093,
	0xc1c6, 0x103a, 0xc093, 0xe1c6, 0x1, 0x1039, 0xc094, 0x1c6, 0x103a, 0xc094, 0x21c6, 0x1008,
	0xc, 0x1009, 0xe, 0x100a, 0x13, 0x100b, 0x1, 0x1039, 0xc093, 0x1c6, 0x103a, 0xc093,
	0x21c6, 0x30, 0x103a, 0xc092, 0x61c6, 0x1, 0x1039, 0xc092, 0x81c6, 0x103a, 0xc092, 0xa1c6,
	0x1, 0x1039, 0xc092, 0xc1c6, 0x103a, 0xc092, 0xe1c6, 0x1004, 0x23, 0x1004, 0xc, 0x1005,
	0x11, 0x1006, 0x16, 0x1007, 0x1, 0x1039, 0xc092, 0x21c6, 0x103a, 0xc092, 0x41c6, 0x30,
	0x103a, 0x64b0, 0x61c6, 0x1039, 0xc091, 0x81c6, 0x1, 0x1039, 0xc091, 0xa1c6, 0x103a, 0xc091,
	0xc1c6, 0x1, 0x1039, 0xc091, 0xe1c6, 0x103a, 0xc092, 0x1c6, 0x1000, 0xc, 0x1001, 0x14,
	0x1002, 0x19, 0x1003, 0x1, 0x1039, 0xc091, 0x21c6, 0x103a, 0xc091, 0x41c6, 0x1, 0x1039,
	0xc090, 0x1c6, 0x103a, 0x6470, 0x21c6, 0x103b, 0xc090, 0x43c6, 0x1, 0x1039, 0xc090, 0xa1c6,
	0x103a, 0xc090, 0xc1c6, 0x1, 0x1039, 0xc090, 0xe1c6, 0x103a, 0xc091, 0x1c6, 0x101b, 0xe,
	0x101c, 0x13, 0x101d, 0x18, 0x101e, 0x1a, 0x101f, 0x1, 0x1039, 0xc087, 0x41c6, 0x103a,
	0xc087, 0x61c6, 0x1, 0x1039, 0xc086, 0x61c6, 0x103a, 0xc086, 0x81c6, 0x1, 0x1039, 0xc086,
	0xa1c6, 0x103a, 0xc086, 0xc1c6, 0x30, 0x103a, 0xc086, 0xe1c6, 0x1, 0x1039, 0xc087, 0x1c6,
	0x103a, 0xc087, 0x21c6, 0x1016, 0x2c, 0x1016, 0xe, 0x1017, 0x13, 0x1018, 0x18, 0x1019,
	0x1d, 0x101a, 0x1, 0x1039, 0xc086, 0x21c6, 0x103a, 0xc086, 0x41c6, 0x1, 0x1039, 0xc085,
	0x21c6, 0x103a, 0xc085, 0x41c6, 0x1, 0x1039, 0xc085, 0x61c6, 0x103a, 0xc085, 0x81c6, 0x1,
	0x1039, 0xc085, 0xa1c6, 0x103a, 0xc085, 0xc1c6, 0x1, 0x1039, 0xc085, 0xe1c6, 0x103a, 0xc086,
	0x1c6, 0x1012, 0xc, 0x1013, 0x11, 0x1014, 0x16, 0x1015, 0x1, 0x1039, 0xc084, 0xe1c6,
	0x103a, 0xc085, 0x1c6, 0x1, 0x1039, 0xc084, 0x21c6, 0x103a, 0xc084, 0x41c6, 0x1, 0x1039,
	0xc084, 0x61c6, 0x103a, 0xc084, 0x81c6, 0x1, 0x1039, 0xc084, 0xa1c6, 0x103a, 0xc084, 0xc1c6,
	0x1009, 0x51, 0x100d, 0x2c, 0x100d, 0xe, 0x100e, 0x13, 0x100f, 0x18, 0x1010, 0x1d,
	0x1011, 0x1, 0x1039, 0xc083, 0xe1c6, 0x103a, 0xc084, 0x1c6, 0x1, 0x1039, 0xc082, 0xe1c6,
	0x103a, 0xc083, 0x1c6, 0x1, 0x1039, 0xc083, 0x21c6, 0x103a, 0xc083, 0x41c6, 0x1, 0x1039,
	0xc083, 0x61c6, 0x103a, 0xc083, 0x81c6, 0x1, 0x1039, 0xc083, 0xa1c6, 0x103a, 0xc083, 0xc1c6,
	0x1009, 0xc, 0x100a, 0x11, 0x100b, 0x16, 0x100c, 0x1, 0x1039, 0xc082, 0xa1c6, 0x103a,
	0xc082, 0xc1c6, 0x1, 0x1039, 0xc081, 0xe1c6, 0x103a, 0xc082, 0x1c6, 0x1, 0x1039, 0xc082,
	0x21c6, 0x103a, 0xc082, 0x41c6, 0x1, 0x1039, 0xc082, 0x61c6, 0x103a, 0xc082, 0x81c6, 0x1004,
	0x29, 0x1004, 0xb, 0x1005, 0x10, 0x1006, 0x15, 0x1007, 0x1a, 0x1008, 0x30, 0x103a,
	0xc081, 0xc1c6, 0x30, 0x103a, 0x6070, 0xc1c6, 0x1039, 0xc080, 0xe1c6, 0x1, 0x1039, 0xc081,
	0x1c6, 0x103a, 0xc081, 0x21c6, 0x1, 0x1039, 0xc081, 0x41c6, 0x103a, 0xc081, 0x61c6, 0x1,
	0x1039, 0xc081, 0x81c6, 0x103a, 0xc081, 0xa1c6, 0x1000, 0xc, 0x1001, 0x11, 0x1002, 0x16,
	0x1003, 0x1, 0x1039, 0xc080, 0x81c6, 0x103a, 0xc080, 0xa1c6, 0x1, 0x1039, 0xc07f, 0xc1c6,
	0x103a, 0xc07f, 0xe1c6, 0x1, 0x1039, 0xc080, 0x1c6, 0x103a, 0xc080, 0x21c6, 0x1, 0x1039,
	0xc080, 0x41c6, 0x103a, 0xc080, 0x61c6, 0x775d, 0x50c1, 0x30, 0x1038, 0xffff, 0x775d, 0x52c1,
	0x90, 0x81c6, 0x1, 0x103d, 0x3, 0x103e, 0xc098, 0xe1c6, 0x6670, 0xa1c6, 0x103e, 0xc098,
	0xc1c6, 0x99, 0x1c6, 0x1, 0x103d, 0x3, 0x103e, 0xc099, 0x61c6, 0x66b0, 0x21c6, 0x103e,
	0xc099, 0x41c6, 0x99, 0x81c6, 0x30, 0x103e, 0xc099, 0xa1c6, 0xb7a, 0x505, 0x32, 0x1004,
	0x103a, 0x1038, 0xc09b, 0x6c6
};

static constexpr uint32_t s_coll_myNumericPrimary = 0x10000000;
static constexpr int32_t s_coll_myOptions = 0x2011;
static constexpr int32_t s_coll_myJamoCe32sStart = -1;

static constexpr uint32_t s_coll_myUnsafeBwd[846] = {
	0x34, 0x35, 0x4c, 0x4d, 0xa0, 0xa1, 0x300, 0x34f, 0x350, 0x370, 0x3a9, 0x3aa,
	0x3e2, 0x3e3, 0x42f, 0x430, 0x483, 0x488, 0x531, 0x532, 0x591, 0x5be, 0x5bf, 0x5c0,
	0x5c1, 0x5c3, 0x5c4, 0x5c6, 0x5c7, 0x5c8, 0x5d0, 0x5d1, 0x610, 0x61b, 0x628, 0x629,
	0x64b, 0x660, 0x670, 0x671, 0x6d6, 0x6dd, 0x6df, 0x6e5, 0x6e7, 0x6e9, 0x6ea, 0x6ee,
	0x710, 0x712, 0x730, 0x74b, 0x78c, 0x78d, 0x7ca, 0x7cb, 0x7eb, 0x7f4, 0x7fd, 0x7fe,
	0x800, 0x801, 0x816, 0x81a, 0x81b, 0x824, 0x825, 0x828, 0x829, 0x82e, 0x840, 0x841,
	0x859, 0x85c, 0x897, 0x8a0, 0x8ca, 0x8e2, 0x8e3, 0x900, 0x905, 0x906, 0x93c, 0x93d,
	0x94d, 0x94e, 0x951, 0x955, 0x995, 0x996, 0x9bc, 0x9bd, 0x9be, 0x9bf, 0x9cd, 0x9ce,
	0x9d7, 0x9d8, 0x9fe, 0x9ff, 0xa15, 0xa16, 0xa3c, 0xa3d, 0xa4d, 0xa4e, 0xa95, 0xa96,
	0xabc, 0xabd, 0xacd, 0xace, 0xb15, 0xb16, 0xb3c, 0xb3d, 0xb3e, 0xb3f, 0xb4d, 0xb4e,
	0xb56, 0xb58, 0xb95, 0xb96, 0xbbe, 0xbbf, 0xbcd, 0xbce, 0xbd7, 0xbd8, 0xc15, 0xc16,
	0xc3c, 0xc3d, 0xc4d, 0xc4e, 0xc55, 0xc57, 0xc95, 0xc96, 0xcbc, 0xcbd, 0xcc2, 0xcc3,
	0xccd, 0xcce, 0xcd5, 0xcd7, 0xd15, 0xd16, 0xd3b, 0xd3d, 0xd3e, 0xd3f, 0xd4d, 0xd4e,
	0xd57, 0xd58, 0xd85, 0xd86, 0xdca, 0xdcb, 0xdcf, 0xdd0, 0xddf, 0xde0, 0xe01, 0xe2f,
	0xe32, 0xe33, 0xe38, 0xe3b, 0xe48, 0xe4c, 0xe81, 0xe83, 0xe84, 0xe85, 0xe86, 0xe8b,
	0xe8c, 0xea4, 0xea5, 0xea6, 0xea7, 0xeaf, 0xeb2, 0xeb3, 0xeb8, 0xebb, 0xec8, 0xecc,
	0xedc, 0xee0, 0xf18, 0xf1a, 0xf35, 0xf36, 0xf37, 0xf38, 0xf39, 0xf3a, 0xf40, 0xf41,
	0xf71, 0xf76, 0xf7a, 0xf7e, 0xf80, 0xf85, 0xf86, 0xf88, 0xfc6, 0xfc7, 0x1000, 0x1022,
	0x102b, 0x102d, 0x102e, 0x1030, 0x1031, 0x1032, 0x1036, 0x103c, 0x103d, 0x1040, 0x108d, 0x108e,
	0x10d3, 0x10d4, 0x12a0, 0x12a1, 0x135d, 0x1360, 0x13c4, 0x13c5, 0x14c0, 0x14c1, 0x168f, 0x1690,
	0x16a0, 0x16a1, 0x1703, 0x1704, 0x1714, 0x1716, 0x1723, 0x1724, 0x1734, 0x1735, 0x1743, 0x1744,
	0x1763, 0x1764, 0x1780, 0x1781, 0x17d2, 0x17d3, 0x17dd, 0x17de, 0x1826, 0x1827, 0x18a9, 0x18aa,
	0x1900, 0x1901, 0x1939, 0x193c, 0x1950, 0x1951, 0x1980, 0x19ac, 0x1a00, 0x1a01, 0x1a17, 0x1a19,
	0x1a20, 0x1a21, 0x1a60, 0x1a61, 0x1a75, 0x1a7d, 0x1a7f, 0x1a80, 0x1ab0, 0x1abe, 0x1abf, 0x1ade,
	0x1ae0, 0x1aec, 0x1b05, 0x1b06, 0x1b34, 0x1b36, 0x1b44, 0x1b45, 0x1b6b, 0x1b74, 0x1b83, 0x1b84,
	0x1baa, 0x1bac, 0x1bc0, 0x1bc1, 0x1be6, 0x1be7, 0x1bf2, 0x1bf4, 0x1c00, 0x1c01, 0x1c37, 0x1c38,
	0x1c5a, 0x1c5b, 0x1cd0, 0x1cd3, 0x1cd4, 0x1ce1, 0x1ce2, 0x1ce9, 0x1ced, 0x1cee, 0x1cf4, 0x1cf5,
	0x1cf8, 0x1cfa, 0x1dc0, 0x1e00, 0x201c, 0x201d, 0x20ac, 0x20ad, 0x20d0, 0x20dd, 0x20e1, 0x20e2,
	0x20e5, 0x20f1, 0x263a, 0x263b, 0x2c00, 0x2c01, 0x2cef, 0x2cf2, 0x2d30, 0x2d31, 0x2d7f, 0x2d80,
	0x2de0, 0x2e00, 0x302a, 0x3030, 0x304b, 0x304c, 0x3099, 0x309b, 0x30ab, 0x30ac, 0x3105, 0x3106,
	0x5b57, 0x5b58, 0xa288, 0xa289, 0xa4d0, 0xa4d1, 0xa549, 0xa54a, 0xa66f, 0xa670, 0xa674, 0xa67e,
	0xa69e, 0xa6a1, 0xa6f0, 0xa6f2, 0xa800, 0xa801, 0xa806, 0xa807, 0xa82c, 0xa82d, 0xa840, 0xa841,
	0xa882, 0xa883, 0xa8c4, 0xa8c5, 0xa8e0, 0xa8f2, 0xa90a, 0xa90b, 0xa92b, 0xa92e, 0xa930, 0xa931,
	0xa953, 0xa954, 0xa984, 0xa985, 0xa9b3, 0xa9b4, 0xa9c0, 0xa9c1, 0xaa00, 0xaa01, 0xaa80, 0xaab1,
	0xaab2, 0xaab5, 0xaab7, 0xaab9, 0xaabe, 0xaac0, 0xaac1, 0xaac2, 0xaaf6, 0xaaf7, 0xabc0, 0xabc1,
	0xabed, 0xabee, 0xac00, 0xac01, 0xd800, 0xd809, 0xd80b, 0xd80d, 0xd811, 0xd812, 0xd818, 0xd819,
	0xd81a, 0xd81c, 0xd820, 0xd821, 0xd823, 0xd824, 0xd82c, 0xd82d, 0xd82f, 0xd830, 0xd834, 0xd835,
	0xd838, 0xd83b, 0xdc00, 0xe000, 0xfb1e, 0xfb1f, 0xfdd0, 0xfdd1, 0xfe20, 0xfe30, 0x10000, 0x10001,
	0x101fd, 0x101fe, 0x10280, 0x10281, 0x102a0, 0x102a1, 0x102e0, 0x102e1, 0x10300, 0x10301, 0x10330, 0x10331,
	0x1036b, 0x1036c, 0x10376, 0x1037b, 0x10380, 0x10381, 0x103a0, 0x103a1, 0x10414, 0x10415, 0x10450, 0x10451,
	0x10480, 0x10481, 0x104b5, 0x104b6, 0x10500, 0x10501, 0x10537, 0x10538, 0x10582, 0x10583, 0x105c2, 0x105c3,
	0x10647, 0x10648, 0x10800, 0x10801, 0x10840, 0x10841, 0x10873, 0x10874, 0x10896, 0x10897, 0x108f4, 0x108f5,
	0x10900, 0x10901, 0x10920, 0x10921, 0x10950, 0x10951, 0x10980, 0x10981, 0x109a0, 0x109a1, 0x10a00, 0x10a01,
	0x10a0d, 0x10a0e, 0x10a0f, 0x10a10, 0x10a38, 0x10a3b, 0x10a3f, 0x10a40, 0x10a60, 0x10a61, 0x10a95, 0x10a96,
	0x10ad8, 0x10ad9, 0x10ae5, 0x10ae7, 0x10b00, 0x10b01, 0x10b40, 0x10b41, 0x10b60, 0x10b61, 0x10b8f, 0x10b90,
	0x10c00, 0x10c01, 0x10ca1, 0x10ca2, 0x10d12, 0x10d13, 0x10d24, 0x10d28, 0x10d5d, 0x10d5e, 0x10d69, 0x10d6e,
	0x10e88, 0x10e89, 0x10eab, 0x10ead, 0x10efa, 0x10efc, 0x10efd, 0x10f00, 0x10f19, 0x10f1a, 0x10f42, 0x10f43,
	0x10f46, 0x10f51, 0x10f7c, 0x10f7d, 0x10f82, 0x10f86, 0x10fbf, 0x10fc0, 0x10ff1, 0x10ff2, 0x11005, 0x11006,
	0x11046, 0x11047, 0x11070, 0x11071, 0x1107f, 0x11080, 0x11083, 0x11084, 0x110b9, 0x110bb, 0x110d0, 0x110d1,
	0x11100, 0x11104, 0x11127, 0x11128, 0x11133, 0x11135, 0x11152, 0x11153, 0x11173, 0x11174, 0x11183, 0x11184,
	0x111c0, 0x111c1, 0x111ca, 0x111cb, 0x11208, 0x11209, 0x11235, 0x11237, 0x1128f, 0x11290, 0x112be, 0x112bf,
	0x112e9, 0x112eb, 0x11315, 0x11316, 0x1133b, 0x1133d, 0x1133e, 0x1133f, 0x1134d, 0x1134e, 0x11357, 0x11358,
	0x11366, 0x1136d, 0x11370, 0x11375, 0x11392, 0x11393, 0x113b8, 0x113b9, 0x113bb, 0x113bc, 0x113c2, 0x113c3,
	0x113c9, 0x113ca, 0x113ce, 0x113d1, 0x11412, 0x11413, 0x11442, 0x11443, 0x11446, 0x11447, 0x1145e, 0x1145f,
	0x11484, 0x11485, 0x114b0, 0x114b1, 0x114ba, 0x114bb, 0x114bd, 0x114be, 0x114c2, 0x114c4, 0x1158e, 0x1158f,
	0x115af, 0x115b0, 0x115bf, 0x115c1, 0x1160e, 0x1160f, 0x1163f, 0x11640, 0x11680, 0x11681, 0x116b6, 0x116b8,
	0x11717, 0x11718, 0x1172b, 0x1172c, 0x1180b, 0x1180c, 0x11839, 0x1183b, 0x118b4, 0x118b5, 0x1190c, 0x1190d,
	0x11930, 0x11931, 0x1193d, 0x1193f, 0x11943, 0x11944, 0x119ce, 0x119cf, 0x119e0, 0x119e1, 0x11a0b, 0x11a0c,
	0x11a34, 0x11a35, 0x11a47, 0x11a48, 0x11a5c, 0x11a5d, 0x11a99, 0x11a9a, 0x11ac0, 0x11ac1, 0x11bc4, 0x11bc5,
	0x11c0e, 0x11c0f, 0x11c3f, 0x11c40, 0x11c72, 0x11c73, 0x11d10, 0x11d11, 0x11d42, 0x11d43, 0x11d44, 0x11d46,
	0x11d71, 0x11d72, 0x11d97, 0x11d98, 0x11dc6, 0x11dc7, 0x11ee5, 0x11ee6, 0x11f1b, 0x11f1c, 0x11f41, 0x11f43,
	0x12000, 0x12001, 0x12fe5, 0x12fe6, 0x13153, 0x13154, 0x14400, 0x14401, 0x1611c, 0x1611d, 0x1611e, 0x16121,
	0x16123, 0x16126, 0x16129, 0x1612a, 0x1612f, 0x16130, 0x16a4f, 0x16a50, 0x16abc, 0x16abd, 0x16ae6, 0x16ae7,
	0x16af0, 0x16af5, 0x16b1c, 0x16b1d, 0x16b30, 0x16b37, 0x16d45, 0x16d46, 0x16d67, 0x16d69, 0x16e40, 0x16e41,
	0x16ea1, 0x16ea2, 0x16f00, 0x16f01, 0x16ff0, 0x16ff2, 0x18229, 0x1822a, 0x18c65, 0x18c66, 0x1b1c4, 0x1b1c5,
	0x1bc20, 0x1bc21, 0x1bc9e, 0x1bc9f, 0x1d165, 0x1d16a, 0x1d16d, 0x1d173, 0x1d17b, 0x1d183, 0x1d185, 0x1d18c,
	0x1d1aa, 0x1d1ae, 0x1d242, 0x1d245, 0x1e000, 0x1e007, 0x1e008, 0x1e019, 0x1e01b, 0x1e022, 0x1e023, 0x1e025,
	0x1e026, 0x1e02b, 0x1e08f, 0x1e090, 0x1e108, 0x1e109, 0x1e130, 0x1e137, 0x1e290, 0x1e291, 0x1e2ae, 0x1e2af,
	0x1e2e1, 0x1e2e2, 0x1e2ec, 0x1e2f0, 0x1e4e6, 0x1e4e7, 0x1e4ec, 0x1e4f0, 0x1e5d0, 0x1e5d1, 0x1e5ee, 0x1e5f0,
	0x1e6d5, 0x1e6d6, 0x1e6e3, 0x1e6e4, 0x1e6e6, 0x1e6e7, 0x1e6ee, 0x1e6f0, 0x1e6f5, 0x1e6f6, 0x1e802, 0x1e803,
	0x1e8d0, 0x1e8d7, 0x1e909, 0x1e90a, 0x1e944, 0x1e94b
};

static constexpr int32_t s_coll_myUnsafeBwdLength = 846;

static constexpr uint32_t s_coll_myReorderRanges[2] = {
	0x774f0000, 0x775effb1
};

static constexpr uint8_t s_coll_myReorderTable[256] = {
	0, 1, 2, 3, 4, 5, 6, 7, 8, 9, 10, 11, 12, 13, 14, 15, 16, 17, 18, 19, 20, 21, 22, 23, 24, 25, 26, 27, 28, 29, 30, 31,
	32, 33, 34, 35, 36, 37, 38, 39, 40, 41, 42, 43, 44, 45, 46, 47, 48, 49, 50, 51, 52, 53, 54, 55, 56, 57, 58, 59, 60, 61, 62, 63,
	64, 65, 66, 67, 68, 69, 70, 71, 72, 73, 74, 75, 76, 77, 78, 79, 80, 81, 82, 83, 84, 85, 86, 87, 88, 89, 90, 91, 92, 93, 94, 95,
	96, 97, 98, 99, 100, 101, 102, 103, 104, 105, 106, 107, 108, 109, 110, 111, 112, 113, 114, 115, 116, 117, 118, 0, 120, 121, 122, 123, 124, 125, 126, 127,
	128, 129, 130, 131, 132, 133, 134, 135, 136, 137, 138, 139, 140, 141, 142, 143, 144, 145, 146, 147, 148, 149, 150, 151, 152, 153, 154, 155, 156, 157, 158, 159,
	160, 161, 162, 163, 164, 165, 166, 167, 168, 169, 170, 171, 172, 173, 174, 175, 176, 177, 178, 179, 180, 181, 182, 183, 184, 185, 186, 187, 188, 189, 190, 191,
	192, 193, 194, 195, 196, 197, 198, 199, 200, 201, 202, 203, 204, 205, 206, 207, 208, 209, 210, 211, 212, 213, 214, 215, 216, 217, 218, 219, 220, 221, 222, 223,
	224, 225, 226, 227, 228, 229, 230, 231, 232, 233, 234, 235, 236, 237, 238, 239, 240, 241, 242, 243, 244, 245, 246, 247, 248, 249, 250, 251, 252, 253, 254, 255
};

static constexpr uint16_t s_coll_thTrieIndex[2112] = {
	0x0, 0x8, 0x10, 0x18, 0x30, 0x38, 0x40, 0x48, 0x30, 0x38, 0x30, 0x38, 0x30, 0x38, 0x30, 0x38,
	0x30, 0x38, 0x30, 0x38, 0x30, 0x38, 0x30, 0x38, 0x30, 0x38, 0x30, 0x38, 0x30, 0x38, 0x30, 0x38,
	0x30, 0x38, 0x30, 0x38, 0x30, 0x38, 0x30, 0x38, 0x30, 0x38, 0x30, 0x38, 0x30, 0x38, 0x30, 0x38,
	0x30, 0x38, 0x30, 0x38, 0x30, 0x38, 0x30, 0x38, 0x30, 0x38, 0x30, 0x38, 0x30, 0x38, 0x30, 0x38,
	0x30, 0x30, 0x30, 0x30, 0x30, 0x30, 0x30, 0x30, 0x30, 0x30, 0x30, 0x30, 0x30, 0x30, 0x30, 0x30,
	0x30, 0x30, 0x30, 0x30, 0x30, 0x30, 0x30, 0x30, 0x30, 0x30, 0x30, 0x30, 0x30, 0x30, 0x30, 0x30,
	0x30, 0x30, 0x30, 0x30, 0x30, 0x30, 0x30, 0x30, 0x30, 0x30, 0x30, 0x30, 0x30, 0x30, 0x30, 0x30,
	0x30, 0x5d, 0x64, 0x30, 0x30, 0x30, 0x30, 0x30, 0x30, 0x30, 0x30, 0x30, 0x30, 0x30, 0x30, 0x30,
	0x30, 0x30, 0x30, 0x30, 0x30, 0x30, 0x30, 0x30, 0x30, 0x30, 0x30, 0x30, 0x30, 0x30, 0x30, 0x30,
	0x30, 0x30, 0x30, 0x30, 0x30, 0x30, 0x30, 0x30, 0x30, 0x30, 0x30, 0x30, 0x30, 0x30, 0x30, 0x30,
	0x30, 0x30, 0x30, 0x30, 0x30, 0x30, 0x30, 0x30, 0x30, 0x30, 0x30, 0x30, 0x30, 0x30, 0x30, 0x30,
	0x30, 0x30, 0x30, 0x30, 0x30, 0x30, 0x30, 0x30, 0x30, 0x30, 0x30, 0x30, 0x30, 0x30, 0x30, 0x30,
	0x30, 0x30, 0x30, 0x30, 0x30, 0x30, 0x30, 0x30, 0x30, 0x30, 0x30, 0x30, 0x30, 0x30, 0x30, 0x30,
	0x30, 0x30, 0x30, 0x30, 0x30, 0x30, 0x30, 0x30, 0x30, 0x30, 0x30, 0x30, 0x30, 0x30, 0x30, 0x30,
	0x30, 0x30, 0x30, 0x30, 0x30, 0x30, 0x30, 0x30, 0x30, 0x30, 0x30, 0x30, 0x30, 0x30, 0x30, 0x30,
	0x30, 0x30, 0x30, 0x30, 0x30, 0x30, 0x30, 0x30, 0x30, 0x30, 0x30, 0x30, 0x30, 0x30, 0x30, 0x30,
	0x30, 0x30, 0x30, 0x30, 0x30, 0x30, 0x30, 0x30, 0x30, 0x30, 0x30, 0x30, 0x30, 0x30, 0x30, 0x30,
	0x30, 0x30, 0x30, 0x30, 0x30, 0x30, 0x30, 0x30, 0x30, 0x30, 0x30, 0x30, 0x30, 0x30, 0x30, 0x30,
	0x30, 0x30, 0x30, 0x30, 0x30, 0x30, 0x30, 0x30, 0x30, 0x30, 0x30, 0x30, 0x30, 0x30, 0x30, 0x30,
	0x30, 0x30, 0x30, 0x30, 0x30, 0x30, 0x30, 0x30, 0x30, 0x30, 0x30, 0x30, 0x30, 0x30, 0x30, 0x30,
	0x30, 0x30, 0x30, 0x30, 0x30, 0x30, 0x30, 0x30, 0x30, 0x30, 0x30, 0x30, 0x30, 0x30, 0x30, 0x30,
	0x30, 0x30, 0x30, 0x30, 0x30, 0x30, 0x30, 0x30, 0x30, 0x30, 0x30, 0x30, 0x30, 0x30, 0x30, 0x30,
	0x30, 0x30, 0x30, 0x30, 0x30, 0x30, 0x30, 0x30, 0x30, 0x30, 0x30, 0x30, 0x30, 0x30, 0x30, 0x30,
	0x30, 0x30, 0x30, 0x30, 0x30, 0x30, 0x30, 0x30, 0x30, 0x30, 0x30, 0x30, 0x30, 0x30, 0x30, 0x30,
	0x30, 0x30, 0x30, 0x30, 0x30, 0x30, 0x30, 0x30, 0x30, 0x30, 0x30, 0x30, 0x30, 0x30, 0x30, 0x30,
	0x30, 0x30, 0x30, 0x30, 0x30, 0x30, 0x30, 0x30, 0x30, 0x30, 0x30, 0x30, 0x30, 0x30, 0x30, 0x30,
	0x30, 0x30, 0x30, 0x30, 0x30, 0x30, 0x30, 0x30, 0x30, 0x30, 0x30, 0x30, 0x30, 0x30, 0x30, 0x30,
	0x30, 0x30, 0x30, 0x30, 0x30, 0x30, 0x30, 0x30, 0x30, 0x30, 0x30, 0x30, 0x30, 0x30, 0x30, 0x30,
	0x30, 0x30, 0x30, 0x30, 0x30, 0x30, 0x30, 0x30, 0x30, 0x30, 0x30, 0x30, 0x30, 0x30, 0x30, 0x30,
	0x30, 0x30, 0x30, 0x30, 0x30, 0x30, 0x30, 0x30, 0x30, 0x30, 0x30, 0x30, 0x30, 0x30, 0x30, 0x30,
	0x30, 0x30, 0x30, 0x30, 0x30, 0x30, 0x30, 0x30, 0x30, 0x30, 0x30, 0x30, 0x30, 0x30, 0x30, 0x30,
	0x30, 0x30, 0x30, 0x30, 0x30, 0x30, 0x30, 0x30, 0x30, 0x30, 0x30, 0x30, 0x30, 0x30, 0x30, 0x30,
	0x30, 0x30, 0x30, 0x30, 0x30, 0x30, 0x30, 0x30, 0x30, 0x30, 0x30, 0x30, 0x30, 0x30, 0x30, 0x30,
	0x30, 0x30, 0x30, 0x30, 0x30, 0x30, 0x30, 0x30, 0x30, 0x30, 0x30, 0x30, 0x30, 0x30, 0x30, 0x30,
	0x30, 0x30, 0x30, 0x30, 0x30, 0x30, 0x30, 0x30, 0x30, 0x30, 0x30, 0x30, 0x30, 0x30, 0x30, 0x30,
	0x30, 0x30, 0x30, 0x30, 0x30, 0x30, 0x30, 0x30, 0x30, 0x30, 0x30, 0x30, 0x30, 0x30, 0x30, 0x30,
	0x30, 0x30, 0x30, 0x30, 0x30, 0x30, 0x30, 0x30, 0x30, 0x30, 0x30, 0x30, 0x30, 0x30, 0x30, 0x30,
	0x30, 0x30, 0x30, 0x30, 0x30, 0x30, 0x30, 0x30, 0x30, 0x30, 0x30, 0x30, 0x30, 0x30, 0x30, 0x30,
	0x30, 0x30, 0x30, 0x30, 0x30, 0x30, 0x30, 0x30, 0x30, 0x30, 0x30, 0x30, 0x30, 0x30, 0x30, 0x30,
	0x30, 0x30, 0x30, 0x30, 0x30, 0x30, 0x30, 0x30, 0x30, 0x30, 0x30, 0x30, 0x30, 0x30, 0x30, 0x30,
	0x30, 0x30, 0x30, 0x30, 0x30, 0x30, 0x30, 0x30, 0x30, 0x30, 0x30, 0x30, 0x30, 0x30, 0x30, 0x30,
	0x30, 0x30, 0x30, 0x30, 0x30, 0x30, 0x30, 0x30, 0x30, 0x30, 0x30, 0x30, 0x30, 0x30, 0x30, 0x30,
	0x30, 0x30, 0x30, 0x30, 0x30, 0x30, 0x30, 0x30, 0x30, 0x30, 0x30, 0x30, 0x30, 0x30, 0x30, 0x30,
	0x30, 0x30, 0x30, 0x30, 0x30, 0x30, 0x30, 0x30, 0x30, 0x30, 0x30, 0x30, 0x30, 0x30, 0x30, 0x30,
	0x30, 0x30, 0x30, 0x30, 0x30, 0x30, 0x30, 0x30, 0x30, 0x30, 0x30, 0x30, 0x30, 0x30, 0x30, 0x30,
	0x30, 0x30, 0x30, 0x30, 0x30, 0x30, 0x30, 0x30, 0x30, 0x30, 0x30, 0x30, 0x30, 0x30, 0x30, 0x30,
	0x30, 0x30, 0x30, 0x30, 0x30, 0x30, 0x30, 0x30, 0x30, 0x30, 0x30, 0x30, 0x30, 0x30, 0x30, 0x30,
	0x30, 0x30, 0x30, 0x30, 0x30, 0x30, 0x30, 0x30, 0x30, 0x30, 0x30, 0x30, 0x30, 0x30, 0x30, 0x30,
	0x30, 0x30, 0x30, 0x30, 0x30, 0x30, 0x30, 0x30, 0x30, 0x30, 0x30, 0x30, 0x30, 0x30, 0x30, 0x30,
	0x30, 0x30, 0x30, 0x30, 0x30, 0x30, 0x30, 0x30, 0x30, 0x30, 0x30, 0x30, 0x30, 0x30, 0x30, 0x30,
	0x30, 0x30, 0x30, 0x30, 0x30, 0x30, 0x30, 0x30, 0x30, 0x30, 0x30, 0x30, 0x30, 0x30, 0x30, 0x30,
	0x30, 0x30, 0x30, 0x30, 0x30, 0x30, 0x30, 0x30, 0x30, 0x30, 0x30, 0x30, 0x30, 0x30, 0x30, 0x30,
	0x30, 0x30, 0x30, 0x30, 0x30, 0x30, 0x30, 0x30, 0x30, 0x30, 0x30, 0x30, 0x30, 0x30, 0x30, 0x30,
	0x30, 0x30, 0x30, 0x30, 0x30, 0x30, 0x30, 0x30, 0x30, 0x30, 0x30, 0x30, 0x30, 0x30, 0x30, 0x30,
	0x30, 0x30, 0x30, 0x30, 0x30, 0x30, 0x30, 0x30, 0x30, 0x30, 0x30, 0x30, 0x30, 0x30, 0x30, 0x30,
	0x30, 0x30, 0x30, 0x30, 0x30, 0x30, 0x30, 0x30, 0x30, 0x30, 0x30, 0x30, 0x30, 0x30, 0x30, 0x30,
	0x30, 0x30, 0x30, 0x30, 0x30, 0x30, 0x30, 0x30, 0x30, 0x30, 0x30, 0x30, 0x30, 0x30, 0x30, 0x30,
	0x30, 0x30, 0x30, 0x30, 0x30, 0x30, 0x30, 0x30, 0x30, 0x30, 0x30, 0x30, 0x30, 0x30, 0x30, 0x30,
	0x30, 0x30, 0x30, 0x30, 0x30, 0x30, 0x30, 0x30, 0x30, 0x30, 0x30, 0x30, 0x30, 0x30, 0x30, 0x30,
	0x30, 0x30, 0x30, 0x30, 0x30, 0x30, 0x30, 0x30, 0x30, 0x30, 0x30, 0x30, 0x30, 0x30, 0x30, 0x30,
	0x30, 0x30, 0x30, 0x30, 0x30, 0x30, 0x30, 0x30, 0x30, 0x30, 0x30, 0x30, 0x30, 0x30, 0x30, 0x30,
	0x30, 0x30, 0x30, 0x30, 0x30, 0x30, 0x30, 0x30, 0x30, 0x30, 0x30, 0x30, 0x30, 0x30, 0x30, 0x30,
	0x30, 0x30, 0x30, 0x30, 0x30, 0x30, 0x30, 0x30, 0x30, 0x30, 0x30, 0x30, 0x30, 0x30, 0x30, 0x30,
	0x30, 0x30, 0x30, 0x30, 0x30, 0x30, 0x30, 0x30, 0x30, 0x30, 0x30, 0x30, 0x30, 0x30, 0x30, 0x30,
	0x30, 0x30, 0x30, 0x30, 0x30, 0x30, 0x30, 0x30, 0x30, 0x30, 0x30, 0x30, 0x30, 0x30, 0x30, 0x30,
	0x30, 0x30, 0x30, 0x30, 0x30, 0x30, 0x30, 0x30, 0x30, 0x30, 0x30, 0x30, 0x30, 0x30, 0x30, 0x30,
	0x30, 0x30, 0x30, 0x30, 0x30, 0x30, 0x30, 0x30, 0x30, 0x30, 0x30, 0x30, 0x30, 0x30, 0x30, 0x30,
	0x30, 0x30, 0x30, 0x30, 0x30, 0x30, 0x30, 0x30, 0x30, 0x30, 0x30, 0x30, 0x30, 0x30, 0x30, 0x30,
	0x30, 0x30, 0x30, 0x30, 0x30, 0x30, 0x30, 0x30, 0x30, 0x30, 0x30, 0x30, 0x30, 0x30, 0x30, 0x30,
	0x30, 0x30, 0x30, 0x30, 0x30, 0x30, 0x30, 0x30, 0x30, 0x30, 0x30, 0x30, 0x30, 0x30, 0x30, 0x30,
	0x30, 0x30, 0x30, 0x30, 0x30, 0x30, 0x30, 0x30, 0x30, 0x30, 0x30, 0x30, 0x30, 0x30, 0x30, 0x30,
	0x30, 0x30, 0x30, 0x30, 0x30, 0x30, 0x30, 0x30, 0x30, 0x30, 0x30, 0x30, 0x30, 0x30, 0x30, 0x30,
	0x30, 0x30, 0x30, 0x30, 0x30, 0x30, 0x30, 0x30, 0x30, 0x30, 0x30, 0x30, 0x30, 0x30, 0x30, 0x30,
	0x30, 0x30, 0x30, 0x30, 0x30, 0x30, 0x30, 0x30, 0x30, 0x30, 0x30, 0x30, 0x30, 0x30, 0x30, 0x30,
	0x30, 0x30, 0x30, 0x30, 0x30, 0x30, 0x30, 0x30, 0x30, 0x30, 0x30, 0x30, 0x30, 0x30, 0x30, 0x30,
	0x30, 0x30, 0x30, 0x30, 0x30, 0x30, 0x30, 0x30, 0x30, 0x30, 0x30, 0x30, 0x30, 0x30, 0x30, 0x30,
	0x30, 0x30, 0x30, 0x30, 0x30, 0x30, 0x30, 0x30, 0x30, 0x30, 0x30, 0x30, 0x30, 0x30, 0x30, 0x30,
	0x30, 0x30, 0x30, 0x30, 0x30, 0x30, 0x30, 0x30, 0x30, 0x30, 0x30, 0x30, 0x30, 0x30, 0x30, 0x30,
	0x30, 0x30, 0x30, 0x30, 0x30, 0x30, 0x30, 0x30, 0x30, 0x30, 0x30, 0x30, 0x30, 0x30, 0x30, 0x30,
	0x30, 0x30, 0x30, 0x30, 0x30, 0x30, 0x30, 0x30, 0x30, 0x30, 0x30, 0x30, 0x30, 0x30, 0x30, 0x30,
	0x30, 0x30, 0x30, 0x30, 0x30, 0x30, 0x30, 0x30, 0x30, 0x30, 0x30, 0x30, 0x30, 0x30, 0x30, 0x30,
	0x30, 0x30, 0x30, 0x30, 0x30, 0x30, 0x30, 0x30, 0x30, 0x30, 0x30, 0x30, 0x30, 0x30, 0x30, 0x30,
	0x30, 0x30, 0x30, 0x30, 0x30, 0x30, 0x30, 0x30, 0x30, 0x30, 0x30, 0x30, 0x30, 0x30, 0x30, 0x30,
	0x30, 0x30, 0x30, 0x30, 0x30, 0x30, 0x30, 0x30, 0x30, 0x30, 0x30, 0x30, 0x30, 0x30, 0x30, 0x30,
	0x30, 0x30, 0x30, 0x30, 0x30, 0x30, 0x30, 0x30, 0x30, 0x30, 0x30, 0x30, 0x30, 0x30, 0x30, 0x30,
	0x30, 0x30, 0x30, 0x30, 0x30, 0x30, 0x30, 0x30, 0x30, 0x30, 0x30, 0x30, 0x30, 0x30, 0x30, 0x30,
	0x6c, 0x6c, 0x6c, 0x6c, 0x6c, 0x6c, 0x6c, 0x6c, 0x6c, 0x6c, 0x6c, 0x6c, 0x6c, 0x6c, 0x6c, 0x6c,
	0x6c, 0x6c, 0x6c, 0x6c, 0x6c, 0x6c, 0x6c, 0x6c, 0x6c, 0x6c, 0x6c, 0x6c, 0x6c, 0x6c, 0x6c, 0x6c,
	0x6c, 0x6c, 0x6c, 0x6c, 0x6c, 0x6c, 0x6c, 0x6c, 0x6c, 0x6c, 0x6c, 0x6c, 0x6c, 0x6c, 0x6c, 0x6c,
	0x6c, 0x6c, 0x6c, 0x6c, 0x6c, 0x6c, 0x6c, 0x6c, 0x6c, 0x6c, 0x6c, 0x6c, 0x6c, 0x6c, 0x6c, 0x6c,
	0x6c, 0x6c, 0x6c, 0x6c, 0x6c, 0x6c, 0x6c, 0x6c, 0x6c, 0x6c, 0x6c, 0x6c, 0x6c, 0x6c, 0x6c, 0x6c,
	0x6c, 0x6c, 0x6c, 0x6c, 0x6c, 0x6c, 0x6c, 0x6c, 0x6c, 0x6c, 0x6c, 0x6c, 0x6c, 0x6c, 0x6c, 0x6c,
	0x6c, 0x6c, 0x6c, 0x6c, 0x6c, 0x6c, 0x6c, 0x6c, 0x6c, 0x6c, 0x6c, 0x6c, 0x6c, 0x6c, 0x6c, 0x6c,
	0x6c, 0x6c, 0x6c, 0x6c, 0x6c, 0x6c, 0x6c, 0x6c, 0x6c, 0x6c, 0x6c, 0x6c, 0x6c, 0x6c, 0x6c, 0x6c,
	0x6c, 0x6c, 0x6c, 0x6c, 0x6c, 0x6c, 0x6c, 0x6c, 0x6c, 0x6c, 0x6c, 0x6c, 0x6c, 0x6c, 0x6c, 0x6c,
	0x6c, 0x6c, 0x6c, 0x6c, 0x6c, 0x6c, 0x6c, 0x6c, 0x6c, 0x6c, 0x6c, 0x6c, 0x6c, 0x6c, 0x6c, 0x6c,
	0x6c, 0x6c, 0x6c, 0x6c, 0x6c, 0x6c, 0x6c, 0x6c, 0x6c, 0x6c, 0x6c, 0x6c, 0x6c, 0x6c, 0x6c, 0x6c,
	0x6c, 0x6c, 0x6c, 0x6c, 0x6c, 0x6c, 0x6c, 0x6c, 0x6c, 0x6c, 0x6c, 0x6c, 0x6c, 0x6c, 0x6c, 0x6c,
	0x6c, 0x6c, 0x6c, 0x6c, 0x6c, 0x6c, 0x6c, 0x6c, 0x6c, 0x6c, 0x6c, 0x6c, 0x6c, 0x6c, 0x6c, 0x6c,
	0x6c, 0x6c, 0x6c, 0x6c, 0x6c, 0x6c, 0x6c, 0x6c, 0x6c, 0x6c, 0x6c, 0x6c, 0x6c, 0x6c, 0x6c, 0x6c,
	0x6c, 0x6c, 0x6c, 0x6c, 0x6c, 0x6c, 0x6c, 0x6c, 0x6c, 0x6c, 0x6c, 0x6c, 0x6c, 0x6c, 0x6c, 0x6c,
	0x6c, 0x6c, 0x6c, 0x6c, 0x6c, 0x6c, 0x6c, 0x6c, 0x6c, 0x6c, 0x6c, 0x6c, 0x6c, 0x6c, 0x6c, 0x6c,
	0x6c, 0x6c, 0x6c, 0x6c, 0x6c, 0x6c, 0x6c, 0x6c, 0x6c, 0x6c, 0x6c, 0x6c, 0x6c, 0x6c, 0x6c, 0x6c,
	0x6c, 0x6c, 0x6c, 0x6c, 0x6c, 0x6c, 0x6c, 0x6c, 0x6c, 0x6c, 0x6c, 0x6c, 0x6c, 0x6c, 0x6c, 0x6c,
	0x6c, 0x6c, 0x6c, 0x6c, 0x6c, 0x6c, 0x6c, 0x6c, 0x6c, 0x6c, 0x6c, 0x6c, 0x6c, 0x6c, 0x6c, 0x6c,
	0x6c, 0x6c, 0x6c, 0x6c, 0x6c, 0x6c, 0x6c, 0x6c, 0x6c, 0x6c, 0x6c, 0x6c, 0x6c, 0x6c, 0x6c, 0x6c,
	0x6c, 0x6c, 0x6c, 0x6c, 0x6c, 0x6c, 0x6c, 0x6c, 0x6c, 0x6c, 0x6c, 0x6c, 0x6c, 0x6c, 0x6c, 0x6c,
	0x6c, 0x6c, 0x6c, 0x6c, 0x6c, 0x6c, 0x6c, 0x6c, 0x6c, 0x6c, 0x6c, 0x6c, 0x6c, 0x58, 0x30, 0x30,
	0x50, 0x50, 0x50, 0x50, 0x50, 0x50, 0x50, 0x50, 0x50, 0x50, 0x50, 0x50, 0x50, 0x50, 0x50, 0x50,
	0x50, 0x50, 0x50, 0x50, 0x50, 0x50, 0x50, 0x50, 0x50, 0x50, 0x50, 0x50, 0x50, 0x50, 0x50, 0x50,
	0x30, 0x30, 0x30, 0x30, 0x30, 0x30, 0x30, 0x30, 0x30, 0x30, 0x30, 0x30, 0x30, 0x30, 0x30, 0x30,
	0x30, 0x30, 0x30, 0x30, 0x30, 0x30, 0x30, 0x30, 0x30, 0x30, 0x30, 0x30, 0x30, 0x30, 0x30, 0x30,
	0x30, 0x30, 0x30, 0x30, 0x30, 0x30, 0x30, 0x30, 0x30, 0x30, 0x30, 0x30, 0x30, 0x30, 0x30, 0x30,
	0x30, 0x30, 0x30, 0x30, 0x30, 0x30, 0x30, 0x30, 0x30, 0x30, 0x30, 0x30, 0x30, 0x30, 0x30, 0x30,
	0x30, 0x30, 0x30, 0x30, 0x30, 0x30, 0x30, 0x30, 0x30, 0x30, 0x30, 0x30, 0x30, 0x30, 0x30, 0x30,
	0x30, 0x30, 0x30, 0x30, 0x30, 0x30, 0x30, 0x30, 0x30, 0x30, 0x30, 0x30, 0x30, 0x30, 0x30, 0x30,
	0x30, 0x30, 0x30, 0x30, 0x30, 0x30, 0x30, 0x30, 0x30, 0x30, 0x30, 0x30, 0x30, 0x30, 0x30, 0x30,
	0x30, 0x30, 0x30, 0x30, 0x30, 0x30, 0x30, 0x30, 0x30, 0x30, 0x30, 0x30, 0x30, 0x30, 0x30, 0x30,
	0x30, 0x30, 0x30, 0x30, 0x30, 0x30, 0x30, 0x30, 0x30, 0x30, 0x30, 0x30, 0x30, 0x30, 0x30, 0x30,
	0x30, 0x30, 0x30, 0x30, 0x30, 0x30, 0x30, 0x30, 0x30, 0x30, 0x30, 0x30, 0x30, 0x30, 0x30, 0x30,
	0x30, 0x30, 0x30, 0x30, 0x30, 0x30, 0x30, 0x30, 0x30, 0x30, 0x30, 0x30, 0x30, 0x30, 0x30, 0x30,
	0x30, 0x30, 0x30, 0x30, 0x30, 0x30, 0x30, 0x30, 0x30, 0x30, 0x30, 0x30, 0x30, 0x30, 0x30, 0x30,
	0x30, 0x30, 0x30, 0x30, 0x30, 0x30, 0x30, 0x30, 0x30, 0x30, 0x30, 0x30, 0x30, 0x30, 0x30, 0x30,
	0x30, 0x30, 0x30, 0x30, 0x30, 0x30, 0x30, 0x30, 0x30, 0x30, 0x30, 0x30, 0x30, 0x30, 0x30, 0x30,
	0x30, 0x30, 0x30, 0x30, 0x30, 0x30, 0x30, 0x30, 0x30, 0x30, 0x30, 0x30, 0x30, 0x30, 0x30, 0x30,
	0x30, 0x30, 0x30, 0x30, 0x30, 0x30, 0x30, 0x30, 0x30, 0x30, 0x30, 0x30, 0x30, 0x30, 0x30, 0x30,
	0x30, 0x30, 0x30, 0x30, 0x30, 0x30, 0x30, 0x30, 0x30, 0x30, 0x30, 0x30, 0x30, 0x30, 0x30, 0x30,
	0x30, 0x30, 0x30, 0x30, 0x30, 0x30, 0x30, 0x30, 0x30, 0x30, 0x30, 0x30, 0x30, 0x30, 0x30, 0x30,
	0x30, 0x30, 0x30, 0x30, 0x30, 0x30, 0x30, 0x30, 0x30, 0x30, 0x30, 0x30, 0x30, 0x30, 0x30, 0x30,
	0x30, 0x30, 0x30, 0x30, 0x30, 0x30, 0x30, 0x30, 0x30, 0x30, 0x30, 0x30, 0x30, 0x30, 0x30, 0x30,
	0x80, 0x80, 0xc0, 0x100, 0xc0, 0xc0, 0xc0, 0xc0, 0xc0, 0xc0, 0xc0, 0xc0, 0xc0, 0xc0, 0xc0, 0xc0,
	0xc0, 0xc0, 0xc0, 0xc0, 0xc0, 0xc0, 0xc0, 0xc0, 0xc0, 0xc0, 0xc0, 0xc0, 0xc0, 0xc0, 0xc0, 0xc0
};

static constexpr uint32_t s_coll_thTrieData[468] = {
	0xcb, 0x0, 0x0, 0x0, 0x0, 0x0, 0x0, 0x0,
	0x0, 0x3040505, 0x3060505, 0x3080505, 0x30a0505, 0x30c0505, 0x0, 0x0,
	0x0, 0x0, 0x0, 0x0, 0x0, 0x0, 0x0, 0x0,
	0x0, 0x0, 0x0, 0x0, 0x0, 0x0, 0x0, 0x0,
	0x4000505, 0x75a0505, 0x9760505, 0xa940505, 0xda90505, 0xa960505, 0xa8e0505, 0x9700505,
	0x97c0505, 0x97e0505, 0xa7e0505, 0xc7b0505, 0x6000505, 0x50e0505, 0x8000505, 0xa880505,
	0x1a0ca, 0x1c1ca, 0x1e2ca, 0x203ca, 0x224ca, 0x245ca, 0x266ca, 0x287ca,
	0x2a8ca, 0x2c9ca, 0x7360505, 0x72a0505, 0xc850505, 0xc870505, 0xc890505, 0x7640505,
	0xa7c0505, 0x2b00059c, 0x2d00059c, 0x2f00059c, 0x3100059c, 0x3300059c, 0x3500059c, 0x3700059c,
	0x3900059c, 0x3b00059c, 0x3d00059c, 0x3f00059c, 0x4100059c, 0x4300059c, 0x4500059c, 0x4700059c,
	0x4900059c, 0x4b00059c, 0x4d00059c, 0x4f00059c, 0x5100059c, 0x5300059c, 0x5500059c, 0x570005a0,
	0x5900059c, 0x5b00059c, 0x5d00059c, 0x9800505, 0xa8a0505, 0x9820505, 0xc0a0505, 0x50a0505,
	0xc040505, 0x2b000505, 0x2d000505, 0x2f000505, 0x31000505, 0x33000505, 0x35000505, 0x37000505,
	0x39000505, 0x3b000505, 0x3d000505, 0x3f000505, 0x41000505, 0x43000505, 0x45000505, 0x47000505,
	0x49000505, 0x4b000505, 0x4d000505, 0x4f000505, 0x51000505, 0x53000505, 0x55000505, 0x57000505,
	0x59000505, 0x5b000505, 0x5d000505, 0x9840505, 0xc8d0505, 0x9860505, 0xc910505, 0x0,
	0xfffd0505, 0xfffd0505, 0xfffd0505, 0xfffd0505, 0xfffd0505, 0xfffd0505, 0xfffd0505, 0xfffd0505,
	0xfffd0505, 0xfffd0505, 0xfffd0505, 0xfffd0505, 0xfffd0505, 0xfffd0505, 0xfffd0505, 0xfffd0505,
	0xfffd0505, 0xfffd0505, 0xfffd0505, 0xfffd0505, 0xfffd0505, 0xfffd0505, 0xfffd0505, 0xfffd0505,
	0xfffd0505, 0xfffd0505, 0xfffd0505, 0xfffd0505, 0xfffd0505, 0xfffd0505, 0xfffd0505, 0xfffd0505,
	0xfffd0505, 0xfffd0505, 0xfffd0505, 0xfffd0505, 0xfffd0505, 0xfffd0505, 0xfffd0505, 0xfffd0505,
	0xfffd0505, 0xfffd0505, 0xfffd0505, 0xfffd0505, 0xfffd0505, 0xfffd0505, 0xfffd0505, 0xfffd0505,
	0xfffd0505, 0xfffd0505, 0xfffd0505, 0xfffd0505, 0xfffd0505, 0xfffd0505, 0xfffd0505, 0xfffd0505,
	0xfffd0505, 0xfffd0505, 0xfffd0505, 0xfffd0505, 0xfffd0505, 0xfffd0505, 0xfffd0505, 0xfffd0505,
	0xc0, 0xc0, 0xc0, 0xc0, 0xc0, 0xc0, 0xc0, 0xc0,
	0xc0, 0xc0, 0xc0, 0xc0, 0xc0, 0xc0, 0xc0, 0xc0,
	0xc0, 0xc0, 0xc0, 0xc0, 0xc0, 0xc0, 0xc0, 0xc0,
	0xc0, 0xc0, 0xc0, 0xc0, 0xc0, 0xc0, 0xc0, 0xc0,
	0xc0, 0xc0, 0xc0, 0xc0, 0xc0, 0xc0, 0xc0, 0xc0,
	0xc0, 0xc0, 0xc0, 0xc0, 0xc0, 0xc0, 0xc0, 0xc0,
	0xc0, 0xc0, 0xc0, 0xc0, 0xc0, 0xc0, 0xc0, 0xc0,
	0xc0, 0xc0, 0xc0, 0xc0, 0xc0, 0xc0, 0xc0, 0xc0,
	0x2b9c8ac4, 0x2b9c88c4, 0x2b9c8ec4, 0x2b9c9ac4, 0x2b9c96c4, 0x2b9c92c4, 0xe2c5, 0x2f9ca0c4,
	0x339c8ac4, 0x339c88c4, 0x339c8ec4, 0x339c96c4, 0x3b9c8ac4, 0x3b9c88c4, 0x3b9c8ec4, 0x3b9c96c4,
	0x310070a0, 0x459c9ac4, 0x479c8ac4, 0x479c88c4, 0x479c8ec4, 0x479c9ac4, 0x479c96c4, 0xc830505,
	0x479c9ec4, 0x539c8ac4, 0x539c88c4, 0x539c8ec4, 0x539c96c4, 0x5b9c88c4, 0x5e2805a0, 0x122c5,
	0x2b058ac4, 0x2b0588c4, 0x2b058ec4, 0x2b059ac4, 0x2b0596c4, 0x2b0592c4, 0x162c5, 0x2f05a0c4,
	0x33058ac4, 0x330588c4, 0x33058ec4, 0x330596c4, 0x3b058ac4, 0x3b0588c4, 0x3b058ec4, 0x3b0596c4,
	0x31007005, 0x45059ac4, 0x47058ac4, 0x470588c4, 0x47058ec4, 0x47059ac4, 0x470596c4, 0xc810505,
	0x47059ec4, 0x53058ac4, 0x530588c4, 0x53058ec4, 0x530596c4, 0x5b0588c4, 0x5e280505, 0x5b0596c4,
	0x1cd, 0x1cd, 0x1cd, 0x1cd, 0x1cd, 0x1cd, 0x1cd, 0x1cd,
	0x1cd, 0x1cd, 0x1cd, 0x1cd, 0x1cd, 0x1cd, 0x1cd, 0x1cd,
	0x1cd, 0x1cd, 0x1cd, 0x1cd, 0x1cd, 0x1cd, 0x1cd, 0x1cd,
	0x1cd, 0x1cd, 0x1cd, 0x1cd, 0x1cd, 0x1cd, 0x1cd, 0x1cd,
	0x1cc, 0x1cc, 0x1cc, 0x1cc, 0xc0, 0xc0, 0xc0, 0xc0,
	0xc0, 0xc0, 0xc0, 0xc0, 0xc0, 0xc0, 0xc0, 0xc0,
	0xc0, 0xc0, 0xc0, 0xc0, 0xc0, 0xc0, 0xc0, 0xc0,
	0xc0, 0xc0, 0xc0, 0xc0, 0xc0, 0xc0, 0xc0, 0xc0,
	0xc0, 0xc0, 0xc0, 0xb410505, 0xc0, 0xc0, 0xc0, 0x22c5,
	0xc0, 0xc0, 0xc0, 0xc0, 0xc0, 0xc0, 0x74830505, 0xc0,
	0xc0, 0xc0, 0xc0, 0xc0, 0xc0, 0x74680506, 0xb450505, 0xc0,
	0xc0, 0xc0, 0xc0, 0xc0, 0xf1f105c2, 0xc9, 0xc0, 0xc0,
	0xc0, 0xc0, 0xc0, 0xc0, 0xc0, 0xc0, 0xc0, 0xc0,
	0xc0, 0xc0, 0xc0, 0xc0, 0xc0, 0xc0, 0xc0, 0xc0,
	0x1cc, 0x1cc, 0x1cc, 0x1cc, 0x1cc, 0x1cc, 0x1cc, 0x1cc,
	0x1cc, 0x1cc, 0x1cc, 0x1cc, 0x1cc, 0x1cc, 0x1cc, 0x1cc,
	0x1cc, 0x1cc, 0x1cc, 0x1cc, 0x1cc, 0x1cc, 0x1cc, 0x1cc,
	0x1cc, 0x1cc, 0x1cc, 0x1cc, 0x1cc, 0x1cc, 0x1cc, 0x1cc,
	0xc0, 0xc0, 0xc0, 0xc0
};

static constexpr int32_t s_coll_thTrieIndexLength = 2112;
static constexpr int32_t s_coll_thTrieDataLength = 468;
static constexpr char32_t s_coll_thTrieHighStart = 0xe000;
static constexpr int32_t s_coll_thTrieHighValueIndex = 464;

static constexpr uint32_t s_coll_thCe32s[23] = {
	0x0, 0x74680505, 0x74630508, 0x74680505, 0x74630507, 0x74680506, 0x74630506, 0x2b0070a0,
	0x330005a2, 0x4f007005, 0x4f000513, 0x2b007005, 0x33000513, 0x12000505, 0x14000505, 0x16000505,
	0x18000505, 0x1a000505, 0x1c000505, 0x1e000505, 0x20000505, 0x22000505, 0x24000505
};

static constexpr char16_t s_coll_thContexts[9] = {
	0x7463, 0x505, 0x1, 0xe32, 0xc000, 0x62c5, 0xe45, 0xc000, 0xa2c5
};

static constexpr uint32_t s_coll_thNumericPrimary = 0x10000000;
static constexpr int32_t s_coll_thOptions = 0x2015;
static constexpr int32_t s_coll_thJamoCe32sStart = -1;

static constexpr uint32_t s_coll_thUnsafeBwd[844] = {
	0x34, 0x35, 0x4c, 0x4d, 0xa0, 0xa1, 0x300, 0x34f, 0x350, 0x370, 0x3a9, 0x3aa,
	0x3e2, 0x3e3, 0x42f, 0x430, 0x483, 0x488, 0x531, 0x532, 0x591, 0x5be, 0x5bf, 0x5c0,
	0x5c1, 0x5c3, 0x5c4, 0x5c6, 0x5c7, 0x5c8, 0x5d0, 0x5d1, 0x610, 0x61b, 0x628, 0x629,
	0x64b, 0x660, 0x670, 0x671, 0x6d6, 0x6dd, 0x6df, 0x6e5, 0x6e7, 0x6e9, 0x6ea, 0x6ee,
	0x710, 0x712, 0x730, 0x74b, 0x78c, 0x78d, 0x7ca, 0x7cb, 0x7eb, 0x7f4, 0x7fd, 0x7fe,
	0x800, 0x801, 0x816, 0x81a, 0x81b, 0x824, 0x825, 0x828, 0x829, 0x82e, 0x840, 0x841,
	0x859, 0x85c, 0x897, 0x8a0, 0x8ca, 0x8e2, 0x8e3, 0x900, 0x905, 0x906, 0x93c, 0x93d,
	0x94d, 0x94e, 0x951, 0x955, 0x995, 0x996, 0x9bc, 0x9bd, 0x9be, 0x9bf, 0x9cd, 0x9ce,
	0x9d7, 0x9d8, 0x9fe, 0x9ff, 0xa15, 0xa16, 0xa3c, 0xa3d, 0xa4d, 0xa4e, 0xa95, 0xa96,
	0xabc, 0xabd, 0xacd, 0xace, 0xb15, 0xb16, 0xb3c, 0xb3d, 0xb3e, 0xb3f, 0xb4d, 0xb4e,
	0xb56, 0xb58, 0xb95, 0xb96, 0xbbe, 0xbbf, 0xbcd, 0xbce, 0xbd7, 0xbd8, 0xc15, 0xc16,
	0xc3c, 0xc3d, 0xc4d, 0xc4e, 0xc55, 0xc57, 0xc95, 0xc96, 0xcbc, 0xcbd, 0xcc2, 0xcc3,
	0xccd, 0xcce, 0xcd5, 0xcd7, 0xd15, 0xd16, 0xd3b, 0xd3d, 0xd3e, 0xd3f, 0xd4d, 0xd4e,
	0xd57, 0xd58, 0xd85, 0xd86, 0xdca, 0xdcb, 0xdcf, 0xdd0, 0xddf, 0xde0, 0xe01, 0xe2f,
	0xe32, 0xe33, 0xe38, 0xe3b, 0xe45, 0xe46, 0xe48, 0xe4c, 0xe81, 0xe83, 0xe84, 0xe85,
	0xe86, 0xe8b, 0xe8c, 0xea4, 0xea5, 0xea6, 0xea7, 0xeaf, 0xeb2, 0xeb3, 0xeb8, 0xebb,
	0xec8, 0xecc, 0xedc, 0xee0, 0xf18, 0xf1a, 0xf35, 0xf36, 0xf37, 0xf38, 0xf39, 0xf3a,
	0xf40, 0xf41, 0xf71, 0xf76, 0xf7a, 0xf7e, 0xf80, 0xf85, 0xf86, 0xf88, 0xfc6, 0xfc7,
	0x1000, 0x1001, 0x102e, 0x102f, 0x1037, 0x1038, 0x1039, 0x103b, 0x108d, 0x108e, 0x10d3, 0x10d4,
	0x12a0, 0x12a1, 0x135d, 0x1360, 0x13c4, 0x13c5, 0x14c0, 0x14c1, 0x168f, 0x1690, 0x16a0, 0x16a1,
	0x1703, 0x1704, 0x1714, 0x1716, 0x1723, 0x1724, 0x1734, 0x1735, 0x1743, 0x1744, 0x1763, 0x1764,
	0x1780, 0x1781, 0x17d2, 0x17d3, 0x17dd, 0x17de, 0x1826, 0x1827, 0x18a9, 0x18aa, 0x1900, 0x1901,
	0x1939, 0x193c, 0x1950, 0x1951, 0x1980, 0x19ac, 0x1a00, 0x1a01, 0x1a17, 0x1a19, 0x1a20, 0x1a21,
	0x1a60, 0x1a61, 0x1a75, 0x1a7d, 0x1a7f, 0x1a80, 0x1ab0, 0x1abe, 0x1abf, 0x1ade, 0x1ae0, 0x1aec,
	0x1b05, 0x1b06, 0x1b34, 0x1b36, 0x1b44, 0x1b45, 0x1b6b, 0x1b74, 0x1b83, 0x1b84, 0x1baa, 0x1bac,
	0x1bc0, 0x1bc1, 0x1be6, 0x1be7, 0x1bf2, 0x1bf4, 0x1c00, 0x1c01, 0x1c37, 0x1c38, 0x1c5a, 0x1c5b,
	0x1cd0, 0x1cd3, 0x1cd4, 0x1ce1, 0x1ce2, 0x1ce9, 0x1ced, 0x1cee, 0x1cf4, 0x1cf5, 0x1cf8, 0x1cfa,
	0x1dc0, 0x1e00, 0x201c, 0x201d, 0x20ac, 0x20ad, 0x20d0, 0x20dd, 0x20e1, 0x20e2, 0x20e5, 0x20f1,
	0x263a, 0x263b, 0x2c00, 0x2c01, 0x2cef, 0x2cf2, 0x2d30, 0x2d31, 0x2d7f, 0x2d80, 0x2de0, 0x2e00,
	0x302a, 0x3030, 0x304b, 0x304c, 0x3099, 0x309b, 0x30ab, 0x30ac, 0x3105, 0x3106, 0x5b57, 0x5b58,
	0xa288, 0xa289, 0xa4d0, 0xa4d1, 0xa549, 0xa54a, 0xa66f, 0xa670, 0xa674, 0xa67e, 0xa69e, 0xa6a1,
	0xa6f0, 0xa6f2, 0xa800, 0xa801, 0xa806, 0xa807, 0xa82c, 0xa82d, 0xa840, 0xa841, 0xa882, 0xa883,
	0xa8c4, 0xa8c5, 0xa8e0, 0xa8f2, 0xa90a, 0xa90b, 0xa92b, 0xa92e, 0xa930, 0xa931, 0xa953, 0xa954,
	0xa984, 0xa985, 0xa9b3, 0xa9b4, 0xa9c0, 0xa9c1, 0xaa00, 0xaa01, 0xaa80, 0xaab1, 0xaab2, 0xaab5,
	0xaab7, 0xaab9, 0xaabe, 0xaac0, 0xaac1, 0xaac2, 0xaaf6, 0xaaf7, 0xabc0, 0xabc1, 0xabed, 0xabee,
	0xac00, 0xac01, 0xd800, 0xd809, 0xd80b, 0xd80d, 0xd811, 0xd812, 0xd818, 0xd819, 0xd81a, 0xd81c,
	0xd820, 0xd821, 0xd823, 0xd824, 0xd82c, 0xd82d, 0xd82f, 0xd830, 0xd834, 0xd835, 0xd838, 0xd83b,
	0xdc00, 0xe000, 0xfb1e, 0xfb1f, 0xfdd0, 0xfdd1, 0xfe20, 0xfe30, 0x10000, 0x10001, 0x101fd, 0x101fe,
	0x10280, 0x10281, 0x102a0, 0x102a1, 0x102e0, 0x102e1, 0x10300, 0x10301, 0x10330, 0x10331, 0x1036b, 0x1036c,
	0x10376, 0x1037b, 0x10380, 0x10381, 0x103a0, 0x103a1, 0x10414, 0x10415, 0x10450, 0x10451, 0x10480, 0x10481,
	0x104b5, 0x104b6, 0x10500, 0x10501, 0x10537, 0x10538, 0x10582, 0x10583, 0x105c2, 0x105c3, 0x10647, 0x10648,
	0x10800, 0x10801, 0x10840, 0x10841, 0x10873, 0x10874, 0x10896, 0x10897, 0x108f4, 0x108f5, 0x10900, 0x10901,
	0x10920, 0x10921, 0x10950, 0x10951, 0x10980, 0x10981, 0x109a0, 0x109a1, 0x10a00, 0x10a01, 0x10a0d, 0x10a0e,
	0x10a0f, 0x10a10, 0x10a38, 0x10a3b, 0x10a3f, 0x10a40, 0x10a60, 0x10a61, 0x10a95, 0x10a96, 0x10ad8, 0x10ad9,
	0x10ae5, 0x10ae7, 0x10b00, 0x10b01, 0x10b40, 0x10b41, 0x10b60, 0x10b61, 0x10b8f, 0x10b90, 0x10c00, 0x10c01,
	0x10ca1, 0x10ca2, 0x10d12, 0x10d13, 0x10d24, 0x10d28, 0x10d5d, 0x10d5e, 0x10d69, 0x10d6e, 0x10e88, 0x10e89,
	0x10eab, 0x10ead, 0x10efa, 0x10efc, 0x10efd, 0x10f00, 0x10f19, 0x10f1a, 0x10f42, 0x10f43, 0x10f46, 0x10f51,
	0x10f7c, 0x10f7d, 0x10f82, 0x10f86, 0x10fbf, 0x10fc0, 0x10ff1, 0x10ff2, 0x11005, 0x11006, 0x11046, 0x11047,
	0x11070, 0x11071, 0x1107f, 0x11080, 0x11083, 0x11084, 0x110b9, 0x110bb, 0x110d0, 0x110d1, 0x11100, 0x11104,
	0x11127, 0x11128, 0x11133, 0x11135, 0x11152, 0x11153, 0x11173, 0x11174, 0x11183, 0x11184, 0x111c0, 0x111c1,
	0x111ca, 0x111cb, 0x11208, 0x11209, 0x11235, 0x11237, 0x1128f, 0x11290, 0x112be, 0x112bf, 0x112e9, 0x112eb,
	0x11315, 0x11316, 0x1133b, 0x1133d, 0x1133e, 0x1133f, 0x1134d, 0x1134e, 0x11357, 0x11358, 0x11366, 0x1136d,
	0x11370, 0x11375, 0x11392, 0x11393, 0x113b8, 0x113b9, 0x113bb, 0x113bc, 0x113c2, 0x113c3, 0x113c9, 0x113ca,
	0x113ce, 0x113d1, 0x11412, 0x11413, 0x11442, 0x11443, 0x11446, 0x11447, 0x1145e, 0x1145f, 0x11484, 0x11485,
	0x114b0, 0x114b1, 0x114ba, 0x114bb, 0x114bd, 0x114be, 0x114c2, 0x114c4, 0x1158e, 0x1158f, 0x115af, 0x115b0,
	0x115bf, 0x115c1, 0x1160e, 0x1160f, 0x1163f, 0x11640, 0x11680, 0x11681, 0x116b6, 0x116b8, 0x11717, 0x11718,
	0x1172b, 0x1172c, 0x1180b, 0x1180c, 0x11839, 0x1183b, 0x118b4, 0x118b5, 0x1190c, 0x1190d, 0x11930, 0x11931,
	0x1193d, 0x1193f, 0x11943, 0x11944, 0x119ce, 0x119cf, 0x119e0, 0x119e1, 0x11a0b, 0x11a0c, 0x11a34, 0x11a35,
	0x11a47, 0x11a48, 0x11a5c, 0x11a5d, 0x11a99, 0x11a9a, 0x11ac0, 0x11ac1, 0x11bc4, 0x11bc5, 0x11c0e, 0x11c0f,
	0x11c3f, 0x11c40, 0x11c72, 0x11c73, 0x11d10, 0x11d11, 0x11d42, 0x11d43, 0x11d44, 0x11d46, 0x11d71, 0x11d72,
	0x11d97, 0x11d98, 0x11dc6, 0x11dc7, 0x11ee5, 0x11ee6, 0x11f1b, 0x11f1c, 0x11f41, 0x11f43, 0x12000, 0x12001,
	0x12fe5, 0x12fe6, 0x13153, 0x13154, 0x14400, 0x14401, 0x1611c, 0x1611d, 0x1611e, 0x16121, 0x16123, 0x16126,
	0x16129, 0x1612a, 0x1612f, 0x16130, 0x16a4f, 0x16a50, 0x16abc, 0x16abd, 0x16ae6, 0x16ae7, 0x16af0, 0x16af5,
	0x16b1c, 0x16b1d, 0x16b30, 0x16b37, 0x16d45, 0x16d46, 0x16d67, 0x16d69, 0x16e40, 0x16e41, 0x16ea1, 0x16ea2,
	0x16f00, 0x16f01, 0x16ff0, 0x16ff2, 0x18229, 0x1822a, 0x18c65, 0x18c66, 0x1b1c4, 0x1b1c5, 0x1bc20, 0x1bc21,
	0x1bc9e, 0x1bc9f, 0x1d165, 0x1d16a, 0x1d16d, 0x1d173, 0x1d17b, 0x1d183, 0x1d185, 0x1d18c, 0x1d1aa, 0x1d1ae,
	0x1d242, 0x1d245, 0x1e000, 0x1e007, 0x1e008, 0x1e019, 0x1e01b, 0x1e022, 0x1e023, 0x1e025, 0x1e026, 0x1e02b,
	0x1e08f, 0x1e090, 0x1e108, 0x1e109, 0x1e130, 0x1e137, 0x1e290, 0x1e291, 0x1e2ae, 0x1e2af, 0x1e2e1, 0x1e2e2,
	0x1e2ec, 0x1e2f0, 0x1e4e6, 0x1e4e7, 0x1e4ec, 0x1e4f0, 0x1e5d0, 0x1e5d1, 0x1e5ee, 0x1e5f0, 0x1e6d5, 0x1e6d6,
	0x1e6e3, 0x1e6e4, 0x1e6e6, 0x1e6e7, 0x1e6ee, 0x1e6f0, 0x1e6f5, 0x1e6f6, 0x1e802, 0x1e803, 0x1e8d0, 0x1e8d7,
	0x1e909, 0x1e90a, 0x1e944, 0x1e94b
};

static constexpr int32_t s_coll_thUnsafeBwdLength = 844;

static constexpr uint8_t s_coll_thReorderTable[256] = {
	0, 1, 2, 3, 4, 5, 6, 7, 8, 9, 10, 11, 12, 13, 14, 15, 16, 17, 18, 19, 20, 21, 22, 23, 24, 25, 26, 27, 28, 29, 30, 31,
	32, 33, 34, 35, 36, 37, 38, 39, 40, 41, 42, 43, 44, 45, 46, 47, 48, 49, 50, 51, 52, 53, 54, 55, 56, 57, 58, 59, 60, 61, 62, 63,
	64, 65, 66, 67, 68, 69, 70, 71, 72, 73, 74, 75, 76, 77, 78, 79, 80, 81, 82, 83, 84, 85, 86, 87, 88, 89, 90, 91, 92, 93, 94, 95,
	96, 97, 98, 99, 100, 101, 102, 103, 104, 105, 106, 107, 108, 109, 110, 111, 112, 113, 114, 115, 40, 117, 118, 119, 120, 121, 122, 123, 124, 125, 126, 127,
	128, 129, 130, 131, 132, 133, 134, 135, 136, 137, 138, 139, 140, 141, 142, 143, 144, 145, 146, 147, 148, 149, 150, 151, 152, 153, 154, 155, 156, 157, 158, 159,
	160, 161, 162, 163, 164, 165, 166, 167, 168, 169, 170, 171, 172, 173, 174, 175, 176, 177, 178, 179, 180, 181, 182, 183, 184, 185, 186, 187, 188, 189, 190, 191,
	192, 193, 194, 195, 196, 197, 198, 199, 200, 201, 202, 203, 204, 205, 206, 207, 208, 209, 210, 211, 212, 213, 214, 215, 216, 217, 218, 219, 220, 221, 222, 223,
	224, 225, 226, 227, 228, 229, 230, 231, 232, 233, 234, 235, 236, 237, 238, 239, 240, 241, 242, 243, 244, 245, 246, 247, 248, 249, 250, 251, 252, 253, 254, 255
};

static constexpr CollationData s_coll_boData = {
	{s_coll_boTrieIndex, s_coll_boTrieData, s_coll_boTrieIndexLength, s_coll_boTrieDataLength,
		s_coll_boTrieHighStart, s_coll_boTrieHighValueIndex},
	s_coll_boCe32s, 319,
	s_coll_boCes, 18,
	s_coll_boContexts, 2297,
	&s_collRootData,
	s_collRootCe32s + s_collRootJamoCe32sStart,
	s_coll_boNumericPrimary,
	s_collRootCompressible,
	s_coll_boUnsafeBwd, s_coll_boUnsafeBwdLength,
	s_collRootFastLatin, 480,
	s_collRootFastLatinPrimaries,
	s_collRootNumScripts, s_collRootScripts + 1, s_collRootScripts + s_collRootScriptStartsOffset,
		s_collRootScriptStartsLength,
};

static constexpr CollationData s_coll_kmData = {
	{s_coll_kmTrieIndex, s_coll_kmTrieData, s_coll_kmTrieIndexLength, s_coll_kmTrieDataLength,
		s_coll_kmTrieHighStart, s_coll_kmTrieHighValueIndex},
	s_coll_kmCe32s, 151,
	s_coll_kmCes, 12,
	s_coll_kmContexts, 271,
	&s_collRootData,
	s_collRootCe32s + s_collRootJamoCe32sStart,
	s_coll_kmNumericPrimary,
	s_collRootCompressible,
	s_coll_kmUnsafeBwd, s_coll_kmUnsafeBwdLength,
	s_collRootFastLatin, 480,
	s_collRootFastLatinPrimaries,
	s_collRootNumScripts, s_collRootScripts + 1, s_collRootScripts + s_collRootScriptStartsOffset,
		s_collRootScriptStartsLength,
};

static constexpr CollationData s_coll_loData = {
	{s_collRootTrieIndex, s_collRootTrieData, s_collRootTrieIndexLength, s_collRootTrieDataLength,
		s_collRootTrieHighStart, s_collRootTrieHighValueIndex},
	s_collRootCe32s, 6153,
	s_collRootCes, 2041,
	s_collRootContexts, 4619,
	&s_collRootData,
	s_collRootCe32s + s_collRootJamoCe32sStart,
	s_coll_loNumericPrimary,
	s_collRootCompressible,
	s_collRootUnsafeBwd, s_collRootUnsafeBwdLength,
	s_collRootFastLatin, 480,
	s_collRootFastLatinPrimaries,
	s_collRootNumScripts, s_collRootScripts + 1, s_collRootScripts + s_collRootScriptStartsOffset,
		s_collRootScriptStartsLength,
};

static constexpr CollationData s_coll_myData = {
	{s_coll_myTrieIndex, s_coll_myTrieData, s_coll_myTrieIndexLength, s_coll_myTrieDataLength,
		s_coll_myTrieHighStart, s_coll_myTrieHighValueIndex},
	s_coll_myCe32s, 40,
	s_coll_myCes, 1252,
	s_coll_myContexts, 4276,
	&s_collRootData,
	s_collRootCe32s + s_collRootJamoCe32sStart,
	s_coll_myNumericPrimary,
	s_collRootCompressible,
	s_coll_myUnsafeBwd, s_coll_myUnsafeBwdLength,
	s_collRootFastLatin, 480,
	s_collRootFastLatinPrimaries,
	s_collRootNumScripts, s_collRootScripts + 1, s_collRootScripts + s_collRootScriptStartsOffset,
		s_collRootScriptStartsLength,
};

static constexpr CollationData s_coll_thData = {
	{s_coll_thTrieIndex, s_coll_thTrieData, s_coll_thTrieIndexLength, s_coll_thTrieDataLength,
		s_coll_thTrieHighStart, s_coll_thTrieHighValueIndex},
	s_coll_thCe32s, 23,
	s_collRootCes, 2041,
	s_coll_thContexts, 9,
	&s_collRootData,
	s_collRootCe32s + s_collRootJamoCe32sStart,
	s_coll_thNumericPrimary,
	s_collRootCompressible,
	s_coll_thUnsafeBwd, s_coll_thUnsafeBwdLength,
	s_collRootFastLatin, 480,
	s_collRootFastLatinPrimaries,
	s_collRootNumScripts, s_collRootScripts + 1, s_collRootScripts + s_collRootScriptStartsOffset,
		s_collRootScriptStartsLength,
};

static constexpr CollationTailoring s_coll_boTailoring = {
	&s_coll_boData,
	s_coll_boOptions,
	s_coll_boReorderTable,
	s_coll_boReorderRanges + 1, 1, 0x76c60000,
};

static constexpr CollationTailoring s_coll_kmTailoring = {
	&s_coll_kmData,
	s_coll_kmOptions,
	s_coll_kmReorderTable,
	s_coll_kmReorderRanges + 0, 2, 0x78000000,
};

static constexpr CollationTailoring s_coll_loTailoring = {
	&s_coll_loData,
	s_coll_loOptions,
	s_coll_loReorderTable,
	s_coll_loReorderRanges + 1, 1, 0x75840000,
};

static constexpr CollationTailoring s_coll_myTailoring = {
	&s_coll_myData,
	s_coll_myOptions,
	s_coll_myReorderTable,
	s_coll_myReorderRanges + 0, 2, 0x775e0000,
};

static constexpr CollationTailoring s_coll_thTailoring = {
	&s_coll_thData,
	s_coll_thOptions,
	s_coll_thReorderTable,
	nullptr, 0, 0,
};

} // namespace sprt::unicode::detail
